<?xml version="1.0"?>
<gpx creator="Tractive GeoData Util" version="1.1" xmlns="http://www.topografix.com/GPX/1/1" xmlns:xsi="http://www.w3.org/2001/XMLSchema-instance" xsi:schemaLocation="http://www.topografix.com/GPX/1/1 http://www.topografix.com/GPX/1/1/gpx.xsd">
  <metadata>
    <link href="https://tractive.com">
      <text>Generated by Tractive Platform Service</text>
    </link>
  </metadata>
  <trk>
    <name>Tracker UDQAWWIU, 2024-06-01T08:43:12+00:00 2024-06-29T16:15:56+00:00</name>
    <trkseg>
      <trkpt lat="47.359974" lon="8.56367">
        <ele>434</ele>
        <time>2024-06-01T08:43:12Z</time>
      </trkpt>
      <trkpt lat="47.359974" lon="8.56367">
        <ele>434</ele>
        <time>2024-06-01T20:43:30Z</time>
      </trkpt>
      <trkpt lat="47.359974" lon="8.56367">
        <ele>434</ele>
        <time>2024-06-02T08:43:49Z</time>
      </trkpt>
      <trkpt lat="47.360623" lon="8.563209">
        <ele>461</ele>
        <time>2024-06-02T12:39:06Z</time>
        <cmt>speed: 1.5</cmt>
      </trkpt>
      <trkpt lat="47.360102" lon="8.561007">
        <ele>442</ele>
        <time>2024-06-02T12:49:18Z</time>
        <cmt>speed: 0.0</cmt>
      </trkpt>
      <trkpt lat="47.36008" lon="8.561179">
        <ele>430</ele>
        <time>2024-06-02T12:59:03Z</time>
        <cmt>speed: 0.3</cmt>
      </trkpt>
      <trkpt lat="47.36008" lon="8.561179">
        <ele>430</ele>
        <time>2024-06-02T12:59:06Z</time>
      </trkpt>
      <trkpt lat="47.360066" lon="8.56097">
        <ele>409</ele>
        <time>2024-06-02T13:09:15Z</time>
        <cmt>speed: 0.5</cmt>
      </trkpt>
      <trkpt lat="47.360225" lon="8.559887">
        <ele>435</ele>
        <time>2024-06-02T13:19:04Z</time>
        <cmt>speed: 0.3</cmt>
      </trkpt>
      <trkpt lat="47.360042" lon="8.559412">
        <ele>419</ele>
        <time>2024-06-02T13:29:01Z</time>
        <cmt>speed: 0.3</cmt>
      </trkpt>
      <trkpt lat="47.358746" lon="8.560518">
        <ele>446</ele>
        <time>2024-06-02T13:39:02Z</time>
        <cmt>speed: 0.2</cmt>
      </trkpt>
      <trkpt lat="47.357577" lon="8.560198">
        <ele>478</ele>
        <time>2024-06-02T13:49:12Z</time>
        <cmt>speed: 0.0</cmt>
      </trkpt>
      <trkpt lat="47.358101" lon="8.559944">
        <ele>424</ele>
        <time>2024-06-02T13:59:00Z</time>
        <cmt>speed: 0.8</cmt>
      </trkpt>
      <trkpt lat="47.358798" lon="8.56105">
        <ele>455</ele>
        <time>2024-06-02T14:08:59Z</time>
        <cmt>speed: 1.0</cmt>
      </trkpt>
      <trkpt lat="47.358798" lon="8.56105">
        <ele>455</ele>
        <time>2024-06-02T14:18:52Z</time>
      </trkpt>
      <trkpt lat="47.358371" lon="8.562545">
        <ele>449</ele>
        <time>2024-06-02T14:19:02Z</time>
        <cmt>speed: 0.6</cmt>
      </trkpt>
      <trkpt lat="47.357395" lon="8.561402">
        <ele>440</ele>
        <time>2024-06-02T14:39:03Z</time>
        <cmt>speed: 0.6</cmt>
      </trkpt>
      <trkpt lat="47.357901" lon="8.560836">
        <ele>449</ele>
        <time>2024-06-02T14:49:02Z</time>
        <cmt>speed: 2.0</cmt>
      </trkpt>
      <trkpt lat="47.358719" lon="8.560482">
        <ele>397</ele>
        <time>2024-06-02T14:59:03Z</time>
        <cmt>speed: 1.9</cmt>
      </trkpt>
      <trkpt lat="47.359112" lon="8.560914">
        <ele>451</ele>
        <time>2024-06-02T15:09:02Z</time>
        <cmt>speed: 0.3</cmt>
      </trkpt>
      <trkpt lat="47.358792" lon="8.561718">
        <ele>439</ele>
        <time>2024-06-02T15:19:01Z</time>
        <cmt>speed: 0.5</cmt>
      </trkpt>
      <trkpt lat="47.35844" lon="8.562433">
        <ele>420</ele>
        <time>2024-06-02T15:29:00Z</time>
        <cmt>speed: 0.1</cmt>
      </trkpt>
      <trkpt lat="47.35844" lon="8.562433">
        <ele>420</ele>
        <time>2024-06-02T15:38:50Z</time>
      </trkpt>
      <trkpt lat="47.358657" lon="8.562599">
        <ele>425</ele>
        <time>2024-06-02T15:38:59Z</time>
        <cmt>speed: 3.1</cmt>
      </trkpt>
      <trkpt lat="47.358668" lon="8.562759">
        <ele>462</ele>
        <time>2024-06-02T15:49:00Z</time>
        <cmt>speed: 0.2</cmt>
      </trkpt>
      <trkpt lat="47.358668" lon="8.562759">
        <ele>462</ele>
        <time>2024-06-02T15:59:14Z</time>
      </trkpt>
      <trkpt lat="47.358495" lon="8.562563">
        <ele>470</ele>
        <time>2024-06-02T15:59:25Z</time>
        <cmt>speed: 0.6</cmt>
      </trkpt>
      <trkpt lat="47.358467" lon="8.562528">
        <ele>477</ele>
        <time>2024-06-02T16:09:42Z</time>
        <cmt>speed: 0.1</cmt>
      </trkpt>
      <trkpt lat="47.3584" lon="8.562394">
        <ele>451</ele>
        <time>2024-06-02T16:20:07Z</time>
        <cmt>speed: 3.4</cmt>
      </trkpt>
      <trkpt lat="47.3584" lon="8.562394">
        <ele>451</ele>
        <time>2024-06-02T16:20:08Z</time>
      </trkpt>
      <trkpt lat="47.358621" lon="8.562556">
        <ele>486</ele>
        <time>2024-06-02T16:29:58Z</time>
        <cmt>speed: 1.4</cmt>
      </trkpt>
      <trkpt lat="47.35847" lon="8.562933">
        <ele>457</ele>
        <time>2024-06-02T16:39:13Z</time>
        <cmt>speed: 0.2</cmt>
      </trkpt>
      <trkpt lat="47.358538" lon="8.562758">
        <ele>440</ele>
        <time>2024-06-02T16:39:17Z</time>
        <cmt>speed: 0.0</cmt>
      </trkpt>
      <trkpt lat="47.358538" lon="8.562758">
        <ele>440</ele>
        <time>2024-06-02T16:39:22Z</time>
        <cmt>speed: 0.0</cmt>
      </trkpt>
      <trkpt lat="47.358581" lon="8.562653">
        <ele>445</ele>
        <time>2024-06-02T16:40:41Z</time>
        <cmt>speed: 0.0</cmt>
      </trkpt>
      <trkpt lat="47.358633" lon="8.562919">
        <ele>411</ele>
        <time>2024-06-02T16:50:42Z</time>
        <cmt>speed: 1.6</cmt>
      </trkpt>
      <trkpt lat="47.35853" lon="8.562741">
        <ele>432</ele>
        <time>2024-06-02T17:00:42Z</time>
        <cmt>speed: 0.2</cmt>
      </trkpt>
      <trkpt lat="47.35853" lon="8.562741">
        <ele>432</ele>
        <time>2024-06-02T17:00:42Z</time>
      </trkpt>
      <trkpt lat="47.358529" lon="8.562562">
        <ele>484</ele>
        <time>2024-06-02T17:10:43Z</time>
        <cmt>speed: 1.0</cmt>
      </trkpt>
      <trkpt lat="47.358529" lon="8.562562">
        <ele>484</ele>
        <time>2024-06-02T17:13:56Z</time>
      </trkpt>
      <trkpt lat="47.358583" lon="8.562697">
        <ele>426</ele>
        <time>2024-06-02T17:14:02Z</time>
        <cmt>speed: 0.1</cmt>
      </trkpt>
      <trkpt lat="47.358604" lon="8.562858">
        <ele>455</ele>
        <time>2024-06-02T17:20:41Z</time>
        <cmt>speed: 0.5</cmt>
      </trkpt>
      <trkpt lat="47.358561" lon="8.562762">
        <ele>452</ele>
        <time>2024-06-02T17:30:42Z</time>
        <cmt>speed: 0.1</cmt>
      </trkpt>
      <trkpt lat="47.358493" lon="8.562808">
        <ele>450</ele>
        <time>2024-06-02T17:40:40Z</time>
        <cmt>speed: 0.1</cmt>
      </trkpt>
      <trkpt lat="47.358493" lon="8.562808">
        <ele>450</ele>
        <time>2024-06-02T17:40:40Z</time>
      </trkpt>
      <trkpt lat="47.358563" lon="8.562844">
        <ele>443</ele>
        <time>2024-06-02T17:50:41Z</time>
        <cmt>speed: 0.6</cmt>
      </trkpt>
      <trkpt lat="47.358664" lon="8.562989">
        <ele>443</ele>
        <time>2024-06-02T18:00:41Z</time>
        <cmt>speed: 0.2</cmt>
      </trkpt>
      <trkpt lat="47.358664" lon="8.562989">
        <ele>443</ele>
        <time>2024-06-02T18:00:42Z</time>
      </trkpt>
      <trkpt lat="47.358156" lon="8.563215">
        <ele>390</ele>
        <time>2024-06-02T18:10:42Z</time>
        <cmt>speed: 0.5</cmt>
      </trkpt>
      <trkpt lat="47.358617" lon="8.563383">
        <ele>467</ele>
        <time>2024-06-02T18:20:42Z</time>
        <cmt>speed: 0.2</cmt>
      </trkpt>
      <trkpt lat="47.358617" lon="8.563383">
        <ele>467</ele>
        <time>2024-06-02T18:20:42Z</time>
      </trkpt>
      <trkpt lat="47.358355" lon="8.563122">
        <ele>441</ele>
        <time>2024-06-02T18:32:56Z</time>
        <cmt>speed: 0.2</cmt>
      </trkpt>
      <trkpt lat="47.358444" lon="8.563531">
        <ele>422</ele>
        <time>2024-06-02T18:42:58Z</time>
        <cmt>speed: 0.6</cmt>
      </trkpt>
      <trkpt lat="47.358444" lon="8.563531">
        <ele>422</ele>
        <time>2024-06-02T18:42:58Z</time>
      </trkpt>
      <trkpt lat="47.358426" lon="8.563373">
        <ele>436</ele>
        <time>2024-06-02T18:53:01Z</time>
        <cmt>speed: 0.0</cmt>
      </trkpt>
      <trkpt lat="47.358426" lon="8.563373">
        <ele>436</ele>
        <time>2024-06-02T18:53:56Z</time>
      </trkpt>
      <trkpt lat="47.358448" lon="8.563317">
        <ele>443</ele>
        <time>2024-06-02T19:02:59Z</time>
        <cmt>speed: 0.1</cmt>
      </trkpt>
      <trkpt lat="47.35846" lon="8.563235">
        <ele>440</ele>
        <time>2024-06-02T19:12:58Z</time>
        <cmt>speed: 0.2</cmt>
      </trkpt>
      <trkpt lat="47.358463" lon="8.563309">
        <ele>435</ele>
        <time>2024-06-02T19:22:58Z</time>
        <cmt>speed: 0.5</cmt>
      </trkpt>
      <trkpt lat="47.358463" lon="8.563309">
        <ele>435</ele>
        <time>2024-06-02T19:22:58Z</time>
      </trkpt>
      <trkpt lat="47.358551" lon="8.563138">
        <ele>469</ele>
        <time>2024-06-02T19:32:57Z</time>
        <cmt>speed: 0.6</cmt>
      </trkpt>
      <trkpt lat="47.358551" lon="8.563138">
        <ele>469</ele>
        <time>2024-06-02T19:33:56Z</time>
      </trkpt>
      <trkpt lat="47.358359" lon="8.563265">
        <ele>486</ele>
        <time>2024-06-02T19:42:57Z</time>
        <cmt>speed: 0.0</cmt>
      </trkpt>
      <trkpt lat="47.358433" lon="8.56329">
        <ele>460</ele>
        <time>2024-06-02T19:52:56Z</time>
        <cmt>speed: 0.9</cmt>
      </trkpt>
      <trkpt lat="47.358433" lon="8.56329">
        <ele>460</ele>
        <time>2024-06-02T19:53:56Z</time>
      </trkpt>
      <trkpt lat="47.358278" lon="8.56343">
        <ele>464</ele>
        <time>2024-06-02T20:02:57Z</time>
        <cmt>speed: 2.3</cmt>
      </trkpt>
      <trkpt lat="47.358388" lon="8.562955">
        <ele>485</ele>
        <time>2024-06-02T20:13:00Z</time>
        <cmt>speed: 1.1</cmt>
      </trkpt>
      <trkpt lat="47.358539" lon="8.561812">
        <ele>439</ele>
        <time>2024-06-02T20:22:58Z</time>
        <cmt>speed: 0.8</cmt>
      </trkpt>
      <trkpt lat="47.357896" lon="8.56257">
        <ele>449</ele>
        <time>2024-06-02T20:32:59Z</time>
        <cmt>speed: 1.1</cmt>
      </trkpt>
      <trkpt lat="47.357793" lon="8.563004">
        <ele>461</ele>
        <time>2024-06-02T20:53:29Z</time>
        <cmt>speed: 1.8</cmt>
      </trkpt>
      <trkpt lat="47.357564" lon="8.562112">
        <ele>436</ele>
        <time>2024-06-02T21:03:00Z</time>
        <cmt>speed: 0.7</cmt>
      </trkpt>
      <trkpt lat="47.357239" lon="8.560535">
        <ele>437</ele>
        <time>2024-06-02T21:12:58Z</time>
        <cmt>speed: 0.2</cmt>
      </trkpt>
      <trkpt lat="47.357961" lon="8.560638">
        <ele>436</ele>
        <time>2024-06-02T21:22:59Z</time>
        <cmt>speed: 0.1</cmt>
      </trkpt>
      <trkpt lat="47.358392" lon="8.560046">
        <ele>452</ele>
        <time>2024-06-02T21:32:57Z</time>
        <cmt>speed: 0.1</cmt>
      </trkpt>
      <trkpt lat="47.358392" lon="8.560046">
        <ele>452</ele>
        <time>2024-06-02T21:32:58Z</time>
      </trkpt>
      <trkpt lat="47.358968" lon="8.561484">
        <ele>450</ele>
        <time>2024-06-02T21:42:59Z</time>
        <cmt>speed: 0.0</cmt>
      </trkpt>
      <trkpt lat="47.359032" lon="8.561956">
        <ele>438</ele>
        <time>2024-06-02T21:53:02Z</time>
        <cmt>speed: 0.8</cmt>
      </trkpt>
      <trkpt lat="47.358488" lon="8.562167">
        <ele>447</ele>
        <time>2024-06-02T22:02:59Z</time>
        <cmt>speed: 0.5</cmt>
      </trkpt>
      <trkpt lat="47.358324" lon="8.562618">
        <ele>422</ele>
        <time>2024-06-02T22:13:07Z</time>
        <cmt>speed: 1.5</cmt>
      </trkpt>
      <trkpt lat="47.359457" lon="8.562417">
        <ele>453</ele>
        <time>2024-06-02T22:22:58Z</time>
        <cmt>speed: 0.1</cmt>
      </trkpt>
      <trkpt lat="47.358824" lon="8.563871">
        <ele>389</ele>
        <time>2024-06-02T22:32:56Z</time>
        <cmt>speed: 0.5</cmt>
      </trkpt>
      <trkpt lat="47.358788" lon="8.56545">
        <ele>456</ele>
        <time>2024-06-02T22:42:57Z</time>
        <cmt>speed: 1.0</cmt>
      </trkpt>
      <trkpt lat="47.358368" lon="8.566322">
        <ele>398</ele>
        <time>2024-06-02T22:52:58Z</time>
        <cmt>speed: 0.1</cmt>
      </trkpt>
      <trkpt lat="47.358368" lon="8.566322">
        <ele>398</ele>
        <time>2024-06-02T22:52:58Z</time>
      </trkpt>
      <trkpt lat="47.358359" lon="8.565797">
        <ele>472</ele>
        <time>2024-06-02T23:02:57Z</time>
        <cmt>speed: 1.3</cmt>
      </trkpt>
      <trkpt lat="47.358562" lon="8.565898">
        <ele>453</ele>
        <time>2024-06-02T23:12:58Z</time>
        <cmt>speed: 0.8</cmt>
      </trkpt>
      <trkpt lat="47.358549" lon="8.566084">
        <ele>452</ele>
        <time>2024-06-02T23:22:58Z</time>
        <cmt>speed: 1.6</cmt>
      </trkpt>
      <trkpt lat="47.358616" lon="8.565974">
        <ele>453</ele>
        <time>2024-06-02T23:32:58Z</time>
        <cmt>speed: 0.2</cmt>
      </trkpt>
      <trkpt lat="47.358616" lon="8.565974">
        <ele>453</ele>
        <time>2024-06-02T23:32:58Z</time>
      </trkpt>
      <trkpt lat="47.358717" lon="8.566257">
        <ele>405</ele>
        <time>2024-06-02T23:42:59Z</time>
        <cmt>speed: 0.6</cmt>
      </trkpt>
      <trkpt lat="47.358731" lon="8.565754">
        <ele>481</ele>
        <time>2024-06-02T23:52:58Z</time>
        <cmt>speed: 1.1</cmt>
      </trkpt>
      <trkpt lat="47.358731" lon="8.565754">
        <ele>481</ele>
        <time>2024-06-02T23:52:58Z</time>
      </trkpt>
      <trkpt lat="47.358697" lon="8.566072">
        <ele>443</ele>
        <time>2024-06-03T00:03:02Z</time>
        <cmt>speed: 0.2</cmt>
      </trkpt>
      <trkpt lat="47.358579" lon="8.566012">
        <ele>462</ele>
        <time>2024-06-03T00:13:01Z</time>
        <cmt>speed: 0.4</cmt>
      </trkpt>
      <trkpt lat="47.358541" lon="8.565917">
        <ele>433</ele>
        <time>2024-06-03T00:22:58Z</time>
        <cmt>speed: 0.7</cmt>
      </trkpt>
      <trkpt lat="47.358476" lon="8.565974">
        <ele>443</ele>
        <time>2024-06-03T00:32:58Z</time>
        <cmt>speed: 0.2</cmt>
      </trkpt>
      <trkpt lat="47.358795" lon="8.564473">
        <ele>464</ele>
        <time>2024-06-03T00:43:25Z</time>
        <cmt>speed: 0.1</cmt>
      </trkpt>
      <trkpt lat="47.358608" lon="8.56592">
        <ele>447</ele>
        <time>2024-06-03T00:52:58Z</time>
        <cmt>speed: 0.1</cmt>
      </trkpt>
      <trkpt lat="47.358692" lon="8.566298">
        <ele>501</ele>
        <time>2024-06-03T01:03:00Z</time>
        <cmt>speed: 0.1</cmt>
      </trkpt>
      <trkpt lat="47.358535" lon="8.565819">
        <ele>455</ele>
        <time>2024-06-03T01:12:58Z</time>
        <cmt>speed: 0.2</cmt>
      </trkpt>
      <trkpt lat="47.35839" lon="8.565693">
        <ele>463</ele>
        <time>2024-06-03T01:22:57Z</time>
        <cmt>speed: 1.2</cmt>
      </trkpt>
      <trkpt lat="47.359392" lon="8.562825">
        <ele>439</ele>
        <time>2024-06-03T01:33:03Z</time>
        <cmt>speed: 1.0</cmt>
      </trkpt>
      <trkpt lat="47.359248" lon="8.562823">
        <ele>430</ele>
        <time>2024-06-03T01:42:58Z</time>
        <cmt>speed: 0.7</cmt>
      </trkpt>
      <trkpt lat="47.359058" lon="8.562284">
        <ele>444</ele>
        <time>2024-06-03T01:52:58Z</time>
        <cmt>speed: 0.3</cmt>
      </trkpt>
      <trkpt lat="47.359523" lon="8.562253">
        <ele>411</ele>
        <time>2024-06-03T02:02:57Z</time>
        <cmt>speed: 1.7</cmt>
      </trkpt>
      <trkpt lat="47.358925" lon="8.562526">
        <ele>467</ele>
        <time>2024-06-03T02:12:59Z</time>
        <cmt>speed: 2.1</cmt>
      </trkpt>
      <trkpt lat="47.359038" lon="8.562686">
        <ele>499</ele>
        <time>2024-06-03T02:22:57Z</time>
        <cmt>speed: 3.1</cmt>
      </trkpt>
      <trkpt lat="47.360067" lon="8.56146">
        <ele>447</ele>
        <time>2024-06-03T02:33:00Z</time>
        <cmt>speed: 0.6</cmt>
      </trkpt>
      <trkpt lat="47.360189" lon="8.561198">
        <ele>435</ele>
        <time>2024-06-03T02:43:00Z</time>
        <cmt>speed: 0.0</cmt>
      </trkpt>
      <trkpt lat="47.360258" lon="8.561247">
        <ele>457</ele>
        <time>2024-06-03T02:53:00Z</time>
        <cmt>speed: 0.0</cmt>
      </trkpt>
      <trkpt lat="47.359999" lon="8.561482">
        <ele>444</ele>
        <time>2024-06-03T03:03:00Z</time>
        <cmt>speed: 0.0</cmt>
      </trkpt>
      <trkpt lat="47.359739" lon="8.563274">
        <ele>431</ele>
        <time>2024-06-03T03:13:00Z</time>
        <cmt>speed: 0.2</cmt>
      </trkpt>
      <trkpt lat="47.359959" lon="8.563643">
        <ele>434</ele>
        <time>2024-06-03T03:16:10Z</time>
      </trkpt>
      <trkpt lat="47.359959" lon="8.563643">
        <ele>434</ele>
        <time>2024-06-03T03:31:09Z</time>
      </trkpt>
      <trkpt lat="47.359959" lon="8.563643">
        <ele>434</ele>
        <time>2024-06-03T15:31:08Z</time>
      </trkpt>
      <trkpt lat="47.359959" lon="8.563643">
        <ele>434</ele>
        <time>2024-06-03T15:43:47Z</time>
      </trkpt>
      <trkpt lat="47.359977" lon="8.561081">
        <ele>456</ele>
        <time>2024-06-03T15:54:02Z</time>
        <cmt>speed: 0.0</cmt>
      </trkpt>
      <trkpt lat="47.359964" lon="8.560693">
        <ele>441</ele>
        <time>2024-06-03T16:03:54Z</time>
        <cmt>speed: 0.4</cmt>
      </trkpt>
      <trkpt lat="47.359073" lon="8.560495">
        <ele>469</ele>
        <time>2024-06-03T16:13:54Z</time>
        <cmt>speed: 2.9</cmt>
      </trkpt>
      <trkpt lat="47.357835" lon="8.560669">
        <ele>469</ele>
        <time>2024-06-03T16:23:55Z</time>
        <cmt>speed: 1.2</cmt>
      </trkpt>
      <trkpt lat="47.357835" lon="8.560669">
        <ele>469</ele>
        <time>2024-06-03T16:33:55Z</time>
      </trkpt>
      <trkpt lat="47.357746" lon="8.560764">
        <ele>456</ele>
        <time>2024-06-03T16:33:58Z</time>
        <cmt>speed: 1.9</cmt>
      </trkpt>
      <trkpt lat="47.358542" lon="8.56105">
        <ele>472</ele>
        <time>2024-06-03T16:43:55Z</time>
        <cmt>speed: 1.0</cmt>
      </trkpt>
      <trkpt lat="47.358745" lon="8.562319">
        <ele>439</ele>
        <time>2024-06-03T16:53:52Z</time>
        <cmt>speed: 1.3</cmt>
      </trkpt>
      <trkpt lat="47.358718" lon="8.562708">
        <ele>442</ele>
        <time>2024-06-03T17:03:53Z</time>
        <cmt>speed: 0.4</cmt>
      </trkpt>
      <trkpt lat="47.358657" lon="8.562666">
        <ele>451</ele>
        <time>2024-06-03T17:13:57Z</time>
        <cmt>speed: 0.0</cmt>
      </trkpt>
      <trkpt lat="47.358607" lon="8.562721">
        <ele>440</ele>
        <time>2024-06-03T17:23:51Z</time>
        <cmt>speed: 0.5</cmt>
      </trkpt>
      <trkpt lat="47.358607" lon="8.562721">
        <ele>440</ele>
        <time>2024-06-03T17:33:52Z</time>
      </trkpt>
      <trkpt lat="47.358717" lon="8.562732">
        <ele>460</ele>
        <time>2024-06-03T17:33:56Z</time>
        <cmt>speed: 0.4</cmt>
      </trkpt>
      <trkpt lat="47.358623" lon="8.56272">
        <ele>447</ele>
        <time>2024-06-03T17:43:57Z</time>
        <cmt>speed: 0.8</cmt>
      </trkpt>
      <trkpt lat="47.358705" lon="8.562686">
        <ele>436</ele>
        <time>2024-06-03T17:53:58Z</time>
        <cmt>speed: 1.2</cmt>
      </trkpt>
      <trkpt lat="47.358654" lon="8.562561">
        <ele>451</ele>
        <time>2024-06-03T18:03:54Z</time>
        <cmt>speed: 0.1</cmt>
      </trkpt>
      <trkpt lat="47.358654" lon="8.562561">
        <ele>451</ele>
        <time>2024-06-03T18:14:03Z</time>
      </trkpt>
      <trkpt lat="47.358629" lon="8.562963">
        <ele>437</ele>
        <time>2024-06-03T18:14:06Z</time>
        <cmt>speed: 0.3</cmt>
      </trkpt>
      <trkpt lat="47.358629" lon="8.562963">
        <ele>437</ele>
        <time>2024-06-03T18:33:50Z</time>
      </trkpt>
      <trkpt lat="47.358516" lon="8.562734">
        <ele>445</ele>
        <time>2024-06-03T18:33:54Z</time>
        <cmt>speed: 0.1</cmt>
      </trkpt>
      <trkpt lat="47.358535" lon="8.562578">
        <ele>419</ele>
        <time>2024-06-03T18:43:52Z</time>
        <cmt>speed: 0.1</cmt>
      </trkpt>
      <trkpt lat="47.358738" lon="8.562816">
        <ele>452</ele>
        <time>2024-06-03T18:53:55Z</time>
        <cmt>speed: 1.3</cmt>
      </trkpt>
      <trkpt lat="47.358797" lon="8.563688">
        <ele>452</ele>
        <time>2024-06-03T19:03:53Z</time>
        <cmt>speed: 0.3</cmt>
      </trkpt>
      <trkpt lat="47.359974" lon="8.56367">
        <ele>434</ele>
        <time>2024-06-03T19:13:27Z</time>
      </trkpt>
      <trkpt lat="47.359974" lon="8.56367">
        <ele>434</ele>
        <time>2024-06-03T19:28:27Z</time>
      </trkpt>
      <trkpt lat="47.359974" lon="8.56367">
        <ele>434</ele>
        <time>2024-06-04T00:40:52Z</time>
      </trkpt>
      <trkpt lat="47.359473" lon="8.563291">
        <ele>435</ele>
        <time>2024-06-04T00:41:24Z</time>
        <cmt>speed: 1.6</cmt>
      </trkpt>
      <trkpt lat="47.358861" lon="8.563069">
        <ele>453</ele>
        <time>2024-06-04T00:51:03Z</time>
        <cmt>speed: 1.0</cmt>
      </trkpt>
      <trkpt lat="47.358703" lon="8.563657">
        <ele>449</ele>
        <time>2024-06-04T01:00:59Z</time>
        <cmt>speed: 0.8</cmt>
      </trkpt>
      <trkpt lat="47.358537" lon="8.56423">
        <ele>436</ele>
        <time>2024-06-04T01:10:59Z</time>
        <cmt>speed: 1.4</cmt>
      </trkpt>
      <trkpt lat="47.358356" lon="8.564247">
        <ele>456</ele>
        <time>2024-06-04T01:20:58Z</time>
        <cmt>speed: 0.3</cmt>
      </trkpt>
      <trkpt lat="47.357674" lon="8.563712">
        <ele>452</ele>
        <time>2024-06-04T01:30:58Z</time>
        <cmt>speed: 1.4</cmt>
      </trkpt>
      <trkpt lat="47.356803" lon="8.563716">
        <ele>451</ele>
        <time>2024-06-04T01:40:59Z</time>
        <cmt>speed: 0.1</cmt>
      </trkpt>
      <trkpt lat="47.356803" lon="8.563716">
        <ele>451</ele>
        <time>2024-06-04T02:00:57Z</time>
      </trkpt>
      <trkpt lat="47.357294" lon="8.563649">
        <ele>444</ele>
        <time>2024-06-04T02:01:01Z</time>
        <cmt>speed: 0.5</cmt>
      </trkpt>
      <trkpt lat="47.357344" lon="8.56371">
        <ele>460</ele>
        <time>2024-06-04T02:11:02Z</time>
        <cmt>speed: 0.1</cmt>
      </trkpt>
      <trkpt lat="47.357344" lon="8.56371">
        <ele>460</ele>
        <time>2024-06-04T02:21:02Z</time>
      </trkpt>
      <trkpt lat="47.357385" lon="8.563719">
        <ele>460</ele>
        <time>2024-06-04T02:21:07Z</time>
        <cmt>speed: 0.7</cmt>
      </trkpt>
      <trkpt lat="47.357375" lon="8.563642">
        <ele>462</ele>
        <time>2024-06-04T02:30:59Z</time>
        <cmt>speed: 0.1</cmt>
      </trkpt>
      <trkpt lat="47.357375" lon="8.563642">
        <ele>462</ele>
        <time>2024-06-04T02:40:54Z</time>
      </trkpt>
      <trkpt lat="47.357414" lon="8.563614">
        <ele>469</ele>
        <time>2024-06-04T02:40:58Z</time>
        <cmt>speed: 0.3</cmt>
      </trkpt>
      <trkpt lat="47.357436" lon="8.563501">
        <ele>467</ele>
        <time>2024-06-04T02:51:01Z</time>
        <cmt>speed: 0.1</cmt>
      </trkpt>
      <trkpt lat="47.357436" lon="8.563501">
        <ele>467</ele>
        <time>2024-06-04T03:00:58Z</time>
      </trkpt>
      <trkpt lat="47.357477" lon="8.563744">
        <ele>480</ele>
        <time>2024-06-04T03:01:03Z</time>
        <cmt>speed: 0.1</cmt>
      </trkpt>
      <trkpt lat="47.357431" lon="8.563747">
        <ele>438</ele>
        <time>2024-06-04T03:11:06Z</time>
        <cmt>speed: 1.2</cmt>
      </trkpt>
      <trkpt lat="47.357258" lon="8.563647">
        <ele>466</ele>
        <time>2024-06-04T03:21:06Z</time>
        <cmt>speed: 0.8</cmt>
      </trkpt>
      <trkpt lat="47.358438" lon="8.562281">
        <ele>439</ele>
        <time>2024-06-04T03:30:59Z</time>
        <cmt>speed: 1.1</cmt>
      </trkpt>
      <trkpt lat="47.358856" lon="8.56089">
        <ele>437</ele>
        <time>2024-06-04T03:41:01Z</time>
        <cmt>speed: 0.1</cmt>
      </trkpt>
      <trkpt lat="47.358165" lon="8.561451">
        <ele>433</ele>
        <time>2024-06-04T03:51:00Z</time>
        <cmt>speed: 1.2</cmt>
      </trkpt>
      <trkpt lat="47.358365" lon="8.561724">
        <ele>435</ele>
        <time>2024-06-04T04:00:59Z</time>
        <cmt>speed: 0.6</cmt>
      </trkpt>
      <trkpt lat="47.358684" lon="8.56194">
        <ele>451</ele>
        <time>2024-06-04T04:10:59Z</time>
        <cmt>speed: 0.5</cmt>
      </trkpt>
      <trkpt lat="47.358684" lon="8.56194">
        <ele>451</ele>
        <time>2024-06-04T04:20:56Z</time>
      </trkpt>
      <trkpt lat="47.358868" lon="8.56087">
        <ele>451</ele>
        <time>2024-06-04T04:21:01Z</time>
        <cmt>speed: 0.2</cmt>
      </trkpt>
      <trkpt lat="47.358914" lon="8.560748">
        <ele>398</ele>
        <time>2024-06-04T04:31:40Z</time>
        <cmt>speed: 0.7</cmt>
      </trkpt>
      <trkpt lat="47.358782" lon="8.560795">
        <ele>424</ele>
        <time>2024-06-04T05:11:01Z</time>
        <cmt>speed: 0.2</cmt>
      </trkpt>
      <trkpt lat="47.358782" lon="8.560795">
        <ele>424</ele>
        <time>2024-06-04T05:20:53Z</time>
      </trkpt>
      <trkpt lat="47.358912" lon="8.560962">
        <ele>421</ele>
        <time>2024-06-04T05:22:08Z</time>
        <cmt>speed: 0.4</cmt>
      </trkpt>
      <trkpt lat="47.358888" lon="8.560522">
        <ele>449</ele>
        <time>2024-06-04T06:12:13Z</time>
        <cmt>speed: 0.1</cmt>
      </trkpt>
      <trkpt lat="47.358404" lon="8.561117">
        <ele>447</ele>
        <time>2024-06-04T06:22:06Z</time>
        <cmt>speed: 1.1</cmt>
      </trkpt>
      <trkpt lat="47.358162" lon="8.561092">
        <ele>439</ele>
        <time>2024-06-04T06:32:09Z</time>
        <cmt>speed: 1.2</cmt>
      </trkpt>
      <trkpt lat="47.358162" lon="8.561092">
        <ele>439</ele>
        <time>2024-06-04T06:40:53Z</time>
      </trkpt>
      <trkpt lat="47.358286" lon="8.561229">
        <ele>450</ele>
        <time>2024-06-04T06:46:34Z</time>
        <cmt>speed: 0.8</cmt>
      </trkpt>
      <trkpt lat="47.358916" lon="8.561073">
        <ele>432</ele>
        <time>2024-06-04T06:56:28Z</time>
        <cmt>speed: 0.6</cmt>
      </trkpt>
      <trkpt lat="47.358523" lon="8.561098">
        <ele>456</ele>
        <time>2024-06-04T07:06:27Z</time>
        <cmt>speed: 0.3</cmt>
      </trkpt>
      <trkpt lat="47.358529" lon="8.561069">
        <ele>415</ele>
        <time>2024-06-04T07:16:27Z</time>
        <cmt>speed: 0.1</cmt>
      </trkpt>
      <trkpt lat="47.358529" lon="8.561069">
        <ele>415</ele>
        <time>2024-06-04T07:26:21Z</time>
      </trkpt>
      <trkpt lat="47.358516" lon="8.560985">
        <ele>429</ele>
        <time>2024-06-04T07:26:27Z</time>
        <cmt>speed: 0.5</cmt>
      </trkpt>
      <trkpt lat="47.358961" lon="8.560293">
        <ele>442</ele>
        <time>2024-06-04T07:46:29Z</time>
        <cmt>speed: 0.2</cmt>
      </trkpt>
      <trkpt lat="47.357867" lon="8.561057">
        <ele>446</ele>
        <time>2024-06-04T07:56:33Z</time>
        <cmt>speed: 0.5</cmt>
      </trkpt>
      <trkpt lat="47.357501" lon="8.561428">
        <ele>443</ele>
        <time>2024-06-04T08:06:36Z</time>
        <cmt>speed: 1.0</cmt>
      </trkpt>
      <trkpt lat="47.357868" lon="8.56259">
        <ele>440</ele>
        <time>2024-06-04T08:16:45Z</time>
        <cmt>speed: 0.6</cmt>
      </trkpt>
      <trkpt lat="47.358465" lon="8.562212">
        <ele>440</ele>
        <time>2024-06-04T08:26:28Z</time>
        <cmt>speed: 1.0</cmt>
      </trkpt>
      <trkpt lat="47.358943" lon="8.561175">
        <ele>471</ele>
        <time>2024-06-04T08:36:27Z</time>
        <cmt>speed: 0.9</cmt>
      </trkpt>
      <trkpt lat="47.359234" lon="8.561066">
        <ele>453</ele>
        <time>2024-06-04T08:46:30Z</time>
        <cmt>speed: 0.5</cmt>
      </trkpt>
      <trkpt lat="47.359222" lon="8.561226">
        <ele>430</ele>
        <time>2024-06-04T08:56:34Z</time>
        <cmt>speed: 0.3</cmt>
      </trkpt>
      <trkpt lat="47.359233" lon="8.562333">
        <ele>444</ele>
        <time>2024-06-04T09:06:30Z</time>
        <cmt>speed: 0.4</cmt>
      </trkpt>
      <trkpt lat="47.358963" lon="8.563195">
        <ele>461</ele>
        <time>2024-06-04T09:16:27Z</time>
        <cmt>speed: 0.0</cmt>
      </trkpt>
      <trkpt lat="47.358963" lon="8.563195">
        <ele>461</ele>
        <time>2024-06-04T09:26:22Z</time>
      </trkpt>
      <trkpt lat="47.358829" lon="8.563099">
        <ele>453</ele>
        <time>2024-06-04T09:26:28Z</time>
        <cmt>speed: 0.4</cmt>
      </trkpt>
      <trkpt lat="47.35882" lon="8.563493">
        <ele>478</ele>
        <time>2024-06-04T09:36:27Z</time>
        <cmt>speed: 0.1</cmt>
      </trkpt>
      <trkpt lat="47.35882" lon="8.563493">
        <ele>478</ele>
        <time>2024-06-04T09:46:47Z</time>
      </trkpt>
      <trkpt lat="47.358755" lon="8.563533">
        <ele>438</ele>
        <time>2024-06-04T09:46:53Z</time>
        <cmt>speed: 0.1</cmt>
      </trkpt>
      <trkpt lat="47.358837" lon="8.563574">
        <ele>460</ele>
        <time>2024-06-04T09:56:30Z</time>
        <cmt>speed: 0.5</cmt>
      </trkpt>
      <trkpt lat="47.358837" lon="8.563574">
        <ele>460</ele>
        <time>2024-06-04T10:06:23Z</time>
      </trkpt>
      <trkpt lat="47.359063" lon="8.563453">
        <ele>480</ele>
        <time>2024-06-04T10:06:29Z</time>
        <cmt>speed: 0.3</cmt>
      </trkpt>
      <trkpt lat="47.358839" lon="8.563522">
        <ele>446</ele>
        <time>2024-06-04T10:16:27Z</time>
        <cmt>speed: 0.7</cmt>
      </trkpt>
      <trkpt lat="47.358839" lon="8.563522">
        <ele>446</ele>
        <time>2024-06-04T10:26:22Z</time>
      </trkpt>
      <trkpt lat="47.358852" lon="8.563812">
        <ele>432</ele>
        <time>2024-06-04T10:26:28Z</time>
        <cmt>speed: 0.6</cmt>
      </trkpt>
      <trkpt lat="47.358937" lon="8.563602">
        <ele>488</ele>
        <time>2024-06-04T10:36:34Z</time>
        <cmt>speed: 0.4</cmt>
      </trkpt>
      <trkpt lat="47.358937" lon="8.563602">
        <ele>488</ele>
        <time>2024-06-04T10:46:23Z</time>
      </trkpt>
      <trkpt lat="47.358766" lon="8.563416">
        <ele>441</ele>
        <time>2024-06-04T10:46:29Z</time>
        <cmt>speed: 0.1</cmt>
      </trkpt>
      <trkpt lat="47.358785" lon="8.563479">
        <ele>448</ele>
        <time>2024-06-04T10:56:29Z</time>
        <cmt>speed: 0.2</cmt>
      </trkpt>
      <trkpt lat="47.358736" lon="8.563469">
        <ele>446</ele>
        <time>2024-06-04T11:06:35Z</time>
        <cmt>speed: 0.5</cmt>
      </trkpt>
      <trkpt lat="47.358628" lon="8.564064">
        <ele>453</ele>
        <time>2024-06-04T11:16:34Z</time>
        <cmt>speed: 1.9</cmt>
      </trkpt>
      <trkpt lat="47.358628" lon="8.564064">
        <ele>453</ele>
        <time>2024-06-04T11:26:28Z</time>
      </trkpt>
      <trkpt lat="47.358784" lon="8.564071">
        <ele>443</ele>
        <time>2024-06-04T11:26:34Z</time>
        <cmt>speed: 0.0</cmt>
      </trkpt>
      <trkpt lat="47.358809" lon="8.564117">
        <ele>444</ele>
        <time>2024-06-04T11:36:40Z</time>
        <cmt>speed: 0.8</cmt>
      </trkpt>
      <trkpt lat="47.358809" lon="8.564117">
        <ele>444</ele>
        <time>2024-06-04T11:46:45Z</time>
      </trkpt>
      <trkpt lat="47.358642" lon="8.563979">
        <ele>444</ele>
        <time>2024-06-04T11:46:51Z</time>
        <cmt>speed: 1.9</cmt>
      </trkpt>
      <trkpt lat="47.358764" lon="8.563985">
        <ele>460</ele>
        <time>2024-06-04T11:56:31Z</time>
        <cmt>speed: 2.4</cmt>
      </trkpt>
      <trkpt lat="47.358764" lon="8.563985">
        <ele>460</ele>
        <time>2024-06-04T12:06:44Z</time>
      </trkpt>
      <trkpt lat="47.358872" lon="8.563993">
        <ele>443</ele>
        <time>2024-06-04T12:06:50Z</time>
        <cmt>speed: 0.6</cmt>
      </trkpt>
      <trkpt lat="47.358892" lon="8.564048">
        <ele>471</ele>
        <time>2024-06-04T12:16:33Z</time>
        <cmt>speed: 0.0</cmt>
      </trkpt>
      <trkpt lat="47.358892" lon="8.564048">
        <ele>471</ele>
        <time>2024-06-04T12:26:57Z</time>
      </trkpt>
      <trkpt lat="47.358702" lon="8.564003">
        <ele>440</ele>
        <time>2024-06-04T12:27:03Z</time>
        <cmt>speed: 0.3</cmt>
      </trkpt>
      <trkpt lat="47.358775" lon="8.563926">
        <ele>432</ele>
        <time>2024-06-04T12:37:03Z</time>
        <cmt>speed: 0.3</cmt>
      </trkpt>
      <trkpt lat="47.358942" lon="8.562821">
        <ele>437</ele>
        <time>2024-06-04T12:46:28Z</time>
        <cmt>speed: 2.1</cmt>
      </trkpt>
      <trkpt lat="47.359392" lon="8.561146">
        <ele>413</ele>
        <time>2024-06-04T12:56:35Z</time>
        <cmt>speed: 0.1</cmt>
      </trkpt>
      <trkpt lat="47.359209" lon="8.561304">
        <ele>421</ele>
        <time>2024-06-04T13:06:31Z</time>
        <cmt>speed: 0.7</cmt>
      </trkpt>
      <trkpt lat="47.358087" lon="8.562643">
        <ele>428</ele>
        <time>2024-06-04T13:16:29Z</time>
        <cmt>speed: 0.5</cmt>
      </trkpt>
      <trkpt lat="47.358087" lon="8.562643">
        <ele>428</ele>
        <time>2024-06-04T13:26:24Z</time>
      </trkpt>
      <trkpt lat="47.358395" lon="8.562944">
        <ele>443</ele>
        <time>2024-06-04T13:26:30Z</time>
        <cmt>speed: 0.2</cmt>
      </trkpt>
      <trkpt lat="47.358119" lon="8.56296">
        <ele>434</ele>
        <time>2024-06-04T13:36:33Z</time>
        <cmt>speed: 0.0</cmt>
      </trkpt>
      <trkpt lat="47.358337" lon="8.562937">
        <ele>451</ele>
        <time>2024-06-04T13:46:31Z</time>
        <cmt>speed: 0.8</cmt>
      </trkpt>
      <trkpt lat="47.358119" lon="8.563123">
        <ele>472</ele>
        <time>2024-06-04T14:09:45Z</time>
        <cmt>speed: 0.1</cmt>
      </trkpt>
      <trkpt lat="47.358112" lon="8.562953">
        <ele>447</ele>
        <time>2024-06-04T14:29:55Z</time>
        <cmt>speed: 0.0</cmt>
      </trkpt>
      <trkpt lat="47.35779" lon="8.562858">
        <ele>444</ele>
        <time>2024-06-04T14:39:34Z</time>
        <cmt>speed: 0.2</cmt>
      </trkpt>
      <trkpt lat="47.358161" lon="8.562941">
        <ele>451</ele>
        <time>2024-06-04T14:59:51Z</time>
        <cmt>speed: 0.1</cmt>
      </trkpt>
      <trkpt lat="47.358161" lon="8.562941">
        <ele>451</ele>
        <time>2024-06-04T15:00:53Z</time>
      </trkpt>
      <trkpt lat="47.358025" lon="8.562925">
        <ele>438</ele>
        <time>2024-06-04T15:09:42Z</time>
        <cmt>speed: 0.0</cmt>
      </trkpt>
      <trkpt lat="47.358621" lon="8.562886">
        <ele>482</ele>
        <time>2024-06-04T15:19:58Z</time>
        <cmt>speed: 0.8</cmt>
      </trkpt>
      <trkpt lat="47.358621" lon="8.562886">
        <ele>482</ele>
        <time>2024-06-04T15:20:53Z</time>
      </trkpt>
      <trkpt lat="47.358179" lon="8.563077">
        <ele>413</ele>
        <time>2024-06-04T15:49:34Z</time>
        <cmt>speed: 0.0</cmt>
      </trkpt>
      <trkpt lat="47.358493" lon="8.562367">
        <ele>444</ele>
        <time>2024-06-04T15:59:44Z</time>
        <cmt>speed: 0.6</cmt>
      </trkpt>
      <trkpt lat="47.357675" lon="8.56199">
        <ele>448</ele>
        <time>2024-06-04T16:06:41Z</time>
        <cmt>speed: 0.5</cmt>
      </trkpt>
      <trkpt lat="47.357676" lon="8.561997">
        <ele>443</ele>
        <time>2024-06-04T16:06:45Z</time>
        <cmt>speed: 0.0</cmt>
      </trkpt>
      <trkpt lat="47.35746" lon="8.561729">
        <ele>472</ele>
        <time>2024-06-04T16:09:36Z</time>
        <cmt>speed: 0.2</cmt>
      </trkpt>
      <trkpt lat="47.357386" lon="8.561867">
        <ele>501</ele>
        <time>2024-06-04T16:16:16Z</time>
        <cmt>speed: 0.6</cmt>
      </trkpt>
      <trkpt lat="47.357386" lon="8.561942">
        <ele>472</ele>
        <time>2024-06-04T16:16:20Z</time>
        <cmt>speed: 0.0</cmt>
      </trkpt>
      <trkpt lat="47.357386" lon="8.561942">
        <ele>472</ele>
        <time>2024-06-04T16:16:24Z</time>
        <cmt>speed: 0.0</cmt>
      </trkpt>
      <trkpt lat="47.357386" lon="8.561942">
        <ele>472</ele>
        <time>2024-06-04T16:16:28Z</time>
        <cmt>speed: 0.0</cmt>
      </trkpt>
      <trkpt lat="47.357386" lon="8.561942">
        <ele>472</ele>
        <time>2024-06-04T16:16:32Z</time>
        <cmt>speed: 0.0</cmt>
      </trkpt>
      <trkpt lat="47.357386" lon="8.561942">
        <ele>472</ele>
        <time>2024-06-04T16:16:36Z</time>
        <cmt>speed: 0.0</cmt>
      </trkpt>
      <trkpt lat="47.357386" lon="8.561942">
        <ele>472</ele>
        <time>2024-06-04T16:16:40Z</time>
        <cmt>speed: 0.0</cmt>
      </trkpt>
      <trkpt lat="47.357386" lon="8.561942">
        <ele>472</ele>
        <time>2024-06-04T16:16:44Z</time>
        <cmt>speed: 0.0</cmt>
      </trkpt>
      <trkpt lat="47.357386" lon="8.561942">
        <ele>472</ele>
        <time>2024-06-04T16:16:48Z</time>
        <cmt>speed: 0.0</cmt>
      </trkpt>
      <trkpt lat="47.357386" lon="8.561942">
        <ele>472</ele>
        <time>2024-06-04T16:16:52Z</time>
        <cmt>speed: 0.0</cmt>
      </trkpt>
      <trkpt lat="47.357386" lon="8.561942">
        <ele>472</ele>
        <time>2024-06-04T16:16:54Z</time>
      </trkpt>
      <trkpt lat="47.357386" lon="8.561942">
        <ele>472</ele>
        <time>2024-06-04T16:16:56Z</time>
        <cmt>speed: 0.0</cmt>
      </trkpt>
      <trkpt lat="47.357386" lon="8.561942">
        <ele>472</ele>
        <time>2024-06-04T16:17:00Z</time>
        <cmt>speed: 0.0</cmt>
      </trkpt>
      <trkpt lat="47.357386" lon="8.561942">
        <ele>472</ele>
        <time>2024-06-04T16:17:04Z</time>
        <cmt>speed: 0.0</cmt>
      </trkpt>
      <trkpt lat="47.357386" lon="8.561942">
        <ele>472</ele>
        <time>2024-06-04T16:17:08Z</time>
        <cmt>speed: 0.0</cmt>
      </trkpt>
      <trkpt lat="47.357386" lon="8.561942">
        <ele>472</ele>
        <time>2024-06-04T16:17:12Z</time>
        <cmt>speed: 0.0</cmt>
      </trkpt>
      <trkpt lat="47.357486" lon="8.561843">
        <ele>442</ele>
        <time>2024-06-04T16:17:16Z</time>
        <cmt>speed: 0.0</cmt>
      </trkpt>
      <trkpt lat="47.357486" lon="8.561843">
        <ele>442</ele>
        <time>2024-06-04T16:17:20Z</time>
        <cmt>speed: 0.0</cmt>
      </trkpt>
      <trkpt lat="47.357486" lon="8.561843">
        <ele>442</ele>
        <time>2024-06-04T16:17:24Z</time>
        <cmt>speed: 0.0</cmt>
      </trkpt>
      <trkpt lat="47.357486" lon="8.561843">
        <ele>442</ele>
        <time>2024-06-04T16:17:28Z</time>
        <cmt>speed: 0.0</cmt>
      </trkpt>
      <trkpt lat="47.357486" lon="8.561843">
        <ele>442</ele>
        <time>2024-06-04T16:17:32Z</time>
        <cmt>speed: 0.0</cmt>
      </trkpt>
      <trkpt lat="47.357486" lon="8.561843">
        <ele>442</ele>
        <time>2024-06-04T16:17:36Z</time>
        <cmt>speed: 0.0</cmt>
      </trkpt>
      <trkpt lat="47.357486" lon="8.561843">
        <ele>442</ele>
        <time>2024-06-04T16:17:40Z</time>
        <cmt>speed: 0.0</cmt>
      </trkpt>
      <trkpt lat="47.357486" lon="8.561843">
        <ele>442</ele>
        <time>2024-06-04T16:17:44Z</time>
        <cmt>speed: 0.0</cmt>
      </trkpt>
      <trkpt lat="47.357486" lon="8.561843">
        <ele>442</ele>
        <time>2024-06-04T16:17:48Z</time>
        <cmt>speed: 0.0</cmt>
      </trkpt>
      <trkpt lat="47.357486" lon="8.561843">
        <ele>442</ele>
        <time>2024-06-04T16:17:52Z</time>
        <cmt>speed: 0.0</cmt>
      </trkpt>
      <trkpt lat="47.357486" lon="8.561843">
        <ele>442</ele>
        <time>2024-06-04T16:17:54Z</time>
      </trkpt>
      <trkpt lat="47.357486" lon="8.561843">
        <ele>442</ele>
        <time>2024-06-04T16:17:56Z</time>
        <cmt>speed: 0.0</cmt>
      </trkpt>
      <trkpt lat="47.357486" lon="8.561843">
        <ele>442</ele>
        <time>2024-06-04T16:18:00Z</time>
        <cmt>speed: 0.0</cmt>
      </trkpt>
      <trkpt lat="47.357486" lon="8.561843">
        <ele>442</ele>
        <time>2024-06-04T16:18:04Z</time>
        <cmt>speed: 0.0</cmt>
      </trkpt>
      <trkpt lat="47.357486" lon="8.561843">
        <ele>442</ele>
        <time>2024-06-04T16:18:08Z</time>
        <cmt>speed: 0.0</cmt>
      </trkpt>
      <trkpt lat="47.357486" lon="8.561843">
        <ele>442</ele>
        <time>2024-06-04T16:18:12Z</time>
        <cmt>speed: 0.0</cmt>
      </trkpt>
      <trkpt lat="47.357486" lon="8.561843">
        <ele>442</ele>
        <time>2024-06-04T16:18:16Z</time>
        <cmt>speed: 0.0</cmt>
      </trkpt>
      <trkpt lat="47.357486" lon="8.561843">
        <ele>442</ele>
        <time>2024-06-04T16:18:20Z</time>
        <cmt>speed: 0.0</cmt>
      </trkpt>
      <trkpt lat="47.357486" lon="8.561843">
        <ele>442</ele>
        <time>2024-06-04T16:18:24Z</time>
        <cmt>speed: 0.0</cmt>
      </trkpt>
      <trkpt lat="47.357486" lon="8.561843">
        <ele>442</ele>
        <time>2024-06-04T16:18:28Z</time>
        <cmt>speed: 0.0</cmt>
      </trkpt>
      <trkpt lat="47.357486" lon="8.561843">
        <ele>442</ele>
        <time>2024-06-04T16:18:32Z</time>
        <cmt>speed: 0.0</cmt>
      </trkpt>
      <trkpt lat="47.357486" lon="8.561843">
        <ele>442</ele>
        <time>2024-06-04T16:18:36Z</time>
        <cmt>speed: 0.0</cmt>
      </trkpt>
      <trkpt lat="47.357486" lon="8.561843">
        <ele>442</ele>
        <time>2024-06-04T16:18:40Z</time>
        <cmt>speed: 0.0</cmt>
      </trkpt>
      <trkpt lat="47.357486" lon="8.561843">
        <ele>442</ele>
        <time>2024-06-04T16:18:44Z</time>
        <cmt>speed: 0.0</cmt>
      </trkpt>
      <trkpt lat="47.357486" lon="8.561843">
        <ele>442</ele>
        <time>2024-06-04T16:18:48Z</time>
        <cmt>speed: 0.0</cmt>
      </trkpt>
      <trkpt lat="47.357486" lon="8.561843">
        <ele>442</ele>
        <time>2024-06-04T16:18:52Z</time>
        <cmt>speed: 0.0</cmt>
      </trkpt>
      <trkpt lat="47.357486" lon="8.561843">
        <ele>442</ele>
        <time>2024-06-04T16:18:54Z</time>
      </trkpt>
      <trkpt lat="47.357486" lon="8.561843">
        <ele>442</ele>
        <time>2024-06-04T16:18:56Z</time>
        <cmt>speed: 0.0</cmt>
      </trkpt>
      <trkpt lat="47.357486" lon="8.561843">
        <ele>442</ele>
        <time>2024-06-04T16:19:00Z</time>
        <cmt>speed: 0.0</cmt>
      </trkpt>
      <trkpt lat="47.357486" lon="8.561843">
        <ele>442</ele>
        <time>2024-06-04T16:19:04Z</time>
        <cmt>speed: 0.0</cmt>
      </trkpt>
      <trkpt lat="47.357486" lon="8.561843">
        <ele>442</ele>
        <time>2024-06-04T16:19:08Z</time>
        <cmt>speed: 0.0</cmt>
      </trkpt>
      <trkpt lat="47.357486" lon="8.561843">
        <ele>442</ele>
        <time>2024-06-04T16:19:12Z</time>
        <cmt>speed: 0.0</cmt>
      </trkpt>
      <trkpt lat="47.357486" lon="8.561843">
        <ele>442</ele>
        <time>2024-06-04T16:19:16Z</time>
        <cmt>speed: 0.0</cmt>
      </trkpt>
      <trkpt lat="47.357486" lon="8.561843">
        <ele>442</ele>
        <time>2024-06-04T16:19:20Z</time>
        <cmt>speed: 0.0</cmt>
      </trkpt>
      <trkpt lat="47.357486" lon="8.561843">
        <ele>442</ele>
        <time>2024-06-04T16:19:24Z</time>
        <cmt>speed: 0.0</cmt>
      </trkpt>
      <trkpt lat="47.35773" lon="8.56203">
        <ele>421</ele>
        <time>2024-06-04T16:19:34Z</time>
        <cmt>speed: 0.5</cmt>
      </trkpt>
      <trkpt lat="47.357381" lon="8.562019">
        <ele>464</ele>
        <time>2024-06-04T16:21:47Z</time>
        <cmt>speed: 0.5</cmt>
      </trkpt>
      <trkpt lat="47.357361" lon="8.561917">
        <ele>469</ele>
        <time>2024-06-04T16:21:51Z</time>
        <cmt>speed: 0.0</cmt>
      </trkpt>
      <trkpt lat="47.357361" lon="8.561917">
        <ele>469</ele>
        <time>2024-06-04T16:21:55Z</time>
        <cmt>speed: 0.0</cmt>
      </trkpt>
      <trkpt lat="47.357361" lon="8.561917">
        <ele>469</ele>
        <time>2024-06-04T16:21:59Z</time>
        <cmt>speed: 0.0</cmt>
      </trkpt>
      <trkpt lat="47.357361" lon="8.561917">
        <ele>469</ele>
        <time>2024-06-04T16:22:03Z</time>
        <cmt>speed: 0.0</cmt>
      </trkpt>
      <trkpt lat="47.357361" lon="8.561917">
        <ele>469</ele>
        <time>2024-06-04T16:22:07Z</time>
        <cmt>speed: 0.0</cmt>
      </trkpt>
      <trkpt lat="47.357361" lon="8.561917">
        <ele>469</ele>
        <time>2024-06-04T16:22:11Z</time>
        <cmt>speed: 0.0</cmt>
      </trkpt>
      <trkpt lat="47.357361" lon="8.561917">
        <ele>469</ele>
        <time>2024-06-04T16:22:15Z</time>
        <cmt>speed: 0.0</cmt>
      </trkpt>
      <trkpt lat="47.357361" lon="8.561917">
        <ele>469</ele>
        <time>2024-06-04T16:22:19Z</time>
        <cmt>speed: 0.0</cmt>
      </trkpt>
      <trkpt lat="47.357361" lon="8.561917">
        <ele>469</ele>
        <time>2024-06-04T16:22:23Z</time>
        <cmt>speed: 0.0</cmt>
      </trkpt>
      <trkpt lat="47.357367" lon="8.561916">
        <ele>467</ele>
        <time>2024-06-04T16:22:27Z</time>
        <cmt>speed: 0.0</cmt>
      </trkpt>
      <trkpt lat="47.357373" lon="8.561966">
        <ele>467</ele>
        <time>2024-06-04T16:22:31Z</time>
        <cmt>speed: 0.5</cmt>
      </trkpt>
      <trkpt lat="47.357376" lon="8.561834">
        <ele>467</ele>
        <time>2024-06-04T16:22:35Z</time>
        <cmt>speed: 2.8</cmt>
      </trkpt>
      <trkpt lat="47.357396" lon="8.561732">
        <ele>465</ele>
        <time>2024-06-04T16:22:39Z</time>
        <cmt>speed: 0.5</cmt>
      </trkpt>
      <trkpt lat="47.357422" lon="8.56169">
        <ele>461</ele>
        <time>2024-06-04T16:22:43Z</time>
        <cmt>speed: 1.0</cmt>
      </trkpt>
      <trkpt lat="47.357454" lon="8.561653">
        <ele>461</ele>
        <time>2024-06-04T16:22:47Z</time>
        <cmt>speed: 0.4</cmt>
      </trkpt>
      <trkpt lat="47.357528" lon="8.561606">
        <ele>460</ele>
        <time>2024-06-04T16:22:51Z</time>
        <cmt>speed: 2.3</cmt>
      </trkpt>
      <trkpt lat="47.358248" lon="8.561812">
        <ele>449</ele>
        <time>2024-06-04T16:29:35Z</time>
        <cmt>speed: 0.3</cmt>
      </trkpt>
      <trkpt lat="47.359974" lon="8.56367">
        <ele>434</ele>
        <time>2024-06-04T16:45:28Z</time>
      </trkpt>
      <trkpt lat="47.359974" lon="8.56367">
        <ele>434</ele>
        <time>2024-06-04T17:00:28Z</time>
      </trkpt>
      <trkpt lat="47.359974" lon="8.56367">
        <ele>434</ele>
        <time>2024-06-04T18:18:41Z</time>
      </trkpt>
      <trkpt lat="47.360306" lon="8.563784">
        <ele>452</ele>
        <time>2024-06-04T18:19:03Z</time>
        <cmt>speed: 0.2</cmt>
      </trkpt>
      <trkpt lat="47.358773" lon="8.563423">
        <ele>461</ele>
        <time>2024-06-04T18:28:52Z</time>
        <cmt>speed: 0.1</cmt>
      </trkpt>
      <trkpt lat="47.358961" lon="8.563535">
        <ele>453</ele>
        <time>2024-06-04T18:38:50Z</time>
        <cmt>speed: 0.4</cmt>
      </trkpt>
      <trkpt lat="47.358808" lon="8.563482">
        <ele>453</ele>
        <time>2024-06-04T18:48:51Z</time>
        <cmt>speed: 0.0</cmt>
      </trkpt>
      <trkpt lat="47.358808" lon="8.563482">
        <ele>453</ele>
        <time>2024-06-04T18:58:45Z</time>
      </trkpt>
      <trkpt lat="47.358925" lon="8.563389">
        <ele>469</ele>
        <time>2024-06-04T18:58:53Z</time>
        <cmt>speed: 0.1</cmt>
      </trkpt>
      <trkpt lat="47.358831" lon="8.563407">
        <ele>459</ele>
        <time>2024-06-04T19:08:54Z</time>
        <cmt>speed: 0.1</cmt>
      </trkpt>
      <trkpt lat="47.358831" lon="8.563407">
        <ele>459</ele>
        <time>2024-06-04T19:18:44Z</time>
      </trkpt>
      <trkpt lat="47.358794" lon="8.563426">
        <ele>457</ele>
        <time>2024-06-04T19:18:51Z</time>
        <cmt>speed: 0.1</cmt>
      </trkpt>
      <trkpt lat="47.358801" lon="8.563462">
        <ele>445</ele>
        <time>2024-06-04T19:28:51Z</time>
        <cmt>speed: 0.3</cmt>
      </trkpt>
      <trkpt lat="47.358911" lon="8.563025">
        <ele>466</ele>
        <time>2024-06-04T19:38:52Z</time>
        <cmt>speed: 0.4</cmt>
      </trkpt>
      <trkpt lat="47.358746" lon="8.561348">
        <ele>440</ele>
        <time>2024-06-04T19:48:51Z</time>
        <cmt>speed: 0.7</cmt>
      </trkpt>
      <trkpt lat="47.35806" lon="8.56151">
        <ele>430</ele>
        <time>2024-06-04T19:58:52Z</time>
        <cmt>speed: 0.7</cmt>
      </trkpt>
      <trkpt lat="47.357576" lon="8.561859">
        <ele>492</ele>
        <time>2024-06-04T20:08:53Z</time>
        <cmt>speed: 1.3</cmt>
      </trkpt>
      <trkpt lat="47.357587" lon="8.562323">
        <ele>458</ele>
        <time>2024-06-04T20:18:54Z</time>
        <cmt>speed: 0.2</cmt>
      </trkpt>
      <trkpt lat="47.357583" lon="8.562752">
        <ele>433</ele>
        <time>2024-06-04T20:28:52Z</time>
        <cmt>speed: 0.0</cmt>
      </trkpt>
      <trkpt lat="47.357856" lon="8.562859">
        <ele>406</ele>
        <time>2024-06-04T20:38:51Z</time>
        <cmt>speed: 1.5</cmt>
      </trkpt>
      <trkpt lat="47.357705" lon="8.562993">
        <ele>446</ele>
        <time>2024-06-04T20:48:54Z</time>
        <cmt>speed: 0.2</cmt>
      </trkpt>
      <trkpt lat="47.358004" lon="8.563193">
        <ele>431</ele>
        <time>2024-06-04T20:58:52Z</time>
        <cmt>speed: 0.8</cmt>
      </trkpt>
      <trkpt lat="47.358196" lon="8.563487">
        <ele>430</ele>
        <time>2024-06-04T21:08:54Z</time>
        <cmt>speed: 0.1</cmt>
      </trkpt>
      <trkpt lat="47.358918" lon="8.561436">
        <ele>428</ele>
        <time>2024-06-04T21:18:53Z</time>
        <cmt>speed: 0.1</cmt>
      </trkpt>
      <trkpt lat="47.35928" lon="8.561175">
        <ele>423</ele>
        <time>2024-06-04T21:28:56Z</time>
        <cmt>speed: 0.6</cmt>
      </trkpt>
      <trkpt lat="47.359323" lon="8.563163">
        <ele>442</ele>
        <time>2024-06-04T21:38:55Z</time>
        <cmt>speed: 0.0</cmt>
      </trkpt>
      <trkpt lat="47.358822" lon="8.563581">
        <ele>433</ele>
        <time>2024-06-04T21:48:52Z</time>
        <cmt>speed: 0.3</cmt>
      </trkpt>
      <trkpt lat="47.358826" lon="8.564392">
        <ele>440</ele>
        <time>2024-06-04T21:58:54Z</time>
        <cmt>speed: 0.1</cmt>
      </trkpt>
      <trkpt lat="47.358717" lon="8.565933">
        <ele>453</ele>
        <time>2024-06-04T22:08:53Z</time>
        <cmt>speed: 0.6</cmt>
      </trkpt>
      <trkpt lat="47.358717" lon="8.565933">
        <ele>453</ele>
        <time>2024-06-04T22:18:43Z</time>
      </trkpt>
      <trkpt lat="47.359002" lon="8.566227">
        <ele>417</ele>
        <time>2024-06-04T22:18:50Z</time>
        <cmt>speed: 0.4</cmt>
      </trkpt>
      <trkpt lat="47.359009" lon="8.566225">
        <ele>445</ele>
        <time>2024-06-04T22:28:52Z</time>
        <cmt>speed: 0.1</cmt>
      </trkpt>
      <trkpt lat="47.358557" lon="8.565801">
        <ele>474</ele>
        <time>2024-06-04T22:38:51Z</time>
        <cmt>speed: 0.2</cmt>
      </trkpt>
      <trkpt lat="47.358332" lon="8.565919">
        <ele>457</ele>
        <time>2024-06-04T22:48:52Z</time>
        <cmt>speed: 0.2</cmt>
      </trkpt>
      <trkpt lat="47.35841" lon="8.56518">
        <ele>406</ele>
        <time>2024-06-04T22:58:54Z</time>
        <cmt>speed: 0.1</cmt>
      </trkpt>
      <trkpt lat="47.359749" lon="8.56377">
        <ele>432</ele>
        <time>2024-06-04T23:08:55Z</time>
        <cmt>speed: 0.3</cmt>
      </trkpt>
      <trkpt lat="47.359974" lon="8.56367">
        <ele>434</ele>
        <time>2024-06-04T23:13:15Z</time>
      </trkpt>
      <trkpt lat="47.359974" lon="8.56367">
        <ele>434</ele>
        <time>2024-06-04T23:28:15Z</time>
      </trkpt>
      <trkpt lat="47.359771" lon="8.563549">
        <ele>464</ele>
        <time>2024-06-04T23:53:15Z</time>
        <cmt>speed: 0.2</cmt>
      </trkpt>
      <trkpt lat="47.358575" lon="8.56553">
        <ele>493</ele>
        <time>2024-06-05T00:03:03Z</time>
        <cmt>speed: 0.1</cmt>
      </trkpt>
      <trkpt lat="47.358357" lon="8.565126">
        <ele>455</ele>
        <time>2024-06-05T00:13:06Z</time>
        <cmt>speed: 0.5</cmt>
      </trkpt>
      <trkpt lat="47.358338" lon="8.565023">
        <ele>454</ele>
        <time>2024-06-05T00:23:04Z</time>
        <cmt>speed: 0.2</cmt>
      </trkpt>
      <trkpt lat="47.358439" lon="8.564741">
        <ele>459</ele>
        <time>2024-06-05T00:33:02Z</time>
        <cmt>speed: 0.4</cmt>
      </trkpt>
      <trkpt lat="47.358578" lon="8.564866">
        <ele>480</ele>
        <time>2024-06-05T00:43:03Z</time>
        <cmt>speed: 0.1</cmt>
      </trkpt>
      <trkpt lat="47.359825" lon="8.563962">
        <ele>458</ele>
        <time>2024-06-05T00:53:05Z</time>
        <cmt>speed: 0.0</cmt>
      </trkpt>
      <trkpt lat="47.358991" lon="8.561242">
        <ele>481</ele>
        <time>2024-06-05T01:03:01Z</time>
        <cmt>speed: 1.5</cmt>
      </trkpt>
      <trkpt lat="47.358678" lon="8.56194">
        <ele>437</ele>
        <time>2024-06-05T01:13:04Z</time>
        <cmt>speed: 0.2</cmt>
      </trkpt>
      <trkpt lat="47.358853" lon="8.562006">
        <ele>458</ele>
        <time>2024-06-05T01:23:03Z</time>
        <cmt>speed: 0.5</cmt>
      </trkpt>
      <trkpt lat="47.359797" lon="8.561602">
        <ele>439</ele>
        <time>2024-06-05T01:33:03Z</time>
        <cmt>speed: 1.9</cmt>
      </trkpt>
      <trkpt lat="47.358957" lon="8.564589">
        <ele>465</ele>
        <time>2024-06-05T01:43:02Z</time>
        <cmt>speed: 1.7</cmt>
      </trkpt>
      <trkpt lat="47.358376" lon="8.565147">
        <ele>461</ele>
        <time>2024-06-05T01:53:03Z</time>
        <cmt>speed: 0.1</cmt>
      </trkpt>
      <trkpt lat="47.358805" lon="8.564535">
        <ele>456</ele>
        <time>2024-06-05T02:03:03Z</time>
        <cmt>speed: 0.4</cmt>
      </trkpt>
      <trkpt lat="47.358738" lon="8.564662">
        <ele>481</ele>
        <time>2024-06-05T02:13:17Z</time>
        <cmt>speed: 0.6</cmt>
      </trkpt>
      <trkpt lat="47.358795" lon="8.564082">
        <ele>464</ele>
        <time>2024-06-05T02:23:05Z</time>
        <cmt>speed: 0.0</cmt>
      </trkpt>
      <trkpt lat="47.359536" lon="8.562698">
        <ele>473</ele>
        <time>2024-06-05T02:33:09Z</time>
        <cmt>speed: 2.6</cmt>
      </trkpt>
      <trkpt lat="47.358687" lon="8.561142">
        <ele>450</ele>
        <time>2024-06-05T02:43:03Z</time>
        <cmt>speed: 0.0</cmt>
      </trkpt>
      <trkpt lat="47.358459" lon="8.56226">
        <ele>438</ele>
        <time>2024-06-05T02:53:03Z</time>
        <cmt>speed: 1.2</cmt>
      </trkpt>
      <trkpt lat="47.359753" lon="8.561486">
        <ele>422</ele>
        <time>2024-06-05T03:03:06Z</time>
        <cmt>speed: 1.7</cmt>
      </trkpt>
      <trkpt lat="47.359753" lon="8.561486">
        <ele>422</ele>
        <time>2024-06-05T03:12:58Z</time>
      </trkpt>
      <trkpt lat="47.359829" lon="8.562552">
        <ele>457</ele>
        <time>2024-06-05T03:13:07Z</time>
        <cmt>speed: 0.0</cmt>
      </trkpt>
      <trkpt lat="47.360081" lon="8.562475">
        <ele>443</ele>
        <time>2024-06-05T03:23:20Z</time>
        <cmt>speed: 0.4</cmt>
      </trkpt>
      <trkpt lat="47.359974" lon="8.56367">
        <ele>434</ele>
        <time>2024-06-05T03:36:14Z</time>
      </trkpt>
      <trkpt lat="47.359974" lon="8.56367">
        <ele>434</ele>
        <time>2024-06-05T03:51:13Z</time>
      </trkpt>
      <trkpt lat="47.359647" lon="8.563524">
        <ele>419</ele>
        <time>2024-06-05T12:24:01Z</time>
        <cmt>speed: 0.1</cmt>
      </trkpt>
      <trkpt lat="47.359773" lon="8.563913">
        <ele>478</ele>
        <time>2024-06-05T12:33:51Z</time>
        <cmt>speed: 0.1</cmt>
      </trkpt>
      <trkpt lat="47.359779" lon="8.563502">
        <ele>447</ele>
        <time>2024-06-05T12:43:51Z</time>
        <cmt>speed: 0.1</cmt>
      </trkpt>
      <trkpt lat="47.359974" lon="8.56367">
        <ele>434</ele>
        <time>2024-06-05T12:43:51Z</time>
      </trkpt>
      <trkpt lat="47.359727" lon="8.563415">
        <ele>431</ele>
        <time>2024-06-05T12:45:44Z</time>
        <cmt>speed: 0.3</cmt>
      </trkpt>
      <trkpt lat="47.359784" lon="8.563358">
        <ele>405</ele>
        <time>2024-06-05T12:55:46Z</time>
        <cmt>speed: 0.1</cmt>
      </trkpt>
      <trkpt lat="47.359706" lon="8.563479">
        <ele>366</ele>
        <time>2024-06-05T13:05:43Z</time>
        <cmt>speed: 0.6</cmt>
      </trkpt>
      <trkpt lat="47.359706" lon="8.563479">
        <ele>366</ele>
        <time>2024-06-05T13:05:43Z</time>
      </trkpt>
      <trkpt lat="47.359789" lon="8.563628">
        <ele>448</ele>
        <time>2024-06-05T13:15:41Z</time>
        <cmt>speed: 0.9</cmt>
      </trkpt>
      <trkpt lat="47.359789" lon="8.563628">
        <ele>448</ele>
        <time>2024-06-05T13:25:43Z</time>
      </trkpt>
      <trkpt lat="47.359893" lon="8.56339">
        <ele>429</ele>
        <time>2024-06-05T13:29:42Z</time>
        <cmt>speed: 0.2</cmt>
      </trkpt>
      <trkpt lat="47.359734" lon="8.563543">
        <ele>432</ele>
        <time>2024-06-05T13:39:41Z</time>
        <cmt>speed: 0.3</cmt>
      </trkpt>
      <trkpt lat="47.359959" lon="8.563643">
        <ele>434</ele>
        <time>2024-06-05T13:44:41Z</time>
      </trkpt>
      <trkpt lat="47.359974" lon="8.56367">
        <ele>434</ele>
        <time>2024-06-05T13:59:41Z</time>
      </trkpt>
      <trkpt lat="47.359974" lon="8.56367">
        <ele>434</ele>
        <time>2024-06-05T14:14:26Z</time>
      </trkpt>
      <trkpt lat="47.359721" lon="8.563463">
        <ele>462</ele>
        <time>2024-06-05T14:14:56Z</time>
        <cmt>speed: 0.6</cmt>
      </trkpt>
      <trkpt lat="47.359046" lon="8.56263">
        <ele>445</ele>
        <time>2024-06-05T14:24:31Z</time>
        <cmt>speed: 0.5</cmt>
      </trkpt>
      <trkpt lat="47.358967" lon="8.562304">
        <ele>467</ele>
        <time>2024-06-05T14:34:29Z</time>
        <cmt>speed: 0.1</cmt>
      </trkpt>
      <trkpt lat="47.358967" lon="8.562304">
        <ele>467</ele>
        <time>2024-06-05T15:34:55Z</time>
      </trkpt>
      <trkpt lat="47.358967" lon="8.562304">
        <ele>467</ele>
        <time>2024-06-05T16:34:55Z</time>
      </trkpt>
      <trkpt lat="47.358967" lon="8.562304">
        <ele>467</ele>
        <time>2024-06-05T17:34:55Z</time>
      </trkpt>
      <trkpt lat="47.358967" lon="8.562304">
        <ele>467</ele>
        <time>2024-06-05T18:28:32Z</time>
      </trkpt>
      <trkpt lat="47.358674" lon="8.562967">
        <ele>410</ele>
        <time>2024-06-05T18:28:43Z</time>
        <cmt>speed: 0.1</cmt>
      </trkpt>
      <trkpt lat="47.358988" lon="8.562429">
        <ele>445</ele>
        <time>2024-06-05T18:28:47Z</time>
        <cmt>speed: 0.0</cmt>
      </trkpt>
      <trkpt lat="47.358988" lon="8.562429">
        <ele>445</ele>
        <time>2024-06-05T18:28:51Z</time>
        <cmt>speed: 0.0</cmt>
      </trkpt>
      <trkpt lat="47.358988" lon="8.562429">
        <ele>445</ele>
        <time>2024-06-05T18:28:56Z</time>
        <cmt>speed: 0.0</cmt>
      </trkpt>
      <trkpt lat="47.358988" lon="8.562429">
        <ele>445</ele>
        <time>2024-06-05T18:29:00Z</time>
        <cmt>speed: 0.0</cmt>
      </trkpt>
      <trkpt lat="47.358988" lon="8.562429">
        <ele>445</ele>
        <time>2024-06-05T18:29:02Z</time>
      </trkpt>
      <trkpt lat="47.358988" lon="8.562429">
        <ele>445</ele>
        <time>2024-06-05T18:29:05Z</time>
        <cmt>speed: 0.0</cmt>
      </trkpt>
      <trkpt lat="47.358988" lon="8.562429">
        <ele>445</ele>
        <time>2024-06-05T18:29:09Z</time>
        <cmt>speed: 0.0</cmt>
      </trkpt>
      <trkpt lat="47.358988" lon="8.562429">
        <ele>445</ele>
        <time>2024-06-05T18:29:14Z</time>
        <cmt>speed: 0.0</cmt>
      </trkpt>
      <trkpt lat="47.358988" lon="8.562429">
        <ele>445</ele>
        <time>2024-06-05T18:29:18Z</time>
        <cmt>speed: 0.0</cmt>
      </trkpt>
      <trkpt lat="47.358988" lon="8.562429">
        <ele>445</ele>
        <time>2024-06-05T18:29:23Z</time>
        <cmt>speed: 0.0</cmt>
      </trkpt>
      <trkpt lat="47.358988" lon="8.562429">
        <ele>445</ele>
        <time>2024-06-05T18:29:27Z</time>
        <cmt>speed: 0.0</cmt>
      </trkpt>
      <trkpt lat="47.358988" lon="8.562429">
        <ele>445</ele>
        <time>2024-06-05T18:29:32Z</time>
        <cmt>speed: 0.0</cmt>
      </trkpt>
      <trkpt lat="47.358988" lon="8.562429">
        <ele>445</ele>
        <time>2024-06-05T18:29:33Z</time>
      </trkpt>
      <trkpt lat="47.358988" lon="8.562429">
        <ele>445</ele>
        <time>2024-06-05T18:29:36Z</time>
        <cmt>speed: 0.0</cmt>
      </trkpt>
      <trkpt lat="47.358988" lon="8.562429">
        <ele>445</ele>
        <time>2024-06-05T18:29:40Z</time>
        <cmt>speed: 0.0</cmt>
      </trkpt>
      <trkpt lat="47.358988" lon="8.562429">
        <ele>445</ele>
        <time>2024-06-05T18:29:44Z</time>
        <cmt>speed: 0.0</cmt>
      </trkpt>
      <trkpt lat="47.358988" lon="8.562429">
        <ele>445</ele>
        <time>2024-06-05T18:29:49Z</time>
        <cmt>speed: 0.0</cmt>
      </trkpt>
      <trkpt lat="47.358988" lon="8.562429">
        <ele>445</ele>
        <time>2024-06-05T18:29:53Z</time>
        <cmt>speed: 0.0</cmt>
      </trkpt>
      <trkpt lat="47.358988" lon="8.562429">
        <ele>445</ele>
        <time>2024-06-05T18:29:58Z</time>
        <cmt>speed: 0.0</cmt>
      </trkpt>
      <trkpt lat="47.358988" lon="8.562429">
        <ele>445</ele>
        <time>2024-06-05T18:30:02Z</time>
        <cmt>speed: 0.0</cmt>
      </trkpt>
      <trkpt lat="47.358988" lon="8.562429">
        <ele>445</ele>
        <time>2024-06-05T18:30:07Z</time>
        <cmt>speed: 0.0</cmt>
      </trkpt>
      <trkpt lat="47.358988" lon="8.562429">
        <ele>445</ele>
        <time>2024-06-05T18:30:11Z</time>
        <cmt>speed: 0.0</cmt>
      </trkpt>
      <trkpt lat="47.358988" lon="8.562429">
        <ele>445</ele>
        <time>2024-06-05T18:30:16Z</time>
        <cmt>speed: 0.0</cmt>
      </trkpt>
      <trkpt lat="47.358988" lon="8.562429">
        <ele>445</ele>
        <time>2024-06-05T18:30:20Z</time>
        <cmt>speed: 0.0</cmt>
      </trkpt>
      <trkpt lat="47.358988" lon="8.562429">
        <ele>445</ele>
        <time>2024-06-05T18:30:24Z</time>
        <cmt>speed: 0.0</cmt>
      </trkpt>
      <trkpt lat="47.358988" lon="8.562429">
        <ele>445</ele>
        <time>2024-06-05T18:30:28Z</time>
        <cmt>speed: 0.0</cmt>
      </trkpt>
      <trkpt lat="47.358988" lon="8.562429">
        <ele>445</ele>
        <time>2024-06-05T18:30:33Z</time>
      </trkpt>
      <trkpt lat="47.358988" lon="8.562429">
        <ele>445</ele>
        <time>2024-06-05T18:30:33Z</time>
        <cmt>speed: 0.0</cmt>
      </trkpt>
      <trkpt lat="47.358988" lon="8.562429">
        <ele>445</ele>
        <time>2024-06-05T18:30:37Z</time>
        <cmt>speed: 0.0</cmt>
      </trkpt>
      <trkpt lat="47.358988" lon="8.562429">
        <ele>445</ele>
        <time>2024-06-05T18:30:42Z</time>
        <cmt>speed: 0.0</cmt>
      </trkpt>
      <trkpt lat="47.358988" lon="8.562429">
        <ele>445</ele>
        <time>2024-06-05T18:30:46Z</time>
        <cmt>speed: 0.0</cmt>
      </trkpt>
      <trkpt lat="47.358988" lon="8.562429">
        <ele>445</ele>
        <time>2024-06-05T18:30:51Z</time>
        <cmt>speed: 0.0</cmt>
      </trkpt>
      <trkpt lat="47.358988" lon="8.562429">
        <ele>445</ele>
        <time>2024-06-05T18:30:55Z</time>
        <cmt>speed: 0.0</cmt>
      </trkpt>
      <trkpt lat="47.358988" lon="8.562429">
        <ele>445</ele>
        <time>2024-06-05T18:31:00Z</time>
        <cmt>speed: 0.0</cmt>
      </trkpt>
      <trkpt lat="47.358988" lon="8.562429">
        <ele>445</ele>
        <time>2024-06-05T18:31:04Z</time>
        <cmt>speed: 0.0</cmt>
      </trkpt>
      <trkpt lat="47.358988" lon="8.562429">
        <ele>445</ele>
        <time>2024-06-05T18:31:08Z</time>
        <cmt>speed: 0.0</cmt>
      </trkpt>
      <trkpt lat="47.358988" lon="8.562429">
        <ele>445</ele>
        <time>2024-06-05T18:31:12Z</time>
        <cmt>speed: 0.0</cmt>
      </trkpt>
      <trkpt lat="47.358988" lon="8.562429">
        <ele>445</ele>
        <time>2024-06-05T18:31:16Z</time>
        <cmt>speed: 0.0</cmt>
      </trkpt>
      <trkpt lat="47.358988" lon="8.562429">
        <ele>445</ele>
        <time>2024-06-05T18:31:20Z</time>
        <cmt>speed: 0.0</cmt>
      </trkpt>
      <trkpt lat="47.358988" lon="8.562429">
        <ele>445</ele>
        <time>2024-06-05T18:31:25Z</time>
        <cmt>speed: 0.0</cmt>
      </trkpt>
      <trkpt lat="47.358988" lon="8.562429">
        <ele>445</ele>
        <time>2024-06-05T18:31:28Z</time>
      </trkpt>
      <trkpt lat="47.358988" lon="8.562429">
        <ele>445</ele>
        <time>2024-06-05T18:31:29Z</time>
        <cmt>speed: 0.0</cmt>
      </trkpt>
      <trkpt lat="47.358988" lon="8.562429">
        <ele>445</ele>
        <time>2024-06-05T18:31:33Z</time>
        <cmt>speed: 0.0</cmt>
      </trkpt>
      <trkpt lat="47.358988" lon="8.562429">
        <ele>445</ele>
        <time>2024-06-05T18:31:33Z</time>
      </trkpt>
      <trkpt lat="47.358988" lon="8.562429">
        <ele>445</ele>
        <time>2024-06-05T18:31:37Z</time>
        <cmt>speed: 0.0</cmt>
      </trkpt>
      <trkpt lat="47.358988" lon="8.562429">
        <ele>445</ele>
        <time>2024-06-05T18:31:42Z</time>
        <cmt>speed: 0.0</cmt>
      </trkpt>
      <trkpt lat="47.358988" lon="8.562429">
        <ele>445</ele>
        <time>2024-06-05T18:31:46Z</time>
        <cmt>speed: 0.0</cmt>
      </trkpt>
      <trkpt lat="47.358988" lon="8.562429">
        <ele>445</ele>
        <time>2024-06-05T18:31:51Z</time>
        <cmt>speed: 0.0</cmt>
      </trkpt>
      <trkpt lat="47.358988" lon="8.562429">
        <ele>445</ele>
        <time>2024-06-05T18:31:55Z</time>
        <cmt>speed: 0.0</cmt>
      </trkpt>
      <trkpt lat="47.358956" lon="8.562417">
        <ele>445</ele>
        <time>2024-06-05T18:32:04Z</time>
        <cmt>speed: 0.5</cmt>
      </trkpt>
      <trkpt lat="47.359959" lon="8.563643">
        <ele>434</ele>
        <time>2024-06-05T18:39:32Z</time>
      </trkpt>
      <trkpt lat="47.359959" lon="8.563643">
        <ele>434</ele>
        <time>2024-06-05T18:42:23Z</time>
      </trkpt>
      <trkpt lat="47.359959" lon="8.563643">
        <ele>434</ele>
        <time>2024-06-05T18:52:23Z</time>
      </trkpt>
      <trkpt lat="47.359959" lon="8.563643">
        <ele>434</ele>
        <time>2024-06-05T19:02:23Z</time>
      </trkpt>
      <trkpt lat="47.359959" lon="8.563643">
        <ele>434</ele>
        <time>2024-06-05T19:12:23Z</time>
      </trkpt>
      <trkpt lat="47.359959" lon="8.563643">
        <ele>434</ele>
        <time>2024-06-05T19:22:23Z</time>
      </trkpt>
      <trkpt lat="47.359959" lon="8.563643">
        <ele>434</ele>
        <time>2024-06-05T19:32:23Z</time>
      </trkpt>
      <trkpt lat="47.359959" lon="8.563643">
        <ele>434</ele>
        <time>2024-06-05T19:42:23Z</time>
      </trkpt>
      <trkpt lat="47.359959" lon="8.563643">
        <ele>434</ele>
        <time>2024-06-05T19:52:23Z</time>
      </trkpt>
      <trkpt lat="47.359959" lon="8.563643">
        <ele>434</ele>
        <time>2024-06-05T19:56:14Z</time>
      </trkpt>
      <trkpt lat="47.359712" lon="8.563987">
        <ele>502</ele>
        <time>2024-06-06T00:31:53Z</time>
        <cmt>speed: 2.0</cmt>
      </trkpt>
      <trkpt lat="47.358791" lon="8.564387">
        <ele>446</ele>
        <time>2024-06-06T00:41:45Z</time>
        <cmt>speed: 1.5</cmt>
      </trkpt>
      <trkpt lat="47.358579" lon="8.56499">
        <ele>455</ele>
        <time>2024-06-06T00:51:42Z</time>
        <cmt>speed: 1.4</cmt>
      </trkpt>
      <trkpt lat="47.358415" lon="8.564992">
        <ele>457</ele>
        <time>2024-06-06T01:01:41Z</time>
        <cmt>speed: 0.1</cmt>
      </trkpt>
      <trkpt lat="47.359116" lon="8.564345">
        <ele>435</ele>
        <time>2024-06-06T01:11:40Z</time>
        <cmt>speed: 1.2</cmt>
      </trkpt>
      <trkpt lat="47.358919" lon="8.561352">
        <ele>434</ele>
        <time>2024-06-06T01:21:41Z</time>
        <cmt>speed: 0.1</cmt>
      </trkpt>
      <trkpt lat="47.359959" lon="8.563643">
        <ele>434</ele>
        <time>2024-06-06T01:31:52Z</time>
      </trkpt>
      <trkpt lat="47.359959" lon="8.563643">
        <ele>434</ele>
        <time>2024-06-06T01:45:40Z</time>
      </trkpt>
      <trkpt lat="47.359631" lon="8.563871">
        <ele>433</ele>
        <time>2024-06-06T01:45:50Z</time>
        <cmt>speed: 0.2</cmt>
      </trkpt>
      <trkpt lat="47.358834" lon="8.563291">
        <ele>451</ele>
        <time>2024-06-06T01:55:46Z</time>
        <cmt>speed: 0.0</cmt>
      </trkpt>
      <trkpt lat="47.358886" lon="8.564539">
        <ele>465</ele>
        <time>2024-06-06T02:05:46Z</time>
        <cmt>speed: 0.6</cmt>
      </trkpt>
      <trkpt lat="47.358501" lon="8.565994">
        <ele>454</ele>
        <time>2024-06-06T02:15:45Z</time>
        <cmt>speed: 0.1</cmt>
      </trkpt>
      <trkpt lat="47.358404" lon="8.566184">
        <ele>488</ele>
        <time>2024-06-06T02:25:45Z</time>
        <cmt>speed: 0.6</cmt>
      </trkpt>
      <trkpt lat="47.358222" lon="8.566069">
        <ele>440</ele>
        <time>2024-06-06T02:35:58Z</time>
        <cmt>speed: 0.3</cmt>
      </trkpt>
      <trkpt lat="47.358113" lon="8.566138">
        <ele>442</ele>
        <time>2024-06-06T02:45:45Z</time>
        <cmt>speed: 0.2</cmt>
      </trkpt>
      <trkpt lat="47.356791" lon="8.563457">
        <ele>463</ele>
        <time>2024-06-06T02:55:49Z</time>
        <cmt>speed: 0.8</cmt>
      </trkpt>
      <trkpt lat="47.357107" lon="8.563541">
        <ele>454</ele>
        <time>2024-06-06T03:05:46Z</time>
        <cmt>speed: 0.2</cmt>
      </trkpt>
      <trkpt lat="47.357052" lon="8.563665">
        <ele>471</ele>
        <time>2024-06-06T03:15:46Z</time>
        <cmt>speed: 0.2</cmt>
      </trkpt>
      <trkpt lat="47.357052" lon="8.563665">
        <ele>471</ele>
        <time>2024-06-06T03:25:46Z</time>
      </trkpt>
      <trkpt lat="47.356907" lon="8.56362">
        <ele>483</ele>
        <time>2024-06-06T03:25:49Z</time>
        <cmt>speed: 0.1</cmt>
      </trkpt>
      <trkpt lat="47.356995" lon="8.563669">
        <ele>457</ele>
        <time>2024-06-06T03:35:46Z</time>
        <cmt>speed: 0.0</cmt>
      </trkpt>
      <trkpt lat="47.356995" lon="8.563669">
        <ele>457</ele>
        <time>2024-06-06T03:45:44Z</time>
      </trkpt>
      <trkpt lat="47.356925" lon="8.563733">
        <ele>453</ele>
        <time>2024-06-06T03:45:47Z</time>
        <cmt>speed: 0.2</cmt>
      </trkpt>
      <trkpt lat="47.357069" lon="8.56369">
        <ele>444</ele>
        <time>2024-06-06T03:55:45Z</time>
        <cmt>speed: 0.1</cmt>
      </trkpt>
      <trkpt lat="47.357069" lon="8.56369">
        <ele>444</ele>
        <time>2024-06-06T04:05:43Z</time>
      </trkpt>
      <trkpt lat="47.357137" lon="8.563634">
        <ele>422</ele>
        <time>2024-06-06T04:05:46Z</time>
        <cmt>speed: 0.6</cmt>
      </trkpt>
      <trkpt lat="47.357009" lon="8.563843">
        <ele>427</ele>
        <time>2024-06-06T04:15:48Z</time>
        <cmt>speed: 0.0</cmt>
      </trkpt>
      <trkpt lat="47.357009" lon="8.563843">
        <ele>427</ele>
        <time>2024-06-06T04:25:43Z</time>
      </trkpt>
      <trkpt lat="47.357036" lon="8.563707">
        <ele>440</ele>
        <time>2024-06-06T04:25:46Z</time>
        <cmt>speed: 0.0</cmt>
      </trkpt>
      <trkpt lat="47.357005" lon="8.563818">
        <ele>429</ele>
        <time>2024-06-06T04:35:46Z</time>
        <cmt>speed: 0.2</cmt>
      </trkpt>
      <trkpt lat="47.357005" lon="8.563818">
        <ele>429</ele>
        <time>2024-06-06T04:45:42Z</time>
      </trkpt>
      <trkpt lat="47.356897" lon="8.563728">
        <ele>443</ele>
        <time>2024-06-06T04:49:55Z</time>
        <cmt>speed: 0.3</cmt>
      </trkpt>
      <trkpt lat="47.356955" lon="8.563695">
        <ele>456</ele>
        <time>2024-06-06T04:59:54Z</time>
        <cmt>speed: 1.6</cmt>
      </trkpt>
      <trkpt lat="47.356955" lon="8.563695">
        <ele>456</ele>
        <time>2024-06-06T05:09:52Z</time>
      </trkpt>
      <trkpt lat="47.357032" lon="8.563681">
        <ele>452</ele>
        <time>2024-06-06T05:09:55Z</time>
        <cmt>speed: 0.0</cmt>
      </trkpt>
      <trkpt lat="47.357054" lon="8.56372">
        <ele>455</ele>
        <time>2024-06-06T05:19:56Z</time>
        <cmt>speed: 0.0</cmt>
      </trkpt>
      <trkpt lat="47.357054" lon="8.56372">
        <ele>455</ele>
        <time>2024-06-06T05:25:42Z</time>
      </trkpt>
      <trkpt lat="47.357113" lon="8.563717">
        <ele>446</ele>
        <time>2024-06-06T05:29:55Z</time>
        <cmt>speed: 0.7</cmt>
      </trkpt>
      <trkpt lat="47.356915" lon="8.563548">
        <ele>487</ele>
        <time>2024-06-06T05:39:55Z</time>
        <cmt>speed: 0.1</cmt>
      </trkpt>
      <trkpt lat="47.357191" lon="8.563459">
        <ele>452</ele>
        <time>2024-06-06T05:49:58Z</time>
        <cmt>speed: 0.1</cmt>
      </trkpt>
      <trkpt lat="47.358172" lon="8.562918">
        <ele>470</ele>
        <time>2024-06-06T06:00:01Z</time>
        <cmt>speed: 1.7</cmt>
      </trkpt>
      <trkpt lat="47.358172" lon="8.562918">
        <ele>470</ele>
        <time>2024-06-06T06:09:53Z</time>
      </trkpt>
      <trkpt lat="47.357771" lon="8.560483">
        <ele>443</ele>
        <time>2024-06-06T06:09:56Z</time>
        <cmt>speed: 1.0</cmt>
      </trkpt>
      <trkpt lat="47.358721" lon="8.560307">
        <ele>420</ele>
        <time>2024-06-06T06:19:56Z</time>
        <cmt>speed: 0.1</cmt>
      </trkpt>
      <trkpt lat="47.358654" lon="8.561531">
        <ele>488</ele>
        <time>2024-06-06T06:29:55Z</time>
        <cmt>speed: 0.4</cmt>
      </trkpt>
      <trkpt lat="47.360178" lon="8.562501">
        <ele>430</ele>
        <time>2024-06-06T06:40:04Z</time>
        <cmt>speed: 0.5</cmt>
      </trkpt>
      <trkpt lat="47.359974" lon="8.56367">
        <ele>434</ele>
        <time>2024-06-06T06:44:13Z</time>
      </trkpt>
      <trkpt lat="47.359974" lon="8.56367">
        <ele>434</ele>
        <time>2024-06-06T06:48:27Z</time>
      </trkpt>
      <trkpt lat="47.359974" lon="8.56367">
        <ele>434</ele>
        <time>2024-06-06T07:03:27Z</time>
      </trkpt>
      <trkpt lat="47.359804" lon="8.563778">
        <ele>449</ele>
        <time>2024-06-06T07:14:34Z</time>
        <cmt>speed: 0.2</cmt>
      </trkpt>
      <trkpt lat="47.359974" lon="8.56367">
        <ele>434</ele>
        <time>2024-06-06T07:21:43Z</time>
      </trkpt>
      <trkpt lat="47.359974" lon="8.56367">
        <ele>434</ele>
        <time>2024-06-06T07:36:41Z</time>
      </trkpt>
      <trkpt lat="47.359974" lon="8.56367">
        <ele>434</ele>
        <time>2024-06-06T07:36:43Z</time>
      </trkpt>
      <trkpt lat="47.359647" lon="8.563613">
        <ele>436</ele>
        <time>2024-06-06T07:39:29Z</time>
        <cmt>speed: 0.0</cmt>
      </trkpt>
      <trkpt lat="47.359959" lon="8.563643">
        <ele>434</ele>
        <time>2024-06-06T07:44:17Z</time>
      </trkpt>
      <trkpt lat="47.360047" lon="8.562661">
        <ele>448</ele>
        <time>2024-06-06T07:49:27Z</time>
        <cmt>speed: 0.8</cmt>
      </trkpt>
      <trkpt lat="47.359344" lon="8.560916">
        <ele>422</ele>
        <time>2024-06-06T07:59:27Z</time>
        <cmt>speed: 0.2</cmt>
      </trkpt>
      <trkpt lat="47.358682" lon="8.560581">
        <ele>498</ele>
        <time>2024-06-06T08:09:30Z</time>
        <cmt>speed: 1.1</cmt>
      </trkpt>
      <trkpt lat="47.358457" lon="8.55985">
        <ele>398</ele>
        <time>2024-06-06T08:19:23Z</time>
        <cmt>speed: 0.6</cmt>
      </trkpt>
      <trkpt lat="47.357866" lon="8.560821">
        <ele>444</ele>
        <time>2024-06-06T08:29:32Z</time>
        <cmt>speed: 0.8</cmt>
      </trkpt>
      <trkpt lat="47.35777" lon="8.561705">
        <ele>460</ele>
        <time>2024-06-06T08:39:24Z</time>
        <cmt>speed: 0.6</cmt>
      </trkpt>
      <trkpt lat="47.358657" lon="8.562134">
        <ele>431</ele>
        <time>2024-06-06T08:49:24Z</time>
        <cmt>speed: 1.1</cmt>
      </trkpt>
      <trkpt lat="47.358621" lon="8.562226">
        <ele>459</ele>
        <time>2024-06-06T08:59:27Z</time>
        <cmt>speed: 0.2</cmt>
      </trkpt>
      <trkpt lat="47.358621" lon="8.562226">
        <ele>459</ele>
        <time>2024-06-06T09:09:27Z</time>
      </trkpt>
      <trkpt lat="47.358619" lon="8.562799">
        <ele>423</ele>
        <time>2024-06-06T09:09:31Z</time>
        <cmt>speed: 0.4</cmt>
      </trkpt>
      <trkpt lat="47.358507" lon="8.562834">
        <ele>430</ele>
        <time>2024-06-06T09:19:25Z</time>
        <cmt>speed: 0.0</cmt>
      </trkpt>
      <trkpt lat="47.358507" lon="8.562834">
        <ele>430</ele>
        <time>2024-06-06T09:29:24Z</time>
      </trkpt>
      <trkpt lat="47.358498" lon="8.56281">
        <ele>415</ele>
        <time>2024-06-06T09:29:28Z</time>
        <cmt>speed: 0.1</cmt>
      </trkpt>
      <trkpt lat="47.358623" lon="8.562814">
        <ele>424</ele>
        <time>2024-06-06T09:46:15Z</time>
        <cmt>speed: 1.6</cmt>
      </trkpt>
      <trkpt lat="47.3585" lon="8.562735">
        <ele>448</ele>
        <time>2024-06-06T09:56:12Z</time>
        <cmt>speed: 0.0</cmt>
      </trkpt>
      <trkpt lat="47.358538" lon="8.562758">
        <ele>444</ele>
        <time>2024-06-06T10:06:11Z</time>
        <cmt>speed: 0.4</cmt>
      </trkpt>
      <trkpt lat="47.358538" lon="8.562758">
        <ele>444</ele>
        <time>2024-06-06T10:09:20Z</time>
      </trkpt>
      <trkpt lat="47.358578" lon="8.562602">
        <ele>419</ele>
        <time>2024-06-06T10:16:11Z</time>
        <cmt>speed: 0.1</cmt>
      </trkpt>
      <trkpt lat="47.358551" lon="8.562689">
        <ele>441</ele>
        <time>2024-06-06T10:26:09Z</time>
        <cmt>speed: 0.2</cmt>
      </trkpt>
      <trkpt lat="47.358551" lon="8.562689">
        <ele>441</ele>
        <time>2024-06-06T10:36:09Z</time>
      </trkpt>
      <trkpt lat="47.3585" lon="8.56264">
        <ele>468</ele>
        <time>2024-06-06T10:36:13Z</time>
        <cmt>speed: 0.2</cmt>
      </trkpt>
      <trkpt lat="47.358602" lon="8.562716">
        <ele>429</ele>
        <time>2024-06-06T10:46:37Z</time>
        <cmt>speed: 0.6</cmt>
      </trkpt>
      <trkpt lat="47.358602" lon="8.562716">
        <ele>429</ele>
        <time>2024-06-06T10:49:20Z</time>
      </trkpt>
      <trkpt lat="47.358447" lon="8.562681">
        <ele>455</ele>
        <time>2024-06-06T10:56:43Z</time>
        <cmt>speed: 0.4</cmt>
      </trkpt>
      <trkpt lat="47.358619" lon="8.562852">
        <ele>433</ele>
        <time>2024-06-06T11:08:18Z</time>
        <cmt>speed: 0.8</cmt>
      </trkpt>
      <trkpt lat="47.358365" lon="8.562634">
        <ele>470</ele>
        <time>2024-06-06T11:28:13Z</time>
        <cmt>speed: 0.2</cmt>
      </trkpt>
      <trkpt lat="47.358365" lon="8.562634">
        <ele>470</ele>
        <time>2024-06-06T11:37:47Z</time>
      </trkpt>
      <trkpt lat="47.358473" lon="8.562755">
        <ele>433</ele>
        <time>2024-06-06T11:37:51Z</time>
        <cmt>speed: 0.0</cmt>
      </trkpt>
      <trkpt lat="47.358473" lon="8.562755">
        <ele>433</ele>
        <time>2024-06-06T11:49:20Z</time>
      </trkpt>
      <trkpt lat="47.358565" lon="8.562686">
        <ele>432</ele>
        <time>2024-06-06T11:52:10Z</time>
        <cmt>speed: 0.1</cmt>
      </trkpt>
      <trkpt lat="47.358307" lon="8.562776">
        <ele>444</ele>
        <time>2024-06-06T12:02:11Z</time>
        <cmt>speed: 0.1</cmt>
      </trkpt>
      <trkpt lat="47.358351" lon="8.562714">
        <ele>434</ele>
        <time>2024-06-06T12:12:09Z</time>
        <cmt>speed: 0.2</cmt>
      </trkpt>
      <trkpt lat="47.358795" lon="8.56268">
        <ele>461</ele>
        <time>2024-06-06T12:32:38Z</time>
        <cmt>speed: 0.7</cmt>
      </trkpt>
      <trkpt lat="47.358526" lon="8.562728">
        <ele>449</ele>
        <time>2024-06-06T12:42:10Z</time>
        <cmt>speed: 0.0</cmt>
      </trkpt>
      <trkpt lat="47.358526" lon="8.562728">
        <ele>449</ele>
        <time>2024-06-06T12:52:09Z</time>
      </trkpt>
      <trkpt lat="47.358482" lon="8.562577">
        <ele>463</ele>
        <time>2024-06-06T12:52:14Z</time>
        <cmt>speed: 0.8</cmt>
      </trkpt>
      <trkpt lat="47.358482" lon="8.562577">
        <ele>463</ele>
        <time>2024-06-06T13:12:36Z</time>
      </trkpt>
      <trkpt lat="47.358553" lon="8.56268">
        <ele>452</ele>
        <time>2024-06-06T13:12:41Z</time>
        <cmt>speed: 0.2</cmt>
      </trkpt>
      <trkpt lat="47.358558" lon="8.562819">
        <ele>421</ele>
        <time>2024-06-06T13:22:09Z</time>
        <cmt>speed: 1.0</cmt>
      </trkpt>
      <trkpt lat="47.358505" lon="8.562782">
        <ele>428</ele>
        <time>2024-06-06T13:32:10Z</time>
        <cmt>speed: 1.7</cmt>
      </trkpt>
      <trkpt lat="47.358525" lon="8.562753">
        <ele>424</ele>
        <time>2024-06-06T13:42:10Z</time>
        <cmt>speed: 0.0</cmt>
      </trkpt>
      <trkpt lat="47.358284" lon="8.562787">
        <ele>445</ele>
        <time>2024-06-06T14:06:48Z</time>
        <cmt>speed: 1.0</cmt>
      </trkpt>
      <trkpt lat="47.358284" lon="8.562787">
        <ele>445</ele>
        <time>2024-06-06T14:16:13Z</time>
      </trkpt>
      <trkpt lat="47.358396" lon="8.562706">
        <ele>416</ele>
        <time>2024-06-06T14:16:18Z</time>
        <cmt>speed: 0.2</cmt>
      </trkpt>
      <trkpt lat="47.358574" lon="8.562685">
        <ele>430</ele>
        <time>2024-06-06T14:26:21Z</time>
        <cmt>speed: 0.4</cmt>
      </trkpt>
      <trkpt lat="47.358574" lon="8.562685">
        <ele>430</ele>
        <time>2024-06-06T14:36:22Z</time>
      </trkpt>
      <trkpt lat="47.358637" lon="8.562726">
        <ele>435</ele>
        <time>2024-06-06T14:36:27Z</time>
        <cmt>speed: 0.3</cmt>
      </trkpt>
      <trkpt lat="47.358713" lon="8.562747">
        <ele>468</ele>
        <time>2024-06-06T14:46:29Z</time>
        <cmt>speed: 0.7</cmt>
      </trkpt>
      <trkpt lat="47.358713" lon="8.562747">
        <ele>468</ele>
        <time>2024-06-06T14:49:20Z</time>
      </trkpt>
      <trkpt lat="47.358845" lon="8.563119">
        <ele>431</ele>
        <time>2024-06-06T15:04:20Z</time>
        <cmt>speed: 3.2</cmt>
      </trkpt>
      <trkpt lat="47.358845" lon="8.563119">
        <ele>431</ele>
        <time>2024-06-06T15:09:20Z</time>
      </trkpt>
      <trkpt lat="47.358265" lon="8.562514">
        <ele>423</ele>
        <time>2024-06-06T15:23:48Z</time>
        <cmt>speed: 0.3</cmt>
      </trkpt>
      <trkpt lat="47.358428" lon="8.562514">
        <ele>435</ele>
        <time>2024-06-06T15:33:46Z</time>
        <cmt>speed: 0.4</cmt>
      </trkpt>
      <trkpt lat="47.358531" lon="8.562873">
        <ele>448</ele>
        <time>2024-06-06T15:43:47Z</time>
        <cmt>speed: 0.2</cmt>
      </trkpt>
      <trkpt lat="47.359235" lon="8.563348">
        <ele>432</ele>
        <time>2024-06-06T15:53:55Z</time>
        <cmt>speed: 0.1</cmt>
      </trkpt>
      <trkpt lat="47.359816" lon="8.56331">
        <ele>445</ele>
        <time>2024-06-06T16:03:49Z</time>
        <cmt>speed: 0.2</cmt>
      </trkpt>
      <trkpt lat="47.359974" lon="8.56367">
        <ele>434</ele>
        <time>2024-06-06T16:11:09Z</time>
      </trkpt>
      <trkpt lat="47.359974" lon="8.56367">
        <ele>434</ele>
        <time>2024-06-06T16:26:09Z</time>
      </trkpt>
      <trkpt lat="47.359974" lon="8.56367">
        <ele>434</ele>
        <time>2024-06-07T04:26:07Z</time>
      </trkpt>
      <trkpt lat="47.360388" lon="8.563161">
        <ele>470</ele>
        <time>2024-06-07T09:25:27Z</time>
        <cmt>speed: 0.8</cmt>
      </trkpt>
      <trkpt lat="47.358977" lon="8.561499">
        <ele>479</ele>
        <time>2024-06-07T09:35:21Z</time>
        <cmt>speed: 0.3</cmt>
      </trkpt>
      <trkpt lat="47.358559" lon="8.56108">
        <ele>463</ele>
        <time>2024-06-07T09:55:22Z</time>
        <cmt>speed: 0.2</cmt>
      </trkpt>
      <trkpt lat="47.358559" lon="8.56108">
        <ele>463</ele>
        <time>2024-06-07T10:05:25Z</time>
      </trkpt>
      <trkpt lat="47.358355" lon="8.560843">
        <ele>419</ele>
        <time>2024-06-07T10:05:31Z</time>
        <cmt>speed: 0.2</cmt>
      </trkpt>
      <trkpt lat="47.358222" lon="8.561076">
        <ele>435</ele>
        <time>2024-06-07T10:15:36Z</time>
        <cmt>speed: 0.1</cmt>
      </trkpt>
      <trkpt lat="47.358222" lon="8.561076">
        <ele>435</ele>
        <time>2024-06-07T10:25:17Z</time>
      </trkpt>
      <trkpt lat="47.358183" lon="8.561065">
        <ele>454</ele>
        <time>2024-06-07T10:25:23Z</time>
        <cmt>speed: 0.3</cmt>
      </trkpt>
      <trkpt lat="47.358183" lon="8.561065">
        <ele>454</ele>
        <time>2024-06-07T11:25:57Z</time>
      </trkpt>
      <trkpt lat="47.358027" lon="8.560885">
        <ele>456</ele>
        <time>2024-06-07T11:26:05Z</time>
        <cmt>speed: 0.7</cmt>
      </trkpt>
      <trkpt lat="47.358027" lon="8.560885">
        <ele>456</ele>
        <time>2024-06-07T12:05:19Z</time>
      </trkpt>
      <trkpt lat="47.358243" lon="8.561315">
        <ele>424</ele>
        <time>2024-06-07T12:05:27Z</time>
        <cmt>speed: 0.3</cmt>
      </trkpt>
      <trkpt lat="47.358287" lon="8.560881">
        <ele>410</ele>
        <time>2024-06-07T12:15:37Z</time>
        <cmt>speed: 0.1</cmt>
      </trkpt>
      <trkpt lat="47.358277" lon="8.560335">
        <ele>441</ele>
        <time>2024-06-07T12:25:21Z</time>
        <cmt>speed: 0.6</cmt>
      </trkpt>
      <trkpt lat="47.35773" lon="8.559903">
        <ele>455</ele>
        <time>2024-06-07T12:35:25Z</time>
        <cmt>speed: 0.8</cmt>
      </trkpt>
      <trkpt lat="47.358109" lon="8.560009">
        <ele>448</ele>
        <time>2024-06-07T12:45:21Z</time>
        <cmt>speed: 1.0</cmt>
      </trkpt>
      <trkpt lat="47.357656" lon="8.561001">
        <ele>378</ele>
        <time>2024-06-07T13:05:26Z</time>
        <cmt>speed: 0.1</cmt>
      </trkpt>
      <trkpt lat="47.357584" lon="8.562006">
        <ele>446</ele>
        <time>2024-06-07T13:35:27Z</time>
        <cmt>speed: 1.0</cmt>
      </trkpt>
      <trkpt lat="47.358212" lon="8.562868">
        <ele>451</ele>
        <time>2024-06-07T13:45:22Z</time>
        <cmt>speed: 0.1</cmt>
      </trkpt>
      <trkpt lat="47.358124" lon="8.563086">
        <ele>427</ele>
        <time>2024-06-07T13:55:23Z</time>
        <cmt>speed: 0.4</cmt>
      </trkpt>
      <trkpt lat="47.358255" lon="8.563011">
        <ele>456</ele>
        <time>2024-06-07T14:27:29Z</time>
        <cmt>speed: 0.1</cmt>
      </trkpt>
      <trkpt lat="47.358255" lon="8.563011">
        <ele>456</ele>
        <time>2024-06-07T14:47:20Z</time>
      </trkpt>
      <trkpt lat="47.358195" lon="8.562934">
        <ele>409</ele>
        <time>2024-06-07T14:47:28Z</time>
        <cmt>speed: 0.3</cmt>
      </trkpt>
      <trkpt lat="47.358121" lon="8.562868">
        <ele>441</ele>
        <time>2024-06-07T14:57:18Z</time>
        <cmt>speed: 0.0</cmt>
      </trkpt>
      <trkpt lat="47.358121" lon="8.562868">
        <ele>441</ele>
        <time>2024-06-07T15:05:13Z</time>
      </trkpt>
      <trkpt lat="47.358198" lon="8.56298">
        <ele>442</ele>
        <time>2024-06-07T15:08:40Z</time>
        <cmt>speed: 0.2</cmt>
      </trkpt>
      <trkpt lat="47.358262" lon="8.56287">
        <ele>459</ele>
        <time>2024-06-07T15:18:48Z</time>
        <cmt>speed: 0.6</cmt>
      </trkpt>
      <trkpt lat="47.358262" lon="8.56287">
        <ele>459</ele>
        <time>2024-06-07T15:28:54Z</time>
      </trkpt>
      <trkpt lat="47.358125" lon="8.562871">
        <ele>432</ele>
        <time>2024-06-07T15:29:03Z</time>
        <cmt>speed: 0.3</cmt>
      </trkpt>
      <trkpt lat="47.358135" lon="8.562849">
        <ele>437</ele>
        <time>2024-06-07T15:38:56Z</time>
        <cmt>speed: 0.4</cmt>
      </trkpt>
      <trkpt lat="47.358135" lon="8.562849">
        <ele>437</ele>
        <time>2024-06-07T15:48:37Z</time>
      </trkpt>
      <trkpt lat="47.358237" lon="8.562964">
        <ele>444</ele>
        <time>2024-06-07T15:48:46Z</time>
        <cmt>speed: 0.3</cmt>
      </trkpt>
      <trkpt lat="47.358181" lon="8.562951">
        <ele>462</ele>
        <time>2024-06-07T15:59:04Z</time>
        <cmt>speed: 1.6</cmt>
      </trkpt>
      <trkpt lat="47.358181" lon="8.562951">
        <ele>462</ele>
        <time>2024-06-07T16:08:31Z</time>
      </trkpt>
      <trkpt lat="47.358253" lon="8.562968">
        <ele>441</ele>
        <time>2024-06-07T16:08:40Z</time>
        <cmt>speed: 0.2</cmt>
      </trkpt>
      <trkpt lat="47.358253" lon="8.562968">
        <ele>441</ele>
        <time>2024-06-07T16:25:13Z</time>
      </trkpt>
      <trkpt lat="47.358249" lon="8.56298">
        <ele>448</ele>
        <time>2024-06-07T16:44:23Z</time>
        <cmt>speed: 0.3</cmt>
      </trkpt>
      <trkpt lat="47.358129" lon="8.56306">
        <ele>459</ele>
        <time>2024-06-07T16:54:20Z</time>
        <cmt>speed: 1.1</cmt>
      </trkpt>
      <trkpt lat="47.357891" lon="8.563668">
        <ele>433</ele>
        <time>2024-06-07T17:04:21Z</time>
        <cmt>speed: 0.0</cmt>
      </trkpt>
      <trkpt lat="47.358404" lon="8.563545">
        <ele>447</ele>
        <time>2024-06-07T17:14:20Z</time>
        <cmt>speed: 0.1</cmt>
      </trkpt>
      <trkpt lat="47.358601" lon="8.563518">
        <ele>471</ele>
        <time>2024-06-07T17:24:20Z</time>
        <cmt>speed: 0.2</cmt>
      </trkpt>
      <trkpt lat="47.358697" lon="8.562768">
        <ele>428</ele>
        <time>2024-06-07T17:34:20Z</time>
        <cmt>speed: 0.0</cmt>
      </trkpt>
      <trkpt lat="47.358682" lon="8.56209">
        <ele>447</ele>
        <time>2024-06-07T17:44:22Z</time>
        <cmt>speed: 0.1</cmt>
      </trkpt>
      <trkpt lat="47.358682" lon="8.56209">
        <ele>447</ele>
        <time>2024-06-07T17:54:20Z</time>
      </trkpt>
      <trkpt lat="47.358959" lon="8.561423">
        <ele>442</ele>
        <time>2024-06-07T17:54:29Z</time>
        <cmt>speed: 0.4</cmt>
      </trkpt>
      <trkpt lat="47.358998" lon="8.561312">
        <ele>422</ele>
        <time>2024-06-07T18:04:20Z</time>
        <cmt>speed: 0.5</cmt>
      </trkpt>
      <trkpt lat="47.358998" lon="8.561312">
        <ele>422</ele>
        <time>2024-06-07T18:05:13Z</time>
      </trkpt>
      <trkpt lat="47.358844" lon="8.561005">
        <ele>425</ele>
        <time>2024-06-07T18:14:22Z</time>
        <cmt>speed: 0.2</cmt>
      </trkpt>
      <trkpt lat="47.358998" lon="8.561138">
        <ele>415</ele>
        <time>2024-06-07T18:24:20Z</time>
        <cmt>speed: 2.1</cmt>
      </trkpt>
      <trkpt lat="47.358998" lon="8.561138">
        <ele>415</ele>
        <time>2024-06-07T18:34:13Z</time>
      </trkpt>
      <trkpt lat="47.359003" lon="8.560933">
        <ele>473</ele>
        <time>2024-06-07T18:34:22Z</time>
        <cmt>speed: 0.0</cmt>
      </trkpt>
      <trkpt lat="47.35902" lon="8.5612">
        <ele>458</ele>
        <time>2024-06-07T18:44:22Z</time>
        <cmt>speed: 1.6</cmt>
      </trkpt>
      <trkpt lat="47.35902" lon="8.5612">
        <ele>458</ele>
        <time>2024-06-07T18:45:13Z</time>
      </trkpt>
      <trkpt lat="47.358932" lon="8.561242">
        <ele>464</ele>
        <time>2024-06-07T18:54:24Z</time>
        <cmt>speed: 0.4</cmt>
      </trkpt>
      <trkpt lat="47.358844" lon="8.561003">
        <ele>416</ele>
        <time>2024-06-07T19:04:26Z</time>
        <cmt>speed: 0.0</cmt>
      </trkpt>
      <trkpt lat="47.358844" lon="8.561003">
        <ele>416</ele>
        <time>2024-06-07T19:14:16Z</time>
      </trkpt>
      <trkpt lat="47.358901" lon="8.560925">
        <ele>468</ele>
        <time>2024-06-07T19:14:25Z</time>
        <cmt>speed: 0.2</cmt>
      </trkpt>
      <trkpt lat="47.358696" lon="8.56102">
        <ele>409</ele>
        <time>2024-06-07T19:24:20Z</time>
        <cmt>speed: 0.6</cmt>
      </trkpt>
      <trkpt lat="47.358696" lon="8.56102">
        <ele>409</ele>
        <time>2024-06-07T19:34:12Z</time>
      </trkpt>
      <trkpt lat="47.358392" lon="8.560901">
        <ele>431</ele>
        <time>2024-06-07T19:34:21Z</time>
        <cmt>speed: 0.3</cmt>
      </trkpt>
      <trkpt lat="47.35873" lon="8.560999">
        <ele>450</ele>
        <time>2024-06-07T19:44:22Z</time>
        <cmt>speed: 0.2</cmt>
      </trkpt>
      <trkpt lat="47.358802" lon="8.559384">
        <ele>437</ele>
        <time>2024-06-07T19:54:24Z</time>
        <cmt>speed: 4.9</cmt>
      </trkpt>
      <trkpt lat="47.358272" lon="8.56014">
        <ele>443</ele>
        <time>2024-06-07T20:04:22Z</time>
        <cmt>speed: 0.5</cmt>
      </trkpt>
      <trkpt lat="47.358272" lon="8.56014">
        <ele>443</ele>
        <time>2024-06-07T20:14:12Z</time>
      </trkpt>
      <trkpt lat="47.357365" lon="8.560271">
        <ele>441</ele>
        <time>2024-06-07T20:14:21Z</time>
        <cmt>speed: 0.3</cmt>
      </trkpt>
      <trkpt lat="47.35732" lon="8.560269">
        <ele>448</ele>
        <time>2024-06-07T20:24:24Z</time>
        <cmt>speed: 0.5</cmt>
      </trkpt>
      <trkpt lat="47.357316" lon="8.561553">
        <ele>443</ele>
        <time>2024-06-07T20:34:22Z</time>
        <cmt>speed: 1.7</cmt>
      </trkpt>
      <trkpt lat="47.357827" lon="8.562205">
        <ele>400</ele>
        <time>2024-06-07T20:44:22Z</time>
        <cmt>speed: 0.5</cmt>
      </trkpt>
      <trkpt lat="47.359292" lon="8.561569">
        <ele>440</ele>
        <time>2024-06-07T20:54:23Z</time>
        <cmt>speed: 0.7</cmt>
      </trkpt>
      <trkpt lat="47.358862" lon="8.564433">
        <ele>460</ele>
        <time>2024-06-07T21:04:21Z</time>
        <cmt>speed: 1.9</cmt>
      </trkpt>
      <trkpt lat="47.358367" lon="8.564873">
        <ele>452</ele>
        <time>2024-06-07T21:14:21Z</time>
        <cmt>speed: 0.6</cmt>
      </trkpt>
      <trkpt lat="47.357903" lon="8.564181">
        <ele>457</ele>
        <time>2024-06-07T21:24:20Z</time>
        <cmt>speed: 0.5</cmt>
      </trkpt>
      <trkpt lat="47.357576" lon="8.564136">
        <ele>456</ele>
        <time>2024-06-07T21:34:21Z</time>
        <cmt>speed: 0.3</cmt>
      </trkpt>
      <trkpt lat="47.357418" lon="8.564344">
        <ele>476</ele>
        <time>2024-06-07T21:44:21Z</time>
        <cmt>speed: 0.7</cmt>
      </trkpt>
      <trkpt lat="47.357418" lon="8.564344">
        <ele>476</ele>
        <time>2024-06-07T21:45:13Z</time>
      </trkpt>
      <trkpt lat="47.35738" lon="8.564383">
        <ele>476</ele>
        <time>2024-06-07T21:54:22Z</time>
        <cmt>speed: 0.4</cmt>
      </trkpt>
      <trkpt lat="47.357477" lon="8.564251">
        <ele>440</ele>
        <time>2024-06-07T22:04:21Z</time>
        <cmt>speed: 0.4</cmt>
      </trkpt>
      <trkpt lat="47.357477" lon="8.564251">
        <ele>440</ele>
        <time>2024-06-07T22:14:12Z</time>
      </trkpt>
      <trkpt lat="47.357542" lon="8.564233">
        <ele>469</ele>
        <time>2024-06-07T22:14:21Z</time>
        <cmt>speed: 0.6</cmt>
      </trkpt>
      <trkpt lat="47.35743" lon="8.564348">
        <ele>466</ele>
        <time>2024-06-07T22:24:23Z</time>
        <cmt>speed: 0.7</cmt>
      </trkpt>
      <trkpt lat="47.35743" lon="8.564348">
        <ele>466</ele>
        <time>2024-06-07T22:25:13Z</time>
      </trkpt>
      <trkpt lat="47.357518" lon="8.564155">
        <ele>461</ele>
        <time>2024-06-07T22:34:24Z</time>
        <cmt>speed: 0.0</cmt>
      </trkpt>
      <trkpt lat="47.357549" lon="8.564324">
        <ele>485</ele>
        <time>2024-06-07T22:44:20Z</time>
        <cmt>speed: 0.1</cmt>
      </trkpt>
      <trkpt lat="47.357549" lon="8.564324">
        <ele>485</ele>
        <time>2024-06-07T22:45:13Z</time>
      </trkpt>
      <trkpt lat="47.357445" lon="8.564444">
        <ele>427</ele>
        <time>2024-06-07T22:54:21Z</time>
        <cmt>speed: 1.0</cmt>
      </trkpt>
      <trkpt lat="47.357445" lon="8.564444">
        <ele>427</ele>
        <time>2024-06-07T23:05:13Z</time>
      </trkpt>
      <trkpt lat="47.35742" lon="8.564371">
        <ele>453</ele>
        <time>2024-06-07T23:08:15Z</time>
        <cmt>speed: 0.3</cmt>
      </trkpt>
      <trkpt lat="47.357822" lon="8.564785">
        <ele>435</ele>
        <time>2024-06-07T23:18:16Z</time>
        <cmt>speed: 1.4</cmt>
      </trkpt>
      <trkpt lat="47.358603" lon="8.565172">
        <ele>460</ele>
        <time>2024-06-07T23:28:18Z</time>
        <cmt>speed: 0.6</cmt>
      </trkpt>
      <trkpt lat="47.359306" lon="8.562187">
        <ele>488</ele>
        <time>2024-06-07T23:38:18Z</time>
        <cmt>speed: 1.6</cmt>
      </trkpt>
      <trkpt lat="47.358274" lon="8.561762">
        <ele>493</ele>
        <time>2024-06-07T23:48:15Z</time>
        <cmt>speed: 1.6</cmt>
      </trkpt>
      <trkpt lat="47.357486" lon="8.56138">
        <ele>430</ele>
        <time>2024-06-07T23:58:30Z</time>
        <cmt>speed: 0.1</cmt>
      </trkpt>
      <trkpt lat="47.357509" lon="8.562385">
        <ele>436</ele>
        <time>2024-06-08T00:08:22Z</time>
        <cmt>speed: 0.4</cmt>
      </trkpt>
      <trkpt lat="47.358969" lon="8.561748">
        <ele>425</ele>
        <time>2024-06-08T00:18:20Z</time>
        <cmt>speed: 0.1</cmt>
      </trkpt>
      <trkpt lat="47.35946" lon="8.560077">
        <ele>458</ele>
        <time>2024-06-08T00:28:18Z</time>
        <cmt>speed: 0.4</cmt>
      </trkpt>
      <trkpt lat="47.358854" lon="8.561002">
        <ele>434</ele>
        <time>2024-06-08T00:38:16Z</time>
        <cmt>speed: 0.6</cmt>
      </trkpt>
      <trkpt lat="47.357926" lon="8.56158">
        <ele>469</ele>
        <time>2024-06-08T00:48:15Z</time>
        <cmt>speed: 0.5</cmt>
      </trkpt>
      <trkpt lat="47.357803" lon="8.563304">
        <ele>458</ele>
        <time>2024-06-08T00:58:17Z</time>
        <cmt>speed: 0.3</cmt>
      </trkpt>
      <trkpt lat="47.357353" lon="8.563856">
        <ele>485</ele>
        <time>2024-06-08T01:08:16Z</time>
        <cmt>speed: 0.0</cmt>
      </trkpt>
      <trkpt lat="47.357337" lon="8.563862">
        <ele>452</ele>
        <time>2024-06-08T01:18:17Z</time>
        <cmt>speed: 0.0</cmt>
      </trkpt>
      <trkpt lat="47.357337" lon="8.563862">
        <ele>452</ele>
        <time>2024-06-08T01:28:08Z</time>
      </trkpt>
      <trkpt lat="47.357453" lon="8.563897">
        <ele>470</ele>
        <time>2024-06-08T01:28:19Z</time>
        <cmt>speed: 0.4</cmt>
      </trkpt>
      <trkpt lat="47.357389" lon="8.563866">
        <ele>507</ele>
        <time>2024-06-08T01:38:30Z</time>
        <cmt>speed: 0.8</cmt>
      </trkpt>
      <trkpt lat="47.357389" lon="8.563866">
        <ele>507</ele>
        <time>2024-06-08T01:48:19Z</time>
      </trkpt>
      <trkpt lat="47.357349" lon="8.563864">
        <ele>472</ele>
        <time>2024-06-08T01:48:29Z</time>
        <cmt>speed: 0.1</cmt>
      </trkpt>
      <trkpt lat="47.35734" lon="8.563905">
        <ele>459</ele>
        <time>2024-06-08T01:58:30Z</time>
        <cmt>speed: 0.0</cmt>
      </trkpt>
      <trkpt lat="47.35734" lon="8.563905">
        <ele>459</ele>
        <time>2024-06-08T02:08:18Z</time>
      </trkpt>
      <trkpt lat="47.357266" lon="8.56397">
        <ele>442</ele>
        <time>2024-06-08T02:08:28Z</time>
        <cmt>speed: 0.4</cmt>
      </trkpt>
      <trkpt lat="47.357411" lon="8.563887">
        <ele>497</ele>
        <time>2024-06-08T02:25:22Z</time>
        <cmt>speed: 1.4</cmt>
      </trkpt>
      <trkpt lat="47.357363" lon="8.563862">
        <ele>458</ele>
        <time>2024-06-08T02:35:23Z</time>
        <cmt>speed: 0.2</cmt>
      </trkpt>
      <trkpt lat="47.357254" lon="8.563785">
        <ele>427</ele>
        <time>2024-06-08T02:45:22Z</time>
        <cmt>speed: 3.5</cmt>
      </trkpt>
      <trkpt lat="47.357281" lon="8.563943">
        <ele>444</ele>
        <time>2024-06-08T02:55:22Z</time>
        <cmt>speed: 0.3</cmt>
      </trkpt>
      <trkpt lat="47.357277" lon="8.563877">
        <ele>453</ele>
        <time>2024-06-08T03:05:23Z</time>
        <cmt>speed: 0.1</cmt>
      </trkpt>
      <trkpt lat="47.357277" lon="8.563877">
        <ele>453</ele>
        <time>2024-06-08T03:05:23Z</time>
      </trkpt>
      <trkpt lat="47.357369" lon="8.56398">
        <ele>465</ele>
        <time>2024-06-08T03:15:21Z</time>
        <cmt>speed: 0.8</cmt>
      </trkpt>
      <trkpt lat="47.357387" lon="8.564008">
        <ele>470</ele>
        <time>2024-06-08T03:25:21Z</time>
        <cmt>speed: 0.2</cmt>
      </trkpt>
      <trkpt lat="47.357304" lon="8.563927">
        <ele>499</ele>
        <time>2024-06-08T03:35:23Z</time>
        <cmt>speed: 0.1</cmt>
      </trkpt>
      <trkpt lat="47.357261" lon="8.5638">
        <ele>450</ele>
        <time>2024-06-08T03:45:23Z</time>
        <cmt>speed: 0.1</cmt>
      </trkpt>
      <trkpt lat="47.357261" lon="8.5638">
        <ele>450</ele>
        <time>2024-06-08T03:45:23Z</time>
      </trkpt>
      <trkpt lat="47.357313" lon="8.563897">
        <ele>443</ele>
        <time>2024-06-08T03:55:24Z</time>
        <cmt>speed: 0.0</cmt>
      </trkpt>
      <trkpt lat="47.357254" lon="8.563721">
        <ele>455</ele>
        <time>2024-06-08T04:05:21Z</time>
        <cmt>speed: 0.0</cmt>
      </trkpt>
      <trkpt lat="47.357254" lon="8.563721">
        <ele>455</ele>
        <time>2024-06-08T04:05:22Z</time>
      </trkpt>
      <trkpt lat="47.357352" lon="8.564066">
        <ele>435</ele>
        <time>2024-06-08T04:15:21Z</time>
        <cmt>speed: 0.3</cmt>
      </trkpt>
      <trkpt lat="47.357316" lon="8.563836">
        <ele>455</ele>
        <time>2024-06-08T04:25:22Z</time>
        <cmt>speed: 0.5</cmt>
      </trkpt>
      <trkpt lat="47.357316" lon="8.563836">
        <ele>455</ele>
        <time>2024-06-08T04:25:23Z</time>
      </trkpt>
      <trkpt lat="47.357328" lon="8.563831">
        <ele>459</ele>
        <time>2024-06-08T04:35:48Z</time>
        <cmt>speed: 1.0</cmt>
      </trkpt>
      <trkpt lat="47.357227" lon="8.56391">
        <ele>449</ele>
        <time>2024-06-08T05:05:26Z</time>
        <cmt>speed: 0.4</cmt>
      </trkpt>
      <trkpt lat="47.357227" lon="8.56391">
        <ele>449</ele>
        <time>2024-06-08T05:05:26Z</time>
      </trkpt>
      <trkpt lat="47.357239" lon="8.563726">
        <ele>481</ele>
        <time>2024-06-08T05:49:55Z</time>
        <cmt>speed: 0.2</cmt>
      </trkpt>
      <trkpt lat="47.357239" lon="8.563726">
        <ele>481</ele>
        <time>2024-06-08T05:49:55Z</time>
      </trkpt>
      <trkpt lat="47.357409" lon="8.563872">
        <ele>481</ele>
        <time>2024-06-08T05:59:51Z</time>
        <cmt>speed: 0.1</cmt>
      </trkpt>
      <trkpt lat="47.357343" lon="8.563823">
        <ele>455</ele>
        <time>2024-06-08T06:09:54Z</time>
        <cmt>speed: 0.1</cmt>
      </trkpt>
      <trkpt lat="47.357553" lon="8.56343">
        <ele>448</ele>
        <time>2024-06-08T06:19:51Z</time>
        <cmt>speed: 0.4</cmt>
      </trkpt>
      <trkpt lat="47.357597" lon="8.563104">
        <ele>448</ele>
        <time>2024-06-08T06:29:52Z</time>
        <cmt>speed: 0.2</cmt>
      </trkpt>
      <trkpt lat="47.358337" lon="8.5626">
        <ele>476</ele>
        <time>2024-06-08T06:39:51Z</time>
        <cmt>speed: 0.0</cmt>
      </trkpt>
      <trkpt lat="47.360029" lon="8.561779">
        <ele>406</ele>
        <time>2024-06-08T06:49:53Z</time>
        <cmt>speed: 0.3</cmt>
      </trkpt>
      <trkpt lat="47.360029" lon="8.561779">
        <ele>406</ele>
        <time>2024-06-08T06:49:53Z</time>
      </trkpt>
      <trkpt lat="47.359974" lon="8.56367">
        <ele>434</ele>
        <time>2024-06-08T06:53:44Z</time>
      </trkpt>
      <trkpt lat="47.359974" lon="8.56367">
        <ele>434</ele>
        <time>2024-06-08T07:08:44Z</time>
      </trkpt>
      <trkpt lat="47.359974" lon="8.56367">
        <ele>434</ele>
        <time>2024-06-08T12:02:11Z</time>
      </trkpt>
      <trkpt lat="47.359685" lon="8.563492">
        <ele>373</ele>
        <time>2024-06-08T12:02:23Z</time>
        <cmt>speed: 0.3</cmt>
      </trkpt>
      <trkpt lat="47.359974" lon="8.56367">
        <ele>434</ele>
        <time>2024-06-08T12:07:10Z</time>
      </trkpt>
      <trkpt lat="47.36007" lon="8.563412">
        <ele>500</ele>
        <time>2024-06-08T12:13:51Z</time>
        <cmt>speed: 0.5</cmt>
      </trkpt>
      <trkpt lat="47.359974" lon="8.56367">
        <ele>434</ele>
        <time>2024-06-08T12:21:12Z</time>
      </trkpt>
      <trkpt lat="47.359829" lon="8.56346">
        <ele>436</ele>
        <time>2024-06-08T12:27:36Z</time>
        <cmt>speed: 0.9</cmt>
      </trkpt>
      <trkpt lat="47.359792" lon="8.563629">
        <ele>459</ele>
        <time>2024-06-08T12:37:31Z</time>
        <cmt>speed: 0.2</cmt>
      </trkpt>
      <trkpt lat="47.359619" lon="8.563802">
        <ele>402</ele>
        <time>2024-06-08T12:47:33Z</time>
        <cmt>speed: 0.1</cmt>
      </trkpt>
      <trkpt lat="47.359965" lon="8.562987">
        <ele>443</ele>
        <time>2024-06-08T12:57:32Z</time>
        <cmt>speed: 0.7</cmt>
      </trkpt>
      <trkpt lat="47.359724" lon="8.563293">
        <ele>453</ele>
        <time>2024-06-08T13:07:30Z</time>
        <cmt>speed: 0.1</cmt>
      </trkpt>
      <trkpt lat="47.359724" lon="8.563293">
        <ele>453</ele>
        <time>2024-06-08T13:07:35Z</time>
      </trkpt>
      <trkpt lat="47.359824" lon="8.563594">
        <ele>449</ele>
        <time>2024-06-08T13:17:31Z</time>
        <cmt>speed: 0.1</cmt>
      </trkpt>
      <trkpt lat="47.359974" lon="8.56367">
        <ele>434</ele>
        <time>2024-06-08T13:18:12Z</time>
      </trkpt>
      <trkpt lat="47.359974" lon="8.56367">
        <ele>434</ele>
        <time>2024-06-08T13:33:12Z</time>
      </trkpt>
      <trkpt lat="47.36" lon="8.563535">
        <ele>399</ele>
        <time>2024-06-08T15:30:39Z</time>
        <cmt>speed: 0.3</cmt>
      </trkpt>
      <trkpt lat="47.36007" lon="8.563527">
        <ele>441</ele>
        <time>2024-06-08T15:40:42Z</time>
        <cmt>speed: 0.1</cmt>
      </trkpt>
      <trkpt lat="47.359974" lon="8.56367">
        <ele>434</ele>
        <time>2024-06-08T15:42:54Z</time>
      </trkpt>
      <trkpt lat="47.360363" lon="8.563019">
        <ele>438</ele>
        <time>2024-06-08T15:50:32Z</time>
        <cmt>speed: 1.0</cmt>
      </trkpt>
      <trkpt lat="47.36029" lon="8.563687">
        <ele>400</ele>
        <time>2024-06-08T16:00:35Z</time>
        <cmt>speed: 0.2</cmt>
      </trkpt>
      <trkpt lat="47.359983" lon="8.563578">
        <ele>439</ele>
        <time>2024-06-08T16:10:28Z</time>
        <cmt>speed: 1.5</cmt>
      </trkpt>
      <trkpt lat="47.360365" lon="8.563333">
        <ele>447</ele>
        <time>2024-06-08T16:21:07Z</time>
        <cmt>speed: 0.1</cmt>
      </trkpt>
      <trkpt lat="47.360175" lon="8.563675">
        <ele>383</ele>
        <time>2024-06-08T16:30:44Z</time>
        <cmt>speed: 0.3</cmt>
      </trkpt>
      <trkpt lat="47.360287" lon="8.562917">
        <ele>482</ele>
        <time>2024-06-08T16:46:34Z</time>
        <cmt>speed: 4.4</cmt>
      </trkpt>
      <trkpt lat="47.359872" lon="8.563597">
        <ele>426</ele>
        <time>2024-06-08T16:50:30Z</time>
        <cmt>speed: 0.5</cmt>
      </trkpt>
      <trkpt lat="47.359959" lon="8.563643">
        <ele>434</ele>
        <time>2024-06-08T16:59:23Z</time>
      </trkpt>
      <trkpt lat="47.359974" lon="8.56367">
        <ele>434</ele>
        <time>2024-06-08T17:14:22Z</time>
      </trkpt>
      <trkpt lat="47.360057" lon="8.563384">
        <ele>479</ele>
        <time>2024-06-08T17:29:59Z</time>
        <cmt>speed: 0.0</cmt>
      </trkpt>
      <trkpt lat="47.359959" lon="8.563643">
        <ele>434</ele>
        <time>2024-06-08T17:36:02Z</time>
      </trkpt>
      <trkpt lat="47.360039" lon="8.563366">
        <ele>431</ele>
        <time>2024-06-08T17:40:01Z</time>
        <cmt>speed: 0.3</cmt>
      </trkpt>
      <trkpt lat="47.359959" lon="8.563643">
        <ele>434</ele>
        <time>2024-06-08T17:42:24Z</time>
      </trkpt>
      <trkpt lat="47.359959" lon="8.563643">
        <ele>434</ele>
        <time>2024-06-08T17:57:24Z</time>
      </trkpt>
      <trkpt lat="47.359959" lon="8.563643">
        <ele>434</ele>
        <time>2024-06-08T18:05:54Z</time>
      </trkpt>
      <trkpt lat="47.359994" lon="8.563395">
        <ele>452</ele>
        <time>2024-06-08T18:05:56Z</time>
        <cmt>speed: 0.2</cmt>
      </trkpt>
      <trkpt lat="47.359959" lon="8.563643">
        <ele>434</ele>
        <time>2024-06-08T18:09:54Z</time>
      </trkpt>
      <trkpt lat="47.359935" lon="8.56358">
        <ele>448</ele>
        <time>2024-06-08T18:21:43Z</time>
        <cmt>speed: 0.5</cmt>
      </trkpt>
      <trkpt lat="47.359974" lon="8.56367">
        <ele>434</ele>
        <time>2024-06-08T18:23:10Z</time>
      </trkpt>
      <trkpt lat="47.359974" lon="8.56367">
        <ele>434</ele>
        <time>2024-06-08T18:38:10Z</time>
      </trkpt>
      <trkpt lat="47.359974" lon="8.56367">
        <ele>434</ele>
        <time>2024-06-09T06:38:10Z</time>
      </trkpt>
      <trkpt lat="47.359974" lon="8.56367">
        <ele>434</ele>
        <time>2024-06-09T18:38:28Z</time>
      </trkpt>
      <trkpt lat="47.359974" lon="8.56367">
        <ele>434</ele>
        <time>2024-06-10T06:38:47Z</time>
      </trkpt>
      <trkpt lat="47.359974" lon="8.56367">
        <ele>434</ele>
        <time>2024-06-10T08:40:11Z</time>
      </trkpt>
      <trkpt lat="47.360362" lon="8.563248">
        <ele>439</ele>
        <time>2024-06-10T08:40:56Z</time>
        <cmt>speed: 0.9</cmt>
      </trkpt>
      <trkpt lat="47.359885" lon="8.563357">
        <ele>433</ele>
        <time>2024-06-10T08:50:21Z</time>
        <cmt>speed: 1.6</cmt>
      </trkpt>
      <trkpt lat="47.358894" lon="8.561189">
        <ele>439</ele>
        <time>2024-06-10T09:10:23Z</time>
        <cmt>speed: 0.0</cmt>
      </trkpt>
      <trkpt lat="47.358545" lon="8.560622">
        <ele>452</ele>
        <time>2024-06-10T09:20:41Z</time>
        <cmt>speed: 1.3</cmt>
      </trkpt>
      <trkpt lat="47.358714" lon="8.560617">
        <ele>416</ele>
        <time>2024-06-10T09:30:27Z</time>
        <cmt>speed: 0.1</cmt>
      </trkpt>
      <trkpt lat="47.358714" lon="8.560617">
        <ele>416</ele>
        <time>2024-06-10T09:40:18Z</time>
      </trkpt>
      <trkpt lat="47.358498" lon="8.56051">
        <ele>424</ele>
        <time>2024-06-10T09:40:26Z</time>
        <cmt>speed: 0.9</cmt>
      </trkpt>
      <trkpt lat="47.358556" lon="8.561146">
        <ele>416</ele>
        <time>2024-06-10T09:50:21Z</time>
        <cmt>speed: 0.2</cmt>
      </trkpt>
      <trkpt lat="47.358424" lon="8.560955">
        <ele>453</ele>
        <time>2024-06-10T10:00:21Z</time>
        <cmt>speed: 1.5</cmt>
      </trkpt>
      <trkpt lat="47.358446" lon="8.561287">
        <ele>452</ele>
        <time>2024-06-10T10:10:22Z</time>
        <cmt>speed: 0.1</cmt>
      </trkpt>
      <trkpt lat="47.35892" lon="8.561128">
        <ele>434</ele>
        <time>2024-06-10T10:30:24Z</time>
        <cmt>speed: 0.0</cmt>
      </trkpt>
      <trkpt lat="47.358893" lon="8.561127">
        <ele>443</ele>
        <time>2024-06-10T10:40:29Z</time>
        <cmt>speed: 0.3</cmt>
      </trkpt>
      <trkpt lat="47.358911" lon="8.561116">
        <ele>430</ele>
        <time>2024-06-10T10:50:32Z</time>
        <cmt>speed: 1.1</cmt>
      </trkpt>
      <trkpt lat="47.358859" lon="8.561097">
        <ele>441</ele>
        <time>2024-06-10T11:10:35Z</time>
        <cmt>speed: 0.2</cmt>
      </trkpt>
      <trkpt lat="47.358837" lon="8.561094">
        <ele>449</ele>
        <time>2024-06-10T11:30:48Z</time>
        <cmt>speed: 0.0</cmt>
      </trkpt>
      <trkpt lat="47.358837" lon="8.561094">
        <ele>449</ele>
        <time>2024-06-10T12:00:21Z</time>
      </trkpt>
      <trkpt lat="47.358938" lon="8.561209">
        <ele>421</ele>
        <time>2024-06-10T12:00:30Z</time>
        <cmt>speed: 0.3</cmt>
      </trkpt>
      <trkpt lat="47.358864" lon="8.561294">
        <ele>466</ele>
        <time>2024-06-10T12:10:45Z</time>
        <cmt>speed: 0.0</cmt>
      </trkpt>
      <trkpt lat="47.358864" lon="8.561294">
        <ele>466</ele>
        <time>2024-06-10T12:20:16Z</time>
      </trkpt>
      <trkpt lat="47.358948" lon="8.561308">
        <ele>465</ele>
        <time>2024-06-10T12:26:38Z</time>
        <cmt>speed: 0.2</cmt>
      </trkpt>
      <trkpt lat="47.358882" lon="8.561195">
        <ele>446</ele>
        <time>2024-06-10T12:36:38Z</time>
        <cmt>speed: 0.0</cmt>
      </trkpt>
      <trkpt lat="47.358882" lon="8.561195">
        <ele>446</ele>
        <time>2024-06-10T12:40:16Z</time>
      </trkpt>
      <trkpt lat="47.35885" lon="8.561003">
        <ele>439</ele>
        <time>2024-06-10T12:46:32Z</time>
        <cmt>speed: 0.1</cmt>
      </trkpt>
      <trkpt lat="47.358974" lon="8.561155">
        <ele>428</ele>
        <time>2024-06-10T13:36:37Z</time>
        <cmt>speed: 0.0</cmt>
      </trkpt>
      <trkpt lat="47.358974" lon="8.561155">
        <ele>428</ele>
        <time>2024-06-10T13:46:28Z</time>
      </trkpt>
      <trkpt lat="47.35889" lon="8.561105">
        <ele>418</ele>
        <time>2024-06-10T13:46:37Z</time>
        <cmt>speed: 0.2</cmt>
      </trkpt>
      <trkpt lat="47.358822" lon="8.561081">
        <ele>458</ele>
        <time>2024-06-10T14:39:55Z</time>
        <cmt>speed: 0.0</cmt>
      </trkpt>
      <trkpt lat="47.358822" lon="8.561081">
        <ele>458</ele>
        <time>2024-06-10T14:40:16Z</time>
      </trkpt>
      <trkpt lat="47.358806" lon="8.561025">
        <ele>417</ele>
        <time>2024-06-10T15:28:16Z</time>
        <cmt>speed: 1.5</cmt>
      </trkpt>
      <trkpt lat="47.358778" lon="8.561038">
        <ele>431</ele>
        <time>2024-06-10T15:59:44Z</time>
        <cmt>speed: 0.7</cmt>
      </trkpt>
      <trkpt lat="47.358902" lon="8.561002">
        <ele>434</ele>
        <time>2024-06-10T16:09:49Z</time>
        <cmt>speed: 0.0</cmt>
      </trkpt>
      <trkpt lat="47.358798" lon="8.560703">
        <ele>425</ele>
        <time>2024-06-10T16:19:42Z</time>
        <cmt>speed: 0.9</cmt>
      </trkpt>
      <trkpt lat="47.35926" lon="8.559803">
        <ele>427</ele>
        <time>2024-06-10T16:29:49Z</time>
        <cmt>speed: 0.8</cmt>
      </trkpt>
      <trkpt lat="47.358894" lon="8.558634">
        <ele>429</ele>
        <time>2024-06-10T16:39:42Z</time>
        <cmt>speed: 0.2</cmt>
      </trkpt>
      <trkpt lat="47.358187" lon="8.559338">
        <ele>444</ele>
        <time>2024-06-10T16:49:44Z</time>
        <cmt>speed: 0.3</cmt>
      </trkpt>
      <trkpt lat="47.357955" lon="8.561007">
        <ele>457</ele>
        <time>2024-06-10T16:59:45Z</time>
        <cmt>speed: 0.2</cmt>
      </trkpt>
      <trkpt lat="47.357584" lon="8.562098">
        <ele>437</ele>
        <time>2024-06-10T17:09:45Z</time>
        <cmt>speed: 0.0</cmt>
      </trkpt>
      <trkpt lat="47.358659" lon="8.562277">
        <ele>438</ele>
        <time>2024-06-10T17:19:42Z</time>
        <cmt>speed: 0.9</cmt>
      </trkpt>
      <trkpt lat="47.358312" lon="8.561341">
        <ele>435</ele>
        <time>2024-06-10T17:29:42Z</time>
        <cmt>speed: 0.7</cmt>
      </trkpt>
      <trkpt lat="47.358312" lon="8.561341">
        <ele>435</ele>
        <time>2024-06-10T17:39:33Z</time>
      </trkpt>
      <trkpt lat="47.35841" lon="8.561013">
        <ele>428</ele>
        <time>2024-06-10T17:39:43Z</time>
        <cmt>speed: 0.6</cmt>
      </trkpt>
      <trkpt lat="47.358696" lon="8.560715">
        <ele>369</ele>
        <time>2024-06-10T17:49:46Z</time>
        <cmt>speed: 0.0</cmt>
      </trkpt>
      <trkpt lat="47.358696" lon="8.560715">
        <ele>369</ele>
        <time>2024-06-10T17:59:34Z</time>
      </trkpt>
      <trkpt lat="47.358573" lon="8.560888">
        <ele>420</ele>
        <time>2024-06-10T17:59:44Z</time>
        <cmt>speed: 0.0</cmt>
      </trkpt>
      <trkpt lat="47.358512" lon="8.56103">
        <ele>446</ele>
        <time>2024-06-10T18:09:49Z</time>
        <cmt>speed: 0.0</cmt>
      </trkpt>
      <trkpt lat="47.358512" lon="8.56103">
        <ele>446</ele>
        <time>2024-06-10T18:19:33Z</time>
      </trkpt>
      <trkpt lat="47.35856" lon="8.560906">
        <ele>405</ele>
        <time>2024-06-10T18:19:43Z</time>
        <cmt>speed: 1.2</cmt>
      </trkpt>
      <trkpt lat="47.358749" lon="8.560876">
        <ele>417</ele>
        <time>2024-06-10T18:29:43Z</time>
        <cmt>speed: 0.8</cmt>
      </trkpt>
      <trkpt lat="47.357921" lon="8.561081">
        <ele>419</ele>
        <time>2024-06-10T18:39:43Z</time>
        <cmt>speed: 3.0</cmt>
      </trkpt>
      <trkpt lat="47.357488" lon="8.560628">
        <ele>417</ele>
        <time>2024-06-10T18:49:44Z</time>
        <cmt>speed: 0.2</cmt>
      </trkpt>
      <trkpt lat="47.358654" lon="8.559759">
        <ele>437</ele>
        <time>2024-06-10T18:59:46Z</time>
        <cmt>speed: 0.0</cmt>
      </trkpt>
      <trkpt lat="47.359172" lon="8.561666">
        <ele>423</ele>
        <time>2024-06-10T19:09:44Z</time>
        <cmt>speed: 2.7</cmt>
      </trkpt>
      <trkpt lat="47.357989" lon="8.561821">
        <ele>425</ele>
        <time>2024-06-10T19:19:43Z</time>
        <cmt>speed: 0.4</cmt>
      </trkpt>
      <trkpt lat="47.357563" lon="8.563056">
        <ele>451</ele>
        <time>2024-06-10T19:29:47Z</time>
        <cmt>speed: 0.3</cmt>
      </trkpt>
      <trkpt lat="47.35703" lon="8.563511">
        <ele>489</ele>
        <time>2024-06-10T19:39:34Z</time>
        <cmt>speed: 0.4</cmt>
      </trkpt>
      <trkpt lat="47.356959" lon="8.56351">
        <ele>464</ele>
        <time>2024-06-10T19:39:38Z</time>
        <cmt>speed: 0.1</cmt>
      </trkpt>
      <trkpt lat="47.356959" lon="8.56351">
        <ele>464</ele>
        <time>2024-06-10T19:39:42Z</time>
        <cmt>speed: 0.0</cmt>
      </trkpt>
      <trkpt lat="47.356959" lon="8.56351">
        <ele>464</ele>
        <time>2024-06-10T19:39:46Z</time>
        <cmt>speed: 0.0</cmt>
      </trkpt>
      <trkpt lat="47.356959" lon="8.56351">
        <ele>464</ele>
        <time>2024-06-10T19:39:50Z</time>
        <cmt>speed: 0.0</cmt>
      </trkpt>
      <trkpt lat="47.35697" lon="8.563506">
        <ele>462</ele>
        <time>2024-06-10T19:39:54Z</time>
        <cmt>speed: 0.0</cmt>
      </trkpt>
      <trkpt lat="47.35697" lon="8.563506">
        <ele>462</ele>
        <time>2024-06-10T19:39:57Z</time>
        <cmt>speed: 0.0</cmt>
      </trkpt>
      <trkpt lat="47.357274" lon="8.563971">
        <ele>451</ele>
        <time>2024-06-10T19:49:59Z</time>
        <cmt>speed: 0.1</cmt>
      </trkpt>
      <trkpt lat="47.357274" lon="8.563971">
        <ele>451</ele>
        <time>2024-06-10T19:59:49Z</time>
      </trkpt>
      <trkpt lat="47.357522" lon="8.564447">
        <ele>487</ele>
        <time>2024-06-10T19:59:59Z</time>
        <cmt>speed: 0.7</cmt>
      </trkpt>
      <trkpt lat="47.357206" lon="8.56433">
        <ele>470</ele>
        <time>2024-06-10T20:09:59Z</time>
        <cmt>speed: 0.7</cmt>
      </trkpt>
      <trkpt lat="47.357206" lon="8.56433">
        <ele>470</ele>
        <time>2024-06-10T20:19:51Z</time>
      </trkpt>
      <trkpt lat="47.357274" lon="8.564384">
        <ele>450</ele>
        <time>2024-06-10T20:20:01Z</time>
        <cmt>speed: 1.4</cmt>
      </trkpt>
      <trkpt lat="47.357077" lon="8.564362">
        <ele>467</ele>
        <time>2024-06-10T20:29:59Z</time>
        <cmt>speed: 0.5</cmt>
      </trkpt>
      <trkpt lat="47.35884" lon="8.563838">
        <ele>464</ele>
        <time>2024-06-10T21:10:00Z</time>
        <cmt>speed: 1.0</cmt>
      </trkpt>
      <trkpt lat="47.358484" lon="8.564425">
        <ele>461</ele>
        <time>2024-06-10T21:19:59Z</time>
        <cmt>speed: 1.1</cmt>
      </trkpt>
      <trkpt lat="47.358538" lon="8.564414">
        <ele>501</ele>
        <time>2024-06-10T21:30:00Z</time>
        <cmt>speed: 2.2</cmt>
      </trkpt>
      <trkpt lat="47.358307" lon="8.565384">
        <ele>470</ele>
        <time>2024-06-10T21:40:01Z</time>
        <cmt>speed: 0.1</cmt>
      </trkpt>
      <trkpt lat="47.359195" lon="8.564735">
        <ele>459</ele>
        <time>2024-06-10T21:50:00Z</time>
        <cmt>speed: 0.5</cmt>
      </trkpt>
      <trkpt lat="47.360123" lon="8.561054">
        <ele>436</ele>
        <time>2024-06-10T22:00:01Z</time>
        <cmt>speed: 0.4</cmt>
      </trkpt>
      <trkpt lat="47.35904" lon="8.559656">
        <ele>449</ele>
        <time>2024-06-10T22:10:00Z</time>
        <cmt>speed: 1.6</cmt>
      </trkpt>
      <trkpt lat="47.35851" lon="8.562685">
        <ele>441</ele>
        <time>2024-06-10T22:29:59Z</time>
        <cmt>speed: 1.0</cmt>
      </trkpt>
      <trkpt lat="47.358395" lon="8.562701">
        <ele>424</ele>
        <time>2024-06-10T22:40:00Z</time>
        <cmt>speed: 0.1</cmt>
      </trkpt>
      <trkpt lat="47.35865" lon="8.562688">
        <ele>469</ele>
        <time>2024-06-10T22:50:03Z</time>
        <cmt>speed: 0.1</cmt>
      </trkpt>
      <trkpt lat="47.358513" lon="8.562803">
        <ele>473</ele>
        <time>2024-06-10T23:00:00Z</time>
        <cmt>speed: 1.3</cmt>
      </trkpt>
      <trkpt lat="47.358513" lon="8.562803">
        <ele>473</ele>
        <time>2024-06-10T23:00:00Z</time>
      </trkpt>
      <trkpt lat="47.358724" lon="8.564">
        <ele>451</ele>
        <time>2024-06-10T23:10:01Z</time>
        <cmt>speed: 3.1</cmt>
      </trkpt>
      <trkpt lat="47.358823" lon="8.56415">
        <ele>445</ele>
        <time>2024-06-10T23:20:00Z</time>
        <cmt>speed: 1.3</cmt>
      </trkpt>
      <trkpt lat="47.358718" lon="8.564281">
        <ele>457</ele>
        <time>2024-06-10T23:30:00Z</time>
        <cmt>speed: 1.8</cmt>
      </trkpt>
      <trkpt lat="47.35853" lon="8.56437">
        <ele>466</ele>
        <time>2024-06-10T23:39:59Z</time>
        <cmt>speed: 2.6</cmt>
      </trkpt>
      <trkpt lat="47.358645" lon="8.564644">
        <ele>447</ele>
        <time>2024-06-10T23:50:02Z</time>
        <cmt>speed: 0.4</cmt>
      </trkpt>
      <trkpt lat="47.357808" lon="8.565465">
        <ele>471</ele>
        <time>2024-06-10T23:59:59Z</time>
        <cmt>speed: 0.5</cmt>
      </trkpt>
      <trkpt lat="47.357436" lon="8.564763">
        <ele>433</ele>
        <time>2024-06-11T00:10:00Z</time>
        <cmt>speed: 1.2</cmt>
      </trkpt>
      <trkpt lat="47.357561" lon="8.564931">
        <ele>469</ele>
        <time>2024-06-11T00:19:59Z</time>
        <cmt>speed: 0.6</cmt>
      </trkpt>
      <trkpt lat="47.357561" lon="8.564931">
        <ele>469</ele>
        <time>2024-06-11T00:19:59Z</time>
      </trkpt>
      <trkpt lat="47.357439" lon="8.564681">
        <ele>468</ele>
        <time>2024-06-11T00:29:59Z</time>
        <cmt>speed: 0.2</cmt>
      </trkpt>
      <trkpt lat="47.358171" lon="8.564476">
        <ele>467</ele>
        <time>2024-06-11T00:39:59Z</time>
        <cmt>speed: 1.0</cmt>
      </trkpt>
      <trkpt lat="47.358743" lon="8.564">
        <ele>463</ele>
        <time>2024-06-11T00:50:01Z</time>
        <cmt>speed: 0.1</cmt>
      </trkpt>
      <trkpt lat="47.358896" lon="8.562636">
        <ele>442</ele>
        <time>2024-06-11T01:00:00Z</time>
        <cmt>speed: 2.9</cmt>
      </trkpt>
      <trkpt lat="47.358896" lon="8.562636">
        <ele>442</ele>
        <time>2024-06-11T01:00:00Z</time>
      </trkpt>
      <trkpt lat="47.358788" lon="8.56256">
        <ele>451</ele>
        <time>2024-06-11T01:10:01Z</time>
        <cmt>speed: 0.2</cmt>
      </trkpt>
      <trkpt lat="47.358788" lon="8.56256">
        <ele>451</ele>
        <time>2024-06-11T01:19:28Z</time>
      </trkpt>
      <trkpt lat="47.358611" lon="8.562511">
        <ele>412</ele>
        <time>2024-06-11T01:25:04Z</time>
        <cmt>speed: 0.3</cmt>
      </trkpt>
      <trkpt lat="47.358697" lon="8.562639">
        <ele>429</ele>
        <time>2024-06-11T01:35:06Z</time>
        <cmt>speed: 0.1</cmt>
      </trkpt>
      <trkpt lat="47.35869" lon="8.562587">
        <ele>457</ele>
        <time>2024-06-11T01:45:04Z</time>
        <cmt>speed: 0.1</cmt>
      </trkpt>
      <trkpt lat="47.35869" lon="8.562587">
        <ele>457</ele>
        <time>2024-06-11T01:45:04Z</time>
      </trkpt>
      <trkpt lat="47.358752" lon="8.562642">
        <ele>446</ele>
        <time>2024-06-11T01:55:04Z</time>
        <cmt>speed: 0.4</cmt>
      </trkpt>
      <trkpt lat="47.359345" lon="8.562685">
        <ele>455</ele>
        <time>2024-06-11T02:05:11Z</time>
        <cmt>speed: 0.4</cmt>
      </trkpt>
      <trkpt lat="47.358899" lon="8.561028">
        <ele>484</ele>
        <time>2024-06-11T02:25:04Z</time>
        <cmt>speed: 0.1</cmt>
      </trkpt>
      <trkpt lat="47.358899" lon="8.561028">
        <ele>484</ele>
        <time>2024-06-11T02:25:04Z</time>
      </trkpt>
      <trkpt lat="47.35898" lon="8.561701">
        <ele>476</ele>
        <time>2024-06-11T02:35:06Z</time>
        <cmt>speed: 0.3</cmt>
      </trkpt>
      <trkpt lat="47.358966" lon="8.561173">
        <ele>454</ele>
        <time>2024-06-11T02:45:05Z</time>
        <cmt>speed: 0.0</cmt>
      </trkpt>
      <trkpt lat="47.358966" lon="8.561173">
        <ele>454</ele>
        <time>2024-06-11T02:45:05Z</time>
      </trkpt>
      <trkpt lat="47.359548" lon="8.559528">
        <ele>477</ele>
        <time>2024-06-11T02:55:07Z</time>
        <cmt>speed: 3.0</cmt>
      </trkpt>
      <trkpt lat="47.359261" lon="8.560929">
        <ele>455</ele>
        <time>2024-06-11T03:05:09Z</time>
        <cmt>speed: 1.2</cmt>
      </trkpt>
      <trkpt lat="47.359261" lon="8.560929">
        <ele>455</ele>
        <time>2024-06-11T03:05:09Z</time>
      </trkpt>
      <trkpt lat="47.36005" lon="8.56168">
        <ele>435</ele>
        <time>2024-06-11T03:15:04Z</time>
        <cmt>speed: 0.3</cmt>
      </trkpt>
      <trkpt lat="47.359974" lon="8.56367">
        <ele>434</ele>
        <time>2024-06-11T03:23:17Z</time>
      </trkpt>
      <trkpt lat="47.359974" lon="8.56367">
        <ele>434</ele>
        <time>2024-06-11T03:38:15Z</time>
      </trkpt>
      <trkpt lat="47.359974" lon="8.56367">
        <ele>434</ele>
        <time>2024-06-11T03:38:17Z</time>
      </trkpt>
      <trkpt lat="47.359974" lon="8.56367">
        <ele>434</ele>
        <time>2024-06-11T15:38:18Z</time>
      </trkpt>
      <trkpt lat="47.359974" lon="8.56367">
        <ele>434</ele>
        <time>2024-06-12T03:38:37Z</time>
      </trkpt>
      <trkpt lat="47.360264" lon="8.563465">
        <ele>401</ele>
        <time>2024-06-12T08:17:29Z</time>
        <cmt>speed: 1.0</cmt>
      </trkpt>
      <trkpt lat="47.359437" lon="8.561512">
        <ele>456</ele>
        <time>2024-06-12T08:27:46Z</time>
        <cmt>speed: 0.1</cmt>
      </trkpt>
      <trkpt lat="47.358929" lon="8.561111">
        <ele>432</ele>
        <time>2024-06-12T08:37:17Z</time>
        <cmt>speed: 0.8</cmt>
      </trkpt>
      <trkpt lat="47.358929" lon="8.561111">
        <ele>432</ele>
        <time>2024-06-12T08:37:28Z</time>
      </trkpt>
      <trkpt lat="47.358884" lon="8.560949">
        <ele>427</ele>
        <time>2024-06-12T08:47:18Z</time>
        <cmt>speed: 0.0</cmt>
      </trkpt>
      <trkpt lat="47.358145" lon="8.559791">
        <ele>455</ele>
        <time>2024-06-12T08:57:17Z</time>
        <cmt>speed: 0.4</cmt>
      </trkpt>
      <trkpt lat="47.358655" lon="8.559703">
        <ele>424</ele>
        <time>2024-06-12T09:07:18Z</time>
        <cmt>speed: 0.5</cmt>
      </trkpt>
      <trkpt lat="47.359042" lon="8.560526">
        <ele>436</ele>
        <time>2024-06-12T09:17:18Z</time>
        <cmt>speed: 0.6</cmt>
      </trkpt>
      <trkpt lat="47.359009" lon="8.561486">
        <ele>435</ele>
        <time>2024-06-12T09:27:26Z</time>
        <cmt>speed: 0.1</cmt>
      </trkpt>
      <trkpt lat="47.358851" lon="8.56116">
        <ele>443</ele>
        <time>2024-06-12T09:37:17Z</time>
        <cmt>speed: 0.4</cmt>
      </trkpt>
      <trkpt lat="47.358874" lon="8.561262">
        <ele>443</ele>
        <time>2024-06-12T09:47:21Z</time>
        <cmt>speed: 0.1</cmt>
      </trkpt>
      <trkpt lat="47.358827" lon="8.561195">
        <ele>442</ele>
        <time>2024-06-12T10:07:17Z</time>
        <cmt>speed: 0.5</cmt>
      </trkpt>
      <trkpt lat="47.358874" lon="8.561262">
        <ele>443</ele>
        <time>2024-06-12T10:17:12Z</time>
      </trkpt>
      <trkpt lat="47.358913" lon="8.561184">
        <ele>432</ele>
        <time>2024-06-12T10:17:16Z</time>
        <cmt>speed: 0.1</cmt>
      </trkpt>
      <trkpt lat="47.358913" lon="8.561184">
        <ele>432</ele>
        <time>2024-06-12T10:37:15Z</time>
      </trkpt>
      <trkpt lat="47.358691" lon="8.561021">
        <ele>482</ele>
        <time>2024-06-12T10:37:20Z</time>
        <cmt>speed: 0.0</cmt>
      </trkpt>
      <trkpt lat="47.35897" lon="8.561168">
        <ele>426</ele>
        <time>2024-06-12T10:47:17Z</time>
        <cmt>speed: 0.0</cmt>
      </trkpt>
      <trkpt lat="47.35875" lon="8.561262">
        <ele>391</ele>
        <time>2024-06-12T11:28:00Z</time>
        <cmt>speed: 1.1</cmt>
      </trkpt>
      <trkpt lat="47.35875" lon="8.561262">
        <ele>391</ele>
        <time>2024-06-12T11:37:13Z</time>
      </trkpt>
      <trkpt lat="47.358923" lon="8.561068">
        <ele>414</ele>
        <time>2024-06-12T11:37:18Z</time>
        <cmt>speed: 1.5</cmt>
      </trkpt>
      <trkpt lat="47.358945" lon="8.561176">
        <ele>444</ele>
        <time>2024-06-12T11:47:21Z</time>
        <cmt>speed: 0.3</cmt>
      </trkpt>
      <trkpt lat="47.358945" lon="8.561176">
        <ele>444</ele>
        <time>2024-06-12T11:57:20Z</time>
      </trkpt>
      <trkpt lat="47.35871" lon="8.561215">
        <ele>430</ele>
        <time>2024-06-12T11:57:25Z</time>
        <cmt>speed: 0.1</cmt>
      </trkpt>
      <trkpt lat="47.358881" lon="8.561174">
        <ele>417</ele>
        <time>2024-06-12T12:39:01Z</time>
        <cmt>speed: 0.4</cmt>
      </trkpt>
      <trkpt lat="47.358875" lon="8.561152">
        <ele>436</ele>
        <time>2024-06-12T12:59:01Z</time>
        <cmt>speed: 0.1</cmt>
      </trkpt>
      <trkpt lat="47.358875" lon="8.561152">
        <ele>436</ele>
        <time>2024-06-12T13:39:09Z</time>
      </trkpt>
      <trkpt lat="47.358852" lon="8.561291">
        <ele>432</ele>
        <time>2024-06-12T13:39:15Z</time>
        <cmt>speed: 0.2</cmt>
      </trkpt>
      <trkpt lat="47.358798" lon="8.56096">
        <ele>446</ele>
        <time>2024-06-12T13:49:15Z</time>
        <cmt>speed: 0.2</cmt>
      </trkpt>
      <trkpt lat="47.358798" lon="8.56096">
        <ele>446</ele>
        <time>2024-06-12T13:59:07Z</time>
      </trkpt>
      <trkpt lat="47.359055" lon="8.561939">
        <ele>417</ele>
        <time>2024-06-12T13:59:13Z</time>
        <cmt>speed: 0.0</cmt>
      </trkpt>
      <trkpt lat="47.359071" lon="8.561718">
        <ele>398</ele>
        <time>2024-06-12T14:09:11Z</time>
        <cmt>speed: 0.4</cmt>
      </trkpt>
      <trkpt lat="47.359071" lon="8.561718">
        <ele>398</ele>
        <time>2024-06-12T14:19:05Z</time>
      </trkpt>
      <trkpt lat="47.359003" lon="8.562078">
        <ele>439</ele>
        <time>2024-06-12T14:19:11Z</time>
        <cmt>speed: 0.2</cmt>
      </trkpt>
      <trkpt lat="47.359128" lon="8.561968">
        <ele>480</ele>
        <time>2024-06-12T14:29:12Z</time>
        <cmt>speed: 0.1</cmt>
      </trkpt>
      <trkpt lat="47.359199" lon="8.561622">
        <ele>424</ele>
        <time>2024-06-12T14:39:14Z</time>
        <cmt>speed: 0.1</cmt>
      </trkpt>
      <trkpt lat="47.359521" lon="8.561952">
        <ele>406</ele>
        <time>2024-06-12T14:49:10Z</time>
        <cmt>speed: 1.3</cmt>
      </trkpt>
      <trkpt lat="47.359521" lon="8.561952">
        <ele>406</ele>
        <time>2024-06-12T14:59:04Z</time>
      </trkpt>
      <trkpt lat="47.358875" lon="8.56116">
        <ele>402</ele>
        <time>2024-06-12T14:59:09Z</time>
        <cmt>speed: 0.1</cmt>
      </trkpt>
      <trkpt lat="47.358165" lon="8.561049">
        <ele>454</ele>
        <time>2024-06-12T15:09:16Z</time>
        <cmt>speed: 0.0</cmt>
      </trkpt>
      <trkpt lat="47.35794" lon="8.56081">
        <ele>418</ele>
        <time>2024-06-12T15:19:13Z</time>
        <cmt>speed: 0.3</cmt>
      </trkpt>
      <trkpt lat="47.358143" lon="8.561756">
        <ele>463</ele>
        <time>2024-06-12T15:29:10Z</time>
        <cmt>speed: 0.2</cmt>
      </trkpt>
      <trkpt lat="47.357806" lon="8.56159">
        <ele>435</ele>
        <time>2024-06-12T15:39:14Z</time>
        <cmt>speed: 0.0</cmt>
      </trkpt>
      <trkpt lat="47.358321" lon="8.560879">
        <ele>401</ele>
        <time>2024-06-12T15:49:09Z</time>
        <cmt>speed: 1.8</cmt>
      </trkpt>
      <trkpt lat="47.358321" lon="8.560879">
        <ele>401</ele>
        <time>2024-06-12T15:59:04Z</time>
      </trkpt>
      <trkpt lat="47.359185" lon="8.561841">
        <ele>431</ele>
        <time>2024-06-12T15:59:10Z</time>
        <cmt>speed: 0.3</cmt>
      </trkpt>
      <trkpt lat="47.359077" lon="8.561993">
        <ele>434</ele>
        <time>2024-06-12T16:09:09Z</time>
        <cmt>speed: 0.1</cmt>
      </trkpt>
      <trkpt lat="47.359077" lon="8.561993">
        <ele>434</ele>
        <time>2024-06-12T16:19:03Z</time>
      </trkpt>
      <trkpt lat="47.359005" lon="8.562509">
        <ele>430</ele>
        <time>2024-06-12T16:19:09Z</time>
        <cmt>speed: 0.9</cmt>
      </trkpt>
      <trkpt lat="47.358869" lon="8.562393">
        <ele>460</ele>
        <time>2024-06-12T16:29:11Z</time>
        <cmt>speed: 0.8</cmt>
      </trkpt>
      <trkpt lat="47.359168" lon="8.562504">
        <ele>416</ele>
        <time>2024-06-12T16:39:13Z</time>
        <cmt>speed: 0.5</cmt>
      </trkpt>
      <trkpt lat="47.358882" lon="8.56219">
        <ele>426</ele>
        <time>2024-06-12T17:05:14Z</time>
        <cmt>speed: 0.0</cmt>
      </trkpt>
      <trkpt lat="47.358874" lon="8.562371">
        <ele>459</ele>
        <time>2024-06-12T17:25:07Z</time>
        <cmt>speed: 0.9</cmt>
      </trkpt>
      <trkpt lat="47.359166" lon="8.5624">
        <ele>460</ele>
        <time>2024-06-12T17:45:09Z</time>
        <cmt>speed: 0.4</cmt>
      </trkpt>
      <trkpt lat="47.358662" lon="8.562566">
        <ele>472</ele>
        <time>2024-06-12T18:15:18Z</time>
        <cmt>speed: 0.2</cmt>
      </trkpt>
      <trkpt lat="47.358662" lon="8.562566">
        <ele>472</ele>
        <time>2024-06-12T18:18:47Z</time>
      </trkpt>
      <trkpt lat="47.358887" lon="8.562374">
        <ele>439</ele>
        <time>2024-06-12T18:37:58Z</time>
        <cmt>speed: 0.9</cmt>
      </trkpt>
      <trkpt lat="47.358887" lon="8.562374">
        <ele>439</ele>
        <time>2024-06-12T18:38:47Z</time>
      </trkpt>
      <trkpt lat="47.358941" lon="8.562253">
        <ele>425</ele>
        <time>2024-06-12T18:48:11Z</time>
        <cmt>speed: 0.4</cmt>
      </trkpt>
      <trkpt lat="47.358947" lon="8.562392">
        <ele>425</ele>
        <time>2024-06-12T18:58:29Z</time>
        <cmt>speed: 0.3</cmt>
      </trkpt>
      <trkpt lat="47.358744" lon="8.562194">
        <ele>437</ele>
        <time>2024-06-12T19:07:53Z</time>
        <cmt>speed: 0.4</cmt>
      </trkpt>
      <trkpt lat="47.358949" lon="8.561325">
        <ele>427</ele>
        <time>2024-06-12T19:17:54Z</time>
        <cmt>speed: 0.0</cmt>
      </trkpt>
      <trkpt lat="47.358949" lon="8.561325">
        <ele>427</ele>
        <time>2024-06-12T19:18:22Z</time>
      </trkpt>
      <trkpt lat="47.35861" lon="8.561061">
        <ele>441</ele>
        <time>2024-06-12T19:27:51Z</time>
        <cmt>speed: 0.8</cmt>
      </trkpt>
      <trkpt lat="47.358081" lon="8.559926">
        <ele>451</ele>
        <time>2024-06-12T19:37:52Z</time>
        <cmt>speed: 0.9</cmt>
      </trkpt>
      <trkpt lat="47.358869" lon="8.558935">
        <ele>484</ele>
        <time>2024-06-12T19:47:50Z</time>
        <cmt>speed: 0.3</cmt>
      </trkpt>
      <trkpt lat="47.358967" lon="8.558855">
        <ele>445</ele>
        <time>2024-06-12T19:57:51Z</time>
        <cmt>speed: 0.2</cmt>
      </trkpt>
      <trkpt lat="47.359088" lon="8.561968">
        <ele>440</ele>
        <time>2024-06-12T20:07:50Z</time>
        <cmt>speed: 0.7</cmt>
      </trkpt>
      <trkpt lat="47.359088" lon="8.561968">
        <ele>440</ele>
        <time>2024-06-12T20:17:44Z</time>
      </trkpt>
      <trkpt lat="47.358929" lon="8.56205">
        <ele>429</ele>
        <time>2024-06-12T20:17:51Z</time>
        <cmt>speed: 0.0</cmt>
      </trkpt>
      <trkpt lat="47.358909" lon="8.561885">
        <ele>469</ele>
        <time>2024-06-12T20:27:51Z</time>
        <cmt>speed: 0.4</cmt>
      </trkpt>
      <trkpt lat="47.358909" lon="8.561885">
        <ele>469</ele>
        <time>2024-06-12T20:37:44Z</time>
      </trkpt>
      <trkpt lat="47.359063" lon="8.562067">
        <ele>424</ele>
        <time>2024-06-12T20:38:39Z</time>
        <cmt>speed: 0.1</cmt>
      </trkpt>
      <trkpt lat="47.359095" lon="8.562224">
        <ele>441</ele>
        <time>2024-06-12T20:48:38Z</time>
        <cmt>speed: 0.3</cmt>
      </trkpt>
      <trkpt lat="47.359095" lon="8.562224">
        <ele>441</ele>
        <time>2024-06-12T20:58:33Z</time>
      </trkpt>
      <trkpt lat="47.358962" lon="8.561998">
        <ele>452</ele>
        <time>2024-06-12T20:58:40Z</time>
        <cmt>speed: 0.1</cmt>
      </trkpt>
      <trkpt lat="47.359082" lon="8.561998">
        <ele>448</ele>
        <time>2024-06-12T21:08:39Z</time>
        <cmt>speed: 0.5</cmt>
      </trkpt>
      <trkpt lat="47.359156" lon="8.562044">
        <ele>445</ele>
        <time>2024-06-12T21:18:46Z</time>
        <cmt>speed: 0.4</cmt>
      </trkpt>
      <trkpt lat="47.359075" lon="8.562092">
        <ele>437</ele>
        <time>2024-06-12T21:28:38Z</time>
        <cmt>speed: 0.1</cmt>
      </trkpt>
      <trkpt lat="47.359075" lon="8.562092">
        <ele>437</ele>
        <time>2024-06-12T21:38:32Z</time>
      </trkpt>
      <trkpt lat="47.359144" lon="8.562162">
        <ele>466</ele>
        <time>2024-06-12T21:38:39Z</time>
        <cmt>speed: 0.9</cmt>
      </trkpt>
      <trkpt lat="47.359078" lon="8.562104">
        <ele>443</ele>
        <time>2024-06-12T21:48:39Z</time>
        <cmt>speed: 0.1</cmt>
      </trkpt>
      <trkpt lat="47.359078" lon="8.562104">
        <ele>443</ele>
        <time>2024-06-12T21:58:32Z</time>
      </trkpt>
      <trkpt lat="47.35911" lon="8.562177">
        <ele>416</ele>
        <time>2024-06-12T21:58:39Z</time>
        <cmt>speed: 0.5</cmt>
      </trkpt>
      <trkpt lat="47.3591" lon="8.562042">
        <ele>461</ele>
        <time>2024-06-12T22:08:38Z</time>
        <cmt>speed: 2.6</cmt>
      </trkpt>
      <trkpt lat="47.3591" lon="8.562042">
        <ele>461</ele>
        <time>2024-06-12T22:18:33Z</time>
      </trkpt>
      <trkpt lat="47.359091" lon="8.562036">
        <ele>452</ele>
        <time>2024-06-12T22:18:40Z</time>
        <cmt>speed: 0.1</cmt>
      </trkpt>
      <trkpt lat="47.359116" lon="8.562036">
        <ele>447</ele>
        <time>2024-06-12T22:28:39Z</time>
        <cmt>speed: 0.1</cmt>
      </trkpt>
      <trkpt lat="47.359116" lon="8.562036">
        <ele>447</ele>
        <time>2024-06-12T22:38:30Z</time>
      </trkpt>
      <trkpt lat="47.359056" lon="8.562155">
        <ele>439</ele>
        <time>2024-06-12T22:38:37Z</time>
        <cmt>speed: 0.3</cmt>
      </trkpt>
      <trkpt lat="47.359156" lon="8.561439">
        <ele>441</ele>
        <time>2024-06-12T22:48:40Z</time>
        <cmt>speed: 0.2</cmt>
      </trkpt>
      <trkpt lat="47.359015" lon="8.562124">
        <ele>443</ele>
        <time>2024-06-12T22:58:39Z</time>
        <cmt>speed: 0.4</cmt>
      </trkpt>
      <trkpt lat="47.359075" lon="8.562032">
        <ele>437</ele>
        <time>2024-06-12T23:08:38Z</time>
        <cmt>speed: 0.2</cmt>
      </trkpt>
      <trkpt lat="47.359075" lon="8.562032">
        <ele>437</ele>
        <time>2024-06-12T23:18:32Z</time>
      </trkpt>
      <trkpt lat="47.359143" lon="8.561864">
        <ele>427</ele>
        <time>2024-06-12T23:18:39Z</time>
        <cmt>speed: 0.3</cmt>
      </trkpt>
      <trkpt lat="47.359098" lon="8.562116">
        <ele>455</ele>
        <time>2024-06-12T23:28:39Z</time>
        <cmt>speed: 0.8</cmt>
      </trkpt>
      <trkpt lat="47.358739" lon="8.563965">
        <ele>462</ele>
        <time>2024-06-12T23:38:38Z</time>
        <cmt>speed: 1.3</cmt>
      </trkpt>
      <trkpt lat="47.358644" lon="8.565135">
        <ele>446</ele>
        <time>2024-06-12T23:48:39Z</time>
        <cmt>speed: 0.7</cmt>
      </trkpt>
      <trkpt lat="47.358253" lon="8.565945">
        <ele>456</ele>
        <time>2024-06-12T23:58:38Z</time>
        <cmt>speed: 0.5</cmt>
      </trkpt>
      <trkpt lat="47.358376" lon="8.566007">
        <ele>460</ele>
        <time>2024-06-13T00:08:38Z</time>
        <cmt>speed: 0.0</cmt>
      </trkpt>
      <trkpt lat="47.358435" lon="8.565901">
        <ele>454</ele>
        <time>2024-06-13T00:18:39Z</time>
        <cmt>speed: 0.2</cmt>
      </trkpt>
      <trkpt lat="47.358722" lon="8.565041">
        <ele>454</ele>
        <time>2024-06-13T00:28:40Z</time>
        <cmt>speed: 2.1</cmt>
      </trkpt>
      <trkpt lat="47.358995" lon="8.562205">
        <ele>448</ele>
        <time>2024-06-13T00:38:39Z</time>
        <cmt>speed: 0.2</cmt>
      </trkpt>
      <trkpt lat="47.359124" lon="8.562135">
        <ele>466</ele>
        <time>2024-06-13T00:48:37Z</time>
        <cmt>speed: 0.4</cmt>
      </trkpt>
      <trkpt lat="47.359012" lon="8.562084">
        <ele>449</ele>
        <time>2024-06-13T00:58:39Z</time>
        <cmt>speed: 0.5</cmt>
      </trkpt>
      <trkpt lat="47.359077" lon="8.562218">
        <ele>436</ele>
        <time>2024-06-13T01:08:39Z</time>
        <cmt>speed: 0.1</cmt>
      </trkpt>
      <trkpt lat="47.359077" lon="8.562218">
        <ele>436</ele>
        <time>2024-06-13T01:18:30Z</time>
      </trkpt>
      <trkpt lat="47.358975" lon="8.562136">
        <ele>440</ele>
        <time>2024-06-13T01:18:38Z</time>
        <cmt>speed: 0.1</cmt>
      </trkpt>
      <trkpt lat="47.358865" lon="8.562329">
        <ele>418</ele>
        <time>2024-06-13T01:28:39Z</time>
        <cmt>speed: 0.9</cmt>
      </trkpt>
      <trkpt lat="47.358011" lon="8.5627">
        <ele>456</ele>
        <time>2024-06-13T01:38:42Z</time>
        <cmt>speed: 0.3</cmt>
      </trkpt>
      <trkpt lat="47.35744" lon="8.561473">
        <ele>424</ele>
        <time>2024-06-13T01:48:46Z</time>
        <cmt>speed: 2.4</cmt>
      </trkpt>
      <trkpt lat="47.359487" lon="8.559653">
        <ele>436</ele>
        <time>2024-06-13T01:58:40Z</time>
        <cmt>speed: 0.7</cmt>
      </trkpt>
      <trkpt lat="47.359025" lon="8.560948">
        <ele>420</ele>
        <time>2024-06-13T02:08:38Z</time>
        <cmt>speed: 0.5</cmt>
      </trkpt>
      <trkpt lat="47.359025" lon="8.560948">
        <ele>420</ele>
        <time>2024-06-13T02:18:31Z</time>
      </trkpt>
      <trkpt lat="47.358993" lon="8.562081">
        <ele>451</ele>
        <time>2024-06-13T02:18:39Z</time>
        <cmt>speed: 0.0</cmt>
      </trkpt>
      <trkpt lat="47.35911" lon="8.56447">
        <ele>494</ele>
        <time>2024-06-13T02:28:39Z</time>
        <cmt>speed: 0.8</cmt>
      </trkpt>
      <trkpt lat="47.35911" lon="8.56447">
        <ele>494</ele>
        <time>2024-06-13T02:38:32Z</time>
      </trkpt>
      <trkpt lat="47.358654" lon="8.565465">
        <ele>475</ele>
        <time>2024-06-13T02:38:40Z</time>
        <cmt>speed: 0.2</cmt>
      </trkpt>
      <trkpt lat="47.358559" lon="8.566018">
        <ele>454</ele>
        <time>2024-06-13T02:48:40Z</time>
        <cmt>speed: 0.4</cmt>
      </trkpt>
      <trkpt lat="47.358423" lon="8.565959">
        <ele>451</ele>
        <time>2024-06-13T02:58:39Z</time>
        <cmt>speed: 0.1</cmt>
      </trkpt>
      <trkpt lat="47.358655" lon="8.566203">
        <ele>402</ele>
        <time>2024-06-13T03:08:39Z</time>
        <cmt>speed: 0.4</cmt>
      </trkpt>
      <trkpt lat="47.358655" lon="8.566203">
        <ele>402</ele>
        <time>2024-06-13T03:18:31Z</time>
      </trkpt>
      <trkpt lat="47.35847" lon="8.565989">
        <ele>446</ele>
        <time>2024-06-13T03:18:39Z</time>
        <cmt>speed: 0.1</cmt>
      </trkpt>
      <trkpt lat="47.358384" lon="8.566017">
        <ele>440</ele>
        <time>2024-06-13T03:28:38Z</time>
        <cmt>speed: 0.3</cmt>
      </trkpt>
      <trkpt lat="47.358498" lon="8.566095">
        <ele>432</ele>
        <time>2024-06-13T03:38:40Z</time>
        <cmt>speed: 0.2</cmt>
      </trkpt>
      <trkpt lat="47.358433" lon="8.566117">
        <ele>491</ele>
        <time>2024-06-13T03:48:38Z</time>
        <cmt>speed: 0.1</cmt>
      </trkpt>
      <trkpt lat="47.358481" lon="8.566073">
        <ele>447</ele>
        <time>2024-06-13T03:58:39Z</time>
        <cmt>speed: 1.1</cmt>
      </trkpt>
      <trkpt lat="47.358488" lon="8.566126">
        <ele>435</ele>
        <time>2024-06-13T04:08:38Z</time>
        <cmt>speed: 1.0</cmt>
      </trkpt>
      <trkpt lat="47.358488" lon="8.566126">
        <ele>435</ele>
        <time>2024-06-13T04:18:32Z</time>
      </trkpt>
      <trkpt lat="47.35842" lon="8.56603">
        <ele>470</ele>
        <time>2024-06-13T04:18:40Z</time>
        <cmt>speed: 0.1</cmt>
      </trkpt>
      <trkpt lat="47.358333" lon="8.566126">
        <ele>454</ele>
        <time>2024-06-13T04:28:41Z</time>
        <cmt>speed: 0.1</cmt>
      </trkpt>
      <trkpt lat="47.358495" lon="8.566161">
        <ele>424</ele>
        <time>2024-06-13T04:38:39Z</time>
        <cmt>speed: 0.0</cmt>
      </trkpt>
      <trkpt lat="47.358341" lon="8.566135">
        <ele>439</ele>
        <time>2024-06-13T04:48:39Z</time>
        <cmt>speed: 0.4</cmt>
      </trkpt>
      <trkpt lat="47.358341" lon="8.566135">
        <ele>439</ele>
        <time>2024-06-13T04:58:33Z</time>
      </trkpt>
      <trkpt lat="47.358786" lon="8.565983">
        <ele>475</ele>
        <time>2024-06-13T04:58:41Z</time>
        <cmt>speed: 0.7</cmt>
      </trkpt>
      <trkpt lat="47.358481" lon="8.565692">
        <ele>472</ele>
        <time>2024-06-13T05:08:39Z</time>
        <cmt>speed: 0.2</cmt>
      </trkpt>
      <trkpt lat="47.358699" lon="8.566201">
        <ele>444</ele>
        <time>2024-06-13T05:18:40Z</time>
        <cmt>speed: 0.3</cmt>
      </trkpt>
      <trkpt lat="47.358418" lon="8.565977">
        <ele>469</ele>
        <time>2024-06-13T05:28:40Z</time>
        <cmt>speed: 0.1</cmt>
      </trkpt>
      <trkpt lat="47.358418" lon="8.565977">
        <ele>469</ele>
        <time>2024-06-13T05:38:35Z</time>
      </trkpt>
      <trkpt lat="47.35891" lon="8.564088">
        <ele>479</ele>
        <time>2024-06-13T05:38:43Z</time>
        <cmt>speed: 0.1</cmt>
      </trkpt>
      <trkpt lat="47.358896" lon="8.56387">
        <ele>471</ele>
        <time>2024-06-13T05:49:01Z</time>
        <cmt>speed: 0.3</cmt>
      </trkpt>
      <trkpt lat="47.358896" lon="8.56387">
        <ele>471</ele>
        <time>2024-06-13T05:58:34Z</time>
      </trkpt>
      <trkpt lat="47.358777" lon="8.564026">
        <ele>493</ele>
        <time>2024-06-13T05:58:43Z</time>
        <cmt>speed: 0.0</cmt>
      </trkpt>
      <trkpt lat="47.358834" lon="8.56416">
        <ele>473</ele>
        <time>2024-06-13T06:08:54Z</time>
        <cmt>speed: 0.1</cmt>
      </trkpt>
      <trkpt lat="47.358901" lon="8.564386">
        <ele>501</ele>
        <time>2024-06-13T06:29:28Z</time>
        <cmt>speed: 0.2</cmt>
      </trkpt>
      <trkpt lat="47.358866" lon="8.563705">
        <ele>451</ele>
        <time>2024-06-13T06:38:40Z</time>
        <cmt>speed: 0.7</cmt>
      </trkpt>
      <trkpt lat="47.359243" lon="8.561671">
        <ele>457</ele>
        <time>2024-06-13T06:48:39Z</time>
        <cmt>speed: 0.4</cmt>
      </trkpt>
      <trkpt lat="47.358873" lon="8.561245">
        <ele>469</ele>
        <time>2024-06-13T06:58:45Z</time>
        <cmt>speed: 0.3</cmt>
      </trkpt>
      <trkpt lat="47.358534" lon="8.561032">
        <ele>461</ele>
        <time>2024-06-13T07:08:44Z</time>
        <cmt>speed: 0.0</cmt>
      </trkpt>
      <trkpt lat="47.359559" lon="8.560411">
        <ele>439</ele>
        <time>2024-06-13T07:18:43Z</time>
        <cmt>speed: 0.0</cmt>
      </trkpt>
      <trkpt lat="47.358307" lon="8.561441">
        <ele>471</ele>
        <time>2024-06-13T07:48:40Z</time>
        <cmt>speed: 1.1</cmt>
      </trkpt>
      <trkpt lat="47.359452" lon="8.562351">
        <ele>392</ele>
        <time>2024-06-13T07:58:47Z</time>
        <cmt>speed: 0.2</cmt>
      </trkpt>
      <trkpt lat="47.359404" lon="8.562468">
        <ele>384</ele>
        <time>2024-06-13T08:08:41Z</time>
        <cmt>speed: 0.3</cmt>
      </trkpt>
      <trkpt lat="47.358855" lon="8.561085">
        <ele>482</ele>
        <time>2024-06-13T08:18:43Z</time>
        <cmt>speed: 0.1</cmt>
      </trkpt>
      <trkpt lat="47.358923" lon="8.560845">
        <ele>412</ele>
        <time>2024-06-13T08:28:52Z</time>
        <cmt>speed: 0.1</cmt>
      </trkpt>
      <trkpt lat="47.358808" lon="8.56113">
        <ele>446</ele>
        <time>2024-06-13T08:38:52Z</time>
        <cmt>speed: 0.5</cmt>
      </trkpt>
      <trkpt lat="47.358633" lon="8.561664">
        <ele>499</ele>
        <time>2024-06-13T08:48:56Z</time>
        <cmt>speed: 0.5</cmt>
      </trkpt>
      <trkpt lat="47.358756" lon="8.561066">
        <ele>431</ele>
        <time>2024-06-13T08:58:41Z</time>
        <cmt>speed: 0.1</cmt>
      </trkpt>
      <trkpt lat="47.359216" lon="8.561127">
        <ele>442</ele>
        <time>2024-06-13T09:08:43Z</time>
        <cmt>speed: 0.0</cmt>
      </trkpt>
      <trkpt lat="47.359338" lon="8.56047">
        <ele>443</ele>
        <time>2024-06-13T09:18:43Z</time>
        <cmt>speed: 1.0</cmt>
      </trkpt>
      <trkpt lat="47.358728" lon="8.561435">
        <ele>491</ele>
        <time>2024-06-13T09:28:44Z</time>
        <cmt>speed: 0.0</cmt>
      </trkpt>
      <trkpt lat="47.359118" lon="8.561169">
        <ele>429</ele>
        <time>2024-06-13T09:38:44Z</time>
        <cmt>speed: 0.5</cmt>
      </trkpt>
      <trkpt lat="47.359492" lon="8.561588">
        <ele>465</ele>
        <time>2024-06-13T09:48:41Z</time>
        <cmt>speed: 1.0</cmt>
      </trkpt>
      <trkpt lat="47.359492" lon="8.561588">
        <ele>465</ele>
        <time>2024-06-13T09:58:32Z</time>
      </trkpt>
      <trkpt lat="47.359103" lon="8.562208">
        <ele>444</ele>
        <time>2024-06-13T09:58:41Z</time>
        <cmt>speed: 0.1</cmt>
      </trkpt>
      <trkpt lat="47.358962" lon="8.562296">
        <ele>472</ele>
        <time>2024-06-13T10:08:40Z</time>
        <cmt>speed: 0.4</cmt>
      </trkpt>
      <trkpt lat="47.358962" lon="8.562296">
        <ele>472</ele>
        <time>2024-06-13T10:18:35Z</time>
      </trkpt>
      <trkpt lat="47.35897" lon="8.562448">
        <ele>438</ele>
        <time>2024-06-13T10:18:44Z</time>
        <cmt>speed: 0.1</cmt>
      </trkpt>
      <trkpt lat="47.358936" lon="8.562407">
        <ele>425</ele>
        <time>2024-06-13T10:28:41Z</time>
        <cmt>speed: 0.0</cmt>
      </trkpt>
      <trkpt lat="47.358936" lon="8.562407">
        <ele>425</ele>
        <time>2024-06-13T10:38:30Z</time>
      </trkpt>
      <trkpt lat="47.358954" lon="8.562485">
        <ele>438</ele>
        <time>2024-06-13T10:38:39Z</time>
        <cmt>speed: 0.1</cmt>
      </trkpt>
      <trkpt lat="47.358775" lon="8.562267">
        <ele>452</ele>
        <time>2024-06-13T10:48:40Z</time>
        <cmt>speed: 0.1</cmt>
      </trkpt>
      <trkpt lat="47.358775" lon="8.562267">
        <ele>452</ele>
        <time>2024-06-13T10:58:31Z</time>
      </trkpt>
      <trkpt lat="47.358586" lon="8.562373">
        <ele>426</ele>
        <time>2024-06-13T10:58:40Z</time>
        <cmt>speed: 0.2</cmt>
      </trkpt>
      <trkpt lat="47.358995" lon="8.562309">
        <ele>434</ele>
        <time>2024-06-13T11:08:41Z</time>
        <cmt>speed: 0.1</cmt>
      </trkpt>
      <trkpt lat="47.358995" lon="8.562309">
        <ele>434</ele>
        <time>2024-06-13T11:18:31Z</time>
      </trkpt>
      <trkpt lat="47.358895" lon="8.562323">
        <ele>436</ele>
        <time>2024-06-13T11:18:40Z</time>
        <cmt>speed: 0.2</cmt>
      </trkpt>
      <trkpt lat="47.358723" lon="8.562378">
        <ele>430</ele>
        <time>2024-06-13T11:28:40Z</time>
        <cmt>speed: 0.6</cmt>
      </trkpt>
      <trkpt lat="47.358723" lon="8.562378">
        <ele>430</ele>
        <time>2024-06-13T11:38:30Z</time>
      </trkpt>
      <trkpt lat="47.35891" lon="8.562275">
        <ele>454</ele>
        <time>2024-06-13T11:38:39Z</time>
        <cmt>speed: 0.1</cmt>
      </trkpt>
      <trkpt lat="47.358852" lon="8.562319">
        <ele>434</ele>
        <time>2024-06-13T11:48:39Z</time>
        <cmt>speed: 0.5</cmt>
      </trkpt>
      <trkpt lat="47.358852" lon="8.562319">
        <ele>434</ele>
        <time>2024-06-13T11:58:31Z</time>
      </trkpt>
      <trkpt lat="47.358894" lon="8.562309">
        <ele>449</ele>
        <time>2024-06-13T11:58:40Z</time>
        <cmt>speed: 0.0</cmt>
      </trkpt>
      <trkpt lat="47.358883" lon="8.562344">
        <ele>475</ele>
        <time>2024-06-13T12:08:42Z</time>
        <cmt>speed: 0.0</cmt>
      </trkpt>
      <trkpt lat="47.358883" lon="8.562344">
        <ele>475</ele>
        <time>2024-06-13T12:18:33Z</time>
      </trkpt>
      <trkpt lat="47.358958" lon="8.562296">
        <ele>457</ele>
        <time>2024-06-13T12:18:42Z</time>
        <cmt>speed: 0.2</cmt>
      </trkpt>
      <trkpt lat="47.358954" lon="8.562473">
        <ele>464</ele>
        <time>2024-06-13T12:28:40Z</time>
        <cmt>speed: 0.3</cmt>
      </trkpt>
      <trkpt lat="47.358954" lon="8.562473">
        <ele>464</ele>
        <time>2024-06-13T12:38:32Z</time>
      </trkpt>
      <trkpt lat="47.35895" lon="8.562417">
        <ele>427</ele>
        <time>2024-06-13T12:38:41Z</time>
        <cmt>speed: 0.2</cmt>
      </trkpt>
      <trkpt lat="47.358984" lon="8.562327">
        <ele>465</ele>
        <time>2024-06-13T12:48:58Z</time>
        <cmt>speed: 1.0</cmt>
      </trkpt>
      <trkpt lat="47.358981" lon="8.562286">
        <ele>466</ele>
        <time>2024-06-13T13:28:43Z</time>
        <cmt>speed: 0.3</cmt>
      </trkpt>
      <trkpt lat="47.358981" lon="8.562286">
        <ele>466</ele>
        <time>2024-06-13T13:38:35Z</time>
      </trkpt>
      <trkpt lat="47.35882" lon="8.562159">
        <ele>452</ele>
        <time>2024-06-13T13:38:44Z</time>
        <cmt>speed: 0.0</cmt>
      </trkpt>
      <trkpt lat="47.359106" lon="8.562024">
        <ele>483</ele>
        <time>2024-06-13T13:48:43Z</time>
        <cmt>speed: 0.1</cmt>
      </trkpt>
      <trkpt lat="47.359106" lon="8.562024">
        <ele>483</ele>
        <time>2024-06-13T13:58:31Z</time>
      </trkpt>
      <trkpt lat="47.359059" lon="8.562123">
        <ele>426</ele>
        <time>2024-06-13T13:58:41Z</time>
        <cmt>speed: 0.1</cmt>
      </trkpt>
      <trkpt lat="47.359405" lon="8.56216">
        <ele>480</ele>
        <time>2024-06-13T14:08:42Z</time>
        <cmt>speed: 0.3</cmt>
      </trkpt>
      <trkpt lat="47.359103" lon="8.561199">
        <ele>446</ele>
        <time>2024-06-13T14:18:43Z</time>
        <cmt>speed: 0.0</cmt>
      </trkpt>
      <trkpt lat="47.358968" lon="8.561165">
        <ele>434</ele>
        <time>2024-06-13T14:22:02Z</time>
        <cmt>speed: 0.4</cmt>
      </trkpt>
      <trkpt lat="47.35891" lon="8.561262">
        <ele>445</ele>
        <time>2024-06-13T14:22:06Z</time>
        <cmt>speed: 0.1</cmt>
      </trkpt>
      <trkpt lat="47.358908" lon="8.561279">
        <ele>445</ele>
        <time>2024-06-13T14:22:10Z</time>
        <cmt>speed: 0.0</cmt>
      </trkpt>
      <trkpt lat="47.358908" lon="8.561279">
        <ele>445</ele>
        <time>2024-06-13T14:22:14Z</time>
        <cmt>speed: 0.0</cmt>
      </trkpt>
      <trkpt lat="47.358908" lon="8.561279">
        <ele>445</ele>
        <time>2024-06-13T14:22:18Z</time>
        <cmt>speed: 0.0</cmt>
      </trkpt>
      <trkpt lat="47.358908" lon="8.561279">
        <ele>445</ele>
        <time>2024-06-13T14:22:22Z</time>
        <cmt>speed: 0.0</cmt>
      </trkpt>
      <trkpt lat="47.358908" lon="8.561279">
        <ele>445</ele>
        <time>2024-06-13T14:22:26Z</time>
        <cmt>speed: 0.0</cmt>
      </trkpt>
      <trkpt lat="47.358908" lon="8.561279">
        <ele>445</ele>
        <time>2024-06-13T14:22:30Z</time>
        <cmt>speed: 0.0</cmt>
      </trkpt>
      <trkpt lat="47.358908" lon="8.561279">
        <ele>445</ele>
        <time>2024-06-13T14:22:34Z</time>
        <cmt>speed: 0.0</cmt>
      </trkpt>
      <trkpt lat="47.358908" lon="8.561279">
        <ele>445</ele>
        <time>2024-06-13T14:22:38Z</time>
        <cmt>speed: 0.0</cmt>
      </trkpt>
      <trkpt lat="47.358908" lon="8.561279">
        <ele>445</ele>
        <time>2024-06-13T14:22:42Z</time>
        <cmt>speed: 0.0</cmt>
      </trkpt>
      <trkpt lat="47.358908" lon="8.561279">
        <ele>445</ele>
        <time>2024-06-13T14:22:46Z</time>
        <cmt>speed: 0.0</cmt>
      </trkpt>
      <trkpt lat="47.358908" lon="8.561279">
        <ele>445</ele>
        <time>2024-06-13T14:22:47Z</time>
      </trkpt>
      <trkpt lat="47.358908" lon="8.561279">
        <ele>445</ele>
        <time>2024-06-13T14:22:50Z</time>
        <cmt>speed: 0.0</cmt>
      </trkpt>
      <trkpt lat="47.358908" lon="8.561279">
        <ele>445</ele>
        <time>2024-06-13T14:22:54Z</time>
        <cmt>speed: 0.0</cmt>
      </trkpt>
      <trkpt lat="47.359959" lon="8.563643">
        <ele>434</ele>
        <time>2024-06-13T14:35:22Z</time>
      </trkpt>
      <trkpt lat="47.359959" lon="8.563643">
        <ele>434</ele>
        <time>2024-06-13T14:45:30Z</time>
      </trkpt>
      <trkpt lat="47.359959" lon="8.563643">
        <ele>434</ele>
        <time>2024-06-13T14:55:30Z</time>
      </trkpt>
      <trkpt lat="47.359959" lon="8.563643">
        <ele>434</ele>
        <time>2024-06-13T15:05:30Z</time>
      </trkpt>
      <trkpt lat="47.359959" lon="8.563643">
        <ele>434</ele>
        <time>2024-06-13T15:15:30Z</time>
      </trkpt>
      <trkpt lat="47.359959" lon="8.563643">
        <ele>434</ele>
        <time>2024-06-13T15:25:30Z</time>
      </trkpt>
      <trkpt lat="47.359959" lon="8.563643">
        <ele>434</ele>
        <time>2024-06-13T15:35:30Z</time>
      </trkpt>
      <trkpt lat="47.359959" lon="8.563643">
        <ele>434</ele>
        <time>2024-06-13T15:45:30Z</time>
      </trkpt>
      <trkpt lat="47.359959" lon="8.563643">
        <ele>434</ele>
        <time>2024-06-13T15:55:30Z</time>
      </trkpt>
      <trkpt lat="47.359959" lon="8.563643">
        <ele>434</ele>
        <time>2024-06-13T16:05:30Z</time>
      </trkpt>
      <trkpt lat="47.359959" lon="8.563643">
        <ele>434</ele>
        <time>2024-06-13T16:15:30Z</time>
      </trkpt>
      <trkpt lat="47.359959" lon="8.563643">
        <ele>434</ele>
        <time>2024-06-13T16:25:30Z</time>
      </trkpt>
      <trkpt lat="47.359959" lon="8.563643">
        <ele>434</ele>
        <time>2024-06-13T16:35:30Z</time>
      </trkpt>
      <trkpt lat="47.359959" lon="8.563643">
        <ele>434</ele>
        <time>2024-06-13T16:45:30Z</time>
      </trkpt>
      <trkpt lat="47.359959" lon="8.563643">
        <ele>434</ele>
        <time>2024-06-13T16:55:30Z</time>
      </trkpt>
      <trkpt lat="47.359959" lon="8.563643">
        <ele>434</ele>
        <time>2024-06-13T17:01:33Z</time>
      </trkpt>
      <trkpt lat="47.359959" lon="8.563643">
        <ele>434</ele>
        <time>2024-06-13T17:11:33Z</time>
      </trkpt>
      <trkpt lat="47.359959" lon="8.563643">
        <ele>434</ele>
        <time>2024-06-13T17:21:33Z</time>
      </trkpt>
      <trkpt lat="47.359959" lon="8.563643">
        <ele>434</ele>
        <time>2024-06-13T17:31:33Z</time>
      </trkpt>
      <trkpt lat="47.359959" lon="8.563643">
        <ele>434</ele>
        <time>2024-06-13T17:41:33Z</time>
      </trkpt>
      <trkpt lat="47.359959" lon="8.563643">
        <ele>434</ele>
        <time>2024-06-13T17:51:33Z</time>
      </trkpt>
      <trkpt lat="47.359959" lon="8.563643">
        <ele>434</ele>
        <time>2024-06-13T18:01:33Z</time>
      </trkpt>
      <trkpt lat="47.359959" lon="8.563643">
        <ele>434</ele>
        <time>2024-06-13T18:11:33Z</time>
      </trkpt>
      <trkpt lat="47.359959" lon="8.563643">
        <ele>434</ele>
        <time>2024-06-13T18:21:33Z</time>
      </trkpt>
      <trkpt lat="47.359959" lon="8.563643">
        <ele>434</ele>
        <time>2024-06-13T18:31:33Z</time>
      </trkpt>
      <trkpt lat="47.359959" lon="8.563643">
        <ele>434</ele>
        <time>2024-06-13T18:41:33Z</time>
      </trkpt>
      <trkpt lat="47.359959" lon="8.563643">
        <ele>434</ele>
        <time>2024-06-13T18:51:33Z</time>
      </trkpt>
      <trkpt lat="47.359959" lon="8.563643">
        <ele>434</ele>
        <time>2024-06-13T19:01:33Z</time>
      </trkpt>
      <trkpt lat="47.359959" lon="8.563643">
        <ele>434</ele>
        <time>2024-06-13T19:01:41Z</time>
      </trkpt>
      <trkpt lat="47.359955" lon="8.563484">
        <ele>477</ele>
        <time>2024-06-13T19:19:10Z</time>
        <cmt>speed: 0.7</cmt>
      </trkpt>
      <trkpt lat="47.358864" lon="8.561153">
        <ele>435</ele>
        <time>2024-06-13T19:37:37Z</time>
        <cmt>speed: 0.3</cmt>
      </trkpt>
      <trkpt lat="47.35843" lon="8.561894">
        <ele>451</ele>
        <time>2024-06-13T19:57:36Z</time>
        <cmt>speed: 0.4</cmt>
      </trkpt>
      <trkpt lat="47.359031" lon="8.562096">
        <ele>429</ele>
        <time>2024-06-13T20:07:36Z</time>
        <cmt>speed: 0.2</cmt>
      </trkpt>
      <trkpt lat="47.358913" lon="8.562208">
        <ele>376</ele>
        <time>2024-06-13T20:17:39Z</time>
        <cmt>speed: 0.5</cmt>
      </trkpt>
      <trkpt lat="47.359059" lon="8.561935">
        <ele>407</ele>
        <time>2024-06-13T20:27:39Z</time>
        <cmt>speed: 0.1</cmt>
      </trkpt>
      <trkpt lat="47.358864" lon="8.562301">
        <ele>476</ele>
        <time>2024-06-13T20:37:38Z</time>
        <cmt>speed: 0.5</cmt>
      </trkpt>
      <trkpt lat="47.35838" lon="8.563953">
        <ele>454</ele>
        <time>2024-06-13T20:47:35Z</time>
        <cmt>speed: 1.0</cmt>
      </trkpt>
      <trkpt lat="47.358456" lon="8.564562">
        <ele>482</ele>
        <time>2024-06-13T20:57:37Z</time>
        <cmt>speed: 0.0</cmt>
      </trkpt>
      <trkpt lat="47.358932" lon="8.564454">
        <ele>477</ele>
        <time>2024-06-13T21:17:41Z</time>
        <cmt>speed: 0.0</cmt>
      </trkpt>
      <trkpt lat="47.358955" lon="8.56218">
        <ele>468</ele>
        <time>2024-06-13T21:37:36Z</time>
        <cmt>speed: 1.5</cmt>
      </trkpt>
      <trkpt lat="47.359024" lon="8.562111">
        <ele>472</ele>
        <time>2024-06-13T21:47:36Z</time>
        <cmt>speed: 0.5</cmt>
      </trkpt>
      <trkpt lat="47.359198" lon="8.562098">
        <ele>495</ele>
        <time>2024-06-13T21:57:37Z</time>
        <cmt>speed: 0.1</cmt>
      </trkpt>
      <trkpt lat="47.359191" lon="8.562343">
        <ele>427</ele>
        <time>2024-06-13T22:07:37Z</time>
        <cmt>speed: 0.1</cmt>
      </trkpt>
      <trkpt lat="47.359284" lon="8.562256">
        <ele>412</ele>
        <time>2024-06-13T22:37:44Z</time>
        <cmt>speed: 0.0</cmt>
      </trkpt>
      <trkpt lat="47.359572" lon="8.562363">
        <ele>375</ele>
        <time>2024-06-13T22:47:37Z</time>
        <cmt>speed: 1.9</cmt>
      </trkpt>
      <trkpt lat="47.359285" lon="8.561031">
        <ele>373</ele>
        <time>2024-06-13T22:57:37Z</time>
        <cmt>speed: 1.7</cmt>
      </trkpt>
      <trkpt lat="47.360108" lon="8.561826">
        <ele>441</ele>
        <time>2024-06-13T23:07:36Z</time>
        <cmt>speed: 1.0</cmt>
      </trkpt>
      <trkpt lat="47.359974" lon="8.56367">
        <ele>434</ele>
        <time>2024-06-13T23:18:31Z</time>
      </trkpt>
      <trkpt lat="47.359974" lon="8.56367">
        <ele>434</ele>
        <time>2024-06-13T23:25:28Z</time>
      </trkpt>
      <trkpt lat="47.359974" lon="8.56367">
        <ele>434</ele>
        <time>2024-06-14T02:56:55Z</time>
      </trkpt>
      <trkpt lat="47.360067" lon="8.561886">
        <ele>444</ele>
        <time>2024-06-14T03:07:01Z</time>
        <cmt>speed: 1.0</cmt>
      </trkpt>
      <trkpt lat="47.358998" lon="8.562238">
        <ele>445</ele>
        <time>2024-06-14T03:16:58Z</time>
        <cmt>speed: 0.0</cmt>
      </trkpt>
      <trkpt lat="47.359207" lon="8.562756">
        <ele>439</ele>
        <time>2024-06-14T03:27:01Z</time>
        <cmt>speed: 1.0</cmt>
      </trkpt>
      <trkpt lat="47.358483" lon="8.563145">
        <ele>441</ele>
        <time>2024-06-14T03:36:59Z</time>
        <cmt>speed: 0.7</cmt>
      </trkpt>
      <trkpt lat="47.358391" lon="8.563107">
        <ele>448</ele>
        <time>2024-06-14T03:47:00Z</time>
        <cmt>speed: 0.3</cmt>
      </trkpt>
      <trkpt lat="47.358391" lon="8.563107">
        <ele>448</ele>
        <time>2024-06-14T03:56:58Z</time>
      </trkpt>
      <trkpt lat="47.358491" lon="8.563199">
        <ele>427</ele>
        <time>2024-06-14T03:56:59Z</time>
        <cmt>speed: 0.1</cmt>
      </trkpt>
      <trkpt lat="47.358374" lon="8.563072">
        <ele>454</ele>
        <time>2024-06-14T04:07:01Z</time>
        <cmt>speed: 0.1</cmt>
      </trkpt>
      <trkpt lat="47.358374" lon="8.563072">
        <ele>454</ele>
        <time>2024-06-14T04:17:01Z</time>
      </trkpt>
      <trkpt lat="47.358267" lon="8.563265">
        <ele>450</ele>
        <time>2024-06-14T04:17:02Z</time>
        <cmt>speed: 0.5</cmt>
      </trkpt>
      <trkpt lat="47.358262" lon="8.563245">
        <ele>466</ele>
        <time>2024-06-14T04:27:04Z</time>
        <cmt>speed: 0.1</cmt>
      </trkpt>
      <trkpt lat="47.358262" lon="8.563245">
        <ele>466</ele>
        <time>2024-06-14T04:37:03Z</time>
      </trkpt>
      <trkpt lat="47.358219" lon="8.56321">
        <ele>432</ele>
        <time>2024-06-14T04:37:04Z</time>
        <cmt>speed: 0.3</cmt>
      </trkpt>
      <trkpt lat="47.358629" lon="8.563089">
        <ele>467</ele>
        <time>2024-06-14T04:47:35Z</time>
        <cmt>speed: 1.8</cmt>
      </trkpt>
      <trkpt lat="47.358629" lon="8.563089">
        <ele>467</ele>
        <time>2024-06-14T04:56:58Z</time>
      </trkpt>
      <trkpt lat="47.357916" lon="8.563007">
        <ele>434</ele>
        <time>2024-06-14T04:58:19Z</time>
        <cmt>speed: 1.1</cmt>
      </trkpt>
      <trkpt lat="47.357916" lon="8.563007">
        <ele>434</ele>
        <time>2024-06-14T05:18:19Z</time>
      </trkpt>
      <trkpt lat="47.35834" lon="8.563216">
        <ele>464</ele>
        <time>2024-06-14T05:18:20Z</time>
        <cmt>speed: 0.1</cmt>
      </trkpt>
      <trkpt lat="47.358419" lon="8.563011">
        <ele>444</ele>
        <time>2024-06-14T05:28:20Z</time>
        <cmt>speed: 0.0</cmt>
      </trkpt>
      <trkpt lat="47.358361" lon="8.563156">
        <ele>444</ele>
        <time>2024-06-14T05:38:24Z</time>
        <cmt>speed: 0.2</cmt>
      </trkpt>
      <trkpt lat="47.358361" lon="8.563156">
        <ele>444</ele>
        <time>2024-06-14T05:38:24Z</time>
      </trkpt>
      <trkpt lat="47.358397" lon="8.563125">
        <ele>443</ele>
        <time>2024-06-14T05:48:28Z</time>
        <cmt>speed: 0.6</cmt>
      </trkpt>
      <trkpt lat="47.358397" lon="8.563125">
        <ele>443</ele>
        <time>2024-06-14T05:58:22Z</time>
      </trkpt>
      <trkpt lat="47.358478" lon="8.56324">
        <ele>465</ele>
        <time>2024-06-14T05:58:23Z</time>
        <cmt>speed: 0.6</cmt>
      </trkpt>
      <trkpt lat="47.358335" lon="8.563081">
        <ele>440</ele>
        <time>2024-06-14T06:14:26Z</time>
        <cmt>speed: 0.3</cmt>
      </trkpt>
      <trkpt lat="47.358335" lon="8.563081">
        <ele>440</ele>
        <time>2024-06-14T06:24:29Z</time>
      </trkpt>
      <trkpt lat="47.358475" lon="8.563103">
        <ele>453</ele>
        <time>2024-06-14T06:24:30Z</time>
        <cmt>speed: 0.4</cmt>
      </trkpt>
      <trkpt lat="47.358332" lon="8.563139">
        <ele>439</ele>
        <time>2024-06-14T06:34:26Z</time>
        <cmt>speed: 0.2</cmt>
      </trkpt>
      <trkpt lat="47.358389" lon="8.563135">
        <ele>442</ele>
        <time>2024-06-14T06:44:30Z</time>
        <cmt>speed: 0.5</cmt>
      </trkpt>
      <trkpt lat="47.358202" lon="8.563238">
        <ele>492</ele>
        <time>2024-06-14T06:54:26Z</time>
        <cmt>speed: 0.4</cmt>
      </trkpt>
      <trkpt lat="47.358202" lon="8.563238">
        <ele>492</ele>
        <time>2024-06-14T06:56:58Z</time>
      </trkpt>
      <trkpt lat="47.358336" lon="8.56301">
        <ele>434</ele>
        <time>2024-06-14T07:04:28Z</time>
        <cmt>speed: 0.1</cmt>
      </trkpt>
      <trkpt lat="47.358204" lon="8.563131">
        <ele>462</ele>
        <time>2024-06-14T07:14:26Z</time>
        <cmt>speed: 0.1</cmt>
      </trkpt>
      <trkpt lat="47.358204" lon="8.563131">
        <ele>462</ele>
        <time>2024-06-14T07:24:24Z</time>
      </trkpt>
      <trkpt lat="47.358223" lon="8.563208">
        <ele>454</ele>
        <time>2024-06-14T07:24:26Z</time>
        <cmt>speed: 0.0</cmt>
      </trkpt>
      <trkpt lat="47.357887" lon="8.562839">
        <ele>452</ele>
        <time>2024-06-14T07:34:46Z</time>
        <cmt>speed: 0.0</cmt>
      </trkpt>
      <trkpt lat="47.358446" lon="8.561759">
        <ele>407</ele>
        <time>2024-06-14T07:44:26Z</time>
        <cmt>speed: 0.6</cmt>
      </trkpt>
      <trkpt lat="47.358451" lon="8.561453">
        <ele>401</ele>
        <time>2024-06-14T07:54:28Z</time>
        <cmt>speed: 0.1</cmt>
      </trkpt>
      <trkpt lat="47.358451" lon="8.561453">
        <ele>401</ele>
        <time>2024-06-14T07:56:58Z</time>
      </trkpt>
      <trkpt lat="47.35855" lon="8.561171">
        <ele>435</ele>
        <time>2024-06-14T08:04:27Z</time>
        <cmt>speed: 0.3</cmt>
      </trkpt>
      <trkpt lat="47.35855" lon="8.561171">
        <ele>435</ele>
        <time>2024-06-14T08:16:58Z</time>
      </trkpt>
      <trkpt lat="47.358503" lon="8.561359">
        <ele>379</ele>
        <time>2024-06-14T08:28:19Z</time>
        <cmt>speed: 0.0</cmt>
      </trkpt>
      <trkpt lat="47.358503" lon="8.561359">
        <ele>379</ele>
        <time>2024-06-14T08:38:08Z</time>
      </trkpt>
      <trkpt lat="47.358648" lon="8.561301">
        <ele>452</ele>
        <time>2024-06-14T08:38:10Z</time>
        <cmt>speed: 0.3</cmt>
      </trkpt>
      <trkpt lat="47.358585" lon="8.561226">
        <ele>423</ele>
        <time>2024-06-14T08:48:11Z</time>
        <cmt>speed: 0.1</cmt>
      </trkpt>
      <trkpt lat="47.358585" lon="8.561226">
        <ele>423</ele>
        <time>2024-06-14T08:58:09Z</time>
      </trkpt>
      <trkpt lat="47.358839" lon="8.561354">
        <ele>478</ele>
        <time>2024-06-14T08:58:10Z</time>
        <cmt>speed: 0.4</cmt>
      </trkpt>
      <trkpt lat="47.358808" lon="8.561169">
        <ele>451</ele>
        <time>2024-06-14T09:08:12Z</time>
        <cmt>speed: 0.1</cmt>
      </trkpt>
      <trkpt lat="47.358808" lon="8.561169">
        <ele>451</ele>
        <time>2024-06-14T09:18:13Z</time>
      </trkpt>
      <trkpt lat="47.358534" lon="8.561151">
        <ele>422</ele>
        <time>2024-06-14T09:18:15Z</time>
        <cmt>speed: 0.2</cmt>
      </trkpt>
      <trkpt lat="47.360226" lon="8.562505">
        <ele>436</ele>
        <time>2024-06-14T09:28:12Z</time>
        <cmt>speed: 1.2</cmt>
      </trkpt>
      <trkpt lat="47.359974" lon="8.56367">
        <ele>434</ele>
        <time>2024-06-14T09:31:58Z</time>
      </trkpt>
      <trkpt lat="47.359958" lon="8.563571">
        <ele>431</ele>
        <time>2024-06-14T09:38:12Z</time>
        <cmt>speed: 0.2</cmt>
      </trkpt>
      <trkpt lat="47.359959" lon="8.563643">
        <ele>434</ele>
        <time>2024-06-14T09:41:16Z</time>
      </trkpt>
      <trkpt lat="47.359959" lon="8.563643">
        <ele>434</ele>
        <time>2024-06-14T09:56:16Z</time>
      </trkpt>
      <trkpt lat="47.359959" lon="8.563643">
        <ele>434</ele>
        <time>2024-06-14T19:57:07Z</time>
      </trkpt>
      <trkpt lat="47.360302" lon="8.563205">
        <ele>458</ele>
        <time>2024-06-14T19:57:39Z</time>
        <cmt>speed: 0.1</cmt>
      </trkpt>
      <trkpt lat="47.358714" lon="8.560976">
        <ele>489</ele>
        <time>2024-06-14T20:07:13Z</time>
        <cmt>speed: 1.0</cmt>
      </trkpt>
      <trkpt lat="47.358202" lon="8.561555">
        <ele>462</ele>
        <time>2024-06-14T20:17:18Z</time>
        <cmt>speed: 0.3</cmt>
      </trkpt>
      <trkpt lat="47.357683" lon="8.56155">
        <ele>465</ele>
        <time>2024-06-14T20:27:16Z</time>
        <cmt>speed: 1.9</cmt>
      </trkpt>
      <trkpt lat="47.359216" lon="8.562426">
        <ele>448</ele>
        <time>2024-06-14T20:37:14Z</time>
        <cmt>speed: 2.1</cmt>
      </trkpt>
      <trkpt lat="47.358527" lon="8.564219">
        <ele>479</ele>
        <time>2024-06-14T20:47:14Z</time>
        <cmt>speed: 0.4</cmt>
      </trkpt>
      <trkpt lat="47.358688" lon="8.564618">
        <ele>463</ele>
        <time>2024-06-14T20:57:21Z</time>
        <cmt>speed: 0.3</cmt>
      </trkpt>
      <trkpt lat="47.358658" lon="8.564831">
        <ele>465</ele>
        <time>2024-06-14T21:07:15Z</time>
        <cmt>speed: 3.3</cmt>
      </trkpt>
      <trkpt lat="47.358569" lon="8.564973">
        <ele>434</ele>
        <time>2024-06-14T21:17:14Z</time>
        <cmt>speed: 0.1</cmt>
      </trkpt>
      <trkpt lat="47.358399" lon="8.565183">
        <ele>468</ele>
        <time>2024-06-14T21:27:13Z</time>
        <cmt>speed: 0.8</cmt>
      </trkpt>
      <trkpt lat="47.358461" lon="8.564992">
        <ele>463</ele>
        <time>2024-06-14T21:37:15Z</time>
        <cmt>speed: 0.2</cmt>
      </trkpt>
      <trkpt lat="47.358658" lon="8.56499">
        <ele>454</ele>
        <time>2024-06-14T21:47:13Z</time>
        <cmt>speed: 1.7</cmt>
      </trkpt>
      <trkpt lat="47.358796" lon="8.564182">
        <ele>442</ele>
        <time>2024-06-14T21:57:14Z</time>
        <cmt>speed: 0.3</cmt>
      </trkpt>
      <trkpt lat="47.359069" lon="8.561215">
        <ele>435</ele>
        <time>2024-06-14T22:07:14Z</time>
        <cmt>speed: 0.6</cmt>
      </trkpt>
      <trkpt lat="47.358417" lon="8.56113">
        <ele>443</ele>
        <time>2024-06-14T22:17:17Z</time>
        <cmt>speed: 0.5</cmt>
      </trkpt>
      <trkpt lat="47.357648" lon="8.560096">
        <ele>419</ele>
        <time>2024-06-14T22:27:14Z</time>
        <cmt>speed: 2.2</cmt>
      </trkpt>
      <trkpt lat="47.357648" lon="8.560096">
        <ele>419</ele>
        <time>2024-06-14T22:37:10Z</time>
      </trkpt>
      <trkpt lat="47.35756" lon="8.560509">
        <ele>438</ele>
        <time>2024-06-14T22:37:13Z</time>
        <cmt>speed: 1.8</cmt>
      </trkpt>
      <trkpt lat="47.357484" lon="8.561321">
        <ele>454</ele>
        <time>2024-06-14T22:47:18Z</time>
        <cmt>speed: 0.7</cmt>
      </trkpt>
      <trkpt lat="47.357484" lon="8.561321">
        <ele>454</ele>
        <time>2024-06-14T22:57:10Z</time>
      </trkpt>
      <trkpt lat="47.357587" lon="8.561352">
        <ele>447</ele>
        <time>2024-06-14T22:57:14Z</time>
        <cmt>speed: 0.8</cmt>
      </trkpt>
      <trkpt lat="47.358028" lon="8.562433">
        <ele>468</ele>
        <time>2024-06-14T23:07:14Z</time>
        <cmt>speed: 0.2</cmt>
      </trkpt>
      <trkpt lat="47.357449" lon="8.561781">
        <ele>460</ele>
        <time>2024-06-14T23:17:14Z</time>
        <cmt>speed: 0.0</cmt>
      </trkpt>
      <trkpt lat="47.358201" lon="8.560471">
        <ele>408</ele>
        <time>2024-06-14T23:27:13Z</time>
        <cmt>speed: 1.8</cmt>
      </trkpt>
      <trkpt lat="47.359032" lon="8.560847">
        <ele>442</ele>
        <time>2024-06-14T23:37:13Z</time>
        <cmt>speed: 4.5</cmt>
      </trkpt>
      <trkpt lat="47.359974" lon="8.56367">
        <ele>434</ele>
        <time>2024-06-14T23:42:26Z</time>
      </trkpt>
      <trkpt lat="47.359974" lon="8.56367">
        <ele>434</ele>
        <time>2024-06-14T23:57:26Z</time>
      </trkpt>
      <trkpt lat="47.359959" lon="8.563643">
        <ele>434</ele>
        <time>2024-06-14T23:59:28Z</time>
      </trkpt>
      <trkpt lat="47.359959" lon="8.563643">
        <ele>434</ele>
        <time>2024-06-15T00:14:17Z</time>
      </trkpt>
      <trkpt lat="47.3596" lon="8.56339">
        <ele>448</ele>
        <time>2024-06-15T00:47:34Z</time>
        <cmt>speed: 0.7</cmt>
      </trkpt>
      <trkpt lat="47.358945" lon="8.560936">
        <ele>456</ele>
        <time>2024-06-15T00:57:28Z</time>
        <cmt>speed: 0.1</cmt>
      </trkpt>
      <trkpt lat="47.358717" lon="8.560273">
        <ele>393</ele>
        <time>2024-06-15T01:17:46Z</time>
        <cmt>speed: 2.4</cmt>
      </trkpt>
      <trkpt lat="47.359475" lon="8.560062">
        <ele>451</ele>
        <time>2024-06-15T01:47:46Z</time>
        <cmt>speed: 0.2</cmt>
      </trkpt>
      <trkpt lat="47.359475" lon="8.560062">
        <ele>451</ele>
        <time>2024-06-15T01:47:46Z</time>
      </trkpt>
      <trkpt lat="47.35897" lon="8.562192">
        <ele>427</ele>
        <time>2024-06-15T02:08:12Z</time>
        <cmt>speed: 0.0</cmt>
      </trkpt>
      <trkpt lat="47.358889" lon="8.564354">
        <ele>449</ele>
        <time>2024-06-15T02:17:29Z</time>
        <cmt>speed: 5.3</cmt>
      </trkpt>
      <trkpt lat="47.358314" lon="8.565263">
        <ele>459</ele>
        <time>2024-06-15T02:27:31Z</time>
        <cmt>speed: 0.0</cmt>
      </trkpt>
      <trkpt lat="47.358415" lon="8.564554">
        <ele>463</ele>
        <time>2024-06-15T02:37:28Z</time>
        <cmt>speed: 0.3</cmt>
      </trkpt>
      <trkpt lat="47.35856" lon="8.563951">
        <ele>434</ele>
        <time>2024-06-15T02:47:34Z</time>
        <cmt>speed: 0.0</cmt>
      </trkpt>
      <trkpt lat="47.35856" lon="8.563951">
        <ele>434</ele>
        <time>2024-06-15T02:47:34Z</time>
      </trkpt>
      <trkpt lat="47.358636" lon="8.564196">
        <ele>453</ele>
        <time>2024-06-15T03:14:23Z</time>
        <cmt>speed: 0.6</cmt>
      </trkpt>
      <trkpt lat="47.359959" lon="8.563643">
        <ele>434</ele>
        <time>2024-06-15T03:21:53Z</time>
      </trkpt>
      <trkpt lat="47.359959" lon="8.563643">
        <ele>434</ele>
        <time>2024-06-15T03:36:53Z</time>
      </trkpt>
      <trkpt lat="47.359798" lon="8.564158">
        <ele>365</ele>
        <time>2024-06-15T13:38:47Z</time>
        <cmt>speed: 0.2</cmt>
      </trkpt>
      <trkpt lat="47.360329" lon="8.562073">
        <ele>430</ele>
        <time>2024-06-15T13:48:28Z</time>
        <cmt>speed: 0.0</cmt>
      </trkpt>
      <trkpt lat="47.359795" lon="8.561575">
        <ele>421</ele>
        <time>2024-06-15T13:58:26Z</time>
        <cmt>speed: 0.1</cmt>
      </trkpt>
      <trkpt lat="47.359409" lon="8.560256">
        <ele>417</ele>
        <time>2024-06-15T14:08:25Z</time>
        <cmt>speed: 0.8</cmt>
      </trkpt>
      <trkpt lat="47.358912" lon="8.558698">
        <ele>434</ele>
        <time>2024-06-15T14:18:35Z</time>
        <cmt>speed: 0.1</cmt>
      </trkpt>
      <trkpt lat="47.358565" lon="8.559548">
        <ele>431</ele>
        <time>2024-06-15T14:28:26Z</time>
        <cmt>speed: 0.5</cmt>
      </trkpt>
      <trkpt lat="47.358565" lon="8.559548">
        <ele>431</ele>
        <time>2024-06-15T14:38:25Z</time>
      </trkpt>
      <trkpt lat="47.358046" lon="8.56087">
        <ele>404</ele>
        <time>2024-06-15T14:38:27Z</time>
        <cmt>speed: 1.1</cmt>
      </trkpt>
      <trkpt lat="47.35774" lon="8.561045">
        <ele>449</ele>
        <time>2024-06-15T14:48:27Z</time>
        <cmt>speed: 0.5</cmt>
      </trkpt>
      <trkpt lat="47.357573" lon="8.561177">
        <ele>419</ele>
        <time>2024-06-15T14:58:25Z</time>
        <cmt>speed: 0.4</cmt>
      </trkpt>
      <trkpt lat="47.357373" lon="8.561399">
        <ele>483</ele>
        <time>2024-06-15T15:08:41Z</time>
        <cmt>speed: 0.0</cmt>
      </trkpt>
      <trkpt lat="47.357849" lon="8.562707">
        <ele>460</ele>
        <time>2024-06-15T15:18:27Z</time>
        <cmt>speed: 0.0</cmt>
      </trkpt>
      <trkpt lat="47.357488" lon="8.563313">
        <ele>456</ele>
        <time>2024-06-15T15:58:27Z</time>
        <cmt>speed: 0.5</cmt>
      </trkpt>
      <trkpt lat="47.357042" lon="8.563395">
        <ele>455</ele>
        <time>2024-06-15T16:08:31Z</time>
        <cmt>speed: 0.2</cmt>
      </trkpt>
      <trkpt lat="47.357042" lon="8.563395">
        <ele>455</ele>
        <time>2024-06-15T16:18:23Z</time>
      </trkpt>
      <trkpt lat="47.356652" lon="8.563796">
        <ele>434</ele>
        <time>2024-06-15T16:18:24Z</time>
        <cmt>speed: 0.5</cmt>
      </trkpt>
      <trkpt lat="47.356939" lon="8.563585">
        <ele>468</ele>
        <time>2024-06-15T16:28:25Z</time>
        <cmt>speed: 0.7</cmt>
      </trkpt>
      <trkpt lat="47.356915" lon="8.563673">
        <ele>480</ele>
        <time>2024-06-15T16:38:23Z</time>
        <cmt>speed: 1.1</cmt>
      </trkpt>
      <trkpt lat="47.356915" lon="8.563673">
        <ele>480</ele>
        <time>2024-06-15T16:38:23Z</time>
      </trkpt>
      <trkpt lat="47.357229" lon="8.563565">
        <ele>450</ele>
        <time>2024-06-15T16:48:24Z</time>
        <cmt>speed: 3.6</cmt>
      </trkpt>
      <trkpt lat="47.357229" lon="8.563565">
        <ele>450</ele>
        <time>2024-06-15T16:58:23Z</time>
      </trkpt>
      <trkpt lat="47.356805" lon="8.563815">
        <ele>455</ele>
        <time>2024-06-15T16:58:24Z</time>
        <cmt>speed: 0.0</cmt>
      </trkpt>
      <trkpt lat="47.356992" lon="8.56352">
        <ele>462</ele>
        <time>2024-06-15T17:08:25Z</time>
        <cmt>speed: 1.0</cmt>
      </trkpt>
      <trkpt lat="47.356992" lon="8.56352">
        <ele>462</ele>
        <time>2024-06-15T17:18:23Z</time>
      </trkpt>
      <trkpt lat="47.356866" lon="8.563693">
        <ele>456</ele>
        <time>2024-06-15T17:18:24Z</time>
        <cmt>speed: 0.6</cmt>
      </trkpt>
      <trkpt lat="47.356828" lon="8.563215">
        <ele>471</ele>
        <time>2024-06-15T17:28:31Z</time>
        <cmt>speed: 0.8</cmt>
      </trkpt>
      <trkpt lat="47.356889" lon="8.563749">
        <ele>455</ele>
        <time>2024-06-15T17:38:25Z</time>
        <cmt>speed: 0.2</cmt>
      </trkpt>
      <trkpt lat="47.357359" lon="8.561664">
        <ele>415</ele>
        <time>2024-06-15T17:48:26Z</time>
        <cmt>speed: 1.0</cmt>
      </trkpt>
      <trkpt lat="47.358419" lon="8.561151">
        <ele>454</ele>
        <time>2024-06-15T17:58:27Z</time>
        <cmt>speed: 0.4</cmt>
      </trkpt>
      <trkpt lat="47.358402" lon="8.560906">
        <ele>411</ele>
        <time>2024-06-15T18:08:25Z</time>
        <cmt>speed: 0.6</cmt>
      </trkpt>
      <trkpt lat="47.358402" lon="8.560906">
        <ele>411</ele>
        <time>2024-06-15T18:18:22Z</time>
      </trkpt>
      <trkpt lat="47.358631" lon="8.561108">
        <ele>387</ele>
        <time>2024-06-15T18:18:25Z</time>
        <cmt>speed: 0.6</cmt>
      </trkpt>
      <trkpt lat="47.358547" lon="8.561227">
        <ele>459</ele>
        <time>2024-06-15T18:28:27Z</time>
        <cmt>speed: 0.4</cmt>
      </trkpt>
      <trkpt lat="47.358547" lon="8.561227">
        <ele>459</ele>
        <time>2024-06-15T18:38:27Z</time>
      </trkpt>
      <trkpt lat="47.358556" lon="8.560994">
        <ele>406</ele>
        <time>2024-06-15T18:38:30Z</time>
        <cmt>speed: 1.4</cmt>
      </trkpt>
      <trkpt lat="47.358505" lon="8.561069">
        <ele>407</ele>
        <time>2024-06-15T18:49:43Z</time>
        <cmt>speed: 0.6</cmt>
      </trkpt>
      <trkpt lat="47.358505" lon="8.561069">
        <ele>407</ele>
        <time>2024-06-15T18:59:39Z</time>
      </trkpt>
      <trkpt lat="47.358597" lon="8.56116">
        <ele>436</ele>
        <time>2024-06-15T18:59:42Z</time>
        <cmt>speed: 0.1</cmt>
      </trkpt>
      <trkpt lat="47.358977" lon="8.561279">
        <ele>409</ele>
        <time>2024-06-15T19:09:40Z</time>
        <cmt>speed: 0.1</cmt>
      </trkpt>
      <trkpt lat="47.358339" lon="8.560457">
        <ele>433</ele>
        <time>2024-06-15T19:19:43Z</time>
        <cmt>speed: 1.4</cmt>
      </trkpt>
      <trkpt lat="47.358433" lon="8.560999">
        <ele>463</ele>
        <time>2024-06-15T19:29:40Z</time>
        <cmt>speed: 0.5</cmt>
      </trkpt>
      <trkpt lat="47.359088" lon="8.561163">
        <ele>453</ele>
        <time>2024-06-15T19:39:45Z</time>
        <cmt>speed: 0.4</cmt>
      </trkpt>
      <trkpt lat="47.358867" lon="8.562661">
        <ele>471</ele>
        <time>2024-06-15T19:49:40Z</time>
        <cmt>speed: 0.5</cmt>
      </trkpt>
      <trkpt lat="47.358927" lon="8.562852">
        <ele>456</ele>
        <time>2024-06-15T19:59:42Z</time>
        <cmt>speed: 1.7</cmt>
      </trkpt>
      <trkpt lat="47.358631" lon="8.563673">
        <ele>450</ele>
        <time>2024-06-15T20:09:39Z</time>
        <cmt>speed: 0.2</cmt>
      </trkpt>
      <trkpt lat="47.358631" lon="8.563673">
        <ele>450</ele>
        <time>2024-06-15T20:19:38Z</time>
      </trkpt>
      <trkpt lat="47.358961" lon="8.563989">
        <ele>451</ele>
        <time>2024-06-15T20:19:41Z</time>
        <cmt>speed: 0.5</cmt>
      </trkpt>
      <trkpt lat="47.359325" lon="8.564795">
        <ele>436</ele>
        <time>2024-06-15T20:29:40Z</time>
        <cmt>speed: 1.0</cmt>
      </trkpt>
      <trkpt lat="47.359006" lon="8.563357">
        <ele>458</ele>
        <time>2024-06-15T20:39:42Z</time>
        <cmt>speed: 1.9</cmt>
      </trkpt>
      <trkpt lat="47.359502" lon="8.562466">
        <ele>428</ele>
        <time>2024-06-15T20:49:41Z</time>
        <cmt>speed: 0.9</cmt>
      </trkpt>
      <trkpt lat="47.359088" lon="8.561696">
        <ele>418</ele>
        <time>2024-06-15T20:59:43Z</time>
        <cmt>speed: 0.1</cmt>
      </trkpt>
      <trkpt lat="47.358498" lon="8.561095">
        <ele>385</ele>
        <time>2024-06-15T21:09:41Z</time>
        <cmt>speed: 1.1</cmt>
      </trkpt>
      <trkpt lat="47.358553" lon="8.560086">
        <ele>449</ele>
        <time>2024-06-15T21:19:39Z</time>
        <cmt>speed: 0.1</cmt>
      </trkpt>
      <trkpt lat="47.359206" lon="8.56114">
        <ele>471</ele>
        <time>2024-06-15T21:29:42Z</time>
        <cmt>speed: 2.3</cmt>
      </trkpt>
      <trkpt lat="47.359573" lon="8.562339">
        <ele>465</ele>
        <time>2024-06-15T21:39:39Z</time>
        <cmt>speed: 0.1</cmt>
      </trkpt>
      <trkpt lat="47.359481" lon="8.562321">
        <ele>446</ele>
        <time>2024-06-15T21:49:43Z</time>
        <cmt>speed: 0.0</cmt>
      </trkpt>
      <trkpt lat="47.359481" lon="8.562321">
        <ele>446</ele>
        <time>2024-06-15T21:59:38Z</time>
      </trkpt>
      <trkpt lat="47.359531" lon="8.562156">
        <ele>426</ele>
        <time>2024-06-15T21:59:41Z</time>
        <cmt>speed: 0.2</cmt>
      </trkpt>
      <trkpt lat="47.359493" lon="8.562196">
        <ele>455</ele>
        <time>2024-06-15T22:09:41Z</time>
        <cmt>speed: 2.9</cmt>
      </trkpt>
      <trkpt lat="47.359493" lon="8.562196">
        <ele>455</ele>
        <time>2024-06-15T22:19:39Z</time>
      </trkpt>
      <trkpt lat="47.359442" lon="8.562386">
        <ele>428</ele>
        <time>2024-06-15T22:19:42Z</time>
        <cmt>speed: 0.1</cmt>
      </trkpt>
      <trkpt lat="47.359467" lon="8.562216">
        <ele>457</ele>
        <time>2024-06-15T22:29:42Z</time>
        <cmt>speed: 0.1</cmt>
      </trkpt>
      <trkpt lat="47.359467" lon="8.562216">
        <ele>457</ele>
        <time>2024-06-15T22:39:38Z</time>
      </trkpt>
      <trkpt lat="47.359442" lon="8.562306">
        <ele>455</ele>
        <time>2024-06-15T22:39:41Z</time>
        <cmt>speed: 0.4</cmt>
      </trkpt>
      <trkpt lat="47.35937" lon="8.562151">
        <ele>472</ele>
        <time>2024-06-15T22:49:40Z</time>
        <cmt>speed: 0.5</cmt>
      </trkpt>
      <trkpt lat="47.35937" lon="8.562151">
        <ele>472</ele>
        <time>2024-06-15T22:59:38Z</time>
      </trkpt>
      <trkpt lat="47.359433" lon="8.562347">
        <ele>476</ele>
        <time>2024-06-15T22:59:41Z</time>
        <cmt>speed: 2.3</cmt>
      </trkpt>
      <trkpt lat="47.359511" lon="8.562218">
        <ele>460</ele>
        <time>2024-06-15T23:09:43Z</time>
        <cmt>speed: 0.4</cmt>
      </trkpt>
      <trkpt lat="47.359459" lon="8.562854">
        <ele>467</ele>
        <time>2024-06-15T23:19:41Z</time>
        <cmt>speed: 2.1</cmt>
      </trkpt>
      <trkpt lat="47.357984" lon="8.562251">
        <ele>447</ele>
        <time>2024-06-15T23:29:44Z</time>
        <cmt>speed: 0.4</cmt>
      </trkpt>
      <trkpt lat="47.357524" lon="8.56211">
        <ele>443</ele>
        <time>2024-06-15T23:39:44Z</time>
        <cmt>speed: 0.4</cmt>
      </trkpt>
      <trkpt lat="47.357685" lon="8.563359">
        <ele>447</ele>
        <time>2024-06-15T23:49:42Z</time>
        <cmt>speed: 0.3</cmt>
      </trkpt>
      <trkpt lat="47.357493" lon="8.563745">
        <ele>466</ele>
        <time>2024-06-15T23:59:40Z</time>
        <cmt>speed: 0.2</cmt>
      </trkpt>
      <trkpt lat="47.357555" lon="8.563819">
        <ele>445</ele>
        <time>2024-06-16T00:09:41Z</time>
        <cmt>speed: 0.5</cmt>
      </trkpt>
      <trkpt lat="47.357555" lon="8.563819">
        <ele>445</ele>
        <time>2024-06-16T00:19:37Z</time>
      </trkpt>
      <trkpt lat="47.357528" lon="8.56384">
        <ele>468</ele>
        <time>2024-06-16T00:19:41Z</time>
        <cmt>speed: 0.3</cmt>
      </trkpt>
      <trkpt lat="47.357547" lon="8.563835">
        <ele>457</ele>
        <time>2024-06-16T00:29:41Z</time>
        <cmt>speed: 0.0</cmt>
      </trkpt>
      <trkpt lat="47.357547" lon="8.563835">
        <ele>457</ele>
        <time>2024-06-16T00:39:38Z</time>
      </trkpt>
      <trkpt lat="47.357549" lon="8.563764">
        <ele>445</ele>
        <time>2024-06-16T00:39:42Z</time>
        <cmt>speed: 0.1</cmt>
      </trkpt>
      <trkpt lat="47.35789" lon="8.563633">
        <ele>433</ele>
        <time>2024-06-16T00:49:40Z</time>
        <cmt>speed: 1.5</cmt>
      </trkpt>
      <trkpt lat="47.35789" lon="8.563633">
        <ele>433</ele>
        <time>2024-06-16T00:59:36Z</time>
      </trkpt>
      <trkpt lat="47.357514" lon="8.563765">
        <ele>455</ele>
        <time>2024-06-16T00:59:40Z</time>
        <cmt>speed: 0.8</cmt>
      </trkpt>
      <trkpt lat="47.357466" lon="8.563885">
        <ele>414</ele>
        <time>2024-06-16T01:09:41Z</time>
        <cmt>speed: 0.4</cmt>
      </trkpt>
      <trkpt lat="47.357466" lon="8.563885">
        <ele>414</ele>
        <time>2024-06-16T01:19:39Z</time>
      </trkpt>
      <trkpt lat="47.35764" lon="8.563759">
        <ele>447</ele>
        <time>2024-06-16T01:19:43Z</time>
        <cmt>speed: 0.0</cmt>
      </trkpt>
      <trkpt lat="47.3575" lon="8.563823">
        <ele>458</ele>
        <time>2024-06-16T01:29:41Z</time>
        <cmt>speed: 0.5</cmt>
      </trkpt>
      <trkpt lat="47.3575" lon="8.563823">
        <ele>458</ele>
        <time>2024-06-16T01:39:38Z</time>
      </trkpt>
      <trkpt lat="47.357557" lon="8.563805">
        <ele>455</ele>
        <time>2024-06-16T01:39:42Z</time>
        <cmt>speed: 0.1</cmt>
      </trkpt>
      <trkpt lat="47.357492" lon="8.563764">
        <ele>459</ele>
        <time>2024-06-16T01:49:42Z</time>
        <cmt>speed: 0.0</cmt>
      </trkpt>
      <trkpt lat="47.357392" lon="8.564297">
        <ele>456</ele>
        <time>2024-06-16T01:59:41Z</time>
        <cmt>speed: 0.3</cmt>
      </trkpt>
      <trkpt lat="47.357315" lon="8.56409">
        <ele>438</ele>
        <time>2024-06-16T02:09:41Z</time>
        <cmt>speed: 0.3</cmt>
      </trkpt>
      <trkpt lat="47.357167" lon="8.564105">
        <ele>453</ele>
        <time>2024-06-16T02:19:41Z</time>
        <cmt>speed: 0.2</cmt>
      </trkpt>
      <trkpt lat="47.357368" lon="8.564214">
        <ele>478</ele>
        <time>2024-06-16T02:28:00Z</time>
        <cmt>speed: 0.3</cmt>
      </trkpt>
      <trkpt lat="47.357321" lon="8.564082">
        <ele>463</ele>
        <time>2024-06-16T02:28:04Z</time>
        <cmt>speed: 0.0</cmt>
      </trkpt>
      <trkpt lat="47.357321" lon="8.564082">
        <ele>463</ele>
        <time>2024-06-16T02:28:08Z</time>
        <cmt>speed: 0.0</cmt>
      </trkpt>
      <trkpt lat="47.357278" lon="8.564193">
        <ele>489</ele>
        <time>2024-06-16T02:29:41Z</time>
        <cmt>speed: 0.3</cmt>
      </trkpt>
      <trkpt lat="47.356858" lon="8.564085">
        <ele>451</ele>
        <time>2024-06-16T02:39:41Z</time>
        <cmt>speed: 1.4</cmt>
      </trkpt>
      <trkpt lat="47.356353" lon="8.564057">
        <ele>442</ele>
        <time>2024-06-16T02:49:43Z</time>
        <cmt>speed: 0.3</cmt>
      </trkpt>
      <trkpt lat="47.357504" lon="8.562914">
        <ele>452</ele>
        <time>2024-06-16T02:59:43Z</time>
        <cmt>speed: 0.0</cmt>
      </trkpt>
      <trkpt lat="47.358218" lon="8.560698">
        <ele>465</ele>
        <time>2024-06-16T03:09:44Z</time>
        <cmt>speed: 0.3</cmt>
      </trkpt>
      <trkpt lat="47.359289" lon="8.562337">
        <ele>453</ele>
        <time>2024-06-16T03:19:42Z</time>
        <cmt>speed: 2.0</cmt>
      </trkpt>
      <trkpt lat="47.359289" lon="8.562337">
        <ele>453</ele>
        <time>2024-06-16T03:29:38Z</time>
      </trkpt>
      <trkpt lat="47.359548" lon="8.562321">
        <ele>429</ele>
        <time>2024-06-16T03:29:42Z</time>
        <cmt>speed: 0.5</cmt>
      </trkpt>
      <trkpt lat="47.358778" lon="8.56311">
        <ele>398</ele>
        <time>2024-06-16T03:39:42Z</time>
        <cmt>speed: 0.7</cmt>
      </trkpt>
      <trkpt lat="47.359498" lon="8.562371">
        <ele>450</ele>
        <time>2024-06-16T03:49:42Z</time>
        <cmt>speed: 0.3</cmt>
      </trkpt>
      <trkpt lat="47.359573" lon="8.562214">
        <ele>444</ele>
        <time>2024-06-16T03:59:40Z</time>
        <cmt>speed: 0.2</cmt>
      </trkpt>
      <trkpt lat="47.359573" lon="8.562214">
        <ele>444</ele>
        <time>2024-06-16T04:10:06Z</time>
      </trkpt>
      <trkpt lat="47.359999" lon="8.561449">
        <ele>428</ele>
        <time>2024-06-16T04:10:10Z</time>
        <cmt>speed: 0.0</cmt>
      </trkpt>
      <trkpt lat="47.360182" lon="8.561493">
        <ele>431</ele>
        <time>2024-06-16T04:20:04Z</time>
        <cmt>speed: 0.5</cmt>
      </trkpt>
      <trkpt lat="47.360182" lon="8.561493">
        <ele>431</ele>
        <time>2024-06-16T04:29:59Z</time>
      </trkpt>
      <trkpt lat="47.359936" lon="8.56135">
        <ele>430</ele>
        <time>2024-06-16T04:30:03Z</time>
        <cmt>speed: 0.4</cmt>
      </trkpt>
      <trkpt lat="47.360191" lon="8.561361">
        <ele>472</ele>
        <time>2024-06-16T04:39:46Z</time>
        <cmt>speed: 0.4</cmt>
      </trkpt>
      <trkpt lat="47.360191" lon="8.561361">
        <ele>472</ele>
        <time>2024-06-16T04:49:39Z</time>
      </trkpt>
      <trkpt lat="47.360195" lon="8.561989">
        <ele>471</ele>
        <time>2024-06-16T04:49:43Z</time>
        <cmt>speed: 0.4</cmt>
      </trkpt>
      <trkpt lat="47.360145" lon="8.561555">
        <ele>424</ele>
        <time>2024-06-16T04:59:59Z</time>
        <cmt>speed: 0.1</cmt>
      </trkpt>
      <trkpt lat="47.360127" lon="8.563558">
        <ele>416</ele>
        <time>2024-06-16T05:09:43Z</time>
        <cmt>speed: 0.3</cmt>
      </trkpt>
      <trkpt lat="47.359974" lon="8.56367">
        <ele>434</ele>
        <time>2024-06-16T05:10:03Z</time>
      </trkpt>
      <trkpt lat="47.360554" lon="8.562808">
        <ele>432</ele>
        <time>2024-06-16T05:19:44Z</time>
        <cmt>speed: 2.2</cmt>
      </trkpt>
      <trkpt lat="47.359441" lon="8.562286">
        <ele>456</ele>
        <time>2024-06-16T05:29:41Z</time>
        <cmt>speed: 2.0</cmt>
      </trkpt>
      <trkpt lat="47.359441" lon="8.562286">
        <ele>456</ele>
        <time>2024-06-16T05:39:40Z</time>
      </trkpt>
      <trkpt lat="47.359512" lon="8.562431">
        <ele>432</ele>
        <time>2024-06-16T05:39:43Z</time>
        <cmt>speed: 0.3</cmt>
      </trkpt>
      <trkpt lat="47.359299" lon="8.561859">
        <ele>462</ele>
        <time>2024-06-16T05:49:43Z</time>
        <cmt>speed: 0.3</cmt>
      </trkpt>
      <trkpt lat="47.359299" lon="8.561859">
        <ele>462</ele>
        <time>2024-06-16T05:59:40Z</time>
      </trkpt>
      <trkpt lat="47.359401" lon="8.562412">
        <ele>461</ele>
        <time>2024-06-16T05:59:44Z</time>
        <cmt>speed: 0.0</cmt>
      </trkpt>
      <trkpt lat="47.359236" lon="8.561988">
        <ele>448</ele>
        <time>2024-06-16T06:09:46Z</time>
        <cmt>speed: 0.2</cmt>
      </trkpt>
      <trkpt lat="47.359259" lon="8.560753">
        <ele>480</ele>
        <time>2024-06-16T06:29:51Z</time>
        <cmt>speed: 1.3</cmt>
      </trkpt>
      <trkpt lat="47.358964" lon="8.560542">
        <ele>503</ele>
        <time>2024-06-16T06:49:43Z</time>
        <cmt>speed: 0.5</cmt>
      </trkpt>
      <trkpt lat="47.358964" lon="8.560542">
        <ele>503</ele>
        <time>2024-06-16T06:59:41Z</time>
      </trkpt>
      <trkpt lat="47.359278" lon="8.560871">
        <ele>412</ele>
        <time>2024-06-16T06:59:46Z</time>
        <cmt>speed: 0.1</cmt>
      </trkpt>
      <trkpt lat="47.359409" lon="8.560831">
        <ele>406</ele>
        <time>2024-06-16T07:09:48Z</time>
        <cmt>speed: 0.3</cmt>
      </trkpt>
      <trkpt lat="47.359644" lon="8.560678">
        <ele>449</ele>
        <time>2024-06-16T07:19:43Z</time>
        <cmt>speed: 1.1</cmt>
      </trkpt>
      <trkpt lat="47.358742" lon="8.561032">
        <ele>435</ele>
        <time>2024-06-16T07:29:43Z</time>
        <cmt>speed: 0.7</cmt>
      </trkpt>
      <trkpt lat="47.358742" lon="8.561032">
        <ele>435</ele>
        <time>2024-06-16T07:39:40Z</time>
      </trkpt>
      <trkpt lat="47.358667" lon="8.561048">
        <ele>446</ele>
        <time>2024-06-16T07:39:45Z</time>
        <cmt>speed: 0.2</cmt>
      </trkpt>
      <trkpt lat="47.358573" lon="8.561067">
        <ele>430</ele>
        <time>2024-06-16T07:49:42Z</time>
        <cmt>speed: 0.0</cmt>
      </trkpt>
      <trkpt lat="47.358765" lon="8.560704">
        <ele>425</ele>
        <time>2024-06-16T07:59:45Z</time>
        <cmt>speed: 0.6</cmt>
      </trkpt>
      <trkpt lat="47.358592" lon="8.561844">
        <ele>466</ele>
        <time>2024-06-16T08:09:50Z</time>
        <cmt>speed: 0.3</cmt>
      </trkpt>
      <trkpt lat="47.358592" lon="8.561844">
        <ele>466</ele>
        <time>2024-06-16T08:19:38Z</time>
      </trkpt>
      <trkpt lat="47.359616" lon="8.562527">
        <ele>452</ele>
        <time>2024-06-16T08:19:43Z</time>
        <cmt>speed: 0.3</cmt>
      </trkpt>
      <trkpt lat="47.359327" lon="8.560589">
        <ele>423</ele>
        <time>2024-06-16T08:29:50Z</time>
        <cmt>speed: 0.0</cmt>
      </trkpt>
      <trkpt lat="47.359327" lon="8.560589">
        <ele>423</ele>
        <time>2024-06-16T08:39:48Z</time>
      </trkpt>
      <trkpt lat="47.359043" lon="8.560571">
        <ele>476</ele>
        <time>2024-06-16T08:39:53Z</time>
        <cmt>speed: 0.1</cmt>
      </trkpt>
      <trkpt lat="47.358726" lon="8.561122">
        <ele>470</ele>
        <time>2024-06-16T08:49:43Z</time>
        <cmt>speed: 0.7</cmt>
      </trkpt>
      <trkpt lat="47.358726" lon="8.561122">
        <ele>470</ele>
        <time>2024-06-16T08:59:47Z</time>
      </trkpt>
      <trkpt lat="47.358751" lon="8.561072">
        <ele>436</ele>
        <time>2024-06-16T08:59:52Z</time>
        <cmt>speed: 0.0</cmt>
      </trkpt>
      <trkpt lat="47.358875" lon="8.561206">
        <ele>447</ele>
        <time>2024-06-16T09:09:49Z</time>
        <cmt>speed: 0.3</cmt>
      </trkpt>
      <trkpt lat="47.358875" lon="8.561206">
        <ele>447</ele>
        <time>2024-06-16T09:19:43Z</time>
      </trkpt>
      <trkpt lat="47.358899" lon="8.561263">
        <ele>443</ele>
        <time>2024-06-16T09:19:48Z</time>
        <cmt>speed: 0.6</cmt>
      </trkpt>
      <trkpt lat="47.358899" lon="8.561263">
        <ele>443</ele>
        <time>2024-06-16T09:39:43Z</time>
      </trkpt>
      <trkpt lat="47.358901" lon="8.561045">
        <ele>489</ele>
        <time>2024-06-16T09:39:48Z</time>
        <cmt>speed: 0.0</cmt>
      </trkpt>
      <trkpt lat="47.358893" lon="8.561069">
        <ele>431</ele>
        <time>2024-06-16T09:49:52Z</time>
        <cmt>speed: 0.0</cmt>
      </trkpt>
      <trkpt lat="47.358893" lon="8.561069">
        <ele>431</ele>
        <time>2024-06-16T10:00:07Z</time>
      </trkpt>
      <trkpt lat="47.358912" lon="8.561158">
        <ele>426</ele>
        <time>2024-06-16T10:00:12Z</time>
        <cmt>speed: 0.3</cmt>
      </trkpt>
      <trkpt lat="47.358881" lon="8.561083">
        <ele>439</ele>
        <time>2024-06-16T10:09:48Z</time>
        <cmt>speed: 0.0</cmt>
      </trkpt>
      <trkpt lat="47.358787" lon="8.561097">
        <ele>418</ele>
        <time>2024-06-16T10:19:45Z</time>
        <cmt>speed: 0.5</cmt>
      </trkpt>
      <trkpt lat="47.358792" lon="8.561164">
        <ele>463</ele>
        <time>2024-06-16T10:29:50Z</time>
        <cmt>speed: 0.5</cmt>
      </trkpt>
      <trkpt lat="47.359075" lon="8.561202">
        <ele>402</ele>
        <time>2024-06-16T10:49:48Z</time>
        <cmt>speed: 0.3</cmt>
      </trkpt>
      <trkpt lat="47.359075" lon="8.561202">
        <ele>402</ele>
        <time>2024-06-16T10:59:40Z</time>
      </trkpt>
      <trkpt lat="47.358852" lon="8.561196">
        <ele>431</ele>
        <time>2024-06-16T10:59:45Z</time>
        <cmt>speed: 0.6</cmt>
      </trkpt>
      <trkpt lat="47.358976" lon="8.561171">
        <ele>476</ele>
        <time>2024-06-16T11:10:08Z</time>
        <cmt>speed: 0.6</cmt>
      </trkpt>
      <trkpt lat="47.358812" lon="8.56123">
        <ele>426</ele>
        <time>2024-06-16T11:19:47Z</time>
        <cmt>speed: 0.1</cmt>
      </trkpt>
      <trkpt lat="47.358762" lon="8.561143">
        <ele>421</ele>
        <time>2024-06-16T11:30:08Z</time>
        <cmt>speed: 0.1</cmt>
      </trkpt>
      <trkpt lat="47.35878" lon="8.560878">
        <ele>389</ele>
        <time>2024-06-16T11:50:17Z</time>
        <cmt>speed: 0.5</cmt>
      </trkpt>
      <trkpt lat="47.35878" lon="8.560878">
        <ele>389</ele>
        <time>2024-06-16T11:59:48Z</time>
      </trkpt>
      <trkpt lat="47.35885" lon="8.560958">
        <ele>416</ele>
        <time>2024-06-16T11:59:54Z</time>
        <cmt>speed: 0.0</cmt>
      </trkpt>
      <trkpt lat="47.358749" lon="8.561218">
        <ele>450</ele>
        <time>2024-06-16T13:29:48Z</time>
        <cmt>speed: 0.7</cmt>
      </trkpt>
      <trkpt lat="47.358749" lon="8.561218">
        <ele>450</ele>
        <time>2024-06-16T13:39:38Z</time>
      </trkpt>
      <trkpt lat="47.358949" lon="8.561115">
        <ele>445</ele>
        <time>2024-06-16T13:39:44Z</time>
        <cmt>speed: 2.6</cmt>
      </trkpt>
      <trkpt lat="47.358922" lon="8.562543">
        <ele>440</ele>
        <time>2024-06-16T13:49:43Z</time>
        <cmt>speed: 2.1</cmt>
      </trkpt>
      <trkpt lat="47.358922" lon="8.562543">
        <ele>440</ele>
        <time>2024-06-16T13:59:38Z</time>
      </trkpt>
      <trkpt lat="47.358715" lon="8.562643">
        <ele>460</ele>
        <time>2024-06-16T13:59:44Z</time>
        <cmt>speed: 0.0</cmt>
      </trkpt>
      <trkpt lat="47.358789" lon="8.562315">
        <ele>436</ele>
        <time>2024-06-16T14:09:42Z</time>
        <cmt>speed: 0.1</cmt>
      </trkpt>
      <trkpt lat="47.359263" lon="8.562573">
        <ele>430</ele>
        <time>2024-06-16T14:29:47Z</time>
        <cmt>speed: 1.0</cmt>
      </trkpt>
      <trkpt lat="47.359263" lon="8.562573">
        <ele>430</ele>
        <time>2024-06-16T14:39:39Z</time>
      </trkpt>
      <trkpt lat="47.359339" lon="8.562528">
        <ele>425</ele>
        <time>2024-06-16T14:39:45Z</time>
        <cmt>speed: 0.3</cmt>
      </trkpt>
      <trkpt lat="47.359335" lon="8.561683">
        <ele>420</ele>
        <time>2024-06-16T14:49:47Z</time>
        <cmt>speed: 0.7</cmt>
      </trkpt>
      <trkpt lat="47.358764" lon="8.561074">
        <ele>468</ele>
        <time>2024-06-16T15:09:44Z</time>
        <cmt>speed: 0.0</cmt>
      </trkpt>
      <trkpt lat="47.358764" lon="8.561074">
        <ele>468</ele>
        <time>2024-06-16T15:19:54Z</time>
      </trkpt>
      <trkpt lat="47.358983" lon="8.561477">
        <ele>439</ele>
        <time>2024-06-16T15:20:00Z</time>
        <cmt>speed: 0.6</cmt>
      </trkpt>
      <trkpt lat="47.358826" lon="8.561083">
        <ele>446</ele>
        <time>2024-06-16T15:42:51Z</time>
        <cmt>speed: 0.6</cmt>
      </trkpt>
      <trkpt lat="47.358902" lon="8.561155">
        <ele>415</ele>
        <time>2024-06-16T16:03:04Z</time>
        <cmt>speed: 0.1</cmt>
      </trkpt>
      <trkpt lat="47.358902" lon="8.561155">
        <ele>415</ele>
        <time>2024-06-16T16:23:02Z</time>
      </trkpt>
      <trkpt lat="47.358855" lon="8.561123">
        <ele>420</ele>
        <time>2024-06-16T16:23:09Z</time>
        <cmt>speed: 0.2</cmt>
      </trkpt>
      <trkpt lat="47.358973" lon="8.561166">
        <ele>431</ele>
        <time>2024-06-16T16:33:03Z</time>
        <cmt>speed: 0.4</cmt>
      </trkpt>
      <trkpt lat="47.358973" lon="8.561166">
        <ele>431</ele>
        <time>2024-06-16T16:39:38Z</time>
      </trkpt>
      <trkpt lat="47.359083" lon="8.561481">
        <ele>430</ele>
        <time>2024-06-16T17:13:07Z</time>
        <cmt>speed: 0.4</cmt>
      </trkpt>
      <trkpt lat="47.359083" lon="8.561481">
        <ele>430</ele>
        <time>2024-06-16T17:23:08Z</time>
      </trkpt>
      <trkpt lat="47.359111" lon="8.561032">
        <ele>434</ele>
        <time>2024-06-16T17:23:15Z</time>
        <cmt>speed: 0.2</cmt>
      </trkpt>
      <trkpt lat="47.358286" lon="8.560978">
        <ele>432</ele>
        <time>2024-06-16T17:33:03Z</time>
        <cmt>speed: 0.4</cmt>
      </trkpt>
      <trkpt lat="47.357633" lon="8.560384">
        <ele>430</ele>
        <time>2024-06-16T17:43:04Z</time>
        <cmt>speed: 0.1</cmt>
      </trkpt>
      <trkpt lat="47.357788" lon="8.560367">
        <ele>432</ele>
        <time>2024-06-16T17:53:08Z</time>
        <cmt>speed: 0.2</cmt>
      </trkpt>
      <trkpt lat="47.358485" lon="8.561061">
        <ele>439</ele>
        <time>2024-06-16T18:03:04Z</time>
        <cmt>speed: 0.2</cmt>
      </trkpt>
      <trkpt lat="47.359268" lon="8.561175">
        <ele>422</ele>
        <time>2024-06-16T18:13:08Z</time>
        <cmt>speed: 0.3</cmt>
      </trkpt>
      <trkpt lat="47.358582" lon="8.562841">
        <ele>456</ele>
        <time>2024-06-16T18:23:02Z</time>
        <cmt>speed: 0.6</cmt>
      </trkpt>
      <trkpt lat="47.358878" lon="8.562948">
        <ele>432</ele>
        <time>2024-06-16T18:33:01Z</time>
        <cmt>speed: 0.8</cmt>
      </trkpt>
      <trkpt lat="47.358783" lon="8.562805">
        <ele>441</ele>
        <time>2024-06-16T18:43:03Z</time>
        <cmt>speed: 0.5</cmt>
      </trkpt>
      <trkpt lat="47.358866" lon="8.562829">
        <ele>454</ele>
        <time>2024-06-16T18:53:02Z</time>
        <cmt>speed: 0.0</cmt>
      </trkpt>
      <trkpt lat="47.358866" lon="8.562829">
        <ele>454</ele>
        <time>2024-06-16T19:02:54Z</time>
      </trkpt>
      <trkpt lat="47.358904" lon="8.562755">
        <ele>486</ele>
        <time>2024-06-16T19:03:01Z</time>
        <cmt>speed: 0.2</cmt>
      </trkpt>
      <trkpt lat="47.358853" lon="8.562728">
        <ele>443</ele>
        <time>2024-06-16T19:13:04Z</time>
        <cmt>speed: 0.6</cmt>
      </trkpt>
      <trkpt lat="47.358853" lon="8.562728">
        <ele>443</ele>
        <time>2024-06-16T19:22:56Z</time>
      </trkpt>
      <trkpt lat="47.358843" lon="8.56287">
        <ele>448</ele>
        <time>2024-06-16T19:23:02Z</time>
        <cmt>speed: 0.1</cmt>
      </trkpt>
      <trkpt lat="47.358775" lon="8.562836">
        <ele>465</ele>
        <time>2024-06-16T19:33:01Z</time>
        <cmt>speed: 0.2</cmt>
      </trkpt>
      <trkpt lat="47.358775" lon="8.562836">
        <ele>465</ele>
        <time>2024-06-16T19:42:55Z</time>
      </trkpt>
      <trkpt lat="47.358588" lon="8.562557">
        <ele>454</ele>
        <time>2024-06-16T19:43:02Z</time>
        <cmt>speed: 1.0</cmt>
      </trkpt>
      <trkpt lat="47.358466" lon="8.562701">
        <ele>443</ele>
        <time>2024-06-16T19:53:03Z</time>
        <cmt>speed: 0.7</cmt>
      </trkpt>
      <trkpt lat="47.358563" lon="8.562639">
        <ele>444</ele>
        <time>2024-06-16T20:03:03Z</time>
        <cmt>speed: 0.1</cmt>
      </trkpt>
      <trkpt lat="47.358572" lon="8.562378">
        <ele>457</ele>
        <time>2024-06-16T20:13:03Z</time>
        <cmt>speed: 0.5</cmt>
      </trkpt>
      <trkpt lat="47.358401" lon="8.562691">
        <ele>451</ele>
        <time>2024-06-16T20:23:01Z</time>
        <cmt>speed: 0.7</cmt>
      </trkpt>
      <trkpt lat="47.358892" lon="8.562253">
        <ele>430</ele>
        <time>2024-06-16T20:33:01Z</time>
        <cmt>speed: 0.3</cmt>
      </trkpt>
      <trkpt lat="47.358438" lon="8.562756">
        <ele>456</ele>
        <time>2024-06-16T20:43:03Z</time>
        <cmt>speed: 0.6</cmt>
      </trkpt>
      <trkpt lat="47.358907" lon="8.56125">
        <ele>469</ele>
        <time>2024-06-16T20:53:02Z</time>
        <cmt>speed: 4.3</cmt>
      </trkpt>
      <trkpt lat="47.359616" lon="8.561907">
        <ele>462</ele>
        <time>2024-06-16T21:03:02Z</time>
        <cmt>speed: 1.3</cmt>
      </trkpt>
      <trkpt lat="47.359075" lon="8.562261">
        <ele>435</ele>
        <time>2024-06-16T21:13:02Z</time>
        <cmt>speed: 1.0</cmt>
      </trkpt>
      <trkpt lat="47.358508" lon="8.56461">
        <ele>463</ele>
        <time>2024-06-16T21:23:02Z</time>
        <cmt>speed: 0.6</cmt>
      </trkpt>
      <trkpt lat="47.35834" lon="8.565096">
        <ele>436</ele>
        <time>2024-06-16T21:33:03Z</time>
        <cmt>speed: 0.8</cmt>
      </trkpt>
      <trkpt lat="47.35915" lon="8.560998">
        <ele>416</ele>
        <time>2024-06-16T21:43:02Z</time>
        <cmt>speed: 0.5</cmt>
      </trkpt>
      <trkpt lat="47.358471" lon="8.558962">
        <ele>428</ele>
        <time>2024-06-16T21:53:03Z</time>
        <cmt>speed: 0.8</cmt>
      </trkpt>
      <trkpt lat="47.358633" lon="8.560228">
        <ele>462</ele>
        <time>2024-06-16T22:13:03Z</time>
        <cmt>speed: 3.1</cmt>
      </trkpt>
      <trkpt lat="47.360006" lon="8.561461">
        <ele>442</ele>
        <time>2024-06-16T22:23:03Z</time>
        <cmt>speed: 0.2</cmt>
      </trkpt>
      <trkpt lat="47.359535" lon="8.561348">
        <ele>404</ele>
        <time>2024-06-16T22:33:05Z</time>
        <cmt>speed: 0.1</cmt>
      </trkpt>
      <trkpt lat="47.359103" lon="8.561479">
        <ele>441</ele>
        <time>2024-06-16T22:43:05Z</time>
        <cmt>speed: 1.3</cmt>
      </trkpt>
      <trkpt lat="47.359356" lon="8.562182">
        <ele>449</ele>
        <time>2024-06-16T22:53:04Z</time>
        <cmt>speed: 0.8</cmt>
      </trkpt>
      <trkpt lat="47.358915" lon="8.563507">
        <ele>450</ele>
        <time>2024-06-16T23:03:05Z</time>
        <cmt>speed: 0.4</cmt>
      </trkpt>
      <trkpt lat="47.358806" lon="8.563595">
        <ele>468</ele>
        <time>2024-06-16T23:13:03Z</time>
        <cmt>speed: 0.2</cmt>
      </trkpt>
      <trkpt lat="47.358806" lon="8.563595">
        <ele>468</ele>
        <time>2024-06-16T23:22:56Z</time>
      </trkpt>
      <trkpt lat="47.358878" lon="8.563518">
        <ele>452</ele>
        <time>2024-06-16T23:23:03Z</time>
        <cmt>speed: 0.1</cmt>
      </trkpt>
      <trkpt lat="47.358896" lon="8.563606">
        <ele>445</ele>
        <time>2024-06-16T23:33:03Z</time>
        <cmt>speed: 0.2</cmt>
      </trkpt>
      <trkpt lat="47.359004" lon="8.563417">
        <ele>467</ele>
        <time>2024-06-16T23:43:05Z</time>
        <cmt>speed: 1.5</cmt>
      </trkpt>
      <trkpt lat="47.359329" lon="8.561455">
        <ele>441</ele>
        <time>2024-06-16T23:53:04Z</time>
        <cmt>speed: 1.8</cmt>
      </trkpt>
      <trkpt lat="47.359329" lon="8.561455">
        <ele>441</ele>
        <time>2024-06-17T00:02:56Z</time>
      </trkpt>
      <trkpt lat="47.358884" lon="8.561013">
        <ele>438</ele>
        <time>2024-06-17T00:03:04Z</time>
        <cmt>speed: 0.1</cmt>
      </trkpt>
      <trkpt lat="47.35881" lon="8.560857">
        <ele>438</ele>
        <time>2024-06-17T00:13:04Z</time>
        <cmt>speed: 0.2</cmt>
      </trkpt>
      <trkpt lat="47.35881" lon="8.560857">
        <ele>438</ele>
        <time>2024-06-17T00:22:56Z</time>
      </trkpt>
      <trkpt lat="47.358862" lon="8.561193">
        <ele>421</ele>
        <time>2024-06-17T00:23:03Z</time>
        <cmt>speed: 0.1</cmt>
      </trkpt>
      <trkpt lat="47.358935" lon="8.561001">
        <ele>473</ele>
        <time>2024-06-17T00:33:04Z</time>
        <cmt>speed: 0.5</cmt>
      </trkpt>
      <trkpt lat="47.358935" lon="8.561001">
        <ele>473</ele>
        <time>2024-06-17T00:42:58Z</time>
      </trkpt>
      <trkpt lat="47.357788" lon="8.560624">
        <ele>430</ele>
        <time>2024-06-17T00:43:05Z</time>
        <cmt>speed: 1.2</cmt>
      </trkpt>
      <trkpt lat="47.357869" lon="8.56053">
        <ele>456</ele>
        <time>2024-06-17T00:53:05Z</time>
        <cmt>speed: 0.2</cmt>
      </trkpt>
      <trkpt lat="47.358098" lon="8.560736">
        <ele>424</ele>
        <time>2024-06-17T01:03:03Z</time>
        <cmt>speed: 0.9</cmt>
      </trkpt>
      <trkpt lat="47.358821" lon="8.55988">
        <ele>449</ele>
        <time>2024-06-17T01:13:03Z</time>
        <cmt>speed: 1.3</cmt>
      </trkpt>
      <trkpt lat="47.359216" lon="8.559776">
        <ele>381</ele>
        <time>2024-06-17T01:23:04Z</time>
        <cmt>speed: 0.7</cmt>
      </trkpt>
      <trkpt lat="47.359282" lon="8.560296">
        <ele>413</ele>
        <time>2024-06-17T01:33:06Z</time>
        <cmt>speed: 0.9</cmt>
      </trkpt>
      <trkpt lat="47.358895" lon="8.561061">
        <ele>495</ele>
        <time>2024-06-17T01:43:03Z</time>
        <cmt>speed: 0.1</cmt>
      </trkpt>
      <trkpt lat="47.358717" lon="8.561883">
        <ele>441</ele>
        <time>2024-06-17T01:53:04Z</time>
        <cmt>speed: 0.2</cmt>
      </trkpt>
      <trkpt lat="47.358717" lon="8.561883">
        <ele>441</ele>
        <time>2024-06-17T02:02:55Z</time>
      </trkpt>
      <trkpt lat="47.358978" lon="8.560854">
        <ele>483</ele>
        <time>2024-06-17T02:03:03Z</time>
        <cmt>speed: 0.8</cmt>
      </trkpt>
      <trkpt lat="47.359231" lon="8.561303">
        <ele>417</ele>
        <time>2024-06-17T02:13:05Z</time>
        <cmt>speed: 0.1</cmt>
      </trkpt>
      <trkpt lat="47.359231" lon="8.561303">
        <ele>417</ele>
        <time>2024-06-17T02:22:56Z</time>
      </trkpt>
      <trkpt lat="47.358857" lon="8.560982">
        <ele>442</ele>
        <time>2024-06-17T02:23:04Z</time>
        <cmt>speed: 0.0</cmt>
      </trkpt>
      <trkpt lat="47.359471" lon="8.56213">
        <ele>450</ele>
        <time>2024-06-17T02:33:03Z</time>
        <cmt>speed: 1.2</cmt>
      </trkpt>
      <trkpt lat="47.358942" lon="8.562662">
        <ele>452</ele>
        <time>2024-06-17T02:43:03Z</time>
        <cmt>speed: 0.4</cmt>
      </trkpt>
      <trkpt lat="47.358988" lon="8.562575">
        <ele>390</ele>
        <time>2024-06-17T02:53:02Z</time>
        <cmt>speed: 2.6</cmt>
      </trkpt>
      <trkpt lat="47.358566" lon="8.562605">
        <ele>438</ele>
        <time>2024-06-17T03:03:03Z</time>
        <cmt>speed: 0.0</cmt>
      </trkpt>
      <trkpt lat="47.358602" lon="8.562596">
        <ele>453</ele>
        <time>2024-06-17T03:13:03Z</time>
        <cmt>speed: 0.0</cmt>
      </trkpt>
      <trkpt lat="47.358602" lon="8.562596">
        <ele>453</ele>
        <time>2024-06-17T03:22:55Z</time>
      </trkpt>
      <trkpt lat="47.35862" lon="8.562599">
        <ele>412</ele>
        <time>2024-06-17T03:23:03Z</time>
        <cmt>speed: 0.0</cmt>
      </trkpt>
      <trkpt lat="47.358565" lon="8.562616">
        <ele>431</ele>
        <time>2024-06-17T03:33:05Z</time>
        <cmt>speed: 0.1</cmt>
      </trkpt>
      <trkpt lat="47.358565" lon="8.562616">
        <ele>431</ele>
        <time>2024-06-17T03:42:55Z</time>
      </trkpt>
      <trkpt lat="47.358595" lon="8.562587">
        <ele>423</ele>
        <time>2024-06-17T03:43:03Z</time>
        <cmt>speed: 0.1</cmt>
      </trkpt>
      <trkpt lat="47.358474" lon="8.562603">
        <ele>454</ele>
        <time>2024-06-17T03:53:03Z</time>
        <cmt>speed: 0.4</cmt>
      </trkpt>
      <trkpt lat="47.358474" lon="8.562603">
        <ele>454</ele>
        <time>2024-06-17T04:02:56Z</time>
      </trkpt>
      <trkpt lat="47.358576" lon="8.56272">
        <ele>445</ele>
        <time>2024-06-17T04:03:04Z</time>
        <cmt>speed: 0.0</cmt>
      </trkpt>
      <trkpt lat="47.358783" lon="8.562665">
        <ele>450</ele>
        <time>2024-06-17T04:13:02Z</time>
        <cmt>speed: 0.8</cmt>
      </trkpt>
      <trkpt lat="47.358783" lon="8.562665">
        <ele>450</ele>
        <time>2024-06-17T04:22:54Z</time>
      </trkpt>
      <trkpt lat="47.358455" lon="8.562751">
        <ele>428</ele>
        <time>2024-06-17T04:23:02Z</time>
        <cmt>speed: 0.3</cmt>
      </trkpt>
      <trkpt lat="47.358245" lon="8.562938">
        <ele>449</ele>
        <time>2024-06-17T04:33:03Z</time>
        <cmt>speed: 0.1</cmt>
      </trkpt>
      <trkpt lat="47.357888" lon="8.563244">
        <ele>427</ele>
        <time>2024-06-17T04:43:03Z</time>
        <cmt>speed: 0.8</cmt>
      </trkpt>
      <trkpt lat="47.358812" lon="8.56257">
        <ele>470</ele>
        <time>2024-06-17T04:53:03Z</time>
        <cmt>speed: 1.9</cmt>
      </trkpt>
      <trkpt lat="47.35859" lon="8.563139">
        <ele>457</ele>
        <time>2024-06-17T05:03:04Z</time>
        <cmt>speed: 0.6</cmt>
      </trkpt>
      <trkpt lat="47.358541" lon="8.56343">
        <ele>466</ele>
        <time>2024-06-17T05:13:04Z</time>
        <cmt>speed: 0.9</cmt>
      </trkpt>
      <trkpt lat="47.358541" lon="8.56343">
        <ele>466</ele>
        <time>2024-06-17T05:22:54Z</time>
      </trkpt>
      <trkpt lat="47.358414" lon="8.56318">
        <ele>474</ele>
        <time>2024-06-17T05:23:03Z</time>
        <cmt>speed: 1.6</cmt>
      </trkpt>
      <trkpt lat="47.358457" lon="8.563201">
        <ele>469</ele>
        <time>2024-06-17T05:33:04Z</time>
        <cmt>speed: 0.3</cmt>
      </trkpt>
      <trkpt lat="47.358457" lon="8.563201">
        <ele>469</ele>
        <time>2024-06-17T05:42:56Z</time>
      </trkpt>
      <trkpt lat="47.358469" lon="8.563563">
        <ele>432</ele>
        <time>2024-06-17T05:43:04Z</time>
        <cmt>speed: 0.1</cmt>
      </trkpt>
      <trkpt lat="47.358505" lon="8.563548">
        <ele>441</ele>
        <time>2024-06-17T05:53:03Z</time>
        <cmt>speed: 0.9</cmt>
      </trkpt>
      <trkpt lat="47.358505" lon="8.563548">
        <ele>441</ele>
        <time>2024-06-17T06:02:56Z</time>
      </trkpt>
      <trkpt lat="47.358563" lon="8.563496">
        <ele>463</ele>
        <time>2024-06-17T06:03:04Z</time>
        <cmt>speed: 0.1</cmt>
      </trkpt>
      <trkpt lat="47.358722" lon="8.562699">
        <ele>466</ele>
        <time>2024-06-17T06:13:03Z</time>
        <cmt>speed: 0.1</cmt>
      </trkpt>
      <trkpt lat="47.35863" lon="8.560861">
        <ele>400</ele>
        <time>2024-06-17T06:23:03Z</time>
        <cmt>speed: 0.7</cmt>
      </trkpt>
      <trkpt lat="47.358573" lon="8.560912">
        <ele>435</ele>
        <time>2024-06-17T06:33:20Z</time>
        <cmt>speed: 0.3</cmt>
      </trkpt>
      <trkpt lat="47.358735" lon="8.560932">
        <ele>469</ele>
        <time>2024-06-17T07:13:11Z</time>
        <cmt>speed: 0.1</cmt>
      </trkpt>
      <trkpt lat="47.358762" lon="8.560916">
        <ele>409</ele>
        <time>2024-06-17T07:33:21Z</time>
        <cmt>speed: 0.2</cmt>
      </trkpt>
      <trkpt lat="47.358839" lon="8.561267">
        <ele>448</ele>
        <time>2024-06-17T07:43:12Z</time>
        <cmt>speed: 0.4</cmt>
      </trkpt>
      <trkpt lat="47.358757" lon="8.561168">
        <ele>450</ele>
        <time>2024-06-17T07:53:17Z</time>
        <cmt>speed: 0.6</cmt>
      </trkpt>
      <trkpt lat="47.358757" lon="8.561168">
        <ele>450</ele>
        <time>2024-06-17T08:03:09Z</time>
      </trkpt>
      <trkpt lat="47.358857" lon="8.561108">
        <ele>441</ele>
        <time>2024-06-17T08:03:18Z</time>
        <cmt>speed: 0.2</cmt>
      </trkpt>
      <trkpt lat="47.358888" lon="8.561082">
        <ele>425</ele>
        <time>2024-06-17T08:13:08Z</time>
        <cmt>speed: 0.0</cmt>
      </trkpt>
      <trkpt lat="47.358888" lon="8.561082">
        <ele>425</ele>
        <time>2024-06-17T08:23:09Z</time>
      </trkpt>
      <trkpt lat="47.358944" lon="8.561014">
        <ele>404</ele>
        <time>2024-06-17T08:23:18Z</time>
        <cmt>speed: 0.6</cmt>
      </trkpt>
      <trkpt lat="47.35901" lon="8.561242">
        <ele>431</ele>
        <time>2024-06-17T08:34:50Z</time>
        <cmt>speed: 0.5</cmt>
      </trkpt>
      <trkpt lat="47.35901" lon="8.561242">
        <ele>431</ele>
        <time>2024-06-17T10:05:00Z</time>
      </trkpt>
      <trkpt lat="47.358833" lon="8.561084">
        <ele>437</ele>
        <time>2024-06-17T10:05:09Z</time>
        <cmt>speed: 0.1</cmt>
      </trkpt>
      <trkpt lat="47.358894" lon="8.561237">
        <ele>434</ele>
        <time>2024-06-17T10:24:58Z</time>
        <cmt>speed: 0.2</cmt>
      </trkpt>
      <trkpt lat="47.358821" lon="8.561218">
        <ele>438</ele>
        <time>2024-06-17T10:34:51Z</time>
        <cmt>speed: 0.1</cmt>
      </trkpt>
      <trkpt lat="47.358855" lon="8.561063">
        <ele>456</ele>
        <time>2024-06-17T12:08:17Z</time>
        <cmt>speed: 0.3</cmt>
      </trkpt>
      <trkpt lat="47.358912" lon="8.561035">
        <ele>472</ele>
        <time>2024-06-17T13:36:41Z</time>
        <cmt>speed: 0.0</cmt>
      </trkpt>
      <trkpt lat="47.358814" lon="8.560833">
        <ele>416</ele>
        <time>2024-06-17T13:56:25Z</time>
        <cmt>speed: 0.9</cmt>
      </trkpt>
      <trkpt lat="47.359168" lon="8.561155">
        <ele>450</ele>
        <time>2024-06-17T14:06:27Z</time>
        <cmt>speed: 0.3</cmt>
      </trkpt>
      <trkpt lat="47.359125" lon="8.561235">
        <ele>452</ele>
        <time>2024-06-17T14:16:58Z</time>
        <cmt>speed: 0.1</cmt>
      </trkpt>
      <trkpt lat="47.359468" lon="8.559998">
        <ele>420</ele>
        <time>2024-06-17T14:36:27Z</time>
        <cmt>speed: 0.3</cmt>
      </trkpt>
      <trkpt lat="47.359244" lon="8.559195">
        <ele>443</ele>
        <time>2024-06-17T14:46:27Z</time>
        <cmt>speed: 0.0</cmt>
      </trkpt>
      <trkpt lat="47.358428" lon="8.560012">
        <ele>412</ele>
        <time>2024-06-17T14:56:25Z</time>
        <cmt>speed: 0.8</cmt>
      </trkpt>
      <trkpt lat="47.358428" lon="8.560012">
        <ele>412</ele>
        <time>2024-06-17T15:06:17Z</time>
      </trkpt>
      <trkpt lat="47.358662" lon="8.560509">
        <ele>437</ele>
        <time>2024-06-17T15:06:27Z</time>
        <cmt>speed: 0.2</cmt>
      </trkpt>
      <trkpt lat="47.359018" lon="8.561524">
        <ele>444</ele>
        <time>2024-06-17T15:16:26Z</time>
        <cmt>speed: 0.4</cmt>
      </trkpt>
      <trkpt lat="47.359006" lon="8.563049">
        <ele>444</ele>
        <time>2024-06-17T15:26:32Z</time>
        <cmt>speed: 0.3</cmt>
      </trkpt>
      <trkpt lat="47.358676" lon="8.562807">
        <ele>439</ele>
        <time>2024-06-17T15:36:25Z</time>
        <cmt>speed: 0.1</cmt>
      </trkpt>
      <trkpt lat="47.358676" lon="8.562807">
        <ele>439</ele>
        <time>2024-06-17T15:46:16Z</time>
      </trkpt>
      <trkpt lat="47.35861" lon="8.562644">
        <ele>432</ele>
        <time>2024-06-17T15:46:26Z</time>
        <cmt>speed: 0.8</cmt>
      </trkpt>
      <trkpt lat="47.358631" lon="8.562374">
        <ele>437</ele>
        <time>2024-06-17T15:56:25Z</time>
        <cmt>speed: 0.2</cmt>
      </trkpt>
      <trkpt lat="47.358631" lon="8.562374">
        <ele>437</ele>
        <time>2024-06-17T16:06:17Z</time>
      </trkpt>
      <trkpt lat="47.358496" lon="8.562939">
        <ele>445</ele>
        <time>2024-06-17T16:06:28Z</time>
        <cmt>speed: 0.4</cmt>
      </trkpt>
      <trkpt lat="47.358881" lon="8.563047">
        <ele>445</ele>
        <time>2024-06-17T16:16:28Z</time>
        <cmt>speed: 0.1</cmt>
      </trkpt>
      <trkpt lat="47.358835" lon="8.562906">
        <ele>470</ele>
        <time>2024-06-17T16:26:28Z</time>
        <cmt>speed: 0.1</cmt>
      </trkpt>
      <trkpt lat="47.358562" lon="8.563465">
        <ele>458</ele>
        <time>2024-06-17T16:36:25Z</time>
        <cmt>speed: 0.3</cmt>
      </trkpt>
      <trkpt lat="47.358682" lon="8.563689">
        <ele>447</ele>
        <time>2024-06-17T16:46:26Z</time>
        <cmt>speed: 0.1</cmt>
      </trkpt>
      <trkpt lat="47.358682" lon="8.563689">
        <ele>447</ele>
        <time>2024-06-17T16:46:27Z</time>
      </trkpt>
      <trkpt lat="47.358211" lon="8.563521">
        <ele>439</ele>
        <time>2024-06-17T16:56:25Z</time>
        <cmt>speed: 0.3</cmt>
      </trkpt>
      <trkpt lat="47.358887" lon="8.562577">
        <ele>448</ele>
        <time>2024-06-17T17:16:26Z</time>
        <cmt>speed: 0.1</cmt>
      </trkpt>
      <trkpt lat="47.358184" lon="8.563151">
        <ele>404</ele>
        <time>2024-06-17T17:26:25Z</time>
        <cmt>speed: 0.1</cmt>
      </trkpt>
      <trkpt lat="47.358045" lon="8.563214">
        <ele>456</ele>
        <time>2024-06-17T17:36:26Z</time>
        <cmt>speed: 0.0</cmt>
      </trkpt>
      <trkpt lat="47.35819" lon="8.56385">
        <ele>498</ele>
        <time>2024-06-17T17:46:26Z</time>
        <cmt>speed: 0.0</cmt>
      </trkpt>
      <trkpt lat="47.358386" lon="8.563535">
        <ele>454</ele>
        <time>2024-06-17T17:56:27Z</time>
        <cmt>speed: 0.3</cmt>
      </trkpt>
      <trkpt lat="47.358263" lon="8.563569">
        <ele>452</ele>
        <time>2024-06-17T18:06:26Z</time>
        <cmt>speed: 0.7</cmt>
      </trkpt>
      <trkpt lat="47.358263" lon="8.563569">
        <ele>452</ele>
        <time>2024-06-17T18:06:27Z</time>
      </trkpt>
      <trkpt lat="47.358232" lon="8.563778">
        <ele>427</ele>
        <time>2024-06-17T18:16:28Z</time>
        <cmt>speed: 0.6</cmt>
      </trkpt>
      <trkpt lat="47.358232" lon="8.563778">
        <ele>427</ele>
        <time>2024-06-17T18:19:49Z</time>
      </trkpt>
      <trkpt lat="47.358058" lon="8.563681">
        <ele>448</ele>
        <time>2024-06-17T18:26:30Z</time>
        <cmt>speed: 0.4</cmt>
      </trkpt>
      <trkpt lat="47.358058" lon="8.563484">
        <ele>443</ele>
        <time>2024-06-17T18:36:27Z</time>
        <cmt>speed: 0.4</cmt>
      </trkpt>
      <trkpt lat="47.358562" lon="8.563467">
        <ele>438</ele>
        <time>2024-06-17T18:46:26Z</time>
        <cmt>speed: 0.0</cmt>
      </trkpt>
      <trkpt lat="47.358792" lon="8.563078">
        <ele>448</ele>
        <time>2024-06-17T18:56:25Z</time>
        <cmt>speed: 1.4</cmt>
      </trkpt>
      <trkpt lat="47.358588" lon="8.563088">
        <ele>450</ele>
        <time>2024-06-17T19:06:26Z</time>
      </trkpt>
      <trkpt lat="47.358588" lon="8.563088">
        <ele>450</ele>
        <time>2024-06-17T19:06:26Z</time>
        <cmt>speed: 0.3</cmt>
      </trkpt>
      <trkpt lat="47.358296" lon="8.562767">
        <ele>444</ele>
        <time>2024-06-17T19:16:27Z</time>
        <cmt>speed: 1.2</cmt>
      </trkpt>
      <trkpt lat="47.357941" lon="8.562895">
        <ele>416</ele>
        <time>2024-06-17T19:21:33Z</time>
        <cmt>speed: 0.2</cmt>
      </trkpt>
      <trkpt lat="47.357787" lon="8.562579">
        <ele>457</ele>
        <time>2024-06-17T19:21:37Z</time>
        <cmt>speed: 0.0</cmt>
      </trkpt>
      <trkpt lat="47.357787" lon="8.562579">
        <ele>457</ele>
        <time>2024-06-17T19:21:41Z</time>
        <cmt>speed: 0.0</cmt>
      </trkpt>
      <trkpt lat="47.357787" lon="8.562579">
        <ele>457</ele>
        <time>2024-06-17T19:21:45Z</time>
        <cmt>speed: 0.0</cmt>
      </trkpt>
      <trkpt lat="47.357787" lon="8.562579">
        <ele>457</ele>
        <time>2024-06-17T19:21:49Z</time>
        <cmt>speed: 0.0</cmt>
      </trkpt>
      <trkpt lat="47.357787" lon="8.562579">
        <ele>457</ele>
        <time>2024-06-17T19:21:53Z</time>
        <cmt>speed: 0.0</cmt>
      </trkpt>
      <trkpt lat="47.357787" lon="8.562579">
        <ele>457</ele>
        <time>2024-06-17T19:21:57Z</time>
        <cmt>speed: 0.0</cmt>
      </trkpt>
      <trkpt lat="47.357787" lon="8.562579">
        <ele>457</ele>
        <time>2024-06-17T19:22:01Z</time>
        <cmt>speed: 0.0</cmt>
      </trkpt>
      <trkpt lat="47.357787" lon="8.562579">
        <ele>457</ele>
        <time>2024-06-17T19:22:05Z</time>
        <cmt>speed: 0.0</cmt>
      </trkpt>
      <trkpt lat="47.357787" lon="8.562579">
        <ele>457</ele>
        <time>2024-06-17T19:22:09Z</time>
        <cmt>speed: 0.0</cmt>
      </trkpt>
      <trkpt lat="47.357787" lon="8.562579">
        <ele>457</ele>
        <time>2024-06-17T19:22:13Z</time>
        <cmt>speed: 0.0</cmt>
      </trkpt>
      <trkpt lat="47.357787" lon="8.562579">
        <ele>457</ele>
        <time>2024-06-17T19:22:17Z</time>
        <cmt>speed: 0.0</cmt>
      </trkpt>
      <trkpt lat="47.357787" lon="8.562579">
        <ele>457</ele>
        <time>2024-06-17T19:22:21Z</time>
      </trkpt>
      <trkpt lat="47.357787" lon="8.562579">
        <ele>457</ele>
        <time>2024-06-17T19:22:21Z</time>
        <cmt>speed: 0.0</cmt>
      </trkpt>
      <trkpt lat="47.357787" lon="8.562579">
        <ele>457</ele>
        <time>2024-06-17T19:22:25Z</time>
        <cmt>speed: 0.0</cmt>
      </trkpt>
      <trkpt lat="47.357787" lon="8.562579">
        <ele>457</ele>
        <time>2024-06-17T19:22:29Z</time>
        <cmt>speed: 0.0</cmt>
      </trkpt>
      <trkpt lat="47.357787" lon="8.562579">
        <ele>457</ele>
        <time>2024-06-17T19:22:33Z</time>
        <cmt>speed: 0.0</cmt>
      </trkpt>
      <trkpt lat="47.357787" lon="8.562579">
        <ele>457</ele>
        <time>2024-06-17T19:22:37Z</time>
        <cmt>speed: 0.0</cmt>
      </trkpt>
      <trkpt lat="47.357787" lon="8.562579">
        <ele>457</ele>
        <time>2024-06-17T19:22:41Z</time>
        <cmt>speed: 0.0</cmt>
      </trkpt>
      <trkpt lat="47.357787" lon="8.562579">
        <ele>457</ele>
        <time>2024-06-17T19:22:45Z</time>
        <cmt>speed: 0.0</cmt>
      </trkpt>
      <trkpt lat="47.357787" lon="8.562579">
        <ele>457</ele>
        <time>2024-06-17T19:22:49Z</time>
        <cmt>speed: 0.0</cmt>
      </trkpt>
      <trkpt lat="47.357787" lon="8.562579">
        <ele>457</ele>
        <time>2024-06-17T19:22:53Z</time>
        <cmt>speed: 0.0</cmt>
      </trkpt>
      <trkpt lat="47.357845" lon="8.562469">
        <ele>451</ele>
        <time>2024-06-17T19:22:57Z</time>
        <cmt>speed: 1.7</cmt>
      </trkpt>
      <trkpt lat="47.357904" lon="8.562429">
        <ele>449</ele>
        <time>2024-06-17T19:23:01Z</time>
        <cmt>speed: 1.0</cmt>
      </trkpt>
      <trkpt lat="47.357966" lon="8.562432">
        <ele>447</ele>
        <time>2024-06-17T19:23:05Z</time>
        <cmt>speed: 1.3</cmt>
      </trkpt>
      <trkpt lat="47.358073" lon="8.562416">
        <ele>446</ele>
        <time>2024-06-17T19:23:09Z</time>
        <cmt>speed: 2.8</cmt>
      </trkpt>
      <trkpt lat="47.358114" lon="8.562418">
        <ele>445</ele>
        <time>2024-06-17T19:23:13Z</time>
        <cmt>speed: 0.0</cmt>
      </trkpt>
      <trkpt lat="47.358124" lon="8.562477">
        <ele>446</ele>
        <time>2024-06-17T19:23:17Z</time>
        <cmt>speed: 1.7</cmt>
      </trkpt>
      <trkpt lat="47.358132" lon="8.562579">
        <ele>446</ele>
        <time>2024-06-17T19:23:21Z</time>
        <cmt>speed: 1.8</cmt>
      </trkpt>
      <trkpt lat="47.358112" lon="8.562638">
        <ele>445</ele>
        <time>2024-06-17T19:23:25Z</time>
        <cmt>speed: 0.8</cmt>
      </trkpt>
      <trkpt lat="47.358186" lon="8.562697">
        <ele>443</ele>
        <time>2024-06-17T19:23:29Z</time>
        <cmt>speed: 2.5</cmt>
      </trkpt>
      <trkpt lat="47.358666" lon="8.562805">
        <ele>487</ele>
        <time>2024-06-17T19:26:30Z</time>
        <cmt>speed: 0.2</cmt>
      </trkpt>
      <trkpt lat="47.360216" lon="8.563546">
        <ele>438</ele>
        <time>2024-06-17T19:36:27Z</time>
        <cmt>speed: 1.4</cmt>
      </trkpt>
      <trkpt lat="47.359974" lon="8.56367">
        <ele>434</ele>
        <time>2024-06-17T19:38:34Z</time>
      </trkpt>
      <trkpt lat="47.359974" lon="8.56367">
        <ele>434</ele>
        <time>2024-06-17T19:51:23Z</time>
      </trkpt>
      <trkpt lat="47.359974" lon="8.56367">
        <ele>434</ele>
        <time>2024-06-17T20:01:23Z</time>
      </trkpt>
      <trkpt lat="47.359974" lon="8.56367">
        <ele>434</ele>
        <time>2024-06-17T20:11:23Z</time>
      </trkpt>
      <trkpt lat="47.359974" lon="8.56367">
        <ele>434</ele>
        <time>2024-06-17T20:21:23Z</time>
      </trkpt>
      <trkpt lat="47.359974" lon="8.56367">
        <ele>434</ele>
        <time>2024-06-17T20:29:40Z</time>
      </trkpt>
      <trkpt lat="47.360001" lon="8.563692">
        <ele>432</ele>
        <time>2024-06-18T05:14:58Z</time>
        <cmt>speed: 0.2</cmt>
      </trkpt>
      <trkpt lat="47.358722" lon="8.560686">
        <ele>496</ele>
        <time>2024-06-18T05:44:50Z</time>
        <cmt>speed: 0.0</cmt>
      </trkpt>
      <trkpt lat="47.358387" lon="8.561128">
        <ele>437</ele>
        <time>2024-06-18T05:54:44Z</time>
        <cmt>speed: 0.1</cmt>
      </trkpt>
      <trkpt lat="47.358364" lon="8.560975">
        <ele>421</ele>
        <time>2024-06-18T06:04:46Z</time>
        <cmt>speed: 0.0</cmt>
      </trkpt>
      <trkpt lat="47.358351" lon="8.560955">
        <ele>430</ele>
        <time>2024-06-18T06:14:47Z</time>
        <cmt>speed: 0.6</cmt>
      </trkpt>
      <trkpt lat="47.358351" lon="8.560955">
        <ele>430</ele>
        <time>2024-06-18T06:14:58Z</time>
      </trkpt>
      <trkpt lat="47.358419" lon="8.561117">
        <ele>433</ele>
        <time>2024-06-18T06:24:46Z</time>
        <cmt>speed: 0.2</cmt>
      </trkpt>
      <trkpt lat="47.358419" lon="8.561117">
        <ele>433</ele>
        <time>2024-06-18T06:55:08Z</time>
      </trkpt>
      <trkpt lat="47.358449" lon="8.561407">
        <ele>473</ele>
        <time>2024-06-18T06:55:10Z</time>
        <cmt>speed: 1.0</cmt>
      </trkpt>
      <trkpt lat="47.35839" lon="8.561168">
        <ele>444</ele>
        <time>2024-06-18T07:04:55Z</time>
        <cmt>speed: 1.1</cmt>
      </trkpt>
      <trkpt lat="47.358382" lon="8.561183">
        <ele>436</ele>
        <time>2024-06-18T07:34:48Z</time>
        <cmt>speed: 0.2</cmt>
      </trkpt>
      <trkpt lat="47.358382" lon="8.561183">
        <ele>436</ele>
        <time>2024-06-18T07:34:58Z</time>
      </trkpt>
      <trkpt lat="47.358365" lon="8.561276">
        <ele>440</ele>
        <time>2024-06-18T07:54:47Z</time>
        <cmt>speed: 0.1</cmt>
      </trkpt>
      <trkpt lat="47.358365" lon="8.561276">
        <ele>440</ele>
        <time>2024-06-18T07:54:58Z</time>
      </trkpt>
      <trkpt lat="47.35827" lon="8.561038">
        <ele>402</ele>
        <time>2024-06-18T08:04:45Z</time>
        <cmt>speed: 0.3</cmt>
      </trkpt>
      <trkpt lat="47.358475" lon="8.561113">
        <ele>426</ele>
        <time>2024-06-18T08:14:49Z</time>
        <cmt>speed: 0.0</cmt>
      </trkpt>
      <trkpt lat="47.358475" lon="8.561113">
        <ele>426</ele>
        <time>2024-06-18T08:14:58Z</time>
      </trkpt>
      <trkpt lat="47.358497" lon="8.560595">
        <ele>480</ele>
        <time>2024-06-18T08:24:51Z</time>
        <cmt>speed: 0.6</cmt>
      </trkpt>
      <trkpt lat="47.358002" lon="8.559177">
        <ele>434</ele>
        <time>2024-06-18T08:34:55Z</time>
        <cmt>speed: 0.7</cmt>
      </trkpt>
      <trkpt lat="47.359206" lon="8.559789">
        <ele>469</ele>
        <time>2024-06-18T08:44:58Z</time>
        <cmt>speed: 0.5</cmt>
      </trkpt>
      <trkpt lat="47.359461" lon="8.561183">
        <ele>394</ele>
        <time>2024-06-18T08:54:47Z</time>
        <cmt>speed: 0.9</cmt>
      </trkpt>
      <trkpt lat="47.358789" lon="8.56133">
        <ele>469</ele>
        <time>2024-06-18T09:04:44Z</time>
        <cmt>speed: 1.2</cmt>
      </trkpt>
      <trkpt lat="47.358207" lon="8.562769">
        <ele>425</ele>
        <time>2024-06-18T09:24:43Z</time>
        <cmt>speed: 0.1</cmt>
      </trkpt>
      <trkpt lat="47.358652" lon="8.56396">
        <ele>441</ele>
        <time>2024-06-18T09:34:44Z</time>
        <cmt>speed: 0.4</cmt>
      </trkpt>
      <trkpt lat="47.358134" lon="8.563568">
        <ele>433</ele>
        <time>2024-06-18T09:44:43Z</time>
        <cmt>speed: 0.0</cmt>
      </trkpt>
      <trkpt lat="47.358134" lon="8.563568">
        <ele>433</ele>
        <time>2024-06-18T09:54:45Z</time>
      </trkpt>
      <trkpt lat="47.358131" lon="8.563647">
        <ele>452</ele>
        <time>2024-06-18T09:54:46Z</time>
        <cmt>speed: 0.0</cmt>
      </trkpt>
      <trkpt lat="47.358109" lon="8.563605">
        <ele>438</ele>
        <time>2024-06-18T10:04:45Z</time>
        <cmt>speed: 0.0</cmt>
      </trkpt>
      <trkpt lat="47.358304" lon="8.563576">
        <ele>454</ele>
        <time>2024-06-18T10:14:43Z</time>
        <cmt>speed: 0.7</cmt>
      </trkpt>
      <trkpt lat="47.358304" lon="8.563576">
        <ele>454</ele>
        <time>2024-06-18T10:14:45Z</time>
      </trkpt>
      <trkpt lat="47.358408" lon="8.563896">
        <ele>417</ele>
        <time>2024-06-18T10:25:13Z</time>
        <cmt>speed: 0.2</cmt>
      </trkpt>
      <trkpt lat="47.357997" lon="8.563081">
        <ele>449</ele>
        <time>2024-06-18T10:34:52Z</time>
        <cmt>speed: 0.1</cmt>
      </trkpt>
      <trkpt lat="47.357889" lon="8.562979">
        <ele>412</ele>
        <time>2024-06-18T10:44:49Z</time>
        <cmt>speed: 0.0</cmt>
      </trkpt>
      <trkpt lat="47.35791" lon="8.562775">
        <ele>413</ele>
        <time>2024-06-18T10:54:44Z</time>
        <cmt>speed: 0.6</cmt>
      </trkpt>
      <trkpt lat="47.357933" lon="8.562556">
        <ele>461</ele>
        <time>2024-06-18T11:04:51Z</time>
        <cmt>speed: 0.2</cmt>
      </trkpt>
      <trkpt lat="47.357933" lon="8.562556">
        <ele>461</ele>
        <time>2024-06-18T11:15:18Z</time>
      </trkpt>
      <trkpt lat="47.358194" lon="8.562865">
        <ele>450</ele>
        <time>2024-06-18T11:15:20Z</time>
        <cmt>speed: 1.6</cmt>
      </trkpt>
      <trkpt lat="47.357895" lon="8.562488">
        <ele>432</ele>
        <time>2024-06-18T11:31:35Z</time>
        <cmt>speed: 0.4</cmt>
      </trkpt>
      <trkpt lat="47.358071" lon="8.562625">
        <ele>448</ele>
        <time>2024-06-18T12:04:03Z</time>
        <cmt>speed: 0.3</cmt>
      </trkpt>
      <trkpt lat="47.357916" lon="8.562601">
        <ele>393</ele>
        <time>2024-06-18T12:24:03Z</time>
        <cmt>speed: 0.5</cmt>
      </trkpt>
      <trkpt lat="47.357946" lon="8.562688">
        <ele>455</ele>
        <time>2024-06-18T13:13:47Z</time>
        <cmt>speed: 0.0</cmt>
      </trkpt>
      <trkpt lat="47.357946" lon="8.562688">
        <ele>455</ele>
        <time>2024-06-18T13:23:38Z</time>
      </trkpt>
      <trkpt lat="47.358128" lon="8.562542">
        <ele>460</ele>
        <time>2024-06-18T13:23:41Z</time>
        <cmt>speed: 0.6</cmt>
      </trkpt>
      <trkpt lat="47.357922" lon="8.562608">
        <ele>453</ele>
        <time>2024-06-18T13:33:45Z</time>
        <cmt>speed: 0.5</cmt>
      </trkpt>
      <trkpt lat="47.357922" lon="8.562608">
        <ele>453</ele>
        <time>2024-06-18T13:44:16Z</time>
      </trkpt>
      <trkpt lat="47.357778" lon="8.562314">
        <ele>458</ele>
        <time>2024-06-18T13:44:19Z</time>
        <cmt>speed: 0.9</cmt>
      </trkpt>
      <trkpt lat="47.35801" lon="8.56265">
        <ele>451</ele>
        <time>2024-06-18T13:53:36Z</time>
        <cmt>speed: 0.6</cmt>
      </trkpt>
      <trkpt lat="47.35801" lon="8.56265">
        <ele>451</ele>
        <time>2024-06-18T14:03:36Z</time>
      </trkpt>
      <trkpt lat="47.358174" lon="8.562666">
        <ele>436</ele>
        <time>2024-06-18T14:03:39Z</time>
        <cmt>speed: 0.0</cmt>
      </trkpt>
      <trkpt lat="47.358174" lon="8.562666">
        <ele>436</ele>
        <time>2024-06-18T14:14:42Z</time>
      </trkpt>
      <trkpt lat="47.35808" lon="8.562721">
        <ele>432</ele>
        <time>2024-06-18T14:25:29Z</time>
        <cmt>speed: 0.2</cmt>
      </trkpt>
      <trkpt lat="47.35814" lon="8.562807">
        <ele>427</ele>
        <time>2024-06-18T14:45:21Z</time>
        <cmt>speed: 0.5</cmt>
      </trkpt>
      <trkpt lat="47.35814" lon="8.562807">
        <ele>427</ele>
        <time>2024-06-18T14:55:15Z</time>
      </trkpt>
      <trkpt lat="47.358179" lon="8.563182">
        <ele>488</ele>
        <time>2024-06-18T14:55:18Z</time>
        <cmt>speed: 0.1</cmt>
      </trkpt>
      <trkpt lat="47.358242" lon="8.562765">
        <ele>449</ele>
        <time>2024-06-18T15:05:18Z</time>
        <cmt>speed: 0.4</cmt>
      </trkpt>
      <trkpt lat="47.358063" lon="8.562892">
        <ele>452</ele>
        <time>2024-06-18T15:15:14Z</time>
        <cmt>speed: 2.5</cmt>
      </trkpt>
      <trkpt lat="47.358076" lon="8.56251">
        <ele>425</ele>
        <time>2024-06-18T15:25:27Z</time>
        <cmt>speed: 0.0</cmt>
      </trkpt>
      <trkpt lat="47.358076" lon="8.56251">
        <ele>425</ele>
        <time>2024-06-18T15:35:11Z</time>
      </trkpt>
      <trkpt lat="47.358276" lon="8.562744">
        <ele>442</ele>
        <time>2024-06-18T15:35:14Z</time>
        <cmt>speed: 0.7</cmt>
      </trkpt>
      <trkpt lat="47.358717" lon="8.562803">
        <ele>430</ele>
        <time>2024-06-18T15:45:13Z</time>
        <cmt>speed: 0.2</cmt>
      </trkpt>
      <trkpt lat="47.358717" lon="8.562803">
        <ele>430</ele>
        <time>2024-06-18T15:55:12Z</time>
      </trkpt>
      <trkpt lat="47.358555" lon="8.563247">
        <ele>468</ele>
        <time>2024-06-18T15:55:15Z</time>
        <cmt>speed: 0.6</cmt>
      </trkpt>
      <trkpt lat="47.358129" lon="8.563594">
        <ele>452</ele>
        <time>2024-06-18T16:05:14Z</time>
        <cmt>speed: 0.6</cmt>
      </trkpt>
      <trkpt lat="47.358129" lon="8.563594">
        <ele>452</ele>
        <time>2024-06-18T16:15:39Z</time>
      </trkpt>
      <trkpt lat="47.357579" lon="8.563394">
        <ele>429</ele>
        <time>2024-06-18T16:15:42Z</time>
        <cmt>speed: 0.0</cmt>
      </trkpt>
      <trkpt lat="47.3582" lon="8.562809">
        <ele>436</ele>
        <time>2024-06-18T16:25:15Z</time>
        <cmt>speed: 0.2</cmt>
      </trkpt>
      <trkpt lat="47.358399" lon="8.56278">
        <ele>451</ele>
        <time>2024-06-18T16:35:14Z</time>
        <cmt>speed: 1.4</cmt>
      </trkpt>
      <trkpt lat="47.358178" lon="8.562298">
        <ele>447</ele>
        <time>2024-06-18T16:45:19Z</time>
        <cmt>speed: 0.5</cmt>
      </trkpt>
      <trkpt lat="47.358178" lon="8.562298">
        <ele>447</ele>
        <time>2024-06-18T16:55:11Z</time>
      </trkpt>
      <trkpt lat="47.358305" lon="8.562656">
        <ele>433</ele>
        <time>2024-06-18T16:55:14Z</time>
        <cmt>speed: 0.0</cmt>
      </trkpt>
      <trkpt lat="47.358129" lon="8.562555">
        <ele>437</ele>
        <time>2024-06-18T17:05:13Z</time>
        <cmt>speed: 0.4</cmt>
      </trkpt>
      <trkpt lat="47.358165" lon="8.562353">
        <ele>386</ele>
        <time>2024-06-18T17:15:16Z</time>
        <cmt>speed: 1.1</cmt>
      </trkpt>
      <trkpt lat="47.35865" lon="8.561035">
        <ele>452</ele>
        <time>2024-06-18T17:37:54Z</time>
        <cmt>speed: 6.4</cmt>
      </trkpt>
      <trkpt lat="47.359919" lon="8.561483">
        <ele>433</ele>
        <time>2024-06-18T17:47:50Z</time>
        <cmt>speed: 0.7</cmt>
      </trkpt>
      <trkpt lat="47.359974" lon="8.56367">
        <ele>434</ele>
        <time>2024-06-18T17:57:46Z</time>
      </trkpt>
      <trkpt lat="47.359974" lon="8.56367">
        <ele>434</ele>
        <time>2024-06-18T18:12:46Z</time>
      </trkpt>
      <trkpt lat="47.359974" lon="8.56367">
        <ele>434</ele>
        <time>2024-06-18T19:36:29Z</time>
      </trkpt>
      <trkpt lat="47.360567" lon="8.563165">
        <ele>421</ele>
        <time>2024-06-18T19:37:21Z</time>
        <cmt>speed: 0.0</cmt>
      </trkpt>
      <trkpt lat="47.359974" lon="8.56367">
        <ele>434</ele>
        <time>2024-06-18T19:38:59Z</time>
      </trkpt>
      <trkpt lat="47.359907" lon="8.563701">
        <ele>434</ele>
        <time>2024-06-18T19:46:37Z</time>
        <cmt>speed: 1.0</cmt>
      </trkpt>
      <trkpt lat="47.359959" lon="8.563643">
        <ele>434</ele>
        <time>2024-06-18T19:48:14Z</time>
      </trkpt>
      <trkpt lat="47.360247" lon="8.56347">
        <ele>413</ele>
        <time>2024-06-18T19:50:07Z</time>
        <cmt>speed: 0.6</cmt>
      </trkpt>
      <trkpt lat="47.358951" lon="8.561399">
        <ele>449</ele>
        <time>2024-06-18T20:00:08Z</time>
        <cmt>speed: 0.2</cmt>
      </trkpt>
      <trkpt lat="47.357873" lon="8.561728">
        <ele>452</ele>
        <time>2024-06-18T20:10:06Z</time>
        <cmt>speed: 0.0</cmt>
      </trkpt>
      <trkpt lat="47.358078" lon="8.562371">
        <ele>419</ele>
        <time>2024-06-18T20:20:06Z</time>
        <cmt>speed: 0.2</cmt>
      </trkpt>
      <trkpt lat="47.357887" lon="8.56264">
        <ele>467</ele>
        <time>2024-06-18T20:30:12Z</time>
        <cmt>speed: 1.9</cmt>
      </trkpt>
      <trkpt lat="47.358507" lon="8.562329">
        <ele>474</ele>
        <time>2024-06-18T20:40:10Z</time>
        <cmt>speed: 0.2</cmt>
      </trkpt>
      <trkpt lat="47.358507" lon="8.562329">
        <ele>474</ele>
        <time>2024-06-18T20:50:03Z</time>
      </trkpt>
      <trkpt lat="47.35886" lon="8.561286">
        <ele>439</ele>
        <time>2024-06-18T20:50:06Z</time>
        <cmt>speed: 0.7</cmt>
      </trkpt>
      <trkpt lat="47.359832" lon="8.561511">
        <ele>445</ele>
        <time>2024-06-18T21:00:08Z</time>
        <cmt>speed: 0.7</cmt>
      </trkpt>
      <trkpt lat="47.358885" lon="8.564287">
        <ele>448</ele>
        <time>2024-06-18T21:20:04Z</time>
        <cmt>speed: 0.8</cmt>
      </trkpt>
      <trkpt lat="47.358367" lon="8.564907">
        <ele>512</ele>
        <time>2024-06-18T21:30:07Z</time>
        <cmt>speed: 0.7</cmt>
      </trkpt>
      <trkpt lat="47.358836" lon="8.565011">
        <ele>428</ele>
        <time>2024-06-18T21:40:02Z</time>
        <cmt>speed: 0.4</cmt>
      </trkpt>
      <trkpt lat="47.358911" lon="8.566178">
        <ele>443</ele>
        <time>2024-06-18T21:50:07Z</time>
        <cmt>speed: 0.1</cmt>
      </trkpt>
      <trkpt lat="47.358601" lon="8.566641">
        <ele>430</ele>
        <time>2024-06-18T22:00:07Z</time>
        <cmt>speed: 0.5</cmt>
      </trkpt>
      <trkpt lat="47.358601" lon="8.566641">
        <ele>430</ele>
        <time>2024-06-18T22:10:04Z</time>
      </trkpt>
      <trkpt lat="47.358622" lon="8.566868">
        <ele>369</ele>
        <time>2024-06-18T22:10:08Z</time>
        <cmt>speed: 0.4</cmt>
      </trkpt>
      <trkpt lat="47.35903" lon="8.566357">
        <ele>406</ele>
        <time>2024-06-18T22:20:13Z</time>
        <cmt>speed: 0.1</cmt>
      </trkpt>
      <trkpt lat="47.35838" lon="8.567207">
        <ele>447</ele>
        <time>2024-06-18T22:30:06Z</time>
        <cmt>speed: 0.9</cmt>
      </trkpt>
      <trkpt lat="47.358667" lon="8.566708">
        <ele>428</ele>
        <time>2024-06-18T22:40:10Z</time>
        <cmt>speed: 0.3</cmt>
      </trkpt>
      <trkpt lat="47.358667" lon="8.566708">
        <ele>428</ele>
        <time>2024-06-18T22:50:09Z</time>
      </trkpt>
      <trkpt lat="47.358832" lon="8.566815">
        <ele>446</ele>
        <time>2024-06-18T22:50:13Z</time>
        <cmt>speed: 0.1</cmt>
      </trkpt>
      <trkpt lat="47.358992" lon="8.566753">
        <ele>443</ele>
        <time>2024-06-18T23:00:07Z</time>
        <cmt>speed: 1.0</cmt>
      </trkpt>
      <trkpt lat="47.358681" lon="8.5667">
        <ele>442</ele>
        <time>2024-06-18T23:10:12Z</time>
        <cmt>speed: 0.0</cmt>
      </trkpt>
      <trkpt lat="47.358194" lon="8.567357">
        <ele>440</ele>
        <time>2024-06-18T23:20:09Z</time>
        <cmt>speed: 0.1</cmt>
      </trkpt>
      <trkpt lat="47.358638" lon="8.567174">
        <ele>447</ele>
        <time>2024-06-18T23:30:08Z</time>
        <cmt>speed: 0.3</cmt>
      </trkpt>
      <trkpt lat="47.358394" lon="8.56705">
        <ele>476</ele>
        <time>2024-06-18T23:40:08Z</time>
        <cmt>speed: 0.1</cmt>
      </trkpt>
      <trkpt lat="47.358609" lon="8.566408">
        <ele>397</ele>
        <time>2024-06-18T23:50:05Z</time>
        <cmt>speed: 0.9</cmt>
      </trkpt>
      <trkpt lat="47.359488" lon="8.561399">
        <ele>417</ele>
        <time>2024-06-19T00:00:08Z</time>
        <cmt>speed: 0.1</cmt>
      </trkpt>
      <trkpt lat="47.358311" lon="8.560921">
        <ele>412</ele>
        <time>2024-06-19T00:10:06Z</time>
        <cmt>speed: 0.1</cmt>
      </trkpt>
      <trkpt lat="47.357442" lon="8.56148">
        <ele>445</ele>
        <time>2024-06-19T00:20:10Z</time>
        <cmt>speed: 1.3</cmt>
      </trkpt>
      <trkpt lat="47.357325" lon="8.56175">
        <ele>456</ele>
        <time>2024-06-19T00:30:08Z</time>
        <cmt>speed: 0.1</cmt>
      </trkpt>
      <trkpt lat="47.358041" lon="8.561587">
        <ele>447</ele>
        <time>2024-06-19T00:40:06Z</time>
        <cmt>speed: 0.7</cmt>
      </trkpt>
      <trkpt lat="47.358781" lon="8.561829">
        <ele>449</ele>
        <time>2024-06-19T00:50:05Z</time>
        <cmt>speed: 0.1</cmt>
      </trkpt>
      <trkpt lat="47.359024" lon="8.561711">
        <ele>440</ele>
        <time>2024-06-19T01:00:06Z</time>
        <cmt>speed: 0.1</cmt>
      </trkpt>
      <trkpt lat="47.359024" lon="8.561043">
        <ele>488</ele>
        <time>2024-06-19T01:10:07Z</time>
        <cmt>speed: 0.0</cmt>
      </trkpt>
      <trkpt lat="47.359" lon="8.560797">
        <ele>444</ele>
        <time>2024-06-19T01:20:06Z</time>
        <cmt>speed: 0.8</cmt>
      </trkpt>
      <trkpt lat="47.359347" lon="8.560278">
        <ele>390</ele>
        <time>2024-06-19T01:40:12Z</time>
        <cmt>speed: 0.0</cmt>
      </trkpt>
      <trkpt lat="47.359347" lon="8.560278">
        <ele>390</ele>
        <time>2024-06-19T01:50:04Z</time>
      </trkpt>
      <trkpt lat="47.35948" lon="8.560362">
        <ele>434</ele>
        <time>2024-06-19T01:50:09Z</time>
        <cmt>speed: 0.2</cmt>
      </trkpt>
      <trkpt lat="47.359305" lon="8.56022">
        <ele>427</ele>
        <time>2024-06-19T02:00:39Z</time>
        <cmt>speed: 0.2</cmt>
      </trkpt>
      <trkpt lat="47.359342" lon="8.560407">
        <ele>427</ele>
        <time>2024-06-19T02:10:20Z</time>
        <cmt>speed: 0.4</cmt>
      </trkpt>
      <trkpt lat="47.359747" lon="8.560293">
        <ele>449</ele>
        <time>2024-06-19T02:20:13Z</time>
        <cmt>speed: 0.0</cmt>
      </trkpt>
      <trkpt lat="47.358506" lon="8.562425">
        <ele>464</ele>
        <time>2024-06-19T02:30:05Z</time>
        <cmt>speed: 1.6</cmt>
      </trkpt>
      <trkpt lat="47.358228" lon="8.562724">
        <ele>445</ele>
        <time>2024-06-19T02:40:05Z</time>
        <cmt>speed: 0.6</cmt>
      </trkpt>
      <trkpt lat="47.358512" lon="8.56292">
        <ele>449</ele>
        <time>2024-06-19T02:50:05Z</time>
        <cmt>speed: 0.7</cmt>
      </trkpt>
      <trkpt lat="47.359482" lon="8.563254">
        <ele>432</ele>
        <time>2024-06-19T03:00:07Z</time>
        <cmt>speed: 0.7</cmt>
      </trkpt>
      <trkpt lat="47.359726" lon="8.561965">
        <ele>444</ele>
        <time>2024-06-19T03:10:06Z</time>
        <cmt>speed: 0.2</cmt>
      </trkpt>
      <trkpt lat="47.3588" lon="8.562513">
        <ele>424</ele>
        <time>2024-06-19T03:20:06Z</time>
        <cmt>speed: 0.4</cmt>
      </trkpt>
      <trkpt lat="47.3588" lon="8.562513">
        <ele>424</ele>
        <time>2024-06-19T03:30:01Z</time>
      </trkpt>
      <trkpt lat="47.358571" lon="8.563065">
        <ele>475</ele>
        <time>2024-06-19T03:30:05Z</time>
        <cmt>speed: 0.3</cmt>
      </trkpt>
      <trkpt lat="47.358038" lon="8.563644">
        <ele>450</ele>
        <time>2024-06-19T03:40:04Z</time>
        <cmt>speed: 0.5</cmt>
      </trkpt>
      <trkpt lat="47.358319" lon="8.563613">
        <ele>455</ele>
        <time>2024-06-19T03:50:05Z</time>
        <cmt>speed: 0.3</cmt>
      </trkpt>
      <trkpt lat="47.358516" lon="8.562801">
        <ele>402</ele>
        <time>2024-06-19T04:00:06Z</time>
        <cmt>speed: 0.5</cmt>
      </trkpt>
      <trkpt lat="47.358516" lon="8.562801">
        <ele>402</ele>
        <time>2024-06-19T04:10:00Z</time>
      </trkpt>
      <trkpt lat="47.357758" lon="8.563519">
        <ele>428</ele>
        <time>2024-06-19T04:10:04Z</time>
        <cmt>speed: 0.4</cmt>
      </trkpt>
      <trkpt lat="47.357865" lon="8.563597">
        <ele>457</ele>
        <time>2024-06-19T04:20:06Z</time>
        <cmt>speed: 0.2</cmt>
      </trkpt>
      <trkpt lat="47.357865" lon="8.563597">
        <ele>457</ele>
        <time>2024-06-19T04:30:01Z</time>
      </trkpt>
      <trkpt lat="47.357964" lon="8.56363">
        <ele>436</ele>
        <time>2024-06-19T04:30:06Z</time>
        <cmt>speed: 0.1</cmt>
      </trkpt>
      <trkpt lat="47.359465" lon="8.563179">
        <ele>442</ele>
        <time>2024-06-19T04:40:06Z</time>
        <cmt>speed: 2.1</cmt>
      </trkpt>
      <trkpt lat="47.359974" lon="8.56367">
        <ele>434</ele>
        <time>2024-06-19T04:44:46Z</time>
      </trkpt>
      <trkpt lat="47.359974" lon="8.56367">
        <ele>434</ele>
        <time>2024-06-19T04:59:46Z</time>
      </trkpt>
      <trkpt lat="47.359897" lon="8.563078">
        <ele>488</ele>
        <time>2024-06-19T15:39:18Z</time>
        <cmt>speed: 0.6</cmt>
      </trkpt>
      <trkpt lat="47.360418" lon="8.561983">
        <ele>457</ele>
        <time>2024-06-19T15:49:10Z</time>
        <cmt>speed: 0.8</cmt>
      </trkpt>
      <trkpt lat="47.360507" lon="8.56154">
        <ele>402</ele>
        <time>2024-06-19T15:59:11Z</time>
        <cmt>speed: 0.0</cmt>
      </trkpt>
      <trkpt lat="47.359675" lon="8.561501">
        <ele>425</ele>
        <time>2024-06-19T16:09:11Z</time>
        <cmt>speed: 0.4</cmt>
      </trkpt>
      <trkpt lat="47.359675" lon="8.561501">
        <ele>425</ele>
        <time>2024-06-19T16:19:06Z</time>
      </trkpt>
      <trkpt lat="47.359076" lon="8.561427">
        <ele>468</ele>
        <time>2024-06-19T16:19:13Z</time>
        <cmt>speed: 2.1</cmt>
      </trkpt>
      <trkpt lat="47.359253" lon="8.561034">
        <ele>455</ele>
        <time>2024-06-19T16:29:11Z</time>
        <cmt>speed: 0.1</cmt>
      </trkpt>
      <trkpt lat="47.359136" lon="8.56185">
        <ele>462</ele>
        <time>2024-06-19T16:39:12Z</time>
        <cmt>speed: 0.0</cmt>
      </trkpt>
      <trkpt lat="47.359448" lon="8.562387">
        <ele>420</ele>
        <time>2024-06-19T16:49:10Z</time>
        <cmt>speed: 0.6</cmt>
      </trkpt>
      <trkpt lat="47.358928" lon="8.562834">
        <ele>448</ele>
        <time>2024-06-19T16:59:10Z</time>
        <cmt>speed: 0.1</cmt>
      </trkpt>
      <trkpt lat="47.358932" lon="8.563123">
        <ele>444</ele>
        <time>2024-06-19T17:09:10Z</time>
        <cmt>speed: 0.1</cmt>
      </trkpt>
      <trkpt lat="47.358932" lon="8.563123">
        <ele>444</ele>
        <time>2024-06-19T17:19:03Z</time>
      </trkpt>
      <trkpt lat="47.35896" lon="8.563492">
        <ele>473</ele>
        <time>2024-06-19T17:19:10Z</time>
        <cmt>speed: 0.1</cmt>
      </trkpt>
      <trkpt lat="47.358928" lon="8.563301">
        <ele>407</ele>
        <time>2024-06-19T17:29:09Z</time>
        <cmt>speed: 0.4</cmt>
      </trkpt>
      <trkpt lat="47.35897" lon="8.563387">
        <ele>396</ele>
        <time>2024-06-19T17:39:10Z</time>
        <cmt>speed: 0.0</cmt>
      </trkpt>
      <trkpt lat="47.358426" lon="8.563442">
        <ele>436</ele>
        <time>2024-06-19T17:49:11Z</time>
        <cmt>speed: 0.2</cmt>
      </trkpt>
      <trkpt lat="47.358426" lon="8.563442">
        <ele>436</ele>
        <time>2024-06-19T17:59:03Z</time>
      </trkpt>
      <trkpt lat="47.358628" lon="8.563223">
        <ele>480</ele>
        <time>2024-06-19T17:59:09Z</time>
        <cmt>speed: 0.3</cmt>
      </trkpt>
      <trkpt lat="47.358417" lon="8.562913">
        <ele>458</ele>
        <time>2024-06-19T18:09:11Z</time>
        <cmt>speed: 0.1</cmt>
      </trkpt>
      <trkpt lat="47.358273" lon="8.56283">
        <ele>463</ele>
        <time>2024-06-19T18:19:10Z</time>
        <cmt>speed: 0.2</cmt>
      </trkpt>
      <trkpt lat="47.357926" lon="8.562629">
        <ele>461</ele>
        <time>2024-06-19T18:29:13Z</time>
        <cmt>speed: 0.4</cmt>
      </trkpt>
      <trkpt lat="47.357926" lon="8.562629">
        <ele>461</ele>
        <time>2024-06-19T18:39:05Z</time>
      </trkpt>
      <trkpt lat="47.358026" lon="8.562884">
        <ele>480</ele>
        <time>2024-06-19T18:39:13Z</time>
        <cmt>speed: 0.1</cmt>
      </trkpt>
      <trkpt lat="47.357824" lon="8.562577">
        <ele>465</ele>
        <time>2024-06-19T18:49:14Z</time>
        <cmt>speed: 0.2</cmt>
      </trkpt>
      <trkpt lat="47.357883" lon="8.562616">
        <ele>457</ele>
        <time>2024-06-19T19:09:18Z</time>
        <cmt>speed: 0.2</cmt>
      </trkpt>
      <trkpt lat="47.357883" lon="8.562616">
        <ele>457</ele>
        <time>2024-06-19T19:19:11Z</time>
      </trkpt>
      <trkpt lat="47.357785" lon="8.563041">
        <ele>390</ele>
        <time>2024-06-19T19:19:19Z</time>
        <cmt>speed: 0.2</cmt>
      </trkpt>
      <trkpt lat="47.358057" lon="8.562895">
        <ele>455</ele>
        <time>2024-06-19T19:29:15Z</time>
        <cmt>speed: 0.5</cmt>
      </trkpt>
      <trkpt lat="47.358057" lon="8.562895">
        <ele>455</ele>
        <time>2024-06-19T19:39:09Z</time>
      </trkpt>
      <trkpt lat="47.357806" lon="8.562602">
        <ele>466</ele>
        <time>2024-06-19T19:39:17Z</time>
        <cmt>speed: 0.2</cmt>
      </trkpt>
      <trkpt lat="47.358147" lon="8.562763">
        <ele>420</ele>
        <time>2024-06-19T19:49:10Z</time>
        <cmt>speed: 0.3</cmt>
      </trkpt>
      <trkpt lat="47.358855" lon="8.563392">
        <ele>433</ele>
        <time>2024-06-19T19:59:10Z</time>
        <cmt>speed: 0.3</cmt>
      </trkpt>
      <trkpt lat="47.358414" lon="8.563598">
        <ele>463</ele>
        <time>2024-06-19T20:09:10Z</time>
        <cmt>speed: 0.3</cmt>
      </trkpt>
      <trkpt lat="47.358554" lon="8.563765">
        <ele>452</ele>
        <time>2024-06-19T20:19:09Z</time>
        <cmt>speed: 0.2</cmt>
      </trkpt>
      <trkpt lat="47.35841" lon="8.564016">
        <ele>470</ele>
        <time>2024-06-19T20:29:10Z</time>
        <cmt>speed: 0.6</cmt>
      </trkpt>
      <trkpt lat="47.358853" lon="8.564937">
        <ele>448</ele>
        <time>2024-06-19T20:39:11Z</time>
        <cmt>speed: 1.0</cmt>
      </trkpt>
      <trkpt lat="47.358573" lon="8.56493">
        <ele>460</ele>
        <time>2024-06-19T20:49:12Z</time>
        <cmt>speed: 1.3</cmt>
      </trkpt>
      <trkpt lat="47.358573" lon="8.56493">
        <ele>460</ele>
        <time>2024-06-19T20:59:04Z</time>
      </trkpt>
      <trkpt lat="47.358657" lon="8.563832">
        <ele>481</ele>
        <time>2024-06-19T20:59:12Z</time>
        <cmt>speed: 0.3</cmt>
      </trkpt>
      <trkpt lat="47.359097" lon="8.56321">
        <ele>441</ele>
        <time>2024-06-19T21:09:11Z</time>
        <cmt>speed: 2.0</cmt>
      </trkpt>
      <trkpt lat="47.358553" lon="8.560152">
        <ele>428</ele>
        <time>2024-06-19T21:19:13Z</time>
        <cmt>speed: 0.8</cmt>
      </trkpt>
      <trkpt lat="47.358191" lon="8.560728">
        <ele>460</ele>
        <time>2024-06-19T21:29:12Z</time>
        <cmt>speed: 0.4</cmt>
      </trkpt>
      <trkpt lat="47.357776" lon="8.560187">
        <ele>445</ele>
        <time>2024-06-19T21:39:11Z</time>
        <cmt>speed: 1.1</cmt>
      </trkpt>
      <trkpt lat="47.358663" lon="8.559804">
        <ele>481</ele>
        <time>2024-06-19T21:49:11Z</time>
        <cmt>speed: 0.1</cmt>
      </trkpt>
      <trkpt lat="47.358594" lon="8.561013">
        <ele>440</ele>
        <time>2024-06-19T21:59:11Z</time>
        <cmt>speed: 0.2</cmt>
      </trkpt>
      <trkpt lat="47.357458" lon="8.561921">
        <ele>484</ele>
        <time>2024-06-19T22:09:13Z</time>
        <cmt>speed: 0.0</cmt>
      </trkpt>
      <trkpt lat="47.357741" lon="8.561964">
        <ele>454</ele>
        <time>2024-06-19T22:19:13Z</time>
        <cmt>speed: 0.1</cmt>
      </trkpt>
      <trkpt lat="47.357478" lon="8.562387">
        <ele>471</ele>
        <time>2024-06-19T22:29:11Z</time>
        <cmt>speed: 0.2</cmt>
      </trkpt>
      <trkpt lat="47.358212" lon="8.56206">
        <ele>424</ele>
        <time>2024-06-19T22:39:12Z</time>
        <cmt>speed: 0.5</cmt>
      </trkpt>
      <trkpt lat="47.356545" lon="8.561691">
        <ele>444</ele>
        <time>2024-06-19T22:49:11Z</time>
        <cmt>speed: 0.2</cmt>
      </trkpt>
      <trkpt lat="47.359141" lon="8.560758">
        <ele>391</ele>
        <time>2024-06-19T22:59:11Z</time>
        <cmt>speed: 0.6</cmt>
      </trkpt>
      <trkpt lat="47.359401" lon="8.562246">
        <ele>430</ele>
        <time>2024-06-19T23:19:10Z</time>
        <cmt>speed: 2.8</cmt>
      </trkpt>
      <trkpt lat="47.359066" lon="8.563252">
        <ele>439</ele>
        <time>2024-06-19T23:29:11Z</time>
        <cmt>speed: 0.1</cmt>
      </trkpt>
      <trkpt lat="47.359066" lon="8.563252">
        <ele>439</ele>
        <time>2024-06-19T23:39:03Z</time>
      </trkpt>
      <trkpt lat="47.358734" lon="8.563398">
        <ele>455</ele>
        <time>2024-06-19T23:39:11Z</time>
        <cmt>speed: 0.3</cmt>
      </trkpt>
      <trkpt lat="47.358688" lon="8.563452">
        <ele>454</ele>
        <time>2024-06-19T23:49:11Z</time>
        <cmt>speed: 0.2</cmt>
      </trkpt>
      <trkpt lat="47.358688" lon="8.563452">
        <ele>454</ele>
        <time>2024-06-19T23:59:01Z</time>
      </trkpt>
      <trkpt lat="47.358782" lon="8.563403">
        <ele>457</ele>
        <time>2024-06-19T23:59:10Z</time>
        <cmt>speed: 0.0</cmt>
      </trkpt>
      <trkpt lat="47.35898" lon="8.563322">
        <ele>444</ele>
        <time>2024-06-20T00:09:11Z</time>
        <cmt>speed: 0.2</cmt>
      </trkpt>
      <trkpt lat="47.358372" lon="8.565167">
        <ele>464</ele>
        <time>2024-06-20T00:19:16Z</time>
        <cmt>speed: 0.1</cmt>
      </trkpt>
      <trkpt lat="47.358251" lon="8.565979">
        <ele>465</ele>
        <time>2024-06-20T00:29:12Z</time>
        <cmt>speed: 0.2</cmt>
      </trkpt>
      <trkpt lat="47.358964" lon="8.564254">
        <ele>454</ele>
        <time>2024-06-20T00:39:12Z</time>
        <cmt>speed: 1.1</cmt>
      </trkpt>
      <trkpt lat="47.358852" lon="8.561425">
        <ele>485</ele>
        <time>2024-06-20T00:49:14Z</time>
        <cmt>speed: 0.1</cmt>
      </trkpt>
      <trkpt lat="47.358901" lon="8.561602">
        <ele>449</ele>
        <time>2024-06-20T00:59:10Z</time>
        <cmt>speed: 1.6</cmt>
      </trkpt>
      <trkpt lat="47.358901" lon="8.561602">
        <ele>449</ele>
        <time>2024-06-20T01:19:05Z</time>
      </trkpt>
      <trkpt lat="47.359257" lon="8.561271">
        <ele>425</ele>
        <time>2024-06-20T01:19:14Z</time>
        <cmt>speed: 0.2</cmt>
      </trkpt>
      <trkpt lat="47.358731" lon="8.560956">
        <ele>437</ele>
        <time>2024-06-20T01:39:12Z</time>
        <cmt>speed: 0.8</cmt>
      </trkpt>
      <trkpt lat="47.357903" lon="8.560792">
        <ele>428</ele>
        <time>2024-06-20T01:49:14Z</time>
        <cmt>speed: 0.1</cmt>
      </trkpt>
      <trkpt lat="47.357569" lon="8.561303">
        <ele>412</ele>
        <time>2024-06-20T01:59:12Z</time>
        <cmt>speed: 0.0</cmt>
      </trkpt>
      <trkpt lat="47.357812" lon="8.561263">
        <ele>508</ele>
        <time>2024-06-20T02:09:24Z</time>
        <cmt>speed: 0.1</cmt>
      </trkpt>
      <trkpt lat="47.357806" lon="8.563159">
        <ele>454</ele>
        <time>2024-06-20T02:19:13Z</time>
        <cmt>speed: 1.7</cmt>
      </trkpt>
      <trkpt lat="47.35761" lon="8.563528">
        <ele>454</ele>
        <time>2024-06-20T02:29:12Z</time>
        <cmt>speed: 0.2</cmt>
      </trkpt>
      <trkpt lat="47.35783" lon="8.562825">
        <ele>446</ele>
        <time>2024-06-20T02:39:14Z</time>
        <cmt>speed: 2.6</cmt>
      </trkpt>
      <trkpt lat="47.358305" lon="8.562497">
        <ele>471</ele>
        <time>2024-06-20T02:49:12Z</time>
        <cmt>speed: 0.5</cmt>
      </trkpt>
      <trkpt lat="47.358276" lon="8.562747">
        <ele>445</ele>
        <time>2024-06-20T02:59:13Z</time>
        <cmt>speed: 0.3</cmt>
      </trkpt>
      <trkpt lat="47.358448" lon="8.563715">
        <ele>448</ele>
        <time>2024-06-20T03:09:11Z</time>
        <cmt>speed: 0.3</cmt>
      </trkpt>
      <trkpt lat="47.358448" lon="8.563715">
        <ele>448</ele>
        <time>2024-06-20T03:19:02Z</time>
      </trkpt>
      <trkpt lat="47.358456" lon="8.563729">
        <ele>422</ele>
        <time>2024-06-20T03:19:11Z</time>
        <cmt>speed: 0.3</cmt>
      </trkpt>
      <trkpt lat="47.358565" lon="8.563434">
        <ele>446</ele>
        <time>2024-06-20T03:29:11Z</time>
        <cmt>speed: 0.0</cmt>
      </trkpt>
      <trkpt lat="47.358255" lon="8.56365">
        <ele>466</ele>
        <time>2024-06-20T03:39:09Z</time>
        <cmt>speed: 0.0</cmt>
      </trkpt>
      <trkpt lat="47.358475" lon="8.563759">
        <ele>468</ele>
        <time>2024-06-20T03:49:11Z</time>
        <cmt>speed: 0.7</cmt>
      </trkpt>
      <trkpt lat="47.358475" lon="8.563759">
        <ele>468</ele>
        <time>2024-06-20T03:59:03Z</time>
      </trkpt>
      <trkpt lat="47.358486" lon="8.563743">
        <ele>454</ele>
        <time>2024-06-20T03:59:12Z</time>
        <cmt>speed: 0.4</cmt>
      </trkpt>
      <trkpt lat="47.358612" lon="8.562443">
        <ele>483</ele>
        <time>2024-06-20T04:09:12Z</time>
        <cmt>speed: 0.4</cmt>
      </trkpt>
      <trkpt lat="47.358696" lon="8.562848">
        <ele>471</ele>
        <time>2024-06-20T04:19:12Z</time>
        <cmt>speed: 2.1</cmt>
      </trkpt>
      <trkpt lat="47.358581" lon="8.562923">
        <ele>450</ele>
        <time>2024-06-20T04:29:11Z</time>
        <cmt>speed: 0.0</cmt>
      </trkpt>
      <trkpt lat="47.358581" lon="8.562923">
        <ele>450</ele>
        <time>2024-06-20T04:39:01Z</time>
      </trkpt>
      <trkpt lat="47.358404" lon="8.562408">
        <ele>403</ele>
        <time>2024-06-20T04:39:11Z</time>
        <cmt>speed: 0.0</cmt>
      </trkpt>
      <trkpt lat="47.359273" lon="8.560943">
        <ele>457</ele>
        <time>2024-06-20T04:49:19Z</time>
        <cmt>speed: 0.1</cmt>
      </trkpt>
      <trkpt lat="47.359553" lon="8.561196">
        <ele>449</ele>
        <time>2024-06-20T04:59:18Z</time>
        <cmt>speed: 1.2</cmt>
      </trkpt>
      <trkpt lat="47.360244" lon="8.561805">
        <ele>430</ele>
        <time>2024-06-20T05:09:13Z</time>
        <cmt>speed: 1.2</cmt>
      </trkpt>
      <trkpt lat="47.359959" lon="8.563643">
        <ele>434</ele>
        <time>2024-06-20T05:12:26Z</time>
      </trkpt>
      <trkpt lat="47.359959" lon="8.563643">
        <ele>434</ele>
        <time>2024-06-20T05:27:26Z</time>
      </trkpt>
      <trkpt lat="47.359756" lon="8.562985">
        <ele>432</ele>
        <time>2024-06-20T05:57:02Z</time>
        <cmt>speed: 0.7</cmt>
      </trkpt>
      <trkpt lat="47.358942" lon="8.561167">
        <ele>421</ele>
        <time>2024-06-20T06:07:00Z</time>
        <cmt>speed: 1.2</cmt>
      </trkpt>
      <trkpt lat="47.358789" lon="8.561346">
        <ele>451</ele>
        <time>2024-06-20T06:17:07Z</time>
        <cmt>speed: 0.0</cmt>
      </trkpt>
      <trkpt lat="47.358789" lon="8.561346">
        <ele>451</ele>
        <time>2024-06-20T06:17:07Z</time>
      </trkpt>
      <trkpt lat="47.358799" lon="8.561083">
        <ele>460</ele>
        <time>2024-06-20T06:28:59Z</time>
        <cmt>speed: 0.7</cmt>
      </trkpt>
      <trkpt lat="47.358799" lon="8.561083">
        <ele>460</ele>
        <time>2024-06-20T06:38:50Z</time>
      </trkpt>
      <trkpt lat="47.358949" lon="8.561139">
        <ele>434</ele>
        <time>2024-06-20T06:39:00Z</time>
        <cmt>speed: 0.2</cmt>
      </trkpt>
      <trkpt lat="47.359013" lon="8.561325">
        <ele>418</ele>
        <time>2024-06-20T07:13:08Z</time>
        <cmt>speed: 2.5</cmt>
      </trkpt>
      <trkpt lat="47.359013" lon="8.561325">
        <ele>418</ele>
        <time>2024-06-20T07:17:07Z</time>
      </trkpt>
      <trkpt lat="47.358934" lon="8.561118">
        <ele>424</ele>
        <time>2024-06-20T08:05:00Z</time>
        <cmt>speed: 0.2</cmt>
      </trkpt>
      <trkpt lat="47.358934" lon="8.561118">
        <ele>424</ele>
        <time>2024-06-20T08:17:07Z</time>
      </trkpt>
      <trkpt lat="47.358819" lon="8.561135">
        <ele>430</ele>
        <time>2024-06-20T08:18:15Z</time>
        <cmt>speed: 0.2</cmt>
      </trkpt>
      <trkpt lat="47.358911" lon="8.561176">
        <ele>439</ele>
        <time>2024-06-20T08:28:05Z</time>
        <cmt>speed: 0.6</cmt>
      </trkpt>
      <trkpt lat="47.358911" lon="8.561176">
        <ele>439</ele>
        <time>2024-06-20T08:38:03Z</time>
      </trkpt>
      <trkpt lat="47.358975" lon="8.561261">
        <ele>432</ele>
        <time>2024-06-20T08:38:13Z</time>
        <cmt>speed: 0.4</cmt>
      </trkpt>
      <trkpt lat="47.358928" lon="8.561122">
        <ele>440</ele>
        <time>2024-06-20T09:13:43Z</time>
        <cmt>speed: 0.4</cmt>
      </trkpt>
      <trkpt lat="47.358928" lon="8.561122">
        <ele>440</ele>
        <time>2024-06-20T09:23:13Z</time>
      </trkpt>
      <trkpt lat="47.358861" lon="8.56103">
        <ele>436</ele>
        <time>2024-06-20T09:23:23Z</time>
        <cmt>speed: 0.0</cmt>
      </trkpt>
      <trkpt lat="47.358938" lon="8.561148">
        <ele>434</ele>
        <time>2024-06-20T09:33:32Z</time>
        <cmt>speed: 1.5</cmt>
      </trkpt>
      <trkpt lat="47.358938" lon="8.561148">
        <ele>434</ele>
        <time>2024-06-20T09:37:07Z</time>
      </trkpt>
      <trkpt lat="47.358768" lon="8.561121">
        <ele>440</ele>
        <time>2024-06-20T09:55:48Z</time>
        <cmt>speed: 0.1</cmt>
      </trkpt>
      <trkpt lat="47.35884" lon="8.561135">
        <ele>434</ele>
        <time>2024-06-20T10:50:26Z</time>
        <cmt>speed: 0.2</cmt>
      </trkpt>
      <trkpt lat="47.35884" lon="8.561135">
        <ele>434</ele>
        <time>2024-06-20T10:57:18Z</time>
      </trkpt>
      <trkpt lat="47.358872" lon="8.561145">
        <ele>429</ele>
        <time>2024-06-20T11:00:48Z</time>
        <cmt>speed: 0.6</cmt>
      </trkpt>
      <trkpt lat="47.358962" lon="8.561066">
        <ele>418</ele>
        <time>2024-06-20T11:20:49Z</time>
        <cmt>speed: 0.0</cmt>
      </trkpt>
      <trkpt lat="47.358918" lon="8.561153">
        <ele>448</ele>
        <time>2024-06-20T11:30:43Z</time>
        <cmt>speed: 0.0</cmt>
      </trkpt>
      <trkpt lat="47.358813" lon="8.560996">
        <ele>414</ele>
        <time>2024-06-20T11:50:51Z</time>
        <cmt>speed: 0.2</cmt>
      </trkpt>
      <trkpt lat="47.358862" lon="8.561139">
        <ele>423</ele>
        <time>2024-06-20T12:00:53Z</time>
        <cmt>speed: 0.4</cmt>
      </trkpt>
      <trkpt lat="47.358862" lon="8.561139">
        <ele>423</ele>
        <time>2024-06-20T12:00:54Z</time>
      </trkpt>
      <trkpt lat="47.358942" lon="8.561183">
        <ele>433</ele>
        <time>2024-06-20T12:20:57Z</time>
        <cmt>speed: 0.1</cmt>
      </trkpt>
      <trkpt lat="47.358664" lon="8.561016">
        <ele>434</ele>
        <time>2024-06-20T12:30:50Z</time>
        <cmt>speed: 0.2</cmt>
      </trkpt>
      <trkpt lat="47.358909" lon="8.561069">
        <ele>431</ele>
        <time>2024-06-20T12:50:47Z</time>
        <cmt>speed: 0.1</cmt>
      </trkpt>
      <trkpt lat="47.358919" lon="8.561316">
        <ele>417</ele>
        <time>2024-06-20T13:01:09Z</time>
      </trkpt>
      <trkpt lat="47.358919" lon="8.561316">
        <ele>417</ele>
        <time>2024-06-20T13:01:09Z</time>
        <cmt>speed: 0.6</cmt>
      </trkpt>
      <trkpt lat="47.358749" lon="8.560815">
        <ele>458</ele>
        <time>2024-06-20T13:11:05Z</time>
        <cmt>speed: 1.1</cmt>
      </trkpt>
      <trkpt lat="47.359" lon="8.561097">
        <ele>420</ele>
        <time>2024-06-20T13:31:05Z</time>
        <cmt>speed: 0.0</cmt>
      </trkpt>
      <trkpt lat="47.359018" lon="8.5611">
        <ele>412</ele>
        <time>2024-06-20T13:41:18Z</time>
        <cmt>speed: 0.5</cmt>
      </trkpt>
      <trkpt lat="47.359018" lon="8.5611">
        <ele>412</ele>
        <time>2024-06-20T13:41:18Z</time>
      </trkpt>
      <trkpt lat="47.358902" lon="8.561186">
        <ele>429</ele>
        <time>2024-06-20T13:54:14Z</time>
        <cmt>speed: 0.1</cmt>
      </trkpt>
      <trkpt lat="47.359031" lon="8.561693">
        <ele>412</ele>
        <time>2024-06-20T14:04:21Z</time>
        <cmt>speed: 0.3</cmt>
      </trkpt>
      <trkpt lat="47.359031" lon="8.561693">
        <ele>412</ele>
        <time>2024-06-20T14:04:21Z</time>
      </trkpt>
      <trkpt lat="47.358952" lon="8.561143">
        <ele>421</ele>
        <time>2024-06-20T14:14:23Z</time>
        <cmt>speed: 0.4</cmt>
      </trkpt>
      <trkpt lat="47.358966" lon="8.560955">
        <ele>395</ele>
        <time>2024-06-20T14:24:08Z</time>
        <cmt>speed: 0.1</cmt>
      </trkpt>
      <trkpt lat="47.358966" lon="8.560955">
        <ele>395</ele>
        <time>2024-06-20T14:24:08Z</time>
      </trkpt>
      <trkpt lat="47.359012" lon="8.561228">
        <ele>432</ele>
        <time>2024-06-20T14:44:33Z</time>
        <cmt>speed: 0.9</cmt>
      </trkpt>
      <trkpt lat="47.358788" lon="8.56105">
        <ele>473</ele>
        <time>2024-06-20T14:54:34Z</time>
        <cmt>speed: 0.5</cmt>
      </trkpt>
      <trkpt lat="47.358938" lon="8.560988">
        <ele>453</ele>
        <time>2024-06-20T15:14:19Z</time>
        <cmt>speed: 0.2</cmt>
      </trkpt>
      <trkpt lat="47.358938" lon="8.560988">
        <ele>453</ele>
        <time>2024-06-20T15:17:18Z</time>
      </trkpt>
      <trkpt lat="47.358727" lon="8.560794">
        <ele>417</ele>
        <time>2024-06-20T15:24:10Z</time>
        <cmt>speed: 0.3</cmt>
      </trkpt>
      <trkpt lat="47.3587" lon="8.560108">
        <ele>442</ele>
        <time>2024-06-20T15:34:07Z</time>
        <cmt>speed: 0.4</cmt>
      </trkpt>
      <trkpt lat="47.359282" lon="8.560382">
        <ele>439</ele>
        <time>2024-06-20T15:44:10Z</time>
        <cmt>speed: 0.2</cmt>
      </trkpt>
      <trkpt lat="47.358836" lon="8.561957">
        <ele>433</ele>
        <time>2024-06-20T15:54:10Z</time>
        <cmt>speed: 0.4</cmt>
      </trkpt>
      <trkpt lat="47.358838" lon="8.562146">
        <ele>431</ele>
        <time>2024-06-20T16:00:38Z</time>
        <cmt>speed: 0.0</cmt>
      </trkpt>
      <trkpt lat="47.358814" lon="8.562078">
        <ele>432</ele>
        <time>2024-06-20T16:00:43Z</time>
        <cmt>speed: 0.0</cmt>
      </trkpt>
      <trkpt lat="47.358776" lon="8.562296">
        <ele>438</ele>
        <time>2024-06-20T16:04:08Z</time>
        <cmt>speed: 0.4</cmt>
      </trkpt>
      <trkpt lat="47.358754" lon="8.562194">
        <ele>435</ele>
        <time>2024-06-20T16:14:07Z</time>
        <cmt>speed: 0.0</cmt>
      </trkpt>
      <trkpt lat="47.358745" lon="8.562366">
        <ele>433</ele>
        <time>2024-06-20T16:24:08Z</time>
        <cmt>speed: 0.1</cmt>
      </trkpt>
      <trkpt lat="47.358745" lon="8.562366">
        <ele>433</ele>
        <time>2024-06-20T16:24:08Z</time>
      </trkpt>
      <trkpt lat="47.358494" lon="8.5629">
        <ele>443</ele>
        <time>2024-06-20T16:34:10Z</time>
        <cmt>speed: 0.0</cmt>
      </trkpt>
      <trkpt lat="47.358949" lon="8.563013">
        <ele>461</ele>
        <time>2024-06-20T16:44:12Z</time>
        <cmt>speed: 0.0</cmt>
      </trkpt>
      <trkpt lat="47.358949" lon="8.563013">
        <ele>461</ele>
        <time>2024-06-20T16:44:12Z</time>
      </trkpt>
      <trkpt lat="47.358499" lon="8.562783">
        <ele>411</ele>
        <time>2024-06-20T16:54:07Z</time>
        <cmt>speed: 0.3</cmt>
      </trkpt>
      <trkpt lat="47.358284" lon="8.562842">
        <ele>448</ele>
        <time>2024-06-20T17:04:09Z</time>
        <cmt>speed: 0.0</cmt>
      </trkpt>
      <trkpt lat="47.358284" lon="8.562842">
        <ele>448</ele>
        <time>2024-06-20T17:04:09Z</time>
      </trkpt>
      <trkpt lat="47.358299" lon="8.561725">
        <ele>411</ele>
        <time>2024-06-20T17:14:10Z</time>
        <cmt>speed: 0.0</cmt>
      </trkpt>
      <trkpt lat="47.358076" lon="8.560763">
        <ele>435</ele>
        <time>2024-06-20T17:24:08Z</time>
        <cmt>speed: 1.9</cmt>
      </trkpt>
      <trkpt lat="47.358076" lon="8.560763">
        <ele>435</ele>
        <time>2024-06-20T17:24:08Z</time>
      </trkpt>
      <trkpt lat="47.36001" lon="8.561806">
        <ele>426</ele>
        <time>2024-06-20T17:34:12Z</time>
        <cmt>speed: 0.6</cmt>
      </trkpt>
      <trkpt lat="47.359959" lon="8.563643">
        <ele>434</ele>
        <time>2024-06-20T17:39:52Z</time>
      </trkpt>
      <trkpt lat="47.359959" lon="8.563643">
        <ele>434</ele>
        <time>2024-06-20T17:40:43Z</time>
      </trkpt>
      <trkpt lat="47.359959" lon="8.563643">
        <ele>434</ele>
        <time>2024-06-20T17:50:43Z</time>
      </trkpt>
      <trkpt lat="47.359959" lon="8.563643">
        <ele>434</ele>
        <time>2024-06-20T18:00:43Z</time>
      </trkpt>
      <trkpt lat="47.359959" lon="8.563643">
        <ele>434</ele>
        <time>2024-06-20T18:10:43Z</time>
      </trkpt>
      <trkpt lat="47.359959" lon="8.563643">
        <ele>434</ele>
        <time>2024-06-20T18:20:43Z</time>
      </trkpt>
      <trkpt lat="47.359959" lon="8.563643">
        <ele>434</ele>
        <time>2024-06-20T18:30:43Z</time>
      </trkpt>
      <trkpt lat="47.359959" lon="8.563643">
        <ele>434</ele>
        <time>2024-06-20T18:40:43Z</time>
      </trkpt>
      <trkpt lat="47.359959" lon="8.563643">
        <ele>434</ele>
        <time>2024-06-20T18:50:43Z</time>
      </trkpt>
      <trkpt lat="47.359959" lon="8.563643">
        <ele>434</ele>
        <time>2024-06-20T19:00:43Z</time>
      </trkpt>
      <trkpt lat="47.359959" lon="8.563643">
        <ele>434</ele>
        <time>2024-06-20T19:10:43Z</time>
      </trkpt>
      <trkpt lat="47.359959" lon="8.563643">
        <ele>434</ele>
        <time>2024-06-20T19:20:43Z</time>
      </trkpt>
      <trkpt lat="47.359959" lon="8.563643">
        <ele>434</ele>
        <time>2024-06-20T19:26:43Z</time>
      </trkpt>
      <trkpt lat="47.359959" lon="8.563643">
        <ele>434</ele>
        <time>2024-06-20T19:36:43Z</time>
      </trkpt>
      <trkpt lat="47.359959" lon="8.563643">
        <ele>434</ele>
        <time>2024-06-20T19:46:43Z</time>
      </trkpt>
      <trkpt lat="47.359959" lon="8.563643">
        <ele>434</ele>
        <time>2024-06-20T19:56:43Z</time>
      </trkpt>
      <trkpt lat="47.359959" lon="8.563643">
        <ele>434</ele>
        <time>2024-06-20T19:59:21Z</time>
      </trkpt>
      <trkpt lat="47.359341" lon="8.563283">
        <ele>460</ele>
        <time>2024-06-21T02:15:10Z</time>
        <cmt>speed: 1.7</cmt>
      </trkpt>
      <trkpt lat="47.359494" lon="8.560831">
        <ele>451</ele>
        <time>2024-06-21T02:24:56Z</time>
        <cmt>speed: 0.3</cmt>
      </trkpt>
      <trkpt lat="47.358455" lon="8.560312">
        <ele>472</ele>
        <time>2024-06-21T02:34:57Z</time>
        <cmt>speed: 0.1</cmt>
      </trkpt>
      <trkpt lat="47.358095" lon="8.56155">
        <ele>432</ele>
        <time>2024-06-21T02:44:55Z</time>
        <cmt>speed: 0.3</cmt>
      </trkpt>
      <trkpt lat="47.358123" lon="8.562323">
        <ele>449</ele>
        <time>2024-06-21T02:54:58Z</time>
        <cmt>speed: 0.5</cmt>
      </trkpt>
      <trkpt lat="47.358511" lon="8.563346">
        <ele>448</ele>
        <time>2024-06-21T03:04:54Z</time>
        <cmt>speed: 0.9</cmt>
      </trkpt>
      <trkpt lat="47.359375" lon="8.563841">
        <ele>450</ele>
        <time>2024-06-21T03:14:55Z</time>
        <cmt>speed: 1.4</cmt>
      </trkpt>
      <trkpt lat="47.359974" lon="8.56367">
        <ele>434</ele>
        <time>2024-06-21T03:32:23Z</time>
      </trkpt>
      <trkpt lat="47.359619" lon="8.563677">
        <ele>420</ele>
        <time>2024-06-21T04:26:07Z</time>
        <cmt>speed: 0.8</cmt>
      </trkpt>
      <trkpt lat="47.358734" lon="8.562417">
        <ele>446</ele>
        <time>2024-06-21T04:35:57Z</time>
        <cmt>speed: 0.5</cmt>
      </trkpt>
      <trkpt lat="47.358765" lon="8.562385">
        <ele>441</ele>
        <time>2024-06-21T04:46:00Z</time>
        <cmt>speed: 0.1</cmt>
      </trkpt>
      <trkpt lat="47.358765" lon="8.562385">
        <ele>441</ele>
        <time>2024-06-21T04:46:11Z</time>
      </trkpt>
      <trkpt lat="47.358735" lon="8.562354">
        <ele>416</ele>
        <time>2024-06-21T04:56:30Z</time>
        <cmt>speed: 2.1</cmt>
      </trkpt>
      <trkpt lat="47.358414" lon="8.56286">
        <ele>451</ele>
        <time>2024-06-21T05:06:28Z</time>
        <cmt>speed: 0.4</cmt>
      </trkpt>
      <trkpt lat="47.358312" lon="8.562862">
        <ele>434</ele>
        <time>2024-06-21T05:16:29Z</time>
        <cmt>speed: 0.3</cmt>
      </trkpt>
      <trkpt lat="47.358145" lon="8.563082">
        <ele>431</ele>
        <time>2024-06-21T05:26:30Z</time>
        <cmt>speed: 0.2</cmt>
      </trkpt>
      <trkpt lat="47.359121" lon="8.563157">
        <ele>443</ele>
        <time>2024-06-21T05:36:38Z</time>
        <cmt>speed: 2.9</cmt>
      </trkpt>
      <trkpt lat="47.359116" lon="8.563363">
        <ele>443</ele>
        <time>2024-06-21T05:46:32Z</time>
        <cmt>speed: 0.0</cmt>
      </trkpt>
      <trkpt lat="47.358757" lon="8.562347">
        <ele>445</ele>
        <time>2024-06-21T05:56:29Z</time>
        <cmt>speed: 0.4</cmt>
      </trkpt>
      <trkpt lat="47.358395" lon="8.563226">
        <ele>455</ele>
        <time>2024-06-21T06:06:29Z</time>
        <cmt>speed: 0.5</cmt>
      </trkpt>
      <trkpt lat="47.358032" lon="8.562993">
        <ele>449</ele>
        <time>2024-06-21T06:16:56Z</time>
        <cmt>speed: 0.2</cmt>
      </trkpt>
      <trkpt lat="47.357907" lon="8.562875">
        <ele>445</ele>
        <time>2024-06-21T06:26:32Z</time>
        <cmt>speed: 0.6</cmt>
      </trkpt>
      <trkpt lat="47.358069" lon="8.563194">
        <ele>437</ele>
        <time>2024-06-21T06:36:31Z</time>
        <cmt>speed: 0.8</cmt>
      </trkpt>
      <trkpt lat="47.358069" lon="8.563194">
        <ele>437</ele>
        <time>2024-06-21T06:46:28Z</time>
      </trkpt>
      <trkpt lat="47.358774" lon="8.562453">
        <ele>442</ele>
        <time>2024-06-21T06:46:31Z</time>
        <cmt>speed: 1.0</cmt>
      </trkpt>
      <trkpt lat="47.35874" lon="8.562366">
        <ele>424</ele>
        <time>2024-06-21T06:56:29Z</time>
        <cmt>speed: 0.7</cmt>
      </trkpt>
      <trkpt lat="47.35874" lon="8.562366">
        <ele>424</ele>
        <time>2024-06-21T07:06:26Z</time>
      </trkpt>
      <trkpt lat="47.358643" lon="8.562477">
        <ele>448</ele>
        <time>2024-06-21T07:06:29Z</time>
        <cmt>speed: 0.3</cmt>
      </trkpt>
      <trkpt lat="47.35865" lon="8.562403">
        <ele>445</ele>
        <time>2024-06-21T07:16:29Z</time>
        <cmt>speed: 0.2</cmt>
      </trkpt>
      <trkpt lat="47.35865" lon="8.562403">
        <ele>445</ele>
        <time>2024-06-21T07:26:27Z</time>
      </trkpt>
      <trkpt lat="47.358688" lon="8.562441">
        <ele>440</ele>
        <time>2024-06-21T07:26:30Z</time>
        <cmt>speed: 0.1</cmt>
      </trkpt>
      <trkpt lat="47.358787" lon="8.562413">
        <ele>433</ele>
        <time>2024-06-21T07:36:32Z</time>
        <cmt>speed: 0.0</cmt>
      </trkpt>
      <trkpt lat="47.358748" lon="8.562427">
        <ele>441</ele>
        <time>2024-06-21T07:46:32Z</time>
        <cmt>speed: 0.1</cmt>
      </trkpt>
      <trkpt lat="47.35894" lon="8.562303">
        <ele>404</ele>
        <time>2024-06-21T07:56:33Z</time>
        <cmt>speed: 0.1</cmt>
      </trkpt>
      <trkpt lat="47.3582" lon="8.562887">
        <ele>437</ele>
        <time>2024-06-21T08:06:35Z</time>
        <cmt>speed: 0.9</cmt>
      </trkpt>
      <trkpt lat="47.358154" lon="8.562719">
        <ele>469</ele>
        <time>2024-06-21T08:16:37Z</time>
        <cmt>speed: 0.0</cmt>
      </trkpt>
      <trkpt lat="47.358154" lon="8.562719">
        <ele>469</ele>
        <time>2024-06-21T08:26:43Z</time>
      </trkpt>
      <trkpt lat="47.358159" lon="8.562717">
        <ele>405</ele>
        <time>2024-06-21T08:26:46Z</time>
        <cmt>speed: 0.2</cmt>
      </trkpt>
      <trkpt lat="47.358266" lon="8.5629">
        <ele>389</ele>
        <time>2024-06-21T08:36:43Z</time>
        <cmt>speed: 0.2</cmt>
      </trkpt>
      <trkpt lat="47.358266" lon="8.5629">
        <ele>389</ele>
        <time>2024-06-21T08:46:39Z</time>
      </trkpt>
      <trkpt lat="47.35825" lon="8.562716">
        <ele>422</ele>
        <time>2024-06-21T08:46:42Z</time>
        <cmt>speed: 0.3</cmt>
      </trkpt>
      <trkpt lat="47.358059" lon="8.562552">
        <ele>403</ele>
        <time>2024-06-21T08:56:36Z</time>
        <cmt>speed: 1.3</cmt>
      </trkpt>
      <trkpt lat="47.358125" lon="8.562441">
        <ele>428</ele>
        <time>2024-06-21T09:06:32Z</time>
        <cmt>speed: 0.0</cmt>
      </trkpt>
      <trkpt lat="47.358145" lon="8.562648">
        <ele>376</ele>
        <time>2024-06-21T09:16:39Z</time>
        <cmt>speed: 0.0</cmt>
      </trkpt>
      <trkpt lat="47.357977" lon="8.562465">
        <ele>455</ele>
        <time>2024-06-21T09:39:51Z</time>
        <cmt>speed: 0.0</cmt>
      </trkpt>
      <trkpt lat="47.357977" lon="8.562465">
        <ele>455</ele>
        <time>2024-06-21T10:09:58Z</time>
      </trkpt>
      <trkpt lat="47.35783" lon="8.56255">
        <ele>443</ele>
        <time>2024-06-21T10:10:01Z</time>
        <cmt>speed: 0.1</cmt>
      </trkpt>
      <trkpt lat="47.358174" lon="8.562587">
        <ele>430</ele>
        <time>2024-06-21T10:33:32Z</time>
        <cmt>speed: 0.3</cmt>
      </trkpt>
      <trkpt lat="47.358121" lon="8.562523">
        <ele>451</ele>
        <time>2024-06-21T10:43:31Z</time>
        <cmt>speed: 0.1</cmt>
      </trkpt>
      <trkpt lat="47.358121" lon="8.562523">
        <ele>451</ele>
        <time>2024-06-21T10:53:28Z</time>
      </trkpt>
      <trkpt lat="47.358118" lon="8.562548">
        <ele>442</ele>
        <time>2024-06-21T10:53:31Z</time>
        <cmt>speed: 0.4</cmt>
      </trkpt>
      <trkpt lat="47.358285" lon="8.562527">
        <ele>380</ele>
        <time>2024-06-21T11:03:33Z</time>
        <cmt>speed: 0.0</cmt>
      </trkpt>
      <trkpt lat="47.358285" lon="8.562527">
        <ele>380</ele>
        <time>2024-06-21T11:06:11Z</time>
      </trkpt>
      <trkpt lat="47.357907" lon="8.562224">
        <ele>462</ele>
        <time>2024-06-21T11:48:17Z</time>
        <cmt>speed: 0.7</cmt>
      </trkpt>
      <trkpt lat="47.358069" lon="8.562599">
        <ele>439</ele>
        <time>2024-06-21T13:22:53Z</time>
        <cmt>speed: 0.4</cmt>
      </trkpt>
      <trkpt lat="47.358069" lon="8.562599">
        <ele>439</ele>
        <time>2024-06-21T13:32:36Z</time>
      </trkpt>
      <trkpt lat="47.357968" lon="8.562619">
        <ele>454</ele>
        <time>2024-06-21T13:32:40Z</time>
        <cmt>speed: 0.5</cmt>
      </trkpt>
      <trkpt lat="47.357905" lon="8.562242">
        <ele>507</ele>
        <time>2024-06-21T13:59:20Z</time>
        <cmt>speed: 0.5</cmt>
      </trkpt>
      <trkpt lat="47.358048" lon="8.562644">
        <ele>430</ele>
        <time>2024-06-21T14:09:27Z</time>
        <cmt>speed: 0.2</cmt>
      </trkpt>
      <trkpt lat="47.358048" lon="8.562644">
        <ele>430</ele>
        <time>2024-06-21T14:19:21Z</time>
      </trkpt>
      <trkpt lat="47.35805" lon="8.562554">
        <ele>432</ele>
        <time>2024-06-21T14:19:25Z</time>
        <cmt>speed: 0.1</cmt>
      </trkpt>
      <trkpt lat="47.357874" lon="8.562397">
        <ele>465</ele>
        <time>2024-06-21T14:59:11Z</time>
        <cmt>speed: 0.2</cmt>
      </trkpt>
      <trkpt lat="47.358172" lon="8.562423">
        <ele>445</ele>
        <time>2024-06-21T15:09:09Z</time>
        <cmt>speed: 0.4</cmt>
      </trkpt>
      <trkpt lat="47.358334" lon="8.562375">
        <ele>440</ele>
        <time>2024-06-21T16:06:45Z</time>
        <cmt>speed: 0.3</cmt>
      </trkpt>
      <trkpt lat="47.357987" lon="8.563206">
        <ele>416</ele>
        <time>2024-06-21T16:56:30Z</time>
        <cmt>speed: 0.2</cmt>
      </trkpt>
      <trkpt lat="47.357987" lon="8.563206">
        <ele>416</ele>
        <time>2024-06-21T17:06:19Z</time>
      </trkpt>
      <trkpt lat="47.358034" lon="8.562586">
        <ele>449</ele>
        <time>2024-06-21T17:06:23Z</time>
        <cmt>speed: 0.2</cmt>
      </trkpt>
      <trkpt lat="47.35804" lon="8.562711">
        <ele>473</ele>
        <time>2024-06-21T17:16:33Z</time>
        <cmt>speed: 0.3</cmt>
      </trkpt>
      <trkpt lat="47.35804" lon="8.562711">
        <ele>473</ele>
        <time>2024-06-21T17:26:37Z</time>
      </trkpt>
      <trkpt lat="47.35817" lon="8.562491">
        <ele>438</ele>
        <time>2024-06-21T17:26:41Z</time>
        <cmt>speed: 0.9</cmt>
      </trkpt>
      <trkpt lat="47.357983" lon="8.562315">
        <ele>480</ele>
        <time>2024-06-21T17:49:30Z</time>
        <cmt>speed: 0.2</cmt>
      </trkpt>
      <trkpt lat="47.357854" lon="8.562577">
        <ele>422</ele>
        <time>2024-06-21T17:59:20Z</time>
        <cmt>speed: 0.2</cmt>
      </trkpt>
      <trkpt lat="47.358039" lon="8.562712">
        <ele>454</ele>
        <time>2024-06-21T18:09:16Z</time>
        <cmt>speed: 0.3</cmt>
      </trkpt>
      <trkpt lat="47.357832" lon="8.560897">
        <ele>414</ele>
        <time>2024-06-21T18:19:18Z</time>
        <cmt>speed: 0.1</cmt>
      </trkpt>
      <trkpt lat="47.358633" lon="8.560318">
        <ele>414</ele>
        <time>2024-06-21T18:29:15Z</time>
        <cmt>speed: 0.9</cmt>
      </trkpt>
      <trkpt lat="47.358659" lon="8.562503">
        <ele>452</ele>
        <time>2024-06-21T18:39:13Z</time>
        <cmt>speed: 0.5</cmt>
      </trkpt>
      <trkpt lat="47.358867" lon="8.562349">
        <ele>426</ele>
        <time>2024-06-21T18:49:12Z</time>
        <cmt>speed: 0.8</cmt>
      </trkpt>
      <trkpt lat="47.358867" lon="8.562349">
        <ele>426</ele>
        <time>2024-06-21T18:54:40Z</time>
      </trkpt>
      <trkpt lat="47.358862" lon="8.562508">
        <ele>437</ele>
        <time>2024-06-21T18:54:49Z</time>
        <cmt>speed: 0.8</cmt>
      </trkpt>
      <trkpt lat="47.358843" lon="8.56249">
        <ele>440</ele>
        <time>2024-06-21T18:54:53Z</time>
        <cmt>speed: 0.0</cmt>
      </trkpt>
      <trkpt lat="47.358788" lon="8.562512">
        <ele>440</ele>
        <time>2024-06-21T18:59:11Z</time>
        <cmt>speed: 0.6</cmt>
      </trkpt>
      <trkpt lat="47.360509" lon="8.562845">
        <ele>473</ele>
        <time>2024-06-21T19:09:17Z</time>
        <cmt>speed: 1.4</cmt>
      </trkpt>
      <trkpt lat="47.359959" lon="8.563643">
        <ele>434</ele>
        <time>2024-06-21T19:10:43Z</time>
      </trkpt>
      <trkpt lat="47.359959" lon="8.563643">
        <ele>434</ele>
        <time>2024-06-21T19:25:43Z</time>
      </trkpt>
      <trkpt lat="47.359959" lon="8.563643">
        <ele>434</ele>
        <time>2024-06-22T07:25:41Z</time>
      </trkpt>
      <trkpt lat="47.360104" lon="8.562871">
        <ele>495</ele>
        <time>2024-06-22T19:19:32Z</time>
        <cmt>speed: 0.4</cmt>
      </trkpt>
      <trkpt lat="47.359974" lon="8.56367">
        <ele>434</ele>
        <time>2024-06-22T19:26:34Z</time>
      </trkpt>
      <trkpt lat="47.360291" lon="8.564836">
        <ele>439</ele>
        <time>2024-06-22T19:31:48Z</time>
        <cmt>speed: 0.3</cmt>
      </trkpt>
      <trkpt lat="47.359974" lon="8.56367">
        <ele>434</ele>
        <time>2024-06-22T19:36:32Z</time>
      </trkpt>
      <trkpt lat="47.360144" lon="8.562304">
        <ele>467</ele>
        <time>2024-06-22T19:41:50Z</time>
        <cmt>speed: 0.4</cmt>
      </trkpt>
      <trkpt lat="47.360014" lon="8.563481">
        <ele>417</ele>
        <time>2024-06-22T19:51:57Z</time>
        <cmt>speed: 0.1</cmt>
      </trkpt>
      <trkpt lat="47.359893" lon="8.563359">
        <ele>457</ele>
        <time>2024-06-22T20:01:43Z</time>
        <cmt>speed: 1.0</cmt>
      </trkpt>
      <trkpt lat="47.359959" lon="8.563643">
        <ele>434</ele>
        <time>2024-06-22T20:02:24Z</time>
      </trkpt>
      <trkpt lat="47.35992" lon="8.563221">
        <ele>426</ele>
        <time>2024-06-22T20:04:20Z</time>
        <cmt>speed: 7.0</cmt>
      </trkpt>
      <trkpt lat="47.360347" lon="8.563064">
        <ele>446</ele>
        <time>2024-06-22T20:14:18Z</time>
        <cmt>speed: 1.0</cmt>
      </trkpt>
      <trkpt lat="47.359974" lon="8.56367">
        <ele>434</ele>
        <time>2024-06-22T20:19:12Z</time>
      </trkpt>
      <trkpt lat="47.359974" lon="8.56367">
        <ele>434</ele>
        <time>2024-06-22T20:34:12Z</time>
      </trkpt>
      <trkpt lat="47.359974" lon="8.56367">
        <ele>434</ele>
        <time>2024-06-23T08:34:10Z</time>
      </trkpt>
      <trkpt lat="47.360265" lon="8.563315">
        <ele>410</ele>
        <time>2024-06-23T13:54:38Z</time>
        <cmt>speed: 0.5</cmt>
      </trkpt>
      <trkpt lat="47.359974" lon="8.56367">
        <ele>434</ele>
        <time>2024-06-23T13:56:51Z</time>
      </trkpt>
      <trkpt lat="47.360218" lon="8.561922">
        <ele>421</ele>
        <time>2024-06-23T14:04:35Z</time>
        <cmt>speed: 1.2</cmt>
      </trkpt>
      <trkpt lat="47.358779" lon="8.561594">
        <ele>486</ele>
        <time>2024-06-23T14:14:26Z</time>
        <cmt>speed: 0.7</cmt>
      </trkpt>
      <trkpt lat="47.358511" lon="8.562816">
        <ele>452</ele>
        <time>2024-06-23T14:24:26Z</time>
        <cmt>speed: 1.5</cmt>
      </trkpt>
      <trkpt lat="47.35841" lon="8.563673">
        <ele>457</ele>
        <time>2024-06-23T14:34:26Z</time>
        <cmt>speed: 0.0</cmt>
      </trkpt>
      <trkpt lat="47.358083" lon="8.563507">
        <ele>425</ele>
        <time>2024-06-23T14:44:24Z</time>
        <cmt>speed: 0.1</cmt>
      </trkpt>
      <trkpt lat="47.358106" lon="8.563647">
        <ele>440</ele>
        <time>2024-06-23T14:54:25Z</time>
        <cmt>speed: 0.1</cmt>
      </trkpt>
      <trkpt lat="47.358496" lon="8.563033">
        <ele>452</ele>
        <time>2024-06-23T15:04:24Z</time>
        <cmt>speed: 0.0</cmt>
      </trkpt>
      <trkpt lat="47.358567" lon="8.563374">
        <ele>457</ele>
        <time>2024-06-23T15:14:24Z</time>
        <cmt>speed: 0.8</cmt>
      </trkpt>
      <trkpt lat="47.357965" lon="8.563932">
        <ele>454</ele>
        <time>2024-06-23T15:34:25Z</time>
        <cmt>speed: 0.2</cmt>
      </trkpt>
      <trkpt lat="47.357908" lon="8.562945">
        <ele>453</ele>
        <time>2024-06-23T15:44:24Z</time>
        <cmt>speed: 0.6</cmt>
      </trkpt>
      <trkpt lat="47.357738" lon="8.563474">
        <ele>433</ele>
        <time>2024-06-23T15:54:24Z</time>
        <cmt>speed: 0.7</cmt>
      </trkpt>
      <trkpt lat="47.358051" lon="8.563557">
        <ele>468</ele>
        <time>2024-06-23T16:04:25Z</time>
        <cmt>speed: 0.1</cmt>
      </trkpt>
      <trkpt lat="47.358024" lon="8.56352">
        <ele>436</ele>
        <time>2024-06-23T16:14:24Z</time>
        <cmt>speed: 0.2</cmt>
      </trkpt>
      <trkpt lat="47.358081" lon="8.563506">
        <ele>427</ele>
        <time>2024-06-23T16:24:24Z</time>
        <cmt>speed: 0.3</cmt>
      </trkpt>
      <trkpt lat="47.358286" lon="8.563178">
        <ele>461</ele>
        <time>2024-06-23T16:34:24Z</time>
        <cmt>speed: 0.5</cmt>
      </trkpt>
      <trkpt lat="47.358286" lon="8.563178">
        <ele>461</ele>
        <time>2024-06-23T16:44:25Z</time>
      </trkpt>
      <trkpt lat="47.358339" lon="8.563345">
        <ele>438</ele>
        <time>2024-06-23T16:44:26Z</time>
        <cmt>speed: 0.0</cmt>
      </trkpt>
      <trkpt lat="47.358192" lon="8.562947">
        <ele>420</ele>
        <time>2024-06-23T16:54:27Z</time>
        <cmt>speed: 0.0</cmt>
      </trkpt>
      <trkpt lat="47.358607" lon="8.5623">
        <ele>371</ele>
        <time>2024-06-23T17:04:25Z</time>
        <cmt>speed: 0.7</cmt>
      </trkpt>
      <trkpt lat="47.359424" lon="8.562836">
        <ele>451</ele>
        <time>2024-06-23T17:14:27Z</time>
        <cmt>speed: 1.1</cmt>
      </trkpt>
      <trkpt lat="47.359959" lon="8.563643">
        <ele>434</ele>
        <time>2024-06-23T17:23:10Z</time>
      </trkpt>
      <trkpt lat="47.359959" lon="8.563643">
        <ele>434</ele>
        <time>2024-06-23T17:38:10Z</time>
      </trkpt>
      <trkpt lat="47.359959" lon="8.563643">
        <ele>434</ele>
        <time>2024-06-24T00:38:24Z</time>
      </trkpt>
      <trkpt lat="47.360282" lon="8.562014">
        <ele>437</ele>
        <time>2024-06-24T00:38:50Z</time>
        <cmt>speed: 3.3</cmt>
      </trkpt>
      <trkpt lat="47.359317" lon="8.560311">
        <ele>430</ele>
        <time>2024-06-24T00:48:31Z</time>
        <cmt>speed: 0.4</cmt>
      </trkpt>
      <trkpt lat="47.358401" lon="8.560107">
        <ele>435</ele>
        <time>2024-06-24T00:58:30Z</time>
        <cmt>speed: 0.6</cmt>
      </trkpt>
      <trkpt lat="47.357769" lon="8.561095">
        <ele>448</ele>
        <time>2024-06-24T01:08:28Z</time>
        <cmt>speed: 0.9</cmt>
      </trkpt>
      <trkpt lat="47.357769" lon="8.561095">
        <ele>448</ele>
        <time>2024-06-24T01:18:45Z</time>
      </trkpt>
      <trkpt lat="47.357906" lon="8.561116">
        <ele>488</ele>
        <time>2024-06-24T01:18:47Z</time>
        <cmt>speed: 1.1</cmt>
      </trkpt>
      <trkpt lat="47.357529" lon="8.56117">
        <ele>450</ele>
        <time>2024-06-24T01:28:31Z</time>
        <cmt>speed: 0.1</cmt>
      </trkpt>
      <trkpt lat="47.357529" lon="8.56117">
        <ele>450</ele>
        <time>2024-06-24T01:38:36Z</time>
      </trkpt>
      <trkpt lat="47.357476" lon="8.561037">
        <ele>418</ele>
        <time>2024-06-24T01:38:38Z</time>
        <cmt>speed: 0.2</cmt>
      </trkpt>
      <trkpt lat="47.357442" lon="8.561296">
        <ele>422</ele>
        <time>2024-06-24T01:48:29Z</time>
        <cmt>speed: 0.2</cmt>
      </trkpt>
      <trkpt lat="47.357442" lon="8.561296">
        <ele>422</ele>
        <time>2024-06-24T01:58:29Z</time>
      </trkpt>
      <trkpt lat="47.357767" lon="8.562267">
        <ele>430</ele>
        <time>2024-06-24T01:58:31Z</time>
        <cmt>speed: 0.2</cmt>
      </trkpt>
      <trkpt lat="47.357774" lon="8.562239">
        <ele>436</ele>
        <time>2024-06-24T02:08:32Z</time>
        <cmt>speed: 0.0</cmt>
      </trkpt>
      <trkpt lat="47.358096" lon="8.562345">
        <ele>448</ele>
        <time>2024-06-24T02:18:27Z</time>
        <cmt>speed: 2.5</cmt>
      </trkpt>
      <trkpt lat="47.35791" lon="8.562664">
        <ele>406</ele>
        <time>2024-06-24T02:28:37Z</time>
        <cmt>speed: 0.2</cmt>
      </trkpt>
      <trkpt lat="47.357991" lon="8.562206">
        <ele>484</ele>
        <time>2024-06-24T02:38:40Z</time>
        <cmt>speed: 0.5</cmt>
      </trkpt>
      <trkpt lat="47.357988" lon="8.562465">
        <ele>463</ele>
        <time>2024-06-24T02:48:30Z</time>
        <cmt>speed: 0.2</cmt>
      </trkpt>
      <trkpt lat="47.358338" lon="8.563084">
        <ele>455</ele>
        <time>2024-06-24T02:58:28Z</time>
        <cmt>speed: 0.7</cmt>
      </trkpt>
      <trkpt lat="47.358753" lon="8.562257">
        <ele>418</ele>
        <time>2024-06-24T03:08:30Z</time>
        <cmt>speed: 0.0</cmt>
      </trkpt>
      <trkpt lat="47.359283" lon="8.560044">
        <ele>438</ele>
        <time>2024-06-24T03:18:31Z</time>
        <cmt>speed: 0.7</cmt>
      </trkpt>
      <trkpt lat="47.358714" lon="8.560679">
        <ele>437</ele>
        <time>2024-06-24T03:38:32Z</time>
        <cmt>speed: 0.7</cmt>
      </trkpt>
      <trkpt lat="47.358919" lon="8.561244">
        <ele>421</ele>
        <time>2024-06-24T03:48:30Z</time>
        <cmt>speed: 0.5</cmt>
      </trkpt>
      <trkpt lat="47.360352" lon="8.56193">
        <ele>468</ele>
        <time>2024-06-24T03:58:30Z</time>
        <cmt>speed: 0.0</cmt>
      </trkpt>
      <trkpt lat="47.360428" lon="8.560876">
        <ele>406</ele>
        <time>2024-06-24T04:18:31Z</time>
        <cmt>speed: 2.1</cmt>
      </trkpt>
      <trkpt lat="47.36002" lon="8.560865">
        <ele>442</ele>
        <time>2024-06-24T04:28:36Z</time>
        <cmt>speed: 0.0</cmt>
      </trkpt>
      <trkpt lat="47.360554" lon="8.562424">
        <ele>443</ele>
        <time>2024-06-24T04:38:31Z</time>
        <cmt>speed: 0.3</cmt>
      </trkpt>
      <trkpt lat="47.359974" lon="8.56367">
        <ele>434</ele>
        <time>2024-06-24T04:41:09Z</time>
      </trkpt>
      <trkpt lat="47.359974" lon="8.56367">
        <ele>434</ele>
        <time>2024-06-24T04:56:09Z</time>
      </trkpt>
      <trkpt lat="47.359867" lon="8.563482">
        <ele>464</ele>
        <time>2024-06-24T05:52:33Z</time>
        <cmt>speed: 1.0</cmt>
      </trkpt>
      <trkpt lat="47.359209" lon="8.561343">
        <ele>439</ele>
        <time>2024-06-24T06:02:26Z</time>
        <cmt>speed: 1.0</cmt>
      </trkpt>
      <trkpt lat="47.358614" lon="8.561056">
        <ele>447</ele>
        <time>2024-06-24T06:12:26Z</time>
        <cmt>speed: 0.6</cmt>
      </trkpt>
      <trkpt lat="47.358253" lon="8.561087">
        <ele>416</ele>
        <time>2024-06-24T06:22:31Z</time>
        <cmt>speed: 0.4</cmt>
      </trkpt>
      <trkpt lat="47.358285" lon="8.56102">
        <ele>420</ele>
        <time>2024-06-24T06:32:29Z</time>
        <cmt>speed: 0.1</cmt>
      </trkpt>
      <trkpt lat="47.358245" lon="8.561035">
        <ele>409</ele>
        <time>2024-06-24T06:42:32Z</time>
        <cmt>speed: 0.0</cmt>
      </trkpt>
      <trkpt lat="47.358245" lon="8.561035">
        <ele>409</ele>
        <time>2024-06-24T06:52:25Z</time>
      </trkpt>
      <trkpt lat="47.358353" lon="8.560652">
        <ele>465</ele>
        <time>2024-06-24T06:52:28Z</time>
        <cmt>speed: 0.4</cmt>
      </trkpt>
      <trkpt lat="47.358196" lon="8.561728">
        <ele>443</ele>
        <time>2024-06-24T07:02:28Z</time>
        <cmt>speed: 0.5</cmt>
      </trkpt>
      <trkpt lat="47.358312" lon="8.563111">
        <ele>461</ele>
        <time>2024-06-24T07:12:27Z</time>
        <cmt>speed: 0.1</cmt>
      </trkpt>
      <trkpt lat="47.358048" lon="8.563621">
        <ele>432</ele>
        <time>2024-06-24T07:22:25Z</time>
        <cmt>speed: 0.6</cmt>
      </trkpt>
      <trkpt lat="47.35802" lon="8.56351">
        <ele>492</ele>
        <time>2024-06-24T07:32:27Z</time>
        <cmt>speed: 0.1</cmt>
      </trkpt>
      <trkpt lat="47.358212" lon="8.564004">
        <ele>453</ele>
        <time>2024-06-24T07:42:28Z</time>
        <cmt>speed: 0.8</cmt>
      </trkpt>
      <trkpt lat="47.358183" lon="8.563133">
        <ele>472</ele>
        <time>2024-06-24T07:52:27Z</time>
        <cmt>speed: 0.3</cmt>
      </trkpt>
      <trkpt lat="47.359054" lon="8.562071">
        <ele>479</ele>
        <time>2024-06-24T08:02:28Z</time>
        <cmt>speed: 1.2</cmt>
      </trkpt>
      <trkpt lat="47.359201" lon="8.561121">
        <ele>494</ele>
        <time>2024-06-24T08:22:46Z</time>
        <cmt>speed: 0.1</cmt>
      </trkpt>
      <trkpt lat="47.359271" lon="8.561058">
        <ele>439</ele>
        <time>2024-06-24T08:32:30Z</time>
        <cmt>speed: 0.4</cmt>
      </trkpt>
      <trkpt lat="47.358915" lon="8.561195">
        <ele>430</ele>
        <time>2024-06-24T08:42:30Z</time>
        <cmt>speed: 0.1</cmt>
      </trkpt>
      <trkpt lat="47.358915" lon="8.561195">
        <ele>430</ele>
        <time>2024-06-24T08:53:08Z</time>
      </trkpt>
      <trkpt lat="47.358766" lon="8.560862">
        <ele>471</ele>
        <time>2024-06-24T08:53:11Z</time>
        <cmt>speed: 1.1</cmt>
      </trkpt>
      <trkpt lat="47.358984" lon="8.561404">
        <ele>421</ele>
        <time>2024-06-24T09:02:37Z</time>
        <cmt>speed: 0.7</cmt>
      </trkpt>
      <trkpt lat="47.358917" lon="8.561182">
        <ele>429</ele>
        <time>2024-06-24T09:33:08Z</time>
        <cmt>speed: 0.0</cmt>
      </trkpt>
      <trkpt lat="47.358917" lon="8.561182">
        <ele>429</ele>
        <time>2024-06-24T09:53:08Z</time>
      </trkpt>
      <trkpt lat="47.359039" lon="8.561176">
        <ele>408</ele>
        <time>2024-06-24T09:53:11Z</time>
        <cmt>speed: 0.0</cmt>
      </trkpt>
      <trkpt lat="47.358982" lon="8.561136">
        <ele>419</ele>
        <time>2024-06-24T10:03:21Z</time>
        <cmt>speed: 0.2</cmt>
      </trkpt>
      <trkpt lat="47.358982" lon="8.561136">
        <ele>419</ele>
        <time>2024-06-24T10:13:32Z</time>
      </trkpt>
      <trkpt lat="47.358564" lon="8.56089">
        <ele>470</ele>
        <time>2024-06-24T10:13:36Z</time>
        <cmt>speed: 0.3</cmt>
      </trkpt>
      <trkpt lat="47.359085" lon="8.561274">
        <ele>445</ele>
        <time>2024-06-24T10:43:37Z</time>
        <cmt>speed: 1.2</cmt>
      </trkpt>
      <trkpt lat="47.359085" lon="8.561274">
        <ele>445</ele>
        <time>2024-06-24T10:52:23Z</time>
      </trkpt>
      <trkpt lat="47.358745" lon="8.561085">
        <ele>425</ele>
        <time>2024-06-24T10:53:32Z</time>
        <cmt>speed: 0.5</cmt>
      </trkpt>
      <trkpt lat="47.359071" lon="8.561157">
        <ele>465</ele>
        <time>2024-06-24T11:03:26Z</time>
        <cmt>speed: 0.7</cmt>
      </trkpt>
      <trkpt lat="47.35892" lon="8.560974">
        <ele>388</ele>
        <time>2024-06-24T11:23:25Z</time>
        <cmt>speed: 0.2</cmt>
      </trkpt>
      <trkpt lat="47.35882" lon="8.561044">
        <ele>429</ele>
        <time>2024-06-24T11:34:12Z</time>
        <cmt>speed: 0.1</cmt>
      </trkpt>
      <trkpt lat="47.358712" lon="8.561114">
        <ele>423</ele>
        <time>2024-06-24T11:43:40Z</time>
        <cmt>speed: 0.2</cmt>
      </trkpt>
      <trkpt lat="47.358712" lon="8.561114">
        <ele>423</ele>
        <time>2024-06-24T11:53:39Z</time>
      </trkpt>
      <trkpt lat="47.358944" lon="8.561233">
        <ele>424</ele>
        <time>2024-06-24T11:53:43Z</time>
        <cmt>speed: 0.2</cmt>
      </trkpt>
      <trkpt lat="47.358754" lon="8.561175">
        <ele>425</ele>
        <time>2024-06-24T12:30:02Z</time>
        <cmt>speed: 1.8</cmt>
      </trkpt>
      <trkpt lat="47.358829" lon="8.561127">
        <ele>439</ele>
        <time>2024-06-24T12:50:01Z</time>
        <cmt>speed: 0.2</cmt>
      </trkpt>
      <trkpt lat="47.358829" lon="8.561127">
        <ele>439</ele>
        <time>2024-06-24T12:59:57Z</time>
      </trkpt>
      <trkpt lat="47.358856" lon="8.561061">
        <ele>434</ele>
        <time>2024-06-24T13:00:01Z</time>
        <cmt>speed: 0.0</cmt>
      </trkpt>
      <trkpt lat="47.358795" lon="8.561057">
        <ele>466</ele>
        <time>2024-06-24T13:30:06Z</time>
        <cmt>speed: 0.0</cmt>
      </trkpt>
      <trkpt lat="47.358795" lon="8.561057">
        <ele>466</ele>
        <time>2024-06-24T13:40:28Z</time>
      </trkpt>
      <trkpt lat="47.358786" lon="8.561026">
        <ele>436</ele>
        <time>2024-06-24T13:40:33Z</time>
        <cmt>speed: 0.9</cmt>
      </trkpt>
      <trkpt lat="47.358739" lon="8.561098">
        <ele>478</ele>
        <time>2024-06-24T14:00:29Z</time>
        <cmt>speed: 0.8</cmt>
      </trkpt>
      <trkpt lat="47.358972" lon="8.561163">
        <ele>415</ele>
        <time>2024-06-24T14:22:28Z</time>
        <cmt>speed: 0.3</cmt>
      </trkpt>
      <trkpt lat="47.358972" lon="8.561163">
        <ele>415</ele>
        <time>2024-06-24T14:32:24Z</time>
      </trkpt>
      <trkpt lat="47.359189" lon="8.561303">
        <ele>408</ele>
        <time>2024-06-24T14:32:28Z</time>
        <cmt>speed: 0.7</cmt>
      </trkpt>
      <trkpt lat="47.358844" lon="8.561145">
        <ele>426</ele>
        <time>2024-06-24T14:42:32Z</time>
        <cmt>speed: 0.1</cmt>
      </trkpt>
      <trkpt lat="47.358844" lon="8.561145">
        <ele>426</ele>
        <time>2024-06-24T14:52:28Z</time>
      </trkpt>
      <trkpt lat="47.358859" lon="8.561019">
        <ele>435</ele>
        <time>2024-06-24T14:52:33Z</time>
        <cmt>speed: 0.1</cmt>
      </trkpt>
      <trkpt lat="47.358833" lon="8.561136">
        <ele>448</ele>
        <time>2024-06-24T15:02:35Z</time>
        <cmt>speed: 0.3</cmt>
      </trkpt>
      <trkpt lat="47.358833" lon="8.561136">
        <ele>448</ele>
        <time>2024-06-24T15:12:28Z</time>
      </trkpt>
      <trkpt lat="47.35891" lon="8.561128">
        <ele>411</ele>
        <time>2024-06-24T15:12:33Z</time>
        <cmt>speed: 0.9</cmt>
      </trkpt>
      <trkpt lat="47.358734" lon="8.561215">
        <ele>441</ele>
        <time>2024-06-24T15:22:27Z</time>
        <cmt>speed: 0.3</cmt>
      </trkpt>
      <trkpt lat="47.358734" lon="8.561215">
        <ele>441</ele>
        <time>2024-06-24T15:32:23Z</time>
      </trkpt>
      <trkpt lat="47.358387" lon="8.561309">
        <ele>457</ele>
        <time>2024-06-24T15:32:28Z</time>
        <cmt>speed: 0.2</cmt>
      </trkpt>
      <trkpt lat="47.358851" lon="8.560828">
        <ele>420</ele>
        <time>2024-06-24T15:42:29Z</time>
        <cmt>speed: 0.7</cmt>
      </trkpt>
      <trkpt lat="47.359967" lon="8.563504">
        <ele>426</ele>
        <time>2024-06-24T16:02:27Z</time>
        <cmt>speed: 0.1</cmt>
      </trkpt>
      <trkpt lat="47.359974" lon="8.56367">
        <ele>434</ele>
        <time>2024-06-24T16:04:48Z</time>
      </trkpt>
      <trkpt lat="47.359974" lon="8.56367">
        <ele>434</ele>
        <time>2024-06-24T16:19:48Z</time>
      </trkpt>
      <trkpt lat="47.359916" lon="8.564028">
        <ele>461</ele>
        <time>2024-06-24T16:25:19Z</time>
        <cmt>speed: 0.9</cmt>
      </trkpt>
      <trkpt lat="47.358463" lon="8.562968">
        <ele>410</ele>
        <time>2024-06-24T16:35:13Z</time>
        <cmt>speed: 0.0</cmt>
      </trkpt>
      <trkpt lat="47.358184" lon="8.563578">
        <ele>481</ele>
        <time>2024-06-24T16:45:12Z</time>
        <cmt>speed: 0.0</cmt>
      </trkpt>
      <trkpt lat="47.358184" lon="8.563578">
        <ele>481</ele>
        <time>2024-06-24T16:45:25Z</time>
      </trkpt>
      <trkpt lat="47.358121" lon="8.563554">
        <ele>434</ele>
        <time>2024-06-24T16:55:11Z</time>
        <cmt>speed: 1.3</cmt>
      </trkpt>
      <trkpt lat="47.3578" lon="8.563858">
        <ele>458</ele>
        <time>2024-06-24T17:05:15Z</time>
        <cmt>speed: 0.0</cmt>
      </trkpt>
      <trkpt lat="47.3578" lon="8.563858">
        <ele>458</ele>
        <time>2024-06-24T17:05:25Z</time>
      </trkpt>
      <trkpt lat="47.357673" lon="8.563984">
        <ele>442</ele>
        <time>2024-06-24T17:15:16Z</time>
        <cmt>speed: 0.0</cmt>
      </trkpt>
      <trkpt lat="47.357583" lon="8.56395">
        <ele>490</ele>
        <time>2024-06-24T17:25:14Z</time>
        <cmt>speed: 0.0</cmt>
      </trkpt>
      <trkpt lat="47.357583" lon="8.56395">
        <ele>490</ele>
        <time>2024-06-24T17:25:25Z</time>
      </trkpt>
      <trkpt lat="47.357761" lon="8.56408">
        <ele>503</ele>
        <time>2024-06-24T17:35:13Z</time>
        <cmt>speed: 0.3</cmt>
      </trkpt>
      <trkpt lat="47.357608" lon="8.561842">
        <ele>451</ele>
        <time>2024-06-24T17:45:19Z</time>
        <cmt>speed: 0.0</cmt>
      </trkpt>
      <trkpt lat="47.357608" lon="8.561842">
        <ele>451</ele>
        <time>2024-06-24T17:45:25Z</time>
      </trkpt>
      <trkpt lat="47.358436" lon="8.562203">
        <ele>369</ele>
        <time>2024-06-24T17:55:15Z</time>
        <cmt>speed: 0.4</cmt>
      </trkpt>
      <trkpt lat="47.358212" lon="8.561835">
        <ele>438</ele>
        <time>2024-06-24T18:05:12Z</time>
        <cmt>speed: 0.2</cmt>
      </trkpt>
      <trkpt lat="47.358212" lon="8.561835">
        <ele>438</ele>
        <time>2024-06-24T18:05:25Z</time>
      </trkpt>
      <trkpt lat="47.358332" lon="8.563204">
        <ele>465</ele>
        <time>2024-06-24T18:15:12Z</time>
        <cmt>speed: 0.0</cmt>
      </trkpt>
      <trkpt lat="47.35827" lon="8.563182">
        <ele>462</ele>
        <time>2024-06-24T18:25:11Z</time>
        <cmt>speed: 0.7</cmt>
      </trkpt>
      <trkpt lat="47.35827" lon="8.563182">
        <ele>462</ele>
        <time>2024-06-24T18:25:25Z</time>
      </trkpt>
      <trkpt lat="47.358039" lon="8.562507">
        <ele>426</ele>
        <time>2024-06-24T18:35:15Z</time>
        <cmt>speed: 0.2</cmt>
      </trkpt>
      <trkpt lat="47.357487" lon="8.561371">
        <ele>447</ele>
        <time>2024-06-24T18:45:14Z</time>
        <cmt>speed: 1.0</cmt>
      </trkpt>
      <trkpt lat="47.358622" lon="8.560299">
        <ele>422</ele>
        <time>2024-06-24T18:55:14Z</time>
        <cmt>speed: 1.0</cmt>
      </trkpt>
      <trkpt lat="47.35834" lon="8.561462">
        <ele>429</ele>
        <time>2024-06-24T19:05:13Z</time>
        <cmt>speed: 1.3</cmt>
      </trkpt>
      <trkpt lat="47.358938" lon="8.561887">
        <ele>439</ele>
        <time>2024-06-24T19:15:14Z</time>
        <cmt>speed: 0.1</cmt>
      </trkpt>
      <trkpt lat="47.358606" lon="8.562188">
        <ele>447</ele>
        <time>2024-06-24T19:25:12Z</time>
        <cmt>speed: 0.8</cmt>
      </trkpt>
      <trkpt lat="47.357708" lon="8.563295">
        <ele>440</ele>
        <time>2024-06-24T19:35:14Z</time>
        <cmt>speed: 0.7</cmt>
      </trkpt>
      <trkpt lat="47.357708" lon="8.563295">
        <ele>440</ele>
        <time>2024-06-24T19:45:07Z</time>
      </trkpt>
      <trkpt lat="47.357483" lon="8.563768">
        <ele>488</ele>
        <time>2024-06-24T19:45:11Z</time>
        <cmt>speed: 0.9</cmt>
      </trkpt>
      <trkpt lat="47.35791" lon="8.563902">
        <ele>483</ele>
        <time>2024-06-24T19:55:14Z</time>
        <cmt>speed: 0.1</cmt>
      </trkpt>
      <trkpt lat="47.35791" lon="8.563902">
        <ele>483</ele>
        <time>2024-06-24T20:05:07Z</time>
      </trkpt>
      <trkpt lat="47.357698" lon="8.56394">
        <ele>457</ele>
        <time>2024-06-24T20:05:12Z</time>
        <cmt>speed: 1.3</cmt>
      </trkpt>
      <trkpt lat="47.357599" lon="8.564139">
        <ele>465</ele>
        <time>2024-06-24T20:15:13Z</time>
        <cmt>speed: 0.0</cmt>
      </trkpt>
      <trkpt lat="47.357599" lon="8.564139">
        <ele>465</ele>
        <time>2024-06-24T20:25:08Z</time>
      </trkpt>
      <trkpt lat="47.35757" lon="8.564188">
        <ele>472</ele>
        <time>2024-06-24T20:25:13Z</time>
        <cmt>speed: 0.6</cmt>
      </trkpt>
      <trkpt lat="47.357696" lon="8.564107">
        <ele>441</ele>
        <time>2024-06-24T20:35:13Z</time>
        <cmt>speed: 0.1</cmt>
      </trkpt>
      <trkpt lat="47.357613" lon="8.56413">
        <ele>461</ele>
        <time>2024-06-24T20:45:13Z</time>
        <cmt>speed: 0.2</cmt>
      </trkpt>
      <trkpt lat="47.359756" lon="8.563963">
        <ele>440</ele>
        <time>2024-06-24T20:55:15Z</time>
        <cmt>speed: 0.2</cmt>
      </trkpt>
      <trkpt lat="47.359959" lon="8.563643">
        <ele>434</ele>
        <time>2024-06-24T20:56:46Z</time>
      </trkpt>
      <trkpt lat="47.359959" lon="8.563643">
        <ele>434</ele>
        <time>2024-06-24T21:11:46Z</time>
      </trkpt>
      <trkpt lat="47.359916" lon="8.563986">
        <ele>435</ele>
        <time>2024-06-25T01:50:35Z</time>
        <cmt>speed: 4.4</cmt>
      </trkpt>
      <trkpt lat="47.358894" lon="8.564282">
        <ele>449</ele>
        <time>2024-06-25T02:00:06Z</time>
        <cmt>speed: 0.6</cmt>
      </trkpt>
      <trkpt lat="47.358847" lon="8.565665">
        <ele>445</ele>
        <time>2024-06-25T02:10:01Z</time>
        <cmt>speed: 0.6</cmt>
      </trkpt>
      <trkpt lat="47.358513" lon="8.565141">
        <ele>419</ele>
        <time>2024-06-25T02:20:03Z</time>
        <cmt>speed: 1.8</cmt>
      </trkpt>
      <trkpt lat="47.358513" lon="8.565141">
        <ele>419</ele>
        <time>2024-06-25T02:29:56Z</time>
      </trkpt>
      <trkpt lat="47.357905" lon="8.56446">
        <ele>446</ele>
        <time>2024-06-25T02:30:03Z</time>
        <cmt>speed: 0.7</cmt>
      </trkpt>
      <trkpt lat="47.357784" lon="8.563655">
        <ele>455</ele>
        <time>2024-06-25T02:40:03Z</time>
        <cmt>speed: 0.3</cmt>
      </trkpt>
      <trkpt lat="47.359352" lon="8.562553">
        <ele>441</ele>
        <time>2024-06-25T02:50:03Z</time>
        <cmt>speed: 0.7</cmt>
      </trkpt>
      <trkpt lat="47.359191" lon="8.559436">
        <ele>443</ele>
        <time>2024-06-25T03:00:04Z</time>
        <cmt>speed: 0.5</cmt>
      </trkpt>
      <trkpt lat="47.358164" lon="8.560809">
        <ele>460</ele>
        <time>2024-06-25T03:10:02Z</time>
        <cmt>speed: 0.2</cmt>
      </trkpt>
      <trkpt lat="47.357787" lon="8.560424">
        <ele>488</ele>
        <time>2024-06-25T03:20:06Z</time>
        <cmt>speed: 0.1</cmt>
      </trkpt>
      <trkpt lat="47.358312" lon="8.561655">
        <ele>439</ele>
        <time>2024-06-25T03:30:02Z</time>
        <cmt>speed: 0.0</cmt>
      </trkpt>
      <trkpt lat="47.357997" lon="8.562845">
        <ele>447</ele>
        <time>2024-06-25T03:40:13Z</time>
        <cmt>speed: 1.2</cmt>
      </trkpt>
      <trkpt lat="47.357199" lon="8.563735">
        <ele>480</ele>
        <time>2024-06-25T03:50:04Z</time>
        <cmt>speed: 0.7</cmt>
      </trkpt>
      <trkpt lat="47.357657" lon="8.561624">
        <ele>461</ele>
        <time>2024-06-25T04:00:16Z</time>
        <cmt>speed: 0.2</cmt>
      </trkpt>
      <trkpt lat="47.359072" lon="8.561005">
        <ele>443</ele>
        <time>2024-06-25T04:10:05Z</time>
        <cmt>speed: 0.0</cmt>
      </trkpt>
      <trkpt lat="47.359655" lon="8.561496">
        <ele>447</ele>
        <time>2024-06-25T04:20:07Z</time>
        <cmt>speed: 0.5</cmt>
      </trkpt>
      <trkpt lat="47.359655" lon="8.561496">
        <ele>447</ele>
        <time>2024-06-25T04:29:55Z</time>
      </trkpt>
      <trkpt lat="47.36015" lon="8.562022">
        <ele>428</ele>
        <time>2024-06-25T04:30:02Z</time>
        <cmt>speed: 0.4</cmt>
      </trkpt>
      <trkpt lat="47.359966" lon="8.563242">
        <ele>444</ele>
        <time>2024-06-25T04:40:25Z</time>
        <cmt>speed: 0.3</cmt>
      </trkpt>
      <trkpt lat="47.358877" lon="8.562615">
        <ele>449</ele>
        <time>2024-06-25T04:50:02Z</time>
        <cmt>speed: 0.4</cmt>
      </trkpt>
      <trkpt lat="47.358187" lon="8.563388">
        <ele>455</ele>
        <time>2024-06-25T05:00:02Z</time>
        <cmt>speed: 0.3</cmt>
      </trkpt>
      <trkpt lat="47.358114" lon="8.563277">
        <ele>441</ele>
        <time>2024-06-25T05:10:02Z</time>
        <cmt>speed: 0.2</cmt>
      </trkpt>
      <trkpt lat="47.358198" lon="8.563408">
        <ele>487</ele>
        <time>2024-06-25T05:20:03Z</time>
        <cmt>speed: 0.5</cmt>
      </trkpt>
      <trkpt lat="47.358198" lon="8.563408">
        <ele>487</ele>
        <time>2024-06-25T05:29:56Z</time>
      </trkpt>
      <trkpt lat="47.35811" lon="8.563789">
        <ele>481</ele>
        <time>2024-06-25T05:30:03Z</time>
        <cmt>speed: 0.1</cmt>
      </trkpt>
      <trkpt lat="47.35826" lon="8.563834">
        <ele>455</ele>
        <time>2024-06-25T05:40:03Z</time>
        <cmt>speed: 0.0</cmt>
      </trkpt>
      <trkpt lat="47.358215" lon="8.563945">
        <ele>459</ele>
        <time>2024-06-25T05:50:01Z</time>
        <cmt>speed: 0.4</cmt>
      </trkpt>
      <trkpt lat="47.357729" lon="8.563646">
        <ele>478</ele>
        <time>2024-06-25T06:00:02Z</time>
        <cmt>speed: 0.4</cmt>
      </trkpt>
      <trkpt lat="47.357729" lon="8.563646">
        <ele>478</ele>
        <time>2024-06-25T06:09:55Z</time>
      </trkpt>
      <trkpt lat="47.357496" lon="8.563836">
        <ele>432</ele>
        <time>2024-06-25T06:10:02Z</time>
        <cmt>speed: 0.0</cmt>
      </trkpt>
      <trkpt lat="47.357642" lon="8.563907">
        <ele>491</ele>
        <time>2024-06-25T06:20:01Z</time>
        <cmt>speed: 1.3</cmt>
      </trkpt>
      <trkpt lat="47.357505" lon="8.563945">
        <ele>479</ele>
        <time>2024-06-25T06:30:02Z</time>
        <cmt>speed: 1.0</cmt>
      </trkpt>
      <trkpt lat="47.357659" lon="8.564429">
        <ele>464</ele>
        <time>2024-06-25T06:40:02Z</time>
        <cmt>speed: 0.4</cmt>
      </trkpt>
      <trkpt lat="47.357385" lon="8.564405">
        <ele>467</ele>
        <time>2024-06-25T06:50:01Z</time>
        <cmt>speed: 1.8</cmt>
      </trkpt>
      <trkpt lat="47.357616" lon="8.564647">
        <ele>417</ele>
        <time>2024-06-25T07:00:03Z</time>
        <cmt>speed: 0.2</cmt>
      </trkpt>
      <trkpt lat="47.357616" lon="8.564647">
        <ele>417</ele>
        <time>2024-06-25T07:09:56Z</time>
      </trkpt>
      <trkpt lat="47.357589" lon="8.564505">
        <ele>446</ele>
        <time>2024-06-25T07:10:03Z</time>
        <cmt>speed: 0.4</cmt>
      </trkpt>
      <trkpt lat="47.357525" lon="8.564301">
        <ele>425</ele>
        <time>2024-06-25T07:20:03Z</time>
        <cmt>speed: 0.3</cmt>
      </trkpt>
      <trkpt lat="47.357498" lon="8.564123">
        <ele>477</ele>
        <time>2024-06-25T07:30:03Z</time>
        <cmt>speed: 0.7</cmt>
      </trkpt>
      <trkpt lat="47.357567" lon="8.56348">
        <ele>490</ele>
        <time>2024-06-25T07:40:04Z</time>
        <cmt>speed: 0.9</cmt>
      </trkpt>
      <trkpt lat="47.357741" lon="8.562886">
        <ele>471</ele>
        <time>2024-06-25T07:50:20Z</time>
        <cmt>speed: 0.3</cmt>
      </trkpt>
      <trkpt lat="47.358025" lon="8.56233">
        <ele>435</ele>
        <time>2024-06-25T08:00:09Z</time>
        <cmt>speed: 0.1</cmt>
      </trkpt>
      <trkpt lat="47.358257" lon="8.562644">
        <ele>434</ele>
        <time>2024-06-25T08:40:04Z</time>
        <cmt>speed: 0.5</cmt>
      </trkpt>
      <trkpt lat="47.359354" lon="8.561127">
        <ele>428</ele>
        <time>2024-06-25T08:50:03Z</time>
        <cmt>speed: 0.3</cmt>
      </trkpt>
      <trkpt lat="47.359412" lon="8.560129">
        <ele>419</ele>
        <time>2024-06-25T09:00:05Z</time>
        <cmt>speed: 0.1</cmt>
      </trkpt>
      <trkpt lat="47.359412" lon="8.560129">
        <ele>419</ele>
        <time>2024-06-25T09:10:03Z</time>
      </trkpt>
      <trkpt lat="47.359228" lon="8.559649">
        <ele>480</ele>
        <time>2024-06-25T09:10:10Z</time>
        <cmt>speed: 0.0</cmt>
      </trkpt>
      <trkpt lat="47.359286" lon="8.559177">
        <ele>423</ele>
        <time>2024-06-25T09:20:05Z</time>
        <cmt>speed: 0.8</cmt>
      </trkpt>
      <trkpt lat="47.358819" lon="8.55941">
        <ele>451</ele>
        <time>2024-06-25T09:30:04Z</time>
        <cmt>speed: 1.7</cmt>
      </trkpt>
      <trkpt lat="47.35775" lon="8.5601">
        <ele>464</ele>
        <time>2024-06-25T09:40:03Z</time>
        <cmt>speed: 0.7</cmt>
      </trkpt>
      <trkpt lat="47.358854" lon="8.560639">
        <ele>433</ele>
        <time>2024-06-25T09:50:03Z</time>
        <cmt>speed: 1.2</cmt>
      </trkpt>
      <trkpt lat="47.358937" lon="8.561041">
        <ele>426</ele>
        <time>2024-06-25T10:00:05Z</time>
        <cmt>speed: 0.1</cmt>
      </trkpt>
      <trkpt lat="47.358342" lon="8.561661">
        <ele>436</ele>
        <time>2024-06-25T10:10:03Z</time>
        <cmt>speed: 0.8</cmt>
      </trkpt>
      <trkpt lat="47.358006" lon="8.56253">
        <ele>442</ele>
        <time>2024-06-25T10:20:09Z</time>
        <cmt>speed: 0.1</cmt>
      </trkpt>
      <trkpt lat="47.358006" lon="8.56253">
        <ele>442</ele>
        <time>2024-06-25T10:30:05Z</time>
      </trkpt>
      <trkpt lat="47.35825" lon="8.562616">
        <ele>439</ele>
        <time>2024-06-25T10:30:13Z</time>
        <cmt>speed: 0.1</cmt>
      </trkpt>
      <trkpt lat="47.35807" lon="8.562441">
        <ele>432</ele>
        <time>2024-06-25T10:40:11Z</time>
        <cmt>speed: 0.1</cmt>
      </trkpt>
      <trkpt lat="47.35807" lon="8.562441">
        <ele>432</ele>
        <time>2024-06-25T10:50:02Z</time>
      </trkpt>
      <trkpt lat="47.358015" lon="8.562432">
        <ele>469</ele>
        <time>2024-06-25T10:50:10Z</time>
        <cmt>speed: 0.2</cmt>
      </trkpt>
      <trkpt lat="47.357996" lon="8.5626">
        <ele>450</ele>
        <time>2024-06-25T11:20:11Z</time>
        <cmt>speed: 0.0</cmt>
      </trkpt>
      <trkpt lat="47.357996" lon="8.5626">
        <ele>450</ele>
        <time>2024-06-25T11:30:39Z</time>
      </trkpt>
      <trkpt lat="47.358152" lon="8.562641">
        <ele>451</ele>
        <time>2024-06-25T11:30:47Z</time>
        <cmt>speed: 0.0</cmt>
      </trkpt>
      <trkpt lat="47.358071" lon="8.56216">
        <ele>453</ele>
        <time>2024-06-25T11:40:06Z</time>
        <cmt>speed: 0.5</cmt>
      </trkpt>
      <trkpt lat="47.357909" lon="8.562404">
        <ele>463</ele>
        <time>2024-06-25T12:23:00Z</time>
        <cmt>speed: 0.7</cmt>
      </trkpt>
      <trkpt lat="47.357909" lon="8.562404">
        <ele>463</ele>
        <time>2024-06-25T12:32:35Z</time>
      </trkpt>
      <trkpt lat="47.35807" lon="8.562606">
        <ele>413</ele>
        <time>2024-06-25T12:32:43Z</time>
        <cmt>speed: 1.4</cmt>
      </trkpt>
      <trkpt lat="47.357856" lon="8.562943">
        <ele>399</ele>
        <time>2024-06-25T12:43:00Z</time>
        <cmt>speed: 0.6</cmt>
      </trkpt>
      <trkpt lat="47.357856" lon="8.562943">
        <ele>399</ele>
        <time>2024-06-25T13:32:30Z</time>
      </trkpt>
      <trkpt lat="47.357994" lon="8.562601">
        <ele>474</ele>
        <time>2024-06-25T13:32:38Z</time>
        <cmt>speed: 0.0</cmt>
      </trkpt>
      <trkpt lat="47.357994" lon="8.562601">
        <ele>474</ele>
        <time>2024-06-25T13:52:31Z</time>
      </trkpt>
      <trkpt lat="47.35793" lon="8.56227">
        <ele>476</ele>
        <time>2024-06-25T13:52:39Z</time>
        <cmt>speed: 0.0</cmt>
      </trkpt>
      <trkpt lat="47.357916" lon="8.562374">
        <ele>486</ele>
        <time>2024-06-25T14:05:03Z</time>
        <cmt>speed: 3.2</cmt>
      </trkpt>
      <trkpt lat="47.357916" lon="8.562374">
        <ele>486</ele>
        <time>2024-06-25T14:14:58Z</time>
      </trkpt>
      <trkpt lat="47.358089" lon="8.562675">
        <ele>447</ele>
        <time>2024-06-25T14:15:06Z</time>
        <cmt>speed: 0.5</cmt>
      </trkpt>
      <trkpt lat="47.357855" lon="8.562439">
        <ele>484</ele>
        <time>2024-06-25T14:25:04Z</time>
        <cmt>speed: 0.5</cmt>
      </trkpt>
      <trkpt lat="47.358023" lon="8.562519">
        <ele>426</ele>
        <time>2024-06-25T14:45:06Z</time>
        <cmt>speed: 0.3</cmt>
      </trkpt>
      <trkpt lat="47.358184" lon="8.5627">
        <ele>441</ele>
        <time>2024-06-25T15:04:59Z</time>
        <cmt>speed: 0.8</cmt>
      </trkpt>
      <trkpt lat="47.358201" lon="8.563727">
        <ele>450</ele>
        <time>2024-06-25T15:15:00Z</time>
        <cmt>speed: 0.2</cmt>
      </trkpt>
      <trkpt lat="47.358172" lon="8.563907">
        <ele>477</ele>
        <time>2024-06-25T15:24:58Z</time>
        <cmt>speed: 0.3</cmt>
      </trkpt>
      <trkpt lat="47.358172" lon="8.563907">
        <ele>477</ele>
        <time>2024-06-25T15:34:55Z</time>
      </trkpt>
      <trkpt lat="47.358099" lon="8.563735">
        <ele>425</ele>
        <time>2024-06-25T15:35:04Z</time>
        <cmt>speed: 0.2</cmt>
      </trkpt>
      <trkpt lat="47.358311" lon="8.563591">
        <ele>478</ele>
        <time>2024-06-25T15:44:58Z</time>
        <cmt>speed: 0.7</cmt>
      </trkpt>
      <trkpt lat="47.357611" lon="8.563849">
        <ele>476</ele>
        <time>2024-06-25T15:54:58Z</time>
        <cmt>speed: 0.4</cmt>
      </trkpt>
      <trkpt lat="47.357936" lon="8.563081">
        <ele>453</ele>
        <time>2024-06-25T16:04:57Z</time>
        <cmt>speed: 1.0</cmt>
      </trkpt>
      <trkpt lat="47.357523" lon="8.5644">
        <ele>458</ele>
        <time>2024-06-25T16:14:57Z</time>
        <cmt>speed: 0.0</cmt>
      </trkpt>
      <trkpt lat="47.357503" lon="8.564197">
        <ele>441</ele>
        <time>2024-06-25T16:24:57Z</time>
        <cmt>speed: 0.9</cmt>
      </trkpt>
      <trkpt lat="47.357467" lon="8.564608">
        <ele>447</ele>
        <time>2024-06-25T16:34:56Z</time>
        <cmt>speed: 0.3</cmt>
      </trkpt>
      <trkpt lat="47.357562" lon="8.564358">
        <ele>491</ele>
        <time>2024-06-25T16:44:57Z</time>
        <cmt>speed: 1.5</cmt>
      </trkpt>
      <trkpt lat="47.357562" lon="8.564358">
        <ele>491</ele>
        <time>2024-06-25T16:54:51Z</time>
      </trkpt>
      <trkpt lat="47.357693" lon="8.564117">
        <ele>456</ele>
        <time>2024-06-25T16:55:00Z</time>
        <cmt>speed: 0.4</cmt>
      </trkpt>
      <trkpt lat="47.357693" lon="8.564117">
        <ele>456</ele>
        <time>2024-06-25T17:14:56Z</time>
      </trkpt>
      <trkpt lat="47.357741" lon="8.562466">
        <ele>474</ele>
        <time>2024-06-25T17:15:05Z</time>
        <cmt>speed: 0.0</cmt>
      </trkpt>
      <trkpt lat="47.357825" lon="8.562685">
        <ele>470</ele>
        <time>2024-06-25T17:24:59Z</time>
        <cmt>speed: 0.7</cmt>
      </trkpt>
      <trkpt lat="47.358661" lon="8.562152">
        <ele>437</ele>
        <time>2024-06-25T17:34:58Z</time>
        <cmt>speed: 0.7</cmt>
      </trkpt>
      <trkpt lat="47.359959" lon="8.563643">
        <ele>434</ele>
        <time>2024-06-25T17:42:27Z</time>
      </trkpt>
      <trkpt lat="47.359959" lon="8.563643">
        <ele>434</ele>
        <time>2024-06-25T17:57:27Z</time>
      </trkpt>
      <trkpt lat="47.359744" lon="8.563855">
        <ele>418</ele>
        <time>2024-06-25T18:48:40Z</time>
        <cmt>speed: 0.2</cmt>
      </trkpt>
      <trkpt lat="47.359135" lon="8.562468">
        <ele>386</ele>
        <time>2024-06-25T18:58:25Z</time>
        <cmt>speed: 0.7</cmt>
      </trkpt>
      <trkpt lat="47.358561" lon="8.563309">
        <ele>433</ele>
        <time>2024-06-25T19:08:25Z</time>
        <cmt>speed: 0.1</cmt>
      </trkpt>
      <trkpt lat="47.358561" lon="8.563309">
        <ele>433</ele>
        <time>2024-06-25T19:08:33Z</time>
      </trkpt>
      <trkpt lat="47.358291" lon="8.563704">
        <ele>440</ele>
        <time>2024-06-25T19:18:25Z</time>
        <cmt>speed: 0.2</cmt>
      </trkpt>
      <trkpt lat="47.357791" lon="8.564276">
        <ele>470</ele>
        <time>2024-06-25T19:28:27Z</time>
        <cmt>speed: 0.0</cmt>
      </trkpt>
      <trkpt lat="47.357698" lon="8.564401">
        <ele>465</ele>
        <time>2024-06-25T19:38:27Z</time>
        <cmt>speed: 0.0</cmt>
      </trkpt>
      <trkpt lat="47.357698" lon="8.564401">
        <ele>465</ele>
        <time>2024-06-25T19:48:18Z</time>
      </trkpt>
      <trkpt lat="47.357739" lon="8.564396">
        <ele>466</ele>
        <time>2024-06-25T19:48:26Z</time>
        <cmt>speed: 0.0</cmt>
      </trkpt>
      <trkpt lat="47.357764" lon="8.56443">
        <ele>435</ele>
        <time>2024-06-25T19:58:26Z</time>
        <cmt>speed: 0.4</cmt>
      </trkpt>
      <trkpt lat="47.357705" lon="8.564439">
        <ele>459</ele>
        <time>2024-06-25T20:08:24Z</time>
        <cmt>speed: 0.4</cmt>
      </trkpt>
      <trkpt lat="47.357576" lon="8.564325">
        <ele>463</ele>
        <time>2024-06-25T20:18:26Z</time>
        <cmt>speed: 0.0</cmt>
      </trkpt>
      <trkpt lat="47.357576" lon="8.564325">
        <ele>463</ele>
        <time>2024-06-25T20:28:18Z</time>
      </trkpt>
      <trkpt lat="47.357683" lon="8.563697">
        <ele>483</ele>
        <time>2024-06-25T20:28:25Z</time>
        <cmt>speed: 0.3</cmt>
      </trkpt>
      <trkpt lat="47.357736" lon="8.562224">
        <ele>456</ele>
        <time>2024-06-25T20:38:31Z</time>
        <cmt>speed: 1.2</cmt>
      </trkpt>
      <trkpt lat="47.357712" lon="8.562013">
        <ele>396</ele>
        <time>2024-06-25T20:48:24Z</time>
        <cmt>speed: 0.5</cmt>
      </trkpt>
      <trkpt lat="47.358162" lon="8.562638">
        <ele>405</ele>
        <time>2024-06-25T20:58:25Z</time>
        <cmt>speed: 0.6</cmt>
      </trkpt>
      <trkpt lat="47.35792" lon="8.56277">
        <ele>405</ele>
        <time>2024-06-25T21:08:27Z</time>
        <cmt>speed: 0.1</cmt>
      </trkpt>
      <trkpt lat="47.359009" lon="8.56132">
        <ele>436</ele>
        <time>2024-06-25T21:18:26Z</time>
        <cmt>speed: 0.7</cmt>
      </trkpt>
      <trkpt lat="47.359009" lon="8.56132">
        <ele>436</ele>
        <time>2024-06-25T21:28:17Z</time>
      </trkpt>
      <trkpt lat="47.359126" lon="8.561027">
        <ele>427</ele>
        <time>2024-06-25T21:28:27Z</time>
        <cmt>speed: 0.1</cmt>
      </trkpt>
      <trkpt lat="47.359202" lon="8.560867">
        <ele>432</ele>
        <time>2024-06-25T21:38:27Z</time>
        <cmt>speed: 1.1</cmt>
      </trkpt>
      <trkpt lat="47.359202" lon="8.560867">
        <ele>432</ele>
        <time>2024-06-25T21:48:18Z</time>
      </trkpt>
      <trkpt lat="47.357866" lon="8.562411">
        <ele>487</ele>
        <time>2024-06-25T21:48:28Z</time>
        <cmt>speed: 0.6</cmt>
      </trkpt>
      <trkpt lat="47.358277" lon="8.562623">
        <ele>446</ele>
        <time>2024-06-25T21:58:26Z</time>
        <cmt>speed: 0.3</cmt>
      </trkpt>
      <trkpt lat="47.357782" lon="8.56223">
        <ele>498</ele>
        <time>2024-06-25T22:08:26Z</time>
        <cmt>speed: 0.6</cmt>
      </trkpt>
      <trkpt lat="47.358108" lon="8.562328">
        <ele>476</ele>
        <time>2024-06-25T22:18:28Z</time>
        <cmt>speed: 0.1</cmt>
      </trkpt>
      <trkpt lat="47.358108" lon="8.562328">
        <ele>476</ele>
        <time>2024-06-25T22:28:27Z</time>
      </trkpt>
      <trkpt lat="47.357919" lon="8.562537">
        <ele>400</ele>
        <time>2024-06-25T22:28:37Z</time>
        <cmt>speed: 0.0</cmt>
      </trkpt>
      <trkpt lat="47.35802" lon="8.562594">
        <ele>399</ele>
        <time>2024-06-25T22:38:33Z</time>
        <cmt>speed: 0.1</cmt>
      </trkpt>
      <trkpt lat="47.358122" lon="8.562262">
        <ele>421</ele>
        <time>2024-06-25T22:48:34Z</time>
        <cmt>speed: 0.2</cmt>
      </trkpt>
      <trkpt lat="47.359787" lon="8.561598">
        <ele>440</ele>
        <time>2024-06-25T23:08:29Z</time>
        <cmt>speed: 0.4</cmt>
      </trkpt>
      <trkpt lat="47.358379" lon="8.560339">
        <ele>443</ele>
        <time>2024-06-25T23:18:30Z</time>
        <cmt>speed: 0.9</cmt>
      </trkpt>
      <trkpt lat="47.357421" lon="8.56193">
        <ele>436</ele>
        <time>2024-06-25T23:28:27Z</time>
        <cmt>speed: 1.0</cmt>
      </trkpt>
      <trkpt lat="47.357961" lon="8.562437">
        <ele>435</ele>
        <time>2024-06-25T23:38:28Z</time>
        <cmt>speed: 0.0</cmt>
      </trkpt>
      <trkpt lat="47.357961" lon="8.562437">
        <ele>435</ele>
        <time>2024-06-25T23:48:28Z</time>
      </trkpt>
      <trkpt lat="47.358093" lon="8.562197">
        <ele>418</ele>
        <time>2024-06-25T23:48:38Z</time>
        <cmt>speed: 0.1</cmt>
      </trkpt>
      <trkpt lat="47.358073" lon="8.562435">
        <ele>418</ele>
        <time>2024-06-25T23:58:28Z</time>
        <cmt>speed: 0.3</cmt>
      </trkpt>
      <trkpt lat="47.358073" lon="8.562435">
        <ele>418</ele>
        <time>2024-06-26T00:08:18Z</time>
      </trkpt>
      <trkpt lat="47.358171" lon="8.562325">
        <ele>425</ele>
        <time>2024-06-26T00:08:28Z</time>
        <cmt>speed: 0.5</cmt>
      </trkpt>
      <trkpt lat="47.358092" lon="8.562346">
        <ele>452</ele>
        <time>2024-06-26T00:18:31Z</time>
        <cmt>speed: 0.0</cmt>
      </trkpt>
      <trkpt lat="47.358092" lon="8.562346">
        <ele>452</ele>
        <time>2024-06-26T00:28:17Z</time>
      </trkpt>
      <trkpt lat="47.358182" lon="8.562219">
        <ele>407</ele>
        <time>2024-06-26T00:28:27Z</time>
        <cmt>speed: 0.2</cmt>
      </trkpt>
      <trkpt lat="47.358862" lon="8.561524">
        <ele>450</ele>
        <time>2024-06-26T00:38:28Z</time>
        <cmt>speed: 0.2</cmt>
      </trkpt>
      <trkpt lat="47.358271" lon="8.561504">
        <ele>439</ele>
        <time>2024-06-26T00:48:28Z</time>
        <cmt>speed: 0.8</cmt>
      </trkpt>
      <trkpt lat="47.357935" lon="8.561982">
        <ele>440</ele>
        <time>2024-06-26T00:58:27Z</time>
        <cmt>speed: 0.2</cmt>
      </trkpt>
      <trkpt lat="47.358076" lon="8.562578">
        <ele>427</ele>
        <time>2024-06-26T01:08:29Z</time>
        <cmt>speed: 0.2</cmt>
      </trkpt>
      <trkpt lat="47.357876" lon="8.562706">
        <ele>439</ele>
        <time>2024-06-26T01:18:28Z</time>
        <cmt>speed: 0.0</cmt>
      </trkpt>
      <trkpt lat="47.357922" lon="8.562731">
        <ele>413</ele>
        <time>2024-06-26T01:38:38Z</time>
        <cmt>speed: 0.3</cmt>
      </trkpt>
      <trkpt lat="47.357922" lon="8.562731">
        <ele>413</ele>
        <time>2024-06-26T01:48:21Z</time>
      </trkpt>
      <trkpt lat="47.358065" lon="8.562591">
        <ele>439</ele>
        <time>2024-06-26T01:48:31Z</time>
        <cmt>speed: 0.2</cmt>
      </trkpt>
      <trkpt lat="47.358128" lon="8.562286">
        <ele>456</ele>
        <time>2024-06-26T01:58:31Z</time>
        <cmt>speed: 0.4</cmt>
      </trkpt>
      <trkpt lat="47.358042" lon="8.562584">
        <ele>475</ele>
        <time>2024-06-26T02:08:30Z</time>
        <cmt>speed: 0.4</cmt>
      </trkpt>
      <trkpt lat="47.358195" lon="8.562531">
        <ele>421</ele>
        <time>2024-06-26T02:18:29Z</time>
        <cmt>speed: 0.2</cmt>
      </trkpt>
      <trkpt lat="47.358037" lon="8.562751">
        <ele>447</ele>
        <time>2024-06-26T02:28:31Z</time>
        <cmt>speed: 0.2</cmt>
      </trkpt>
      <trkpt lat="47.35771" lon="8.56245">
        <ele>417</ele>
        <time>2024-06-26T02:38:39Z</time>
        <cmt>speed: 0.3</cmt>
      </trkpt>
      <trkpt lat="47.358019" lon="8.563027">
        <ele>473</ele>
        <time>2024-06-26T02:58:26Z</time>
        <cmt>speed: 0.2</cmt>
      </trkpt>
      <trkpt lat="47.357883" lon="8.562431">
        <ele>458</ele>
        <time>2024-06-26T03:08:27Z</time>
        <cmt>speed: 1.1</cmt>
      </trkpt>
      <trkpt lat="47.358572" lon="8.561054">
        <ele>442</ele>
        <time>2024-06-26T03:18:27Z</time>
        <cmt>speed: 0.3</cmt>
      </trkpt>
      <trkpt lat="47.358943" lon="8.561921">
        <ele>440</ele>
        <time>2024-06-26T03:28:36Z</time>
        <cmt>speed: 1.4</cmt>
      </trkpt>
      <trkpt lat="47.358289" lon="8.562912">
        <ele>470</ele>
        <time>2024-06-26T03:38:28Z</time>
        <cmt>speed: 2.4</cmt>
      </trkpt>
      <trkpt lat="47.357611" lon="8.564215">
        <ele>426</ele>
        <time>2024-06-26T03:48:26Z</time>
        <cmt>speed: 0.6</cmt>
      </trkpt>
      <trkpt lat="47.357548" lon="8.564483">
        <ele>442</ele>
        <time>2024-06-26T03:58:27Z</time>
        <cmt>speed: 0.3</cmt>
      </trkpt>
      <trkpt lat="47.357548" lon="8.564483">
        <ele>442</ele>
        <time>2024-06-26T04:08:25Z</time>
      </trkpt>
      <trkpt lat="47.357638" lon="8.564469">
        <ele>459</ele>
        <time>2024-06-26T04:08:26Z</time>
        <cmt>speed: 0.3</cmt>
      </trkpt>
      <trkpt lat="47.357417" lon="8.564575">
        <ele>468</ele>
        <time>2024-06-26T04:18:26Z</time>
        <cmt>speed: 0.0</cmt>
      </trkpt>
      <trkpt lat="47.357735" lon="8.564496">
        <ele>480</ele>
        <time>2024-06-26T04:28:30Z</time>
        <cmt>speed: 0.9</cmt>
      </trkpt>
      <trkpt lat="47.357528" lon="8.564207">
        <ele>461</ele>
        <time>2024-06-26T04:38:26Z</time>
        <cmt>speed: 0.4</cmt>
      </trkpt>
      <trkpt lat="47.357528" lon="8.564207">
        <ele>461</ele>
        <time>2024-06-26T04:48:28Z</time>
      </trkpt>
      <trkpt lat="47.357422" lon="8.564115">
        <ele>473</ele>
        <time>2024-06-26T04:48:29Z</time>
        <cmt>speed: 0.0</cmt>
      </trkpt>
      <trkpt lat="47.357606" lon="8.563896">
        <ele>463</ele>
        <time>2024-06-26T04:58:26Z</time>
        <cmt>speed: 0.5</cmt>
      </trkpt>
      <trkpt lat="47.357606" lon="8.563896">
        <ele>463</ele>
        <time>2024-06-26T05:08:26Z</time>
      </trkpt>
      <trkpt lat="47.35767" lon="8.563783">
        <ele>465</ele>
        <time>2024-06-26T05:08:27Z</time>
        <cmt>speed: 0.6</cmt>
      </trkpt>
      <trkpt lat="47.357733" lon="8.563807">
        <ele>459</ele>
        <time>2024-06-26T05:18:27Z</time>
        <cmt>speed: 0.3</cmt>
      </trkpt>
      <trkpt lat="47.357572" lon="8.563804">
        <ele>467</ele>
        <time>2024-06-26T05:28:26Z</time>
        <cmt>speed: 0.0</cmt>
      </trkpt>
      <trkpt lat="47.357451" lon="8.563839">
        <ele>453</ele>
        <time>2024-06-26T05:38:28Z</time>
        <cmt>speed: 1.0</cmt>
      </trkpt>
      <trkpt lat="47.357451" lon="8.563839">
        <ele>453</ele>
        <time>2024-06-26T05:48:40Z</time>
      </trkpt>
      <trkpt lat="47.357801" lon="8.563024">
        <ele>494</ele>
        <time>2024-06-26T05:48:41Z</time>
        <cmt>speed: 0.0</cmt>
      </trkpt>
      <trkpt lat="47.358175" lon="8.562666">
        <ele>442</ele>
        <time>2024-06-26T05:58:28Z</time>
        <cmt>speed: 1.0</cmt>
      </trkpt>
      <trkpt lat="47.358099" lon="8.561968">
        <ele>486</ele>
        <time>2024-06-26T06:08:29Z</time>
        <cmt>speed: 0.9</cmt>
      </trkpt>
      <trkpt lat="47.358275" lon="8.562101">
        <ele>420</ele>
        <time>2024-06-26T06:19:12Z</time>
        <cmt>speed: 0.7</cmt>
      </trkpt>
      <trkpt lat="47.358275" lon="8.562101">
        <ele>420</ele>
        <time>2024-06-26T06:28:25Z</time>
      </trkpt>
      <trkpt lat="47.358245" lon="8.562496">
        <ele>402</ele>
        <time>2024-06-26T06:33:28Z</time>
        <cmt>speed: 2.7</cmt>
      </trkpt>
      <trkpt lat="47.358213" lon="8.562118">
        <ele>430</ele>
        <time>2024-06-26T07:17:34Z</time>
        <cmt>speed: 0.7</cmt>
      </trkpt>
      <trkpt lat="47.358081" lon="8.562007">
        <ele>424</ele>
        <time>2024-06-26T08:41:23Z</time>
        <cmt>speed: 0.1</cmt>
      </trkpt>
      <trkpt lat="47.358081" lon="8.562007">
        <ele>424</ele>
        <time>2024-06-26T08:48:25Z</time>
      </trkpt>
      <trkpt lat="47.358098" lon="8.562127">
        <ele>442</ele>
        <time>2024-06-26T08:52:03Z</time>
        <cmt>speed: 0.2</cmt>
      </trkpt>
      <trkpt lat="47.358323" lon="8.562053">
        <ele>449</ele>
        <time>2024-06-26T09:53:39Z</time>
        <cmt>speed: 0.0</cmt>
      </trkpt>
      <trkpt lat="47.358138" lon="8.562057">
        <ele>428</ele>
        <time>2024-06-26T10:13:35Z</time>
        <cmt>speed: 0.4</cmt>
      </trkpt>
      <trkpt lat="47.358138" lon="8.562057">
        <ele>428</ele>
        <time>2024-06-26T10:28:25Z</time>
      </trkpt>
      <trkpt lat="47.357991" lon="8.561925">
        <ele>467</ele>
        <time>2024-06-26T10:28:47Z</time>
        <cmt>speed: 0.0</cmt>
      </trkpt>
      <trkpt lat="47.35818" lon="8.561981">
        <ele>463</ele>
        <time>2024-06-26T10:38:42Z</time>
        <cmt>speed: 1.0</cmt>
      </trkpt>
      <trkpt lat="47.357885" lon="8.562247">
        <ele>432</ele>
        <time>2024-06-26T10:48:40Z</time>
        <cmt>speed: 0.0</cmt>
      </trkpt>
      <trkpt lat="47.358244" lon="8.562726">
        <ele>454</ele>
        <time>2024-06-26T10:58:38Z</time>
        <cmt>speed: 0.7</cmt>
      </trkpt>
      <trkpt lat="47.358244" lon="8.562726">
        <ele>454</ele>
        <time>2024-06-26T11:08:36Z</time>
      </trkpt>
      <trkpt lat="47.358193" lon="8.563463">
        <ele>451</ele>
        <time>2024-06-26T11:08:38Z</time>
        <cmt>speed: 0.3</cmt>
      </trkpt>
      <trkpt lat="47.358073" lon="8.564333">
        <ele>459</ele>
        <time>2024-06-26T11:18:37Z</time>
        <cmt>speed: 0.3</cmt>
      </trkpt>
      <trkpt lat="47.357745" lon="8.564008">
        <ele>473</ele>
        <time>2024-06-26T11:28:37Z</time>
        <cmt>speed: 0.1</cmt>
      </trkpt>
      <trkpt lat="47.357688" lon="8.564266">
        <ele>443</ele>
        <time>2024-06-26T11:38:38Z</time>
        <cmt>speed: 0.0</cmt>
      </trkpt>
      <trkpt lat="47.357407" lon="8.564161">
        <ele>462</ele>
        <time>2024-06-26T11:48:38Z</time>
        <cmt>speed: 0.2</cmt>
      </trkpt>
      <trkpt lat="47.357606" lon="8.564402">
        <ele>495</ele>
        <time>2024-06-26T11:58:37Z</time>
        <cmt>speed: 0.2</cmt>
      </trkpt>
      <trkpt lat="47.357605" lon="8.564523">
        <ele>471</ele>
        <time>2024-06-26T12:08:38Z</time>
        <cmt>speed: 1.1</cmt>
      </trkpt>
      <trkpt lat="47.35759" lon="8.564046">
        <ele>479</ele>
        <time>2024-06-26T12:18:39Z</time>
        <cmt>speed: 0.2</cmt>
      </trkpt>
      <trkpt lat="47.357378" lon="8.563392">
        <ele>419</ele>
        <time>2024-06-26T12:28:40Z</time>
        <cmt>speed: 0.7</cmt>
      </trkpt>
      <trkpt lat="47.357596" lon="8.562593">
        <ele>394</ele>
        <time>2024-06-26T12:39:07Z</time>
        <cmt>speed: 0.9</cmt>
      </trkpt>
      <trkpt lat="47.357752" lon="8.562648">
        <ele>473</ele>
        <time>2024-06-26T12:49:14Z</time>
        <cmt>speed: 0.1</cmt>
      </trkpt>
      <trkpt lat="47.357752" lon="8.562648">
        <ele>473</ele>
        <time>2024-06-26T13:29:06Z</time>
      </trkpt>
      <trkpt lat="47.357902" lon="8.562706">
        <ele>464</ele>
        <time>2024-06-26T13:29:08Z</time>
        <cmt>speed: 1.2</cmt>
      </trkpt>
      <trkpt lat="47.357866" lon="8.562897">
        <ele>409</ele>
        <time>2024-06-26T13:49:08Z</time>
        <cmt>speed: 0.7</cmt>
      </trkpt>
      <trkpt lat="47.358007" lon="8.562821">
        <ele>459</ele>
        <time>2024-06-26T14:09:30Z</time>
        <cmt>speed: 0.7</cmt>
      </trkpt>
      <trkpt lat="47.357803" lon="8.562793">
        <ele>434</ele>
        <time>2024-06-26T14:19:11Z</time>
        <cmt>speed: 1.5</cmt>
      </trkpt>
      <trkpt lat="47.357911" lon="8.562665">
        <ele>412</ele>
        <time>2024-06-26T14:39:07Z</time>
        <cmt>speed: 0.0</cmt>
      </trkpt>
      <trkpt lat="47.357782" lon="8.562801">
        <ele>444</ele>
        <time>2024-06-26T14:49:11Z</time>
        <cmt>speed: 4.4</cmt>
      </trkpt>
      <trkpt lat="47.357819" lon="8.562527">
        <ele>415</ele>
        <time>2024-06-26T14:59:03Z</time>
        <cmt>speed: 0.3</cmt>
      </trkpt>
      <trkpt lat="47.358062" lon="8.562483">
        <ele>468</ele>
        <time>2024-06-26T15:09:11Z</time>
        <cmt>speed: 0.5</cmt>
      </trkpt>
      <trkpt lat="47.35796" lon="8.562451">
        <ele>448</ele>
        <time>2024-06-26T15:19:17Z</time>
        <cmt>speed: 1.3</cmt>
      </trkpt>
      <trkpt lat="47.35796" lon="8.562451">
        <ele>448</ele>
        <time>2024-06-26T15:29:03Z</time>
      </trkpt>
      <trkpt lat="47.358219" lon="8.562707">
        <ele>425</ele>
        <time>2024-06-26T15:29:06Z</time>
        <cmt>speed: 0.6</cmt>
      </trkpt>
      <trkpt lat="47.358059" lon="8.56267">
        <ele>440</ele>
        <time>2024-06-26T15:39:16Z</time>
        <cmt>speed: 0.2</cmt>
      </trkpt>
      <trkpt lat="47.358059" lon="8.56267">
        <ele>440</ele>
        <time>2024-06-26T15:49:09Z</time>
      </trkpt>
      <trkpt lat="47.358075" lon="8.562619">
        <ele>433</ele>
        <time>2024-06-26T15:49:11Z</time>
        <cmt>speed: 0.1</cmt>
      </trkpt>
      <trkpt lat="47.358098" lon="8.562641">
        <ele>472</ele>
        <time>2024-06-26T15:59:22Z</time>
        <cmt>speed: 0.3</cmt>
      </trkpt>
      <trkpt lat="47.358098" lon="8.562641">
        <ele>472</ele>
        <time>2024-06-26T16:09:11Z</time>
      </trkpt>
      <trkpt lat="47.357935" lon="8.562208">
        <ele>446</ele>
        <time>2024-06-26T16:09:14Z</time>
        <cmt>speed: 0.3</cmt>
      </trkpt>
      <trkpt lat="47.357796" lon="8.562982">
        <ele>420</ele>
        <time>2024-06-26T16:19:20Z</time>
        <cmt>speed: 0.2</cmt>
      </trkpt>
      <trkpt lat="47.357796" lon="8.562982">
        <ele>420</ele>
        <time>2024-06-26T16:29:09Z</time>
      </trkpt>
      <trkpt lat="47.357899" lon="8.562393">
        <ele>436</ele>
        <time>2024-06-26T16:29:12Z</time>
        <cmt>speed: 0.7</cmt>
      </trkpt>
      <trkpt lat="47.358127" lon="8.562466">
        <ele>408</ele>
        <time>2024-06-26T16:39:08Z</time>
        <cmt>speed: 0.2</cmt>
      </trkpt>
      <trkpt lat="47.357805" lon="8.562308">
        <ele>485</ele>
        <time>2024-06-26T16:59:13Z</time>
        <cmt>speed: 0.6</cmt>
      </trkpt>
      <trkpt lat="47.357805" lon="8.562308">
        <ele>485</ele>
        <time>2024-06-26T17:09:21Z</time>
      </trkpt>
      <trkpt lat="47.358112" lon="8.562764">
        <ele>462</ele>
        <time>2024-06-26T17:09:24Z</time>
        <cmt>speed: 0.4</cmt>
      </trkpt>
      <trkpt lat="47.358229" lon="8.56271">
        <ele>449</ele>
        <time>2024-06-26T17:19:03Z</time>
        <cmt>speed: 0.3</cmt>
      </trkpt>
      <trkpt lat="47.358229" lon="8.56271">
        <ele>449</ele>
        <time>2024-06-26T17:29:01Z</time>
      </trkpt>
      <trkpt lat="47.35785" lon="8.562779">
        <ele>416</ele>
        <time>2024-06-26T17:29:04Z</time>
        <cmt>speed: 0.6</cmt>
      </trkpt>
      <trkpt lat="47.358839" lon="8.561962">
        <ele>444</ele>
        <time>2024-06-26T17:39:10Z</time>
        <cmt>speed: 0.2</cmt>
      </trkpt>
      <trkpt lat="47.358341" lon="8.563153">
        <ele>412</ele>
        <time>2024-06-26T17:49:03Z</time>
        <cmt>speed: 0.4</cmt>
      </trkpt>
      <trkpt lat="47.358227" lon="8.563605">
        <ele>438</ele>
        <time>2024-06-26T17:59:03Z</time>
        <cmt>speed: 0.1</cmt>
      </trkpt>
      <trkpt lat="47.357572" lon="8.564172">
        <ele>453</ele>
        <time>2024-06-26T18:09:03Z</time>
        <cmt>speed: 1.4</cmt>
      </trkpt>
      <trkpt lat="47.357558" lon="8.564623">
        <ele>465</ele>
        <time>2024-06-26T18:19:03Z</time>
        <cmt>speed: 0.3</cmt>
      </trkpt>
      <trkpt lat="47.357499" lon="8.564559">
        <ele>480</ele>
        <time>2024-06-26T18:23:40Z</time>
        <cmt>speed: 0.1</cmt>
      </trkpt>
      <trkpt lat="47.357456" lon="8.564536">
        <ele>476</ele>
        <time>2024-06-26T18:23:44Z</time>
        <cmt>speed: 0.0</cmt>
      </trkpt>
      <trkpt lat="47.357456" lon="8.564536">
        <ele>476</ele>
        <time>2024-06-26T18:23:48Z</time>
        <cmt>speed: 0.0</cmt>
      </trkpt>
      <trkpt lat="47.357456" lon="8.564536">
        <ele>476</ele>
        <time>2024-06-26T18:23:52Z</time>
        <cmt>speed: 0.0</cmt>
      </trkpt>
      <trkpt lat="47.357456" lon="8.564536">
        <ele>476</ele>
        <time>2024-06-26T18:23:56Z</time>
        <cmt>speed: 0.0</cmt>
      </trkpt>
      <trkpt lat="47.357389" lon="8.564509">
        <ele>450</ele>
        <time>2024-06-26T18:29:04Z</time>
        <cmt>speed: 0.0</cmt>
      </trkpt>
      <trkpt lat="47.357436" lon="8.564582">
        <ele>440</ele>
        <time>2024-06-26T18:34:34Z</time>
        <cmt>speed: 0.3</cmt>
      </trkpt>
      <trkpt lat="47.35741" lon="8.564451">
        <ele>460</ele>
        <time>2024-06-26T18:34:38Z</time>
        <cmt>speed: 0.0</cmt>
      </trkpt>
      <trkpt lat="47.35741" lon="8.564451">
        <ele>460</ele>
        <time>2024-06-26T18:34:42Z</time>
        <cmt>speed: 0.0</cmt>
      </trkpt>
      <trkpt lat="47.35741" lon="8.564451">
        <ele>460</ele>
        <time>2024-06-26T18:34:46Z</time>
        <cmt>speed: 0.0</cmt>
      </trkpt>
      <trkpt lat="47.357404" lon="8.564553">
        <ele>467</ele>
        <time>2024-06-26T18:39:03Z</time>
        <cmt>speed: 0.9</cmt>
      </trkpt>
      <trkpt lat="47.359689" lon="8.562026">
        <ele>437</ele>
        <time>2024-06-26T18:49:05Z</time>
        <cmt>speed: 3.5</cmt>
      </trkpt>
      <trkpt lat="47.359959" lon="8.563643">
        <ele>434</ele>
        <time>2024-06-26T18:55:06Z</time>
      </trkpt>
      <trkpt lat="47.359959" lon="8.563643">
        <ele>434</ele>
        <time>2024-06-26T18:55:28Z</time>
      </trkpt>
      <trkpt lat="47.359959" lon="8.563643">
        <ele>434</ele>
        <time>2024-06-26T19:05:28Z</time>
      </trkpt>
      <trkpt lat="47.359959" lon="8.563643">
        <ele>434</ele>
        <time>2024-06-26T19:15:28Z</time>
      </trkpt>
      <trkpt lat="47.359959" lon="8.563643">
        <ele>434</ele>
        <time>2024-06-26T19:25:28Z</time>
      </trkpt>
      <trkpt lat="47.359959" lon="8.563643">
        <ele>434</ele>
        <time>2024-06-26T19:35:28Z</time>
      </trkpt>
      <trkpt lat="47.359959" lon="8.563643">
        <ele>434</ele>
        <time>2024-06-26T19:45:28Z</time>
      </trkpt>
      <trkpt lat="47.359959" lon="8.563643">
        <ele>434</ele>
        <time>2024-06-26T19:55:28Z</time>
      </trkpt>
      <trkpt lat="47.359959" lon="8.563643">
        <ele>434</ele>
        <time>2024-06-26T20:05:28Z</time>
      </trkpt>
      <trkpt lat="47.359959" lon="8.563643">
        <ele>434</ele>
        <time>2024-06-26T20:06:57Z</time>
      </trkpt>
      <trkpt lat="47.359959" lon="8.563643">
        <ele>434</ele>
        <time>2024-06-26T23:01:59Z</time>
      </trkpt>
      <trkpt lat="47.359959" lon="8.563643">
        <ele>434</ele>
        <time>2024-06-26T23:14:26Z</time>
      </trkpt>
      <trkpt lat="47.359959" lon="8.563643">
        <ele>434</ele>
        <time>2024-06-26T23:29:26Z</time>
      </trkpt>
      <trkpt lat="47.359623" lon="8.563692">
        <ele>435</ele>
        <time>2024-06-27T01:30:12Z</time>
        <cmt>speed: 0.6</cmt>
      </trkpt>
      <trkpt lat="47.359014" lon="8.56149">
        <ele>447</ele>
        <time>2024-06-27T01:39:53Z</time>
        <cmt>speed: 0.6</cmt>
      </trkpt>
      <trkpt lat="47.358756" lon="8.562066">
        <ele>440</ele>
        <time>2024-06-27T01:49:50Z</time>
        <cmt>speed: 0.2</cmt>
      </trkpt>
      <trkpt lat="47.358756" lon="8.562066">
        <ele>440</ele>
        <time>2024-06-27T01:50:02Z</time>
      </trkpt>
      <trkpt lat="47.357549" lon="8.561982">
        <ele>495</ele>
        <time>2024-06-27T01:59:52Z</time>
        <cmt>speed: 0.0</cmt>
      </trkpt>
      <trkpt lat="47.357763" lon="8.562369">
        <ele>457</ele>
        <time>2024-06-27T02:09:54Z</time>
        <cmt>speed: 0.4</cmt>
      </trkpt>
      <trkpt lat="47.357967" lon="8.562595">
        <ele>449</ele>
        <time>2024-06-27T02:19:52Z</time>
        <cmt>speed: 0.4</cmt>
      </trkpt>
      <trkpt lat="47.357967" lon="8.562595">
        <ele>449</ele>
        <time>2024-06-27T02:29:54Z</time>
      </trkpt>
      <trkpt lat="47.357726" lon="8.56234">
        <ele>413</ele>
        <time>2024-06-27T02:29:58Z</time>
        <cmt>speed: 0.0</cmt>
      </trkpt>
      <trkpt lat="47.357641" lon="8.562654">
        <ele>502</ele>
        <time>2024-06-27T02:39:51Z</time>
        <cmt>speed: 0.4</cmt>
      </trkpt>
      <trkpt lat="47.357609" lon="8.56238">
        <ele>428</ele>
        <time>2024-06-27T02:49:51Z</time>
        <cmt>speed: 0.1</cmt>
      </trkpt>
      <trkpt lat="47.358049" lon="8.561114">
        <ele>432</ele>
        <time>2024-06-27T02:59:52Z</time>
        <cmt>speed: 0.3</cmt>
      </trkpt>
      <trkpt lat="47.358629" lon="8.560353">
        <ele>391</ele>
        <time>2024-06-27T03:09:53Z</time>
        <cmt>speed: 1.5</cmt>
      </trkpt>
      <trkpt lat="47.358545" lon="8.562118">
        <ele>432</ele>
        <time>2024-06-27T03:19:50Z</time>
        <cmt>speed: 0.4</cmt>
      </trkpt>
      <trkpt lat="47.358545" lon="8.562118">
        <ele>432</ele>
        <time>2024-06-27T03:29:48Z</time>
      </trkpt>
      <trkpt lat="47.358133" lon="8.562579">
        <ele>464</ele>
        <time>2024-06-27T03:29:51Z</time>
        <cmt>speed: 0.3</cmt>
      </trkpt>
      <trkpt lat="47.357792" lon="8.562925">
        <ele>443</ele>
        <time>2024-06-27T03:39:54Z</time>
        <cmt>speed: 0.2</cmt>
      </trkpt>
      <trkpt lat="47.357792" lon="8.562925">
        <ele>443</ele>
        <time>2024-06-27T03:49:48Z</time>
      </trkpt>
      <trkpt lat="47.357844" lon="8.563002">
        <ele>453</ele>
        <time>2024-06-27T03:49:52Z</time>
        <cmt>speed: 0.2</cmt>
      </trkpt>
      <trkpt lat="47.357745" lon="8.563397">
        <ele>437</ele>
        <time>2024-06-27T03:59:50Z</time>
        <cmt>speed: 0.1</cmt>
      </trkpt>
      <trkpt lat="47.357751" lon="8.564015">
        <ele>452</ele>
        <time>2024-06-27T04:09:50Z</time>
        <cmt>speed: 0.1</cmt>
      </trkpt>
      <trkpt lat="47.357737" lon="8.564194">
        <ele>452</ele>
        <time>2024-06-27T04:19:55Z</time>
        <cmt>speed: 0.2</cmt>
      </trkpt>
      <trkpt lat="47.357737" lon="8.564194">
        <ele>452</ele>
        <time>2024-06-27T04:29:54Z</time>
      </trkpt>
      <trkpt lat="47.357826" lon="8.564213">
        <ele>451</ele>
        <time>2024-06-27T04:29:59Z</time>
        <cmt>speed: 0.2</cmt>
      </trkpt>
      <trkpt lat="47.357532" lon="8.56415">
        <ele>491</ele>
        <time>2024-06-27T04:40:06Z</time>
        <cmt>speed: 0.5</cmt>
      </trkpt>
      <trkpt lat="47.357532" lon="8.56415">
        <ele>491</ele>
        <time>2024-06-27T04:49:46Z</time>
      </trkpt>
      <trkpt lat="47.357723" lon="8.564347">
        <ele>459</ele>
        <time>2024-06-27T04:49:51Z</time>
        <cmt>speed: 1.1</cmt>
      </trkpt>
      <trkpt lat="47.357672" lon="8.564275">
        <ele>465</ele>
        <time>2024-06-27T04:59:51Z</time>
        <cmt>speed: 1.2</cmt>
      </trkpt>
      <trkpt lat="47.357672" lon="8.564275">
        <ele>465</ele>
        <time>2024-06-27T05:09:47Z</time>
      </trkpt>
      <trkpt lat="47.357529" lon="8.564364">
        <ele>491</ele>
        <time>2024-06-27T05:09:52Z</time>
        <cmt>speed: 0.0</cmt>
      </trkpt>
      <trkpt lat="47.3575" lon="8.564516">
        <ele>481</ele>
        <time>2024-06-27T05:19:50Z</time>
        <cmt>speed: 0.0</cmt>
      </trkpt>
      <trkpt lat="47.3575" lon="8.564516">
        <ele>481</ele>
        <time>2024-06-27T05:29:46Z</time>
      </trkpt>
      <trkpt lat="47.357427" lon="8.564572">
        <ele>450</ele>
        <time>2024-06-27T05:29:50Z</time>
        <cmt>speed: 0.2</cmt>
      </trkpt>
      <trkpt lat="47.35757" lon="8.564554">
        <ele>455</ele>
        <time>2024-06-27T05:39:51Z</time>
        <cmt>speed: 0.3</cmt>
      </trkpt>
      <trkpt lat="47.357545" lon="8.564537">
        <ele>458</ele>
        <time>2024-06-27T05:49:50Z</time>
        <cmt>speed: 0.1</cmt>
      </trkpt>
      <trkpt lat="47.357548" lon="8.564552">
        <ele>466</ele>
        <time>2024-06-27T05:59:51Z</time>
        <cmt>speed: 0.4</cmt>
      </trkpt>
      <trkpt lat="47.357738" lon="8.564302">
        <ele>457</ele>
        <time>2024-06-27T06:09:51Z</time>
        <cmt>speed: 0.1</cmt>
      </trkpt>
      <trkpt lat="47.357644" lon="8.563932">
        <ele>465</ele>
        <time>2024-06-27T06:19:50Z</time>
        <cmt>speed: 0.0</cmt>
      </trkpt>
      <trkpt lat="47.359959" lon="8.563643">
        <ele>434</ele>
        <time>2024-06-27T06:31:34Z</time>
      </trkpt>
      <trkpt lat="47.359959" lon="8.563643">
        <ele>434</ele>
        <time>2024-06-27T06:46:34Z</time>
      </trkpt>
      <trkpt lat="47.359959" lon="8.563643">
        <ele>434</ele>
        <time>2024-06-27T07:25:42Z</time>
      </trkpt>
      <trkpt lat="47.359424" lon="8.561236">
        <ele>428</ele>
        <time>2024-06-27T07:36:01Z</time>
        <cmt>speed: 2.1</cmt>
      </trkpt>
      <trkpt lat="47.359083" lon="8.560578">
        <ele>478</ele>
        <time>2024-06-27T07:46:06Z</time>
        <cmt>speed: 0.1</cmt>
      </trkpt>
      <trkpt lat="47.358346" lon="8.56115">
        <ele>432</ele>
        <time>2024-06-27T07:55:54Z</time>
        <cmt>speed: 0.2</cmt>
      </trkpt>
      <trkpt lat="47.358004" lon="8.562462">
        <ele>439</ele>
        <time>2024-06-27T08:05:52Z</time>
        <cmt>speed: 0.3</cmt>
      </trkpt>
      <trkpt lat="47.358004" lon="8.562462">
        <ele>439</ele>
        <time>2024-06-27T08:35:52Z</time>
      </trkpt>
      <trkpt lat="47.358128" lon="8.562562">
        <ele>398</ele>
        <time>2024-06-27T08:35:58Z</time>
        <cmt>speed: 0.3</cmt>
      </trkpt>
      <trkpt lat="47.358204" lon="8.562449">
        <ele>407</ele>
        <time>2024-06-27T08:45:58Z</time>
        <cmt>speed: 0.1</cmt>
      </trkpt>
      <trkpt lat="47.358204" lon="8.562449">
        <ele>407</ele>
        <time>2024-06-27T08:55:49Z</time>
      </trkpt>
      <trkpt lat="47.358238" lon="8.562738">
        <ele>442</ele>
        <time>2024-06-27T08:56:21Z</time>
        <cmt>speed: 0.3</cmt>
      </trkpt>
      <trkpt lat="47.35811" lon="8.562379">
        <ele>437</ele>
        <time>2024-06-27T09:06:50Z</time>
        <cmt>speed: 0.7</cmt>
      </trkpt>
      <trkpt lat="47.35811" lon="8.562379">
        <ele>437</ele>
        <time>2024-06-27T09:16:18Z</time>
      </trkpt>
      <trkpt lat="47.35811" lon="8.562519">
        <ele>448</ele>
        <time>2024-06-27T09:16:23Z</time>
        <cmt>speed: 0.4</cmt>
      </trkpt>
      <trkpt lat="47.358007" lon="8.562391">
        <ele>468</ele>
        <time>2024-06-27T09:26:23Z</time>
        <cmt>speed: 0.1</cmt>
      </trkpt>
      <trkpt lat="47.358007" lon="8.562391">
        <ele>468</ele>
        <time>2024-06-27T09:36:17Z</time>
      </trkpt>
      <trkpt lat="47.358052" lon="8.562795">
        <ele>417</ele>
        <time>2024-06-27T09:36:23Z</time>
        <cmt>speed: 2.1</cmt>
      </trkpt>
      <trkpt lat="47.35803" lon="8.562621">
        <ele>445</ele>
        <time>2024-06-27T09:47:28Z</time>
        <cmt>speed: 0.1</cmt>
      </trkpt>
      <trkpt lat="47.35803" lon="8.562621">
        <ele>445</ele>
        <time>2024-06-27T09:57:41Z</time>
      </trkpt>
      <trkpt lat="47.358179" lon="8.56285">
        <ele>410</ele>
        <time>2024-06-27T09:57:46Z</time>
        <cmt>speed: 0.8</cmt>
      </trkpt>
      <trkpt lat="47.358088" lon="8.562723">
        <ele>434</ele>
        <time>2024-06-27T10:08:07Z</time>
        <cmt>speed: 2.1</cmt>
      </trkpt>
      <trkpt lat="47.358088" lon="8.562723">
        <ele>434</ele>
        <time>2024-06-27T10:15:49Z</time>
      </trkpt>
      <trkpt lat="47.358134" lon="8.562596">
        <ele>413</ele>
        <time>2024-06-27T10:18:09Z</time>
        <cmt>speed: 0.6</cmt>
      </trkpt>
      <trkpt lat="47.358134" lon="8.562596">
        <ele>413</ele>
        <time>2024-06-27T11:03:07Z</time>
      </trkpt>
      <trkpt lat="47.357977" lon="8.562444">
        <ele>462</ele>
        <time>2024-06-27T11:03:12Z</time>
        <cmt>speed: 0.2</cmt>
      </trkpt>
      <trkpt lat="47.358123" lon="8.56258">
        <ele>435</ele>
        <time>2024-06-27T12:56:05Z</time>
        <cmt>speed: 0.2</cmt>
      </trkpt>
      <trkpt lat="47.358041" lon="8.562564">
        <ele>457</ele>
        <time>2024-06-27T13:05:57Z</time>
        <cmt>speed: 0.1</cmt>
      </trkpt>
      <trkpt lat="47.358194" lon="8.562738">
        <ele>459</ele>
        <time>2024-06-27T13:16:01Z</time>
        <cmt>speed: 0.4</cmt>
      </trkpt>
      <trkpt lat="47.358194" lon="8.562738">
        <ele>459</ele>
        <time>2024-06-27T13:16:34Z</time>
      </trkpt>
      <trkpt lat="47.35803" lon="8.562683">
        <ele>435</ele>
        <time>2024-06-27T13:36:24Z</time>
        <cmt>speed: 1.0</cmt>
      </trkpt>
      <trkpt lat="47.358139" lon="8.562579">
        <ele>463</ele>
        <time>2024-06-27T13:56:09Z</time>
        <cmt>speed: 0.0</cmt>
      </trkpt>
      <trkpt lat="47.358001" lon="8.56256">
        <ele>464</ele>
        <time>2024-06-27T14:06:01Z</time>
        <cmt>speed: 0.2</cmt>
      </trkpt>
      <trkpt lat="47.358079" lon="8.562629">
        <ele>445</ele>
        <time>2024-06-27T14:15:53Z</time>
        <cmt>speed: 0.4</cmt>
      </trkpt>
      <trkpt lat="47.358226" lon="8.562787">
        <ele>462</ele>
        <time>2024-06-27T14:26:05Z</time>
        <cmt>speed: 1.4</cmt>
      </trkpt>
      <trkpt lat="47.358226" lon="8.562787">
        <ele>462</ele>
        <time>2024-06-27T14:35:47Z</time>
      </trkpt>
      <trkpt lat="47.358097" lon="8.562935">
        <ele>447</ele>
        <time>2024-06-27T14:35:53Z</time>
        <cmt>speed: 0.3</cmt>
      </trkpt>
      <trkpt lat="47.357594" lon="8.564069">
        <ele>445</ele>
        <time>2024-06-27T14:45:53Z</time>
        <cmt>speed: 0.1</cmt>
      </trkpt>
      <trkpt lat="47.357594" lon="8.564069">
        <ele>445</ele>
        <time>2024-06-27T14:55:48Z</time>
      </trkpt>
      <trkpt lat="47.357387" lon="8.564206">
        <ele>456</ele>
        <time>2024-06-27T14:55:54Z</time>
        <cmt>speed: 0.0</cmt>
      </trkpt>
      <trkpt lat="47.357542" lon="8.564235">
        <ele>459</ele>
        <time>2024-06-27T15:05:54Z</time>
        <cmt>speed: 0.1</cmt>
      </trkpt>
      <trkpt lat="47.357597" lon="8.564111">
        <ele>449</ele>
        <time>2024-06-27T15:15:53Z</time>
        <cmt>speed: 1.1</cmt>
      </trkpt>
      <trkpt lat="47.357473" lon="8.564047">
        <ele>436</ele>
        <time>2024-06-27T15:25:52Z</time>
        <cmt>speed: 0.3</cmt>
      </trkpt>
      <trkpt lat="47.357777" lon="8.564221">
        <ele>464</ele>
        <time>2024-06-27T15:35:54Z</time>
        <cmt>speed: 0.0</cmt>
      </trkpt>
      <trkpt lat="47.357862" lon="8.563979">
        <ele>465</ele>
        <time>2024-06-27T15:45:53Z</time>
        <cmt>speed: 1.3</cmt>
      </trkpt>
      <trkpt lat="47.357538" lon="8.564278">
        <ele>460</ele>
        <time>2024-06-27T15:55:53Z</time>
        <cmt>speed: 0.0</cmt>
      </trkpt>
      <trkpt lat="47.357481" lon="8.564504">
        <ele>459</ele>
        <time>2024-06-27T16:05:52Z</time>
        <cmt>speed: 0.2</cmt>
      </trkpt>
      <trkpt lat="47.357481" lon="8.564504">
        <ele>459</ele>
        <time>2024-06-27T16:15:47Z</time>
      </trkpt>
      <trkpt lat="47.357381" lon="8.564316">
        <ele>469</ele>
        <time>2024-06-27T16:15:54Z</time>
        <cmt>speed: 0.1</cmt>
      </trkpt>
      <trkpt lat="47.357434" lon="8.564277">
        <ele>462</ele>
        <time>2024-06-27T16:25:53Z</time>
        <cmt>speed: 0.4</cmt>
      </trkpt>
      <trkpt lat="47.357434" lon="8.564277">
        <ele>462</ele>
        <time>2024-06-27T16:35:47Z</time>
      </trkpt>
      <trkpt lat="47.357558" lon="8.564597">
        <ele>460</ele>
        <time>2024-06-27T16:35:54Z</time>
        <cmt>speed: 0.8</cmt>
      </trkpt>
      <trkpt lat="47.356726" lon="8.564126">
        <ele>477</ele>
        <time>2024-06-27T16:45:53Z</time>
        <cmt>speed: 1.7</cmt>
      </trkpt>
      <trkpt lat="47.357144" lon="8.563487">
        <ele>459</ele>
        <time>2024-06-27T16:55:58Z</time>
        <cmt>speed: 0.0</cmt>
      </trkpt>
      <trkpt lat="47.358098" lon="8.562904">
        <ele>484</ele>
        <time>2024-06-27T17:05:53Z</time>
        <cmt>speed: 0.3</cmt>
      </trkpt>
      <trkpt lat="47.358098" lon="8.562904">
        <ele>484</ele>
        <time>2024-06-27T17:16:20Z</time>
      </trkpt>
      <trkpt lat="47.358423" lon="8.562477">
        <ele>415</ele>
        <time>2024-06-27T17:16:27Z</time>
        <cmt>speed: 0.2</cmt>
      </trkpt>
      <trkpt lat="47.358099" lon="8.562583">
        <ele>407</ele>
        <time>2024-06-27T17:42:44Z</time>
        <cmt>speed: 0.3</cmt>
      </trkpt>
      <trkpt lat="47.358143" lon="8.56288">
        <ele>447</ele>
        <time>2024-06-27T17:52:22Z</time>
        <cmt>speed: 2.0</cmt>
      </trkpt>
      <trkpt lat="47.357724" lon="8.564151">
        <ele>454</ele>
        <time>2024-06-27T18:02:21Z</time>
        <cmt>speed: 0.0</cmt>
      </trkpt>
      <trkpt lat="47.357567" lon="8.56427">
        <ele>463</ele>
        <time>2024-06-27T18:12:21Z</time>
        <cmt>speed: 2.4</cmt>
      </trkpt>
      <trkpt lat="47.357567" lon="8.56427">
        <ele>463</ele>
        <time>2024-06-27T18:22:19Z</time>
      </trkpt>
      <trkpt lat="47.357495" lon="8.56431">
        <ele>448</ele>
        <time>2024-06-27T18:22:26Z</time>
        <cmt>speed: 0.5</cmt>
      </trkpt>
      <trkpt lat="47.357464" lon="8.564416">
        <ele>481</ele>
        <time>2024-06-27T18:32:22Z</time>
        <cmt>speed: 0.4</cmt>
      </trkpt>
      <trkpt lat="47.357361" lon="8.56429">
        <ele>463</ele>
        <time>2024-06-27T18:42:21Z</time>
        <cmt>speed: 0.1</cmt>
      </trkpt>
      <trkpt lat="47.356987" lon="8.564722">
        <ele>466</ele>
        <time>2024-06-27T18:52:23Z</time>
        <cmt>speed: 0.1</cmt>
      </trkpt>
      <trkpt lat="47.356987" lon="8.564722">
        <ele>466</ele>
        <time>2024-06-27T19:02:14Z</time>
      </trkpt>
      <trkpt lat="47.357186" lon="8.56471">
        <ele>460</ele>
        <time>2024-06-27T19:02:21Z</time>
        <cmt>speed: 0.0</cmt>
      </trkpt>
      <trkpt lat="47.357165" lon="8.563763">
        <ele>513</ele>
        <time>2024-06-27T19:12:21Z</time>
        <cmt>speed: 0.1</cmt>
      </trkpt>
      <trkpt lat="47.357995" lon="8.562183">
        <ele>452</ele>
        <time>2024-06-27T19:22:25Z</time>
        <cmt>speed: 0.0</cmt>
      </trkpt>
      <trkpt lat="47.358239" lon="8.560529">
        <ele>462</ele>
        <time>2024-06-27T19:32:23Z</time>
        <cmt>speed: 0.5</cmt>
      </trkpt>
      <trkpt lat="47.358811" lon="8.560958">
        <ele>451</ele>
        <time>2024-06-27T19:42:23Z</time>
        <cmt>speed: 0.7</cmt>
      </trkpt>
      <trkpt lat="47.358412" lon="8.562271">
        <ele>464</ele>
        <time>2024-06-27T19:52:22Z</time>
        <cmt>speed: 0.1</cmt>
      </trkpt>
      <trkpt lat="47.358412" lon="8.562271">
        <ele>464</ele>
        <time>2024-06-27T20:02:13Z</time>
      </trkpt>
      <trkpt lat="47.358625" lon="8.562374">
        <ele>448</ele>
        <time>2024-06-27T20:02:20Z</time>
        <cmt>speed: 0.2</cmt>
      </trkpt>
      <trkpt lat="47.358404" lon="8.562693">
        <ele>459</ele>
        <time>2024-06-27T20:12:20Z</time>
        <cmt>speed: 0.1</cmt>
      </trkpt>
      <trkpt lat="47.358623" lon="8.563203">
        <ele>449</ele>
        <time>2024-06-27T20:22:22Z</time>
        <cmt>speed: 3.0</cmt>
      </trkpt>
      <trkpt lat="47.35867" lon="8.56452">
        <ele>413</ele>
        <time>2024-06-27T20:32:22Z</time>
        <cmt>speed: 0.2</cmt>
      </trkpt>
      <trkpt lat="47.35839" lon="8.564889">
        <ele>433</ele>
        <time>2024-06-27T20:42:21Z</time>
        <cmt>speed: 0.7</cmt>
      </trkpt>
      <trkpt lat="47.358945" lon="8.566189">
        <ele>452</ele>
        <time>2024-06-27T20:52:22Z</time>
        <cmt>speed: 0.7</cmt>
      </trkpt>
      <trkpt lat="47.358945" lon="8.566189">
        <ele>452</ele>
        <time>2024-06-27T21:02:16Z</time>
      </trkpt>
      <trkpt lat="47.358656" lon="8.566867">
        <ele>442</ele>
        <time>2024-06-27T21:02:23Z</time>
        <cmt>speed: 0.1</cmt>
      </trkpt>
      <trkpt lat="47.358326" lon="8.566519">
        <ele>411</ele>
        <time>2024-06-27T21:12:24Z</time>
        <cmt>speed: 1.0</cmt>
      </trkpt>
      <trkpt lat="47.359112" lon="8.562883">
        <ele>458</ele>
        <time>2024-06-27T21:22:22Z</time>
        <cmt>speed: 1.0</cmt>
      </trkpt>
      <trkpt lat="47.358708" lon="8.562907">
        <ele>481</ele>
        <time>2024-06-27T21:32:21Z</time>
        <cmt>speed: 1.3</cmt>
      </trkpt>
      <trkpt lat="47.358708" lon="8.562907">
        <ele>481</ele>
        <time>2024-06-27T21:42:15Z</time>
      </trkpt>
      <trkpt lat="47.35874" lon="8.562841">
        <ele>451</ele>
        <time>2024-06-27T21:42:22Z</time>
        <cmt>speed: 1.0</cmt>
      </trkpt>
      <trkpt lat="47.358984" lon="8.562536">
        <ele>449</ele>
        <time>2024-06-27T21:56:01Z</time>
        <cmt>speed: 0.0</cmt>
      </trkpt>
      <trkpt lat="47.358614" lon="8.562838">
        <ele>444</ele>
        <time>2024-06-27T22:05:59Z</time>
        <cmt>speed: 0.2</cmt>
      </trkpt>
      <trkpt lat="47.358614" lon="8.562838">
        <ele>444</ele>
        <time>2024-06-27T22:15:52Z</time>
      </trkpt>
      <trkpt lat="47.358704" lon="8.56285">
        <ele>449</ele>
        <time>2024-06-27T22:16:00Z</time>
        <cmt>speed: 0.2</cmt>
      </trkpt>
      <trkpt lat="47.358758" lon="8.562801">
        <ele>442</ele>
        <time>2024-06-27T22:25:59Z</time>
        <cmt>speed: 0.9</cmt>
      </trkpt>
      <trkpt lat="47.358664" lon="8.562677">
        <ele>445</ele>
        <time>2024-06-27T22:35:59Z</time>
        <cmt>speed: 0.3</cmt>
      </trkpt>
      <trkpt lat="47.357915" lon="8.562728">
        <ele>473</ele>
        <time>2024-06-27T22:46:01Z</time>
        <cmt>speed: 0.7</cmt>
      </trkpt>
      <trkpt lat="47.358033" lon="8.562787">
        <ele>479</ele>
        <time>2024-06-27T22:56:01Z</time>
        <cmt>speed: 0.0</cmt>
      </trkpt>
      <trkpt lat="47.357974" lon="8.562807">
        <ele>418</ele>
        <time>2024-06-27T23:06:43Z</time>
        <cmt>speed: 0.4</cmt>
      </trkpt>
      <trkpt lat="47.358063" lon="8.562878">
        <ele>413</ele>
        <time>2024-06-27T23:15:36Z</time>
        <cmt>speed: 0.4</cmt>
      </trkpt>
      <trkpt lat="47.358036" lon="8.562808">
        <ele>408</ele>
        <time>2024-06-27T23:15:40Z</time>
        <cmt>speed: 0.0</cmt>
      </trkpt>
      <trkpt lat="47.358036" lon="8.562808">
        <ele>408</ele>
        <time>2024-06-27T23:15:44Z</time>
        <cmt>speed: 0.0</cmt>
      </trkpt>
      <trkpt lat="47.358214" lon="8.562846">
        <ele>418</ele>
        <time>2024-06-27T23:16:03Z</time>
        <cmt>speed: 0.1</cmt>
      </trkpt>
      <trkpt lat="47.357995" lon="8.562566">
        <ele>486</ele>
        <time>2024-06-27T23:26:05Z</time>
        <cmt>speed: 0.1</cmt>
      </trkpt>
      <trkpt lat="47.357995" lon="8.562566">
        <ele>486</ele>
        <time>2024-06-27T23:36:01Z</time>
      </trkpt>
      <trkpt lat="47.358174" lon="8.56294">
        <ele>389</ele>
        <time>2024-06-27T23:36:09Z</time>
        <cmt>speed: 0.2</cmt>
      </trkpt>
      <trkpt lat="47.3581" lon="8.562854">
        <ele>452</ele>
        <time>2024-06-27T23:46:12Z</time>
        <cmt>speed: 1.4</cmt>
      </trkpt>
      <trkpt lat="47.3581" lon="8.562854">
        <ele>452</ele>
        <time>2024-06-27T23:55:54Z</time>
      </trkpt>
      <trkpt lat="47.358278" lon="8.562922">
        <ele>455</ele>
        <time>2024-06-27T23:56:02Z</time>
        <cmt>speed: 1.2</cmt>
      </trkpt>
      <trkpt lat="47.358278" lon="8.562922">
        <ele>455</ele>
        <time>2024-06-28T00:15:57Z</time>
      </trkpt>
      <trkpt lat="47.357762" lon="8.562301">
        <ele>489</ele>
        <time>2024-06-28T00:16:05Z</time>
        <cmt>speed: 0.3</cmt>
      </trkpt>
      <trkpt lat="47.357853" lon="8.562778">
        <ele>414</ele>
        <time>2024-06-28T00:26:04Z</time>
        <cmt>speed: 0.1</cmt>
      </trkpt>
      <trkpt lat="47.357496" lon="8.561714">
        <ele>409</ele>
        <time>2024-06-28T00:36:04Z</time>
        <cmt>speed: 1.7</cmt>
      </trkpt>
      <trkpt lat="47.357822" lon="8.562369">
        <ele>438</ele>
        <time>2024-06-28T00:46:02Z</time>
        <cmt>speed: 3.1</cmt>
      </trkpt>
      <trkpt lat="47.357822" lon="8.562369">
        <ele>438</ele>
        <time>2024-06-28T00:56:00Z</time>
      </trkpt>
      <trkpt lat="47.3577" lon="8.562945">
        <ele>429</ele>
        <time>2024-06-28T00:56:08Z</time>
        <cmt>speed: 0.2</cmt>
      </trkpt>
      <trkpt lat="47.357605" lon="8.56336">
        <ele>450</ele>
        <time>2024-06-28T01:06:04Z</time>
        <cmt>speed: 0.9</cmt>
      </trkpt>
      <trkpt lat="47.356999" lon="8.563636">
        <ele>456</ele>
        <time>2024-06-28T01:16:01Z</time>
        <cmt>speed: 0.9</cmt>
      </trkpt>
      <trkpt lat="47.357548" lon="8.564146">
        <ele>479</ele>
        <time>2024-06-28T01:26:01Z</time>
        <cmt>speed: 0.6</cmt>
      </trkpt>
      <trkpt lat="47.357891" lon="8.564145">
        <ele>438</ele>
        <time>2024-06-28T01:36:00Z</time>
        <cmt>speed: 0.4</cmt>
      </trkpt>
      <trkpt lat="47.357683" lon="8.563671">
        <ele>473</ele>
        <time>2024-06-28T01:46:02Z</time>
        <cmt>speed: 1.4</cmt>
      </trkpt>
      <trkpt lat="47.357985" lon="8.562825">
        <ele>445</ele>
        <time>2024-06-28T01:56:05Z</time>
        <cmt>speed: 0.1</cmt>
      </trkpt>
      <trkpt lat="47.357992" lon="8.561539">
        <ele>477</ele>
        <time>2024-06-28T02:06:01Z</time>
        <cmt>speed: 0.7</cmt>
      </trkpt>
      <trkpt lat="47.357551" lon="8.562009">
        <ele>440</ele>
        <time>2024-06-28T02:16:05Z</time>
        <cmt>speed: 0.3</cmt>
      </trkpt>
      <trkpt lat="47.359167" lon="8.561147">
        <ele>467</ele>
        <time>2024-06-28T02:26:02Z</time>
        <cmt>speed: 2.1</cmt>
      </trkpt>
      <trkpt lat="47.360148" lon="8.560892">
        <ele>432</ele>
        <time>2024-06-28T02:36:03Z</time>
        <cmt>speed: 0.2</cmt>
      </trkpt>
      <trkpt lat="47.358939" lon="8.562754">
        <ele>438</ele>
        <time>2024-06-28T02:45:59Z</time>
        <cmt>speed: 0.6</cmt>
      </trkpt>
      <trkpt lat="47.358405" lon="8.563827">
        <ele>473</ele>
        <time>2024-06-28T02:56:00Z</time>
        <cmt>speed: 0.7</cmt>
      </trkpt>
      <trkpt lat="47.3584" lon="8.564536">
        <ele>452</ele>
        <time>2024-06-28T03:06:01Z</time>
        <cmt>speed: 0.2</cmt>
      </trkpt>
      <trkpt lat="47.357746" lon="8.564396">
        <ele>455</ele>
        <time>2024-06-28T03:16:00Z</time>
        <cmt>speed: 1.2</cmt>
      </trkpt>
      <trkpt lat="47.35764" lon="8.564124">
        <ele>470</ele>
        <time>2024-06-28T03:25:59Z</time>
        <cmt>speed: 1.0</cmt>
      </trkpt>
      <trkpt lat="47.35764" lon="8.564124">
        <ele>470</ele>
        <time>2024-06-28T03:35:53Z</time>
      </trkpt>
      <trkpt lat="47.35793" lon="8.564174">
        <ele>448</ele>
        <time>2024-06-28T03:36:01Z</time>
        <cmt>speed: 0.4</cmt>
      </trkpt>
      <trkpt lat="47.358057" lon="8.564246">
        <ele>462</ele>
        <time>2024-06-28T03:46:00Z</time>
        <cmt>speed: 0.2</cmt>
      </trkpt>
      <trkpt lat="47.358057" lon="8.564246">
        <ele>462</ele>
        <time>2024-06-28T03:55:53Z</time>
      </trkpt>
      <trkpt lat="47.357988" lon="8.564188">
        <ele>474</ele>
        <time>2024-06-28T03:56:01Z</time>
        <cmt>speed: 0.3</cmt>
      </trkpt>
      <trkpt lat="47.358044" lon="8.56415">
        <ele>463</ele>
        <time>2024-06-28T04:05:59Z</time>
        <cmt>speed: 0.2</cmt>
      </trkpt>
      <trkpt lat="47.358082" lon="8.56422">
        <ele>462</ele>
        <time>2024-06-28T04:16:02Z</time>
        <cmt>speed: 0.1</cmt>
      </trkpt>
      <trkpt lat="47.358147" lon="8.564327">
        <ele>472</ele>
        <time>2024-06-28T04:26:02Z</time>
        <cmt>speed: 1.6</cmt>
      </trkpt>
      <trkpt lat="47.358147" lon="8.564327">
        <ele>472</ele>
        <time>2024-06-28T04:35:53Z</time>
      </trkpt>
      <trkpt lat="47.358054" lon="8.564258">
        <ele>459</ele>
        <time>2024-06-28T04:36:01Z</time>
        <cmt>speed: 1.0</cmt>
      </trkpt>
      <trkpt lat="47.358028" lon="8.564078">
        <ele>462</ele>
        <time>2024-06-28T04:46:02Z</time>
        <cmt>speed: 0.5</cmt>
      </trkpt>
      <trkpt lat="47.358028" lon="8.564078">
        <ele>462</ele>
        <time>2024-06-28T04:55:11Z</time>
      </trkpt>
      <trkpt lat="47.35802" lon="8.564124">
        <ele>427</ele>
        <time>2024-06-28T04:56:54Z</time>
        <cmt>speed: 0.1</cmt>
      </trkpt>
      <trkpt lat="47.358135" lon="8.564089">
        <ele>466</ele>
        <time>2024-06-28T06:06:59Z</time>
        <cmt>speed: 0.0</cmt>
      </trkpt>
      <trkpt lat="47.358135" lon="8.564089">
        <ele>466</ele>
        <time>2024-06-28T06:16:45Z</time>
      </trkpt>
      <trkpt lat="47.358175" lon="8.563989">
        <ele>456</ele>
        <time>2024-06-28T06:16:54Z</time>
        <cmt>speed: 0.6</cmt>
      </trkpt>
      <trkpt lat="47.358164" lon="8.564258">
        <ele>442</ele>
        <time>2024-06-28T06:26:54Z</time>
        <cmt>speed: 0.1</cmt>
      </trkpt>
      <trkpt lat="47.357324" lon="8.564366">
        <ele>444</ele>
        <time>2024-06-28T06:36:54Z</time>
        <cmt>speed: 0.4</cmt>
      </trkpt>
      <trkpt lat="47.357474" lon="8.5641">
        <ele>454</ele>
        <time>2024-06-28T06:46:53Z</time>
        <cmt>speed: 0.3</cmt>
      </trkpt>
      <trkpt lat="47.357474" lon="8.5641">
        <ele>454</ele>
        <time>2024-06-28T06:56:45Z</time>
      </trkpt>
      <trkpt lat="47.357557" lon="8.564383">
        <ele>464</ele>
        <time>2024-06-28T06:56:53Z</time>
        <cmt>speed: 0.2</cmt>
      </trkpt>
      <trkpt lat="47.357621" lon="8.564231">
        <ele>486</ele>
        <time>2024-06-28T07:06:53Z</time>
        <cmt>speed: 0.4</cmt>
      </trkpt>
      <trkpt lat="47.357621" lon="8.564231">
        <ele>486</ele>
        <time>2024-06-28T07:16:44Z</time>
      </trkpt>
      <trkpt lat="47.357887" lon="8.563666">
        <ele>399</ele>
        <time>2024-06-28T07:16:53Z</time>
        <cmt>speed: 0.8</cmt>
      </trkpt>
      <trkpt lat="47.35819" lon="8.56257">
        <ele>416</ele>
        <time>2024-06-28T07:27:03Z</time>
        <cmt>speed: 0.1</cmt>
      </trkpt>
      <trkpt lat="47.358404" lon="8.560801">
        <ele>391</ele>
        <time>2024-06-28T07:46:56Z</time>
        <cmt>speed: 0.1</cmt>
      </trkpt>
      <trkpt lat="47.358543" lon="8.561248">
        <ele>466</ele>
        <time>2024-06-28T07:57:33Z</time>
        <cmt>speed: 1.3</cmt>
      </trkpt>
      <trkpt lat="47.358404" lon="8.561151">
        <ele>441</ele>
        <time>2024-06-28T08:17:21Z</time>
        <cmt>speed: 0.0</cmt>
      </trkpt>
      <trkpt lat="47.358731" lon="8.561072">
        <ele>445</ele>
        <time>2024-06-28T08:37:15Z</time>
        <cmt>speed: 0.1</cmt>
      </trkpt>
      <trkpt lat="47.358425" lon="8.56086">
        <ele>457</ele>
        <time>2024-06-28T08:46:55Z</time>
        <cmt>speed: 0.2</cmt>
      </trkpt>
      <trkpt lat="47.358425" lon="8.56086">
        <ele>457</ele>
        <time>2024-06-28T08:55:11Z</time>
      </trkpt>
      <trkpt lat="47.358271" lon="8.560819">
        <ele>411</ele>
        <time>2024-06-28T08:56:54Z</time>
        <cmt>speed: 0.0</cmt>
      </trkpt>
      <trkpt lat="47.358549" lon="8.561047">
        <ele>431</ele>
        <time>2024-06-28T09:06:56Z</time>
        <cmt>speed: 0.0</cmt>
      </trkpt>
      <trkpt lat="47.358521" lon="8.561099">
        <ele>418</ele>
        <time>2024-06-28T09:16:56Z</time>
        <cmt>speed: 0.1</cmt>
      </trkpt>
      <trkpt lat="47.358605" lon="8.561261">
        <ele>417</ele>
        <time>2024-06-28T09:26:56Z</time>
        <cmt>speed: 0.0</cmt>
      </trkpt>
      <trkpt lat="47.358605" lon="8.561261">
        <ele>417</ele>
        <time>2024-06-28T09:36:45Z</time>
      </trkpt>
      <trkpt lat="47.358414" lon="8.560957">
        <ele>457</ele>
        <time>2024-06-28T09:36:54Z</time>
        <cmt>speed: 0.0</cmt>
      </trkpt>
      <trkpt lat="47.358266" lon="8.560989">
        <ele>455</ele>
        <time>2024-06-28T09:46:55Z</time>
        <cmt>speed: 0.3</cmt>
      </trkpt>
      <trkpt lat="47.358266" lon="8.560989">
        <ele>455</ele>
        <time>2024-06-28T09:56:56Z</time>
      </trkpt>
      <trkpt lat="47.358467" lon="8.561446">
        <ele>474</ele>
        <time>2024-06-28T09:57:05Z</time>
        <cmt>speed: 0.3</cmt>
      </trkpt>
      <trkpt lat="47.358515" lon="8.560917">
        <ele>491</ele>
        <time>2024-06-28T10:06:54Z</time>
        <cmt>speed: 0.4</cmt>
      </trkpt>
      <trkpt lat="47.358511" lon="8.561141">
        <ele>418</ele>
        <time>2024-06-28T10:26:54Z</time>
        <cmt>speed: 0.0</cmt>
      </trkpt>
      <trkpt lat="47.358511" lon="8.561141">
        <ele>418</ele>
        <time>2024-06-28T10:36:45Z</time>
      </trkpt>
      <trkpt lat="47.358453" lon="8.560969">
        <ele>423</ele>
        <time>2024-06-28T10:36:54Z</time>
        <cmt>speed: 1.2</cmt>
      </trkpt>
      <trkpt lat="47.358543" lon="8.561074">
        <ele>433</ele>
        <time>2024-06-28T10:46:59Z</time>
        <cmt>speed: 0.0</cmt>
      </trkpt>
      <trkpt lat="47.35836" lon="8.561056">
        <ele>395</ele>
        <time>2024-06-28T11:07:34Z</time>
        <cmt>speed: 0.1</cmt>
      </trkpt>
      <trkpt lat="47.35841" lon="8.560889">
        <ele>446</ele>
        <time>2024-06-28T11:16:54Z</time>
        <cmt>speed: 0.2</cmt>
      </trkpt>
      <trkpt lat="47.358429" lon="8.561199">
        <ele>446</ele>
        <time>2024-06-28T11:26:55Z</time>
        <cmt>speed: 0.2</cmt>
      </trkpt>
      <trkpt lat="47.358429" lon="8.561199">
        <ele>446</ele>
        <time>2024-06-28T11:36:58Z</time>
      </trkpt>
      <trkpt lat="47.358286" lon="8.562587">
        <ele>424</ele>
        <time>2024-06-28T11:37:08Z</time>
        <cmt>speed: 0.0</cmt>
      </trkpt>
      <trkpt lat="47.358076" lon="8.562045">
        <ele>483</ele>
        <time>2024-06-28T11:54:23Z</time>
        <cmt>speed: 0.8</cmt>
      </trkpt>
      <trkpt lat="47.358076" lon="8.562045">
        <ele>483</ele>
        <time>2024-06-28T12:04:02Z</time>
      </trkpt>
      <trkpt lat="47.358089" lon="8.562442">
        <ele>474</ele>
        <time>2024-06-28T12:04:12Z</time>
        <cmt>speed: 0.0</cmt>
      </trkpt>
      <trkpt lat="47.358102" lon="8.562474">
        <ele>466</ele>
        <time>2024-06-28T12:14:15Z</time>
        <cmt>speed: 1.5</cmt>
      </trkpt>
      <trkpt lat="47.358102" lon="8.562474">
        <ele>466</ele>
        <time>2024-06-28T12:24:09Z</time>
      </trkpt>
      <trkpt lat="47.358143" lon="8.562651">
        <ele>437</ele>
        <time>2024-06-28T12:24:19Z</time>
        <cmt>speed: 1.1</cmt>
      </trkpt>
      <trkpt lat="47.358236" lon="8.562859">
        <ele>432</ele>
        <time>2024-06-28T12:34:25Z</time>
        <cmt>speed: 0.8</cmt>
      </trkpt>
      <trkpt lat="47.358236" lon="8.562859">
        <ele>432</ele>
        <time>2024-06-28T12:35:11Z</time>
      </trkpt>
      <trkpt lat="47.3581" lon="8.562649">
        <ele>464</ele>
        <time>2024-06-28T12:54:26Z</time>
        <cmt>speed: 0.1</cmt>
      </trkpt>
      <trkpt lat="47.357914" lon="8.562639">
        <ele>445</ele>
        <time>2024-06-28T13:04:04Z</time>
        <cmt>speed: 0.4</cmt>
      </trkpt>
      <trkpt lat="47.35756" lon="8.563342">
        <ele>465</ele>
        <time>2024-06-28T13:14:06Z</time>
        <cmt>speed: 0.0</cmt>
      </trkpt>
      <trkpt lat="47.357468" lon="8.562844">
        <ele>412</ele>
        <time>2024-06-28T13:24:03Z</time>
        <cmt>speed: 0.9</cmt>
      </trkpt>
      <trkpt lat="47.357334" lon="8.561854">
        <ele>469</ele>
        <time>2024-06-28T13:34:04Z</time>
        <cmt>speed: 1.1</cmt>
      </trkpt>
      <trkpt lat="47.357636" lon="8.561077">
        <ele>455</ele>
        <time>2024-06-28T13:44:06Z</time>
        <cmt>speed: 0.1</cmt>
      </trkpt>
      <trkpt lat="47.357674" lon="8.561246">
        <ele>397</ele>
        <time>2024-06-28T13:54:08Z</time>
        <cmt>speed: 0.0</cmt>
      </trkpt>
      <trkpt lat="47.357674" lon="8.561246">
        <ele>397</ele>
        <time>2024-06-28T13:55:11Z</time>
      </trkpt>
      <trkpt lat="47.357646" lon="8.561278">
        <ele>432</ele>
        <time>2024-06-28T14:04:04Z</time>
        <cmt>speed: 0.4</cmt>
      </trkpt>
      <trkpt lat="47.357646" lon="8.561278">
        <ele>432</ele>
        <time>2024-06-28T14:23:58Z</time>
      </trkpt>
      <trkpt lat="47.357793" lon="8.560996">
        <ele>436</ele>
        <time>2024-06-28T14:24:08Z</time>
        <cmt>speed: 0.0</cmt>
      </trkpt>
      <trkpt lat="47.357657" lon="8.561342">
        <ele>427</ele>
        <time>2024-06-28T14:34:05Z</time>
        <cmt>speed: 0.9</cmt>
      </trkpt>
      <trkpt lat="47.358281" lon="8.560696">
        <ele>437</ele>
        <time>2024-06-28T14:44:04Z</time>
        <cmt>speed: 0.2</cmt>
      </trkpt>
      <trkpt lat="47.357855" lon="8.56086">
        <ele>482</ele>
        <time>2024-06-28T14:54:05Z</time>
        <cmt>speed: 0.0</cmt>
      </trkpt>
      <trkpt lat="47.357956" lon="8.561613">
        <ele>453</ele>
        <time>2024-06-28T15:04:03Z</time>
        <cmt>speed: 1.9</cmt>
      </trkpt>
      <trkpt lat="47.357962" lon="8.561756">
        <ele>457</ele>
        <time>2024-06-28T15:14:04Z</time>
        <cmt>speed: 0.0</cmt>
      </trkpt>
      <trkpt lat="47.357962" lon="8.561756">
        <ele>457</ele>
        <time>2024-06-28T15:15:11Z</time>
      </trkpt>
      <trkpt lat="47.35796" lon="8.561546">
        <ele>439</ele>
        <time>2024-06-28T15:24:16Z</time>
        <cmt>speed: 0.1</cmt>
      </trkpt>
      <trkpt lat="47.358028" lon="8.561556">
        <ele>436</ele>
        <time>2024-06-28T15:34:16Z</time>
        <cmt>speed: 0.3</cmt>
      </trkpt>
      <trkpt lat="47.358028" lon="8.561556">
        <ele>436</ele>
        <time>2024-06-28T15:35:11Z</time>
      </trkpt>
      <trkpt lat="47.358081" lon="8.561459">
        <ele>445</ele>
        <time>2024-06-28T15:44:27Z</time>
        <cmt>speed: 0.6</cmt>
      </trkpt>
      <trkpt lat="47.357992" lon="8.561643">
        <ele>447</ele>
        <time>2024-06-28T15:54:19Z</time>
        <cmt>speed: 0.3</cmt>
      </trkpt>
      <trkpt lat="47.35815" lon="8.561574">
        <ele>452</ele>
        <time>2024-06-28T16:04:13Z</time>
        <cmt>speed: 0.1</cmt>
      </trkpt>
      <trkpt lat="47.35815" lon="8.561574">
        <ele>452</ele>
        <time>2024-06-28T16:04:14Z</time>
      </trkpt>
      <trkpt lat="47.358088" lon="8.561532">
        <ele>447</ele>
        <time>2024-06-28T16:14:43Z</time>
        <cmt>speed: 1.7</cmt>
      </trkpt>
      <trkpt lat="47.357916" lon="8.561649">
        <ele>448</ele>
        <time>2024-06-28T16:24:39Z</time>
        <cmt>speed: 0.3</cmt>
      </trkpt>
      <trkpt lat="47.357799" lon="8.561552">
        <ele>421</ele>
        <time>2024-06-28T16:34:28Z</time>
        <cmt>speed: 0.9</cmt>
      </trkpt>
      <trkpt lat="47.357799" lon="8.561552">
        <ele>421</ele>
        <time>2024-06-28T16:34:44Z</time>
      </trkpt>
      <trkpt lat="47.357969" lon="8.561577">
        <ele>465</ele>
        <time>2024-06-28T16:44:06Z</time>
        <cmt>speed: 0.1</cmt>
      </trkpt>
      <trkpt lat="47.358046" lon="8.561588">
        <ele>450</ele>
        <time>2024-06-28T16:54:23Z</time>
        <cmt>speed: 0.3</cmt>
      </trkpt>
      <trkpt lat="47.358046" lon="8.561588">
        <ele>450</ele>
        <time>2024-06-28T16:54:44Z</time>
      </trkpt>
      <trkpt lat="47.357988" lon="8.561452">
        <ele>440</ele>
        <time>2024-06-28T18:05:45Z</time>
        <cmt>speed: 0.9</cmt>
      </trkpt>
      <trkpt lat="47.357969" lon="8.561615">
        <ele>445</ele>
        <time>2024-06-28T18:15:47Z</time>
        <cmt>speed: 0.1</cmt>
      </trkpt>
      <trkpt lat="47.357969" lon="8.561615">
        <ele>445</ele>
        <time>2024-06-28T18:15:47Z</time>
      </trkpt>
      <trkpt lat="47.357941" lon="8.561637">
        <ele>421</ele>
        <time>2024-06-28T18:28:02Z</time>
        <cmt>speed: 0.6</cmt>
      </trkpt>
      <trkpt lat="47.358008" lon="8.561572">
        <ele>434</ele>
        <time>2024-06-28T18:48:08Z</time>
        <cmt>speed: 0.1</cmt>
      </trkpt>
      <trkpt lat="47.358119" lon="8.561512">
        <ele>453</ele>
        <time>2024-06-28T18:58:04Z</time>
        <cmt>speed: 0.0</cmt>
      </trkpt>
      <trkpt lat="47.358119" lon="8.561512">
        <ele>453</ele>
        <time>2024-06-28T18:58:04Z</time>
      </trkpt>
      <trkpt lat="47.358081" lon="8.561549">
        <ele>405</ele>
        <time>2024-06-28T19:18:22Z</time>
        <cmt>speed: 0.7</cmt>
      </trkpt>
      <trkpt lat="47.357961" lon="8.561562">
        <ele>434</ele>
        <time>2024-06-28T19:28:00Z</time>
        <cmt>speed: 0.0</cmt>
      </trkpt>
      <trkpt lat="47.358252" lon="8.561835">
        <ele>436</ele>
        <time>2024-06-28T19:37:58Z</time>
        <cmt>speed: 0.3</cmt>
      </trkpt>
      <trkpt lat="47.358781" lon="8.561117">
        <ele>434</ele>
        <time>2024-06-28T19:47:57Z</time>
        <cmt>speed: 0.1</cmt>
      </trkpt>
      <trkpt lat="47.358515" lon="8.561789">
        <ele>453</ele>
        <time>2024-06-28T19:57:58Z</time>
        <cmt>speed: 0.4</cmt>
      </trkpt>
      <trkpt lat="47.358067" lon="8.562533">
        <ele>451</ele>
        <time>2024-06-28T20:08:00Z</time>
        <cmt>speed: 0.8</cmt>
      </trkpt>
      <trkpt lat="47.357493" lon="8.56125">
        <ele>466</ele>
        <time>2024-06-28T20:27:58Z</time>
        <cmt>speed: 0.2</cmt>
      </trkpt>
      <trkpt lat="47.358926" lon="8.560984">
        <ele>414</ele>
        <time>2024-06-28T20:37:57Z</time>
        <cmt>speed: 0.8</cmt>
      </trkpt>
      <trkpt lat="47.358574" lon="8.561929">
        <ele>432</ele>
        <time>2024-06-28T20:47:57Z</time>
        <cmt>speed: 0.1</cmt>
      </trkpt>
      <trkpt lat="47.358273" lon="8.562706">
        <ele>449</ele>
        <time>2024-06-28T20:57:58Z</time>
        <cmt>speed: 0.3</cmt>
      </trkpt>
      <trkpt lat="47.358273" lon="8.562706">
        <ele>449</ele>
        <time>2024-06-28T20:57:58Z</time>
      </trkpt>
      <trkpt lat="47.358261" lon="8.562536">
        <ele>436</ele>
        <time>2024-06-28T21:08:00Z</time>
        <cmt>speed: 0.0</cmt>
      </trkpt>
      <trkpt lat="47.358293" lon="8.562469">
        <ele>441</ele>
        <time>2024-06-28T21:17:59Z</time>
        <cmt>speed: 0.2</cmt>
      </trkpt>
      <trkpt lat="47.358293" lon="8.562469">
        <ele>441</ele>
        <time>2024-06-28T21:17:59Z</time>
      </trkpt>
      <trkpt lat="47.358231" lon="8.562581">
        <ele>443</ele>
        <time>2024-06-28T21:27:59Z</time>
        <cmt>speed: 0.2</cmt>
      </trkpt>
      <trkpt lat="47.358039" lon="8.562881">
        <ele>443</ele>
        <time>2024-06-28T21:38:02Z</time>
        <cmt>speed: 0.4</cmt>
      </trkpt>
      <trkpt lat="47.358118" lon="8.562753">
        <ele>436</ele>
        <time>2024-06-28T21:47:59Z</time>
        <cmt>speed: 1.1</cmt>
      </trkpt>
      <trkpt lat="47.358118" lon="8.562753">
        <ele>436</ele>
        <time>2024-06-28T21:54:44Z</time>
      </trkpt>
      <trkpt lat="47.358116" lon="8.562772">
        <ele>437</ele>
        <time>2024-06-28T21:58:42Z</time>
        <cmt>speed: 0.1</cmt>
      </trkpt>
      <trkpt lat="47.357916" lon="8.562754">
        <ele>449</ele>
        <time>2024-06-28T22:08:40Z</time>
        <cmt>speed: 0.9</cmt>
      </trkpt>
      <trkpt lat="47.357916" lon="8.562754">
        <ele>449</ele>
        <time>2024-06-28T22:18:39Z</time>
      </trkpt>
      <trkpt lat="47.358189" lon="8.56273">
        <ele>439</ele>
        <time>2024-06-28T22:18:40Z</time>
        <cmt>speed: 1.3</cmt>
      </trkpt>
      <trkpt lat="47.358623" lon="8.561877">
        <ele>438</ele>
        <time>2024-06-28T22:28:38Z</time>
        <cmt>speed: 0.7</cmt>
      </trkpt>
      <trkpt lat="47.359381" lon="8.561751">
        <ele>421</ele>
        <time>2024-06-28T22:38:43Z</time>
        <cmt>speed: 0.1</cmt>
      </trkpt>
      <trkpt lat="47.359156" lon="8.564042">
        <ele>457</ele>
        <time>2024-06-28T22:48:38Z</time>
        <cmt>speed: 0.6</cmt>
      </trkpt>
      <trkpt lat="47.358768" lon="8.56457">
        <ele>449</ele>
        <time>2024-06-28T22:58:41Z</time>
        <cmt>speed: 0.5</cmt>
      </trkpt>
      <trkpt lat="47.358612" lon="8.566469">
        <ele>442</ele>
        <time>2024-06-28T23:08:40Z</time>
        <cmt>speed: 1.0</cmt>
      </trkpt>
      <trkpt lat="47.358634" lon="8.566783">
        <ele>430</ele>
        <time>2024-06-28T23:18:39Z</time>
        <cmt>speed: 0.5</cmt>
      </trkpt>
      <trkpt lat="47.3583" lon="8.568635">
        <ele>450</ele>
        <time>2024-06-28T23:38:41Z</time>
        <cmt>speed: 0.4</cmt>
      </trkpt>
      <trkpt lat="47.358152" lon="8.568021">
        <ele>460</ele>
        <time>2024-06-28T23:48:40Z</time>
        <cmt>speed: 0.8</cmt>
      </trkpt>
      <trkpt lat="47.359004" lon="8.567045">
        <ele>423</ele>
        <time>2024-06-28T23:58:39Z</time>
        <cmt>speed: 0.3</cmt>
      </trkpt>
      <trkpt lat="47.35857" lon="8.566487">
        <ele>444</ele>
        <time>2024-06-29T00:08:40Z</time>
        <cmt>speed: 0.4</cmt>
      </trkpt>
      <trkpt lat="47.35837" lon="8.566316">
        <ele>435</ele>
        <time>2024-06-29T00:18:42Z</time>
        <cmt>speed: 0.4</cmt>
      </trkpt>
      <trkpt lat="47.358928" lon="8.564604">
        <ele>462</ele>
        <time>2024-06-29T00:28:39Z</time>
        <cmt>speed: 0.8</cmt>
      </trkpt>
      <trkpt lat="47.358928" lon="8.564604">
        <ele>462</ele>
        <time>2024-06-29T00:38:40Z</time>
      </trkpt>
      <trkpt lat="47.3576" lon="8.563155">
        <ele>408</ele>
        <time>2024-06-29T00:38:41Z</time>
        <cmt>speed: 0.6</cmt>
      </trkpt>
      <trkpt lat="47.358184" lon="8.562444">
        <ele>446</ele>
        <time>2024-06-29T00:53:36Z</time>
        <cmt>speed: 1.1</cmt>
      </trkpt>
      <trkpt lat="47.358184" lon="8.562444">
        <ele>446</ele>
        <time>2024-06-29T01:03:36Z</time>
      </trkpt>
      <trkpt lat="47.358038" lon="8.562503">
        <ele>450</ele>
        <time>2024-06-29T01:03:37Z</time>
        <cmt>speed: 0.2</cmt>
      </trkpt>
      <trkpt lat="47.357844" lon="8.562524">
        <ele>405</ele>
        <time>2024-06-29T01:13:38Z</time>
        <cmt>speed: 0.3</cmt>
      </trkpt>
      <trkpt lat="47.357882" lon="8.562476">
        <ele>442</ele>
        <time>2024-06-29T01:23:38Z</time>
        <cmt>speed: 0.5</cmt>
      </trkpt>
      <trkpt lat="47.357522" lon="8.561867">
        <ele>453</ele>
        <time>2024-06-29T01:33:37Z</time>
        <cmt>speed: 0.1</cmt>
      </trkpt>
      <trkpt lat="47.358671" lon="8.560399">
        <ele>461</ele>
        <time>2024-06-29T01:43:37Z</time>
        <cmt>speed: 0.7</cmt>
      </trkpt>
      <trkpt lat="47.359323" lon="8.560254">
        <ele>443</ele>
        <time>2024-06-29T01:53:37Z</time>
        <cmt>speed: 0.7</cmt>
      </trkpt>
      <trkpt lat="47.358136" lon="8.562213">
        <ele>452</ele>
        <time>2024-06-29T02:03:37Z</time>
        <cmt>speed: 0.6</cmt>
      </trkpt>
      <trkpt lat="47.357885" lon="8.562803">
        <ele>435</ele>
        <time>2024-06-29T02:13:39Z</time>
        <cmt>speed: 0.0</cmt>
      </trkpt>
      <trkpt lat="47.357871" lon="8.562271">
        <ele>422</ele>
        <time>2024-06-29T02:23:36Z</time>
        <cmt>speed: 1.5</cmt>
      </trkpt>
      <trkpt lat="47.357879" lon="8.563139">
        <ele>445</ele>
        <time>2024-06-29T02:33:40Z</time>
        <cmt>speed: 0.1</cmt>
      </trkpt>
      <trkpt lat="47.357589" lon="8.56416">
        <ele>451</ele>
        <time>2024-06-29T02:43:37Z</time>
        <cmt>speed: 0.5</cmt>
      </trkpt>
      <trkpt lat="47.357556" lon="8.564394">
        <ele>454</ele>
        <time>2024-06-29T02:53:36Z</time>
        <cmt>speed: 1.0</cmt>
      </trkpt>
      <trkpt lat="47.357556" lon="8.564394">
        <ele>454</ele>
        <time>2024-06-29T03:03:34Z</time>
      </trkpt>
      <trkpt lat="47.357404" lon="8.564271">
        <ele>453</ele>
        <time>2024-06-29T03:03:36Z</time>
        <cmt>speed: 1.5</cmt>
      </trkpt>
      <trkpt lat="47.35747" lon="8.564575">
        <ele>465</ele>
        <time>2024-06-29T03:13:36Z</time>
        <cmt>speed: 0.7</cmt>
      </trkpt>
      <trkpt lat="47.357959" lon="8.562774">
        <ele>390</ele>
        <time>2024-06-29T03:23:38Z</time>
        <cmt>speed: 0.1</cmt>
      </trkpt>
      <trkpt lat="47.35819" lon="8.562725">
        <ele>455</ele>
        <time>2024-06-29T03:33:40Z</time>
        <cmt>speed: 0.2</cmt>
      </trkpt>
      <trkpt lat="47.358933" lon="8.561982">
        <ele>457</ele>
        <time>2024-06-29T03:43:38Z</time>
        <cmt>speed: 1.1</cmt>
      </trkpt>
      <trkpt lat="47.359167" lon="8.561454">
        <ele>418</ele>
        <time>2024-06-29T03:53:40Z</time>
        <cmt>speed: 0.6</cmt>
      </trkpt>
      <trkpt lat="47.359974" lon="8.56367">
        <ele>434</ele>
        <time>2024-06-29T04:02:23Z</time>
      </trkpt>
      <trkpt lat="47.359974" lon="8.56367">
        <ele>434</ele>
        <time>2024-06-29T04:17:23Z</time>
      </trkpt>
      <trkpt lat="47.360321" lon="8.562599">
        <ele>441</ele>
        <time>2024-06-29T06:46:16Z</time>
        <cmt>speed: 0.3</cmt>
      </trkpt>
      <trkpt lat="47.35912" lon="8.560881">
        <ele>425</ele>
        <time>2024-06-29T06:56:07Z</time>
        <cmt>speed: 0.1</cmt>
      </trkpt>
      <trkpt lat="47.358663" lon="8.561054">
        <ele>425</ele>
        <time>2024-06-29T07:06:00Z</time>
        <cmt>speed: 0.5</cmt>
      </trkpt>
      <trkpt lat="47.358363" lon="8.561314">
        <ele>469</ele>
        <time>2024-06-29T07:16:08Z</time>
        <cmt>speed: 0.4</cmt>
      </trkpt>
      <trkpt lat="47.35815" lon="8.56191">
        <ele>435</ele>
        <time>2024-06-29T07:26:00Z</time>
        <cmt>speed: 0.9</cmt>
      </trkpt>
      <trkpt lat="47.357814" lon="8.561969">
        <ele>451</ele>
        <time>2024-06-29T07:36:29Z</time>
        <cmt>speed: 0.0</cmt>
      </trkpt>
      <trkpt lat="47.357814" lon="8.561969">
        <ele>451</ele>
        <time>2024-06-29T07:46:04Z</time>
      </trkpt>
      <trkpt lat="47.358128" lon="8.562521">
        <ele>468</ele>
        <time>2024-06-29T07:46:06Z</time>
        <cmt>speed: 0.0</cmt>
      </trkpt>
      <trkpt lat="47.358128" lon="8.562521">
        <ele>468</ele>
        <time>2024-06-29T08:26:25Z</time>
      </trkpt>
      <trkpt lat="47.357991" lon="8.562594">
        <ele>436</ele>
        <time>2024-06-29T08:26:27Z</time>
        <cmt>speed: 0.2</cmt>
      </trkpt>
      <trkpt lat="47.358027" lon="8.562493">
        <ele>448</ele>
        <time>2024-06-29T09:38:38Z</time>
        <cmt>speed: 0.2</cmt>
      </trkpt>
      <trkpt lat="47.35801" lon="8.562589">
        <ele>459</ele>
        <time>2024-06-29T10:20:51Z</time>
        <cmt>speed: 0.3</cmt>
      </trkpt>
      <trkpt lat="47.358099" lon="8.56274">
        <ele>410</ele>
        <time>2024-06-29T11:16:44Z</time>
        <cmt>speed: 0.6</cmt>
      </trkpt>
      <trkpt lat="47.358019" lon="8.562515">
        <ele>448</ele>
        <time>2024-06-29T12:53:22Z</time>
        <cmt>speed: 0.4</cmt>
      </trkpt>
      <trkpt lat="47.357806" lon="8.562579">
        <ele>485</ele>
        <time>2024-06-29T13:03:20Z</time>
        <cmt>speed: 0.3</cmt>
      </trkpt>
      <trkpt lat="47.357806" lon="8.562579">
        <ele>485</ele>
        <time>2024-06-29T13:05:58Z</time>
      </trkpt>
      <trkpt lat="47.358082" lon="8.562386">
        <ele>422</ele>
        <time>2024-06-29T13:13:41Z</time>
        <cmt>speed: 3.5</cmt>
      </trkpt>
      <trkpt lat="47.358176" lon="8.563151">
        <ele>480</ele>
        <time>2024-06-29T13:23:25Z</time>
        <cmt>speed: 0.1</cmt>
      </trkpt>
      <trkpt lat="47.358176" lon="8.563151">
        <ele>480</ele>
        <time>2024-06-29T13:25:58Z</time>
      </trkpt>
      <trkpt lat="47.358113" lon="8.56248">
        <ele>479</ele>
        <time>2024-06-29T13:33:32Z</time>
        <cmt>speed: 0.2</cmt>
      </trkpt>
      <trkpt lat="47.358047" lon="8.562458">
        <ele>432</ele>
        <time>2024-06-29T13:43:14Z</time>
        <cmt>speed: 0.3</cmt>
      </trkpt>
      <trkpt lat="47.358047" lon="8.562458">
        <ele>432</ele>
        <time>2024-06-29T13:53:10Z</time>
      </trkpt>
      <trkpt lat="47.357893" lon="8.562756">
        <ele>456</ele>
        <time>2024-06-29T13:53:13Z</time>
        <cmt>speed: 0.2</cmt>
      </trkpt>
      <trkpt lat="47.358106" lon="8.5633">
        <ele>451</ele>
        <time>2024-06-29T14:03:11Z</time>
        <cmt>speed: 0.0</cmt>
      </trkpt>
      <trkpt lat="47.357633" lon="8.564012">
        <ele>468</ele>
        <time>2024-06-29T14:13:12Z</time>
        <cmt>speed: 1.1</cmt>
      </trkpt>
      <trkpt lat="47.357401" lon="8.564388">
        <ele>454</ele>
        <time>2024-06-29T14:23:09Z</time>
        <cmt>speed: 0.3</cmt>
      </trkpt>
      <trkpt lat="47.357401" lon="8.564388">
        <ele>454</ele>
        <time>2024-06-29T14:33:09Z</time>
      </trkpt>
      <trkpt lat="47.35738" lon="8.564268">
        <ele>508</ele>
        <time>2024-06-29T14:33:12Z</time>
        <cmt>speed: 1.3</cmt>
      </trkpt>
      <trkpt lat="47.357473" lon="8.564371">
        <ele>463</ele>
        <time>2024-06-29T14:43:11Z</time>
        <cmt>speed: 0.1</cmt>
      </trkpt>
      <trkpt lat="47.357614" lon="8.563746">
        <ele>458</ele>
        <time>2024-06-29T14:53:10Z</time>
        <cmt>speed: 0.7</cmt>
      </trkpt>
      <trkpt lat="47.357958" lon="8.563108">
        <ele>476</ele>
        <time>2024-06-29T15:03:11Z</time>
        <cmt>speed: 0.2</cmt>
      </trkpt>
      <trkpt lat="47.357648" lon="8.564143">
        <ele>451</ele>
        <time>2024-06-29T15:13:11Z</time>
        <cmt>speed: 0.2</cmt>
      </trkpt>
      <trkpt lat="47.357545" lon="8.564185">
        <ele>467</ele>
        <time>2024-06-29T15:23:09Z</time>
        <cmt>speed: 0.9</cmt>
      </trkpt>
      <trkpt lat="47.357545" lon="8.564185">
        <ele>467</ele>
        <time>2024-06-29T15:33:10Z</time>
      </trkpt>
      <trkpt lat="47.357641" lon="8.564812">
        <ele>457</ele>
        <time>2024-06-29T15:33:13Z</time>
        <cmt>speed: 0.2</cmt>
      </trkpt>
      <trkpt lat="47.357482" lon="8.564669">
        <ele>470</ele>
        <time>2024-06-29T15:43:09Z</time>
        <cmt>speed: 0.5</cmt>
      </trkpt>
      <trkpt lat="47.357482" lon="8.564669">
        <ele>470</ele>
        <time>2024-06-29T15:53:08Z</time>
      </trkpt>
      <trkpt lat="47.357601" lon="8.564698">
        <ele>489</ele>
        <time>2024-06-29T15:53:11Z</time>
        <cmt>speed: 0.1</cmt>
      </trkpt>
      <trkpt lat="47.357515" lon="8.564536">
        <ele>469</ele>
        <time>2024-06-29T16:03:10Z</time>
        <cmt>speed: 0.6</cmt>
      </trkpt>
      <trkpt lat="47.357515" lon="8.564536">
        <ele>469</ele>
        <time>2024-06-29T16:13:07Z</time>
      </trkpt>
      <trkpt lat="47.357733" lon="8.565553">
        <ele>503</ele>
        <time>2024-06-29T16:13:10Z</time>
        <cmt>speed: 0.1</cmt>
      </trkpt>
      <trkpt lat="47.357733" lon="8.565553">
        <ele>503</ele>
        <time>2024-06-29T16:15:56Z</time>
      </trkpt>
    </trkseg>
  </trk>
</gpx>
