<?xml version="1.0"?>
<gpx creator="Tractive GeoData Util" version="1.1" xmlns="http://www.topografix.com/GPX/1/1" xmlns:xsi="http://www.w3.org/2001/XMLSchema-instance" xsi:schemaLocation="http://www.topografix.com/GPX/1/1 http://www.topografix.com/GPX/1/1/gpx.xsd">
  <metadata>
    <link href="https://tractive.com">
      <text>Generated by Tractive Platform Service</text>
    </link>
  </metadata>
  <trk>
    <name>Tracker UDQAWWIU, 2024-08-31T22:02:37+00:00 2024-09-29T16:01:11+00:00</name>
    <trkseg>
      <trkpt lat="47.358328" lon="8.561447">
        <ele>438</ele>
        <time>2024-08-31T22:02:37Z</time>
        <cmt>speed: 0.1</cmt>
      </trkpt>
      <trkpt lat="47.358243" lon="8.560627">
        <ele>423</ele>
        <time>2024-08-31T22:12:41Z</time>
        <cmt>speed: 0.3</cmt>
      </trkpt>
      <trkpt lat="47.358627" lon="8.560457">
        <ele>438</ele>
        <time>2024-08-31T22:22:38Z</time>
        <cmt>speed: 1.4</cmt>
      </trkpt>
      <trkpt lat="47.358394" lon="8.560688">
        <ele>445</ele>
        <time>2024-08-31T22:32:39Z</time>
        <cmt>speed: 0.1</cmt>
      </trkpt>
      <trkpt lat="47.358394" lon="8.560688">
        <ele>445</ele>
        <time>2024-08-31T22:32:39Z</time>
      </trkpt>
      <trkpt lat="47.358378" lon="8.560816">
        <ele>384</ele>
        <time>2024-08-31T22:42:40Z</time>
        <cmt>speed: 0.6</cmt>
      </trkpt>
      <trkpt lat="47.358625" lon="8.560641">
        <ele>472</ele>
        <time>2024-08-31T22:52:39Z</time>
        <cmt>speed: 0.0</cmt>
      </trkpt>
      <trkpt lat="47.358625" lon="8.560641">
        <ele>472</ele>
        <time>2024-08-31T22:52:39Z</time>
      </trkpt>
      <trkpt lat="47.358576" lon="8.560984">
        <ele>468</ele>
        <time>2024-08-31T23:02:38Z</time>
        <cmt>speed: 1.1</cmt>
      </trkpt>
      <trkpt lat="47.358226" lon="8.560755">
        <ele>437</ele>
        <time>2024-08-31T23:12:38Z</time>
        <cmt>speed: 0.8</cmt>
      </trkpt>
      <trkpt lat="47.358226" lon="8.560755">
        <ele>437</ele>
        <time>2024-08-31T23:12:39Z</time>
      </trkpt>
      <trkpt lat="47.358673" lon="8.560958">
        <ele>443</ele>
        <time>2024-08-31T23:22:39Z</time>
        <cmt>speed: 0.7</cmt>
      </trkpt>
      <trkpt lat="47.357981" lon="8.560848">
        <ele>422</ele>
        <time>2024-08-31T23:32:39Z</time>
        <cmt>speed: 0.2</cmt>
      </trkpt>
      <trkpt lat="47.35837" lon="8.560841">
        <ele>431</ele>
        <time>2024-08-31T23:42:39Z</time>
        <cmt>speed: 0.0</cmt>
      </trkpt>
      <trkpt lat="47.358797" lon="8.559981">
        <ele>471</ele>
        <time>2024-08-31T23:52:42Z</time>
        <cmt>speed: 0.3</cmt>
      </trkpt>
      <trkpt lat="47.358808" lon="8.561016">
        <ele>435</ele>
        <time>2024-09-01T00:02:39Z</time>
        <cmt>speed: 0.0</cmt>
      </trkpt>
      <trkpt lat="47.359186" lon="8.561091">
        <ele>439</ele>
        <time>2024-09-01T00:12:37Z</time>
        <cmt>speed: 1.2</cmt>
      </trkpt>
      <trkpt lat="47.360048" lon="8.561294">
        <ele>427</ele>
        <time>2024-09-01T00:22:39Z</time>
        <cmt>speed: 0.5</cmt>
      </trkpt>
      <trkpt lat="47.360061" lon="8.561226">
        <ele>438</ele>
        <time>2024-09-01T00:32:40Z</time>
        <cmt>speed: 0.9</cmt>
      </trkpt>
      <trkpt lat="47.359711" lon="8.560565">
        <ele>477</ele>
        <time>2024-09-01T00:42:41Z</time>
        <cmt>speed: 0.5</cmt>
      </trkpt>
      <trkpt lat="47.359813" lon="8.559643">
        <ele>443</ele>
        <time>2024-09-01T00:52:49Z</time>
        <cmt>speed: 1.7</cmt>
      </trkpt>
      <trkpt lat="47.359759" lon="8.560364">
        <ele>461</ele>
        <time>2024-09-01T01:02:41Z</time>
        <cmt>speed: 0.2</cmt>
      </trkpt>
      <trkpt lat="47.35925" lon="8.561045">
        <ele>428</ele>
        <time>2024-09-01T01:22:39Z</time>
        <cmt>speed: 0.6</cmt>
      </trkpt>
      <trkpt lat="47.358828" lon="8.560828">
        <ele>459</ele>
        <time>2024-09-01T01:32:39Z</time>
        <cmt>speed: 1.2</cmt>
      </trkpt>
      <trkpt lat="47.359266" lon="8.560663">
        <ele>452</ele>
        <time>2024-09-01T01:42:40Z</time>
        <cmt>speed: 0.8</cmt>
      </trkpt>
      <trkpt lat="47.359302" lon="8.560885">
        <ele>410</ele>
        <time>2024-09-01T01:52:45Z</time>
        <cmt>speed: 0.1</cmt>
      </trkpt>
      <trkpt lat="47.359341" lon="8.561005">
        <ele>401</ele>
        <time>2024-09-01T02:02:51Z</time>
        <cmt>speed: 0.4</cmt>
      </trkpt>
      <trkpt lat="47.359526" lon="8.561098">
        <ele>431</ele>
        <time>2024-09-01T02:12:41Z</time>
        <cmt>speed: 0.2</cmt>
      </trkpt>
      <trkpt lat="47.359526" lon="8.561098">
        <ele>431</ele>
        <time>2024-09-01T02:12:41Z</time>
      </trkpt>
      <trkpt lat="47.359511" lon="8.561083">
        <ele>412</ele>
        <time>2024-09-01T02:22:42Z</time>
        <cmt>speed: 0.9</cmt>
      </trkpt>
      <trkpt lat="47.359417" lon="8.56095">
        <ele>446</ele>
        <time>2024-09-01T02:32:43Z</time>
        <cmt>speed: 0.2</cmt>
      </trkpt>
      <trkpt lat="47.359417" lon="8.56095">
        <ele>446</ele>
        <time>2024-09-01T02:32:43Z</time>
      </trkpt>
      <trkpt lat="47.359564" lon="8.561097">
        <ele>460</ele>
        <time>2024-09-01T02:42:41Z</time>
        <cmt>speed: 0.0</cmt>
      </trkpt>
      <trkpt lat="47.359454" lon="8.560851">
        <ele>450</ele>
        <time>2024-09-01T02:52:41Z</time>
        <cmt>speed: 0.3</cmt>
      </trkpt>
      <trkpt lat="47.360193" lon="8.561292">
        <ele>428</ele>
        <time>2024-09-01T03:02:47Z</time>
        <cmt>speed: 1.0</cmt>
      </trkpt>
      <trkpt lat="47.359767" lon="8.561344">
        <ele>466</ele>
        <time>2024-09-01T03:12:41Z</time>
        <cmt>speed: 0.0</cmt>
      </trkpt>
      <trkpt lat="47.359486" lon="8.56005">
        <ele>452</ele>
        <time>2024-09-01T03:22:41Z</time>
        <cmt>speed: 0.3</cmt>
      </trkpt>
      <trkpt lat="47.359486" lon="8.56005">
        <ele>452</ele>
        <time>2024-09-01T03:32:42Z</time>
      </trkpt>
      <trkpt lat="47.359421" lon="8.560194">
        <ele>499</ele>
        <time>2024-09-01T03:32:43Z</time>
        <cmt>speed: 0.1</cmt>
      </trkpt>
      <trkpt lat="47.358875" lon="8.561823">
        <ele>413</ele>
        <time>2024-09-01T03:42:40Z</time>
        <cmt>speed: 0.0</cmt>
      </trkpt>
      <trkpt lat="47.358621" lon="8.562481">
        <ele>474</ele>
        <time>2024-09-01T03:52:39Z</time>
        <cmt>speed: 2.1</cmt>
      </trkpt>
      <trkpt lat="47.358467" lon="8.562322">
        <ele>424</ele>
        <time>2024-09-01T04:02:38Z</time>
        <cmt>speed: 1.2</cmt>
      </trkpt>
      <trkpt lat="47.358604" lon="8.562522">
        <ele>422</ele>
        <time>2024-09-01T04:12:39Z</time>
        <cmt>speed: 0.1</cmt>
      </trkpt>
      <trkpt lat="47.358604" lon="8.562522">
        <ele>422</ele>
        <time>2024-09-01T04:12:39Z</time>
      </trkpt>
      <trkpt lat="47.358559" lon="8.562367">
        <ele>440</ele>
        <time>2024-09-01T04:22:38Z</time>
        <cmt>speed: 0.5</cmt>
      </trkpt>
      <trkpt lat="47.358481" lon="8.562488">
        <ele>411</ele>
        <time>2024-09-01T04:32:39Z</time>
        <cmt>speed: 0.4</cmt>
      </trkpt>
      <trkpt lat="47.358473" lon="8.562184">
        <ele>449</ele>
        <time>2024-09-01T04:42:39Z</time>
        <cmt>speed: 0.8</cmt>
      </trkpt>
      <trkpt lat="47.35871" lon="8.562175">
        <ele>463</ele>
        <time>2024-09-01T04:52:39Z</time>
        <cmt>speed: 0.5</cmt>
      </trkpt>
      <trkpt lat="47.35871" lon="8.562175">
        <ele>463</ele>
        <time>2024-09-01T04:52:39Z</time>
      </trkpt>
      <trkpt lat="47.35875" lon="8.561193">
        <ele>439</ele>
        <time>2024-09-01T05:02:39Z</time>
        <cmt>speed: 0.7</cmt>
      </trkpt>
      <trkpt lat="47.35875" lon="8.561193">
        <ele>439</ele>
        <time>2024-09-01T05:12:42Z</time>
      </trkpt>
      <trkpt lat="47.358639" lon="8.561382">
        <ele>426</ele>
        <time>2024-09-01T05:12:43Z</time>
        <cmt>speed: 0.0</cmt>
      </trkpt>
      <trkpt lat="47.358584" lon="8.561223">
        <ele>438</ele>
        <time>2024-09-01T05:22:42Z</time>
        <cmt>speed: 0.1</cmt>
      </trkpt>
      <trkpt lat="47.358584" lon="8.561223">
        <ele>438</ele>
        <time>2024-09-01T05:29:01Z</time>
      </trkpt>
      <trkpt lat="47.358548" lon="8.561232">
        <ele>458</ele>
        <time>2024-09-01T05:36:15Z</time>
        <cmt>speed: 0.3</cmt>
      </trkpt>
      <trkpt lat="47.358585" lon="8.561185">
        <ele>435</ele>
        <time>2024-09-01T05:46:14Z</time>
        <cmt>speed: 0.0</cmt>
      </trkpt>
      <trkpt lat="47.358585" lon="8.561185">
        <ele>435</ele>
        <time>2024-09-01T05:56:26Z</time>
      </trkpt>
      <trkpt lat="47.358535" lon="8.561326">
        <ele>444</ele>
        <time>2024-09-01T05:56:27Z</time>
        <cmt>speed: 0.1</cmt>
      </trkpt>
      <trkpt lat="47.358625" lon="8.561142">
        <ele>443</ele>
        <time>2024-09-01T06:06:28Z</time>
        <cmt>speed: 0.4</cmt>
      </trkpt>
      <trkpt lat="47.358763" lon="8.561185">
        <ele>441</ele>
        <time>2024-09-01T06:26:15Z</time>
        <cmt>speed: 0.2</cmt>
      </trkpt>
      <trkpt lat="47.358763" lon="8.561185">
        <ele>441</ele>
        <time>2024-09-01T06:36:18Z</time>
      </trkpt>
      <trkpt lat="47.358455" lon="8.560942">
        <ele>445</ele>
        <time>2024-09-01T06:36:19Z</time>
        <cmt>speed: 3.0</cmt>
      </trkpt>
      <trkpt lat="47.358671" lon="8.56119">
        <ele>439</ele>
        <time>2024-09-01T08:17:52Z</time>
        <cmt>speed: 0.0</cmt>
      </trkpt>
      <trkpt lat="47.358649" lon="8.561206">
        <ele>424</ele>
        <time>2024-09-01T08:27:46Z</time>
        <cmt>speed: 0.3</cmt>
      </trkpt>
      <trkpt lat="47.358649" lon="8.561206">
        <ele>424</ele>
        <time>2024-09-01T08:48:10Z</time>
      </trkpt>
      <trkpt lat="47.358698" lon="8.561109">
        <ele>440</ele>
        <time>2024-09-01T08:48:12Z</time>
        <cmt>speed: 0.3</cmt>
      </trkpt>
      <trkpt lat="47.358482" lon="8.560984">
        <ele>440</ele>
        <time>2024-09-01T08:57:38Z</time>
        <cmt>speed: 0.0</cmt>
      </trkpt>
      <trkpt lat="47.358632" lon="8.561112">
        <ele>423</ele>
        <time>2024-09-01T09:05:24Z</time>
        <cmt>speed: 0.4</cmt>
      </trkpt>
      <trkpt lat="47.358672" lon="8.561143">
        <ele>420</ele>
        <time>2024-09-01T09:05:27Z</time>
        <cmt>speed: 0.0</cmt>
      </trkpt>
      <trkpt lat="47.358562" lon="8.561137">
        <ele>444</ele>
        <time>2024-09-01T09:07:37Z</time>
        <cmt>speed: 0.5</cmt>
      </trkpt>
      <trkpt lat="47.358647" lon="8.561352">
        <ele>433</ele>
        <time>2024-09-01T09:17:38Z</time>
        <cmt>speed: 0.4</cmt>
      </trkpt>
      <trkpt lat="47.358647" lon="8.561352">
        <ele>433</ele>
        <time>2024-09-01T09:27:36Z</time>
      </trkpt>
      <trkpt lat="47.358571" lon="8.561057">
        <ele>429</ele>
        <time>2024-09-01T09:27:37Z</time>
        <cmt>speed: 0.3</cmt>
      </trkpt>
      <trkpt lat="47.358575" lon="8.561093">
        <ele>413</ele>
        <time>2024-09-01T09:37:38Z</time>
        <cmt>speed: 0.2</cmt>
      </trkpt>
      <trkpt lat="47.358575" lon="8.561093">
        <ele>413</ele>
        <time>2024-09-01T09:47:38Z</time>
      </trkpt>
      <trkpt lat="47.358737" lon="8.561299">
        <ele>450</ele>
        <time>2024-09-01T09:47:39Z</time>
        <cmt>speed: 0.1</cmt>
      </trkpt>
      <trkpt lat="47.358745" lon="8.561121">
        <ele>463</ele>
        <time>2024-09-01T09:57:38Z</time>
        <cmt>speed: 0.1</cmt>
      </trkpt>
      <trkpt lat="47.358745" lon="8.561121">
        <ele>463</ele>
        <time>2024-09-01T10:07:37Z</time>
      </trkpt>
      <trkpt lat="47.358721" lon="8.561255">
        <ele>425</ele>
        <time>2024-09-01T10:07:39Z</time>
        <cmt>speed: 0.1</cmt>
      </trkpt>
      <trkpt lat="47.358757" lon="8.561193">
        <ele>405</ele>
        <time>2024-09-01T10:17:43Z</time>
        <cmt>speed: 0.9</cmt>
      </trkpt>
      <trkpt lat="47.358757" lon="8.561193">
        <ele>405</ele>
        <time>2024-09-01T10:27:37Z</time>
      </trkpt>
      <trkpt lat="47.358733" lon="8.561111">
        <ele>415</ele>
        <time>2024-09-01T10:27:39Z</time>
        <cmt>speed: 0.5</cmt>
      </trkpt>
      <trkpt lat="47.358749" lon="8.561131">
        <ele>422</ele>
        <time>2024-09-01T10:37:42Z</time>
        <cmt>speed: 0.0</cmt>
      </trkpt>
      <trkpt lat="47.358567" lon="8.561153">
        <ele>422</ele>
        <time>2024-09-01T11:37:49Z</time>
        <cmt>speed: 0.0</cmt>
      </trkpt>
      <trkpt lat="47.358567" lon="8.561153">
        <ele>422</ele>
        <time>2024-09-01T12:07:42Z</time>
      </trkpt>
      <trkpt lat="47.358659" lon="8.561109">
        <ele>421</ele>
        <time>2024-09-01T12:07:44Z</time>
        <cmt>speed: 0.7</cmt>
      </trkpt>
      <trkpt lat="47.358643" lon="8.560927">
        <ele>438</ele>
        <time>2024-09-01T12:19:32Z</time>
        <cmt>speed: 0.4</cmt>
      </trkpt>
      <trkpt lat="47.359169" lon="8.561423">
        <ele>476</ele>
        <time>2024-09-01T12:29:35Z</time>
        <cmt>speed: 0.7</cmt>
      </trkpt>
      <trkpt lat="47.35912" lon="8.560963">
        <ele>460</ele>
        <time>2024-09-01T12:39:38Z</time>
        <cmt>speed: 0.6</cmt>
      </trkpt>
      <trkpt lat="47.359144" lon="8.56095">
        <ele>468</ele>
        <time>2024-09-01T12:49:35Z</time>
        <cmt>speed: 1.3</cmt>
      </trkpt>
      <trkpt lat="47.359974" lon="8.56367">
        <ele>434</ele>
        <time>2024-09-01T12:57:03Z</time>
      </trkpt>
      <trkpt lat="47.359974" lon="8.56367">
        <ele>434</ele>
        <time>2024-09-01T13:12:03Z</time>
      </trkpt>
      <trkpt lat="47.359752" lon="8.563529">
        <ele>447</ele>
        <time>2024-09-01T15:23:49Z</time>
        <cmt>speed: 1.6</cmt>
      </trkpt>
      <trkpt lat="47.360768" lon="8.564786">
        <ele>401</ele>
        <time>2024-09-01T15:33:43Z</time>
        <cmt>speed: 0.5</cmt>
      </trkpt>
      <trkpt lat="47.359721" lon="8.563567">
        <ele>402</ele>
        <time>2024-09-01T15:43:46Z</time>
        <cmt>speed: 0.1</cmt>
      </trkpt>
      <trkpt lat="47.359721" lon="8.563567">
        <ele>402</ele>
        <time>2024-09-01T15:43:56Z</time>
      </trkpt>
      <trkpt lat="47.359773" lon="8.563627">
        <ele>428</ele>
        <time>2024-09-01T16:03:43Z</time>
        <cmt>speed: 0.1</cmt>
      </trkpt>
      <trkpt lat="47.359773" lon="8.563627">
        <ele>428</ele>
        <time>2024-09-01T16:03:56Z</time>
      </trkpt>
      <trkpt lat="47.360587" lon="8.564512">
        <ele>415</ele>
        <time>2024-09-01T16:13:45Z</time>
        <cmt>speed: 0.7</cmt>
      </trkpt>
      <trkpt lat="47.359808" lon="8.563454">
        <ele>418</ele>
        <time>2024-09-01T16:23:41Z</time>
        <cmt>speed: 0.2</cmt>
      </trkpt>
      <trkpt lat="47.359808" lon="8.563454">
        <ele>418</ele>
        <time>2024-09-01T16:23:56Z</time>
      </trkpt>
      <trkpt lat="47.359959" lon="8.563643">
        <ele>434</ele>
        <time>2024-09-01T16:25:06Z</time>
      </trkpt>
      <trkpt lat="47.360195" lon="8.563883">
        <ele>415</ele>
        <time>2024-09-01T16:41:49Z</time>
        <cmt>speed: 0.0</cmt>
      </trkpt>
      <trkpt lat="47.360195" lon="8.563883">
        <ele>415</ele>
        <time>2024-09-01T16:51:42Z</time>
      </trkpt>
      <trkpt lat="47.359841" lon="8.563531">
        <ele>445</ele>
        <time>2024-09-01T16:51:44Z</time>
        <cmt>speed: 0.3</cmt>
      </trkpt>
      <trkpt lat="47.359908" lon="8.563636">
        <ele>432</ele>
        <time>2024-09-01T17:01:45Z</time>
        <cmt>speed: 0.0</cmt>
      </trkpt>
      <trkpt lat="47.359959" lon="8.563643">
        <ele>434</ele>
        <time>2024-09-01T17:11:17Z</time>
      </trkpt>
      <trkpt lat="47.35991" lon="8.563288">
        <ele>454</ele>
        <time>2024-09-01T17:14:49Z</time>
        <cmt>speed: 1.4</cmt>
      </trkpt>
      <trkpt lat="47.359974" lon="8.56367">
        <ele>434</ele>
        <time>2024-09-01T17:17:03Z</time>
      </trkpt>
      <trkpt lat="47.359974" lon="8.56367">
        <ele>434</ele>
        <time>2024-09-01T17:32:03Z</time>
      </trkpt>
      <trkpt lat="47.359812" lon="8.563532">
        <ele>458</ele>
        <time>2024-09-01T17:53:04Z</time>
        <cmt>speed: 0.2</cmt>
      </trkpt>
      <trkpt lat="47.360007" lon="8.563719">
        <ele>418</ele>
        <time>2024-09-01T18:03:06Z</time>
        <cmt>speed: 0.4</cmt>
      </trkpt>
      <trkpt lat="47.359802" lon="8.563765">
        <ele>441</ele>
        <time>2024-09-01T18:13:07Z</time>
        <cmt>speed: 0.7</cmt>
      </trkpt>
      <trkpt lat="47.359802" lon="8.563765">
        <ele>441</ele>
        <time>2024-09-01T18:13:08Z</time>
      </trkpt>
      <trkpt lat="47.359221" lon="8.563925">
        <ele>449</ele>
        <time>2024-09-01T18:23:04Z</time>
        <cmt>speed: 0.7</cmt>
      </trkpt>
      <trkpt lat="47.359221" lon="8.563925">
        <ele>449</ele>
        <time>2024-09-01T18:23:27Z</time>
      </trkpt>
      <trkpt lat="47.359856" lon="8.563823">
        <ele>436</ele>
        <time>2024-09-01T18:23:45Z</time>
        <cmt>speed: 1.1</cmt>
      </trkpt>
      <trkpt lat="47.359787" lon="8.563995">
        <ele>455</ele>
        <time>2024-09-01T18:23:49Z</time>
        <cmt>speed: 0.0</cmt>
      </trkpt>
      <trkpt lat="47.359781" lon="8.563985">
        <ele>454</ele>
        <time>2024-09-01T18:23:53Z</time>
        <cmt>speed: 0.0</cmt>
      </trkpt>
      <trkpt lat="47.35951" lon="8.564005">
        <ele>447</ele>
        <time>2024-09-01T18:30:36Z</time>
        <cmt>speed: 1.1</cmt>
      </trkpt>
      <trkpt lat="47.359573" lon="8.563952">
        <ele>449</ele>
        <time>2024-09-01T18:30:40Z</time>
        <cmt>speed: 0.6</cmt>
      </trkpt>
      <trkpt lat="47.359625" lon="8.56387">
        <ele>446</ele>
        <time>2024-09-01T18:30:44Z</time>
        <cmt>speed: 0.3</cmt>
      </trkpt>
      <trkpt lat="47.359671" lon="8.563819">
        <ele>447</ele>
        <time>2024-09-01T18:30:48Z</time>
        <cmt>speed: 0.2</cmt>
      </trkpt>
      <trkpt lat="47.35968" lon="8.563762">
        <ele>449</ele>
        <time>2024-09-01T18:30:52Z</time>
        <cmt>speed: 0.2</cmt>
      </trkpt>
      <trkpt lat="47.359693" lon="8.563741">
        <ele>448</ele>
        <time>2024-09-01T18:30:56Z</time>
        <cmt>speed: 0.1</cmt>
      </trkpt>
      <trkpt lat="47.359693" lon="8.563741">
        <ele>448</ele>
        <time>2024-09-01T18:31:00Z</time>
        <cmt>speed: 0.0</cmt>
      </trkpt>
      <trkpt lat="47.359693" lon="8.563741">
        <ele>448</ele>
        <time>2024-09-01T18:31:04Z</time>
        <cmt>speed: 0.0</cmt>
      </trkpt>
      <trkpt lat="47.359705" lon="8.563662">
        <ele>450</ele>
        <time>2024-09-01T18:31:08Z</time>
        <cmt>speed: 0.0</cmt>
      </trkpt>
      <trkpt lat="47.359974" lon="8.56367">
        <ele>434</ele>
        <time>2024-09-01T18:31:11Z</time>
      </trkpt>
      <trkpt lat="47.359974" lon="8.56367">
        <ele>434</ele>
        <time>2024-09-01T18:40:48Z</time>
      </trkpt>
      <trkpt lat="47.359974" lon="8.56367">
        <ele>434</ele>
        <time>2024-09-01T18:40:49Z</time>
      </trkpt>
      <trkpt lat="47.359974" lon="8.56367">
        <ele>434</ele>
        <time>2024-09-01T18:46:11Z</time>
      </trkpt>
      <trkpt lat="47.36035" lon="8.563194">
        <ele>450</ele>
        <time>2024-09-01T20:36:31Z</time>
        <cmt>speed: 0.1</cmt>
      </trkpt>
      <trkpt lat="47.359003" lon="8.56282">
        <ele>437</ele>
        <time>2024-09-01T20:46:10Z</time>
        <cmt>speed: 1.0</cmt>
      </trkpt>
      <trkpt lat="47.358862" lon="8.56222">
        <ele>443</ele>
        <time>2024-09-01T20:56:13Z</time>
        <cmt>speed: 0.5</cmt>
      </trkpt>
      <trkpt lat="47.358862" lon="8.56222">
        <ele>443</ele>
        <time>2024-09-01T20:56:23Z</time>
      </trkpt>
      <trkpt lat="47.358864" lon="8.562388">
        <ele>432</ele>
        <time>2024-09-01T21:06:12Z</time>
        <cmt>speed: 0.2</cmt>
      </trkpt>
      <trkpt lat="47.358782" lon="8.56226">
        <ele>443</ele>
        <time>2024-09-01T21:16:10Z</time>
        <cmt>speed: 0.4</cmt>
      </trkpt>
      <trkpt lat="47.358782" lon="8.56226">
        <ele>443</ele>
        <time>2024-09-01T21:16:23Z</time>
      </trkpt>
      <trkpt lat="47.35862" lon="8.56225">
        <ele>481</ele>
        <time>2024-09-01T21:26:09Z</time>
        <cmt>speed: 0.8</cmt>
      </trkpt>
      <trkpt lat="47.358828" lon="8.562317">
        <ele>405</ele>
        <time>2024-09-01T21:36:10Z</time>
        <cmt>speed: 0.0</cmt>
      </trkpt>
      <trkpt lat="47.358828" lon="8.562317">
        <ele>405</ele>
        <time>2024-09-01T21:36:23Z</time>
      </trkpt>
      <trkpt lat="47.358611" lon="8.561803">
        <ele>408</ele>
        <time>2024-09-01T21:46:11Z</time>
        <cmt>speed: 1.0</cmt>
      </trkpt>
      <trkpt lat="47.358557" lon="8.561754">
        <ele>442</ele>
        <time>2024-09-01T21:56:13Z</time>
        <cmt>speed: 0.5</cmt>
      </trkpt>
      <trkpt lat="47.358557" lon="8.561754">
        <ele>442</ele>
        <time>2024-09-01T21:56:23Z</time>
      </trkpt>
      <trkpt lat="47.358953" lon="8.561911">
        <ele>432</ele>
        <time>2024-09-01T22:06:42Z</time>
        <cmt>speed: 1.5</cmt>
      </trkpt>
      <trkpt lat="47.358953" lon="8.561911">
        <ele>432</ele>
        <time>2024-09-01T22:16:36Z</time>
      </trkpt>
      <trkpt lat="47.358564" lon="8.561817">
        <ele>404</ele>
        <time>2024-09-01T22:16:40Z</time>
        <cmt>speed: 1.5</cmt>
      </trkpt>
      <trkpt lat="47.358858" lon="8.562057">
        <ele>431</ele>
        <time>2024-09-01T22:26:39Z</time>
        <cmt>speed: 0.2</cmt>
      </trkpt>
      <trkpt lat="47.359721" lon="8.561561">
        <ele>442</ele>
        <time>2024-09-01T22:36:38Z</time>
        <cmt>speed: 0.1</cmt>
      </trkpt>
      <trkpt lat="47.359019" lon="8.563132">
        <ele>457</ele>
        <time>2024-09-01T22:46:39Z</time>
        <cmt>speed: 0.3</cmt>
      </trkpt>
      <trkpt lat="47.358761" lon="8.563725">
        <ele>457</ele>
        <time>2024-09-01T22:56:39Z</time>
        <cmt>speed: 0.2</cmt>
      </trkpt>
      <trkpt lat="47.358591" lon="8.564535">
        <ele>467</ele>
        <time>2024-09-01T23:06:39Z</time>
        <cmt>speed: 0.1</cmt>
      </trkpt>
      <trkpt lat="47.358339" lon="8.565965">
        <ele>473</ele>
        <time>2024-09-01T23:16:38Z</time>
        <cmt>speed: 1.4</cmt>
      </trkpt>
      <trkpt lat="47.358913" lon="8.565735">
        <ele>445</ele>
        <time>2024-09-01T23:26:39Z</time>
        <cmt>speed: 0.5</cmt>
      </trkpt>
      <trkpt lat="47.358913" lon="8.565735">
        <ele>445</ele>
        <time>2024-09-01T23:36:35Z</time>
      </trkpt>
      <trkpt lat="47.358908" lon="8.565845">
        <ele>439</ele>
        <time>2024-09-01T23:36:38Z</time>
        <cmt>speed: 0.4</cmt>
      </trkpt>
      <trkpt lat="47.358644" lon="8.566024">
        <ele>463</ele>
        <time>2024-09-01T23:46:37Z</time>
        <cmt>speed: 0.7</cmt>
      </trkpt>
      <trkpt lat="47.358644" lon="8.566024">
        <ele>463</ele>
        <time>2024-09-01T23:56:34Z</time>
      </trkpt>
      <trkpt lat="47.358878" lon="8.565755">
        <ele>433</ele>
        <time>2024-09-01T23:56:38Z</time>
        <cmt>speed: 0.4</cmt>
      </trkpt>
      <trkpt lat="47.35877" lon="8.565617">
        <ele>450</ele>
        <time>2024-09-02T00:06:37Z</time>
        <cmt>speed: 1.1</cmt>
      </trkpt>
      <trkpt lat="47.35877" lon="8.565617">
        <ele>450</ele>
        <time>2024-09-02T00:16:35Z</time>
      </trkpt>
      <trkpt lat="47.358769" lon="8.565616">
        <ele>464</ele>
        <time>2024-09-02T00:16:39Z</time>
        <cmt>speed: 0.8</cmt>
      </trkpt>
      <trkpt lat="47.358209" lon="8.565898">
        <ele>460</ele>
        <time>2024-09-02T00:26:38Z</time>
        <cmt>speed: 0.1</cmt>
      </trkpt>
      <trkpt lat="47.358988" lon="8.565427">
        <ele>422</ele>
        <time>2024-09-02T00:36:38Z</time>
        <cmt>speed: 0.4</cmt>
      </trkpt>
      <trkpt lat="47.359974" lon="8.56367">
        <ele>434</ele>
        <time>2024-09-02T00:47:51Z</time>
      </trkpt>
      <trkpt lat="47.359974" lon="8.56367">
        <ele>434</ele>
        <time>2024-09-02T01:02:51Z</time>
      </trkpt>
      <trkpt lat="47.360197" lon="8.563043">
        <ele>444</ele>
        <time>2024-09-02T03:12:15Z</time>
        <cmt>speed: 1.2</cmt>
      </trkpt>
      <trkpt lat="47.359984" lon="8.561069">
        <ele>432</ele>
        <time>2024-09-02T03:22:08Z</time>
        <cmt>speed: 0.0</cmt>
      </trkpt>
      <trkpt lat="47.359532" lon="8.561645">
        <ele>465</ele>
        <time>2024-09-02T03:32:05Z</time>
        <cmt>speed: 0.5</cmt>
      </trkpt>
      <trkpt lat="47.359532" lon="8.561645">
        <ele>465</ele>
        <time>2024-09-02T03:32:19Z</time>
      </trkpt>
      <trkpt lat="47.358831" lon="8.561958">
        <ele>473</ele>
        <time>2024-09-02T03:42:28Z</time>
        <cmt>speed: 0.1</cmt>
      </trkpt>
      <trkpt lat="47.359885" lon="8.564317">
        <ele>439</ele>
        <time>2024-09-02T03:52:10Z</time>
        <cmt>speed: 0.3</cmt>
      </trkpt>
      <trkpt lat="47.359885" lon="8.564317">
        <ele>439</ele>
        <time>2024-09-02T03:52:19Z</time>
      </trkpt>
      <trkpt lat="47.359264" lon="8.563411">
        <ele>421</ele>
        <time>2024-09-02T04:02:12Z</time>
        <cmt>speed: 0.9</cmt>
      </trkpt>
      <trkpt lat="47.359242" lon="8.563403">
        <ele>481</ele>
        <time>2024-09-02T04:12:10Z</time>
        <cmt>speed: 0.0</cmt>
      </trkpt>
      <trkpt lat="47.358715" lon="8.56208">
        <ele>446</ele>
        <time>2024-09-02T04:22:07Z</time>
        <cmt>speed: 0.2</cmt>
      </trkpt>
      <trkpt lat="47.358707" lon="8.563482">
        <ele>468</ele>
        <time>2024-09-02T04:32:06Z</time>
        <cmt>speed: 0.1</cmt>
      </trkpt>
      <trkpt lat="47.358781" lon="8.564036">
        <ele>449</ele>
        <time>2024-09-02T04:42:06Z</time>
        <cmt>speed: 2.4</cmt>
      </trkpt>
      <trkpt lat="47.358781" lon="8.564036">
        <ele>449</ele>
        <time>2024-09-02T04:52:02Z</time>
      </trkpt>
      <trkpt lat="47.358759" lon="8.563983">
        <ele>447</ele>
        <time>2024-09-02T04:52:07Z</time>
        <cmt>speed: 0.3</cmt>
      </trkpt>
      <trkpt lat="47.358601" lon="8.564051">
        <ele>462</ele>
        <time>2024-09-02T05:03:46Z</time>
        <cmt>speed: 0.6</cmt>
      </trkpt>
      <trkpt lat="47.358601" lon="8.564051">
        <ele>462</ele>
        <time>2024-09-02T05:13:41Z</time>
      </trkpt>
      <trkpt lat="47.358501" lon="8.563665">
        <ele>452</ele>
        <time>2024-09-02T05:13:45Z</time>
        <cmt>speed: 0.1</cmt>
      </trkpt>
      <trkpt lat="47.358554" lon="8.563655">
        <ele>446</ele>
        <time>2024-09-02T05:23:44Z</time>
        <cmt>speed: 1.6</cmt>
      </trkpt>
      <trkpt lat="47.358265" lon="8.564058">
        <ele>464</ele>
        <time>2024-09-02T05:33:44Z</time>
        <cmt>speed: 1.3</cmt>
      </trkpt>
      <trkpt lat="47.358094" lon="8.564398">
        <ele>453</ele>
        <time>2024-09-02T05:43:45Z</time>
        <cmt>speed: 0.0</cmt>
      </trkpt>
      <trkpt lat="47.357728" lon="8.563912">
        <ele>447</ele>
        <time>2024-09-02T05:53:51Z</time>
        <cmt>speed: 1.0</cmt>
      </trkpt>
      <trkpt lat="47.357688" lon="8.563979">
        <ele>395</ele>
        <time>2024-09-02T06:03:45Z</time>
        <cmt>speed: 0.3</cmt>
      </trkpt>
      <trkpt lat="47.357688" lon="8.563979">
        <ele>395</ele>
        <time>2024-09-02T06:13:40Z</time>
      </trkpt>
      <trkpt lat="47.357636" lon="8.563823">
        <ele>456</ele>
        <time>2024-09-02T06:13:45Z</time>
        <cmt>speed: 0.1</cmt>
      </trkpt>
      <trkpt lat="47.357769" lon="8.563856">
        <ele>412</ele>
        <time>2024-09-02T06:23:45Z</time>
        <cmt>speed: 0.7</cmt>
      </trkpt>
      <trkpt lat="47.357598" lon="8.563495">
        <ele>463</ele>
        <time>2024-09-02T06:33:45Z</time>
        <cmt>speed: 0.6</cmt>
      </trkpt>
      <trkpt lat="47.357696" lon="8.563449">
        <ele>430</ele>
        <time>2024-09-02T06:43:46Z</time>
        <cmt>speed: 0.6</cmt>
      </trkpt>
      <trkpt lat="47.357696" lon="8.563449">
        <ele>430</ele>
        <time>2024-09-02T06:53:43Z</time>
      </trkpt>
      <trkpt lat="47.357646" lon="8.563453">
        <ele>456</ele>
        <time>2024-09-02T06:53:48Z</time>
        <cmt>speed: 0.0</cmt>
      </trkpt>
      <trkpt lat="47.357704" lon="8.563595">
        <ele>450</ele>
        <time>2024-09-02T07:03:47Z</time>
        <cmt>speed: 0.0</cmt>
      </trkpt>
      <trkpt lat="47.357704" lon="8.563595">
        <ele>450</ele>
        <time>2024-09-02T07:13:42Z</time>
      </trkpt>
      <trkpt lat="47.357765" lon="8.563498">
        <ele>448</ele>
        <time>2024-09-02T07:13:47Z</time>
        <cmt>speed: 0.1</cmt>
      </trkpt>
      <trkpt lat="47.357653" lon="8.563588">
        <ele>432</ele>
        <time>2024-09-02T07:23:45Z</time>
        <cmt>speed: 0.2</cmt>
      </trkpt>
      <trkpt lat="47.357653" lon="8.563588">
        <ele>432</ele>
        <time>2024-09-02T07:33:41Z</time>
      </trkpt>
      <trkpt lat="47.357782" lon="8.563492">
        <ele>442</ele>
        <time>2024-09-02T07:33:46Z</time>
        <cmt>speed: 2.0</cmt>
      </trkpt>
      <trkpt lat="47.357759" lon="8.563543">
        <ele>442</ele>
        <time>2024-09-02T07:43:45Z</time>
        <cmt>speed: 0.2</cmt>
      </trkpt>
      <trkpt lat="47.357759" lon="8.563543">
        <ele>442</ele>
        <time>2024-09-02T07:53:39Z</time>
      </trkpt>
      <trkpt lat="47.357794" lon="8.563474">
        <ele>434</ele>
        <time>2024-09-02T07:53:44Z</time>
        <cmt>speed: 0.5</cmt>
      </trkpt>
      <trkpt lat="47.357748" lon="8.563524">
        <ele>445</ele>
        <time>2024-09-02T08:04:25Z</time>
        <cmt>speed: 0.1</cmt>
      </trkpt>
      <trkpt lat="47.357748" lon="8.563524">
        <ele>445</ele>
        <time>2024-09-02T08:14:18Z</time>
      </trkpt>
      <trkpt lat="47.357752" lon="8.563498">
        <ele>451</ele>
        <time>2024-09-02T08:14:23Z</time>
        <cmt>speed: 0.5</cmt>
      </trkpt>
      <trkpt lat="47.357702" lon="8.563424">
        <ele>455</ele>
        <time>2024-09-02T08:24:25Z</time>
        <cmt>speed: 0.3</cmt>
      </trkpt>
      <trkpt lat="47.358172" lon="8.561309">
        <ele>409</ele>
        <time>2024-09-02T08:34:24Z</time>
        <cmt>speed: 0.6</cmt>
      </trkpt>
      <trkpt lat="47.358646" lon="8.560657">
        <ele>458</ele>
        <time>2024-09-02T08:44:25Z</time>
        <cmt>speed: 0.3</cmt>
      </trkpt>
      <trkpt lat="47.358646" lon="8.560657">
        <ele>458</ele>
        <time>2024-09-02T08:54:20Z</time>
      </trkpt>
      <trkpt lat="47.358499" lon="8.560889">
        <ele>449</ele>
        <time>2024-09-02T08:54:25Z</time>
        <cmt>speed: 0.6</cmt>
      </trkpt>
      <trkpt lat="47.358612" lon="8.560849">
        <ele>433</ele>
        <time>2024-09-02T09:04:35Z</time>
        <cmt>speed: 0.2</cmt>
      </trkpt>
      <trkpt lat="47.358811" lon="8.56088">
        <ele>418</ele>
        <time>2024-09-02T09:24:27Z</time>
        <cmt>speed: 1.4</cmt>
      </trkpt>
      <trkpt lat="47.358542" lon="8.560822">
        <ele>441</ele>
        <time>2024-09-02T09:34:46Z</time>
        <cmt>speed: 0.2</cmt>
      </trkpt>
      <trkpt lat="47.358048" lon="8.560126">
        <ele>451</ele>
        <time>2024-09-02T09:44:23Z</time>
        <cmt>speed: 0.1</cmt>
      </trkpt>
      <trkpt lat="47.358048" lon="8.560126">
        <ele>451</ele>
        <time>2024-09-02T09:54:20Z</time>
      </trkpt>
      <trkpt lat="47.3581" lon="8.560658">
        <ele>443</ele>
        <time>2024-09-02T09:54:25Z</time>
        <cmt>speed: 0.2</cmt>
      </trkpt>
      <trkpt lat="47.358376" lon="8.559619">
        <ele>432</ele>
        <time>2024-09-02T10:04:25Z</time>
        <cmt>speed: 0.9</cmt>
      </trkpt>
      <trkpt lat="47.359319" lon="8.559373">
        <ele>426</ele>
        <time>2024-09-02T10:14:24Z</time>
        <cmt>speed: 0.8</cmt>
      </trkpt>
      <trkpt lat="47.35939" lon="8.561226">
        <ele>425</ele>
        <time>2024-09-02T10:24:28Z</time>
        <cmt>speed: 0.9</cmt>
      </trkpt>
      <trkpt lat="47.359378" lon="8.562092">
        <ele>471</ele>
        <time>2024-09-02T10:34:40Z</time>
        <cmt>speed: 0.8</cmt>
      </trkpt>
      <trkpt lat="47.359124" lon="8.561602">
        <ele>449</ele>
        <time>2024-09-02T14:28:34Z</time>
        <cmt>speed: 0.3</cmt>
      </trkpt>
      <trkpt lat="47.359101" lon="8.561704">
        <ele>476</ele>
        <time>2024-09-02T14:28:56Z</time>
        <cmt>speed: 0.1</cmt>
      </trkpt>
      <trkpt lat="47.35906" lon="8.561646">
        <ele>466</ele>
        <time>2024-09-02T14:29:00Z</time>
        <cmt>speed: 0.0</cmt>
      </trkpt>
      <trkpt lat="47.35906" lon="8.561646">
        <ele>466</ele>
        <time>2024-09-02T14:29:04Z</time>
        <cmt>speed: 0.0</cmt>
      </trkpt>
      <trkpt lat="47.35906" lon="8.561646">
        <ele>466</ele>
        <time>2024-09-02T14:29:08Z</time>
        <cmt>speed: 0.0</cmt>
      </trkpt>
      <trkpt lat="47.359328" lon="8.561999">
        <ele>414</ele>
        <time>2024-09-02T14:38:31Z</time>
        <cmt>speed: 1.6</cmt>
      </trkpt>
      <trkpt lat="47.358987" lon="8.561504">
        <ele>436</ele>
        <time>2024-09-02T14:48:32Z</time>
        <cmt>speed: 0.0</cmt>
      </trkpt>
      <trkpt lat="47.358987" lon="8.561504">
        <ele>436</ele>
        <time>2024-09-02T14:48:46Z</time>
      </trkpt>
      <trkpt lat="47.358854" lon="8.561231">
        <ele>435</ele>
        <time>2024-09-02T14:58:29Z</time>
        <cmt>speed: 0.1</cmt>
      </trkpt>
      <trkpt lat="47.358814" lon="8.561211">
        <ele>446</ele>
        <time>2024-09-02T15:08:31Z</time>
        <cmt>speed: 0.5</cmt>
      </trkpt>
      <trkpt lat="47.358814" lon="8.561211">
        <ele>446</ele>
        <time>2024-09-02T15:08:46Z</time>
      </trkpt>
      <trkpt lat="47.358879" lon="8.561535">
        <ele>436</ele>
        <time>2024-09-02T15:18:29Z</time>
        <cmt>speed: 0.2</cmt>
      </trkpt>
      <trkpt lat="47.360453" lon="8.563844">
        <ele>412</ele>
        <time>2024-09-02T15:28:30Z</time>
        <cmt>speed: 0.3</cmt>
      </trkpt>
      <trkpt lat="47.360453" lon="8.563844">
        <ele>412</ele>
        <time>2024-09-02T15:28:46Z</time>
      </trkpt>
      <trkpt lat="47.359959" lon="8.563643">
        <ele>434</ele>
        <time>2024-09-02T15:29:15Z</time>
      </trkpt>
      <trkpt lat="47.359959" lon="8.563643">
        <ele>434</ele>
        <time>2024-09-02T15:29:41Z</time>
      </trkpt>
      <trkpt lat="47.359959" lon="8.563643">
        <ele>434</ele>
        <time>2024-09-02T15:29:44Z</time>
      </trkpt>
      <trkpt lat="47.359959" lon="8.563643">
        <ele>434</ele>
        <time>2024-09-02T15:39:44Z</time>
      </trkpt>
      <trkpt lat="47.359959" lon="8.563643">
        <ele>434</ele>
        <time>2024-09-02T15:49:44Z</time>
      </trkpt>
      <trkpt lat="47.359959" lon="8.563643">
        <ele>434</ele>
        <time>2024-09-02T15:55:42Z</time>
      </trkpt>
      <trkpt lat="47.360272" lon="8.563924">
        <ele>422</ele>
        <time>2024-09-02T15:59:20Z</time>
        <cmt>speed: 5.1</cmt>
      </trkpt>
      <trkpt lat="47.359959" lon="8.563643">
        <ele>434</ele>
        <time>2024-09-02T16:04:05Z</time>
      </trkpt>
      <trkpt lat="47.359749" lon="8.563442">
        <ele>474</ele>
        <time>2024-09-02T16:06:03Z</time>
        <cmt>speed: 1.1</cmt>
      </trkpt>
      <trkpt lat="47.3599" lon="8.563517">
        <ele>463</ele>
        <time>2024-09-02T16:16:00Z</time>
        <cmt>speed: 0.1</cmt>
      </trkpt>
      <trkpt lat="47.359649" lon="8.563196">
        <ele>432</ele>
        <time>2024-09-02T16:36:05Z</time>
        <cmt>speed: 1.9</cmt>
      </trkpt>
      <trkpt lat="47.359649" lon="8.563196">
        <ele>432</ele>
        <time>2024-09-02T16:45:57Z</time>
      </trkpt>
      <trkpt lat="47.359832" lon="8.563367">
        <ele>498</ele>
        <time>2024-09-02T16:51:54Z</time>
        <cmt>speed: 0.0</cmt>
      </trkpt>
      <trkpt lat="47.359974" lon="8.56367">
        <ele>434</ele>
        <time>2024-09-02T17:05:39Z</time>
      </trkpt>
      <trkpt lat="47.359766" lon="8.563456">
        <ele>421</ele>
        <time>2024-09-02T17:11:46Z</time>
        <cmt>speed: 0.1</cmt>
      </trkpt>
      <trkpt lat="47.359864" lon="8.563437">
        <ele>420</ele>
        <time>2024-09-02T17:21:47Z</time>
        <cmt>speed: 1.0</cmt>
      </trkpt>
      <trkpt lat="47.359864" lon="8.563437">
        <ele>420</ele>
        <time>2024-09-02T17:31:47Z</time>
      </trkpt>
      <trkpt lat="47.359707" lon="8.563405">
        <ele>401</ele>
        <time>2024-09-02T17:31:54Z</time>
        <cmt>speed: 10.1</cmt>
      </trkpt>
      <trkpt lat="47.359707" lon="8.563405">
        <ele>401</ele>
        <time>2024-09-02T17:51:46Z</time>
      </trkpt>
      <trkpt lat="47.359422" lon="8.563352">
        <ele>400</ele>
        <time>2024-09-02T17:51:53Z</time>
        <cmt>speed: 1.2</cmt>
      </trkpt>
      <trkpt lat="47.359686" lon="8.564416">
        <ele>489</ele>
        <time>2024-09-02T18:01:48Z</time>
        <cmt>speed: 0.1</cmt>
      </trkpt>
      <trkpt lat="47.359974" lon="8.56367">
        <ele>434</ele>
        <time>2024-09-02T18:02:07Z</time>
      </trkpt>
      <trkpt lat="47.359732" lon="8.563289">
        <ele>415</ele>
        <time>2024-09-02T18:04:03Z</time>
        <cmt>speed: 0.2</cmt>
      </trkpt>
      <trkpt lat="47.359535" lon="8.563798">
        <ele>443</ele>
        <time>2024-09-02T18:14:06Z</time>
        <cmt>speed: 10.8</cmt>
      </trkpt>
      <trkpt lat="47.359535" lon="8.563798">
        <ele>443</ele>
        <time>2024-09-02T18:23:57Z</time>
      </trkpt>
      <trkpt lat="47.359915" lon="8.563282">
        <ele>437</ele>
        <time>2024-09-02T18:24:04Z</time>
        <cmt>speed: 0.0</cmt>
      </trkpt>
      <trkpt lat="47.359728" lon="8.563345">
        <ele>448</ele>
        <time>2024-09-02T18:34:04Z</time>
        <cmt>speed: 0.0</cmt>
      </trkpt>
      <trkpt lat="47.360398" lon="8.562511">
        <ele>423</ele>
        <time>2024-09-02T18:44:04Z</time>
        <cmt>speed: 1.4</cmt>
      </trkpt>
      <trkpt lat="47.358982" lon="8.56137">
        <ele>467</ele>
        <time>2024-09-02T18:54:05Z</time>
        <cmt>speed: 0.6</cmt>
      </trkpt>
      <trkpt lat="47.358982" lon="8.56137">
        <ele>467</ele>
        <time>2024-09-02T19:04:00Z</time>
      </trkpt>
      <trkpt lat="47.358972" lon="8.561798">
        <ele>470</ele>
        <time>2024-09-02T19:04:07Z</time>
        <cmt>speed: 0.2</cmt>
      </trkpt>
      <trkpt lat="47.358965" lon="8.561678">
        <ele>461</ele>
        <time>2024-09-02T19:14:05Z</time>
        <cmt>speed: 1.0</cmt>
      </trkpt>
      <trkpt lat="47.358846" lon="8.561817">
        <ele>404</ele>
        <time>2024-09-02T19:24:03Z</time>
        <cmt>speed: 0.5</cmt>
      </trkpt>
      <trkpt lat="47.359215" lon="8.562895">
        <ele>441</ele>
        <time>2024-09-02T19:34:04Z</time>
        <cmt>speed: 0.1</cmt>
      </trkpt>
      <trkpt lat="47.359414" lon="8.564769">
        <ele>449</ele>
        <time>2024-09-02T19:44:04Z</time>
        <cmt>speed: 0.7</cmt>
      </trkpt>
      <trkpt lat="47.358141" lon="8.565165">
        <ele>441</ele>
        <time>2024-09-02T19:54:07Z</time>
        <cmt>speed: 0.1</cmt>
      </trkpt>
      <trkpt lat="47.358414" lon="8.564286">
        <ele>428</ele>
        <time>2024-09-02T20:04:05Z</time>
        <cmt>speed: 3.7</cmt>
      </trkpt>
      <trkpt lat="47.359013" lon="8.562905">
        <ele>448</ele>
        <time>2024-09-02T20:14:03Z</time>
        <cmt>speed: 1.7</cmt>
      </trkpt>
      <trkpt lat="47.359304" lon="8.560383">
        <ele>424</ele>
        <time>2024-09-02T20:34:07Z</time>
        <cmt>speed: 0.1</cmt>
      </trkpt>
      <trkpt lat="47.360481" lon="8.560904">
        <ele>412</ele>
        <time>2024-09-02T20:44:09Z</time>
        <cmt>speed: 0.9</cmt>
      </trkpt>
      <trkpt lat="47.360064" lon="8.560845">
        <ele>412</ele>
        <time>2024-09-02T20:54:06Z</time>
        <cmt>speed: 12.8</cmt>
      </trkpt>
      <trkpt lat="47.360066" lon="8.563265">
        <ele>384</ele>
        <time>2024-09-02T21:14:11Z</time>
        <cmt>speed: 0.5</cmt>
      </trkpt>
      <trkpt lat="47.359974" lon="8.56367">
        <ele>434</ele>
        <time>2024-09-02T21:21:21Z</time>
      </trkpt>
      <trkpt lat="47.359974" lon="8.56367">
        <ele>434</ele>
        <time>2024-09-02T21:36:21Z</time>
      </trkpt>
      <trkpt lat="47.359974" lon="8.56367">
        <ele>434</ele>
        <time>2024-09-02T21:40:42Z</time>
      </trkpt>
      <trkpt lat="47.359938" lon="8.56334">
        <ele>496</ele>
        <time>2024-09-02T21:40:53Z</time>
        <cmt>speed: 7.7</cmt>
      </trkpt>
      <trkpt lat="47.360236" lon="8.562297">
        <ele>410</ele>
        <time>2024-09-02T21:51:00Z</time>
        <cmt>speed: 4.1</cmt>
      </trkpt>
      <trkpt lat="47.360109" lon="8.56203">
        <ele>395</ele>
        <time>2024-09-02T22:00:56Z</time>
        <cmt>speed: 0.2</cmt>
      </trkpt>
      <trkpt lat="47.359414" lon="8.561534">
        <ele>458</ele>
        <time>2024-09-02T22:10:54Z</time>
        <cmt>speed: 0.9</cmt>
      </trkpt>
      <trkpt lat="47.358432" lon="8.560537">
        <ele>442</ele>
        <time>2024-09-02T22:21:01Z</time>
        <cmt>speed: 1.0</cmt>
      </trkpt>
      <trkpt lat="47.358319" lon="8.560598">
        <ele>444</ele>
        <time>2024-09-02T22:30:52Z</time>
        <cmt>speed: 1.5</cmt>
      </trkpt>
      <trkpt lat="47.358628" lon="8.560714">
        <ele>473</ele>
        <time>2024-09-02T22:50:57Z</time>
        <cmt>speed: 0.5</cmt>
      </trkpt>
      <trkpt lat="47.358628" lon="8.560714">
        <ele>473</ele>
        <time>2024-09-02T23:00:48Z</time>
      </trkpt>
      <trkpt lat="47.359428" lon="8.560875">
        <ele>446</ele>
        <time>2024-09-02T23:00:56Z</time>
        <cmt>speed: 0.0</cmt>
      </trkpt>
      <trkpt lat="47.359213" lon="8.560905">
        <ele>445</ele>
        <time>2024-09-02T23:12:03Z</time>
        <cmt>speed: 5.7</cmt>
      </trkpt>
      <trkpt lat="47.359213" lon="8.560905">
        <ele>445</ele>
        <time>2024-09-02T23:21:54Z</time>
      </trkpt>
      <trkpt lat="47.359071" lon="8.560706">
        <ele>392</ele>
        <time>2024-09-02T23:22:02Z</time>
        <cmt>speed: 32.1</cmt>
      </trkpt>
      <trkpt lat="47.359007" lon="8.561005">
        <ele>446</ele>
        <time>2024-09-02T23:32:05Z</time>
        <cmt>speed: 10.0</cmt>
      </trkpt>
      <trkpt lat="47.359007" lon="8.561005">
        <ele>446</ele>
        <time>2024-09-02T23:41:55Z</time>
      </trkpt>
      <trkpt lat="47.359308" lon="8.56092">
        <ele>412</ele>
        <time>2024-09-02T23:42:03Z</time>
        <cmt>speed: 0.2</cmt>
      </trkpt>
      <trkpt lat="47.358446" lon="8.560416">
        <ele>451</ele>
        <time>2024-09-02T23:52:10Z</time>
        <cmt>speed: 0.9</cmt>
      </trkpt>
      <trkpt lat="47.359729" lon="8.559907">
        <ele>461</ele>
        <time>2024-09-03T00:02:01Z</time>
        <cmt>speed: 0.2</cmt>
      </trkpt>
      <trkpt lat="47.359958" lon="8.560105">
        <ele>421</ele>
        <time>2024-09-03T00:12:07Z</time>
        <cmt>speed: 1.3</cmt>
      </trkpt>
      <trkpt lat="47.359958" lon="8.560105">
        <ele>421</ele>
        <time>2024-09-03T00:42:02Z</time>
      </trkpt>
      <trkpt lat="47.363845" lon="8.560477">
        <ele>413</ele>
        <time>2024-09-03T00:42:10Z</time>
        <cmt>speed: 16.0</cmt>
      </trkpt>
      <trkpt lat="47.360024" lon="8.560885">
        <ele>424</ele>
        <time>2024-09-03T00:52:18Z</time>
        <cmt>speed: 0.1</cmt>
      </trkpt>
      <trkpt lat="47.359576" lon="8.560755">
        <ele>415</ele>
        <time>2024-09-03T01:02:01Z</time>
        <cmt>speed: 1.5</cmt>
      </trkpt>
      <trkpt lat="47.359781" lon="8.559686">
        <ele>442</ele>
        <time>2024-09-03T01:12:00Z</time>
        <cmt>speed: 0.7</cmt>
      </trkpt>
      <trkpt lat="47.360308" lon="8.560055">
        <ele>460</ele>
        <time>2024-09-03T01:32:02Z</time>
        <cmt>speed: 0.9</cmt>
      </trkpt>
      <trkpt lat="47.360228" lon="8.559792">
        <ele>444</ele>
        <time>2024-09-03T01:42:01Z</time>
        <cmt>speed: 0.6</cmt>
      </trkpt>
      <trkpt lat="47.360294" lon="8.563103">
        <ele>463</ele>
        <time>2024-09-03T01:52:02Z</time>
        <cmt>speed: 0.6</cmt>
      </trkpt>
      <trkpt lat="47.360236" lon="8.561133">
        <ele>439</ele>
        <time>2024-09-03T02:02:01Z</time>
        <cmt>speed: 0.8</cmt>
      </trkpt>
      <trkpt lat="47.360236" lon="8.561133">
        <ele>439</ele>
        <time>2024-09-03T02:02:01Z</time>
      </trkpt>
      <trkpt lat="47.359887" lon="8.560282">
        <ele>431</ele>
        <time>2024-09-03T02:12:03Z</time>
        <cmt>speed: 0.2</cmt>
      </trkpt>
      <trkpt lat="47.359898" lon="8.559849">
        <ele>433</ele>
        <time>2024-09-03T02:22:05Z</time>
        <cmt>speed: 1.1</cmt>
      </trkpt>
      <trkpt lat="47.358932" lon="8.561713">
        <ele>426</ele>
        <time>2024-09-03T02:32:01Z</time>
        <cmt>speed: 0.5</cmt>
      </trkpt>
      <trkpt lat="47.358671" lon="8.56217">
        <ele>435</ele>
        <time>2024-09-03T02:42:00Z</time>
        <cmt>speed: 0.4</cmt>
      </trkpt>
      <trkpt lat="47.3581" lon="8.561047">
        <ele>455</ele>
        <time>2024-09-03T02:52:02Z</time>
        <cmt>speed: 1.5</cmt>
      </trkpt>
      <trkpt lat="47.358533" lon="8.560766">
        <ele>456</ele>
        <time>2024-09-03T03:02:01Z</time>
        <cmt>speed: 1.5</cmt>
      </trkpt>
      <trkpt lat="47.359751" lon="8.559907">
        <ele>433</ele>
        <time>2024-09-03T03:12:03Z</time>
        <cmt>speed: 0.1</cmt>
      </trkpt>
      <trkpt lat="47.360193" lon="8.560705">
        <ele>433</ele>
        <time>2024-09-03T03:22:05Z</time>
        <cmt>speed: 0.2</cmt>
      </trkpt>
      <trkpt lat="47.360193" lon="8.560705">
        <ele>433</ele>
        <time>2024-09-03T03:22:05Z</time>
      </trkpt>
      <trkpt lat="47.36015" lon="8.561201">
        <ele>430</ele>
        <time>2024-09-03T03:32:02Z</time>
        <cmt>speed: 0.8</cmt>
      </trkpt>
      <trkpt lat="47.359397" lon="8.562506">
        <ele>439</ele>
        <time>2024-09-03T03:42:00Z</time>
        <cmt>speed: 0.9</cmt>
      </trkpt>
      <trkpt lat="47.358601" lon="8.560225">
        <ele>442</ele>
        <time>2024-09-03T03:52:03Z</time>
        <cmt>speed: 0.5</cmt>
      </trkpt>
      <trkpt lat="47.358221" lon="8.561632">
        <ele>425</ele>
        <time>2024-09-03T04:02:00Z</time>
        <cmt>speed: 0.0</cmt>
      </trkpt>
      <trkpt lat="47.358746" lon="8.56232">
        <ele>431</ele>
        <time>2024-09-03T04:12:01Z</time>
        <cmt>speed: 0.5</cmt>
      </trkpt>
      <trkpt lat="47.358746" lon="8.56232">
        <ele>431</ele>
        <time>2024-09-03T04:21:59Z</time>
      </trkpt>
      <trkpt lat="47.358475" lon="8.563133">
        <ele>449</ele>
        <time>2024-09-03T04:22:00Z</time>
        <cmt>speed: 0.2</cmt>
      </trkpt>
      <trkpt lat="47.358688" lon="8.564413">
        <ele>473</ele>
        <time>2024-09-03T04:32:01Z</time>
        <cmt>speed: 0.0</cmt>
      </trkpt>
      <trkpt lat="47.358665" lon="8.564643">
        <ele>476</ele>
        <time>2024-09-03T04:41:59Z</time>
        <cmt>speed: 1.1</cmt>
      </trkpt>
      <trkpt lat="47.358665" lon="8.564643">
        <ele>476</ele>
        <time>2024-09-03T04:41:59Z</time>
      </trkpt>
      <trkpt lat="47.358403" lon="8.564638">
        <ele>460</ele>
        <time>2024-09-03T04:52:01Z</time>
        <cmt>speed: 0.3</cmt>
      </trkpt>
      <trkpt lat="47.358311" lon="8.564515">
        <ele>470</ele>
        <time>2024-09-03T05:02:03Z</time>
        <cmt>speed: 0.1</cmt>
      </trkpt>
      <trkpt lat="47.358306" lon="8.564545">
        <ele>456</ele>
        <time>2024-09-03T05:12:01Z</time>
        <cmt>speed: 0.8</cmt>
      </trkpt>
      <trkpt lat="47.358306" lon="8.564545">
        <ele>456</ele>
        <time>2024-09-03T05:21:59Z</time>
      </trkpt>
      <trkpt lat="47.358458" lon="8.564619">
        <ele>418</ele>
        <time>2024-09-03T05:22:00Z</time>
        <cmt>speed: 1.2</cmt>
      </trkpt>
      <trkpt lat="47.35868" lon="8.565502">
        <ele>455</ele>
        <time>2024-09-03T05:32:00Z</time>
        <cmt>speed: 0.4</cmt>
      </trkpt>
      <trkpt lat="47.359718" lon="8.56369">
        <ele>480</ele>
        <time>2024-09-03T05:42:02Z</time>
        <cmt>speed: 0.4</cmt>
      </trkpt>
      <trkpt lat="47.359974" lon="8.56367">
        <ele>434</ele>
        <time>2024-09-03T05:47:37Z</time>
      </trkpt>
      <trkpt lat="47.359959" lon="8.563643">
        <ele>434</ele>
        <time>2024-09-03T06:02:37Z</time>
      </trkpt>
      <trkpt lat="47.359974" lon="8.56367">
        <ele>434</ele>
        <time>2024-09-03T07:37:49Z</time>
      </trkpt>
      <trkpt lat="47.359959" lon="8.563643">
        <ele>434</ele>
        <time>2024-09-03T07:47:49Z</time>
      </trkpt>
      <trkpt lat="47.359974" lon="8.56367">
        <ele>434</ele>
        <time>2024-09-03T08:02:49Z</time>
      </trkpt>
      <trkpt lat="47.359974" lon="8.56367">
        <ele>434</ele>
        <time>2024-09-03T08:07:25Z</time>
      </trkpt>
      <trkpt lat="47.359974" lon="8.56367">
        <ele>434</ele>
        <time>2024-09-03T08:12:20Z</time>
      </trkpt>
      <trkpt lat="47.359496" lon="8.563518">
        <ele>477</ele>
        <time>2024-09-03T08:12:21Z</time>
        <cmt>speed: 0.0</cmt>
      </trkpt>
      <trkpt lat="47.359974" lon="8.56367">
        <ele>434</ele>
        <time>2024-09-03T08:15:57Z</time>
      </trkpt>
      <trkpt lat="47.359974" lon="8.56367">
        <ele>434</ele>
        <time>2024-09-03T08:30:57Z</time>
      </trkpt>
      <trkpt lat="47.360047" lon="8.563171">
        <ele>441</ele>
        <time>2024-09-03T08:41:21Z</time>
        <cmt>speed: 0.6</cmt>
      </trkpt>
      <trkpt lat="47.359132" lon="8.561405">
        <ele>442</ele>
        <time>2024-09-03T09:01:23Z</time>
        <cmt>speed: 0.9</cmt>
      </trkpt>
      <trkpt lat="47.358462" lon="8.562614">
        <ele>431</ele>
        <time>2024-09-03T09:11:21Z</time>
        <cmt>speed: 0.0</cmt>
      </trkpt>
      <trkpt lat="47.358309" lon="8.562708">
        <ele>422</ele>
        <time>2024-09-03T09:21:21Z</time>
        <cmt>speed: 0.1</cmt>
      </trkpt>
      <trkpt lat="47.358309" lon="8.562708">
        <ele>422</ele>
        <time>2024-09-03T09:21:22Z</time>
      </trkpt>
      <trkpt lat="47.358603" lon="8.56261">
        <ele>463</ele>
        <time>2024-09-03T09:31:21Z</time>
        <cmt>speed: 0.2</cmt>
      </trkpt>
      <trkpt lat="47.359086" lon="8.562218">
        <ele>441</ele>
        <time>2024-09-03T09:41:20Z</time>
        <cmt>speed: 0.1</cmt>
      </trkpt>
      <trkpt lat="47.359473" lon="8.561741">
        <ele>441</ele>
        <time>2024-09-03T09:51:24Z</time>
        <cmt>speed: 3.1</cmt>
      </trkpt>
      <trkpt lat="47.359473" lon="8.561741">
        <ele>441</ele>
        <time>2024-09-03T10:01:24Z</time>
      </trkpt>
      <trkpt lat="47.359411" lon="8.561791">
        <ele>443</ele>
        <time>2024-09-03T10:01:25Z</time>
        <cmt>speed: 0.0</cmt>
      </trkpt>
      <trkpt lat="47.359411" lon="8.561791">
        <ele>443</ele>
        <time>2024-09-03T14:21:21Z</time>
      </trkpt>
      <trkpt lat="47.359415" lon="8.56184">
        <ele>442</ele>
        <time>2024-09-03T14:21:23Z</time>
        <cmt>speed: 0.3</cmt>
      </trkpt>
      <trkpt lat="47.359736" lon="8.562005">
        <ele>381</ele>
        <time>2024-09-03T14:41:14Z</time>
        <cmt>speed: 0.4</cmt>
      </trkpt>
      <trkpt lat="47.359031" lon="8.562293">
        <ele>443</ele>
        <time>2024-09-03T14:51:09Z</time>
        <cmt>speed: 0.4</cmt>
      </trkpt>
      <trkpt lat="47.35873" lon="8.563055">
        <ele>462</ele>
        <time>2024-09-03T15:01:06Z</time>
        <cmt>speed: 1.0</cmt>
      </trkpt>
      <trkpt lat="47.358894" lon="8.563062">
        <ele>462</ele>
        <time>2024-09-03T15:11:07Z</time>
        <cmt>speed: 0.3</cmt>
      </trkpt>
      <trkpt lat="47.359974" lon="8.56367">
        <ele>434</ele>
        <time>2024-09-03T15:21:56Z</time>
      </trkpt>
      <trkpt lat="47.359974" lon="8.56367">
        <ele>434</ele>
        <time>2024-09-03T15:36:56Z</time>
      </trkpt>
      <trkpt lat="47.359974" lon="8.56367">
        <ele>434</ele>
        <time>2024-09-04T02:10:15Z</time>
      </trkpt>
      <trkpt lat="47.35957" lon="8.564397">
        <ele>499</ele>
        <time>2024-09-04T02:10:47Z</time>
        <cmt>speed: 0.7</cmt>
      </trkpt>
      <trkpt lat="47.359255" lon="8.56315">
        <ele>438</ele>
        <time>2024-09-04T02:20:21Z</time>
        <cmt>speed: 0.4</cmt>
      </trkpt>
      <trkpt lat="47.359" lon="8.562776">
        <ele>449</ele>
        <time>2024-09-04T02:30:22Z</time>
        <cmt>speed: 0.0</cmt>
      </trkpt>
      <trkpt lat="47.359" lon="8.562776">
        <ele>449</ele>
        <time>2024-09-04T02:30:43Z</time>
      </trkpt>
      <trkpt lat="47.35899" lon="8.56269">
        <ele>454</ele>
        <time>2024-09-04T02:40:21Z</time>
        <cmt>speed: 0.9</cmt>
      </trkpt>
      <trkpt lat="47.359097" lon="8.562874">
        <ele>435</ele>
        <time>2024-09-04T02:50:22Z</time>
        <cmt>speed: 0.3</cmt>
      </trkpt>
      <trkpt lat="47.359104" lon="8.562701">
        <ele>506</ele>
        <time>2024-09-04T03:00:22Z</time>
        <cmt>speed: 0.3</cmt>
      </trkpt>
      <trkpt lat="47.360047" lon="8.561544">
        <ele>376</ele>
        <time>2024-09-04T03:10:24Z</time>
        <cmt>speed: 0.7</cmt>
      </trkpt>
      <trkpt lat="47.360206" lon="8.560309">
        <ele>481</ele>
        <time>2024-09-04T03:20:23Z</time>
        <cmt>speed: 1.6</cmt>
      </trkpt>
      <trkpt lat="47.35971" lon="8.56031">
        <ele>456</ele>
        <time>2024-09-04T03:30:29Z</time>
        <cmt>speed: 0.0</cmt>
      </trkpt>
      <trkpt lat="47.358761" lon="8.561677">
        <ele>397</ele>
        <time>2024-09-04T03:40:24Z</time>
        <cmt>speed: 0.6</cmt>
      </trkpt>
      <trkpt lat="47.358305" lon="8.562138">
        <ele>415</ele>
        <time>2024-09-04T03:50:21Z</time>
        <cmt>speed: 0.8</cmt>
      </trkpt>
      <trkpt lat="47.357878" lon="8.561436">
        <ele>456</ele>
        <time>2024-09-04T04:00:22Z</time>
        <cmt>speed: 1.1</cmt>
      </trkpt>
      <trkpt lat="47.358438" lon="8.560755">
        <ele>436</ele>
        <time>2024-09-04T04:10:22Z</time>
        <cmt>speed: 1.0</cmt>
      </trkpt>
      <trkpt lat="47.359163" lon="8.561432">
        <ele>428</ele>
        <time>2024-09-04T04:20:23Z</time>
        <cmt>speed: 0.6</cmt>
      </trkpt>
      <trkpt lat="47.358553" lon="8.563197">
        <ele>434</ele>
        <time>2024-09-04T04:30:20Z</time>
        <cmt>speed: 0.4</cmt>
      </trkpt>
      <trkpt lat="47.358542" lon="8.564794">
        <ele>421</ele>
        <time>2024-09-04T04:40:20Z</time>
        <cmt>speed: 0.2</cmt>
      </trkpt>
      <trkpt lat="47.358429" lon="8.564474">
        <ele>476</ele>
        <time>2024-09-04T04:50:21Z</time>
        <cmt>speed: 1.1</cmt>
      </trkpt>
      <trkpt lat="47.358656" lon="8.56466">
        <ele>451</ele>
        <time>2024-09-04T05:00:22Z</time>
        <cmt>speed: 0.1</cmt>
      </trkpt>
      <trkpt lat="47.358656" lon="8.56466">
        <ele>451</ele>
        <time>2024-09-04T05:10:16Z</time>
      </trkpt>
      <trkpt lat="47.358369" lon="8.564885">
        <ele>461</ele>
        <time>2024-09-04T05:10:20Z</time>
        <cmt>speed: 0.6</cmt>
      </trkpt>
      <trkpt lat="47.358382" lon="8.564676">
        <ele>473</ele>
        <time>2024-09-04T05:20:21Z</time>
        <cmt>speed: 0.7</cmt>
      </trkpt>
      <trkpt lat="47.358382" lon="8.564676">
        <ele>473</ele>
        <time>2024-09-04T05:30:16Z</time>
      </trkpt>
      <trkpt lat="47.358233" lon="8.564655">
        <ele>435</ele>
        <time>2024-09-04T05:30:21Z</time>
        <cmt>speed: 1.2</cmt>
      </trkpt>
      <trkpt lat="47.357726" lon="8.564237">
        <ele>460</ele>
        <time>2024-09-04T05:40:21Z</time>
        <cmt>speed: 0.6</cmt>
      </trkpt>
      <trkpt lat="47.357726" lon="8.564237">
        <ele>460</ele>
        <time>2024-09-04T05:50:17Z</time>
      </trkpt>
      <trkpt lat="47.357484" lon="8.564847">
        <ele>452</ele>
        <time>2024-09-04T05:50:22Z</time>
        <cmt>speed: 0.5</cmt>
      </trkpt>
      <trkpt lat="47.357347" lon="8.565026">
        <ele>435</ele>
        <time>2024-09-04T06:00:22Z</time>
        <cmt>speed: 0.2</cmt>
      </trkpt>
      <trkpt lat="47.357555" lon="8.564967">
        <ele>430</ele>
        <time>2024-09-04T06:10:22Z</time>
        <cmt>speed: 0.3</cmt>
      </trkpt>
      <trkpt lat="47.357884" lon="8.565566">
        <ele>476</ele>
        <time>2024-09-04T06:20:22Z</time>
        <cmt>speed: 0.1</cmt>
      </trkpt>
      <trkpt lat="47.359872" lon="8.563819">
        <ele>406</ele>
        <time>2024-09-04T06:30:24Z</time>
        <cmt>speed: 0.5</cmt>
      </trkpt>
      <trkpt lat="47.359974" lon="8.56367">
        <ele>434</ele>
        <time>2024-09-04T06:33:26Z</time>
      </trkpt>
      <trkpt lat="47.359974" lon="8.56367">
        <ele>434</ele>
        <time>2024-09-04T06:48:26Z</time>
      </trkpt>
      <trkpt lat="47.359974" lon="8.56367">
        <ele>434</ele>
        <time>2024-09-04T08:28:32Z</time>
      </trkpt>
      <trkpt lat="47.359974" lon="8.56367">
        <ele>434</ele>
        <time>2024-09-04T08:31:02Z</time>
      </trkpt>
      <trkpt lat="47.360129" lon="8.563606">
        <ele>442</ele>
        <time>2024-09-04T08:33:19Z</time>
        <cmt>speed: 0.5</cmt>
      </trkpt>
      <trkpt lat="47.360331" lon="8.561594">
        <ele>443</ele>
        <time>2024-09-04T08:42:58Z</time>
        <cmt>speed: 0.1</cmt>
      </trkpt>
      <trkpt lat="47.359766" lon="8.560711">
        <ele>439</ele>
        <time>2024-09-04T08:53:13Z</time>
        <cmt>speed: 0.3</cmt>
      </trkpt>
      <trkpt lat="47.359766" lon="8.560711">
        <ele>439</ele>
        <time>2024-09-04T08:53:14Z</time>
      </trkpt>
      <trkpt lat="47.359863" lon="8.560721">
        <ele>465</ele>
        <time>2024-09-04T09:02:57Z</time>
        <cmt>speed: 0.0</cmt>
      </trkpt>
      <trkpt lat="47.359635" lon="8.559699">
        <ele>434</ele>
        <time>2024-09-04T09:12:57Z</time>
        <cmt>speed: 1.0</cmt>
      </trkpt>
      <trkpt lat="47.35853" lon="8.559628">
        <ele>442</ele>
        <time>2024-09-04T09:22:56Z</time>
        <cmt>speed: 0.8</cmt>
      </trkpt>
      <trkpt lat="47.35853" lon="8.559628">
        <ele>442</ele>
        <time>2024-09-04T09:32:52Z</time>
      </trkpt>
      <trkpt lat="47.357975" lon="8.560513">
        <ele>434</ele>
        <time>2024-09-04T09:32:56Z</time>
        <cmt>speed: 0.5</cmt>
      </trkpt>
      <trkpt lat="47.358323" lon="8.561652">
        <ele>372</ele>
        <time>2024-09-04T09:42:55Z</time>
        <cmt>speed: 0.5</cmt>
      </trkpt>
      <trkpt lat="47.358323" lon="8.561652">
        <ele>372</ele>
        <time>2024-09-04T09:53:06Z</time>
      </trkpt>
      <trkpt lat="47.358135" lon="8.562604">
        <ele>398</ele>
        <time>2024-09-04T09:53:11Z</time>
        <cmt>speed: 0.1</cmt>
      </trkpt>
      <trkpt lat="47.358122" lon="8.562432">
        <ele>456</ele>
        <time>2024-09-04T10:02:59Z</time>
        <cmt>speed: 0.3</cmt>
      </trkpt>
      <trkpt lat="47.359396" lon="8.563404">
        <ele>413</ele>
        <time>2024-09-04T10:12:59Z</time>
        <cmt>speed: 0.4</cmt>
      </trkpt>
      <trkpt lat="47.359912" lon="8.563935">
        <ele>447</ele>
        <time>2024-09-04T10:23:00Z</time>
        <cmt>speed: 1.6</cmt>
      </trkpt>
      <trkpt lat="47.359959" lon="8.563643">
        <ele>434</ele>
        <time>2024-09-04T10:27:14Z</time>
      </trkpt>
      <trkpt lat="47.360013" lon="8.563215">
        <ele>485</ele>
        <time>2024-09-04T10:29:09Z</time>
        <cmt>speed: 0.4</cmt>
      </trkpt>
      <trkpt lat="47.360075" lon="8.56341">
        <ele>461</ele>
        <time>2024-09-04T10:39:12Z</time>
        <cmt>speed: 0.2</cmt>
      </trkpt>
      <trkpt lat="47.359959" lon="8.563643">
        <ele>434</ele>
        <time>2024-09-04T10:48:27Z</time>
      </trkpt>
      <trkpt lat="47.359864" lon="8.563432">
        <ele>431</ele>
        <time>2024-09-04T10:50:21Z</time>
        <cmt>speed: 0.1</cmt>
      </trkpt>
      <trkpt lat="47.35999" lon="8.563665">
        <ele>392</ele>
        <time>2024-09-04T11:00:33Z</time>
        <cmt>speed: 0.9</cmt>
      </trkpt>
      <trkpt lat="47.359974" lon="8.56367">
        <ele>434</ele>
        <time>2024-09-04T11:05:13Z</time>
      </trkpt>
      <trkpt lat="47.360027" lon="8.563716">
        <ele>436</ele>
        <time>2024-09-04T11:10:21Z</time>
        <cmt>speed: 0.0</cmt>
      </trkpt>
      <trkpt lat="47.359839" lon="8.563431">
        <ele>458</ele>
        <time>2024-09-04T11:20:25Z</time>
        <cmt>speed: 0.4</cmt>
      </trkpt>
      <trkpt lat="47.359974" lon="8.56367">
        <ele>434</ele>
        <time>2024-09-04T11:36:02Z</time>
      </trkpt>
      <trkpt lat="47.359999" lon="8.563584">
        <ele>424</ele>
        <time>2024-09-04T11:38:05Z</time>
        <cmt>speed: 0.6</cmt>
      </trkpt>
      <trkpt lat="47.359307" lon="8.564458">
        <ele>437</ele>
        <time>2024-09-04T11:47:57Z</time>
        <cmt>speed: 0.7</cmt>
      </trkpt>
      <trkpt lat="47.358357" lon="8.565348">
        <ele>444</ele>
        <time>2024-09-04T11:57:57Z</time>
        <cmt>speed: 0.3</cmt>
      </trkpt>
      <trkpt lat="47.358357" lon="8.565348">
        <ele>444</ele>
        <time>2024-09-04T11:58:00Z</time>
      </trkpt>
      <trkpt lat="47.358748" lon="8.564618">
        <ele>492</ele>
        <time>2024-09-04T12:07:59Z</time>
        <cmt>speed: 0.9</cmt>
      </trkpt>
      <trkpt lat="47.358748" lon="8.564618">
        <ele>492</ele>
        <time>2024-09-04T12:18:03Z</time>
      </trkpt>
      <trkpt lat="47.358586" lon="8.564531">
        <ele>503</ele>
        <time>2024-09-04T12:18:09Z</time>
        <cmt>speed: 0.1</cmt>
      </trkpt>
      <trkpt lat="47.35861" lon="8.56464">
        <ele>483</ele>
        <time>2024-09-04T12:28:36Z</time>
        <cmt>speed: 0.4</cmt>
      </trkpt>
      <trkpt lat="47.35861" lon="8.56464">
        <ele>483</ele>
        <time>2024-09-04T12:38:12Z</time>
      </trkpt>
      <trkpt lat="47.358619" lon="8.564836">
        <ele>468</ele>
        <time>2024-09-04T12:38:18Z</time>
        <cmt>speed: 5.3</cmt>
      </trkpt>
      <trkpt lat="47.358512" lon="8.564297">
        <ele>429</ele>
        <time>2024-09-04T12:47:57Z</time>
        <cmt>speed: 0.5</cmt>
      </trkpt>
      <trkpt lat="47.358512" lon="8.564297">
        <ele>429</ele>
        <time>2024-09-04T12:58:00Z</time>
      </trkpt>
      <trkpt lat="47.358528" lon="8.564779">
        <ele>480</ele>
        <time>2024-09-04T12:58:03Z</time>
        <cmt>speed: 0.2</cmt>
      </trkpt>
      <trkpt lat="47.35851" lon="8.564682">
        <ele>470</ele>
        <time>2024-09-04T13:08:14Z</time>
        <cmt>speed: 1.5</cmt>
      </trkpt>
      <trkpt lat="47.3586" lon="8.564582">
        <ele>447</ele>
        <time>2024-09-04T13:27:59Z</time>
        <cmt>speed: 0.0</cmt>
      </trkpt>
      <trkpt lat="47.3586" lon="8.564582">
        <ele>447</ele>
        <time>2024-09-04T13:38:14Z</time>
      </trkpt>
      <trkpt lat="47.35854" lon="8.564696">
        <ele>446</ele>
        <time>2024-09-04T13:38:20Z</time>
        <cmt>speed: 0.6</cmt>
      </trkpt>
      <trkpt lat="47.358524" lon="8.564659">
        <ele>441</ele>
        <time>2024-09-04T13:47:59Z</time>
        <cmt>speed: 0.3</cmt>
      </trkpt>
      <trkpt lat="47.358575" lon="8.564743">
        <ele>466</ele>
        <time>2024-09-04T13:57:57Z</time>
        <cmt>speed: 0.5</cmt>
      </trkpt>
      <trkpt lat="47.358575" lon="8.564743">
        <ele>466</ele>
        <time>2024-09-04T13:58:00Z</time>
      </trkpt>
      <trkpt lat="47.358662" lon="8.564981">
        <ele>445</ele>
        <time>2024-09-04T14:07:56Z</time>
        <cmt>speed: 0.8</cmt>
      </trkpt>
      <trkpt lat="47.358651" lon="8.564844">
        <ele>452</ele>
        <time>2024-09-04T14:17:57Z</time>
        <cmt>speed: 0.1</cmt>
      </trkpt>
      <trkpt lat="47.358651" lon="8.564844">
        <ele>452</ele>
        <time>2024-09-04T14:18:00Z</time>
      </trkpt>
      <trkpt lat="47.358322" lon="8.564995">
        <ele>442</ele>
        <time>2024-09-04T14:27:58Z</time>
        <cmt>speed: 0.9</cmt>
      </trkpt>
      <trkpt lat="47.35842" lon="8.56473">
        <ele>433</ele>
        <time>2024-09-04T14:37:56Z</time>
        <cmt>speed: 0.2</cmt>
      </trkpt>
      <trkpt lat="47.358674" lon="8.564682">
        <ele>448</ele>
        <time>2024-09-04T14:47:56Z</time>
        <cmt>speed: 0.1</cmt>
      </trkpt>
      <trkpt lat="47.358674" lon="8.564682">
        <ele>448</ele>
        <time>2024-09-04T14:57:51Z</time>
      </trkpt>
      <trkpt lat="47.358449" lon="8.564822">
        <ele>438</ele>
        <time>2024-09-04T14:57:57Z</time>
        <cmt>speed: 0.4</cmt>
      </trkpt>
      <trkpt lat="47.358709" lon="8.564851">
        <ele>454</ele>
        <time>2024-09-04T15:07:57Z</time>
        <cmt>speed: 0.3</cmt>
      </trkpt>
      <trkpt lat="47.358709" lon="8.564851">
        <ele>454</ele>
        <time>2024-09-04T15:17:50Z</time>
      </trkpt>
      <trkpt lat="47.358551" lon="8.564792">
        <ele>452</ele>
        <time>2024-09-04T15:17:56Z</time>
        <cmt>speed: 0.4</cmt>
      </trkpt>
      <trkpt lat="47.358582" lon="8.564956">
        <ele>439</ele>
        <time>2024-09-04T15:28:03Z</time>
        <cmt>speed: 0.8</cmt>
      </trkpt>
      <trkpt lat="47.35867" lon="8.564877">
        <ele>471</ele>
        <time>2024-09-04T15:37:59Z</time>
        <cmt>speed: 0.2</cmt>
      </trkpt>
      <trkpt lat="47.358746" lon="8.564933">
        <ele>393</ele>
        <time>2024-09-04T15:47:56Z</time>
        <cmt>speed: 0.0</cmt>
      </trkpt>
      <trkpt lat="47.359294" lon="8.562884">
        <ele>478</ele>
        <time>2024-09-04T15:57:55Z</time>
        <cmt>speed: 0.2</cmt>
      </trkpt>
      <trkpt lat="47.358885" lon="8.562493">
        <ele>441</ele>
        <time>2024-09-04T16:07:55Z</time>
        <cmt>speed: 0.6</cmt>
      </trkpt>
      <trkpt lat="47.358885" lon="8.562493">
        <ele>441</ele>
        <time>2024-09-04T16:17:51Z</time>
      </trkpt>
      <trkpt lat="47.358801" lon="8.562428">
        <ele>459</ele>
        <time>2024-09-04T16:17:57Z</time>
        <cmt>speed: 0.1</cmt>
      </trkpt>
      <trkpt lat="47.358954" lon="8.562542">
        <ele>426</ele>
        <time>2024-09-04T16:27:56Z</time>
        <cmt>speed: 1.0</cmt>
      </trkpt>
      <trkpt lat="47.358954" lon="8.562542">
        <ele>426</ele>
        <time>2024-09-04T16:37:49Z</time>
      </trkpt>
      <trkpt lat="47.358812" lon="8.562403">
        <ele>446</ele>
        <time>2024-09-04T16:42:01Z</time>
        <cmt>speed: 0.2</cmt>
      </trkpt>
      <trkpt lat="47.358755" lon="8.562756">
        <ele>402</ele>
        <time>2024-09-04T16:51:46Z</time>
        <cmt>speed: 0.2</cmt>
      </trkpt>
      <trkpt lat="47.358296" lon="8.56268">
        <ele>453</ele>
        <time>2024-09-04T17:01:48Z</time>
        <cmt>speed: 1.0</cmt>
      </trkpt>
      <trkpt lat="47.358659" lon="8.56276">
        <ele>425</ele>
        <time>2024-09-04T17:11:46Z</time>
        <cmt>speed: 0.2</cmt>
      </trkpt>
      <trkpt lat="47.358659" lon="8.56276">
        <ele>425</ele>
        <time>2024-09-04T17:21:40Z</time>
      </trkpt>
      <trkpt lat="47.358591" lon="8.562798">
        <ele>456</ele>
        <time>2024-09-04T17:21:46Z</time>
        <cmt>speed: 1.0</cmt>
      </trkpt>
      <trkpt lat="47.358639" lon="8.562774">
        <ele>428</ele>
        <time>2024-09-04T17:31:46Z</time>
        <cmt>speed: 0.3</cmt>
      </trkpt>
      <trkpt lat="47.357827" lon="8.564628">
        <ele>467</ele>
        <time>2024-09-04T17:41:47Z</time>
        <cmt>speed: 0.2</cmt>
      </trkpt>
      <trkpt lat="47.357808" lon="8.564683">
        <ele>468</ele>
        <time>2024-09-04T17:51:47Z</time>
        <cmt>speed: 0.8</cmt>
      </trkpt>
      <trkpt lat="47.357637" lon="8.564808">
        <ele>512</ele>
        <time>2024-09-04T18:01:48Z</time>
        <cmt>speed: 0.2</cmt>
      </trkpt>
      <trkpt lat="47.357703" lon="8.565257">
        <ele>495</ele>
        <time>2024-09-04T18:11:48Z</time>
        <cmt>speed: 0.5</cmt>
      </trkpt>
      <trkpt lat="47.357564" lon="8.565571">
        <ele>482</ele>
        <time>2024-09-04T18:21:48Z</time>
        <cmt>speed: 0.1</cmt>
      </trkpt>
      <trkpt lat="47.358113" lon="8.56522">
        <ele>465</ele>
        <time>2024-09-04T18:31:47Z</time>
        <cmt>speed: 0.2</cmt>
      </trkpt>
      <trkpt lat="47.35882" lon="8.564625">
        <ele>456</ele>
        <time>2024-09-04T18:41:47Z</time>
        <cmt>speed: 0.5</cmt>
      </trkpt>
      <trkpt lat="47.359124" lon="8.561197">
        <ele>468</ele>
        <time>2024-09-04T18:51:48Z</time>
        <cmt>speed: 0.7</cmt>
      </trkpt>
      <trkpt lat="47.359488" lon="8.560433">
        <ele>427</ele>
        <time>2024-09-04T19:01:50Z</time>
        <cmt>speed: 0.3</cmt>
      </trkpt>
      <trkpt lat="47.36029" lon="8.560695">
        <ele>430</ele>
        <time>2024-09-04T19:11:49Z</time>
        <cmt>speed: 0.7</cmt>
      </trkpt>
      <trkpt lat="47.360089" lon="8.561423">
        <ele>415</ele>
        <time>2024-09-04T19:21:47Z</time>
        <cmt>speed: 2.2</cmt>
      </trkpt>
      <trkpt lat="47.358715" lon="8.560855">
        <ele>425</ele>
        <time>2024-09-04T19:31:48Z</time>
        <cmt>speed: 0.3</cmt>
      </trkpt>
      <trkpt lat="47.358715" lon="8.560855">
        <ele>425</ele>
        <time>2024-09-04T19:41:40Z</time>
      </trkpt>
      <trkpt lat="47.358582" lon="8.561238">
        <ele>469</ele>
        <time>2024-09-04T19:41:47Z</time>
        <cmt>speed: 0.1</cmt>
      </trkpt>
      <trkpt lat="47.35892" lon="8.561383">
        <ele>438</ele>
        <time>2024-09-04T19:51:48Z</time>
        <cmt>speed: 0.8</cmt>
      </trkpt>
      <trkpt lat="47.358951" lon="8.561979">
        <ele>466</ele>
        <time>2024-09-04T20:01:52Z</time>
        <cmt>speed: 0.7</cmt>
      </trkpt>
      <trkpt lat="47.358952" lon="8.561957">
        <ele>463</ele>
        <time>2024-09-04T20:11:53Z</time>
        <cmt>speed: 0.0</cmt>
      </trkpt>
      <trkpt lat="47.358952" lon="8.561957">
        <ele>463</ele>
        <time>2024-09-04T20:22:05Z</time>
      </trkpt>
      <trkpt lat="47.35894" lon="8.561896">
        <ele>431</ele>
        <time>2024-09-04T20:22:12Z</time>
        <cmt>speed: 1.0</cmt>
      </trkpt>
      <trkpt lat="47.358832" lon="8.561961">
        <ele>416</ele>
        <time>2024-09-04T20:31:52Z</time>
        <cmt>speed: 0.1</cmt>
      </trkpt>
      <trkpt lat="47.358832" lon="8.561961">
        <ele>416</ele>
        <time>2024-09-04T20:41:43Z</time>
      </trkpt>
      <trkpt lat="47.358891" lon="8.561835">
        <ele>436</ele>
        <time>2024-09-04T20:41:50Z</time>
        <cmt>speed: 0.2</cmt>
      </trkpt>
      <trkpt lat="47.359084" lon="8.561937">
        <ele>466</ele>
        <time>2024-09-04T20:51:55Z</time>
        <cmt>speed: 0.5</cmt>
      </trkpt>
      <trkpt lat="47.359084" lon="8.561937">
        <ele>466</ele>
        <time>2024-09-04T21:01:39Z</time>
      </trkpt>
      <trkpt lat="47.358735" lon="8.562033">
        <ele>442</ele>
        <time>2024-09-04T21:01:46Z</time>
        <cmt>speed: 2.2</cmt>
      </trkpt>
      <trkpt lat="47.359017" lon="8.56212">
        <ele>444</ele>
        <time>2024-09-04T21:11:49Z</time>
        <cmt>speed: 0.5</cmt>
      </trkpt>
      <trkpt lat="47.359017" lon="8.56212">
        <ele>444</ele>
        <time>2024-09-04T21:21:41Z</time>
      </trkpt>
      <trkpt lat="47.358879" lon="8.562125">
        <ele>443</ele>
        <time>2024-09-04T21:21:48Z</time>
        <cmt>speed: 1.1</cmt>
      </trkpt>
      <trkpt lat="47.358712" lon="8.562275">
        <ele>437</ele>
        <time>2024-09-04T21:37:39Z</time>
        <cmt>speed: 0.0</cmt>
      </trkpt>
      <trkpt lat="47.358798" lon="8.562291">
        <ele>453</ele>
        <time>2024-09-04T21:47:36Z</time>
        <cmt>speed: 0.3</cmt>
      </trkpt>
      <trkpt lat="47.359956" lon="8.561775">
        <ele>470</ele>
        <time>2024-09-04T21:57:39Z</time>
        <cmt>speed: 1.1</cmt>
      </trkpt>
      <trkpt lat="47.359934" lon="8.560525">
        <ele>409</ele>
        <time>2024-09-04T22:07:37Z</time>
        <cmt>speed: 0.5</cmt>
      </trkpt>
      <trkpt lat="47.359648" lon="8.56009">
        <ele>444</ele>
        <time>2024-09-04T22:17:36Z</time>
        <cmt>speed: 0.6</cmt>
      </trkpt>
      <trkpt lat="47.358333" lon="8.560526">
        <ele>474</ele>
        <time>2024-09-04T22:27:38Z</time>
        <cmt>speed: 0.5</cmt>
      </trkpt>
      <trkpt lat="47.358126" lon="8.562198">
        <ele>446</ele>
        <time>2024-09-04T22:37:37Z</time>
        <cmt>speed: 0.3</cmt>
      </trkpt>
      <trkpt lat="47.359081" lon="8.563114">
        <ele>448</ele>
        <time>2024-09-04T22:47:39Z</time>
        <cmt>speed: 1.0</cmt>
      </trkpt>
      <trkpt lat="47.358735" lon="8.564358">
        <ele>457</ele>
        <time>2024-09-04T22:57:38Z</time>
        <cmt>speed: 1.2</cmt>
      </trkpt>
      <trkpt lat="47.358869" lon="8.5661">
        <ele>451</ele>
        <time>2024-09-04T23:07:36Z</time>
        <cmt>speed: 3.1</cmt>
      </trkpt>
      <trkpt lat="47.358842" lon="8.56627">
        <ele>468</ele>
        <time>2024-09-04T23:17:36Z</time>
        <cmt>speed: 1.2</cmt>
      </trkpt>
      <trkpt lat="47.35848" lon="8.56528">
        <ele>454</ele>
        <time>2024-09-04T23:27:38Z</time>
        <cmt>speed: 1.7</cmt>
      </trkpt>
      <trkpt lat="47.358677" lon="8.562907">
        <ele>406</ele>
        <time>2024-09-04T23:37:34Z</time>
        <cmt>speed: 1.2</cmt>
      </trkpt>
      <trkpt lat="47.358477" lon="8.562697">
        <ele>441</ele>
        <time>2024-09-04T23:47:35Z</time>
        <cmt>speed: 0.6</cmt>
      </trkpt>
      <trkpt lat="47.358388" lon="8.562548">
        <ele>442</ele>
        <time>2024-09-04T23:57:36Z</time>
        <cmt>speed: 0.1</cmt>
      </trkpt>
      <trkpt lat="47.358514" lon="8.562328">
        <ele>424</ele>
        <time>2024-09-05T00:07:36Z</time>
        <cmt>speed: 2.3</cmt>
      </trkpt>
      <trkpt lat="47.358514" lon="8.562328">
        <ele>424</ele>
        <time>2024-09-05T00:17:30Z</time>
      </trkpt>
      <trkpt lat="47.359361" lon="8.563507">
        <ele>440</ele>
        <time>2024-09-05T00:17:38Z</time>
        <cmt>speed: 0.0</cmt>
      </trkpt>
      <trkpt lat="47.359344" lon="8.563805">
        <ele>442</ele>
        <time>2024-09-05T00:27:44Z</time>
        <cmt>speed: 0.0</cmt>
      </trkpt>
      <trkpt lat="47.359344" lon="8.563805">
        <ele>442</ele>
        <time>2024-09-05T00:38:01Z</time>
      </trkpt>
      <trkpt lat="47.359615" lon="8.563966">
        <ele>452</ele>
        <time>2024-09-05T00:38:09Z</time>
        <cmt>speed: 0.2</cmt>
      </trkpt>
      <trkpt lat="47.359448" lon="8.563186">
        <ele>410</ele>
        <time>2024-09-05T00:47:36Z</time>
        <cmt>speed: 0.4</cmt>
      </trkpt>
      <trkpt lat="47.359448" lon="8.563186">
        <ele>410</ele>
        <time>2024-09-05T00:57:29Z</time>
      </trkpt>
      <trkpt lat="47.358973" lon="8.562363">
        <ele>442</ele>
        <time>2024-09-05T00:57:37Z</time>
        <cmt>speed: 1.7</cmt>
      </trkpt>
      <trkpt lat="47.358804" lon="8.56222">
        <ele>434</ele>
        <time>2024-09-05T01:12:37Z</time>
        <cmt>speed: 0.2</cmt>
      </trkpt>
      <trkpt lat="47.358804" lon="8.56222">
        <ele>434</ele>
        <time>2024-09-05T01:22:35Z</time>
      </trkpt>
      <trkpt lat="47.358836" lon="8.562317">
        <ele>442</ele>
        <time>2024-09-05T01:22:42Z</time>
        <cmt>speed: 0.8</cmt>
      </trkpt>
      <trkpt lat="47.358817" lon="8.562154">
        <ele>427</ele>
        <time>2024-09-05T01:32:40Z</time>
        <cmt>speed: 0.2</cmt>
      </trkpt>
      <trkpt lat="47.358817" lon="8.562154">
        <ele>427</ele>
        <time>2024-09-05T01:42:30Z</time>
      </trkpt>
      <trkpt lat="47.358645" lon="8.562417">
        <ele>461</ele>
        <time>2024-09-05T01:42:38Z</time>
        <cmt>speed: 0.3</cmt>
      </trkpt>
      <trkpt lat="47.358645" lon="8.562417">
        <ele>461</ele>
        <time>2024-09-05T01:57:29Z</time>
      </trkpt>
      <trkpt lat="47.3589" lon="8.562139">
        <ele>393</ele>
        <time>2024-09-05T01:58:02Z</time>
        <cmt>speed: 1.2</cmt>
      </trkpt>
      <trkpt lat="47.358845" lon="8.562289">
        <ele>463</ele>
        <time>2024-09-05T02:07:58Z</time>
        <cmt>speed: 0.4</cmt>
      </trkpt>
      <trkpt lat="47.358845" lon="8.562289">
        <ele>463</ele>
        <time>2024-09-05T02:17:52Z</time>
      </trkpt>
      <trkpt lat="47.358794" lon="8.56196">
        <ele>446</ele>
        <time>2024-09-05T02:17:59Z</time>
        <cmt>speed: 0.6</cmt>
      </trkpt>
      <trkpt lat="47.358843" lon="8.561913">
        <ele>439</ele>
        <time>2024-09-05T02:28:35Z</time>
        <cmt>speed: 0.3</cmt>
      </trkpt>
      <trkpt lat="47.358843" lon="8.561913">
        <ele>439</ele>
        <time>2024-09-05T02:37:53Z</time>
      </trkpt>
      <trkpt lat="47.358807" lon="8.561865">
        <ele>456</ele>
        <time>2024-09-05T02:38:01Z</time>
        <cmt>speed: 0.2</cmt>
      </trkpt>
      <trkpt lat="47.358874" lon="8.561942">
        <ele>380</ele>
        <time>2024-09-05T02:48:04Z</time>
        <cmt>speed: 0.0</cmt>
      </trkpt>
      <trkpt lat="47.359207" lon="8.56166">
        <ele>394</ele>
        <time>2024-09-05T02:58:01Z</time>
        <cmt>speed: 4.8</cmt>
      </trkpt>
      <trkpt lat="47.358844" lon="8.562013">
        <ele>446</ele>
        <time>2024-09-05T03:08:12Z</time>
        <cmt>speed: 0.1</cmt>
      </trkpt>
      <trkpt lat="47.358844" lon="8.562013">
        <ele>446</ele>
        <time>2024-09-05T03:17:59Z</time>
      </trkpt>
      <trkpt lat="47.35886" lon="8.561865">
        <ele>423</ele>
        <time>2024-09-05T03:18:07Z</time>
        <cmt>speed: 0.0</cmt>
      </trkpt>
      <trkpt lat="47.35886" lon="8.561865">
        <ele>423</ele>
        <time>2024-09-05T03:38:00Z</time>
      </trkpt>
      <trkpt lat="47.358726" lon="8.561944">
        <ele>429</ele>
        <time>2024-09-05T03:38:08Z</time>
        <cmt>speed: 0.3</cmt>
      </trkpt>
      <trkpt lat="47.358857" lon="8.561958">
        <ele>460</ele>
        <time>2024-09-05T03:48:11Z</time>
        <cmt>speed: 0.6</cmt>
      </trkpt>
      <trkpt lat="47.358857" lon="8.561958">
        <ele>460</ele>
        <time>2024-09-05T03:57:51Z</time>
      </trkpt>
      <trkpt lat="47.358843" lon="8.561911">
        <ele>444</ele>
        <time>2024-09-05T03:57:59Z</time>
        <cmt>speed: 0.1</cmt>
      </trkpt>
      <trkpt lat="47.358784" lon="8.562055">
        <ele>458</ele>
        <time>2024-09-05T04:08:01Z</time>
        <cmt>speed: 0.7</cmt>
      </trkpt>
      <trkpt lat="47.3586" lon="8.562691">
        <ele>448</ele>
        <time>2024-09-05T04:17:59Z</time>
        <cmt>speed: 0.6</cmt>
      </trkpt>
      <trkpt lat="47.359249" lon="8.563315">
        <ele>462</ele>
        <time>2024-09-05T04:28:01Z</time>
        <cmt>speed: 1.0</cmt>
      </trkpt>
      <trkpt lat="47.358958" lon="8.562949">
        <ele>453</ele>
        <time>2024-09-05T04:37:59Z</time>
        <cmt>speed: 0.3</cmt>
      </trkpt>
      <trkpt lat="47.35894" lon="8.561414">
        <ele>423</ele>
        <time>2024-09-05T04:47:59Z</time>
        <cmt>speed: 0.8</cmt>
      </trkpt>
      <trkpt lat="47.359961" lon="8.561705">
        <ele>452</ele>
        <time>2024-09-05T04:58:00Z</time>
        <cmt>speed: 0.8</cmt>
      </trkpt>
      <trkpt lat="47.36034" lon="8.563483">
        <ele>413</ele>
        <time>2024-09-05T05:08:04Z</time>
        <cmt>speed: 0.0</cmt>
      </trkpt>
      <trkpt lat="47.359959" lon="8.563643">
        <ele>434</ele>
        <time>2024-09-05T05:09:37Z</time>
      </trkpt>
      <trkpt lat="47.359959" lon="8.563643">
        <ele>434</ele>
        <time>2024-09-05T05:12:52Z</time>
      </trkpt>
      <trkpt lat="47.359959" lon="8.563643">
        <ele>434</ele>
        <time>2024-09-05T05:22:52Z</time>
      </trkpt>
      <trkpt lat="47.359959" lon="8.563643">
        <ele>434</ele>
        <time>2024-09-05T05:32:52Z</time>
      </trkpt>
      <trkpt lat="47.359959" lon="8.563643">
        <ele>434</ele>
        <time>2024-09-05T05:42:52Z</time>
      </trkpt>
      <trkpt lat="47.359959" lon="8.563643">
        <ele>434</ele>
        <time>2024-09-05T05:52:52Z</time>
      </trkpt>
      <trkpt lat="47.359959" lon="8.563643">
        <ele>434</ele>
        <time>2024-09-05T06:02:52Z</time>
      </trkpt>
      <trkpt lat="47.359959" lon="8.563643">
        <ele>434</ele>
        <time>2024-09-05T06:12:52Z</time>
      </trkpt>
      <trkpt lat="47.359959" lon="8.563643">
        <ele>434</ele>
        <time>2024-09-05T06:22:52Z</time>
      </trkpt>
      <trkpt lat="47.359959" lon="8.563643">
        <ele>434</ele>
        <time>2024-09-05T06:32:52Z</time>
      </trkpt>
      <trkpt lat="47.359959" lon="8.563643">
        <ele>434</ele>
        <time>2024-09-05T06:42:52Z</time>
      </trkpt>
      <trkpt lat="47.359959" lon="8.563643">
        <ele>434</ele>
        <time>2024-09-05T06:44:19Z</time>
      </trkpt>
      <trkpt lat="47.359959" lon="8.563643">
        <ele>434</ele>
        <time>2024-09-05T06:55:00Z</time>
      </trkpt>
      <trkpt lat="47.360266" lon="8.561403">
        <ele>484</ele>
        <time>2024-09-05T06:55:19Z</time>
        <cmt>speed: 0.5</cmt>
      </trkpt>
      <trkpt lat="47.358975" lon="8.560743">
        <ele>499</ele>
        <time>2024-09-05T07:05:14Z</time>
        <cmt>speed: 0.1</cmt>
      </trkpt>
      <trkpt lat="47.35804" lon="8.559797">
        <ele>447</ele>
        <time>2024-09-05T07:15:35Z</time>
        <cmt>speed: 0.0</cmt>
      </trkpt>
      <trkpt lat="47.358094" lon="8.55975">
        <ele>406</ele>
        <time>2024-09-05T07:25:16Z</time>
        <cmt>speed: 0.0</cmt>
      </trkpt>
      <trkpt lat="47.357981" lon="8.559799">
        <ele>465</ele>
        <time>2024-09-05T07:35:51Z</time>
        <cmt>speed: 0.3</cmt>
      </trkpt>
      <trkpt lat="47.358598" lon="8.560126">
        <ele>448</ele>
        <time>2024-09-05T07:45:13Z</time>
        <cmt>speed: 0.3</cmt>
      </trkpt>
      <trkpt lat="47.358738" lon="8.560598">
        <ele>444</ele>
        <time>2024-09-05T07:55:38Z</time>
        <cmt>speed: 0.1</cmt>
      </trkpt>
      <trkpt lat="47.358797" lon="8.560647">
        <ele>409</ele>
        <time>2024-09-05T08:05:16Z</time>
        <cmt>speed: 1.2</cmt>
      </trkpt>
      <trkpt lat="47.358604" lon="8.560983">
        <ele>426</ele>
        <time>2024-09-05T08:25:15Z</time>
        <cmt>speed: 0.8</cmt>
      </trkpt>
      <trkpt lat="47.359118" lon="8.560005">
        <ele>377</ele>
        <time>2024-09-05T09:05:23Z</time>
        <cmt>speed: 0.6</cmt>
      </trkpt>
      <trkpt lat="47.359118" lon="8.560005">
        <ele>377</ele>
        <time>2024-09-05T09:15:33Z</time>
      </trkpt>
      <trkpt lat="47.358892" lon="8.560257">
        <ele>413</ele>
        <time>2024-09-05T09:15:42Z</time>
        <cmt>speed: 0.1</cmt>
      </trkpt>
      <trkpt lat="47.359063" lon="8.56007">
        <ele>458</ele>
        <time>2024-09-05T10:15:46Z</time>
        <cmt>speed: 1.0</cmt>
      </trkpt>
      <trkpt lat="47.358863" lon="8.560547">
        <ele>484</ele>
        <time>2024-09-05T10:25:22Z</time>
        <cmt>speed: 0.1</cmt>
      </trkpt>
      <trkpt lat="47.358863" lon="8.560547">
        <ele>484</ele>
        <time>2024-09-05T10:35:15Z</time>
      </trkpt>
      <trkpt lat="47.358908" lon="8.560408">
        <ele>443</ele>
        <time>2024-09-05T10:35:24Z</time>
        <cmt>speed: 0.2</cmt>
      </trkpt>
      <trkpt lat="47.358875" lon="8.560455">
        <ele>426</ele>
        <time>2024-09-05T15:43:08Z</time>
        <cmt>speed: 0.0</cmt>
      </trkpt>
      <trkpt lat="47.358958" lon="8.560343">
        <ele>432</ele>
        <time>2024-09-05T18:16:23Z</time>
        <cmt>speed: 0.5</cmt>
      </trkpt>
      <trkpt lat="47.358339" lon="8.560637">
        <ele>393</ele>
        <time>2024-09-05T18:35:47Z</time>
        <cmt>speed: 1.4</cmt>
      </trkpt>
      <trkpt lat="47.358754" lon="8.561989">
        <ele>425</ele>
        <time>2024-09-05T18:45:47Z</time>
        <cmt>speed: 0.1</cmt>
      </trkpt>
      <trkpt lat="47.359136" lon="8.561905">
        <ele>490</ele>
        <time>2024-09-05T18:55:49Z</time>
        <cmt>speed: 0.2</cmt>
      </trkpt>
      <trkpt lat="47.358962" lon="8.561858">
        <ele>442</ele>
        <time>2024-09-05T19:15:50Z</time>
        <cmt>speed: 0.2</cmt>
      </trkpt>
      <trkpt lat="47.358962" lon="8.561858">
        <ele>442</ele>
        <time>2024-09-05T19:15:50Z</time>
      </trkpt>
      <trkpt lat="47.359131" lon="8.561672">
        <ele>480</ele>
        <time>2024-09-05T19:25:52Z</time>
        <cmt>speed: 0.1</cmt>
      </trkpt>
      <trkpt lat="47.358966" lon="8.561828">
        <ele>486</ele>
        <time>2024-09-05T19:35:53Z</time>
        <cmt>speed: 0.2</cmt>
      </trkpt>
      <trkpt lat="47.358966" lon="8.561828">
        <ele>486</ele>
        <time>2024-09-05T19:35:53Z</time>
      </trkpt>
      <trkpt lat="47.359204" lon="8.56202">
        <ele>430</ele>
        <time>2024-09-05T19:45:52Z</time>
        <cmt>speed: 1.3</cmt>
      </trkpt>
      <trkpt lat="47.359222" lon="8.560938">
        <ele>497</ele>
        <time>2024-09-05T19:55:50Z</time>
        <cmt>speed: 1.6</cmt>
      </trkpt>
      <trkpt lat="47.359222" lon="8.560938">
        <ele>497</ele>
        <time>2024-09-05T19:55:50Z</time>
      </trkpt>
      <trkpt lat="47.359149" lon="8.561751">
        <ele>458</ele>
        <time>2024-09-05T20:05:50Z</time>
        <cmt>speed: 0.7</cmt>
      </trkpt>
      <trkpt lat="47.360045" lon="8.561218">
        <ele>433</ele>
        <time>2024-09-05T20:15:48Z</time>
        <cmt>speed: 1.5</cmt>
      </trkpt>
      <trkpt lat="47.360118" lon="8.561871">
        <ele>430</ele>
        <time>2024-09-05T20:25:47Z</time>
        <cmt>speed: 0.3</cmt>
      </trkpt>
      <trkpt lat="47.359892" lon="8.562593">
        <ele>464</ele>
        <time>2024-09-05T20:35:50Z</time>
        <cmt>speed: 0.1</cmt>
      </trkpt>
      <trkpt lat="47.359892" lon="8.562593">
        <ele>464</ele>
        <time>2024-09-05T20:35:50Z</time>
      </trkpt>
      <trkpt lat="47.359724" lon="8.562373">
        <ele>412</ele>
        <time>2024-09-05T20:45:49Z</time>
        <cmt>speed: 0.6</cmt>
      </trkpt>
      <trkpt lat="47.359819" lon="8.562486">
        <ele>446</ele>
        <time>2024-09-05T20:55:52Z</time>
        <cmt>speed: 0.0</cmt>
      </trkpt>
      <trkpt lat="47.359819" lon="8.562486">
        <ele>446</ele>
        <time>2024-09-05T20:55:52Z</time>
      </trkpt>
      <trkpt lat="47.359749" lon="8.562437">
        <ele>417</ele>
        <time>2024-09-05T21:05:49Z</time>
        <cmt>speed: 0.2</cmt>
      </trkpt>
      <trkpt lat="47.359771" lon="8.562789">
        <ele>459</ele>
        <time>2024-09-05T21:15:49Z</time>
        <cmt>speed: 0.1</cmt>
      </trkpt>
      <trkpt lat="47.35982" lon="8.562236">
        <ele>410</ele>
        <time>2024-09-05T21:25:48Z</time>
        <cmt>speed: 1.0</cmt>
      </trkpt>
      <trkpt lat="47.359797" lon="8.562611">
        <ele>410</ele>
        <time>2024-09-05T21:35:53Z</time>
        <cmt>speed: 0.1</cmt>
      </trkpt>
      <trkpt lat="47.359797" lon="8.562611">
        <ele>410</ele>
        <time>2024-09-05T21:35:53Z</time>
      </trkpt>
      <trkpt lat="47.359869" lon="8.562603">
        <ele>453</ele>
        <time>2024-09-05T21:45:48Z</time>
        <cmt>speed: 0.7</cmt>
      </trkpt>
      <trkpt lat="47.35983" lon="8.562561">
        <ele>427</ele>
        <time>2024-09-05T21:55:48Z</time>
        <cmt>speed: 0.1</cmt>
      </trkpt>
      <trkpt lat="47.35983" lon="8.562561">
        <ele>427</ele>
        <time>2024-09-05T21:55:48Z</time>
      </trkpt>
      <trkpt lat="47.35967" lon="8.562459">
        <ele>449</ele>
        <time>2024-09-05T22:05:49Z</time>
        <cmt>speed: 0.0</cmt>
      </trkpt>
      <trkpt lat="47.359733" lon="8.562645">
        <ele>406</ele>
        <time>2024-09-05T22:15:48Z</time>
        <cmt>speed: 1.5</cmt>
      </trkpt>
      <trkpt lat="47.359931" lon="8.562333">
        <ele>444</ele>
        <time>2024-09-05T22:25:54Z</time>
        <cmt>speed: 0.0</cmt>
      </trkpt>
      <trkpt lat="47.359353" lon="8.562949">
        <ele>427</ele>
        <time>2024-09-05T22:35:51Z</time>
        <cmt>speed: 0.6</cmt>
      </trkpt>
      <trkpt lat="47.359353" lon="8.562949">
        <ele>427</ele>
        <time>2024-09-05T22:35:51Z</time>
      </trkpt>
      <trkpt lat="47.35967" lon="8.562548">
        <ele>432</ele>
        <time>2024-09-05T22:45:52Z</time>
        <cmt>speed: 0.0</cmt>
      </trkpt>
      <trkpt lat="47.359866" lon="8.562072">
        <ele>387</ele>
        <time>2024-09-05T22:55:51Z</time>
        <cmt>speed: 0.6</cmt>
      </trkpt>
      <trkpt lat="47.359651" lon="8.562527">
        <ele>434</ele>
        <time>2024-09-05T23:05:56Z</time>
        <cmt>speed: 1.4</cmt>
      </trkpt>
      <trkpt lat="47.35914" lon="8.564004">
        <ele>446</ele>
        <time>2024-09-05T23:15:50Z</time>
        <cmt>speed: 0.7</cmt>
      </trkpt>
      <trkpt lat="47.358408" lon="8.564928">
        <ele>448</ele>
        <time>2024-09-05T23:25:49Z</time>
        <cmt>speed: 0.2</cmt>
      </trkpt>
      <trkpt lat="47.358865" lon="8.56292">
        <ele>455</ele>
        <time>2024-09-05T23:35:48Z</time>
        <cmt>speed: 1.2</cmt>
      </trkpt>
      <trkpt lat="47.357757" lon="8.562041">
        <ele>444</ele>
        <time>2024-09-05T23:45:48Z</time>
        <cmt>speed: 0.7</cmt>
      </trkpt>
      <trkpt lat="47.357312" lon="8.56171">
        <ele>427</ele>
        <time>2024-09-05T23:55:48Z</time>
        <cmt>speed: 0.6</cmt>
      </trkpt>
      <trkpt lat="47.358207" lon="8.560711">
        <ele>438</ele>
        <time>2024-09-06T00:05:48Z</time>
        <cmt>speed: 0.5</cmt>
      </trkpt>
      <trkpt lat="47.359162" lon="8.5611">
        <ele>441</ele>
        <time>2024-09-06T00:15:49Z</time>
        <cmt>speed: 0.1</cmt>
      </trkpt>
      <trkpt lat="47.359814" lon="8.562943">
        <ele>445</ele>
        <time>2024-09-06T00:25:48Z</time>
        <cmt>speed: 0.4</cmt>
      </trkpt>
      <trkpt lat="47.359814" lon="8.562943">
        <ele>445</ele>
        <time>2024-09-06T00:35:52Z</time>
      </trkpt>
      <trkpt lat="47.360089" lon="8.562537">
        <ele>427</ele>
        <time>2024-09-06T00:35:53Z</time>
        <cmt>speed: 0.1</cmt>
      </trkpt>
      <trkpt lat="47.359822" lon="8.562245">
        <ele>416</ele>
        <time>2024-09-06T00:45:59Z</time>
        <cmt>speed: 0.0</cmt>
      </trkpt>
      <trkpt lat="47.359788" lon="8.562375">
        <ele>409</ele>
        <time>2024-09-06T00:55:50Z</time>
        <cmt>speed: 0.1</cmt>
      </trkpt>
      <trkpt lat="47.359746" lon="8.562504">
        <ele>433</ele>
        <time>2024-09-06T01:05:50Z</time>
        <cmt>speed: 0.1</cmt>
      </trkpt>
      <trkpt lat="47.359746" lon="8.562504">
        <ele>433</ele>
        <time>2024-09-06T01:15:51Z</time>
      </trkpt>
      <trkpt lat="47.359689" lon="8.562528">
        <ele>435</ele>
        <time>2024-09-06T01:15:52Z</time>
        <cmt>speed: 0.5</cmt>
      </trkpt>
      <trkpt lat="47.359766" lon="8.562557">
        <ele>409</ele>
        <time>2024-09-06T01:25:50Z</time>
        <cmt>speed: 0.0</cmt>
      </trkpt>
      <trkpt lat="47.358785" lon="8.565401">
        <ele>430</ele>
        <time>2024-09-06T01:35:48Z</time>
        <cmt>speed: 1.1</cmt>
      </trkpt>
      <trkpt lat="47.358307" lon="8.566101">
        <ele>457</ele>
        <time>2024-09-06T01:45:48Z</time>
        <cmt>speed: 0.6</cmt>
      </trkpt>
      <trkpt lat="47.358269" lon="8.565891">
        <ele>463</ele>
        <time>2024-09-06T01:55:48Z</time>
        <cmt>speed: 0.0</cmt>
      </trkpt>
      <trkpt lat="47.358287" lon="8.566065">
        <ele>439</ele>
        <time>2024-09-06T02:05:47Z</time>
        <cmt>speed: 2.7</cmt>
      </trkpt>
      <trkpt lat="47.358543" lon="8.565546">
        <ele>424</ele>
        <time>2024-09-06T02:15:47Z</time>
        <cmt>speed: 2.5</cmt>
      </trkpt>
      <trkpt lat="47.357247" lon="8.565574">
        <ele>452</ele>
        <time>2024-09-06T02:25:48Z</time>
        <cmt>speed: 0.4</cmt>
      </trkpt>
      <trkpt lat="47.356802" lon="8.56529">
        <ele>467</ele>
        <time>2024-09-06T02:35:48Z</time>
        <cmt>speed: 0.4</cmt>
      </trkpt>
      <trkpt lat="47.357113" lon="8.565229">
        <ele>477</ele>
        <time>2024-09-06T02:45:47Z</time>
        <cmt>speed: 1.4</cmt>
      </trkpt>
      <trkpt lat="47.356994" lon="8.56526">
        <ele>499</ele>
        <time>2024-09-06T02:55:48Z</time>
        <cmt>speed: 0.2</cmt>
      </trkpt>
      <trkpt lat="47.357447" lon="8.565006">
        <ele>488</ele>
        <time>2024-09-06T03:05:48Z</time>
        <cmt>speed: 1.3</cmt>
      </trkpt>
      <trkpt lat="47.357691" lon="8.564789">
        <ele>457</ele>
        <time>2024-09-06T03:15:48Z</time>
        <cmt>speed: 0.0</cmt>
      </trkpt>
      <trkpt lat="47.357691" lon="8.564789">
        <ele>457</ele>
        <time>2024-09-06T03:25:48Z</time>
      </trkpt>
      <trkpt lat="47.357761" lon="8.565532">
        <ele>460</ele>
        <time>2024-09-06T03:25:49Z</time>
        <cmt>speed: 0.3</cmt>
      </trkpt>
      <trkpt lat="47.359074" lon="8.564032">
        <ele>446</ele>
        <time>2024-09-06T03:35:47Z</time>
        <cmt>speed: 2.3</cmt>
      </trkpt>
      <trkpt lat="47.359991" lon="8.559617">
        <ele>417</ele>
        <time>2024-09-06T03:45:49Z</time>
        <cmt>speed: 0.1</cmt>
      </trkpt>
      <trkpt lat="47.358803" lon="8.561359">
        <ele>440</ele>
        <time>2024-09-06T03:55:49Z</time>
        <cmt>speed: 0.0</cmt>
      </trkpt>
      <trkpt lat="47.358803" lon="8.561359">
        <ele>440</ele>
        <time>2024-09-06T03:56:41Z</time>
      </trkpt>
      <trkpt lat="47.35888" lon="8.561048">
        <ele>419</ele>
        <time>2024-09-06T04:05:49Z</time>
        <cmt>speed: 0.0</cmt>
      </trkpt>
      <trkpt lat="47.358723" lon="8.561018">
        <ele>470</ele>
        <time>2024-09-06T04:15:48Z</time>
        <cmt>speed: 1.2</cmt>
      </trkpt>
      <trkpt lat="47.358723" lon="8.561018">
        <ele>470</ele>
        <time>2024-09-06T04:16:41Z</time>
      </trkpt>
      <trkpt lat="47.358587" lon="8.56207">
        <ele>450</ele>
        <time>2024-09-06T04:25:50Z</time>
        <cmt>speed: 0.6</cmt>
      </trkpt>
      <trkpt lat="47.358464" lon="8.56236">
        <ele>486</ele>
        <time>2024-09-06T04:35:48Z</time>
        <cmt>speed: 1.0</cmt>
      </trkpt>
      <trkpt lat="47.358631" lon="8.562135">
        <ele>478</ele>
        <time>2024-09-06T04:45:49Z</time>
        <cmt>speed: 0.3</cmt>
      </trkpt>
      <trkpt lat="47.358461" lon="8.562707">
        <ele>470</ele>
        <time>2024-09-06T04:55:47Z</time>
        <cmt>speed: 0.2</cmt>
      </trkpt>
      <trkpt lat="47.36034" lon="8.563563">
        <ele>422</ele>
        <time>2024-09-06T05:05:49Z</time>
        <cmt>speed: 0.1</cmt>
      </trkpt>
      <trkpt lat="47.359974" lon="8.56367">
        <ele>434</ele>
        <time>2024-09-06T05:10:29Z</time>
      </trkpt>
      <trkpt lat="47.359974" lon="8.56367">
        <ele>434</ele>
        <time>2024-09-06T05:25:29Z</time>
      </trkpt>
      <trkpt lat="47.36002" lon="8.562946">
        <ele>438</ele>
        <time>2024-09-06T05:59:49Z</time>
        <cmt>speed: 1.3</cmt>
      </trkpt>
      <trkpt lat="47.358917" lon="8.561234">
        <ele>424</ele>
        <time>2024-09-06T06:09:31Z</time>
        <cmt>speed: 0.1</cmt>
      </trkpt>
      <trkpt lat="47.358701" lon="8.56123">
        <ele>430</ele>
        <time>2024-09-06T06:19:31Z</time>
        <cmt>speed: 0.1</cmt>
      </trkpt>
      <trkpt lat="47.358701" lon="8.56123">
        <ele>430</ele>
        <time>2024-09-06T06:19:46Z</time>
      </trkpt>
      <trkpt lat="47.358575" lon="8.561156">
        <ele>428</ele>
        <time>2024-09-06T06:29:32Z</time>
        <cmt>speed: 0.6</cmt>
      </trkpt>
      <trkpt lat="47.358607" lon="8.561075">
        <ele>441</ele>
        <time>2024-09-06T06:39:33Z</time>
        <cmt>speed: 0.6</cmt>
      </trkpt>
      <trkpt lat="47.358607" lon="8.561075">
        <ele>441</ele>
        <time>2024-09-06T06:39:46Z</time>
      </trkpt>
      <trkpt lat="47.358619" lon="8.561055">
        <ele>436</ele>
        <time>2024-09-06T06:49:33Z</time>
        <cmt>speed: 0.4</cmt>
      </trkpt>
      <trkpt lat="47.358434" lon="8.561128">
        <ele>466</ele>
        <time>2024-09-06T06:59:33Z</time>
        <cmt>speed: 0.9</cmt>
      </trkpt>
      <trkpt lat="47.358434" lon="8.561128">
        <ele>466</ele>
        <time>2024-09-06T06:59:46Z</time>
      </trkpt>
      <trkpt lat="47.358667" lon="8.561205">
        <ele>426</ele>
        <time>2024-09-06T07:09:31Z</time>
        <cmt>speed: 0.6</cmt>
      </trkpt>
      <trkpt lat="47.358631" lon="8.560732">
        <ele>374</ele>
        <time>2024-09-06T07:19:36Z</time>
        <cmt>speed: 0.0</cmt>
      </trkpt>
      <trkpt lat="47.358406" lon="8.560841">
        <ele>389</ele>
        <time>2024-09-06T07:29:38Z</time>
        <cmt>speed: 0.2</cmt>
      </trkpt>
      <trkpt lat="47.358701" lon="8.560971">
        <ele>441</ele>
        <time>2024-09-06T07:39:33Z</time>
        <cmt>speed: 0.4</cmt>
      </trkpt>
      <trkpt lat="47.358701" lon="8.560971">
        <ele>441</ele>
        <time>2024-09-06T07:39:46Z</time>
      </trkpt>
      <trkpt lat="47.358478" lon="8.560837">
        <ele>423</ele>
        <time>2024-09-06T07:49:33Z</time>
        <cmt>speed: 0.0</cmt>
      </trkpt>
      <trkpt lat="47.358842" lon="8.561007">
        <ele>444</ele>
        <time>2024-09-06T07:59:32Z</time>
        <cmt>speed: 0.0</cmt>
      </trkpt>
      <trkpt lat="47.358842" lon="8.561007">
        <ele>444</ele>
        <time>2024-09-06T07:59:46Z</time>
      </trkpt>
      <trkpt lat="47.358726" lon="8.56117">
        <ele>453</ele>
        <time>2024-09-06T08:09:41Z</time>
        <cmt>speed: 0.6</cmt>
      </trkpt>
      <trkpt lat="47.358297" lon="8.56059">
        <ele>432</ele>
        <time>2024-09-06T08:19:32Z</time>
        <cmt>speed: 0.6</cmt>
      </trkpt>
      <trkpt lat="47.357864" lon="8.562827">
        <ele>456</ele>
        <time>2024-09-06T08:29:35Z</time>
        <cmt>speed: 0.2</cmt>
      </trkpt>
      <trkpt lat="47.357779" lon="8.563473">
        <ele>454</ele>
        <time>2024-09-06T08:39:32Z</time>
        <cmt>speed: 0.1</cmt>
      </trkpt>
      <trkpt lat="47.357613" lon="8.563467">
        <ele>451</ele>
        <time>2024-09-06T08:49:32Z</time>
        <cmt>speed: 0.4</cmt>
      </trkpt>
      <trkpt lat="47.357613" lon="8.563467">
        <ele>451</ele>
        <time>2024-09-06T08:59:30Z</time>
      </trkpt>
      <trkpt lat="47.357591" lon="8.563607">
        <ele>472</ele>
        <time>2024-09-06T08:59:31Z</time>
        <cmt>speed: 0.8</cmt>
      </trkpt>
      <trkpt lat="47.357761" lon="8.563404">
        <ele>455</ele>
        <time>2024-09-06T09:09:30Z</time>
        <cmt>speed: 0.2</cmt>
      </trkpt>
      <trkpt lat="47.35764" lon="8.563803">
        <ele>412</ele>
        <time>2024-09-06T09:19:30Z</time>
        <cmt>speed: 0.1</cmt>
      </trkpt>
      <trkpt lat="47.35764" lon="8.563803">
        <ele>412</ele>
        <time>2024-09-06T09:19:30Z</time>
      </trkpt>
      <trkpt lat="47.357773" lon="8.563838">
        <ele>457</ele>
        <time>2024-09-06T09:29:32Z</time>
        <cmt>speed: 0.2</cmt>
      </trkpt>
      <trkpt lat="47.357751" lon="8.563618">
        <ele>486</ele>
        <time>2024-09-06T09:39:31Z</time>
        <cmt>speed: 2.7</cmt>
      </trkpt>
      <trkpt lat="47.357517" lon="8.563771">
        <ele>459</ele>
        <time>2024-09-06T09:49:31Z</time>
        <cmt>speed: 0.0</cmt>
      </trkpt>
      <trkpt lat="47.358016" lon="8.563966">
        <ele>478</ele>
        <time>2024-09-06T09:59:31Z</time>
        <cmt>speed: 0.5</cmt>
      </trkpt>
      <trkpt lat="47.358527" lon="8.564773">
        <ele>449</ele>
        <time>2024-09-06T10:09:31Z</time>
        <cmt>speed: 0.1</cmt>
      </trkpt>
      <trkpt lat="47.358316" lon="8.56485">
        <ele>449</ele>
        <time>2024-09-06T10:19:31Z</time>
        <cmt>speed: 0.2</cmt>
      </trkpt>
      <trkpt lat="47.35865" lon="8.564931">
        <ele>464</ele>
        <time>2024-09-06T10:29:42Z</time>
        <cmt>speed: 0.5</cmt>
      </trkpt>
      <trkpt lat="47.358656" lon="8.56494">
        <ele>461</ele>
        <time>2024-09-06T10:59:10Z</time>
        <cmt>speed: 0.4</cmt>
      </trkpt>
      <trkpt lat="47.358737" lon="8.564732">
        <ele>434</ele>
        <time>2024-09-06T11:08:59Z</time>
        <cmt>speed: 0.4</cmt>
      </trkpt>
      <trkpt lat="47.358716" lon="8.564831">
        <ele>438</ele>
        <time>2024-09-06T11:19:09Z</time>
        <cmt>speed: 0.8</cmt>
      </trkpt>
      <trkpt lat="47.358716" lon="8.564831">
        <ele>438</ele>
        <time>2024-09-06T11:19:30Z</time>
      </trkpt>
      <trkpt lat="47.35855" lon="8.565043">
        <ele>501</ele>
        <time>2024-09-06T11:59:11Z</time>
        <cmt>speed: 0.6</cmt>
      </trkpt>
      <trkpt lat="47.35855" lon="8.565043">
        <ele>501</ele>
        <time>2024-09-06T11:59:30Z</time>
      </trkpt>
      <trkpt lat="47.358503" lon="8.565052">
        <ele>492</ele>
        <time>2024-09-06T12:08:58Z</time>
        <cmt>speed: 1.1</cmt>
      </trkpt>
      <trkpt lat="47.358632" lon="8.565054">
        <ele>464</ele>
        <time>2024-09-06T12:29:13Z</time>
        <cmt>speed: 0.0</cmt>
      </trkpt>
      <trkpt lat="47.358632" lon="8.565054">
        <ele>464</ele>
        <time>2024-09-06T12:39:30Z</time>
      </trkpt>
      <trkpt lat="47.358592" lon="8.565099">
        <ele>477</ele>
        <time>2024-09-06T12:41:35Z</time>
        <cmt>speed: 0.2</cmt>
      </trkpt>
      <trkpt lat="47.358633" lon="8.564788">
        <ele>431</ele>
        <time>2024-09-06T13:31:55Z</time>
        <cmt>speed: 0.6</cmt>
      </trkpt>
      <trkpt lat="47.358633" lon="8.564788">
        <ele>431</ele>
        <time>2024-09-06T13:39:30Z</time>
      </trkpt>
      <trkpt lat="47.358514" lon="8.564843">
        <ele>454</ele>
        <time>2024-09-06T13:51:50Z</time>
        <cmt>speed: 0.0</cmt>
      </trkpt>
      <trkpt lat="47.3585" lon="8.564745">
        <ele>467</ele>
        <time>2024-09-06T14:01:40Z</time>
        <cmt>speed: 3.4</cmt>
      </trkpt>
      <trkpt lat="47.358537" lon="8.56478">
        <ele>455</ele>
        <time>2024-09-06T14:11:40Z</time>
        <cmt>speed: 0.0</cmt>
      </trkpt>
      <trkpt lat="47.358537" lon="8.56478">
        <ele>455</ele>
        <time>2024-09-06T14:21:31Z</time>
      </trkpt>
      <trkpt lat="47.358416" lon="8.564792">
        <ele>443</ele>
        <time>2024-09-06T14:21:34Z</time>
        <cmt>speed: 0.0</cmt>
      </trkpt>
      <trkpt lat="47.358418" lon="8.564762">
        <ele>456</ele>
        <time>2024-09-06T14:31:35Z</time>
        <cmt>speed: 0.1</cmt>
      </trkpt>
      <trkpt lat="47.358418" lon="8.564762">
        <ele>456</ele>
        <time>2024-09-06T14:41:31Z</time>
      </trkpt>
      <trkpt lat="47.358446" lon="8.564762">
        <ele>452</ele>
        <time>2024-09-06T14:41:34Z</time>
        <cmt>speed: 0.0</cmt>
      </trkpt>
      <trkpt lat="47.358431" lon="8.564846">
        <ele>482</ele>
        <time>2024-09-06T14:51:34Z</time>
        <cmt>speed: 0.2</cmt>
      </trkpt>
      <trkpt lat="47.358431" lon="8.564846">
        <ele>482</ele>
        <time>2024-09-06T15:01:32Z</time>
      </trkpt>
      <trkpt lat="47.357933" lon="8.564336">
        <ele>461</ele>
        <time>2024-09-06T15:01:34Z</time>
        <cmt>speed: 0.3</cmt>
      </trkpt>
      <trkpt lat="47.357921" lon="8.564424">
        <ele>453</ele>
        <time>2024-09-06T15:11:34Z</time>
        <cmt>speed: 1.3</cmt>
      </trkpt>
      <trkpt lat="47.357921" lon="8.564424">
        <ele>453</ele>
        <time>2024-09-06T15:21:32Z</time>
      </trkpt>
      <trkpt lat="47.357854" lon="8.564291">
        <ele>447</ele>
        <time>2024-09-06T15:21:35Z</time>
        <cmt>speed: 0.1</cmt>
      </trkpt>
      <trkpt lat="47.357913" lon="8.56423">
        <ele>479</ele>
        <time>2024-09-06T15:31:35Z</time>
        <cmt>speed: 0.0</cmt>
      </trkpt>
      <trkpt lat="47.357977" lon="8.564294">
        <ele>467</ele>
        <time>2024-09-06T15:41:35Z</time>
        <cmt>speed: 0.2</cmt>
      </trkpt>
      <trkpt lat="47.357815" lon="8.564165">
        <ele>464</ele>
        <time>2024-09-06T15:51:34Z</time>
        <cmt>speed: 0.0</cmt>
      </trkpt>
      <trkpt lat="47.358012" lon="8.564136">
        <ele>457</ele>
        <time>2024-09-06T16:01:35Z</time>
        <cmt>speed: 0.1</cmt>
      </trkpt>
      <trkpt lat="47.358026" lon="8.564099">
        <ele>445</ele>
        <time>2024-09-06T16:11:34Z</time>
        <cmt>speed: 0.2</cmt>
      </trkpt>
      <trkpt lat="47.358072" lon="8.564043">
        <ele>470</ele>
        <time>2024-09-06T16:21:34Z</time>
        <cmt>speed: 0.2</cmt>
      </trkpt>
      <trkpt lat="47.35856" lon="8.564369">
        <ele>449</ele>
        <time>2024-09-06T16:31:35Z</time>
        <cmt>speed: 0.1</cmt>
      </trkpt>
      <trkpt lat="47.358374" lon="8.562661">
        <ele>434</ele>
        <time>2024-09-06T16:41:34Z</time>
        <cmt>speed: 0.2</cmt>
      </trkpt>
      <trkpt lat="47.359549" lon="8.560715">
        <ele>390</ele>
        <time>2024-09-06T16:51:34Z</time>
        <cmt>speed: 0.1</cmt>
      </trkpt>
      <trkpt lat="47.358874" lon="8.560904">
        <ele>379</ele>
        <time>2024-09-06T17:01:35Z</time>
        <cmt>speed: 0.8</cmt>
      </trkpt>
      <trkpt lat="47.359437" lon="8.561603">
        <ele>442</ele>
        <time>2024-09-06T17:11:40Z</time>
        <cmt>speed: 0.2</cmt>
      </trkpt>
      <trkpt lat="47.359959" lon="8.563643">
        <ele>434</ele>
        <time>2024-09-06T17:21:03Z</time>
      </trkpt>
      <trkpt lat="47.359959" lon="8.563643">
        <ele>434</ele>
        <time>2024-09-06T17:36:03Z</time>
      </trkpt>
      <trkpt lat="47.360374" lon="8.562547">
        <ele>426</ele>
        <time>2024-09-06T19:27:08Z</time>
        <cmt>speed: 1.1</cmt>
      </trkpt>
      <trkpt lat="47.358958" lon="8.561473">
        <ele>467</ele>
        <time>2024-09-06T19:37:11Z</time>
        <cmt>speed: 0.0</cmt>
      </trkpt>
      <trkpt lat="47.358496" lon="8.560918">
        <ele>452</ele>
        <time>2024-09-06T19:47:01Z</time>
        <cmt>speed: 0.0</cmt>
      </trkpt>
      <trkpt lat="47.358496" lon="8.560918">
        <ele>452</ele>
        <time>2024-09-06T19:47:10Z</time>
      </trkpt>
      <trkpt lat="47.358336" lon="8.560686">
        <ele>452</ele>
        <time>2024-09-06T20:07:06Z</time>
        <cmt>speed: 0.1</cmt>
      </trkpt>
      <trkpt lat="47.358336" lon="8.560686">
        <ele>452</ele>
        <time>2024-09-06T20:07:10Z</time>
      </trkpt>
      <trkpt lat="47.357906" lon="8.56093">
        <ele>411</ele>
        <time>2024-09-06T20:28:17Z</time>
        <cmt>speed: 0.0</cmt>
      </trkpt>
      <trkpt lat="47.358191" lon="8.560555">
        <ele>429</ele>
        <time>2024-09-06T20:57:56Z</time>
        <cmt>speed: 0.1</cmt>
      </trkpt>
      <trkpt lat="47.358191" lon="8.560555">
        <ele>429</ele>
        <time>2024-09-06T21:07:52Z</time>
      </trkpt>
      <trkpt lat="47.35831" lon="8.560683">
        <ele>442</ele>
        <time>2024-09-06T21:07:56Z</time>
        <cmt>speed: 0.4</cmt>
      </trkpt>
      <trkpt lat="47.358221" lon="8.560518">
        <ele>436</ele>
        <time>2024-09-06T21:17:53Z</time>
        <cmt>speed: 5.7</cmt>
      </trkpt>
      <trkpt lat="47.358221" lon="8.560518">
        <ele>436</ele>
        <time>2024-09-06T21:27:47Z</time>
      </trkpt>
      <trkpt lat="47.35836" lon="8.560721">
        <ele>437</ele>
        <time>2024-09-06T21:27:51Z</time>
        <cmt>speed: 0.3</cmt>
      </trkpt>
      <trkpt lat="47.358448" lon="8.560461">
        <ele>443</ele>
        <time>2024-09-06T21:37:52Z</time>
        <cmt>speed: 0.3</cmt>
      </trkpt>
      <trkpt lat="47.358448" lon="8.560461">
        <ele>443</ele>
        <time>2024-09-06T21:47:48Z</time>
      </trkpt>
      <trkpt lat="47.35906" lon="8.561468">
        <ele>413</ele>
        <time>2024-09-06T21:47:52Z</time>
        <cmt>speed: 0.7</cmt>
      </trkpt>
      <trkpt lat="47.359049" lon="8.561833">
        <ele>445</ele>
        <time>2024-09-06T21:57:54Z</time>
        <cmt>speed: 1.5</cmt>
      </trkpt>
      <trkpt lat="47.359811" lon="8.56206">
        <ele>432</ele>
        <time>2024-09-06T22:07:52Z</time>
        <cmt>speed: 1.0</cmt>
      </trkpt>
      <trkpt lat="47.359949" lon="8.561045">
        <ele>422</ele>
        <time>2024-09-06T22:17:53Z</time>
        <cmt>speed: 1.6</cmt>
      </trkpt>
      <trkpt lat="47.35977" lon="8.560545">
        <ele>468</ele>
        <time>2024-09-06T22:27:55Z</time>
        <cmt>speed: 0.1</cmt>
      </trkpt>
      <trkpt lat="47.360084" lon="8.56083">
        <ele>423</ele>
        <time>2024-09-06T22:38:10Z</time>
        <cmt>speed: 0.1</cmt>
      </trkpt>
      <trkpt lat="47.360178" lon="8.562037">
        <ele>450</ele>
        <time>2024-09-06T22:47:56Z</time>
        <cmt>speed: 0.7</cmt>
      </trkpt>
      <trkpt lat="47.360147" lon="8.561999">
        <ele>438</ele>
        <time>2024-09-06T22:58:30Z</time>
        <cmt>speed: 0.1</cmt>
      </trkpt>
      <trkpt lat="47.360147" lon="8.561999">
        <ele>438</ele>
        <time>2024-09-06T23:08:01Z</time>
      </trkpt>
      <trkpt lat="47.360247" lon="8.56195">
        <ele>446</ele>
        <time>2024-09-06T23:08:05Z</time>
        <cmt>speed: 0.3</cmt>
      </trkpt>
      <trkpt lat="47.36044" lon="8.562093">
        <ele>393</ele>
        <time>2024-09-06T23:21:04Z</time>
        <cmt>speed: 0.5</cmt>
      </trkpt>
      <trkpt lat="47.36044" lon="8.562093">
        <ele>393</ele>
        <time>2024-09-06T23:27:10Z</time>
      </trkpt>
      <trkpt lat="47.360045" lon="8.561984">
        <ele>449</ele>
        <time>2024-09-06T23:31:57Z</time>
        <cmt>speed: 0.3</cmt>
      </trkpt>
      <trkpt lat="47.360227" lon="8.561948">
        <ele>430</ele>
        <time>2024-09-06T23:42:02Z</time>
        <cmt>speed: 0.1</cmt>
      </trkpt>
      <trkpt lat="47.360186" lon="8.562275">
        <ele>379</ele>
        <time>2024-09-07T00:31:58Z</time>
        <cmt>speed: 4.1</cmt>
      </trkpt>
      <trkpt lat="47.360186" lon="8.562275">
        <ele>379</ele>
        <time>2024-09-07T01:32:50Z</time>
      </trkpt>
      <trkpt lat="47.360299" lon="8.561828">
        <ele>437</ele>
        <time>2024-09-07T01:32:55Z</time>
        <cmt>speed: 0.0</cmt>
      </trkpt>
      <trkpt lat="47.360261" lon="8.561971">
        <ele>436</ele>
        <time>2024-09-07T01:43:15Z</time>
        <cmt>speed: 1.2</cmt>
      </trkpt>
      <trkpt lat="47.360225" lon="8.562216">
        <ele>463</ele>
        <time>2024-09-07T02:33:56Z</time>
        <cmt>speed: 1.5</cmt>
      </trkpt>
      <trkpt lat="47.360225" lon="8.562216">
        <ele>463</ele>
        <time>2024-09-07T02:53:34Z</time>
      </trkpt>
      <trkpt lat="47.360167" lon="8.56201">
        <ele>475</ele>
        <time>2024-09-07T02:53:39Z</time>
        <cmt>speed: 0.1</cmt>
      </trkpt>
      <trkpt lat="47.360167" lon="8.561959">
        <ele>461</ele>
        <time>2024-09-07T03:18:58Z</time>
        <cmt>speed: 0.1</cmt>
      </trkpt>
      <trkpt lat="47.360167" lon="8.561959">
        <ele>461</ele>
        <time>2024-09-07T03:28:37Z</time>
      </trkpt>
      <trkpt lat="47.360044" lon="8.561915">
        <ele>474</ele>
        <time>2024-09-07T03:28:42Z</time>
        <cmt>speed: 1.2</cmt>
      </trkpt>
      <trkpt lat="47.3604" lon="8.561887">
        <ele>393</ele>
        <time>2024-09-07T03:38:35Z</time>
        <cmt>speed: 0.1</cmt>
      </trkpt>
      <trkpt lat="47.360254" lon="8.561884">
        <ele>430</ele>
        <time>2024-09-07T03:48:24Z</time>
        <cmt>speed: 0.1</cmt>
      </trkpt>
      <trkpt lat="47.359931" lon="8.562061">
        <ele>417</ele>
        <time>2024-09-07T03:58:22Z</time>
        <cmt>speed: 0.9</cmt>
      </trkpt>
      <trkpt lat="47.35884" lon="8.562073">
        <ele>458</ele>
        <time>2024-09-07T04:08:27Z</time>
        <cmt>speed: 0.2</cmt>
      </trkpt>
      <trkpt lat="47.358621" lon="8.562266">
        <ele>475</ele>
        <time>2024-09-07T04:18:23Z</time>
        <cmt>speed: 0.2</cmt>
      </trkpt>
      <trkpt lat="47.358621" lon="8.562266">
        <ele>475</ele>
        <time>2024-09-07T04:28:16Z</time>
      </trkpt>
      <trkpt lat="47.358679" lon="8.562853">
        <ele>455</ele>
        <time>2024-09-07T04:28:21Z</time>
        <cmt>speed: 0.7</cmt>
      </trkpt>
      <trkpt lat="47.358583" lon="8.562865">
        <ele>454</ele>
        <time>2024-09-07T04:38:22Z</time>
        <cmt>speed: 0.0</cmt>
      </trkpt>
      <trkpt lat="47.359396" lon="8.561559">
        <ele>394</ele>
        <time>2024-09-07T04:48:25Z</time>
        <cmt>speed: 0.1</cmt>
      </trkpt>
      <trkpt lat="47.359196" lon="8.559761">
        <ele>461</ele>
        <time>2024-09-07T04:58:22Z</time>
        <cmt>speed: 1.2</cmt>
      </trkpt>
      <trkpt lat="47.359196" lon="8.559761">
        <ele>461</ele>
        <time>2024-09-07T05:08:21Z</time>
      </trkpt>
      <trkpt lat="47.358768" lon="8.560209">
        <ele>424</ele>
        <time>2024-09-07T05:08:26Z</time>
        <cmt>speed: 0.7</cmt>
      </trkpt>
      <trkpt lat="47.358649" lon="8.560324">
        <ele>409</ele>
        <time>2024-09-07T05:18:26Z</time>
        <cmt>speed: 0.8</cmt>
      </trkpt>
      <trkpt lat="47.358649" lon="8.560324">
        <ele>409</ele>
        <time>2024-09-07T05:28:20Z</time>
      </trkpt>
      <trkpt lat="47.358534" lon="8.560776">
        <ele>459</ele>
        <time>2024-09-07T05:28:25Z</time>
        <cmt>speed: 0.7</cmt>
      </trkpt>
      <trkpt lat="47.358651" lon="8.560845">
        <ele>491</ele>
        <time>2024-09-07T05:38:27Z</time>
        <cmt>speed: 0.0</cmt>
      </trkpt>
      <trkpt lat="47.358651" lon="8.560845">
        <ele>491</ele>
        <time>2024-09-07T05:48:25Z</time>
      </trkpt>
      <trkpt lat="47.358483" lon="8.560466">
        <ele>444</ele>
        <time>2024-09-07T05:48:31Z</time>
        <cmt>speed: 0.2</cmt>
      </trkpt>
      <trkpt lat="47.358665" lon="8.560571">
        <ele>456</ele>
        <time>2024-09-07T05:58:24Z</time>
        <cmt>speed: 0.7</cmt>
      </trkpt>
      <trkpt lat="47.358665" lon="8.560571">
        <ele>456</ele>
        <time>2024-09-07T06:08:20Z</time>
      </trkpt>
      <trkpt lat="47.358754" lon="8.560629">
        <ele>474</ele>
        <time>2024-09-07T06:08:25Z</time>
        <cmt>speed: 0.2</cmt>
      </trkpt>
      <trkpt lat="47.358422" lon="8.560166">
        <ele>444</ele>
        <time>2024-09-07T06:18:23Z</time>
        <cmt>speed: 0.3</cmt>
      </trkpt>
      <trkpt lat="47.358422" lon="8.560166">
        <ele>444</ele>
        <time>2024-09-07T06:28:18Z</time>
      </trkpt>
      <trkpt lat="47.358534" lon="8.560979">
        <ele>426</ele>
        <time>2024-09-07T06:28:23Z</time>
        <cmt>speed: 0.9</cmt>
      </trkpt>
      <trkpt lat="47.35827" lon="8.562534">
        <ele>435</ele>
        <time>2024-09-07T06:38:24Z</time>
        <cmt>speed: 0.1</cmt>
      </trkpt>
      <trkpt lat="47.358385" lon="8.563418">
        <ele>447</ele>
        <time>2024-09-07T06:48:22Z</time>
        <cmt>speed: 0.2</cmt>
      </trkpt>
      <trkpt lat="47.35796" lon="8.564156">
        <ele>434</ele>
        <time>2024-09-07T06:58:23Z</time>
        <cmt>speed: 0.1</cmt>
      </trkpt>
      <trkpt lat="47.35796" lon="8.564156">
        <ele>434</ele>
        <time>2024-09-07T07:08:18Z</time>
      </trkpt>
      <trkpt lat="47.357909" lon="8.563966">
        <ele>466</ele>
        <time>2024-09-07T07:08:23Z</time>
        <cmt>speed: 0.1</cmt>
      </trkpt>
      <trkpt lat="47.357711" lon="8.56431">
        <ele>451</ele>
        <time>2024-09-07T07:18:22Z</time>
        <cmt>speed: 0.2</cmt>
      </trkpt>
      <trkpt lat="47.35747" lon="8.56379">
        <ele>420</ele>
        <time>2024-09-07T07:28:22Z</time>
        <cmt>speed: 0.7</cmt>
      </trkpt>
      <trkpt lat="47.358044" lon="8.562695">
        <ele>455</ele>
        <time>2024-09-07T07:38:23Z</time>
        <cmt>speed: 0.2</cmt>
      </trkpt>
      <trkpt lat="47.358271" lon="8.562491">
        <ele>445</ele>
        <time>2024-09-07T07:48:25Z</time>
        <cmt>speed: 0.7</cmt>
      </trkpt>
      <trkpt lat="47.357783" lon="8.561029">
        <ele>446</ele>
        <time>2024-09-07T07:58:27Z</time>
        <cmt>speed: 0.5</cmt>
      </trkpt>
      <trkpt lat="47.357783" lon="8.561029">
        <ele>446</ele>
        <time>2024-09-07T08:08:18Z</time>
      </trkpt>
      <trkpt lat="47.358244" lon="8.560435">
        <ele>448</ele>
        <time>2024-09-07T08:08:23Z</time>
        <cmt>speed: 0.5</cmt>
      </trkpt>
      <trkpt lat="47.358719" lon="8.560302">
        <ele>427</ele>
        <time>2024-09-07T08:18:22Z</time>
        <cmt>speed: 1.1</cmt>
      </trkpt>
      <trkpt lat="47.358827" lon="8.560358">
        <ele>475</ele>
        <time>2024-09-07T08:28:25Z</time>
        <cmt>speed: 0.1</cmt>
      </trkpt>
      <trkpt lat="47.358846" lon="8.560654">
        <ele>457</ele>
        <time>2024-09-07T08:38:28Z</time>
        <cmt>speed: 0.6</cmt>
      </trkpt>
      <trkpt lat="47.358839" lon="8.560394">
        <ele>431</ele>
        <time>2024-09-07T09:18:49Z</time>
        <cmt>speed: 0.1</cmt>
      </trkpt>
      <trkpt lat="47.359354" lon="8.561767">
        <ele>437</ele>
        <time>2024-09-07T09:28:26Z</time>
        <cmt>speed: 0.1</cmt>
      </trkpt>
      <trkpt lat="47.359207" lon="8.562811">
        <ele>432</ele>
        <time>2024-09-07T09:38:24Z</time>
        <cmt>speed: 0.1</cmt>
      </trkpt>
      <trkpt lat="47.358553" lon="8.562754">
        <ele>437</ele>
        <time>2024-09-07T09:42:10Z</time>
        <cmt>speed: 0.1</cmt>
      </trkpt>
      <trkpt lat="47.358571" lon="8.562854">
        <ele>464</ele>
        <time>2024-09-07T09:42:14Z</time>
        <cmt>speed: 0.0</cmt>
      </trkpt>
      <trkpt lat="47.358571" lon="8.562854">
        <ele>464</ele>
        <time>2024-09-07T09:42:18Z</time>
        <cmt>speed: 0.0</cmt>
      </trkpt>
      <trkpt lat="47.35824" lon="8.562883">
        <ele>455</ele>
        <time>2024-09-07T09:48:24Z</time>
        <cmt>speed: 0.0</cmt>
      </trkpt>
      <trkpt lat="47.35777" lon="8.563027">
        <ele>445</ele>
        <time>2024-09-07T09:58:29Z</time>
        <cmt>speed: 0.1</cmt>
      </trkpt>
      <trkpt lat="47.35777" lon="8.563027">
        <ele>445</ele>
        <time>2024-09-07T10:02:01Z</time>
      </trkpt>
      <trkpt lat="47.35796" lon="8.562752">
        <ele>411</ele>
        <time>2024-09-07T10:08:24Z</time>
        <cmt>speed: 1.2</cmt>
      </trkpt>
      <trkpt lat="47.35751" lon="8.561699">
        <ele>429</ele>
        <time>2024-09-07T10:18:27Z</time>
        <cmt>speed: 0.2</cmt>
      </trkpt>
      <trkpt lat="47.358222" lon="8.560723">
        <ele>427</ele>
        <time>2024-09-07T10:28:32Z</time>
        <cmt>speed: 0.5</cmt>
      </trkpt>
      <trkpt lat="47.358913" lon="8.560506">
        <ele>430</ele>
        <time>2024-09-07T10:38:26Z</time>
        <cmt>speed: 0.3</cmt>
      </trkpt>
      <trkpt lat="47.358913" lon="8.560506">
        <ele>430</ele>
        <time>2024-09-07T10:48:58Z</time>
      </trkpt>
      <trkpt lat="47.359238" lon="8.560078">
        <ele>493</ele>
        <time>2024-09-07T10:49:04Z</time>
        <cmt>speed: 1.8</cmt>
      </trkpt>
      <trkpt lat="47.359186" lon="8.560499">
        <ele>430</ele>
        <time>2024-09-07T10:58:27Z</time>
        <cmt>speed: 0.1</cmt>
      </trkpt>
      <trkpt lat="47.358938" lon="8.560458">
        <ele>447</ele>
        <time>2024-09-07T11:08:24Z</time>
        <cmt>speed: 0.1</cmt>
      </trkpt>
      <trkpt lat="47.35893" lon="8.560362">
        <ele>437</ele>
        <time>2024-09-07T11:18:27Z</time>
        <cmt>speed: 0.0</cmt>
      </trkpt>
      <trkpt lat="47.359318" lon="8.559428">
        <ele>409</ele>
        <time>2024-09-07T11:28:24Z</time>
        <cmt>speed: 3.3</cmt>
      </trkpt>
      <trkpt lat="47.358921" lon="8.560764">
        <ele>472</ele>
        <time>2024-09-07T11:38:24Z</time>
        <cmt>speed: 0.4</cmt>
      </trkpt>
      <trkpt lat="47.35838" lon="8.560142">
        <ele>443</ele>
        <time>2024-09-07T11:48:24Z</time>
        <cmt>speed: 1.2</cmt>
      </trkpt>
      <trkpt lat="47.3577" lon="8.560589">
        <ele>438</ele>
        <time>2024-09-07T11:58:29Z</time>
        <cmt>speed: 0.1</cmt>
      </trkpt>
      <trkpt lat="47.357568" lon="8.560504">
        <ele>462</ele>
        <time>2024-09-07T12:08:25Z</time>
        <cmt>speed: 0.1</cmt>
      </trkpt>
      <trkpt lat="47.357809" lon="8.561981">
        <ele>425</ele>
        <time>2024-09-07T12:18:24Z</time>
        <cmt>speed: 0.6</cmt>
      </trkpt>
      <trkpt lat="47.358135" lon="8.562774">
        <ele>427</ele>
        <time>2024-09-07T12:28:32Z</time>
        <cmt>speed: 0.3</cmt>
      </trkpt>
      <trkpt lat="47.358011" lon="8.562636">
        <ele>465</ele>
        <time>2024-09-07T12:38:28Z</time>
        <cmt>speed: 0.1</cmt>
      </trkpt>
      <trkpt lat="47.358091" lon="8.562268">
        <ele>469</ele>
        <time>2024-09-07T12:58:27Z</time>
        <cmt>speed: 0.0</cmt>
      </trkpt>
      <trkpt lat="47.358091" lon="8.562268">
        <ele>469</ele>
        <time>2024-09-07T13:08:19Z</time>
      </trkpt>
      <trkpt lat="47.358004" lon="8.562607">
        <ele>441</ele>
        <time>2024-09-07T13:08:25Z</time>
        <cmt>speed: 0.3</cmt>
      </trkpt>
      <trkpt lat="47.358205" lon="8.562721">
        <ele>461</ele>
        <time>2024-09-07T13:18:25Z</time>
        <cmt>speed: 0.2</cmt>
      </trkpt>
      <trkpt lat="47.357976" lon="8.562758">
        <ele>433</ele>
        <time>2024-09-07T13:28:28Z</time>
        <cmt>speed: 0.3</cmt>
      </trkpt>
      <trkpt lat="47.358103" lon="8.562779">
        <ele>425</ele>
        <time>2024-09-07T13:48:45Z</time>
        <cmt>speed: 0.3</cmt>
      </trkpt>
      <trkpt lat="47.358051" lon="8.562638">
        <ele>448</ele>
        <time>2024-09-07T13:58:25Z</time>
        <cmt>speed: 2.3</cmt>
      </trkpt>
      <trkpt lat="47.358162" lon="8.562701">
        <ele>456</ele>
        <time>2024-09-07T14:08:24Z</time>
        <cmt>speed: 0.5</cmt>
      </trkpt>
      <trkpt lat="47.358108" lon="8.562879">
        <ele>429</ele>
        <time>2024-09-07T14:18:25Z</time>
        <cmt>speed: 0.0</cmt>
      </trkpt>
      <trkpt lat="47.358108" lon="8.562879">
        <ele>429</ele>
        <time>2024-09-07T14:28:18Z</time>
      </trkpt>
      <trkpt lat="47.358105" lon="8.562755">
        <ele>444</ele>
        <time>2024-09-07T14:28:25Z</time>
        <cmt>speed: 0.1</cmt>
      </trkpt>
      <trkpt lat="47.358082" lon="8.562852">
        <ele>434</ele>
        <time>2024-09-07T14:38:30Z</time>
        <cmt>speed: 0.1</cmt>
      </trkpt>
      <trkpt lat="47.358082" lon="8.562852">
        <ele>434</ele>
        <time>2024-09-07T14:48:18Z</time>
      </trkpt>
      <trkpt lat="47.358501" lon="8.563129">
        <ele>433</ele>
        <time>2024-09-07T14:48:24Z</time>
        <cmt>speed: 0.0</cmt>
      </trkpt>
      <trkpt lat="47.35856" lon="8.563217">
        <ele>446</ele>
        <time>2024-09-07T14:58:24Z</time>
        <cmt>speed: 0.4</cmt>
      </trkpt>
      <trkpt lat="47.35856" lon="8.563217">
        <ele>446</ele>
        <time>2024-09-07T15:08:16Z</time>
      </trkpt>
      <trkpt lat="47.358437" lon="8.563166">
        <ele>431</ele>
        <time>2024-09-07T15:08:23Z</time>
        <cmt>speed: 0.1</cmt>
      </trkpt>
      <trkpt lat="47.358483" lon="8.563042">
        <ele>480</ele>
        <time>2024-09-07T15:18:24Z</time>
        <cmt>speed: 0.2</cmt>
      </trkpt>
      <trkpt lat="47.359974" lon="8.56367">
        <ele>434</ele>
        <time>2024-09-07T15:27:42Z</time>
      </trkpt>
      <trkpt lat="47.359974" lon="8.56367">
        <ele>434</ele>
        <time>2024-09-07T15:42:42Z</time>
      </trkpt>
      <trkpt lat="47.360165" lon="8.563486">
        <ele>396</ele>
        <time>2024-09-07T16:41:53Z</time>
        <cmt>speed: 0.5</cmt>
      </trkpt>
      <trkpt lat="47.359582" lon="8.56137">
        <ele>451</ele>
        <time>2024-09-07T16:51:42Z</time>
        <cmt>speed: 1.3</cmt>
      </trkpt>
      <trkpt lat="47.359154" lon="8.56169">
        <ele>437</ele>
        <time>2024-09-07T17:01:44Z</time>
        <cmt>speed: 0.2</cmt>
      </trkpt>
      <trkpt lat="47.358773" lon="8.562572">
        <ele>436</ele>
        <time>2024-09-07T17:11:41Z</time>
        <cmt>speed: 0.1</cmt>
      </trkpt>
      <trkpt lat="47.358773" lon="8.562572">
        <ele>436</ele>
        <time>2024-09-07T17:21:37Z</time>
      </trkpt>
      <trkpt lat="47.358713" lon="8.562623">
        <ele>451</ele>
        <time>2024-09-07T17:21:40Z</time>
        <cmt>speed: 0.7</cmt>
      </trkpt>
      <trkpt lat="47.358536" lon="8.563029">
        <ele>435</ele>
        <time>2024-09-07T17:31:40Z</time>
        <cmt>speed: 0.0</cmt>
      </trkpt>
      <trkpt lat="47.358536" lon="8.563029">
        <ele>435</ele>
        <time>2024-09-07T17:41:37Z</time>
      </trkpt>
      <trkpt lat="47.358484" lon="8.563368">
        <ele>453</ele>
        <time>2024-09-07T17:41:40Z</time>
        <cmt>speed: 0.8</cmt>
      </trkpt>
      <trkpt lat="47.358057" lon="8.564206">
        <ele>464</ele>
        <time>2024-09-07T17:51:41Z</time>
        <cmt>speed: 0.2</cmt>
      </trkpt>
      <trkpt lat="47.358015" lon="8.562993">
        <ele>461</ele>
        <time>2024-09-07T18:01:43Z</time>
        <cmt>speed: 3.8</cmt>
      </trkpt>
      <trkpt lat="47.358113" lon="8.562726">
        <ele>461</ele>
        <time>2024-09-07T18:11:49Z</time>
        <cmt>speed: 0.0</cmt>
      </trkpt>
      <trkpt lat="47.358113" lon="8.562726">
        <ele>461</ele>
        <time>2024-09-07T18:21:36Z</time>
      </trkpt>
      <trkpt lat="47.358083" lon="8.562592">
        <ele>447</ele>
        <time>2024-09-07T18:21:44Z</time>
        <cmt>speed: 0.5</cmt>
      </trkpt>
      <trkpt lat="47.358083" lon="8.562592">
        <ele>447</ele>
        <time>2024-09-07T18:41:52Z</time>
      </trkpt>
      <trkpt lat="47.358098" lon="8.562757">
        <ele>463</ele>
        <time>2024-09-07T18:41:59Z</time>
        <cmt>speed: 0.1</cmt>
      </trkpt>
      <trkpt lat="47.358207" lon="8.562358">
        <ele>457</ele>
        <time>2024-09-07T18:51:45Z</time>
        <cmt>speed: 0.7</cmt>
      </trkpt>
      <trkpt lat="47.358224" lon="8.562483">
        <ele>443</ele>
        <time>2024-09-07T19:11:41Z</time>
        <cmt>speed: 0.5</cmt>
      </trkpt>
      <trkpt lat="47.358582" lon="8.562445">
        <ele>439</ele>
        <time>2024-09-07T19:21:41Z</time>
        <cmt>speed: 2.3</cmt>
      </trkpt>
      <trkpt lat="47.358635" lon="8.562719">
        <ele>431</ele>
        <time>2024-09-07T19:31:41Z</time>
        <cmt>speed: 0.3</cmt>
      </trkpt>
      <trkpt lat="47.358635" lon="8.562719">
        <ele>431</ele>
        <time>2024-09-07T19:41:34Z</time>
      </trkpt>
      <trkpt lat="47.358685" lon="8.562652">
        <ele>463</ele>
        <time>2024-09-07T19:41:40Z</time>
        <cmt>speed: 0.5</cmt>
      </trkpt>
      <trkpt lat="47.35874" lon="8.562491">
        <ele>462</ele>
        <time>2024-09-07T19:51:41Z</time>
        <cmt>speed: 0.6</cmt>
      </trkpt>
      <trkpt lat="47.35874" lon="8.562491">
        <ele>462</ele>
        <time>2024-09-07T20:01:34Z</time>
      </trkpt>
      <trkpt lat="47.358916" lon="8.562696">
        <ele>474</ele>
        <time>2024-09-07T20:01:41Z</time>
        <cmt>speed: 0.3</cmt>
      </trkpt>
      <trkpt lat="47.358626" lon="8.562555">
        <ele>441</ele>
        <time>2024-09-07T20:11:43Z</time>
        <cmt>speed: 0.1</cmt>
      </trkpt>
      <trkpt lat="47.358626" lon="8.562555">
        <ele>441</ele>
        <time>2024-09-07T20:21:34Z</time>
      </trkpt>
      <trkpt lat="47.358779" lon="8.562668">
        <ele>446</ele>
        <time>2024-09-07T20:21:40Z</time>
        <cmt>speed: 0.2</cmt>
      </trkpt>
      <trkpt lat="47.358659" lon="8.562711">
        <ele>439</ele>
        <time>2024-09-07T20:31:41Z</time>
        <cmt>speed: 0.0</cmt>
      </trkpt>
      <trkpt lat="47.358659" lon="8.562711">
        <ele>439</ele>
        <time>2024-09-07T20:41:34Z</time>
      </trkpt>
      <trkpt lat="47.35882" lon="8.562508">
        <ele>453</ele>
        <time>2024-09-07T20:41:42Z</time>
        <cmt>speed: 0.1</cmt>
      </trkpt>
      <trkpt lat="47.358752" lon="8.5627">
        <ele>428</ele>
        <time>2024-09-07T20:51:41Z</time>
        <cmt>speed: 0.0</cmt>
      </trkpt>
      <trkpt lat="47.358587" lon="8.562705">
        <ele>433</ele>
        <time>2024-09-07T21:01:41Z</time>
        <cmt>speed: 0.6</cmt>
      </trkpt>
      <trkpt lat="47.358766" lon="8.56291">
        <ele>486</ele>
        <time>2024-09-07T21:11:40Z</time>
        <cmt>speed: 0.6</cmt>
      </trkpt>
      <trkpt lat="47.358616" lon="8.562701">
        <ele>470</ele>
        <time>2024-09-07T21:21:41Z</time>
        <cmt>speed: 0.9</cmt>
      </trkpt>
      <trkpt lat="47.3586" lon="8.562443">
        <ele>424</ele>
        <time>2024-09-07T21:31:42Z</time>
        <cmt>speed: 0.8</cmt>
      </trkpt>
      <trkpt lat="47.359184" lon="8.561376">
        <ele>422</ele>
        <time>2024-09-07T21:36:54Z</time>
        <cmt>speed: 0.4</cmt>
      </trkpt>
      <trkpt lat="47.359069" lon="8.56131">
        <ele>442</ele>
        <time>2024-09-07T21:36:58Z</time>
        <cmt>speed: 0.0</cmt>
      </trkpt>
      <trkpt lat="47.359069" lon="8.56131">
        <ele>442</ele>
        <time>2024-09-07T21:37:02Z</time>
        <cmt>speed: 0.0</cmt>
      </trkpt>
      <trkpt lat="47.359069" lon="8.56131">
        <ele>442</ele>
        <time>2024-09-07T21:37:06Z</time>
        <cmt>speed: 0.0</cmt>
      </trkpt>
      <trkpt lat="47.359069" lon="8.56131">
        <ele>442</ele>
        <time>2024-09-07T21:37:10Z</time>
        <cmt>speed: 0.0</cmt>
      </trkpt>
      <trkpt lat="47.359069" lon="8.56131">
        <ele>442</ele>
        <time>2024-09-07T21:37:14Z</time>
        <cmt>speed: 0.0</cmt>
      </trkpt>
      <trkpt lat="47.359069" lon="8.56131">
        <ele>442</ele>
        <time>2024-09-07T21:37:18Z</time>
        <cmt>speed: 0.0</cmt>
      </trkpt>
      <trkpt lat="47.359069" lon="8.56131">
        <ele>442</ele>
        <time>2024-09-07T21:37:22Z</time>
        <cmt>speed: 0.0</cmt>
      </trkpt>
      <trkpt lat="47.359069" lon="8.56131">
        <ele>442</ele>
        <time>2024-09-07T21:37:26Z</time>
        <cmt>speed: 0.0</cmt>
      </trkpt>
      <trkpt lat="47.359069" lon="8.56131">
        <ele>442</ele>
        <time>2024-09-07T21:37:30Z</time>
        <cmt>speed: 0.0</cmt>
      </trkpt>
      <trkpt lat="47.359069" lon="8.56131">
        <ele>442</ele>
        <time>2024-09-07T21:37:34Z</time>
        <cmt>speed: 0.0</cmt>
      </trkpt>
      <trkpt lat="47.359069" lon="8.56131">
        <ele>442</ele>
        <time>2024-09-07T21:37:38Z</time>
        <cmt>speed: 0.0</cmt>
      </trkpt>
      <trkpt lat="47.360379" lon="8.562482">
        <ele>440</ele>
        <time>2024-09-07T21:41:43Z</time>
        <cmt>speed: 0.4</cmt>
      </trkpt>
      <trkpt lat="47.359974" lon="8.56367">
        <ele>434</ele>
        <time>2024-09-07T21:45:10Z</time>
      </trkpt>
      <trkpt lat="47.359974" lon="8.56367">
        <ele>434</ele>
        <time>2024-09-07T21:48:56Z</time>
      </trkpt>
      <trkpt lat="47.359974" lon="8.56367">
        <ele>434</ele>
        <time>2024-09-07T21:58:56Z</time>
      </trkpt>
      <trkpt lat="47.359974" lon="8.56367">
        <ele>434</ele>
        <time>2024-09-07T22:08:56Z</time>
      </trkpt>
      <trkpt lat="47.359974" lon="8.56367">
        <ele>434</ele>
        <time>2024-09-07T22:18:56Z</time>
      </trkpt>
      <trkpt lat="47.359974" lon="8.56367">
        <ele>434</ele>
        <time>2024-09-07T22:28:56Z</time>
      </trkpt>
      <trkpt lat="47.359974" lon="8.56367">
        <ele>434</ele>
        <time>2024-09-07T22:38:56Z</time>
      </trkpt>
      <trkpt lat="47.359974" lon="8.56367">
        <ele>434</ele>
        <time>2024-09-07T22:48:56Z</time>
      </trkpt>
      <trkpt lat="47.359974" lon="8.56367">
        <ele>434</ele>
        <time>2024-09-07T22:58:56Z</time>
      </trkpt>
      <trkpt lat="47.359974" lon="8.56367">
        <ele>434</ele>
        <time>2024-09-07T23:08:56Z</time>
      </trkpt>
      <trkpt lat="47.359974" lon="8.56367">
        <ele>434</ele>
        <time>2024-09-07T23:18:56Z</time>
      </trkpt>
      <trkpt lat="47.359974" lon="8.56367">
        <ele>434</ele>
        <time>2024-09-07T23:28:56Z</time>
      </trkpt>
      <trkpt lat="47.359974" lon="8.56367">
        <ele>434</ele>
        <time>2024-09-07T23:38:56Z</time>
      </trkpt>
      <trkpt lat="47.359974" lon="8.56367">
        <ele>434</ele>
        <time>2024-09-07T23:48:56Z</time>
      </trkpt>
      <trkpt lat="47.359974" lon="8.56367">
        <ele>434</ele>
        <time>2024-09-07T23:58:56Z</time>
      </trkpt>
      <trkpt lat="47.359974" lon="8.56367">
        <ele>434</ele>
        <time>2024-09-08T00:06:30Z</time>
      </trkpt>
      <trkpt lat="47.359974" lon="8.56367">
        <ele>434</ele>
        <time>2024-09-08T00:16:30Z</time>
      </trkpt>
      <trkpt lat="47.359974" lon="8.56367">
        <ele>434</ele>
        <time>2024-09-08T00:26:30Z</time>
      </trkpt>
      <trkpt lat="47.359974" lon="8.56367">
        <ele>434</ele>
        <time>2024-09-08T00:36:30Z</time>
      </trkpt>
      <trkpt lat="47.359974" lon="8.56367">
        <ele>434</ele>
        <time>2024-09-08T00:46:30Z</time>
      </trkpt>
      <trkpt lat="47.359974" lon="8.56367">
        <ele>434</ele>
        <time>2024-09-08T00:56:30Z</time>
      </trkpt>
      <trkpt lat="47.359974" lon="8.56367">
        <ele>434</ele>
        <time>2024-09-08T01:06:30Z</time>
      </trkpt>
      <trkpt lat="47.359974" lon="8.56367">
        <ele>434</ele>
        <time>2024-09-08T01:16:30Z</time>
      </trkpt>
      <trkpt lat="47.359974" lon="8.56367">
        <ele>434</ele>
        <time>2024-09-08T01:26:30Z</time>
      </trkpt>
      <trkpt lat="47.359974" lon="8.56367">
        <ele>434</ele>
        <time>2024-09-08T01:36:30Z</time>
      </trkpt>
      <trkpt lat="47.359974" lon="8.56367">
        <ele>434</ele>
        <time>2024-09-08T01:46:30Z</time>
      </trkpt>
      <trkpt lat="47.359974" lon="8.56367">
        <ele>434</ele>
        <time>2024-09-08T01:56:30Z</time>
      </trkpt>
      <trkpt lat="47.359974" lon="8.56367">
        <ele>434</ele>
        <time>2024-09-08T02:06:30Z</time>
      </trkpt>
      <trkpt lat="47.359974" lon="8.56367">
        <ele>434</ele>
        <time>2024-09-08T02:16:30Z</time>
      </trkpt>
      <trkpt lat="47.359974" lon="8.56367">
        <ele>434</ele>
        <time>2024-09-08T02:26:30Z</time>
      </trkpt>
      <trkpt lat="47.359974" lon="8.56367">
        <ele>434</ele>
        <time>2024-09-08T02:36:30Z</time>
      </trkpt>
      <trkpt lat="47.359974" lon="8.56367">
        <ele>434</ele>
        <time>2024-09-08T02:46:30Z</time>
      </trkpt>
      <trkpt lat="47.359974" lon="8.56367">
        <ele>434</ele>
        <time>2024-09-08T02:56:30Z</time>
      </trkpt>
      <trkpt lat="47.359974" lon="8.56367">
        <ele>434</ele>
        <time>2024-09-08T03:06:30Z</time>
      </trkpt>
      <trkpt lat="47.359974" lon="8.56367">
        <ele>434</ele>
        <time>2024-09-08T03:16:30Z</time>
      </trkpt>
      <trkpt lat="47.359974" lon="8.56367">
        <ele>434</ele>
        <time>2024-09-08T03:26:30Z</time>
      </trkpt>
      <trkpt lat="47.359974" lon="8.56367">
        <ele>434</ele>
        <time>2024-09-08T03:36:30Z</time>
      </trkpt>
      <trkpt lat="47.359974" lon="8.56367">
        <ele>434</ele>
        <time>2024-09-08T03:46:30Z</time>
      </trkpt>
      <trkpt lat="47.359974" lon="8.56367">
        <ele>434</ele>
        <time>2024-09-08T03:56:30Z</time>
      </trkpt>
      <trkpt lat="47.359974" lon="8.56367">
        <ele>434</ele>
        <time>2024-09-08T04:06:30Z</time>
      </trkpt>
      <trkpt lat="47.359974" lon="8.56367">
        <ele>434</ele>
        <time>2024-09-08T04:16:30Z</time>
      </trkpt>
      <trkpt lat="47.359974" lon="8.56367">
        <ele>434</ele>
        <time>2024-09-08T04:26:30Z</time>
      </trkpt>
      <trkpt lat="47.359974" lon="8.56367">
        <ele>434</ele>
        <time>2024-09-08T04:36:30Z</time>
      </trkpt>
      <trkpt lat="47.359974" lon="8.56367">
        <ele>434</ele>
        <time>2024-09-08T04:46:30Z</time>
      </trkpt>
      <trkpt lat="47.359974" lon="8.56367">
        <ele>434</ele>
        <time>2024-09-08T04:56:30Z</time>
      </trkpt>
      <trkpt lat="47.359974" lon="8.56367">
        <ele>434</ele>
        <time>2024-09-08T05:06:30Z</time>
      </trkpt>
      <trkpt lat="47.359974" lon="8.56367">
        <ele>434</ele>
        <time>2024-09-08T05:16:30Z</time>
      </trkpt>
      <trkpt lat="47.359974" lon="8.56367">
        <ele>434</ele>
        <time>2024-09-08T05:26:30Z</time>
      </trkpt>
      <trkpt lat="47.359974" lon="8.56367">
        <ele>434</ele>
        <time>2024-09-08T05:36:30Z</time>
      </trkpt>
      <trkpt lat="47.359974" lon="8.56367">
        <ele>434</ele>
        <time>2024-09-08T05:46:30Z</time>
      </trkpt>
      <trkpt lat="47.359974" lon="8.56367">
        <ele>434</ele>
        <time>2024-09-08T05:56:30Z</time>
      </trkpt>
      <trkpt lat="47.359974" lon="8.56367">
        <ele>434</ele>
        <time>2024-09-08T06:06:30Z</time>
      </trkpt>
      <trkpt lat="47.359974" lon="8.56367">
        <ele>434</ele>
        <time>2024-09-08T06:16:30Z</time>
      </trkpt>
      <trkpt lat="47.359974" lon="8.56367">
        <ele>434</ele>
        <time>2024-09-08T06:24:56Z</time>
      </trkpt>
      <trkpt lat="47.359974" lon="8.56367">
        <ele>434</ele>
        <time>2024-09-08T06:39:56Z</time>
      </trkpt>
      <trkpt lat="47.359974" lon="8.56367">
        <ele>434</ele>
        <time>2024-09-08T08:12:20Z</time>
      </trkpt>
      <trkpt lat="47.359974" lon="8.56367">
        <ele>434</ele>
        <time>2024-09-08T08:17:19Z</time>
      </trkpt>
      <trkpt lat="47.359974" lon="8.56367">
        <ele>434</ele>
        <time>2024-09-08T08:32:19Z</time>
      </trkpt>
      <trkpt lat="47.360295" lon="8.564095">
        <ele>411</ele>
        <time>2024-09-08T09:16:05Z</time>
        <cmt>speed: 0.6</cmt>
      </trkpt>
      <trkpt lat="47.360059" lon="8.561078">
        <ele>483</ele>
        <time>2024-09-08T09:25:59Z</time>
        <cmt>speed: 0.4</cmt>
      </trkpt>
      <trkpt lat="47.360294" lon="8.562731">
        <ele>445</ele>
        <time>2024-09-08T09:45:59Z</time>
        <cmt>speed: 0.6</cmt>
      </trkpt>
      <trkpt lat="47.359959" lon="8.563643">
        <ele>434</ele>
        <time>2024-09-08T09:48:31Z</time>
      </trkpt>
      <trkpt lat="47.359959" lon="8.563643">
        <ele>434</ele>
        <time>2024-09-08T10:03:31Z</time>
      </trkpt>
      <trkpt lat="47.360181" lon="8.562686">
        <ele>449</ele>
        <time>2024-09-08T10:20:00Z</time>
        <cmt>speed: 0.4</cmt>
      </trkpt>
      <trkpt lat="47.359713" lon="8.561575">
        <ele>454</ele>
        <time>2024-09-08T10:29:58Z</time>
        <cmt>speed: 0.2</cmt>
      </trkpt>
      <trkpt lat="47.358277" lon="8.562657">
        <ele>426</ele>
        <time>2024-09-08T10:39:54Z</time>
        <cmt>speed: 0.3</cmt>
      </trkpt>
      <trkpt lat="47.358277" lon="8.562657">
        <ele>426</ele>
        <time>2024-09-08T10:40:00Z</time>
      </trkpt>
      <trkpt lat="47.358677" lon="8.562265">
        <ele>461</ele>
        <time>2024-09-08T10:49:52Z</time>
        <cmt>speed: 2.7</cmt>
      </trkpt>
      <trkpt lat="47.358371" lon="8.562644">
        <ele>435</ele>
        <time>2024-09-08T10:59:55Z</time>
        <cmt>speed: 0.0</cmt>
      </trkpt>
      <trkpt lat="47.358371" lon="8.562644">
        <ele>435</ele>
        <time>2024-09-08T11:00:00Z</time>
      </trkpt>
      <trkpt lat="47.358174" lon="8.56239">
        <ele>442</ele>
        <time>2024-09-08T11:09:58Z</time>
        <cmt>speed: 1.3</cmt>
      </trkpt>
      <trkpt lat="47.358077" lon="8.56252">
        <ele>426</ele>
        <time>2024-09-08T11:19:57Z</time>
        <cmt>speed: 0.5</cmt>
      </trkpt>
      <trkpt lat="47.358077" lon="8.56252">
        <ele>426</ele>
        <time>2024-09-08T11:20:00Z</time>
      </trkpt>
      <trkpt lat="47.358077" lon="8.56252">
        <ele>426</ele>
        <time>2024-09-08T12:26:46Z</time>
      </trkpt>
      <trkpt lat="47.357793" lon="8.561997">
        <ele>413</ele>
        <time>2024-09-08T12:26:57Z</time>
        <cmt>speed: 0.5</cmt>
      </trkpt>
      <trkpt lat="47.358108" lon="8.562226">
        <ele>446</ele>
        <time>2024-09-08T12:36:38Z</time>
        <cmt>speed: 0.1</cmt>
      </trkpt>
      <trkpt lat="47.358108" lon="8.562226">
        <ele>446</ele>
        <time>2024-09-08T12:40:00Z</time>
      </trkpt>
      <trkpt lat="47.357926" lon="8.56235">
        <ele>482</ele>
        <time>2024-09-08T14:07:59Z</time>
        <cmt>speed: 0.4</cmt>
      </trkpt>
      <trkpt lat="47.357956" lon="8.562074">
        <ele>458</ele>
        <time>2024-09-08T14:27:59Z</time>
        <cmt>speed: 0.6</cmt>
      </trkpt>
      <trkpt lat="47.357956" lon="8.562074">
        <ele>458</ele>
        <time>2024-09-08T14:40:11Z</time>
      </trkpt>
      <trkpt lat="47.358028" lon="8.562065">
        <ele>451</ele>
        <time>2024-09-08T14:41:51Z</time>
        <cmt>speed: 1.1</cmt>
      </trkpt>
      <trkpt lat="47.358129" lon="8.56229">
        <ele>452</ele>
        <time>2024-09-08T15:12:41Z</time>
        <cmt>speed: 0.1</cmt>
      </trkpt>
      <trkpt lat="47.358134" lon="8.562289">
        <ele>422</ele>
        <time>2024-09-08T15:51:44Z</time>
        <cmt>speed: 0.3</cmt>
      </trkpt>
      <trkpt lat="47.358136" lon="8.562156">
        <ele>441</ele>
        <time>2024-09-08T16:21:26Z</time>
        <cmt>speed: 0.6</cmt>
      </trkpt>
      <trkpt lat="47.358136" lon="8.562156">
        <ele>441</ele>
        <time>2024-09-08T16:21:26Z</time>
      </trkpt>
      <trkpt lat="47.35801" lon="8.562217">
        <ele>436</ele>
        <time>2024-09-08T16:51:25Z</time>
        <cmt>speed: 1.4</cmt>
      </trkpt>
      <trkpt lat="47.358313" lon="8.562114">
        <ele>378</ele>
        <time>2024-09-08T17:01:22Z</time>
        <cmt>speed: 0.2</cmt>
      </trkpt>
      <trkpt lat="47.358313" lon="8.562114">
        <ele>378</ele>
        <time>2024-09-08T17:01:22Z</time>
      </trkpt>
      <trkpt lat="47.35799" lon="8.562553">
        <ele>401</ele>
        <time>2024-09-08T17:11:22Z</time>
        <cmt>speed: 1.1</cmt>
      </trkpt>
      <trkpt lat="47.357866" lon="8.562404">
        <ele>419</ele>
        <time>2024-09-08T17:21:21Z</time>
        <cmt>speed: 0.4</cmt>
      </trkpt>
      <trkpt lat="47.357906" lon="8.562861">
        <ele>444</ele>
        <time>2024-09-08T17:51:31Z</time>
        <cmt>speed: 0.8</cmt>
      </trkpt>
      <trkpt lat="47.357901" lon="8.562656">
        <ele>511</ele>
        <time>2024-09-08T18:01:24Z</time>
        <cmt>speed: 0.3</cmt>
      </trkpt>
      <trkpt lat="47.357901" lon="8.562656">
        <ele>511</ele>
        <time>2024-09-08T18:01:24Z</time>
      </trkpt>
      <trkpt lat="47.357858" lon="8.562756">
        <ele>487</ele>
        <time>2024-09-08T18:11:40Z</time>
        <cmt>speed: 0.1</cmt>
      </trkpt>
      <trkpt lat="47.357972" lon="8.562676">
        <ele>491</ele>
        <time>2024-09-08T18:21:21Z</time>
        <cmt>speed: 1.0</cmt>
      </trkpt>
      <trkpt lat="47.358905" lon="8.561622">
        <ele>487</ele>
        <time>2024-09-08T18:31:27Z</time>
        <cmt>speed: 0.4</cmt>
      </trkpt>
      <trkpt lat="47.359879" lon="8.562469">
        <ele>474</ele>
        <time>2024-09-08T18:41:24Z</time>
        <cmt>speed: 0.2</cmt>
      </trkpt>
      <trkpt lat="47.359879" lon="8.562469">
        <ele>474</ele>
        <time>2024-09-08T18:41:24Z</time>
      </trkpt>
      <trkpt lat="47.35988" lon="8.562576">
        <ele>491</ele>
        <time>2024-09-08T18:51:24Z</time>
        <cmt>speed: 0.2</cmt>
      </trkpt>
      <trkpt lat="47.35988" lon="8.562576">
        <ele>491</ele>
        <time>2024-09-08T19:01:25Z</time>
      </trkpt>
      <trkpt lat="47.359864" lon="8.562613">
        <ele>445</ele>
        <time>2024-09-08T19:01:26Z</time>
        <cmt>speed: 0.7</cmt>
      </trkpt>
      <trkpt lat="47.359796" lon="8.562632">
        <ele>427</ele>
        <time>2024-09-08T19:11:31Z</time>
        <cmt>speed: 0.1</cmt>
      </trkpt>
      <trkpt lat="47.359988" lon="8.562553">
        <ele>480</ele>
        <time>2024-09-08T19:21:24Z</time>
        <cmt>speed: 3.0</cmt>
      </trkpt>
      <trkpt lat="47.359988" lon="8.562553">
        <ele>480</ele>
        <time>2024-09-08T19:21:24Z</time>
      </trkpt>
      <trkpt lat="47.35995" lon="8.56264">
        <ele>462</ele>
        <time>2024-09-08T19:31:23Z</time>
        <cmt>speed: 0.6</cmt>
      </trkpt>
      <trkpt lat="47.36008" lon="8.562554">
        <ele>472</ele>
        <time>2024-09-08T19:41:37Z</time>
        <cmt>speed: 0.3</cmt>
      </trkpt>
      <trkpt lat="47.36008" lon="8.562554">
        <ele>472</ele>
        <time>2024-09-08T19:41:37Z</time>
      </trkpt>
      <trkpt lat="47.360237" lon="8.562398">
        <ele>492</ele>
        <time>2024-09-08T19:51:29Z</time>
        <cmt>speed: 0.4</cmt>
      </trkpt>
      <trkpt lat="47.360101" lon="8.562478">
        <ele>447</ele>
        <time>2024-09-08T20:01:29Z</time>
        <cmt>speed: 0.5</cmt>
      </trkpt>
      <trkpt lat="47.360101" lon="8.562478">
        <ele>447</ele>
        <time>2024-09-08T20:01:29Z</time>
      </trkpt>
      <trkpt lat="47.359997" lon="8.562601">
        <ele>469</ele>
        <time>2024-09-08T20:11:26Z</time>
        <cmt>speed: 0.2</cmt>
      </trkpt>
      <trkpt lat="47.359997" lon="8.562601">
        <ele>469</ele>
        <time>2024-09-08T20:21:27Z</time>
      </trkpt>
      <trkpt lat="47.360031" lon="8.56266">
        <ele>488</ele>
        <time>2024-09-08T20:21:28Z</time>
        <cmt>speed: 0.7</cmt>
      </trkpt>
      <trkpt lat="47.3596" lon="8.562743">
        <ele>389</ele>
        <time>2024-09-08T20:31:34Z</time>
        <cmt>speed: 0.7</cmt>
      </trkpt>
      <trkpt lat="47.359447" lon="8.562592">
        <ele>434</ele>
        <time>2024-09-08T20:41:23Z</time>
        <cmt>speed: 0.4</cmt>
      </trkpt>
      <trkpt lat="47.358488" lon="8.564561">
        <ele>456</ele>
        <time>2024-09-08T20:51:20Z</time>
        <cmt>speed: 0.2</cmt>
      </trkpt>
      <trkpt lat="47.358488" lon="8.564561">
        <ele>456</ele>
        <time>2024-09-08T21:01:21Z</time>
      </trkpt>
      <trkpt lat="47.358961" lon="8.565451">
        <ele>409</ele>
        <time>2024-09-08T21:01:22Z</time>
        <cmt>speed: 0.5</cmt>
      </trkpt>
      <trkpt lat="47.358859" lon="8.565425">
        <ele>446</ele>
        <time>2024-09-08T21:11:20Z</time>
        <cmt>speed: 0.6</cmt>
      </trkpt>
      <trkpt lat="47.358888" lon="8.565464">
        <ele>422</ele>
        <time>2024-09-08T21:21:21Z</time>
        <cmt>speed: 1.0</cmt>
      </trkpt>
      <trkpt lat="47.358888" lon="8.565464">
        <ele>422</ele>
        <time>2024-09-08T21:21:21Z</time>
      </trkpt>
      <trkpt lat="47.358901" lon="8.565619">
        <ele>446</ele>
        <time>2024-09-08T21:31:21Z</time>
        <cmt>speed: 0.1</cmt>
      </trkpt>
      <trkpt lat="47.358901" lon="8.565619">
        <ele>446</ele>
        <time>2024-09-08T21:41:19Z</time>
      </trkpt>
      <trkpt lat="47.358953" lon="8.56565">
        <ele>451</ele>
        <time>2024-09-08T21:41:20Z</time>
        <cmt>speed: 0.2</cmt>
      </trkpt>
      <trkpt lat="47.358863" lon="8.56556">
        <ele>441</ele>
        <time>2024-09-08T21:51:21Z</time>
        <cmt>speed: 0.3</cmt>
      </trkpt>
      <trkpt lat="47.358869" lon="8.565617">
        <ele>448</ele>
        <time>2024-09-08T22:01:20Z</time>
        <cmt>speed: 0.4</cmt>
      </trkpt>
      <trkpt lat="47.358854" lon="8.565604">
        <ele>435</ele>
        <time>2024-09-08T22:11:21Z</time>
        <cmt>speed: 0.7</cmt>
      </trkpt>
      <trkpt lat="47.358854" lon="8.565604">
        <ele>435</ele>
        <time>2024-09-08T22:21:20Z</time>
      </trkpt>
      <trkpt lat="47.35865" lon="8.565593">
        <ele>439</ele>
        <time>2024-09-08T22:21:21Z</time>
        <cmt>speed: 0.0</cmt>
      </trkpt>
      <trkpt lat="47.358226" lon="8.566243">
        <ele>448</ele>
        <time>2024-09-08T22:31:22Z</time>
        <cmt>speed: 1.2</cmt>
      </trkpt>
      <trkpt lat="47.358226" lon="8.566243">
        <ele>448</ele>
        <time>2024-09-08T22:41:20Z</time>
      </trkpt>
      <trkpt lat="47.358474" lon="8.565804">
        <ele>469</ele>
        <time>2024-09-08T22:41:21Z</time>
        <cmt>speed: 0.6</cmt>
      </trkpt>
      <trkpt lat="47.358234" lon="8.565901">
        <ele>464</ele>
        <time>2024-09-08T22:51:20Z</time>
        <cmt>speed: 0.3</cmt>
      </trkpt>
      <trkpt lat="47.358907" lon="8.565501">
        <ele>455</ele>
        <time>2024-09-08T23:21:21Z</time>
        <cmt>speed: 0.8</cmt>
      </trkpt>
      <trkpt lat="47.35788" lon="8.566227">
        <ele>471</ele>
        <time>2024-09-08T23:31:22Z</time>
        <cmt>speed: 0.6</cmt>
      </trkpt>
      <trkpt lat="47.35767" lon="8.565218">
        <ele>458</ele>
        <time>2024-09-08T23:41:22Z</time>
        <cmt>speed: 0.1</cmt>
      </trkpt>
      <trkpt lat="47.357645" lon="8.564934">
        <ele>453</ele>
        <time>2024-09-08T23:51:21Z</time>
        <cmt>speed: 1.1</cmt>
      </trkpt>
      <trkpt lat="47.358101" lon="8.562774">
        <ele>447</ele>
        <time>2024-09-09T00:01:23Z</time>
        <cmt>speed: 0.7</cmt>
      </trkpt>
      <trkpt lat="47.360031" lon="8.562404">
        <ele>409</ele>
        <time>2024-09-09T00:11:30Z</time>
        <cmt>speed: 0.2</cmt>
      </trkpt>
      <trkpt lat="47.359852" lon="8.562625">
        <ele>447</ele>
        <time>2024-09-09T00:21:28Z</time>
        <cmt>speed: 1.3</cmt>
      </trkpt>
      <trkpt lat="47.359857" lon="8.56232">
        <ele>427</ele>
        <time>2024-09-09T00:31:26Z</time>
        <cmt>speed: 0.4</cmt>
      </trkpt>
      <trkpt lat="47.359857" lon="8.56232">
        <ele>427</ele>
        <time>2024-09-09T00:41:23Z</time>
      </trkpt>
      <trkpt lat="47.359808" lon="8.56254">
        <ele>449</ele>
        <time>2024-09-09T00:41:24Z</time>
        <cmt>speed: 0.2</cmt>
      </trkpt>
      <trkpt lat="47.359932" lon="8.56237">
        <ele>458</ele>
        <time>2024-09-09T00:51:34Z</time>
        <cmt>speed: 0.1</cmt>
      </trkpt>
      <trkpt lat="47.360027" lon="8.562553">
        <ele>482</ele>
        <time>2024-09-09T01:01:24Z</time>
        <cmt>speed: 0.7</cmt>
      </trkpt>
      <trkpt lat="47.360193" lon="8.562387">
        <ele>433</ele>
        <time>2024-09-09T04:04:56Z</time>
        <cmt>speed: 0.1</cmt>
      </trkpt>
      <trkpt lat="47.360334" lon="8.563016">
        <ele>444</ele>
        <time>2024-09-09T04:14:49Z</time>
        <cmt>speed: 0.3</cmt>
      </trkpt>
      <trkpt lat="47.358681" lon="8.561029">
        <ele>451</ele>
        <time>2024-09-09T04:24:50Z</time>
        <cmt>speed: 0.1</cmt>
      </trkpt>
      <trkpt lat="47.358712" lon="8.561305">
        <ele>420</ele>
        <time>2024-09-09T04:34:49Z</time>
        <cmt>speed: 0.1</cmt>
      </trkpt>
      <trkpt lat="47.358712" lon="8.561305">
        <ele>420</ele>
        <time>2024-09-09T04:44:48Z</time>
      </trkpt>
      <trkpt lat="47.358512" lon="8.561284">
        <ele>431</ele>
        <time>2024-09-09T04:44:49Z</time>
        <cmt>speed: 0.1</cmt>
      </trkpt>
      <trkpt lat="47.358573" lon="8.561224">
        <ele>442</ele>
        <time>2024-09-09T04:54:51Z</time>
        <cmt>speed: 0.2</cmt>
      </trkpt>
      <trkpt lat="47.358573" lon="8.561224">
        <ele>442</ele>
        <time>2024-09-09T05:00:11Z</time>
      </trkpt>
      <trkpt lat="47.358591" lon="8.561276">
        <ele>425</ele>
        <time>2024-09-09T05:08:43Z</time>
        <cmt>speed: 0.0</cmt>
      </trkpt>
      <trkpt lat="47.358724" lon="8.561196">
        <ele>436</ele>
        <time>2024-09-09T05:18:46Z</time>
        <cmt>speed: 0.2</cmt>
      </trkpt>
      <trkpt lat="47.358724" lon="8.561196">
        <ele>436</ele>
        <time>2024-09-09T05:28:41Z</time>
      </trkpt>
      <trkpt lat="47.358493" lon="8.561257">
        <ele>451</ele>
        <time>2024-09-09T05:28:42Z</time>
        <cmt>speed: 2.2</cmt>
      </trkpt>
      <trkpt lat="47.358561" lon="8.56127">
        <ele>423</ele>
        <time>2024-09-09T05:38:44Z</time>
        <cmt>speed: 0.2</cmt>
      </trkpt>
      <trkpt lat="47.358358" lon="8.560273">
        <ele>446</ele>
        <time>2024-09-09T05:48:42Z</time>
        <cmt>speed: 0.7</cmt>
      </trkpt>
      <trkpt lat="47.358945" lon="8.560912">
        <ele>476</ele>
        <time>2024-09-09T05:58:43Z</time>
        <cmt>speed: 0.2</cmt>
      </trkpt>
      <trkpt lat="47.35957" lon="8.563828">
        <ele>450</ele>
        <time>2024-09-09T06:08:44Z</time>
        <cmt>speed: 0.2</cmt>
      </trkpt>
      <trkpt lat="47.359974" lon="8.56367">
        <ele>434</ele>
        <time>2024-09-09T06:08:49Z</time>
      </trkpt>
      <trkpt lat="47.359974" lon="8.56367">
        <ele>434</ele>
        <time>2024-09-09T18:23:47Z</time>
      </trkpt>
      <trkpt lat="47.359974" lon="8.56367">
        <ele>434</ele>
        <time>2024-09-10T06:24:06Z</time>
      </trkpt>
      <trkpt lat="47.359974" lon="8.56367">
        <ele>434</ele>
        <time>2024-09-10T18:24:25Z</time>
      </trkpt>
      <trkpt lat="47.359974" lon="8.56367">
        <ele>434</ele>
        <time>2024-09-11T06:24:43Z</time>
      </trkpt>
      <trkpt lat="47.359974" lon="8.56367">
        <ele>434</ele>
        <time>2024-09-11T18:25:02Z</time>
      </trkpt>
      <trkpt lat="47.359974" lon="8.56367">
        <ele>434</ele>
        <time>2024-09-12T06:25:34Z</time>
      </trkpt>
      <trkpt lat="47.359974" lon="8.56367">
        <ele>434</ele>
        <time>2024-09-12T08:30:24Z</time>
      </trkpt>
      <trkpt lat="47.360026" lon="8.562525">
        <ele>454</ele>
        <time>2024-09-12T08:31:05Z</time>
        <cmt>speed: 0.1</cmt>
      </trkpt>
      <trkpt lat="47.358934" lon="8.56036">
        <ele>491</ele>
        <time>2024-09-12T08:40:29Z</time>
        <cmt>speed: 0.1</cmt>
      </trkpt>
      <trkpt lat="47.357523" lon="8.561811">
        <ele>433</ele>
        <time>2024-09-12T09:00:27Z</time>
        <cmt>speed: 0.8</cmt>
      </trkpt>
      <trkpt lat="47.357672" lon="8.563233">
        <ele>430</ele>
        <time>2024-09-12T09:10:27Z</time>
        <cmt>speed: 0.2</cmt>
      </trkpt>
      <trkpt lat="47.357672" lon="8.563233">
        <ele>430</ele>
        <time>2024-09-12T09:10:30Z</time>
      </trkpt>
      <trkpt lat="47.357457" lon="8.563427">
        <ele>456</ele>
        <time>2024-09-12T09:20:27Z</time>
        <cmt>speed: 0.7</cmt>
      </trkpt>
      <trkpt lat="47.357579" lon="8.563891">
        <ele>488</ele>
        <time>2024-09-12T09:30:27Z</time>
        <cmt>speed: 0.5</cmt>
      </trkpt>
      <trkpt lat="47.357876" lon="8.564172">
        <ele>468</ele>
        <time>2024-09-12T09:40:26Z</time>
        <cmt>speed: 0.2</cmt>
      </trkpt>
      <trkpt lat="47.358185" lon="8.564301">
        <ele>454</ele>
        <time>2024-09-12T09:50:26Z</time>
        <cmt>speed: 1.1</cmt>
      </trkpt>
      <trkpt lat="47.358474" lon="8.564276">
        <ele>460</ele>
        <time>2024-09-12T10:00:27Z</time>
        <cmt>speed: 0.3</cmt>
      </trkpt>
      <trkpt lat="47.358525" lon="8.56482">
        <ele>472</ele>
        <time>2024-09-12T10:10:26Z</time>
        <cmt>speed: 0.1</cmt>
      </trkpt>
      <trkpt lat="47.358525" lon="8.56482">
        <ele>472</ele>
        <time>2024-09-12T10:10:26Z</time>
      </trkpt>
      <trkpt lat="47.35873" lon="8.564144">
        <ele>455</ele>
        <time>2024-09-12T10:20:27Z</time>
        <cmt>speed: 0.2</cmt>
      </trkpt>
      <trkpt lat="47.358991" lon="8.564348">
        <ele>473</ele>
        <time>2024-09-12T10:30:28Z</time>
        <cmt>speed: 0.6</cmt>
      </trkpt>
      <trkpt lat="47.359852" lon="8.564024">
        <ele>448</ele>
        <time>2024-09-12T10:40:28Z</time>
        <cmt>speed: 0.7</cmt>
      </trkpt>
      <trkpt lat="47.359959" lon="8.563643">
        <ele>434</ele>
        <time>2024-09-12T10:41:42Z</time>
      </trkpt>
      <trkpt lat="47.359974" lon="8.56367">
        <ele>434</ele>
        <time>2024-09-12T10:45:58Z</time>
      </trkpt>
      <trkpt lat="47.359974" lon="8.56367">
        <ele>434</ele>
        <time>2024-09-12T11:00:58Z</time>
      </trkpt>
      <trkpt lat="47.359965" lon="8.563402">
        <ele>471</ele>
        <time>2024-09-12T13:11:21Z</time>
        <cmt>speed: 2.3</cmt>
      </trkpt>
      <trkpt lat="47.359502" lon="8.563858">
        <ele>452</ele>
        <time>2024-09-12T13:21:26Z</time>
        <cmt>speed: 0.7</cmt>
      </trkpt>
      <trkpt lat="47.358272" lon="8.565241">
        <ele>425</ele>
        <time>2024-09-12T13:31:17Z</time>
        <cmt>speed: 0.2</cmt>
      </trkpt>
      <trkpt lat="47.358408" lon="8.565217">
        <ele>462</ele>
        <time>2024-09-12T13:41:17Z</time>
        <cmt>speed: 0.6</cmt>
      </trkpt>
      <trkpt lat="47.358494" lon="8.565319">
        <ele>450</ele>
        <time>2024-09-12T13:51:18Z</time>
        <cmt>speed: 0.1</cmt>
      </trkpt>
      <trkpt lat="47.358494" lon="8.565319">
        <ele>450</ele>
        <time>2024-09-12T13:51:31Z</time>
      </trkpt>
      <trkpt lat="47.358145" lon="8.565145">
        <ele>435</ele>
        <time>2024-09-12T14:01:18Z</time>
        <cmt>speed: 0.9</cmt>
      </trkpt>
      <trkpt lat="47.358395" lon="8.564344">
        <ele>422</ele>
        <time>2024-09-12T14:11:17Z</time>
        <cmt>speed: 0.8</cmt>
      </trkpt>
      <trkpt lat="47.358395" lon="8.564344">
        <ele>422</ele>
        <time>2024-09-12T14:11:31Z</time>
      </trkpt>
      <trkpt lat="47.358258" lon="8.564366">
        <ele>471</ele>
        <time>2024-09-12T14:21:16Z</time>
        <cmt>speed: 1.0</cmt>
      </trkpt>
      <trkpt lat="47.358207" lon="8.564072">
        <ele>469</ele>
        <time>2024-09-12T14:31:15Z</time>
        <cmt>speed: 0.0</cmt>
      </trkpt>
      <trkpt lat="47.358207" lon="8.564072">
        <ele>469</ele>
        <time>2024-09-12T14:31:31Z</time>
      </trkpt>
      <trkpt lat="47.358694" lon="8.564894">
        <ele>473</ele>
        <time>2024-09-12T14:41:16Z</time>
        <cmt>speed: 0.4</cmt>
      </trkpt>
      <trkpt lat="47.358067" lon="8.563978">
        <ele>475</ele>
        <time>2024-09-12T14:51:15Z</time>
        <cmt>speed: 0.1</cmt>
      </trkpt>
      <trkpt lat="47.358067" lon="8.563978">
        <ele>475</ele>
        <time>2024-09-12T14:51:31Z</time>
      </trkpt>
      <trkpt lat="47.358347" lon="8.56454">
        <ele>445</ele>
        <time>2024-09-12T15:01:16Z</time>
        <cmt>speed: 0.2</cmt>
      </trkpt>
      <trkpt lat="47.358045" lon="8.564347">
        <ele>404</ele>
        <time>2024-09-12T15:11:16Z</time>
        <cmt>speed: 0.0</cmt>
      </trkpt>
      <trkpt lat="47.358045" lon="8.564347">
        <ele>404</ele>
        <time>2024-09-12T15:11:31Z</time>
      </trkpt>
      <trkpt lat="47.358037" lon="8.563978">
        <ele>451</ele>
        <time>2024-09-12T15:21:16Z</time>
        <cmt>speed: 0.5</cmt>
      </trkpt>
      <trkpt lat="47.357687" lon="8.564527">
        <ele>443</ele>
        <time>2024-09-12T15:31:15Z</time>
        <cmt>speed: 0.1</cmt>
      </trkpt>
      <trkpt lat="47.358389" lon="8.564357">
        <ele>461</ele>
        <time>2024-09-12T15:41:16Z</time>
        <cmt>speed: 0.5</cmt>
      </trkpt>
      <trkpt lat="47.358389" lon="8.564357">
        <ele>461</ele>
        <time>2024-09-12T15:51:13Z</time>
      </trkpt>
      <trkpt lat="47.358258" lon="8.564095">
        <ele>443</ele>
        <time>2024-09-12T15:51:15Z</time>
        <cmt>speed: 0.3</cmt>
      </trkpt>
      <trkpt lat="47.358206" lon="8.564293">
        <ele>453</ele>
        <time>2024-09-12T16:01:16Z</time>
        <cmt>speed: 1.3</cmt>
      </trkpt>
      <trkpt lat="47.358562" lon="8.563347">
        <ele>477</ele>
        <time>2024-09-12T16:11:16Z</time>
        <cmt>speed: 1.1</cmt>
      </trkpt>
      <trkpt lat="47.359143" lon="8.564101">
        <ele>394</ele>
        <time>2024-09-12T16:21:16Z</time>
        <cmt>speed: 0.3</cmt>
      </trkpt>
      <trkpt lat="47.358608" lon="8.562706">
        <ele>489</ele>
        <time>2024-09-12T16:31:16Z</time>
        <cmt>speed: 0.2</cmt>
      </trkpt>
      <trkpt lat="47.359078" lon="8.561086">
        <ele>457</ele>
        <time>2024-09-12T16:41:16Z</time>
        <cmt>speed: 1.5</cmt>
      </trkpt>
      <trkpt lat="47.357503" lon="8.560351">
        <ele>476</ele>
        <time>2024-09-12T16:51:19Z</time>
        <cmt>speed: 1.6</cmt>
      </trkpt>
      <trkpt lat="47.358356" lon="8.560265">
        <ele>456</ele>
        <time>2024-09-12T17:01:17Z</time>
        <cmt>speed: 0.5</cmt>
      </trkpt>
      <trkpt lat="47.359" lon="8.55911">
        <ele>458</ele>
        <time>2024-09-12T17:11:16Z</time>
        <cmt>speed: 0.8</cmt>
      </trkpt>
      <trkpt lat="47.3593" lon="8.561087">
        <ele>448</ele>
        <time>2024-09-12T17:21:18Z</time>
        <cmt>speed: 1.1</cmt>
      </trkpt>
      <trkpt lat="47.359337" lon="8.561232">
        <ele>408</ele>
        <time>2024-09-12T17:41:22Z</time>
        <cmt>speed: 0.0</cmt>
      </trkpt>
      <trkpt lat="47.359337" lon="8.561232">
        <ele>408</ele>
        <time>2024-09-12T17:51:17Z</time>
      </trkpt>
      <trkpt lat="47.359211" lon="8.56125">
        <ele>430</ele>
        <time>2024-09-12T17:51:19Z</time>
        <cmt>speed: 0.1</cmt>
      </trkpt>
      <trkpt lat="47.35934" lon="8.561177">
        <ele>439</ele>
        <time>2024-09-12T18:01:18Z</time>
        <cmt>speed: 0.1</cmt>
      </trkpt>
      <trkpt lat="47.360079" lon="8.561735">
        <ele>417</ele>
        <time>2024-09-12T18:11:16Z</time>
        <cmt>speed: 1.5</cmt>
      </trkpt>
      <trkpt lat="47.359974" lon="8.56367">
        <ele>434</ele>
        <time>2024-09-12T18:17:16Z</time>
      </trkpt>
      <trkpt lat="47.359974" lon="8.56367">
        <ele>434</ele>
        <time>2024-09-12T18:32:16Z</time>
      </trkpt>
      <trkpt lat="47.359959" lon="8.563643">
        <ele>434</ele>
        <time>2024-09-13T03:03:36Z</time>
      </trkpt>
      <trkpt lat="47.360269" lon="8.563014">
        <ele>488</ele>
        <time>2024-09-13T03:04:01Z</time>
        <cmt>speed: 2.5</cmt>
      </trkpt>
      <trkpt lat="47.360321" lon="8.56031">
        <ele>452</ele>
        <time>2024-09-13T03:13:42Z</time>
        <cmt>speed: 0.3</cmt>
      </trkpt>
      <trkpt lat="47.359364" lon="8.558558">
        <ele>439</ele>
        <time>2024-09-13T03:23:47Z</time>
        <cmt>speed: 0.1</cmt>
      </trkpt>
      <trkpt lat="47.359233" lon="8.560974">
        <ele>443</ele>
        <time>2024-09-13T03:33:42Z</time>
        <cmt>speed: 0.3</cmt>
      </trkpt>
      <trkpt lat="47.358952" lon="8.561604">
        <ele>442</ele>
        <time>2024-09-13T03:43:42Z</time>
        <cmt>speed: 0.6</cmt>
      </trkpt>
      <trkpt lat="47.358952" lon="8.561604">
        <ele>442</ele>
        <time>2024-09-13T03:43:43Z</time>
      </trkpt>
      <trkpt lat="47.359072" lon="8.560531">
        <ele>477</ele>
        <time>2024-09-13T03:53:43Z</time>
        <cmt>speed: 1.6</cmt>
      </trkpt>
      <trkpt lat="47.358503" lon="8.561691">
        <ele>479</ele>
        <time>2024-09-13T04:03:42Z</time>
        <cmt>speed: 1.8</cmt>
      </trkpt>
      <trkpt lat="47.358503" lon="8.561691">
        <ele>479</ele>
        <time>2024-09-13T04:03:43Z</time>
      </trkpt>
      <trkpt lat="47.358859" lon="8.560751">
        <ele>410</ele>
        <time>2024-09-13T04:13:42Z</time>
        <cmt>speed: 0.2</cmt>
      </trkpt>
      <trkpt lat="47.358492" lon="8.560993">
        <ele>448</ele>
        <time>2024-09-13T04:23:43Z</time>
        <cmt>speed: 0.1</cmt>
      </trkpt>
      <trkpt lat="47.358492" lon="8.560993">
        <ele>448</ele>
        <time>2024-09-13T04:23:43Z</time>
      </trkpt>
      <trkpt lat="47.358401" lon="8.561059">
        <ele>424</ele>
        <time>2024-09-13T04:33:43Z</time>
        <cmt>speed: 0.0</cmt>
      </trkpt>
      <trkpt lat="47.358548" lon="8.561061">
        <ele>437</ele>
        <time>2024-09-13T04:43:43Z</time>
        <cmt>speed: 0.1</cmt>
      </trkpt>
      <trkpt lat="47.358548" lon="8.561061">
        <ele>437</ele>
        <time>2024-09-13T04:43:43Z</time>
      </trkpt>
      <trkpt lat="47.35844" lon="8.561272">
        <ele>411</ele>
        <time>2024-09-13T04:53:59Z</time>
        <cmt>speed: 2.0</cmt>
      </trkpt>
      <trkpt lat="47.35844" lon="8.561272">
        <ele>411</ele>
        <time>2024-09-13T05:03:54Z</time>
      </trkpt>
      <trkpt lat="47.358692" lon="8.561234">
        <ele>458</ele>
        <time>2024-09-13T05:03:58Z</time>
        <cmt>speed: 0.3</cmt>
      </trkpt>
      <trkpt lat="47.358539" lon="8.56079">
        <ele>461</ele>
        <time>2024-09-13T05:13:57Z</time>
        <cmt>speed: 0.4</cmt>
      </trkpt>
      <trkpt lat="47.358539" lon="8.56079">
        <ele>461</ele>
        <time>2024-09-13T05:43:55Z</time>
      </trkpt>
      <trkpt lat="47.358505" lon="8.560974">
        <ele>438</ele>
        <time>2024-09-13T05:43:59Z</time>
        <cmt>speed: 0.7</cmt>
      </trkpt>
      <trkpt lat="47.358538" lon="8.561046">
        <ele>431</ele>
        <time>2024-09-13T05:53:58Z</time>
        <cmt>speed: 0.5</cmt>
      </trkpt>
      <trkpt lat="47.358538" lon="8.561046">
        <ele>431</ele>
        <time>2024-09-13T06:03:43Z</time>
      </trkpt>
      <trkpt lat="47.358523" lon="8.561129">
        <ele>440</ele>
        <time>2024-09-13T06:09:14Z</time>
        <cmt>speed: 0.1</cmt>
      </trkpt>
      <trkpt lat="47.358524" lon="8.56103">
        <ele>427</ele>
        <time>2024-09-13T06:19:15Z</time>
        <cmt>speed: 0.1</cmt>
      </trkpt>
      <trkpt lat="47.358524" lon="8.56103">
        <ele>427</ele>
        <time>2024-09-13T06:29:10Z</time>
      </trkpt>
      <trkpt lat="47.358567" lon="8.560805">
        <ele>415</ele>
        <time>2024-09-13T06:29:14Z</time>
        <cmt>speed: 0.1</cmt>
      </trkpt>
      <trkpt lat="47.358461" lon="8.560822">
        <ele>440</ele>
        <time>2024-09-13T06:39:14Z</time>
        <cmt>speed: 1.1</cmt>
      </trkpt>
      <trkpt lat="47.358461" lon="8.560822">
        <ele>440</ele>
        <time>2024-09-13T06:49:14Z</time>
      </trkpt>
      <trkpt lat="47.358528" lon="8.56102">
        <ele>446</ele>
        <time>2024-09-13T06:49:18Z</time>
        <cmt>speed: 0.1</cmt>
      </trkpt>
      <trkpt lat="47.358603" lon="8.561322">
        <ele>439</ele>
        <time>2024-09-13T06:59:15Z</time>
        <cmt>speed: 0.2</cmt>
      </trkpt>
      <trkpt lat="47.358603" lon="8.561322">
        <ele>439</ele>
        <time>2024-09-13T07:03:43Z</time>
      </trkpt>
      <trkpt lat="47.358739" lon="8.561114">
        <ele>415</ele>
        <time>2024-09-13T07:09:13Z</time>
        <cmt>speed: 0.4</cmt>
      </trkpt>
      <trkpt lat="47.358645" lon="8.560941">
        <ele>434</ele>
        <time>2024-09-13T07:19:13Z</time>
        <cmt>speed: 2.0</cmt>
      </trkpt>
      <trkpt lat="47.358015" lon="8.561435">
        <ele>434</ele>
        <time>2024-09-13T07:29:20Z</time>
        <cmt>speed: 0.6</cmt>
      </trkpt>
      <trkpt lat="47.357979" lon="8.56162">
        <ele>400</ele>
        <time>2024-09-13T07:39:14Z</time>
        <cmt>speed: 0.3</cmt>
      </trkpt>
      <trkpt lat="47.357979" lon="8.56162">
        <ele>400</ele>
        <time>2024-09-13T07:49:10Z</time>
      </trkpt>
      <trkpt lat="47.358439" lon="8.562828">
        <ele>453</ele>
        <time>2024-09-13T07:49:14Z</time>
        <cmt>speed: 0.2</cmt>
      </trkpt>
      <trkpt lat="47.357932" lon="8.562795">
        <ele>432</ele>
        <time>2024-09-13T07:59:16Z</time>
        <cmt>speed: 1.4</cmt>
      </trkpt>
      <trkpt lat="47.358703" lon="8.563387">
        <ele>458</ele>
        <time>2024-09-13T08:09:13Z</time>
        <cmt>speed: 0.6</cmt>
      </trkpt>
      <trkpt lat="47.358472" lon="8.564107">
        <ele>449</ele>
        <time>2024-09-13T08:19:12Z</time>
        <cmt>speed: 1.5</cmt>
      </trkpt>
      <trkpt lat="47.358472" lon="8.564107">
        <ele>449</ele>
        <time>2024-09-13T08:29:10Z</time>
      </trkpt>
      <trkpt lat="47.358211" lon="8.564041">
        <ele>441</ele>
        <time>2024-09-13T08:29:14Z</time>
        <cmt>speed: 0.1</cmt>
      </trkpt>
      <trkpt lat="47.358235" lon="8.563858">
        <ele>466</ele>
        <time>2024-09-13T08:39:13Z</time>
        <cmt>speed: 0.8</cmt>
      </trkpt>
      <trkpt lat="47.358235" lon="8.563858">
        <ele>466</ele>
        <time>2024-09-13T08:49:08Z</time>
      </trkpt>
      <trkpt lat="47.358348" lon="8.564114">
        <ele>459</ele>
        <time>2024-09-13T08:49:13Z</time>
        <cmt>speed: 0.3</cmt>
      </trkpt>
      <trkpt lat="47.35845" lon="8.564339">
        <ele>498</ele>
        <time>2024-09-13T08:59:13Z</time>
        <cmt>speed: 0.3</cmt>
      </trkpt>
      <trkpt lat="47.358903" lon="8.562516">
        <ele>455</ele>
        <time>2024-09-13T09:09:13Z</time>
        <cmt>speed: 0.6</cmt>
      </trkpt>
      <trkpt lat="47.359031" lon="8.561844">
        <ele>461</ele>
        <time>2024-09-13T09:19:14Z</time>
        <cmt>speed: 0.1</cmt>
      </trkpt>
      <trkpt lat="47.359045" lon="8.562724">
        <ele>446</ele>
        <time>2024-09-13T09:29:14Z</time>
        <cmt>speed: 0.1</cmt>
      </trkpt>
      <trkpt lat="47.359264" lon="8.561953">
        <ele>461</ele>
        <time>2024-09-13T09:39:22Z</time>
        <cmt>speed: 0.0</cmt>
      </trkpt>
      <trkpt lat="47.359019" lon="8.561934">
        <ele>451</ele>
        <time>2024-09-13T09:49:15Z</time>
        <cmt>speed: 0.1</cmt>
      </trkpt>
      <trkpt lat="47.357857" lon="8.563184">
        <ele>448</ele>
        <time>2024-09-13T09:59:15Z</time>
        <cmt>speed: 0.2</cmt>
      </trkpt>
      <trkpt lat="47.358284" lon="8.564373">
        <ele>458</ele>
        <time>2024-09-13T10:09:13Z</time>
        <cmt>speed: 0.2</cmt>
      </trkpt>
      <trkpt lat="47.358331" lon="8.564604">
        <ele>447</ele>
        <time>2024-09-13T10:19:13Z</time>
        <cmt>speed: 0.2</cmt>
      </trkpt>
      <trkpt lat="47.358331" lon="8.564604">
        <ele>447</ele>
        <time>2024-09-13T10:29:09Z</time>
      </trkpt>
      <trkpt lat="47.358404" lon="8.564483">
        <ele>443</ele>
        <time>2024-09-13T10:29:14Z</time>
        <cmt>speed: 0.1</cmt>
      </trkpt>
      <trkpt lat="47.358337" lon="8.564648">
        <ele>455</ele>
        <time>2024-09-13T10:39:14Z</time>
        <cmt>speed: 0.8</cmt>
      </trkpt>
      <trkpt lat="47.358337" lon="8.564648">
        <ele>455</ele>
        <time>2024-09-13T10:49:10Z</time>
      </trkpt>
      <trkpt lat="47.358327" lon="8.564511">
        <ele>449</ele>
        <time>2024-09-13T10:49:15Z</time>
        <cmt>speed: 1.1</cmt>
      </trkpt>
      <trkpt lat="47.358236" lon="8.564012">
        <ele>438</ele>
        <time>2024-09-13T10:59:14Z</time>
        <cmt>speed: 0.8</cmt>
      </trkpt>
      <trkpt lat="47.358187" lon="8.564056">
        <ele>439</ele>
        <time>2024-09-13T11:09:14Z</time>
        <cmt>speed: 0.1</cmt>
      </trkpt>
      <trkpt lat="47.358261" lon="8.564001">
        <ele>487</ele>
        <time>2024-09-13T11:19:14Z</time>
        <cmt>speed: 0.6</cmt>
      </trkpt>
      <trkpt lat="47.358302" lon="8.565298">
        <ele>432</ele>
        <time>2024-09-13T11:29:13Z</time>
        <cmt>speed: 1.7</cmt>
      </trkpt>
      <trkpt lat="47.358375" lon="8.56448">
        <ele>459</ele>
        <time>2024-09-13T11:39:13Z</time>
        <cmt>speed: 0.1</cmt>
      </trkpt>
      <trkpt lat="47.358119" lon="8.564374">
        <ele>450</ele>
        <time>2024-09-13T11:49:14Z</time>
        <cmt>speed: 0.7</cmt>
      </trkpt>
      <trkpt lat="47.358275" lon="8.564091">
        <ele>500</ele>
        <time>2024-09-13T11:59:14Z</time>
        <cmt>speed: 0.0</cmt>
      </trkpt>
      <trkpt lat="47.358253" lon="8.564465">
        <ele>457</ele>
        <time>2024-09-13T12:09:14Z</time>
        <cmt>speed: 0.6</cmt>
      </trkpt>
      <trkpt lat="47.358312" lon="8.564981">
        <ele>457</ele>
        <time>2024-09-13T12:19:14Z</time>
        <cmt>speed: 0.2</cmt>
      </trkpt>
      <trkpt lat="47.358752" lon="8.563962">
        <ele>449</ele>
        <time>2024-09-13T12:29:16Z</time>
        <cmt>speed: 0.2</cmt>
      </trkpt>
      <trkpt lat="47.358565" lon="8.563444">
        <ele>466</ele>
        <time>2024-09-13T12:39:15Z</time>
        <cmt>speed: 0.1</cmt>
      </trkpt>
      <trkpt lat="47.358565" lon="8.563444">
        <ele>466</ele>
        <time>2024-09-13T12:49:10Z</time>
      </trkpt>
      <trkpt lat="47.358754" lon="8.563417">
        <ele>450</ele>
        <time>2024-09-13T12:49:15Z</time>
        <cmt>speed: 0.2</cmt>
      </trkpt>
      <trkpt lat="47.35829" lon="8.563088">
        <ele>468</ele>
        <time>2024-09-13T12:59:15Z</time>
        <cmt>speed: 0.3</cmt>
      </trkpt>
      <trkpt lat="47.35829" lon="8.563088">
        <ele>468</ele>
        <time>2024-09-13T13:09:08Z</time>
      </trkpt>
      <trkpt lat="47.358249" lon="8.563045">
        <ele>459</ele>
        <time>2024-09-13T13:09:13Z</time>
        <cmt>speed: 0.7</cmt>
      </trkpt>
      <trkpt lat="47.358074" lon="8.562814">
        <ele>430</ele>
        <time>2024-09-13T13:19:14Z</time>
        <cmt>speed: 1.0</cmt>
      </trkpt>
      <trkpt lat="47.358074" lon="8.562814">
        <ele>430</ele>
        <time>2024-09-13T13:29:11Z</time>
      </trkpt>
      <trkpt lat="47.357666" lon="8.56226">
        <ele>392</ele>
        <time>2024-09-13T13:29:16Z</time>
        <cmt>speed: 0.1</cmt>
      </trkpt>
      <trkpt lat="47.357542" lon="8.562211">
        <ele>438</ele>
        <time>2024-09-13T13:39:19Z</time>
        <cmt>speed: 0.2</cmt>
      </trkpt>
      <trkpt lat="47.358617" lon="8.562541">
        <ele>445</ele>
        <time>2024-09-13T13:49:14Z</time>
        <cmt>speed: 0.2</cmt>
      </trkpt>
      <trkpt lat="47.359835" lon="8.562289">
        <ele>432</ele>
        <time>2024-09-13T13:59:16Z</time>
        <cmt>speed: 0.2</cmt>
      </trkpt>
      <trkpt lat="47.359974" lon="8.56367">
        <ele>434</ele>
        <time>2024-09-13T14:08:01Z</time>
      </trkpt>
      <trkpt lat="47.359811" lon="8.563663">
        <ele>454</ele>
        <time>2024-09-13T14:16:08Z</time>
        <cmt>speed: 0.0</cmt>
      </trkpt>
      <trkpt lat="47.359959" lon="8.563643">
        <ele>434</ele>
        <time>2024-09-13T14:23:25Z</time>
      </trkpt>
      <trkpt lat="47.359959" lon="8.563643">
        <ele>434</ele>
        <time>2024-09-13T14:30:41Z</time>
      </trkpt>
      <trkpt lat="47.359959" lon="8.563643">
        <ele>434</ele>
        <time>2024-09-13T14:34:57Z</time>
      </trkpt>
      <trkpt lat="47.359985" lon="8.563807">
        <ele>437</ele>
        <time>2024-09-13T14:36:51Z</time>
        <cmt>speed: 0.2</cmt>
      </trkpt>
      <trkpt lat="47.360043" lon="8.5608">
        <ele>445</ele>
        <time>2024-09-13T14:46:54Z</time>
        <cmt>speed: 0.2</cmt>
      </trkpt>
      <trkpt lat="47.359916" lon="8.56121">
        <ele>465</ele>
        <time>2024-09-13T14:56:53Z</time>
        <cmt>speed: 0.6</cmt>
      </trkpt>
      <trkpt lat="47.359711" lon="8.560729">
        <ele>472</ele>
        <time>2024-09-13T15:07:01Z</time>
        <cmt>speed: 0.3</cmt>
      </trkpt>
      <trkpt lat="47.359711" lon="8.560729">
        <ele>472</ele>
        <time>2024-09-13T15:16:49Z</time>
      </trkpt>
      <trkpt lat="47.359789" lon="8.560742">
        <ele>437</ele>
        <time>2024-09-13T15:16:55Z</time>
        <cmt>speed: 0.1</cmt>
      </trkpt>
      <trkpt lat="47.360082" lon="8.560914">
        <ele>402</ele>
        <time>2024-09-13T15:26:51Z</time>
        <cmt>speed: 1.3</cmt>
      </trkpt>
      <trkpt lat="47.360082" lon="8.560914">
        <ele>402</ele>
        <time>2024-09-13T15:37:02Z</time>
      </trkpt>
      <trkpt lat="47.359884" lon="8.563651">
        <ele>464</ele>
        <time>2024-09-13T15:37:07Z</time>
        <cmt>speed: 0.1</cmt>
      </trkpt>
      <trkpt lat="47.359959" lon="8.563643">
        <ele>434</ele>
        <time>2024-09-13T15:39:14Z</time>
      </trkpt>
      <trkpt lat="47.359959" lon="8.563643">
        <ele>434</ele>
        <time>2024-09-13T15:54:14Z</time>
      </trkpt>
      <trkpt lat="47.359959" lon="8.563643">
        <ele>434</ele>
        <time>2024-09-14T03:06:20Z</time>
      </trkpt>
      <trkpt lat="47.360404" lon="8.563119">
        <ele>461</ele>
        <time>2024-09-14T03:07:07Z</time>
        <cmt>speed: 0.0</cmt>
      </trkpt>
      <trkpt lat="47.359399" lon="8.562039">
        <ele>453</ele>
        <time>2024-09-14T03:16:33Z</time>
        <cmt>speed: 0.6</cmt>
      </trkpt>
      <trkpt lat="47.359207" lon="8.560718">
        <ele>411</ele>
        <time>2024-09-14T03:26:31Z</time>
        <cmt>speed: 0.4</cmt>
      </trkpt>
      <trkpt lat="47.358731" lon="8.560614">
        <ele>418</ele>
        <time>2024-09-14T03:36:31Z</time>
        <cmt>speed: 0.0</cmt>
      </trkpt>
      <trkpt lat="47.358967" lon="8.562018">
        <ele>437</ele>
        <time>2024-09-14T03:56:31Z</time>
        <cmt>speed: 0.4</cmt>
      </trkpt>
      <trkpt lat="47.358967" lon="8.562018">
        <ele>437</ele>
        <time>2024-09-14T04:06:32Z</time>
      </trkpt>
      <trkpt lat="47.358941" lon="8.561896">
        <ele>433</ele>
        <time>2024-09-14T04:06:40Z</time>
        <cmt>speed: 0.2</cmt>
      </trkpt>
      <trkpt lat="47.35905" lon="8.561782">
        <ele>443</ele>
        <time>2024-09-14T04:16:32Z</time>
        <cmt>speed: 0.0</cmt>
      </trkpt>
      <trkpt lat="47.358988" lon="8.561837">
        <ele>432</ele>
        <time>2024-09-14T04:26:33Z</time>
        <cmt>speed: 0.7</cmt>
      </trkpt>
      <trkpt lat="47.358711" lon="8.561242">
        <ele>421</ele>
        <time>2024-09-14T04:36:30Z</time>
        <cmt>speed: 0.2</cmt>
      </trkpt>
      <trkpt lat="47.358711" lon="8.561242">
        <ele>421</ele>
        <time>2024-09-14T04:46:23Z</time>
      </trkpt>
      <trkpt lat="47.358449" lon="8.561197">
        <ele>444</ele>
        <time>2024-09-14T04:46:31Z</time>
        <cmt>speed: 0.0</cmt>
      </trkpt>
      <trkpt lat="47.358591" lon="8.561063">
        <ele>460</ele>
        <time>2024-09-14T04:56:32Z</time>
        <cmt>speed: 1.1</cmt>
      </trkpt>
      <trkpt lat="47.358591" lon="8.561063">
        <ele>460</ele>
        <time>2024-09-14T05:06:29Z</time>
      </trkpt>
      <trkpt lat="47.358581" lon="8.561236">
        <ele>444</ele>
        <time>2024-09-14T05:06:37Z</time>
        <cmt>speed: 0.1</cmt>
      </trkpt>
      <trkpt lat="47.358582" lon="8.561234">
        <ele>450</ele>
        <time>2024-09-14T05:18:23Z</time>
        <cmt>speed: 0.5</cmt>
      </trkpt>
      <trkpt lat="47.358589" lon="8.561077">
        <ele>431</ele>
        <time>2024-09-14T05:28:27Z</time>
        <cmt>speed: 0.0</cmt>
      </trkpt>
      <trkpt lat="47.358733" lon="8.561158">
        <ele>434</ele>
        <time>2024-09-14T05:38:26Z</time>
        <cmt>speed: 0.0</cmt>
      </trkpt>
      <trkpt lat="47.358733" lon="8.561158">
        <ele>434</ele>
        <time>2024-09-14T05:48:15Z</time>
      </trkpt>
      <trkpt lat="47.358755" lon="8.561109">
        <ele>439</ele>
        <time>2024-09-14T05:48:23Z</time>
        <cmt>speed: 0.3</cmt>
      </trkpt>
      <trkpt lat="47.358557" lon="8.561241">
        <ele>431</ele>
        <time>2024-09-14T06:00:05Z</time>
        <cmt>speed: 1.0</cmt>
      </trkpt>
      <trkpt lat="47.358557" lon="8.561241">
        <ele>431</ele>
        <time>2024-09-14T06:09:57Z</time>
      </trkpt>
      <trkpt lat="47.358672" lon="8.561217">
        <ele>422</ele>
        <time>2024-09-14T06:10:05Z</time>
        <cmt>speed: 0.4</cmt>
      </trkpt>
      <trkpt lat="47.358696" lon="8.561222">
        <ele>431</ele>
        <time>2024-09-14T06:20:03Z</time>
        <cmt>speed: 0.7</cmt>
      </trkpt>
      <trkpt lat="47.358696" lon="8.561222">
        <ele>431</ele>
        <time>2024-09-14T06:29:57Z</time>
      </trkpt>
      <trkpt lat="47.358666" lon="8.561209">
        <ele>426</ele>
        <time>2024-09-14T06:30:05Z</time>
        <cmt>speed: 0.5</cmt>
      </trkpt>
      <trkpt lat="47.358639" lon="8.561327">
        <ele>427</ele>
        <time>2024-09-14T06:40:06Z</time>
        <cmt>speed: 0.1</cmt>
      </trkpt>
      <trkpt lat="47.358203" lon="8.560552">
        <ele>424</ele>
        <time>2024-09-14T06:50:06Z</time>
        <cmt>speed: 0.3</cmt>
      </trkpt>
      <trkpt lat="47.358081" lon="8.560312">
        <ele>450</ele>
        <time>2024-09-14T07:00:05Z</time>
        <cmt>speed: 0.6</cmt>
      </trkpt>
      <trkpt lat="47.358281" lon="8.560886">
        <ele>421</ele>
        <time>2024-09-14T07:10:03Z</time>
        <cmt>speed: 1.5</cmt>
      </trkpt>
      <trkpt lat="47.358745" lon="8.560562">
        <ele>439</ele>
        <time>2024-09-14T07:20:07Z</time>
        <cmt>speed: 0.0</cmt>
      </trkpt>
      <trkpt lat="47.359184" lon="8.5614">
        <ele>430</ele>
        <time>2024-09-14T07:40:13Z</time>
        <cmt>speed: 0.2</cmt>
      </trkpt>
      <trkpt lat="47.359184" lon="8.5614">
        <ele>430</ele>
        <time>2024-09-14T07:49:57Z</time>
      </trkpt>
      <trkpt lat="47.359301" lon="8.561312">
        <ele>412</ele>
        <time>2024-09-14T07:50:05Z</time>
        <cmt>speed: 0.3</cmt>
      </trkpt>
      <trkpt lat="47.359241" lon="8.561211">
        <ele>419</ele>
        <time>2024-09-14T08:00:09Z</time>
        <cmt>speed: 0.2</cmt>
      </trkpt>
      <trkpt lat="47.359241" lon="8.561211">
        <ele>419</ele>
        <time>2024-09-14T08:09:56Z</time>
      </trkpt>
      <trkpt lat="47.359102" lon="8.561847">
        <ele>446</ele>
        <time>2024-09-14T08:10:04Z</time>
        <cmt>speed: 1.5</cmt>
      </trkpt>
      <trkpt lat="47.359144" lon="8.561948">
        <ele>424</ele>
        <time>2024-09-14T08:20:03Z</time>
        <cmt>speed: 2.2</cmt>
      </trkpt>
      <trkpt lat="47.359107" lon="8.562646">
        <ele>442</ele>
        <time>2024-09-14T08:30:12Z</time>
        <cmt>speed: 0.3</cmt>
      </trkpt>
      <trkpt lat="47.358198" lon="8.564092">
        <ele>452</ele>
        <time>2024-09-14T08:40:03Z</time>
        <cmt>speed: 0.5</cmt>
      </trkpt>
      <trkpt lat="47.358198" lon="8.564092">
        <ele>452</ele>
        <time>2024-09-14T08:49:54Z</time>
      </trkpt>
      <trkpt lat="47.358269" lon="8.564244">
        <ele>464</ele>
        <time>2024-09-14T08:50:03Z</time>
        <cmt>speed: 0.5</cmt>
      </trkpt>
      <trkpt lat="47.358261" lon="8.564382">
        <ele>460</ele>
        <time>2024-09-14T09:00:04Z</time>
        <cmt>speed: 0.3</cmt>
      </trkpt>
      <trkpt lat="47.358183" lon="8.564357">
        <ele>451</ele>
        <time>2024-09-14T09:10:04Z</time>
        <cmt>speed: 0.1</cmt>
      </trkpt>
      <trkpt lat="47.358199" lon="8.564413">
        <ele>442</ele>
        <time>2024-09-14T09:20:03Z</time>
        <cmt>speed: 0.6</cmt>
      </trkpt>
      <trkpt lat="47.358199" lon="8.564413">
        <ele>442</ele>
        <time>2024-09-14T09:29:54Z</time>
      </trkpt>
      <trkpt lat="47.35815" lon="8.564483">
        <ele>465</ele>
        <time>2024-09-14T09:30:03Z</time>
        <cmt>speed: 0.2</cmt>
      </trkpt>
      <trkpt lat="47.358331" lon="8.564569">
        <ele>440</ele>
        <time>2024-09-14T09:40:06Z</time>
        <cmt>speed: 0.0</cmt>
      </trkpt>
      <trkpt lat="47.358285" lon="8.564295">
        <ele>474</ele>
        <time>2024-09-14T09:50:03Z</time>
        <cmt>speed: 0.1</cmt>
      </trkpt>
      <trkpt lat="47.357833" lon="8.563201">
        <ele>444</ele>
        <time>2024-09-14T10:00:05Z</time>
        <cmt>speed: 0.3</cmt>
      </trkpt>
      <trkpt lat="47.358131" lon="8.561961">
        <ele>448</ele>
        <time>2024-09-14T10:10:04Z</time>
        <cmt>speed: 0.5</cmt>
      </trkpt>
      <trkpt lat="47.359056" lon="8.561079">
        <ele>437</ele>
        <time>2024-09-14T10:20:05Z</time>
        <cmt>speed: 1.6</cmt>
      </trkpt>
      <trkpt lat="47.359165" lon="8.558598">
        <ele>409</ele>
        <time>2024-09-14T10:30:07Z</time>
        <cmt>speed: 0.8</cmt>
      </trkpt>
      <trkpt lat="47.358267" lon="8.559771">
        <ele>439</ele>
        <time>2024-09-14T10:40:05Z</time>
        <cmt>speed: 0.1</cmt>
      </trkpt>
      <trkpt lat="47.358267" lon="8.559771">
        <ele>439</ele>
        <time>2024-09-14T10:49:58Z</time>
      </trkpt>
      <trkpt lat="47.35878" lon="8.560107">
        <ele>412</ele>
        <time>2024-09-14T10:50:07Z</time>
        <cmt>speed: 0.0</cmt>
      </trkpt>
      <trkpt lat="47.358857" lon="8.560646">
        <ele>429</ele>
        <time>2024-09-14T11:00:04Z</time>
        <cmt>speed: 0.3</cmt>
      </trkpt>
      <trkpt lat="47.358857" lon="8.560646">
        <ele>429</ele>
        <time>2024-09-14T11:09:55Z</time>
      </trkpt>
      <trkpt lat="47.358788" lon="8.562695">
        <ele>431</ele>
        <time>2024-09-14T11:10:04Z</time>
        <cmt>speed: 0.2</cmt>
      </trkpt>
      <trkpt lat="47.358553" lon="8.564496">
        <ele>469</ele>
        <time>2024-09-14T11:20:04Z</time>
        <cmt>speed: 0.1</cmt>
      </trkpt>
      <trkpt lat="47.35822" lon="8.564129">
        <ele>462</ele>
        <time>2024-09-14T11:30:05Z</time>
        <cmt>speed: 0.6</cmt>
      </trkpt>
      <trkpt lat="47.358213" lon="8.56421">
        <ele>451</ele>
        <time>2024-09-14T11:40:03Z</time>
        <cmt>speed: 1.1</cmt>
      </trkpt>
      <trkpt lat="47.358213" lon="8.56421">
        <ele>451</ele>
        <time>2024-09-14T11:49:56Z</time>
      </trkpt>
      <trkpt lat="47.358232" lon="8.564293">
        <ele>433</ele>
        <time>2024-09-14T11:50:04Z</time>
        <cmt>speed: 0.8</cmt>
      </trkpt>
      <trkpt lat="47.358394" lon="8.564821">
        <ele>480</ele>
        <time>2024-09-14T12:00:04Z</time>
        <cmt>speed: 1.0</cmt>
      </trkpt>
      <trkpt lat="47.358394" lon="8.564821">
        <ele>480</ele>
        <time>2024-09-14T12:09:55Z</time>
      </trkpt>
      <trkpt lat="47.35843" lon="8.564714">
        <ele>479</ele>
        <time>2024-09-14T12:10:04Z</time>
        <cmt>speed: 0.2</cmt>
      </trkpt>
      <trkpt lat="47.358311" lon="8.564745">
        <ele>461</ele>
        <time>2024-09-14T12:20:05Z</time>
        <cmt>speed: 1.6</cmt>
      </trkpt>
      <trkpt lat="47.358146" lon="8.564555">
        <ele>457</ele>
        <time>2024-09-14T12:30:04Z</time>
        <cmt>speed: 0.2</cmt>
      </trkpt>
      <trkpt lat="47.357769" lon="8.564231">
        <ele>442</ele>
        <time>2024-09-14T12:40:05Z</time>
        <cmt>speed: 1.0</cmt>
      </trkpt>
      <trkpt lat="47.357769" lon="8.564231">
        <ele>442</ele>
        <time>2024-09-14T12:49:56Z</time>
      </trkpt>
      <trkpt lat="47.357598" lon="8.564109">
        <ele>446</ele>
        <time>2024-09-14T12:50:05Z</time>
        <cmt>speed: 0.0</cmt>
      </trkpt>
      <trkpt lat="47.358098" lon="8.562773">
        <ele>445</ele>
        <time>2024-09-14T13:00:05Z</time>
        <cmt>speed: 0.7</cmt>
      </trkpt>
      <trkpt lat="47.35924" lon="8.561141">
        <ele>452</ele>
        <time>2024-09-14T13:10:08Z</time>
        <cmt>speed: 0.7</cmt>
      </trkpt>
      <trkpt lat="47.36014" lon="8.559226">
        <ele>493</ele>
        <time>2024-09-14T13:20:12Z</time>
        <cmt>speed: 0.1</cmt>
      </trkpt>
      <trkpt lat="47.359126" lon="8.560434">
        <ele>477</ele>
        <time>2024-09-14T13:30:08Z</time>
        <cmt>speed: 0.3</cmt>
      </trkpt>
      <trkpt lat="47.359602" lon="8.560834">
        <ele>470</ele>
        <time>2024-09-14T13:40:06Z</time>
        <cmt>speed: 0.7</cmt>
      </trkpt>
      <trkpt lat="47.35997" lon="8.562334">
        <ele>379</ele>
        <time>2024-09-14T13:50:04Z</time>
        <cmt>speed: 0.2</cmt>
      </trkpt>
      <trkpt lat="47.359674" lon="8.562189">
        <ele>429</ele>
        <time>2024-09-14T14:00:09Z</time>
        <cmt>speed: 0.7</cmt>
      </trkpt>
      <trkpt lat="47.359674" lon="8.562189">
        <ele>429</ele>
        <time>2024-09-14T14:09:56Z</time>
      </trkpt>
      <trkpt lat="47.359577" lon="8.562328">
        <ele>444</ele>
        <time>2024-09-14T14:10:05Z</time>
        <cmt>speed: 0.6</cmt>
      </trkpt>
      <trkpt lat="47.359448" lon="8.562288">
        <ele>433</ele>
        <time>2024-09-14T14:20:08Z</time>
        <cmt>speed: 0.0</cmt>
      </trkpt>
      <trkpt lat="47.359529" lon="8.562385">
        <ele>479</ele>
        <time>2024-09-14T14:30:06Z</time>
        <cmt>speed: 0.7</cmt>
      </trkpt>
      <trkpt lat="47.35926" lon="8.562211">
        <ele>410</ele>
        <time>2024-09-14T14:40:05Z</time>
        <cmt>speed: 0.3</cmt>
      </trkpt>
      <trkpt lat="47.35939" lon="8.562191">
        <ele>436</ele>
        <time>2024-09-14T14:50:04Z</time>
        <cmt>speed: 0.6</cmt>
      </trkpt>
      <trkpt lat="47.358921" lon="8.562783">
        <ele>454</ele>
        <time>2024-09-14T15:00:05Z</time>
        <cmt>speed: 1.3</cmt>
      </trkpt>
      <trkpt lat="47.358461" lon="8.563637">
        <ele>462</ele>
        <time>2024-09-14T15:10:06Z</time>
        <cmt>speed: 0.2</cmt>
      </trkpt>
      <trkpt lat="47.358386" lon="8.563559">
        <ele>444</ele>
        <time>2024-09-14T15:20:04Z</time>
        <cmt>speed: 2.0</cmt>
      </trkpt>
      <trkpt lat="47.358386" lon="8.563559">
        <ele>444</ele>
        <time>2024-09-14T15:29:56Z</time>
      </trkpt>
      <trkpt lat="47.358322" lon="8.563473">
        <ele>446</ele>
        <time>2024-09-14T15:30:05Z</time>
        <cmt>speed: 0.2</cmt>
      </trkpt>
      <trkpt lat="47.358482" lon="8.563441">
        <ele>461</ele>
        <time>2024-09-14T15:40:04Z</time>
        <cmt>speed: 0.8</cmt>
      </trkpt>
      <trkpt lat="47.358482" lon="8.563441">
        <ele>461</ele>
        <time>2024-09-14T15:49:54Z</time>
      </trkpt>
      <trkpt lat="47.358282" lon="8.563563">
        <ele>462</ele>
        <time>2024-09-14T15:50:04Z</time>
        <cmt>speed: 0.1</cmt>
      </trkpt>
      <trkpt lat="47.358312" lon="8.563386">
        <ele>459</ele>
        <time>2024-09-14T16:00:04Z</time>
        <cmt>speed: 0.1</cmt>
      </trkpt>
      <trkpt lat="47.35838" lon="8.563366">
        <ele>462</ele>
        <time>2024-09-14T16:10:04Z</time>
        <cmt>speed: 1.4</cmt>
      </trkpt>
      <trkpt lat="47.358383" lon="8.563599">
        <ele>455</ele>
        <time>2024-09-14T16:20:05Z</time>
        <cmt>speed: 0.3</cmt>
      </trkpt>
      <trkpt lat="47.358628" lon="8.563686">
        <ele>469</ele>
        <time>2024-09-14T16:30:06Z</time>
        <cmt>speed: 0.4</cmt>
      </trkpt>
      <trkpt lat="47.358868" lon="8.562085">
        <ele>439</ele>
        <time>2024-09-14T16:40:06Z</time>
        <cmt>speed: 1.2</cmt>
      </trkpt>
      <trkpt lat="47.35914" lon="8.561231">
        <ele>383</ele>
        <time>2024-09-14T16:50:06Z</time>
        <cmt>speed: 0.5</cmt>
      </trkpt>
      <trkpt lat="47.359959" lon="8.563643">
        <ele>434</ele>
        <time>2024-09-14T16:59:02Z</time>
      </trkpt>
      <trkpt lat="47.359959" lon="8.563643">
        <ele>434</ele>
        <time>2024-09-14T17:09:15Z</time>
      </trkpt>
      <trkpt lat="47.359959" lon="8.563643">
        <ele>434</ele>
        <time>2024-09-14T17:19:14Z</time>
      </trkpt>
      <trkpt lat="47.359959" lon="8.563643">
        <ele>434</ele>
        <time>2024-09-14T17:29:14Z</time>
      </trkpt>
      <trkpt lat="47.359959" lon="8.563643">
        <ele>434</ele>
        <time>2024-09-14T17:39:14Z</time>
      </trkpt>
      <trkpt lat="47.359959" lon="8.563643">
        <ele>434</ele>
        <time>2024-09-14T17:49:14Z</time>
      </trkpt>
      <trkpt lat="47.359959" lon="8.563643">
        <ele>434</ele>
        <time>2024-09-14T17:59:14Z</time>
      </trkpt>
      <trkpt lat="47.359959" lon="8.563643">
        <ele>434</ele>
        <time>2024-09-14T18:09:14Z</time>
      </trkpt>
      <trkpt lat="47.359959" lon="8.563643">
        <ele>434</ele>
        <time>2024-09-14T18:19:14Z</time>
      </trkpt>
      <trkpt lat="47.359959" lon="8.563643">
        <ele>434</ele>
        <time>2024-09-14T18:29:14Z</time>
      </trkpt>
      <trkpt lat="47.359959" lon="8.563643">
        <ele>434</ele>
        <time>2024-09-14T18:39:14Z</time>
      </trkpt>
      <trkpt lat="47.359959" lon="8.563643">
        <ele>434</ele>
        <time>2024-09-14T18:49:14Z</time>
      </trkpt>
      <trkpt lat="47.359959" lon="8.563643">
        <ele>434</ele>
        <time>2024-09-14T18:55:03Z</time>
      </trkpt>
      <trkpt lat="47.359959" lon="8.563643">
        <ele>434</ele>
        <time>2024-09-14T19:05:03Z</time>
      </trkpt>
      <trkpt lat="47.359959" lon="8.563643">
        <ele>434</ele>
        <time>2024-09-14T19:15:03Z</time>
      </trkpt>
      <trkpt lat="47.359959" lon="8.563643">
        <ele>434</ele>
        <time>2024-09-14T19:25:03Z</time>
      </trkpt>
      <trkpt lat="47.359959" lon="8.563643">
        <ele>434</ele>
        <time>2024-09-14T19:35:03Z</time>
      </trkpt>
      <trkpt lat="47.359959" lon="8.563643">
        <ele>434</ele>
        <time>2024-09-14T19:45:03Z</time>
      </trkpt>
      <trkpt lat="47.359959" lon="8.563643">
        <ele>434</ele>
        <time>2024-09-14T19:55:03Z</time>
      </trkpt>
      <trkpt lat="47.359959" lon="8.563643">
        <ele>434</ele>
        <time>2024-09-14T20:05:03Z</time>
      </trkpt>
      <trkpt lat="47.359959" lon="8.563643">
        <ele>434</ele>
        <time>2024-09-14T20:15:03Z</time>
      </trkpt>
      <trkpt lat="47.359959" lon="8.563643">
        <ele>434</ele>
        <time>2024-09-14T20:25:03Z</time>
      </trkpt>
      <trkpt lat="47.359959" lon="8.563643">
        <ele>434</ele>
        <time>2024-09-14T20:35:03Z</time>
      </trkpt>
      <trkpt lat="47.359959" lon="8.563643">
        <ele>434</ele>
        <time>2024-09-14T20:45:03Z</time>
      </trkpt>
      <trkpt lat="47.359959" lon="8.563643">
        <ele>434</ele>
        <time>2024-09-14T20:55:03Z</time>
      </trkpt>
      <trkpt lat="47.359959" lon="8.563643">
        <ele>434</ele>
        <time>2024-09-14T21:05:03Z</time>
      </trkpt>
      <trkpt lat="47.359959" lon="8.563643">
        <ele>434</ele>
        <time>2024-09-14T21:15:03Z</time>
      </trkpt>
      <trkpt lat="47.359959" lon="8.563643">
        <ele>434</ele>
        <time>2024-09-14T21:25:03Z</time>
      </trkpt>
      <trkpt lat="47.359959" lon="8.563643">
        <ele>434</ele>
        <time>2024-09-14T21:35:03Z</time>
      </trkpt>
      <trkpt lat="47.359959" lon="8.563643">
        <ele>434</ele>
        <time>2024-09-14T21:45:03Z</time>
      </trkpt>
      <trkpt lat="47.359959" lon="8.563643">
        <ele>434</ele>
        <time>2024-09-14T21:55:03Z</time>
      </trkpt>
      <trkpt lat="47.359959" lon="8.563643">
        <ele>434</ele>
        <time>2024-09-14T22:05:03Z</time>
      </trkpt>
      <trkpt lat="47.359959" lon="8.563643">
        <ele>434</ele>
        <time>2024-09-14T22:15:03Z</time>
      </trkpt>
      <trkpt lat="47.359959" lon="8.563643">
        <ele>434</ele>
        <time>2024-09-14T22:25:03Z</time>
      </trkpt>
      <trkpt lat="47.359959" lon="8.563643">
        <ele>434</ele>
        <time>2024-09-14T22:35:03Z</time>
      </trkpt>
      <trkpt lat="47.359959" lon="8.563643">
        <ele>434</ele>
        <time>2024-09-14T22:45:03Z</time>
      </trkpt>
      <trkpt lat="47.359959" lon="8.563643">
        <ele>434</ele>
        <time>2024-09-14T22:55:03Z</time>
      </trkpt>
      <trkpt lat="47.359959" lon="8.563643">
        <ele>434</ele>
        <time>2024-09-14T23:05:03Z</time>
      </trkpt>
      <trkpt lat="47.359959" lon="8.563643">
        <ele>434</ele>
        <time>2024-09-14T23:15:03Z</time>
      </trkpt>
      <trkpt lat="47.359959" lon="8.563643">
        <ele>434</ele>
        <time>2024-09-14T23:25:03Z</time>
      </trkpt>
      <trkpt lat="47.359959" lon="8.563643">
        <ele>434</ele>
        <time>2024-09-14T23:35:03Z</time>
      </trkpt>
      <trkpt lat="47.359959" lon="8.563643">
        <ele>434</ele>
        <time>2024-09-14T23:45:03Z</time>
      </trkpt>
      <trkpt lat="47.359959" lon="8.563643">
        <ele>434</ele>
        <time>2024-09-14T23:55:03Z</time>
      </trkpt>
      <trkpt lat="47.359959" lon="8.563643">
        <ele>434</ele>
        <time>2024-09-15T00:05:03Z</time>
      </trkpt>
      <trkpt lat="47.359959" lon="8.563643">
        <ele>434</ele>
        <time>2024-09-15T00:15:03Z</time>
      </trkpt>
      <trkpt lat="47.359959" lon="8.563643">
        <ele>434</ele>
        <time>2024-09-15T00:25:03Z</time>
      </trkpt>
      <trkpt lat="47.359959" lon="8.563643">
        <ele>434</ele>
        <time>2024-09-15T00:35:03Z</time>
      </trkpt>
      <trkpt lat="47.359959" lon="8.563643">
        <ele>434</ele>
        <time>2024-09-15T00:45:03Z</time>
      </trkpt>
      <trkpt lat="47.359959" lon="8.563643">
        <ele>434</ele>
        <time>2024-09-15T00:55:03Z</time>
      </trkpt>
      <trkpt lat="47.359959" lon="8.563643">
        <ele>434</ele>
        <time>2024-09-15T01:05:03Z</time>
      </trkpt>
      <trkpt lat="47.359959" lon="8.563643">
        <ele>434</ele>
        <time>2024-09-15T01:15:03Z</time>
      </trkpt>
      <trkpt lat="47.359959" lon="8.563643">
        <ele>434</ele>
        <time>2024-09-15T01:25:03Z</time>
      </trkpt>
      <trkpt lat="47.359959" lon="8.563643">
        <ele>434</ele>
        <time>2024-09-15T01:35:03Z</time>
      </trkpt>
      <trkpt lat="47.359959" lon="8.563643">
        <ele>434</ele>
        <time>2024-09-15T01:45:03Z</time>
      </trkpt>
      <trkpt lat="47.359959" lon="8.563643">
        <ele>434</ele>
        <time>2024-09-15T01:55:03Z</time>
      </trkpt>
      <trkpt lat="47.359959" lon="8.563643">
        <ele>434</ele>
        <time>2024-09-15T02:05:03Z</time>
      </trkpt>
      <trkpt lat="47.359959" lon="8.563643">
        <ele>434</ele>
        <time>2024-09-15T02:15:03Z</time>
      </trkpt>
      <trkpt lat="47.359959" lon="8.563643">
        <ele>434</ele>
        <time>2024-09-15T02:25:03Z</time>
      </trkpt>
      <trkpt lat="47.359959" lon="8.563643">
        <ele>434</ele>
        <time>2024-09-15T02:35:03Z</time>
      </trkpt>
      <trkpt lat="47.359959" lon="8.563643">
        <ele>434</ele>
        <time>2024-09-15T02:45:03Z</time>
      </trkpt>
      <trkpt lat="47.359959" lon="8.563643">
        <ele>434</ele>
        <time>2024-09-15T02:55:03Z</time>
      </trkpt>
      <trkpt lat="47.359959" lon="8.563643">
        <ele>434</ele>
        <time>2024-09-15T03:05:03Z</time>
      </trkpt>
      <trkpt lat="47.359959" lon="8.563643">
        <ele>434</ele>
        <time>2024-09-15T03:15:03Z</time>
      </trkpt>
      <trkpt lat="47.359959" lon="8.563643">
        <ele>434</ele>
        <time>2024-09-15T03:25:03Z</time>
      </trkpt>
      <trkpt lat="47.359959" lon="8.563643">
        <ele>434</ele>
        <time>2024-09-15T03:35:03Z</time>
      </trkpt>
      <trkpt lat="47.359959" lon="8.563643">
        <ele>434</ele>
        <time>2024-09-15T03:45:03Z</time>
      </trkpt>
      <trkpt lat="47.359959" lon="8.563643">
        <ele>434</ele>
        <time>2024-09-15T03:55:03Z</time>
      </trkpt>
      <trkpt lat="47.359959" lon="8.563643">
        <ele>434</ele>
        <time>2024-09-15T04:05:03Z</time>
      </trkpt>
      <trkpt lat="47.359959" lon="8.563643">
        <ele>434</ele>
        <time>2024-09-15T04:12:55Z</time>
      </trkpt>
      <trkpt lat="47.359959" lon="8.563643">
        <ele>434</ele>
        <time>2024-09-15T04:27:52Z</time>
      </trkpt>
      <trkpt lat="47.359771" lon="8.564318">
        <ele>428</ele>
        <time>2024-09-15T04:28:01Z</time>
        <cmt>speed: 0.3</cmt>
      </trkpt>
      <trkpt lat="47.359357" lon="8.562678">
        <ele>444</ele>
        <time>2024-09-15T04:37:55Z</time>
        <cmt>speed: 0.6</cmt>
      </trkpt>
      <trkpt lat="47.359589" lon="8.560577">
        <ele>462</ele>
        <time>2024-09-15T04:48:00Z</time>
        <cmt>speed: 0.3</cmt>
      </trkpt>
      <trkpt lat="47.359589" lon="8.560577">
        <ele>462</ele>
        <time>2024-09-15T04:48:01Z</time>
      </trkpt>
      <trkpt lat="47.35934" lon="8.560826">
        <ele>479</ele>
        <time>2024-09-15T05:07:57Z</time>
        <cmt>speed: 0.4</cmt>
      </trkpt>
      <trkpt lat="47.358824" lon="8.560497">
        <ele>434</ele>
        <time>2024-09-15T05:17:55Z</time>
        <cmt>speed: 1.2</cmt>
      </trkpt>
      <trkpt lat="47.358925" lon="8.560101">
        <ele>441</ele>
        <time>2024-09-15T05:27:57Z</time>
        <cmt>speed: 0.1</cmt>
      </trkpt>
      <trkpt lat="47.358925" lon="8.560101">
        <ele>441</ele>
        <time>2024-09-15T05:27:59Z</time>
      </trkpt>
      <trkpt lat="47.358878" lon="8.560352">
        <ele>423</ele>
        <time>2024-09-15T05:38:09Z</time>
        <cmt>speed: 0.0</cmt>
      </trkpt>
      <trkpt lat="47.358881" lon="8.560378">
        <ele>450</ele>
        <time>2024-09-15T05:48:00Z</time>
        <cmt>speed: 0.0</cmt>
      </trkpt>
      <trkpt lat="47.358881" lon="8.560378">
        <ele>450</ele>
        <time>2024-09-15T05:48:00Z</time>
      </trkpt>
      <trkpt lat="47.358749" lon="8.560428">
        <ele>435</ele>
        <time>2024-09-15T05:57:57Z</time>
        <cmt>speed: 0.0</cmt>
      </trkpt>
      <trkpt lat="47.358908" lon="8.560267">
        <ele>415</ele>
        <time>2024-09-15T06:08:07Z</time>
        <cmt>speed: 0.0</cmt>
      </trkpt>
      <trkpt lat="47.358908" lon="8.560267">
        <ele>415</ele>
        <time>2024-09-15T06:08:07Z</time>
      </trkpt>
      <trkpt lat="47.358927" lon="8.560528">
        <ele>446</ele>
        <time>2024-09-15T06:17:59Z</time>
        <cmt>speed: 1.1</cmt>
      </trkpt>
      <trkpt lat="47.358841" lon="8.560473">
        <ele>419</ele>
        <time>2024-09-15T06:27:57Z</time>
        <cmt>speed: 0.2</cmt>
      </trkpt>
      <trkpt lat="47.358841" lon="8.560473">
        <ele>419</ele>
        <time>2024-09-15T06:27:58Z</time>
      </trkpt>
      <trkpt lat="47.358333" lon="8.559698">
        <ele>443</ele>
        <time>2024-09-15T06:37:54Z</time>
        <cmt>speed: 1.7</cmt>
      </trkpt>
      <trkpt lat="47.358408" lon="8.558512">
        <ele>424</ele>
        <time>2024-09-15T06:47:55Z</time>
        <cmt>speed: 0.5</cmt>
      </trkpt>
      <trkpt lat="47.358845" lon="8.560671">
        <ele>499</ele>
        <time>2024-09-15T06:57:55Z</time>
        <cmt>speed: 0.4</cmt>
      </trkpt>
      <trkpt lat="47.359077" lon="8.560248">
        <ele>477</ele>
        <time>2024-09-15T07:07:55Z</time>
        <cmt>speed: 0.5</cmt>
      </trkpt>
      <trkpt lat="47.359135" lon="8.560363">
        <ele>440</ele>
        <time>2024-09-15T07:18:37Z</time>
        <cmt>speed: 0.4</cmt>
      </trkpt>
      <trkpt lat="47.359036" lon="8.560394">
        <ele>419</ele>
        <time>2024-09-15T07:27:57Z</time>
        <cmt>speed: 0.1</cmt>
      </trkpt>
      <trkpt lat="47.359036" lon="8.560394">
        <ele>419</ele>
        <time>2024-09-15T07:27:57Z</time>
      </trkpt>
      <trkpt lat="47.359128" lon="8.560084">
        <ele>395</ele>
        <time>2024-09-15T07:37:55Z</time>
        <cmt>speed: 0.0</cmt>
      </trkpt>
      <trkpt lat="47.359065" lon="8.560861">
        <ele>454</ele>
        <time>2024-09-15T07:47:54Z</time>
        <cmt>speed: 1.1</cmt>
      </trkpt>
      <trkpt lat="47.358796" lon="8.561024">
        <ele>469</ele>
        <time>2024-09-15T07:57:59Z</time>
        <cmt>speed: 0.6</cmt>
      </trkpt>
      <trkpt lat="47.358782" lon="8.56029">
        <ele>384</ele>
        <time>2024-09-15T08:07:57Z</time>
        <cmt>speed: 1.4</cmt>
      </trkpt>
      <trkpt lat="47.358782" lon="8.56029">
        <ele>384</ele>
        <time>2024-09-15T08:07:57Z</time>
      </trkpt>
      <trkpt lat="47.358487" lon="8.560784">
        <ele>383</ele>
        <time>2024-09-15T08:17:55Z</time>
        <cmt>speed: 0.2</cmt>
      </trkpt>
      <trkpt lat="47.358034" lon="8.561374">
        <ele>431</ele>
        <time>2024-09-15T08:27:57Z</time>
        <cmt>speed: 0.1</cmt>
      </trkpt>
      <trkpt lat="47.358034" lon="8.561374">
        <ele>431</ele>
        <time>2024-09-15T08:27:57Z</time>
      </trkpt>
      <trkpt lat="47.357994" lon="8.561712">
        <ele>469</ele>
        <time>2024-09-15T08:37:57Z</time>
        <cmt>speed: 0.2</cmt>
      </trkpt>
      <trkpt lat="47.358088" lon="8.561285">
        <ele>441</ele>
        <time>2024-09-15T08:47:56Z</time>
        <cmt>speed: 0.0</cmt>
      </trkpt>
      <trkpt lat="47.358088" lon="8.561285">
        <ele>441</ele>
        <time>2024-09-15T08:47:56Z</time>
      </trkpt>
      <trkpt lat="47.357572" lon="8.562147">
        <ele>455</ele>
        <time>2024-09-15T08:57:54Z</time>
        <cmt>speed: 0.8</cmt>
      </trkpt>
      <trkpt lat="47.358304" lon="8.563501">
        <ele>441</ele>
        <time>2024-09-15T09:07:54Z</time>
        <cmt>speed: 0.4</cmt>
      </trkpt>
      <trkpt lat="47.358311" lon="8.563522">
        <ele>459</ele>
        <time>2024-09-15T09:17:54Z</time>
        <cmt>speed: 0.3</cmt>
      </trkpt>
      <trkpt lat="47.358345" lon="8.564957">
        <ele>439</ele>
        <time>2024-09-15T09:27:59Z</time>
        <cmt>speed: 0.3</cmt>
      </trkpt>
      <trkpt lat="47.358263" lon="8.565527">
        <ele>432</ele>
        <time>2024-09-15T09:37:54Z</time>
        <cmt>speed: 0.3</cmt>
      </trkpt>
      <trkpt lat="47.35819" lon="8.564493">
        <ele>443</ele>
        <time>2024-09-15T09:47:53Z</time>
        <cmt>speed: 0.6</cmt>
      </trkpt>
      <trkpt lat="47.357543" lon="8.564772">
        <ele>455</ele>
        <time>2024-09-15T09:57:55Z</time>
        <cmt>speed: 0.2</cmt>
      </trkpt>
      <trkpt lat="47.357608" lon="8.56508">
        <ele>473</ele>
        <time>2024-09-15T10:07:55Z</time>
        <cmt>speed: 0.8</cmt>
      </trkpt>
      <trkpt lat="47.357493" lon="8.565351">
        <ele>442</ele>
        <time>2024-09-15T10:17:58Z</time>
        <cmt>speed: 0.0</cmt>
      </trkpt>
      <trkpt lat="47.357502" lon="8.565124">
        <ele>443</ele>
        <time>2024-09-15T10:27:55Z</time>
        <cmt>speed: 0.4</cmt>
      </trkpt>
      <trkpt lat="47.357502" lon="8.565124">
        <ele>443</ele>
        <time>2024-09-15T10:27:55Z</time>
      </trkpt>
      <trkpt lat="47.357677" lon="8.564993">
        <ele>458</ele>
        <time>2024-09-15T10:37:56Z</time>
        <cmt>speed: 0.3</cmt>
      </trkpt>
      <trkpt lat="47.357677" lon="8.564993">
        <ele>458</ele>
        <time>2024-09-15T10:47:54Z</time>
      </trkpt>
      <trkpt lat="47.357703" lon="8.564876">
        <ele>466</ele>
        <time>2024-09-15T10:47:55Z</time>
        <cmt>speed: 0.0</cmt>
      </trkpt>
      <trkpt lat="47.358187" lon="8.565447">
        <ele>451</ele>
        <time>2024-09-15T10:57:56Z</time>
        <cmt>speed: 0.3</cmt>
      </trkpt>
      <trkpt lat="47.358187" lon="8.565447">
        <ele>451</ele>
        <time>2024-09-15T11:07:54Z</time>
      </trkpt>
      <trkpt lat="47.358345" lon="8.565602">
        <ele>457</ele>
        <time>2024-09-15T11:07:55Z</time>
        <cmt>speed: 0.4</cmt>
      </trkpt>
      <trkpt lat="47.358341" lon="8.564653">
        <ele>455</ele>
        <time>2024-09-15T11:17:56Z</time>
        <cmt>speed: 0.5</cmt>
      </trkpt>
      <trkpt lat="47.358341" lon="8.564653">
        <ele>455</ele>
        <time>2024-09-15T11:27:55Z</time>
      </trkpt>
      <trkpt lat="47.358297" lon="8.564535">
        <ele>455</ele>
        <time>2024-09-15T11:27:56Z</time>
        <cmt>speed: 0.0</cmt>
      </trkpt>
      <trkpt lat="47.358379" lon="8.563848">
        <ele>423</ele>
        <time>2024-09-15T11:37:56Z</time>
        <cmt>speed: 0.3</cmt>
      </trkpt>
      <trkpt lat="47.357922" lon="8.56395">
        <ele>449</ele>
        <time>2024-09-15T11:47:55Z</time>
        <cmt>speed: 0.8</cmt>
      </trkpt>
      <trkpt lat="47.357581" lon="8.565024">
        <ele>459</ele>
        <time>2024-09-15T11:57:55Z</time>
        <cmt>speed: 0.2</cmt>
      </trkpt>
      <trkpt lat="47.357581" lon="8.565024">
        <ele>459</ele>
        <time>2024-09-15T12:08:11Z</time>
      </trkpt>
      <trkpt lat="47.357665" lon="8.564965">
        <ele>477</ele>
        <time>2024-09-15T12:08:12Z</time>
        <cmt>speed: 0.3</cmt>
      </trkpt>
      <trkpt lat="47.35754" lon="8.56487">
        <ele>455</ele>
        <time>2024-09-15T12:17:55Z</time>
        <cmt>speed: 0.1</cmt>
      </trkpt>
      <trkpt lat="47.35754" lon="8.56487">
        <ele>455</ele>
        <time>2024-09-15T12:27:55Z</time>
      </trkpt>
      <trkpt lat="47.357703" lon="8.565007">
        <ele>446</ele>
        <time>2024-09-15T12:27:56Z</time>
        <cmt>speed: 0.1</cmt>
      </trkpt>
      <trkpt lat="47.357871" lon="8.564931">
        <ele>450</ele>
        <time>2024-09-15T12:37:56Z</time>
        <cmt>speed: 0.2</cmt>
      </trkpt>
      <trkpt lat="47.357871" lon="8.564931">
        <ele>450</ele>
        <time>2024-09-15T12:47:56Z</time>
      </trkpt>
      <trkpt lat="47.357525" lon="8.565142">
        <ele>455</ele>
        <time>2024-09-15T12:47:57Z</time>
        <cmt>speed: 0.8</cmt>
      </trkpt>
      <trkpt lat="47.357823" lon="8.564967">
        <ele>446</ele>
        <time>2024-09-15T12:57:56Z</time>
        <cmt>speed: 0.2</cmt>
      </trkpt>
      <trkpt lat="47.357557" lon="8.56456">
        <ele>446</ele>
        <time>2024-09-15T13:07:55Z</time>
        <cmt>speed: 0.9</cmt>
      </trkpt>
      <trkpt lat="47.357731" lon="8.564471">
        <ele>441</ele>
        <time>2024-09-15T13:17:55Z</time>
        <cmt>speed: 0.2</cmt>
      </trkpt>
      <trkpt lat="47.357731" lon="8.564471">
        <ele>441</ele>
        <time>2024-09-15T13:27:55Z</time>
      </trkpt>
      <trkpt lat="47.357523" lon="8.564129">
        <ele>456</ele>
        <time>2024-09-15T13:27:56Z</time>
        <cmt>speed: 0.2</cmt>
      </trkpt>
      <trkpt lat="47.357599" lon="8.564274">
        <ele>452</ele>
        <time>2024-09-15T13:37:55Z</time>
        <cmt>speed: 0.4</cmt>
      </trkpt>
      <trkpt lat="47.357582" lon="8.564243">
        <ele>468</ele>
        <time>2024-09-15T13:47:56Z</time>
        <cmt>speed: 3.4</cmt>
      </trkpt>
      <trkpt lat="47.357646" lon="8.564476">
        <ele>449</ele>
        <time>2024-09-15T13:57:54Z</time>
        <cmt>speed: 0.2</cmt>
      </trkpt>
      <trkpt lat="47.357625" lon="8.563828">
        <ele>440</ele>
        <time>2024-09-15T14:17:56Z</time>
        <cmt>speed: 0.5</cmt>
      </trkpt>
      <trkpt lat="47.357625" lon="8.563828">
        <ele>440</ele>
        <time>2024-09-15T14:27:53Z</time>
      </trkpt>
      <trkpt lat="47.357764" lon="8.563914">
        <ele>444</ele>
        <time>2024-09-15T14:27:54Z</time>
        <cmt>speed: 0.8</cmt>
      </trkpt>
      <trkpt lat="47.357813" lon="8.563857">
        <ele>459</ele>
        <time>2024-09-15T14:37:57Z</time>
        <cmt>speed: 0.1</cmt>
      </trkpt>
      <trkpt lat="47.357428" lon="8.563701">
        <ele>461</ele>
        <time>2024-09-15T14:47:55Z</time>
        <cmt>speed: 0.6</cmt>
      </trkpt>
      <trkpt lat="47.357204" lon="8.563501">
        <ele>446</ele>
        <time>2024-09-15T14:57:56Z</time>
        <cmt>speed: 0.1</cmt>
      </trkpt>
      <trkpt lat="47.356829" lon="8.562363">
        <ele>477</ele>
        <time>2024-09-15T15:07:58Z</time>
        <cmt>speed: 0.7</cmt>
      </trkpt>
      <trkpt lat="47.357045" lon="8.562223">
        <ele>447</ele>
        <time>2024-09-15T15:17:57Z</time>
        <cmt>speed: 0.1</cmt>
      </trkpt>
      <trkpt lat="47.35708" lon="8.562331">
        <ele>393</ele>
        <time>2024-09-15T15:27:55Z</time>
        <cmt>speed: 0.2</cmt>
      </trkpt>
      <trkpt lat="47.358207" lon="8.56072">
        <ele>453</ele>
        <time>2024-09-15T15:37:56Z</time>
        <cmt>speed: 0.5</cmt>
      </trkpt>
      <trkpt lat="47.359324" lon="8.561364">
        <ele>407</ele>
        <time>2024-09-15T15:47:58Z</time>
        <cmt>speed: 0.2</cmt>
      </trkpt>
      <trkpt lat="47.359959" lon="8.563643">
        <ele>434</ele>
        <time>2024-09-15T15:57:34Z</time>
      </trkpt>
      <trkpt lat="47.359799" lon="8.56339">
        <ele>447</ele>
        <time>2024-09-15T16:03:52Z</time>
        <cmt>speed: 1.7</cmt>
      </trkpt>
      <trkpt lat="47.359974" lon="8.56367">
        <ele>434</ele>
        <time>2024-09-15T16:06:20Z</time>
      </trkpt>
      <trkpt lat="47.359959" lon="8.563643">
        <ele>434</ele>
        <time>2024-09-15T16:21:20Z</time>
      </trkpt>
      <trkpt lat="47.3597" lon="8.563318">
        <ele>444</ele>
        <time>2024-09-15T16:26:05Z</time>
        <cmt>speed: 0.6</cmt>
      </trkpt>
      <trkpt lat="47.359294" lon="8.564594">
        <ele>431</ele>
        <time>2024-09-15T16:36:01Z</time>
        <cmt>speed: 0.5</cmt>
      </trkpt>
      <trkpt lat="47.358605" lon="8.564326">
        <ele>441</ele>
        <time>2024-09-15T16:45:59Z</time>
        <cmt>speed: 0.3</cmt>
      </trkpt>
      <trkpt lat="47.358611" lon="8.564478">
        <ele>430</ele>
        <time>2024-09-15T16:55:59Z</time>
        <cmt>speed: 0.2</cmt>
      </trkpt>
      <trkpt lat="47.359974" lon="8.56367">
        <ele>434</ele>
        <time>2024-09-15T17:03:42Z</time>
      </trkpt>
      <trkpt lat="47.359974" lon="8.56367">
        <ele>434</ele>
        <time>2024-09-15T17:18:42Z</time>
      </trkpt>
      <trkpt lat="47.359888" lon="8.563045">
        <ele>492</ele>
        <time>2024-09-16T03:21:37Z</time>
        <cmt>speed: 0.4</cmt>
      </trkpt>
      <trkpt lat="47.359945" lon="8.562535">
        <ele>442</ele>
        <time>2024-09-16T03:31:32Z</time>
        <cmt>speed: 0.1</cmt>
      </trkpt>
      <trkpt lat="47.359725" lon="8.562352">
        <ele>399</ele>
        <time>2024-09-16T03:41:32Z</time>
        <cmt>speed: 2.8</cmt>
      </trkpt>
      <trkpt lat="47.359049" lon="8.561889">
        <ele>406</ele>
        <time>2024-09-16T03:51:29Z</time>
        <cmt>speed: 0.1</cmt>
      </trkpt>
      <trkpt lat="47.358864" lon="8.561595">
        <ele>459</ele>
        <time>2024-09-16T04:01:27Z</time>
        <cmt>speed: 0.4</cmt>
      </trkpt>
      <trkpt lat="47.358864" lon="8.561595">
        <ele>459</ele>
        <time>2024-09-16T04:01:28Z</time>
      </trkpt>
      <trkpt lat="47.358587" lon="8.562235">
        <ele>439</ele>
        <time>2024-09-16T04:11:26Z</time>
        <cmt>speed: 0.4</cmt>
      </trkpt>
      <trkpt lat="47.358655" lon="8.56116">
        <ele>422</ele>
        <time>2024-09-16T04:21:28Z</time>
        <cmt>speed: 0.0</cmt>
      </trkpt>
      <trkpt lat="47.358655" lon="8.56116">
        <ele>422</ele>
        <time>2024-09-16T04:21:28Z</time>
      </trkpt>
      <trkpt lat="47.358733" lon="8.56107">
        <ele>459</ele>
        <time>2024-09-16T04:31:28Z</time>
        <cmt>speed: 0.3</cmt>
      </trkpt>
      <trkpt lat="47.358661" lon="8.561066">
        <ele>434</ele>
        <time>2024-09-16T04:41:28Z</time>
        <cmt>speed: 0.1</cmt>
      </trkpt>
      <trkpt lat="47.358661" lon="8.561066">
        <ele>434</ele>
        <time>2024-09-16T04:41:28Z</time>
      </trkpt>
      <trkpt lat="47.358734" lon="8.561189">
        <ele>421</ele>
        <time>2024-09-16T04:51:30Z</time>
        <cmt>speed: 1.6</cmt>
      </trkpt>
      <trkpt lat="47.358734" lon="8.561189">
        <ele>421</ele>
        <time>2024-09-16T05:01:28Z</time>
      </trkpt>
      <trkpt lat="47.358553" lon="8.561126">
        <ele>431</ele>
        <time>2024-09-16T05:06:42Z</time>
        <cmt>speed: 0.4</cmt>
      </trkpt>
      <trkpt lat="47.358675" lon="8.561042">
        <ele>420</ele>
        <time>2024-09-16T05:16:45Z</time>
        <cmt>speed: 0.0</cmt>
      </trkpt>
      <trkpt lat="47.358675" lon="8.561042">
        <ele>420</ele>
        <time>2024-09-16T05:21:28Z</time>
      </trkpt>
      <trkpt lat="47.35861" lon="8.561171">
        <ele>423</ele>
        <time>2024-09-16T05:26:43Z</time>
        <cmt>speed: 0.1</cmt>
      </trkpt>
      <trkpt lat="47.35863" lon="8.561182">
        <ele>415</ele>
        <time>2024-09-16T05:36:42Z</time>
        <cmt>speed: 0.0</cmt>
      </trkpt>
      <trkpt lat="47.35863" lon="8.561182">
        <ele>415</ele>
        <time>2024-09-16T05:41:28Z</time>
      </trkpt>
      <trkpt lat="47.358696" lon="8.561141">
        <ele>451</ele>
        <time>2024-09-16T05:46:43Z</time>
        <cmt>speed: 0.0</cmt>
      </trkpt>
      <trkpt lat="47.358693" lon="8.561125">
        <ele>428</ele>
        <time>2024-09-16T06:01:08Z</time>
        <cmt>speed: 1.0</cmt>
      </trkpt>
      <trkpt lat="47.358784" lon="8.561057">
        <ele>483</ele>
        <time>2024-09-16T06:11:08Z</time>
        <cmt>speed: 0.5</cmt>
      </trkpt>
      <trkpt lat="47.358661" lon="8.561251">
        <ele>443</ele>
        <time>2024-09-16T06:21:07Z</time>
        <cmt>speed: 0.7</cmt>
      </trkpt>
      <trkpt lat="47.358661" lon="8.561251">
        <ele>443</ele>
        <time>2024-09-16T06:21:28Z</time>
      </trkpt>
      <trkpt lat="47.358562" lon="8.56112">
        <ele>420</ele>
        <time>2024-09-16T06:31:08Z</time>
        <cmt>speed: 0.3</cmt>
      </trkpt>
      <trkpt lat="47.358463" lon="8.56085">
        <ele>471</ele>
        <time>2024-09-16T06:41:08Z</time>
        <cmt>speed: 1.7</cmt>
      </trkpt>
      <trkpt lat="47.358463" lon="8.56085">
        <ele>471</ele>
        <time>2024-09-16T06:41:28Z</time>
      </trkpt>
      <trkpt lat="47.358528" lon="8.561187">
        <ele>447</ele>
        <time>2024-09-16T06:51:09Z</time>
        <cmt>speed: 0.1</cmt>
      </trkpt>
      <trkpt lat="47.358655" lon="8.56141">
        <ele>449</ele>
        <time>2024-09-16T07:01:07Z</time>
        <cmt>speed: 0.0</cmt>
      </trkpt>
      <trkpt lat="47.358599" lon="8.562972">
        <ele>450</ele>
        <time>2024-09-16T07:11:07Z</time>
        <cmt>speed: 2.2</cmt>
      </trkpt>
      <trkpt lat="47.358599" lon="8.562972">
        <ele>450</ele>
        <time>2024-09-16T07:21:03Z</time>
      </trkpt>
      <trkpt lat="47.358237" lon="8.563459">
        <ele>445</ele>
        <time>2024-09-16T07:21:06Z</time>
        <cmt>speed: 1.4</cmt>
      </trkpt>
      <trkpt lat="47.358416" lon="8.563447">
        <ele>446</ele>
        <time>2024-09-16T07:31:07Z</time>
        <cmt>speed: 0.0</cmt>
      </trkpt>
      <trkpt lat="47.358416" lon="8.563447">
        <ele>446</ele>
        <time>2024-09-16T07:41:03Z</time>
      </trkpt>
      <trkpt lat="47.358436" lon="8.563438">
        <ele>455</ele>
        <time>2024-09-16T07:41:07Z</time>
        <cmt>speed: 0.7</cmt>
      </trkpt>
      <trkpt lat="47.357885" lon="8.563042">
        <ele>447</ele>
        <time>2024-09-16T07:51:07Z</time>
        <cmt>speed: 0.1</cmt>
      </trkpt>
      <trkpt lat="47.357885" lon="8.563042">
        <ele>447</ele>
        <time>2024-09-16T08:01:05Z</time>
      </trkpt>
      <trkpt lat="47.358561" lon="8.561051">
        <ele>456</ele>
        <time>2024-09-16T08:01:09Z</time>
        <cmt>speed: 0.0</cmt>
      </trkpt>
      <trkpt lat="47.357897" lon="8.559074">
        <ele>395</ele>
        <time>2024-09-16T08:11:07Z</time>
        <cmt>speed: 0.8</cmt>
      </trkpt>
      <trkpt lat="47.359413" lon="8.560053">
        <ele>452</ele>
        <time>2024-09-16T08:21:08Z</time>
        <cmt>speed: 0.3</cmt>
      </trkpt>
      <trkpt lat="47.359243" lon="8.561852">
        <ele>436</ele>
        <time>2024-09-16T08:31:10Z</time>
        <cmt>speed: 0.7</cmt>
      </trkpt>
      <trkpt lat="47.359243" lon="8.561852">
        <ele>436</ele>
        <time>2024-09-16T08:41:03Z</time>
      </trkpt>
      <trkpt lat="47.358993" lon="8.561871">
        <ele>444</ele>
        <time>2024-09-16T08:41:06Z</time>
        <cmt>speed: 0.5</cmt>
      </trkpt>
      <trkpt lat="47.359146" lon="8.563092">
        <ele>472</ele>
        <time>2024-09-16T08:51:08Z</time>
        <cmt>speed: 0.5</cmt>
      </trkpt>
      <trkpt lat="47.358713" lon="8.563945">
        <ele>468</ele>
        <time>2024-09-16T09:01:08Z</time>
        <cmt>speed: 0.5</cmt>
      </trkpt>
      <trkpt lat="47.358086" lon="8.564267">
        <ele>468</ele>
        <time>2024-09-16T09:11:07Z</time>
        <cmt>speed: 0.7</cmt>
      </trkpt>
      <trkpt lat="47.357627" lon="8.564481">
        <ele>451</ele>
        <time>2024-09-16T09:21:07Z</time>
        <cmt>speed: 0.1</cmt>
      </trkpt>
      <trkpt lat="47.357508" lon="8.564211">
        <ele>448</ele>
        <time>2024-09-16T09:31:07Z</time>
        <cmt>speed: 0.2</cmt>
      </trkpt>
      <trkpt lat="47.357508" lon="8.564211">
        <ele>448</ele>
        <time>2024-09-16T09:41:04Z</time>
      </trkpt>
      <trkpt lat="47.357515" lon="8.564254">
        <ele>459</ele>
        <time>2024-09-16T09:41:08Z</time>
        <cmt>speed: 0.4</cmt>
      </trkpt>
      <trkpt lat="47.357331" lon="8.564383">
        <ele>435</ele>
        <time>2024-09-16T09:51:06Z</time>
        <cmt>speed: 0.0</cmt>
      </trkpt>
      <trkpt lat="47.357331" lon="8.564383">
        <ele>435</ele>
        <time>2024-09-16T10:01:04Z</time>
      </trkpt>
      <trkpt lat="47.357545" lon="8.564289">
        <ele>456</ele>
        <time>2024-09-16T10:01:08Z</time>
        <cmt>speed: 0.3</cmt>
      </trkpt>
      <trkpt lat="47.357492" lon="8.564219">
        <ele>450</ele>
        <time>2024-09-16T10:11:09Z</time>
        <cmt>speed: 0.3</cmt>
      </trkpt>
      <trkpt lat="47.35743" lon="8.564181">
        <ele>467</ele>
        <time>2024-09-16T10:21:07Z</time>
        <cmt>speed: 0.1</cmt>
      </trkpt>
      <trkpt lat="47.357389" lon="8.563734">
        <ele>476</ele>
        <time>2024-09-16T10:31:07Z</time>
        <cmt>speed: 0.2</cmt>
      </trkpt>
      <trkpt lat="47.357389" lon="8.563734">
        <ele>476</ele>
        <time>2024-09-16T10:41:04Z</time>
      </trkpt>
      <trkpt lat="47.357524" lon="8.56347">
        <ele>456</ele>
        <time>2024-09-16T10:41:08Z</time>
        <cmt>speed: 0.1</cmt>
      </trkpt>
      <trkpt lat="47.357442" lon="8.563425">
        <ele>461</ele>
        <time>2024-09-16T10:51:07Z</time>
        <cmt>speed: 0.1</cmt>
      </trkpt>
      <trkpt lat="47.357915" lon="8.564102">
        <ele>445</ele>
        <time>2024-09-16T11:01:08Z</time>
        <cmt>speed: 0.2</cmt>
      </trkpt>
      <trkpt lat="47.357708" lon="8.564479">
        <ele>470</ele>
        <time>2024-09-16T11:11:08Z</time>
        <cmt>speed: 0.6</cmt>
      </trkpt>
      <trkpt lat="47.357718" lon="8.564403">
        <ele>443</ele>
        <time>2024-09-16T11:21:07Z</time>
        <cmt>speed: 0.1</cmt>
      </trkpt>
      <trkpt lat="47.357573" lon="8.564751">
        <ele>448</ele>
        <time>2024-09-16T11:31:08Z</time>
        <cmt>speed: 0.1</cmt>
      </trkpt>
      <trkpt lat="47.358322" lon="8.564428">
        <ele>462</ele>
        <time>2024-09-16T11:41:07Z</time>
        <cmt>speed: 2.5</cmt>
      </trkpt>
      <trkpt lat="47.358545" lon="8.563665">
        <ele>461</ele>
        <time>2024-09-16T11:51:08Z</time>
        <cmt>speed: 0.2</cmt>
      </trkpt>
      <trkpt lat="47.358221" lon="8.562944">
        <ele>460</ele>
        <time>2024-09-16T12:01:08Z</time>
        <cmt>speed: 0.1</cmt>
      </trkpt>
      <trkpt lat="47.357935" lon="8.562468">
        <ele>468</ele>
        <time>2024-09-16T12:11:10Z</time>
        <cmt>speed: 0.1</cmt>
      </trkpt>
      <trkpt lat="47.358007" lon="8.562627">
        <ele>391</ele>
        <time>2024-09-16T12:21:21Z</time>
        <cmt>speed: 0.7</cmt>
      </trkpt>
      <trkpt lat="47.357212" lon="8.561486">
        <ele>441</ele>
        <time>2024-09-16T12:31:08Z</time>
        <cmt>speed: 0.0</cmt>
      </trkpt>
      <trkpt lat="47.358154" lon="8.560421">
        <ele>426</ele>
        <time>2024-09-16T12:41:08Z</time>
        <cmt>speed: 0.2</cmt>
      </trkpt>
      <trkpt lat="47.358868" lon="8.561009">
        <ele>435</ele>
        <time>2024-09-16T12:51:10Z</time>
        <cmt>speed: 0.8</cmt>
      </trkpt>
      <trkpt lat="47.358868" lon="8.561009">
        <ele>435</ele>
        <time>2024-09-16T13:01:04Z</time>
      </trkpt>
      <trkpt lat="47.359062" lon="8.562016">
        <ele>405</ele>
        <time>2024-09-16T13:01:08Z</time>
        <cmt>speed: 0.0</cmt>
      </trkpt>
      <trkpt lat="47.35899" lon="8.562039">
        <ele>425</ele>
        <time>2024-09-16T13:11:17Z</time>
        <cmt>speed: 0.1</cmt>
      </trkpt>
      <trkpt lat="47.35899" lon="8.562039">
        <ele>425</ele>
        <time>2024-09-16T13:21:12Z</time>
      </trkpt>
      <trkpt lat="47.358947" lon="8.562141">
        <ele>441</ele>
        <time>2024-09-16T13:21:17Z</time>
        <cmt>speed: 0.3</cmt>
      </trkpt>
      <trkpt lat="47.358872" lon="8.562345">
        <ele>448</ele>
        <time>2024-09-16T13:31:15Z</time>
        <cmt>speed: 0.1</cmt>
      </trkpt>
      <trkpt lat="47.358649" lon="8.563361">
        <ele>450</ele>
        <time>2024-09-16T13:41:16Z</time>
        <cmt>speed: 1.3</cmt>
      </trkpt>
      <trkpt lat="47.358333" lon="8.563414">
        <ele>445</ele>
        <time>2024-09-16T13:51:16Z</time>
        <cmt>speed: 1.0</cmt>
      </trkpt>
      <trkpt lat="47.359831" lon="8.563696">
        <ele>443</ele>
        <time>2024-09-16T14:01:19Z</time>
        <cmt>speed: 0.5</cmt>
      </trkpt>
      <trkpt lat="47.359974" lon="8.56367">
        <ele>434</ele>
        <time>2024-09-16T14:05:40Z</time>
      </trkpt>
      <trkpt lat="47.359974" lon="8.56367">
        <ele>434</ele>
        <time>2024-09-16T14:20:40Z</time>
      </trkpt>
      <trkpt lat="47.359974" lon="8.56367">
        <ele>434</ele>
        <time>2024-09-17T02:20:38Z</time>
      </trkpt>
      <trkpt lat="47.359974" lon="8.56367">
        <ele>434</ele>
        <time>2024-09-17T14:20:57Z</time>
      </trkpt>
      <trkpt lat="47.359974" lon="8.56367">
        <ele>434</ele>
        <time>2024-09-18T02:21:16Z</time>
      </trkpt>
      <trkpt lat="47.360144" lon="8.562825">
        <ele>417</ele>
        <time>2024-09-18T06:24:02Z</time>
        <cmt>speed: 2.4</cmt>
      </trkpt>
      <trkpt lat="47.35999" lon="8.560464">
        <ele>479</ele>
        <time>2024-09-18T06:33:57Z</time>
        <cmt>speed: 0.4</cmt>
      </trkpt>
      <trkpt lat="47.358919" lon="8.560991">
        <ele>414</ele>
        <time>2024-09-18T06:44:06Z</time>
        <cmt>speed: 3.8</cmt>
      </trkpt>
      <trkpt lat="47.358919" lon="8.560991">
        <ele>414</ele>
        <time>2024-09-18T06:44:12Z</time>
      </trkpt>
      <trkpt lat="47.358737" lon="8.560935">
        <ele>434</ele>
        <time>2024-09-18T08:24:16Z</time>
        <cmt>speed: 0.4</cmt>
      </trkpt>
      <trkpt lat="47.358755" lon="8.561062">
        <ele>460</ele>
        <time>2024-09-18T08:34:24Z</time>
        <cmt>speed: 0.4</cmt>
      </trkpt>
      <trkpt lat="47.358755" lon="8.561062">
        <ele>460</ele>
        <time>2024-09-18T10:44:12Z</time>
      </trkpt>
      <trkpt lat="47.35887" lon="8.561042">
        <ele>415</ele>
        <time>2024-09-18T10:44:13Z</time>
        <cmt>speed: 0.0</cmt>
      </trkpt>
      <trkpt lat="47.359022" lon="8.562043">
        <ele>433</ele>
        <time>2024-09-18T10:53:57Z</time>
        <cmt>speed: 0.7</cmt>
      </trkpt>
      <trkpt lat="47.358992" lon="8.562614">
        <ele>463</ele>
        <time>2024-09-18T11:03:57Z</time>
        <cmt>speed: 0.2</cmt>
      </trkpt>
      <trkpt lat="47.358245" lon="8.563246">
        <ele>455</ele>
        <time>2024-09-18T11:13:55Z</time>
        <cmt>speed: 0.2</cmt>
      </trkpt>
      <trkpt lat="47.35832" lon="8.564064">
        <ele>457</ele>
        <time>2024-09-18T11:23:57Z</time>
        <cmt>speed: 0.5</cmt>
      </trkpt>
      <trkpt lat="47.358585" lon="8.564919">
        <ele>476</ele>
        <time>2024-09-18T11:33:58Z</time>
        <cmt>speed: 1.0</cmt>
      </trkpt>
      <trkpt lat="47.358878" lon="8.564539">
        <ele>452</ele>
        <time>2024-09-18T11:44:02Z</time>
        <cmt>speed: 0.4</cmt>
      </trkpt>
      <trkpt lat="47.358876" lon="8.564033">
        <ele>431</ele>
        <time>2024-09-18T11:54:05Z</time>
        <cmt>speed: 0.0</cmt>
      </trkpt>
      <trkpt lat="47.358648" lon="8.56385">
        <ele>456</ele>
        <time>2024-09-18T12:03:56Z</time>
        <cmt>speed: 0.2</cmt>
      </trkpt>
      <trkpt lat="47.358427" lon="8.563402">
        <ele>460</ele>
        <time>2024-09-18T12:13:58Z</time>
        <cmt>speed: 0.0</cmt>
      </trkpt>
      <trkpt lat="47.358254" lon="8.56349">
        <ele>433</ele>
        <time>2024-09-18T12:23:56Z</time>
        <cmt>speed: 0.7</cmt>
      </trkpt>
      <trkpt lat="47.357905" lon="8.562455">
        <ele>448</ele>
        <time>2024-09-18T12:34:03Z</time>
        <cmt>speed: 0.0</cmt>
      </trkpt>
      <trkpt lat="47.357622" lon="8.562706">
        <ele>373</ele>
        <time>2024-09-18T12:43:59Z</time>
        <cmt>speed: 0.0</cmt>
      </trkpt>
      <trkpt lat="47.357368" lon="8.561786">
        <ele>471</ele>
        <time>2024-09-18T12:53:59Z</time>
        <cmt>speed: 0.5</cmt>
      </trkpt>
      <trkpt lat="47.358114" lon="8.56263">
        <ele>442</ele>
        <time>2024-09-18T13:03:57Z</time>
        <cmt>speed: 0.1</cmt>
      </trkpt>
      <trkpt lat="47.357966" lon="8.562795">
        <ele>415</ele>
        <time>2024-09-18T13:13:58Z</time>
        <cmt>speed: 0.0</cmt>
      </trkpt>
      <trkpt lat="47.35845" lon="8.563394">
        <ele>451</ele>
        <time>2024-09-18T13:23:55Z</time>
        <cmt>speed: 0.5</cmt>
      </trkpt>
      <trkpt lat="47.358364" lon="8.563262">
        <ele>454</ele>
        <time>2024-09-18T13:33:55Z</time>
        <cmt>speed: 0.4</cmt>
      </trkpt>
      <trkpt lat="47.358602" lon="8.562674">
        <ele>452</ele>
        <time>2024-09-18T13:43:57Z</time>
        <cmt>speed: 0.1</cmt>
      </trkpt>
      <trkpt lat="47.358861" lon="8.562157">
        <ele>473</ele>
        <time>2024-09-18T13:53:57Z</time>
        <cmt>speed: 0.1</cmt>
      </trkpt>
      <trkpt lat="47.358856" lon="8.562182">
        <ele>429</ele>
        <time>2024-09-18T14:34:16Z</time>
        <cmt>speed: 0.4</cmt>
      </trkpt>
      <trkpt lat="47.358892" lon="8.562156">
        <ele>449</ele>
        <time>2024-09-18T14:43:58Z</time>
        <cmt>speed: 0.3</cmt>
      </trkpt>
      <trkpt lat="47.359384" lon="8.561679">
        <ele>438</ele>
        <time>2024-09-18T14:53:58Z</time>
        <cmt>speed: 0.1</cmt>
      </trkpt>
      <trkpt lat="47.359566" lon="8.56168">
        <ele>439</ele>
        <time>2024-09-18T15:03:57Z</time>
        <cmt>speed: 0.5</cmt>
      </trkpt>
      <trkpt lat="47.359167" lon="8.56194">
        <ele>461</ele>
        <time>2024-09-18T15:13:57Z</time>
        <cmt>speed: 0.1</cmt>
      </trkpt>
      <trkpt lat="47.359167" lon="8.56194">
        <ele>461</ele>
        <time>2024-09-18T15:23:55Z</time>
      </trkpt>
      <trkpt lat="47.359306" lon="8.561795">
        <ele>438</ele>
        <time>2024-09-18T15:23:56Z</time>
        <cmt>speed: 0.1</cmt>
      </trkpt>
      <trkpt lat="47.35927" lon="8.561725">
        <ele>467</ele>
        <time>2024-09-18T15:33:57Z</time>
        <cmt>speed: 0.1</cmt>
      </trkpt>
      <trkpt lat="47.35927" lon="8.561725">
        <ele>467</ele>
        <time>2024-09-18T15:43:58Z</time>
      </trkpt>
      <trkpt lat="47.359536" lon="8.561911">
        <ele>454</ele>
        <time>2024-09-18T15:44:00Z</time>
        <cmt>speed: 0.1</cmt>
      </trkpt>
      <trkpt lat="47.359385" lon="8.56176">
        <ele>463</ele>
        <time>2024-09-18T15:53:58Z</time>
        <cmt>speed: 0.1</cmt>
      </trkpt>
      <trkpt lat="47.359385" lon="8.56176">
        <ele>463</ele>
        <time>2024-09-18T16:04:04Z</time>
      </trkpt>
      <trkpt lat="47.359397" lon="8.56176">
        <ele>432</ele>
        <time>2024-09-18T16:04:06Z</time>
        <cmt>speed: 1.7</cmt>
      </trkpt>
      <trkpt lat="47.359397" lon="8.561831">
        <ele>465</ele>
        <time>2024-09-18T16:13:57Z</time>
        <cmt>speed: 1.4</cmt>
      </trkpt>
      <trkpt lat="47.359168" lon="8.561653">
        <ele>476</ele>
        <time>2024-09-18T16:23:57Z</time>
        <cmt>speed: 1.2</cmt>
      </trkpt>
      <trkpt lat="47.359191" lon="8.562004">
        <ele>426</ele>
        <time>2024-09-18T16:33:58Z</time>
        <cmt>speed: 0.2</cmt>
      </trkpt>
      <trkpt lat="47.359191" lon="8.562004">
        <ele>426</ele>
        <time>2024-09-18T16:43:55Z</time>
      </trkpt>
      <trkpt lat="47.35914" lon="8.561887">
        <ele>425</ele>
        <time>2024-09-18T16:43:57Z</time>
        <cmt>speed: 0.4</cmt>
      </trkpt>
      <trkpt lat="47.359178" lon="8.561915">
        <ele>453</ele>
        <time>2024-09-18T16:53:58Z</time>
        <cmt>speed: 0.0</cmt>
      </trkpt>
      <trkpt lat="47.359152" lon="8.562022">
        <ele>420</ele>
        <time>2024-09-18T17:03:58Z</time>
        <cmt>speed: 0.5</cmt>
      </trkpt>
      <trkpt lat="47.359238" lon="8.562151">
        <ele>469</ele>
        <time>2024-09-18T17:13:56Z</time>
        <cmt>speed: 0.2</cmt>
      </trkpt>
      <trkpt lat="47.359238" lon="8.562151">
        <ele>469</ele>
        <time>2024-09-18T17:23:55Z</time>
      </trkpt>
      <trkpt lat="47.359064" lon="8.56188">
        <ele>432</ele>
        <time>2024-09-18T17:23:57Z</time>
        <cmt>speed: 0.2</cmt>
      </trkpt>
      <trkpt lat="47.359146" lon="8.56202">
        <ele>455</ele>
        <time>2024-09-18T17:33:58Z</time>
        <cmt>speed: 0.1</cmt>
      </trkpt>
      <trkpt lat="47.359146" lon="8.56202">
        <ele>455</ele>
        <time>2024-09-18T17:43:55Z</time>
      </trkpt>
      <trkpt lat="47.359285" lon="8.561562">
        <ele>497</ele>
        <time>2024-09-18T17:43:56Z</time>
        <cmt>speed: 0.8</cmt>
      </trkpt>
      <trkpt lat="47.359212" lon="8.561693">
        <ele>483</ele>
        <time>2024-09-18T17:53:57Z</time>
        <cmt>speed: 1.4</cmt>
      </trkpt>
      <trkpt lat="47.359212" lon="8.561693">
        <ele>483</ele>
        <time>2024-09-18T18:03:56Z</time>
      </trkpt>
      <trkpt lat="47.359199" lon="8.561623">
        <ele>462</ele>
        <time>2024-09-18T18:03:58Z</time>
        <cmt>speed: 0.1</cmt>
      </trkpt>
      <trkpt lat="47.359358" lon="8.562043">
        <ele>432</ele>
        <time>2024-09-18T18:13:58Z</time>
        <cmt>speed: 0.3</cmt>
      </trkpt>
      <trkpt lat="47.359358" lon="8.562043">
        <ele>432</ele>
        <time>2024-09-18T18:23:56Z</time>
      </trkpt>
      <trkpt lat="47.359251" lon="8.562064">
        <ele>448</ele>
        <time>2024-09-18T18:23:58Z</time>
        <cmt>speed: 0.2</cmt>
      </trkpt>
      <trkpt lat="47.359086" lon="8.561808">
        <ele>444</ele>
        <time>2024-09-18T18:33:57Z</time>
        <cmt>speed: 0.2</cmt>
      </trkpt>
      <trkpt lat="47.359297" lon="8.561923">
        <ele>457</ele>
        <time>2024-09-18T18:43:57Z</time>
        <cmt>speed: 0.6</cmt>
      </trkpt>
      <trkpt lat="47.359138" lon="8.562467">
        <ele>399</ele>
        <time>2024-09-18T18:54:01Z</time>
        <cmt>speed: 0.9</cmt>
      </trkpt>
      <trkpt lat="47.359138" lon="8.562467">
        <ele>399</ele>
        <time>2024-09-18T19:04:02Z</time>
      </trkpt>
      <trkpt lat="47.359212" lon="8.56412">
        <ele>406</ele>
        <time>2024-09-18T19:04:04Z</time>
        <cmt>speed: 0.5</cmt>
      </trkpt>
      <trkpt lat="47.359205" lon="8.561625">
        <ele>425</ele>
        <time>2024-09-18T19:14:09Z</time>
        <cmt>speed: 0.5</cmt>
      </trkpt>
      <trkpt lat="47.358752" lon="8.560635">
        <ele>454</ele>
        <time>2024-09-18T19:23:59Z</time>
        <cmt>speed: 0.5</cmt>
      </trkpt>
      <trkpt lat="47.358599" lon="8.560601">
        <ele>405</ele>
        <time>2024-09-18T19:33:58Z</time>
        <cmt>speed: 0.3</cmt>
      </trkpt>
      <trkpt lat="47.359425" lon="8.560246">
        <ele>387</ele>
        <time>2024-09-18T19:44:00Z</time>
        <cmt>speed: 0.0</cmt>
      </trkpt>
      <trkpt lat="47.359256" lon="8.561373">
        <ele>444</ele>
        <time>2024-09-18T19:54:00Z</time>
        <cmt>speed: 0.5</cmt>
      </trkpt>
      <trkpt lat="47.359256" lon="8.561373">
        <ele>444</ele>
        <time>2024-09-18T20:03:55Z</time>
      </trkpt>
      <trkpt lat="47.359756" lon="8.561689">
        <ele>427</ele>
        <time>2024-09-18T20:03:56Z</time>
        <cmt>speed: 0.3</cmt>
      </trkpt>
      <trkpt lat="47.359983" lon="8.560486">
        <ele>461</ele>
        <time>2024-09-18T20:14:00Z</time>
        <cmt>speed: 0.0</cmt>
      </trkpt>
      <trkpt lat="47.359831" lon="8.561072">
        <ele>446</ele>
        <time>2024-09-18T20:23:58Z</time>
        <cmt>speed: 1.0</cmt>
      </trkpt>
      <trkpt lat="47.359543" lon="8.560749">
        <ele>430</ele>
        <time>2024-09-18T20:34:03Z</time>
        <cmt>speed: 1.2</cmt>
      </trkpt>
      <trkpt lat="47.360219" lon="8.561611">
        <ele>393</ele>
        <time>2024-09-18T20:44:00Z</time>
        <cmt>speed: 0.7</cmt>
      </trkpt>
      <trkpt lat="47.358882" lon="8.561563">
        <ele>425</ele>
        <time>2024-09-18T20:54:00Z</time>
        <cmt>speed: 0.9</cmt>
      </trkpt>
      <trkpt lat="47.358882" lon="8.561563">
        <ele>425</ele>
        <time>2024-09-18T21:03:57Z</time>
      </trkpt>
      <trkpt lat="47.358774" lon="8.562147">
        <ele>465</ele>
        <time>2024-09-18T21:04:00Z</time>
        <cmt>speed: 0.1</cmt>
      </trkpt>
      <trkpt lat="47.35875" lon="8.562197">
        <ele>400</ele>
        <time>2024-09-18T21:13:59Z</time>
        <cmt>speed: 0.4</cmt>
      </trkpt>
      <trkpt lat="47.35875" lon="8.562197">
        <ele>400</ele>
        <time>2024-09-18T21:23:56Z</time>
      </trkpt>
      <trkpt lat="47.35867" lon="8.561876">
        <ele>446</ele>
        <time>2024-09-18T21:23:59Z</time>
        <cmt>speed: 0.0</cmt>
      </trkpt>
      <trkpt lat="47.358733" lon="8.561991">
        <ele>443</ele>
        <time>2024-09-18T21:33:59Z</time>
        <cmt>speed: 0.2</cmt>
      </trkpt>
      <trkpt lat="47.359464" lon="8.560665">
        <ele>412</ele>
        <time>2024-09-18T21:43:59Z</time>
        <cmt>speed: 1.9</cmt>
      </trkpt>
      <trkpt lat="47.358809" lon="8.560891">
        <ele>421</ele>
        <time>2024-09-18T21:53:59Z</time>
        <cmt>speed: 0.0</cmt>
      </trkpt>
      <trkpt lat="47.359811" lon="8.560661">
        <ele>437</ele>
        <time>2024-09-18T22:04:01Z</time>
        <cmt>speed: 0.4</cmt>
      </trkpt>
      <trkpt lat="47.35955" lon="8.561134">
        <ele>439</ele>
        <time>2024-09-18T22:14:02Z</time>
        <cmt>speed: 1.5</cmt>
      </trkpt>
      <trkpt lat="47.359958" lon="8.561619">
        <ele>466</ele>
        <time>2024-09-18T22:23:59Z</time>
        <cmt>speed: 1.6</cmt>
      </trkpt>
      <trkpt lat="47.360011" lon="8.561946">
        <ele>460</ele>
        <time>2024-09-19T03:57:42Z</time>
        <cmt>speed: 0.0</cmt>
      </trkpt>
      <trkpt lat="47.360011" lon="8.561946">
        <ele>460</ele>
        <time>2024-09-19T04:07:21Z</time>
      </trkpt>
      <trkpt lat="47.360161" lon="8.561979">
        <ele>427</ele>
        <time>2024-09-19T04:07:25Z</time>
        <cmt>speed: 0.7</cmt>
      </trkpt>
      <trkpt lat="47.359928" lon="8.561182">
        <ele>451</ele>
        <time>2024-09-19T04:17:08Z</time>
        <cmt>speed: 0.0</cmt>
      </trkpt>
      <trkpt lat="47.359928" lon="8.561182">
        <ele>451</ele>
        <time>2024-09-19T04:27:08Z</time>
      </trkpt>
      <trkpt lat="47.359985" lon="8.561044">
        <ele>437</ele>
        <time>2024-09-19T04:27:12Z</time>
        <cmt>speed: 1.4</cmt>
      </trkpt>
      <trkpt lat="47.359186" lon="8.560531">
        <ele>450</ele>
        <time>2024-09-19T04:37:07Z</time>
        <cmt>speed: 0.5</cmt>
      </trkpt>
      <trkpt lat="47.359218" lon="8.560882">
        <ele>454</ele>
        <time>2024-09-19T04:47:06Z</time>
        <cmt>speed: 0.1</cmt>
      </trkpt>
      <trkpt lat="47.358306" lon="8.56256">
        <ele>451</ele>
        <time>2024-09-19T04:57:06Z</time>
        <cmt>speed: 0.7</cmt>
      </trkpt>
      <trkpt lat="47.357593" lon="8.563528">
        <ele>429</ele>
        <time>2024-09-19T05:07:05Z</time>
        <cmt>speed: 0.5</cmt>
      </trkpt>
      <trkpt lat="47.357791" lon="8.563749">
        <ele>461</ele>
        <time>2024-09-19T05:17:05Z</time>
        <cmt>speed: 1.3</cmt>
      </trkpt>
      <trkpt lat="47.357791" lon="8.563749">
        <ele>461</ele>
        <time>2024-09-19T05:27:01Z</time>
      </trkpt>
      <trkpt lat="47.357803" lon="8.563868">
        <ele>462</ele>
        <time>2024-09-19T05:27:05Z</time>
        <cmt>speed: 0.2</cmt>
      </trkpt>
      <trkpt lat="47.357762" lon="8.564275">
        <ele>473</ele>
        <time>2024-09-19T05:37:06Z</time>
        <cmt>speed: 0.3</cmt>
      </trkpt>
      <trkpt lat="47.357762" lon="8.564275">
        <ele>473</ele>
        <time>2024-09-19T05:47:01Z</time>
      </trkpt>
      <trkpt lat="47.357767" lon="8.564224">
        <ele>442</ele>
        <time>2024-09-19T05:47:05Z</time>
        <cmt>speed: 1.1</cmt>
      </trkpt>
      <trkpt lat="47.357693" lon="8.564275">
        <ele>442</ele>
        <time>2024-09-19T05:57:06Z</time>
        <cmt>speed: 0.7</cmt>
      </trkpt>
      <trkpt lat="47.357693" lon="8.564275">
        <ele>442</ele>
        <time>2024-09-19T06:07:03Z</time>
      </trkpt>
      <trkpt lat="47.357673" lon="8.564799">
        <ele>454</ele>
        <time>2024-09-19T06:07:07Z</time>
        <cmt>speed: 0.1</cmt>
      </trkpt>
      <trkpt lat="47.357664" lon="8.564775">
        <ele>469</ele>
        <time>2024-09-19T06:17:06Z</time>
        <cmt>speed: 0.7</cmt>
      </trkpt>
      <trkpt lat="47.357664" lon="8.564775">
        <ele>469</ele>
        <time>2024-09-19T06:23:55Z</time>
      </trkpt>
      <trkpt lat="47.357744" lon="8.564711">
        <ele>467</ele>
        <time>2024-09-19T06:27:06Z</time>
        <cmt>speed: 0.6</cmt>
      </trkpt>
      <trkpt lat="47.358192" lon="8.564429">
        <ele>448</ele>
        <time>2024-09-19T06:37:06Z</time>
        <cmt>speed: 0.2</cmt>
      </trkpt>
      <trkpt lat="47.358078" lon="8.564329">
        <ele>466</ele>
        <time>2024-09-19T06:47:06Z</time>
        <cmt>speed: 0.5</cmt>
      </trkpt>
      <trkpt lat="47.357986" lon="8.564724">
        <ele>451</ele>
        <time>2024-09-19T06:57:08Z</time>
        <cmt>speed: 0.0</cmt>
      </trkpt>
      <trkpt lat="47.357986" lon="8.564724">
        <ele>451</ele>
        <time>2024-09-19T07:07:02Z</time>
      </trkpt>
      <trkpt lat="47.358079" lon="8.564758">
        <ele>436</ele>
        <time>2024-09-19T07:07:06Z</time>
        <cmt>speed: 1.0</cmt>
      </trkpt>
      <trkpt lat="47.35785" lon="8.564245">
        <ele>462</ele>
        <time>2024-09-19T07:17:06Z</time>
        <cmt>speed: 0.3</cmt>
      </trkpt>
      <trkpt lat="47.35788" lon="8.563235">
        <ele>446</ele>
        <time>2024-09-19T07:27:06Z</time>
        <cmt>speed: 0.3</cmt>
      </trkpt>
      <trkpt lat="47.357857" lon="8.562587">
        <ele>420</ele>
        <time>2024-09-19T07:37:11Z</time>
        <cmt>speed: 0.1</cmt>
      </trkpt>
      <trkpt lat="47.35861" lon="8.560794">
        <ele>473</ele>
        <time>2024-09-19T07:47:08Z</time>
        <cmt>speed: 0.7</cmt>
      </trkpt>
      <trkpt lat="47.359438" lon="8.560476">
        <ele>451</ele>
        <time>2024-09-19T08:07:09Z</time>
        <cmt>speed: 0.7</cmt>
      </trkpt>
      <trkpt lat="47.359137" lon="8.561659">
        <ele>473</ele>
        <time>2024-09-19T08:17:07Z</time>
        <cmt>speed: 1.9</cmt>
      </trkpt>
      <trkpt lat="47.359164" lon="8.562077">
        <ele>460</ele>
        <time>2024-09-19T08:27:07Z</time>
        <cmt>speed: 0.3</cmt>
      </trkpt>
      <trkpt lat="47.35915" lon="8.561725">
        <ele>454</ele>
        <time>2024-09-19T08:37:09Z</time>
        <cmt>speed: 0.6</cmt>
      </trkpt>
      <trkpt lat="47.35915" lon="8.561725">
        <ele>454</ele>
        <time>2024-09-19T08:47:03Z</time>
      </trkpt>
      <trkpt lat="47.359675" lon="8.56155">
        <ele>459</ele>
        <time>2024-09-19T08:47:08Z</time>
        <cmt>speed: 0.0</cmt>
      </trkpt>
      <trkpt lat="47.359796" lon="8.56157">
        <ele>477</ele>
        <time>2024-09-19T08:57:07Z</time>
        <cmt>speed: 0.1</cmt>
      </trkpt>
      <trkpt lat="47.359761" lon="8.561526">
        <ele>449</ele>
        <time>2024-09-19T09:07:08Z</time>
        <cmt>speed: 1.1</cmt>
      </trkpt>
      <trkpt lat="47.359734" lon="8.561396">
        <ele>471</ele>
        <time>2024-09-19T09:17:09Z</time>
        <cmt>speed: 0.1</cmt>
      </trkpt>
      <trkpt lat="47.359734" lon="8.561396">
        <ele>471</ele>
        <time>2024-09-19T09:27:04Z</time>
      </trkpt>
      <trkpt lat="47.359588" lon="8.561609">
        <ele>427</ele>
        <time>2024-09-19T09:27:09Z</time>
        <cmt>speed: 0.1</cmt>
      </trkpt>
      <trkpt lat="47.359707" lon="8.561593">
        <ele>445</ele>
        <time>2024-09-19T09:37:11Z</time>
        <cmt>speed: 1.2</cmt>
      </trkpt>
      <trkpt lat="47.359707" lon="8.561593">
        <ele>445</ele>
        <time>2024-09-19T09:47:08Z</time>
      </trkpt>
      <trkpt lat="47.359454" lon="8.561422">
        <ele>391</ele>
        <time>2024-09-19T09:47:13Z</time>
        <cmt>speed: 0.6</cmt>
      </trkpt>
      <trkpt lat="47.359263" lon="8.561354">
        <ele>454</ele>
        <time>2024-09-19T09:57:07Z</time>
        <cmt>speed: 0.6</cmt>
      </trkpt>
      <trkpt lat="47.359263" lon="8.561354">
        <ele>454</ele>
        <time>2024-09-19T10:07:03Z</time>
      </trkpt>
      <trkpt lat="47.359168" lon="8.561314">
        <ele>460</ele>
        <time>2024-09-19T10:07:08Z</time>
        <cmt>speed: 1.4</cmt>
      </trkpt>
      <trkpt lat="47.359287" lon="8.561478">
        <ele>418</ele>
        <time>2024-09-19T10:17:13Z</time>
        <cmt>speed: 0.1</cmt>
      </trkpt>
      <trkpt lat="47.35942" lon="8.561243">
        <ele>439</ele>
        <time>2024-09-19T10:27:10Z</time>
        <cmt>speed: 0.4</cmt>
      </trkpt>
      <trkpt lat="47.359311" lon="8.561187">
        <ele>434</ele>
        <time>2024-09-19T10:37:07Z</time>
        <cmt>speed: 0.5</cmt>
      </trkpt>
      <trkpt lat="47.359311" lon="8.561187">
        <ele>434</ele>
        <time>2024-09-19T10:47:06Z</time>
      </trkpt>
      <trkpt lat="47.359318" lon="8.561346">
        <ele>448</ele>
        <time>2024-09-19T10:47:11Z</time>
        <cmt>speed: 0.6</cmt>
      </trkpt>
      <trkpt lat="47.359402" lon="8.56025">
        <ele>442</ele>
        <time>2024-09-19T10:57:08Z</time>
        <cmt>speed: 2.9</cmt>
      </trkpt>
      <trkpt lat="47.358953" lon="8.560302">
        <ele>453</ele>
        <time>2024-09-19T11:07:08Z</time>
        <cmt>speed: 0.9</cmt>
      </trkpt>
      <trkpt lat="47.359192" lon="8.560397">
        <ele>446</ele>
        <time>2024-09-19T11:17:21Z</time>
        <cmt>speed: 0.1</cmt>
      </trkpt>
      <trkpt lat="47.359338" lon="8.560371">
        <ele>405</ele>
        <time>2024-09-19T11:27:22Z</time>
        <cmt>speed: 0.6</cmt>
      </trkpt>
      <trkpt lat="47.359298" lon="8.560441">
        <ele>423</ele>
        <time>2024-09-19T11:37:09Z</time>
        <cmt>speed: 0.0</cmt>
      </trkpt>
      <trkpt lat="47.359162" lon="8.56027">
        <ele>479</ele>
        <time>2024-09-19T11:57:17Z</time>
        <cmt>speed: 0.0</cmt>
      </trkpt>
      <trkpt lat="47.359078" lon="8.560222">
        <ele>468</ele>
        <time>2024-09-19T12:07:07Z</time>
        <cmt>speed: 0.1</cmt>
      </trkpt>
      <trkpt lat="47.358479" lon="8.560204">
        <ele>437</ele>
        <time>2024-09-19T12:17:07Z</time>
        <cmt>speed: 1.0</cmt>
      </trkpt>
      <trkpt lat="47.358099" lon="8.560242">
        <ele>429</ele>
        <time>2024-09-19T12:27:08Z</time>
        <cmt>speed: 0.6</cmt>
      </trkpt>
      <trkpt lat="47.357513" lon="8.560035">
        <ele>465</ele>
        <time>2024-09-19T12:37:09Z</time>
        <cmt>speed: 0.3</cmt>
      </trkpt>
      <trkpt lat="47.357513" lon="8.560035">
        <ele>465</ele>
        <time>2024-09-19T12:47:05Z</time>
      </trkpt>
      <trkpt lat="47.358231" lon="8.559239">
        <ele>439</ele>
        <time>2024-09-19T12:47:10Z</time>
        <cmt>speed: 0.1</cmt>
      </trkpt>
      <trkpt lat="47.358213" lon="8.559398">
        <ele>447</ele>
        <time>2024-09-19T12:57:15Z</time>
        <cmt>speed: 0.0</cmt>
      </trkpt>
      <trkpt lat="47.358512" lon="8.560705">
        <ele>419</ele>
        <time>2024-09-19T13:07:08Z</time>
        <cmt>speed: 2.2</cmt>
      </trkpt>
      <trkpt lat="47.358047" lon="8.562194">
        <ele>435</ele>
        <time>2024-09-19T13:17:09Z</time>
        <cmt>speed: 0.1</cmt>
      </trkpt>
      <trkpt lat="47.358295" lon="8.562362">
        <ele>375</ele>
        <time>2024-09-19T14:00:24Z</time>
        <cmt>speed: 0.1</cmt>
      </trkpt>
      <trkpt lat="47.358188" lon="8.562457">
        <ele>450</ele>
        <time>2024-09-19T14:11:01Z</time>
        <cmt>speed: 0.0</cmt>
      </trkpt>
      <trkpt lat="47.357699" lon="8.563123">
        <ele>428</ele>
        <time>2024-09-19T14:20:16Z</time>
        <cmt>speed: 0.4</cmt>
      </trkpt>
      <trkpt lat="47.357699" lon="8.563123">
        <ele>428</ele>
        <time>2024-09-19T14:30:11Z</time>
      </trkpt>
      <trkpt lat="47.357462" lon="8.563509">
        <ele>462</ele>
        <time>2024-09-19T14:30:16Z</time>
        <cmt>speed: 0.1</cmt>
      </trkpt>
      <trkpt lat="47.357324" lon="8.563473">
        <ele>438</ele>
        <time>2024-09-19T14:40:16Z</time>
        <cmt>speed: 0.0</cmt>
      </trkpt>
      <trkpt lat="47.357316" lon="8.563456">
        <ele>427</ele>
        <time>2024-09-19T14:50:16Z</time>
        <cmt>speed: 0.2</cmt>
      </trkpt>
      <trkpt lat="47.357588" lon="8.564106">
        <ele>452</ele>
        <time>2024-09-19T15:00:15Z</time>
        <cmt>speed: 0.0</cmt>
      </trkpt>
      <trkpt lat="47.357588" lon="8.564106">
        <ele>452</ele>
        <time>2024-09-19T15:10:09Z</time>
      </trkpt>
      <trkpt lat="47.357485" lon="8.564216">
        <ele>472</ele>
        <time>2024-09-19T15:10:15Z</time>
        <cmt>speed: 0.1</cmt>
      </trkpt>
      <trkpt lat="47.357307" lon="8.564281">
        <ele>440</ele>
        <time>2024-09-19T15:20:15Z</time>
        <cmt>speed: 0.7</cmt>
      </trkpt>
      <trkpt lat="47.357307" lon="8.564281">
        <ele>440</ele>
        <time>2024-09-19T15:30:11Z</time>
      </trkpt>
      <trkpt lat="47.357408" lon="8.564458">
        <ele>469</ele>
        <time>2024-09-19T15:30:16Z</time>
        <cmt>speed: 0.2</cmt>
      </trkpt>
      <trkpt lat="47.357729" lon="8.56426">
        <ele>443</ele>
        <time>2024-09-19T15:40:16Z</time>
        <cmt>speed: 0.4</cmt>
      </trkpt>
      <trkpt lat="47.357729" lon="8.56426">
        <ele>443</ele>
        <time>2024-09-19T15:50:11Z</time>
      </trkpt>
      <trkpt lat="47.358249" lon="8.564392">
        <ele>450</ele>
        <time>2024-09-19T15:50:16Z</time>
        <cmt>speed: 0.9</cmt>
      </trkpt>
      <trkpt lat="47.358416" lon="8.564376">
        <ele>463</ele>
        <time>2024-09-19T15:53:15Z</time>
        <cmt>speed: 0.1</cmt>
      </trkpt>
      <trkpt lat="47.358474" lon="8.564412">
        <ele>468</ele>
        <time>2024-09-19T15:53:19Z</time>
        <cmt>speed: 0.0</cmt>
      </trkpt>
      <trkpt lat="47.358474" lon="8.564412">
        <ele>468</ele>
        <time>2024-09-19T15:53:23Z</time>
        <cmt>speed: 0.0</cmt>
      </trkpt>
      <trkpt lat="47.358474" lon="8.564412">
        <ele>468</ele>
        <time>2024-09-19T15:53:27Z</time>
        <cmt>speed: 0.0</cmt>
      </trkpt>
      <trkpt lat="47.358474" lon="8.564412">
        <ele>468</ele>
        <time>2024-09-19T15:53:31Z</time>
        <cmt>speed: 0.0</cmt>
      </trkpt>
      <trkpt lat="47.358474" lon="8.564412">
        <ele>468</ele>
        <time>2024-09-19T15:58:25Z</time>
      </trkpt>
      <trkpt lat="47.358358" lon="8.564603">
        <ele>451</ele>
        <time>2024-09-19T15:58:35Z</time>
        <cmt>speed: 0.1</cmt>
      </trkpt>
      <trkpt lat="47.358307" lon="8.564641">
        <ele>457</ele>
        <time>2024-09-19T15:58:39Z</time>
        <cmt>speed: 0.0</cmt>
      </trkpt>
      <trkpt lat="47.358307" lon="8.564641">
        <ele>457</ele>
        <time>2024-09-19T15:58:43Z</time>
        <cmt>speed: 0.0</cmt>
      </trkpt>
      <trkpt lat="47.358522" lon="8.563903">
        <ele>456</ele>
        <time>2024-09-19T16:00:15Z</time>
        <cmt>speed: 1.1</cmt>
      </trkpt>
      <trkpt lat="47.359388" lon="8.563236">
        <ele>451</ele>
        <time>2024-09-19T16:20:16Z</time>
        <cmt>speed: 0.7</cmt>
      </trkpt>
      <trkpt lat="47.359974" lon="8.56367">
        <ele>434</ele>
        <time>2024-09-19T16:26:21Z</time>
      </trkpt>
      <trkpt lat="47.359974" lon="8.56367">
        <ele>434</ele>
        <time>2024-09-19T16:41:21Z</time>
      </trkpt>
      <trkpt lat="47.359959" lon="8.563643">
        <ele>434</ele>
        <time>2024-09-20T04:41:19Z</time>
      </trkpt>
      <trkpt lat="47.36007" lon="8.562629">
        <ele>427</ele>
        <time>2024-09-20T05:04:27Z</time>
        <cmt>speed: 0.1</cmt>
      </trkpt>
      <trkpt lat="47.358878" lon="8.561689">
        <ele>430</ele>
        <time>2024-09-20T05:14:24Z</time>
        <cmt>speed: 0.4</cmt>
      </trkpt>
      <trkpt lat="47.358905" lon="8.561067">
        <ele>436</ele>
        <time>2024-09-20T05:24:22Z</time>
        <cmt>speed: 0.4</cmt>
      </trkpt>
      <trkpt lat="47.358754" lon="8.560904">
        <ele>462</ele>
        <time>2024-09-20T05:34:21Z</time>
        <cmt>speed: 0.3</cmt>
      </trkpt>
      <trkpt lat="47.358754" lon="8.560904">
        <ele>462</ele>
        <time>2024-09-20T05:44:14Z</time>
      </trkpt>
      <trkpt lat="47.358672" lon="8.561077">
        <ele>411</ele>
        <time>2024-09-20T05:44:22Z</time>
        <cmt>speed: 0.6</cmt>
      </trkpt>
      <trkpt lat="47.358613" lon="8.561077">
        <ele>427</ele>
        <time>2024-09-20T05:54:22Z</time>
        <cmt>speed: 0.3</cmt>
      </trkpt>
      <trkpt lat="47.358613" lon="8.561077">
        <ele>427</ele>
        <time>2024-09-20T06:04:14Z</time>
      </trkpt>
      <trkpt lat="47.358568" lon="8.561195">
        <ele>442</ele>
        <time>2024-09-20T06:09:06Z</time>
        <cmt>speed: 1.0</cmt>
      </trkpt>
      <trkpt lat="47.358506" lon="8.561139">
        <ele>471</ele>
        <time>2024-09-20T06:19:35Z</time>
        <cmt>speed: 0.7</cmt>
      </trkpt>
      <trkpt lat="47.358506" lon="8.561139">
        <ele>471</ele>
        <time>2024-09-20T06:29:18Z</time>
      </trkpt>
      <trkpt lat="47.358352" lon="8.561241">
        <ele>449</ele>
        <time>2024-09-20T06:29:26Z</time>
        <cmt>speed: 1.0</cmt>
      </trkpt>
      <trkpt lat="47.35863" lon="8.560869">
        <ele>431</ele>
        <time>2024-09-20T06:39:26Z</time>
        <cmt>speed: 0.6</cmt>
      </trkpt>
      <trkpt lat="47.35863" lon="8.560869">
        <ele>431</ele>
        <time>2024-09-20T06:49:18Z</time>
      </trkpt>
      <trkpt lat="47.35851" lon="8.560955">
        <ele>409</ele>
        <time>2024-09-20T06:49:26Z</time>
        <cmt>speed: 0.5</cmt>
      </trkpt>
      <trkpt lat="47.35881" lon="8.560998">
        <ele>428</ele>
        <time>2024-09-20T07:10:26Z</time>
        <cmt>speed: 0.1</cmt>
      </trkpt>
      <trkpt lat="47.358447" lon="8.561029">
        <ele>430</ele>
        <time>2024-09-20T07:20:26Z</time>
        <cmt>speed: 0.0</cmt>
      </trkpt>
      <trkpt lat="47.358344" lon="8.561181">
        <ele>433</ele>
        <time>2024-09-20T07:30:26Z</time>
        <cmt>speed: 0.1</cmt>
      </trkpt>
      <trkpt lat="47.357574" lon="8.560703">
        <ele>418</ele>
        <time>2024-09-20T07:40:28Z</time>
        <cmt>speed: 0.9</cmt>
      </trkpt>
      <trkpt lat="47.358166" lon="8.560065">
        <ele>449</ele>
        <time>2024-09-20T07:50:28Z</time>
        <cmt>speed: 0.2</cmt>
      </trkpt>
      <trkpt lat="47.358974" lon="8.562187">
        <ele>451</ele>
        <time>2024-09-20T08:00:26Z</time>
        <cmt>speed: 4.6</cmt>
      </trkpt>
      <trkpt lat="47.358654" lon="8.562884">
        <ele>438</ele>
        <time>2024-09-20T08:10:24Z</time>
        <cmt>speed: 0.4</cmt>
      </trkpt>
      <trkpt lat="47.358478" lon="8.563408">
        <ele>450</ele>
        <time>2024-09-20T08:20:24Z</time>
        <cmt>speed: 1.2</cmt>
      </trkpt>
      <trkpt lat="47.358478" lon="8.563408">
        <ele>450</ele>
        <time>2024-09-20T08:30:15Z</time>
      </trkpt>
      <trkpt lat="47.3585" lon="8.563519">
        <ele>447</ele>
        <time>2024-09-20T08:30:23Z</time>
        <cmt>speed: 0.5</cmt>
      </trkpt>
      <trkpt lat="47.358546" lon="8.564357">
        <ele>395</ele>
        <time>2024-09-20T08:40:28Z</time>
        <cmt>speed: 0.6</cmt>
      </trkpt>
      <trkpt lat="47.35831" lon="8.564671">
        <ele>455</ele>
        <time>2024-09-20T08:50:25Z</time>
        <cmt>speed: 0.7</cmt>
      </trkpt>
      <trkpt lat="47.358124" lon="8.564529">
        <ele>463</ele>
        <time>2024-09-20T09:00:24Z</time>
        <cmt>speed: 0.5</cmt>
      </trkpt>
      <trkpt lat="47.35778" lon="8.564188">
        <ele>467</ele>
        <time>2024-09-20T09:10:25Z</time>
        <cmt>speed: 0.0</cmt>
      </trkpt>
      <trkpt lat="47.357669" lon="8.563477">
        <ele>449</ele>
        <time>2024-09-20T09:20:24Z</time>
        <cmt>speed: 0.1</cmt>
      </trkpt>
      <trkpt lat="47.357669" lon="8.563477">
        <ele>449</ele>
        <time>2024-09-20T09:30:19Z</time>
      </trkpt>
      <trkpt lat="47.35789" lon="8.563005">
        <ele>451</ele>
        <time>2024-09-20T09:30:27Z</time>
        <cmt>speed: 0.0</cmt>
      </trkpt>
      <trkpt lat="47.358269" lon="8.562612">
        <ele>443</ele>
        <time>2024-09-20T09:40:26Z</time>
        <cmt>speed: 0.7</cmt>
      </trkpt>
      <trkpt lat="47.358445" lon="8.562353">
        <ele>425</ele>
        <time>2024-09-20T09:50:25Z</time>
        <cmt>speed: 0.2</cmt>
      </trkpt>
      <trkpt lat="47.357796" lon="8.561098">
        <ele>459</ele>
        <time>2024-09-20T10:00:28Z</time>
        <cmt>speed: 0.8</cmt>
      </trkpt>
      <trkpt lat="47.357796" lon="8.561098">
        <ele>459</ele>
        <time>2024-09-20T10:10:17Z</time>
      </trkpt>
      <trkpt lat="47.358058" lon="8.559969">
        <ele>442</ele>
        <time>2024-09-20T10:10:25Z</time>
        <cmt>speed: 0.1</cmt>
      </trkpt>
      <trkpt lat="47.359289" lon="8.560671">
        <ele>435</ele>
        <time>2024-09-20T10:20:25Z</time>
        <cmt>speed: 0.7</cmt>
      </trkpt>
      <trkpt lat="47.359321" lon="8.560639">
        <ele>448</ele>
        <time>2024-09-20T10:30:27Z</time>
        <cmt>speed: 1.3</cmt>
      </trkpt>
      <trkpt lat="47.359286" lon="8.561261">
        <ele>419</ele>
        <time>2024-09-20T10:40:26Z</time>
        <cmt>speed: 0.1</cmt>
      </trkpt>
      <trkpt lat="47.359286" lon="8.561261">
        <ele>419</ele>
        <time>2024-09-20T10:50:17Z</time>
      </trkpt>
      <trkpt lat="47.359369" lon="8.561903">
        <ele>459</ele>
        <time>2024-09-20T10:50:25Z</time>
        <cmt>speed: 0.2</cmt>
      </trkpt>
      <trkpt lat="47.359394" lon="8.561801">
        <ele>424</ele>
        <time>2024-09-20T11:00:28Z</time>
        <cmt>speed: 0.0</cmt>
      </trkpt>
      <trkpt lat="47.359394" lon="8.561801">
        <ele>424</ele>
        <time>2024-09-20T11:10:14Z</time>
      </trkpt>
      <trkpt lat="47.359358" lon="8.561693">
        <ele>432</ele>
        <time>2024-09-20T11:10:32Z</time>
        <cmt>speed: 0.4</cmt>
      </trkpt>
      <trkpt lat="47.35908" lon="8.561788">
        <ele>400</ele>
        <time>2024-09-20T11:20:34Z</time>
        <cmt>speed: 0.7</cmt>
      </trkpt>
      <trkpt lat="47.359291" lon="8.55948">
        <ele>451</ele>
        <time>2024-09-20T11:30:33Z</time>
        <cmt>speed: 0.2</cmt>
      </trkpt>
      <trkpt lat="47.358292" lon="8.560171">
        <ele>466</ele>
        <time>2024-09-20T11:40:31Z</time>
        <cmt>speed: 1.0</cmt>
      </trkpt>
      <trkpt lat="47.357879" lon="8.560114">
        <ele>453</ele>
        <time>2024-09-20T11:50:38Z</time>
        <cmt>speed: 0.6</cmt>
      </trkpt>
      <trkpt lat="47.357527" lon="8.56097">
        <ele>408</ele>
        <time>2024-09-20T12:00:34Z</time>
        <cmt>speed: 0.4</cmt>
      </trkpt>
      <trkpt lat="47.356928" lon="8.562359">
        <ele>445</ele>
        <time>2024-09-20T12:10:31Z</time>
        <cmt>speed: 0.6</cmt>
      </trkpt>
      <trkpt lat="47.35746" lon="8.562318">
        <ele>424</ele>
        <time>2024-09-20T12:20:39Z</time>
        <cmt>speed: 0.3</cmt>
      </trkpt>
      <trkpt lat="47.35746" lon="8.562318">
        <ele>424</ele>
        <time>2024-09-20T12:30:26Z</time>
      </trkpt>
      <trkpt lat="47.357478" lon="8.562295">
        <ele>406</ele>
        <time>2024-09-20T12:30:35Z</time>
        <cmt>speed: 0.0</cmt>
      </trkpt>
      <trkpt lat="47.357394" lon="8.562345">
        <ele>432</ele>
        <time>2024-09-20T12:40:34Z</time>
        <cmt>speed: 0.1</cmt>
      </trkpt>
      <trkpt lat="47.357154" lon="8.563303">
        <ele>446</ele>
        <time>2024-09-20T12:50:32Z</time>
        <cmt>speed: 0.2</cmt>
      </trkpt>
      <trkpt lat="47.357069" lon="8.56314">
        <ele>466</ele>
        <time>2024-09-20T13:00:33Z</time>
        <cmt>speed: 0.0</cmt>
      </trkpt>
      <trkpt lat="47.357069" lon="8.56314">
        <ele>466</ele>
        <time>2024-09-20T13:10:22Z</time>
      </trkpt>
      <trkpt lat="47.357204" lon="8.563423">
        <ele>480</ele>
        <time>2024-09-20T13:10:31Z</time>
        <cmt>speed: 0.2</cmt>
      </trkpt>
      <trkpt lat="47.357466" lon="8.563531">
        <ele>450</ele>
        <time>2024-09-20T13:20:31Z</time>
        <cmt>speed: 3.2</cmt>
      </trkpt>
      <trkpt lat="47.357657" lon="8.563101">
        <ele>451</ele>
        <time>2024-09-20T13:30:31Z</time>
        <cmt>speed: 0.1</cmt>
      </trkpt>
      <trkpt lat="47.357934" lon="8.564182">
        <ele>453</ele>
        <time>2024-09-20T13:40:31Z</time>
        <cmt>speed: 0.0</cmt>
      </trkpt>
      <trkpt lat="47.357934" lon="8.564182">
        <ele>453</ele>
        <time>2024-09-20T13:50:22Z</time>
      </trkpt>
      <trkpt lat="47.358079" lon="8.564252">
        <ele>438</ele>
        <time>2024-09-20T13:50:31Z</time>
        <cmt>speed: 0.3</cmt>
      </trkpt>
      <trkpt lat="47.358211" lon="8.564485">
        <ele>461</ele>
        <time>2024-09-20T14:00:33Z</time>
        <cmt>speed: 0.6</cmt>
      </trkpt>
      <trkpt lat="47.358211" lon="8.564485">
        <ele>461</ele>
        <time>2024-09-20T14:10:23Z</time>
      </trkpt>
      <trkpt lat="47.358339" lon="8.564575">
        <ele>457</ele>
        <time>2024-09-20T14:10:32Z</time>
        <cmt>speed: 0.0</cmt>
      </trkpt>
      <trkpt lat="47.358369" lon="8.564583">
        <ele>468</ele>
        <time>2024-09-20T14:20:31Z</time>
        <cmt>speed: 0.0</cmt>
      </trkpt>
      <trkpt lat="47.358223" lon="8.565299">
        <ele>460</ele>
        <time>2024-09-20T14:30:34Z</time>
        <cmt>speed: 0.1</cmt>
      </trkpt>
      <trkpt lat="47.358914" lon="8.563899">
        <ele>446</ele>
        <time>2024-09-20T14:40:36Z</time>
        <cmt>speed: 0.8</cmt>
      </trkpt>
      <trkpt lat="47.358313" lon="8.563421">
        <ele>491</ele>
        <time>2024-09-20T14:50:32Z</time>
        <cmt>speed: 0.2</cmt>
      </trkpt>
      <trkpt lat="47.358498" lon="8.56328">
        <ele>452</ele>
        <time>2024-09-20T15:00:32Z</time>
        <cmt>speed: 0.1</cmt>
      </trkpt>
      <trkpt lat="47.358498" lon="8.56328">
        <ele>452</ele>
        <time>2024-09-20T15:10:23Z</time>
      </trkpt>
      <trkpt lat="47.358373" lon="8.563261">
        <ele>446</ele>
        <time>2024-09-20T15:10:32Z</time>
        <cmt>speed: 0.5</cmt>
      </trkpt>
      <trkpt lat="47.3584" lon="8.563242">
        <ele>455</ele>
        <time>2024-09-20T15:20:31Z</time>
        <cmt>speed: 0.3</cmt>
      </trkpt>
      <trkpt lat="47.3584" lon="8.563242">
        <ele>455</ele>
        <time>2024-09-20T15:30:23Z</time>
      </trkpt>
      <trkpt lat="47.358418" lon="8.563248">
        <ele>429</ele>
        <time>2024-09-20T15:30:32Z</time>
        <cmt>speed: 0.2</cmt>
      </trkpt>
      <trkpt lat="47.358473" lon="8.563365">
        <ele>454</ele>
        <time>2024-09-20T15:40:33Z</time>
        <cmt>speed: 0.3</cmt>
      </trkpt>
      <trkpt lat="47.358473" lon="8.563365">
        <ele>454</ele>
        <time>2024-09-20T15:50:24Z</time>
      </trkpt>
      <trkpt lat="47.358269" lon="8.563304">
        <ele>442</ele>
        <time>2024-09-20T15:50:33Z</time>
        <cmt>speed: 0.1</cmt>
      </trkpt>
      <trkpt lat="47.358389" lon="8.563289">
        <ele>445</ele>
        <time>2024-09-20T16:00:33Z</time>
        <cmt>speed: 0.1</cmt>
      </trkpt>
      <trkpt lat="47.35839" lon="8.563285">
        <ele>460</ele>
        <time>2024-09-20T16:10:32Z</time>
        <cmt>speed: 0.0</cmt>
      </trkpt>
      <trkpt lat="47.358232" lon="8.563799">
        <ele>455</ele>
        <time>2024-09-20T16:21:00Z</time>
        <cmt>speed: 0.1</cmt>
      </trkpt>
      <trkpt lat="47.358371" lon="8.564482">
        <ele>448</ele>
        <time>2024-09-20T16:30:31Z</time>
        <cmt>speed: 0.0</cmt>
      </trkpt>
      <trkpt lat="47.35847" lon="8.564609">
        <ele>455</ele>
        <time>2024-09-20T16:40:31Z</time>
        <cmt>speed: 0.0</cmt>
      </trkpt>
      <trkpt lat="47.35847" lon="8.564609">
        <ele>455</ele>
        <time>2024-09-20T16:50:23Z</time>
      </trkpt>
      <trkpt lat="47.358319" lon="8.564528">
        <ele>443</ele>
        <time>2024-09-20T16:50:33Z</time>
        <cmt>speed: 0.4</cmt>
      </trkpt>
      <trkpt lat="47.358331" lon="8.564824">
        <ele>464</ele>
        <time>2024-09-20T17:00:33Z</time>
        <cmt>speed: 0.5</cmt>
      </trkpt>
      <trkpt lat="47.358331" lon="8.564824">
        <ele>464</ele>
        <time>2024-09-20T17:10:23Z</time>
      </trkpt>
      <trkpt lat="47.358266" lon="8.56452">
        <ele>451</ele>
        <time>2024-09-20T17:10:32Z</time>
        <cmt>speed: 0.0</cmt>
      </trkpt>
      <trkpt lat="47.357613" lon="8.564888">
        <ele>456</ele>
        <time>2024-09-20T17:20:32Z</time>
        <cmt>speed: 0.1</cmt>
      </trkpt>
      <trkpt lat="47.357613" lon="8.564888">
        <ele>456</ele>
        <time>2024-09-20T17:30:23Z</time>
      </trkpt>
      <trkpt lat="47.357737" lon="8.564672">
        <ele>460</ele>
        <time>2024-09-20T17:30:32Z</time>
        <cmt>speed: 0.2</cmt>
      </trkpt>
      <trkpt lat="47.357408" lon="8.564722">
        <ele>460</ele>
        <time>2024-09-20T17:40:32Z</time>
        <cmt>speed: 0.5</cmt>
      </trkpt>
      <trkpt lat="47.358959" lon="8.561558">
        <ele>424</ele>
        <time>2024-09-20T17:50:32Z</time>
        <cmt>speed: 2.2</cmt>
      </trkpt>
      <trkpt lat="47.360694" lon="8.56214">
        <ele>447</ele>
        <time>2024-09-20T18:00:34Z</time>
        <cmt>speed: 0.4</cmt>
      </trkpt>
      <trkpt lat="47.359959" lon="8.563643">
        <ele>434</ele>
        <time>2024-09-20T18:03:43Z</time>
      </trkpt>
      <trkpt lat="47.359929" lon="8.563728">
        <ele>424</ele>
        <time>2024-09-20T18:05:43Z</time>
        <cmt>speed: 0.9</cmt>
      </trkpt>
      <trkpt lat="47.359931" lon="8.561164">
        <ele>411</ele>
        <time>2024-09-20T18:15:48Z</time>
        <cmt>speed: 0.1</cmt>
      </trkpt>
      <trkpt lat="47.359931" lon="8.561164">
        <ele>411</ele>
        <time>2024-09-20T18:26:00Z</time>
      </trkpt>
      <trkpt lat="47.35994" lon="8.561185">
        <ele>472</ele>
        <time>2024-09-20T18:26:10Z</time>
        <cmt>speed: 1.8</cmt>
      </trkpt>
      <trkpt lat="47.359846" lon="8.561203">
        <ele>478</ele>
        <time>2024-09-20T18:35:50Z</time>
        <cmt>speed: 0.1</cmt>
      </trkpt>
      <trkpt lat="47.360055" lon="8.560915">
        <ele>412</ele>
        <time>2024-09-20T18:44:36Z</time>
        <cmt>speed: 0.6</cmt>
      </trkpt>
      <trkpt lat="47.35995" lon="8.560974">
        <ele>434</ele>
        <time>2024-09-20T18:44:41Z</time>
        <cmt>speed: 0.0</cmt>
      </trkpt>
      <trkpt lat="47.35995" lon="8.560974">
        <ele>434</ele>
        <time>2024-09-20T18:44:45Z</time>
        <cmt>speed: 0.0</cmt>
      </trkpt>
      <trkpt lat="47.359957" lon="8.561018">
        <ele>424</ele>
        <time>2024-09-20T18:45:41Z</time>
        <cmt>speed: 2.5</cmt>
      </trkpt>
      <trkpt lat="47.359974" lon="8.56367">
        <ele>434</ele>
        <time>2024-09-20T18:52:18Z</time>
      </trkpt>
      <trkpt lat="47.359974" lon="8.56367">
        <ele>434</ele>
        <time>2024-09-20T18:53:35Z</time>
      </trkpt>
      <trkpt lat="47.359974" lon="8.56367">
        <ele>434</ele>
        <time>2024-09-20T19:03:35Z</time>
      </trkpt>
      <trkpt lat="47.359974" lon="8.56367">
        <ele>434</ele>
        <time>2024-09-20T19:13:35Z</time>
      </trkpt>
      <trkpt lat="47.359974" lon="8.56367">
        <ele>434</ele>
        <time>2024-09-20T19:23:35Z</time>
      </trkpt>
      <trkpt lat="47.359974" lon="8.56367">
        <ele>434</ele>
        <time>2024-09-20T19:33:35Z</time>
      </trkpt>
      <trkpt lat="47.359974" lon="8.56367">
        <ele>434</ele>
        <time>2024-09-20T19:43:35Z</time>
      </trkpt>
      <trkpt lat="47.359974" lon="8.56367">
        <ele>434</ele>
        <time>2024-09-20T19:53:35Z</time>
      </trkpt>
      <trkpt lat="47.359974" lon="8.56367">
        <ele>434</ele>
        <time>2024-09-20T20:03:35Z</time>
      </trkpt>
      <trkpt lat="47.359974" lon="8.56367">
        <ele>434</ele>
        <time>2024-09-20T20:13:35Z</time>
      </trkpt>
      <trkpt lat="47.359974" lon="8.56367">
        <ele>434</ele>
        <time>2024-09-20T20:23:35Z</time>
      </trkpt>
      <trkpt lat="47.359974" lon="8.56367">
        <ele>434</ele>
        <time>2024-09-20T20:33:35Z</time>
      </trkpt>
      <trkpt lat="47.359974" lon="8.56367">
        <ele>434</ele>
        <time>2024-09-20T20:43:35Z</time>
      </trkpt>
      <trkpt lat="47.359974" lon="8.56367">
        <ele>434</ele>
        <time>2024-09-20T20:45:00Z</time>
      </trkpt>
      <trkpt lat="47.359974" lon="8.56367">
        <ele>434</ele>
        <time>2024-09-20T20:55:00Z</time>
      </trkpt>
      <trkpt lat="47.359974" lon="8.56367">
        <ele>434</ele>
        <time>2024-09-20T21:05:00Z</time>
      </trkpt>
      <trkpt lat="47.359974" lon="8.56367">
        <ele>434</ele>
        <time>2024-09-20T21:15:00Z</time>
      </trkpt>
      <trkpt lat="47.359974" lon="8.56367">
        <ele>434</ele>
        <time>2024-09-20T21:25:00Z</time>
      </trkpt>
      <trkpt lat="47.359974" lon="8.56367">
        <ele>434</ele>
        <time>2024-09-20T21:35:00Z</time>
      </trkpt>
      <trkpt lat="47.359974" lon="8.56367">
        <ele>434</ele>
        <time>2024-09-20T21:45:00Z</time>
      </trkpt>
      <trkpt lat="47.359974" lon="8.56367">
        <ele>434</ele>
        <time>2024-09-20T21:55:00Z</time>
      </trkpt>
      <trkpt lat="47.359974" lon="8.56367">
        <ele>434</ele>
        <time>2024-09-20T22:05:00Z</time>
      </trkpt>
      <trkpt lat="47.359974" lon="8.56367">
        <ele>434</ele>
        <time>2024-09-20T22:15:00Z</time>
      </trkpt>
      <trkpt lat="47.359974" lon="8.56367">
        <ele>434</ele>
        <time>2024-09-20T22:25:00Z</time>
      </trkpt>
      <trkpt lat="47.359974" lon="8.56367">
        <ele>434</ele>
        <time>2024-09-20T22:35:00Z</time>
      </trkpt>
      <trkpt lat="47.359974" lon="8.56367">
        <ele>434</ele>
        <time>2024-09-20T22:45:00Z</time>
      </trkpt>
      <trkpt lat="47.359974" lon="8.56367">
        <ele>434</ele>
        <time>2024-09-20T22:55:00Z</time>
      </trkpt>
      <trkpt lat="47.359974" lon="8.56367">
        <ele>434</ele>
        <time>2024-09-20T23:05:00Z</time>
      </trkpt>
      <trkpt lat="47.359974" lon="8.56367">
        <ele>434</ele>
        <time>2024-09-20T23:15:00Z</time>
      </trkpt>
      <trkpt lat="47.359974" lon="8.56367">
        <ele>434</ele>
        <time>2024-09-20T23:25:00Z</time>
      </trkpt>
      <trkpt lat="47.359974" lon="8.56367">
        <ele>434</ele>
        <time>2024-09-20T23:35:00Z</time>
      </trkpt>
      <trkpt lat="47.359974" lon="8.56367">
        <ele>434</ele>
        <time>2024-09-20T23:45:00Z</time>
      </trkpt>
      <trkpt lat="47.359974" lon="8.56367">
        <ele>434</ele>
        <time>2024-09-20T23:55:00Z</time>
      </trkpt>
      <trkpt lat="47.359974" lon="8.56367">
        <ele>434</ele>
        <time>2024-09-21T00:05:00Z</time>
      </trkpt>
      <trkpt lat="47.359974" lon="8.56367">
        <ele>434</ele>
        <time>2024-09-21T00:15:00Z</time>
      </trkpt>
      <trkpt lat="47.359974" lon="8.56367">
        <ele>434</ele>
        <time>2024-09-21T00:25:00Z</time>
      </trkpt>
      <trkpt lat="47.359974" lon="8.56367">
        <ele>434</ele>
        <time>2024-09-21T00:35:00Z</time>
      </trkpt>
      <trkpt lat="47.359974" lon="8.56367">
        <ele>434</ele>
        <time>2024-09-21T00:45:00Z</time>
      </trkpt>
      <trkpt lat="47.359974" lon="8.56367">
        <ele>434</ele>
        <time>2024-09-21T00:55:00Z</time>
      </trkpt>
      <trkpt lat="47.359974" lon="8.56367">
        <ele>434</ele>
        <time>2024-09-21T01:05:00Z</time>
      </trkpt>
      <trkpt lat="47.359974" lon="8.56367">
        <ele>434</ele>
        <time>2024-09-21T01:15:00Z</time>
      </trkpt>
      <trkpt lat="47.359974" lon="8.56367">
        <ele>434</ele>
        <time>2024-09-21T01:25:00Z</time>
      </trkpt>
      <trkpt lat="47.359974" lon="8.56367">
        <ele>434</ele>
        <time>2024-09-21T01:35:00Z</time>
      </trkpt>
      <trkpt lat="47.359974" lon="8.56367">
        <ele>434</ele>
        <time>2024-09-21T01:45:00Z</time>
      </trkpt>
      <trkpt lat="47.359974" lon="8.56367">
        <ele>434</ele>
        <time>2024-09-21T01:55:00Z</time>
      </trkpt>
      <trkpt lat="47.359974" lon="8.56367">
        <ele>434</ele>
        <time>2024-09-21T02:05:00Z</time>
      </trkpt>
      <trkpt lat="47.359974" lon="8.56367">
        <ele>434</ele>
        <time>2024-09-21T02:15:00Z</time>
      </trkpt>
      <trkpt lat="47.359974" lon="8.56367">
        <ele>434</ele>
        <time>2024-09-21T02:25:00Z</time>
      </trkpt>
      <trkpt lat="47.359974" lon="8.56367">
        <ele>434</ele>
        <time>2024-09-21T02:35:00Z</time>
      </trkpt>
      <trkpt lat="47.359974" lon="8.56367">
        <ele>434</ele>
        <time>2024-09-21T02:45:00Z</time>
      </trkpt>
      <trkpt lat="47.359974" lon="8.56367">
        <ele>434</ele>
        <time>2024-09-21T02:55:00Z</time>
      </trkpt>
      <trkpt lat="47.359974" lon="8.56367">
        <ele>434</ele>
        <time>2024-09-21T03:05:00Z</time>
      </trkpt>
      <trkpt lat="47.359974" lon="8.56367">
        <ele>434</ele>
        <time>2024-09-21T03:15:00Z</time>
      </trkpt>
      <trkpt lat="47.359974" lon="8.56367">
        <ele>434</ele>
        <time>2024-09-21T03:25:00Z</time>
      </trkpt>
      <trkpt lat="47.359974" lon="8.56367">
        <ele>434</ele>
        <time>2024-09-21T03:35:00Z</time>
      </trkpt>
      <trkpt lat="47.359974" lon="8.56367">
        <ele>434</ele>
        <time>2024-09-21T03:44:58Z</time>
      </trkpt>
      <trkpt lat="47.359974" lon="8.56367">
        <ele>434</ele>
        <time>2024-09-21T03:59:58Z</time>
      </trkpt>
      <trkpt lat="47.359974" lon="8.56367">
        <ele>434</ele>
        <time>2024-09-21T06:17:41Z</time>
      </trkpt>
      <trkpt lat="47.359961" lon="8.562842">
        <ele>432</ele>
        <time>2024-09-21T06:18:31Z</time>
        <cmt>speed: 0.5</cmt>
      </trkpt>
      <trkpt lat="47.359854" lon="8.563358">
        <ele>457</ele>
        <time>2024-09-21T06:27:43Z</time>
        <cmt>speed: 1.5</cmt>
      </trkpt>
      <trkpt lat="47.359974" lon="8.56367">
        <ele>434</ele>
        <time>2024-09-21T06:30:16Z</time>
      </trkpt>
      <trkpt lat="47.360581" lon="8.563496">
        <ele>452</ele>
        <time>2024-09-21T06:37:47Z</time>
        <cmt>speed: 0.5</cmt>
      </trkpt>
      <trkpt lat="47.360581" lon="8.563496">
        <ele>452</ele>
        <time>2024-09-21T06:37:47Z</time>
      </trkpt>
      <trkpt lat="47.359301" lon="8.563058">
        <ele>462</ele>
        <time>2024-09-21T06:47:45Z</time>
        <cmt>speed: 0.3</cmt>
      </trkpt>
      <trkpt lat="47.359301" lon="8.563058">
        <ele>462</ele>
        <time>2024-09-21T06:48:14Z</time>
      </trkpt>
      <trkpt lat="47.359098" lon="8.563389">
        <ele>457</ele>
        <time>2024-09-21T06:48:17Z</time>
        <cmt>speed: 1.5</cmt>
      </trkpt>
      <trkpt lat="47.359198" lon="8.563248">
        <ele>445</ele>
        <time>2024-09-21T06:48:21Z</time>
        <cmt>speed: 0.0</cmt>
      </trkpt>
      <trkpt lat="47.359284" lon="8.561087">
        <ele>414</ele>
        <time>2024-09-21T06:57:46Z</time>
        <cmt>speed: 0.0</cmt>
      </trkpt>
      <trkpt lat="47.359483" lon="8.559964">
        <ele>439</ele>
        <time>2024-09-21T07:07:47Z</time>
        <cmt>speed: 0.2</cmt>
      </trkpt>
      <trkpt lat="47.359483" lon="8.559964">
        <ele>439</ele>
        <time>2024-09-21T07:08:14Z</time>
      </trkpt>
      <trkpt lat="47.35879" lon="8.560758">
        <ele>440</ele>
        <time>2024-09-21T07:17:45Z</time>
        <cmt>speed: 0.0</cmt>
      </trkpt>
      <trkpt lat="47.358661" lon="8.560645">
        <ele>440</ele>
        <time>2024-09-21T07:37:46Z</time>
        <cmt>speed: 0.1</cmt>
      </trkpt>
      <trkpt lat="47.358632" lon="8.560621">
        <ele>442</ele>
        <time>2024-09-21T07:57:50Z</time>
        <cmt>speed: 0.2</cmt>
      </trkpt>
      <trkpt lat="47.358648" lon="8.560482">
        <ele>456</ele>
        <time>2024-09-21T08:51:04Z</time>
        <cmt>speed: 0.1</cmt>
      </trkpt>
      <trkpt lat="47.358648" lon="8.560482">
        <ele>456</ele>
        <time>2024-09-21T08:51:04Z</time>
      </trkpt>
      <trkpt lat="47.358465" lon="8.560141">
        <ele>391</ele>
        <time>2024-09-21T09:00:58Z</time>
        <cmt>speed: 0.4</cmt>
      </trkpt>
      <trkpt lat="47.35924" lon="8.558943">
        <ele>428</ele>
        <time>2024-09-21T09:11:02Z</time>
        <cmt>speed: 0.5</cmt>
      </trkpt>
      <trkpt lat="47.359163" lon="8.561673">
        <ele>430</ele>
        <time>2024-09-21T09:20:59Z</time>
        <cmt>speed: 1.8</cmt>
      </trkpt>
      <trkpt lat="47.35932" lon="8.561788">
        <ele>436</ele>
        <time>2024-09-21T09:30:59Z</time>
        <cmt>speed: 0.6</cmt>
      </trkpt>
      <trkpt lat="47.35932" lon="8.561788">
        <ele>436</ele>
        <time>2024-09-21T09:30:59Z</time>
      </trkpt>
      <trkpt lat="47.359229" lon="8.56163">
        <ele>450</ele>
        <time>2024-09-21T09:40:58Z</time>
        <cmt>speed: 2.7</cmt>
      </trkpt>
      <trkpt lat="47.359391" lon="8.561946">
        <ele>435</ele>
        <time>2024-09-21T09:50:59Z</time>
        <cmt>speed: 0.2</cmt>
      </trkpt>
      <trkpt lat="47.359226" lon="8.561868">
        <ele>436</ele>
        <time>2024-09-21T10:00:58Z</time>
        <cmt>speed: 0.1</cmt>
      </trkpt>
      <trkpt lat="47.359268" lon="8.561543">
        <ele>469</ele>
        <time>2024-09-21T10:11:00Z</time>
        <cmt>speed: 0.5</cmt>
      </trkpt>
      <trkpt lat="47.359268" lon="8.561543">
        <ele>469</ele>
        <time>2024-09-21T10:11:00Z</time>
      </trkpt>
      <trkpt lat="47.359365" lon="8.561895">
        <ele>444</ele>
        <time>2024-09-21T10:31:05Z</time>
        <cmt>speed: 0.8</cmt>
      </trkpt>
      <trkpt lat="47.359311" lon="8.561897">
        <ele>444</ele>
        <time>2024-09-21T11:11:06Z</time>
        <cmt>speed: 0.3</cmt>
      </trkpt>
      <trkpt lat="47.359241" lon="8.562278">
        <ele>458</ele>
        <time>2024-09-21T11:20:58Z</time>
        <cmt>speed: 0.3</cmt>
      </trkpt>
      <trkpt lat="47.358831" lon="8.562055">
        <ele>414</ele>
        <time>2024-09-21T11:31:02Z</time>
        <cmt>speed: 0.3</cmt>
      </trkpt>
      <trkpt lat="47.357364" lon="8.561868">
        <ele>451</ele>
        <time>2024-09-21T11:41:11Z</time>
        <cmt>speed: 0.3</cmt>
      </trkpt>
      <trkpt lat="47.357591" lon="8.561561">
        <ele>458</ele>
        <time>2024-09-21T11:51:04Z</time>
        <cmt>speed: 1.7</cmt>
      </trkpt>
      <trkpt lat="47.358097" lon="8.562431">
        <ele>454</ele>
        <time>2024-09-21T12:01:05Z</time>
        <cmt>speed: 0.1</cmt>
      </trkpt>
      <trkpt lat="47.358135" lon="8.562566">
        <ele>436</ele>
        <time>2024-09-21T12:11:01Z</time>
        <cmt>speed: 0.4</cmt>
      </trkpt>
      <trkpt lat="47.358334" lon="8.562784">
        <ele>441</ele>
        <time>2024-09-21T12:20:58Z</time>
        <cmt>speed: 0.5</cmt>
      </trkpt>
      <trkpt lat="47.358079" lon="8.562681">
        <ele>411</ele>
        <time>2024-09-21T12:30:58Z</time>
        <cmt>speed: 0.1</cmt>
      </trkpt>
      <trkpt lat="47.358636" lon="8.562944">
        <ele>472</ele>
        <time>2024-09-21T12:40:59Z</time>
        <cmt>speed: 3.2</cmt>
      </trkpt>
      <trkpt lat="47.359238" lon="8.561797">
        <ele>430</ele>
        <time>2024-09-21T12:51:01Z</time>
        <cmt>speed: 1.8</cmt>
      </trkpt>
      <trkpt lat="47.359196" lon="8.561596">
        <ele>464</ele>
        <time>2024-09-21T13:01:00Z</time>
        <cmt>speed: 0.7</cmt>
      </trkpt>
      <trkpt lat="47.359351" lon="8.561813">
        <ele>437</ele>
        <time>2024-09-21T13:10:59Z</time>
        <cmt>speed: 2.7</cmt>
      </trkpt>
      <trkpt lat="47.359165" lon="8.562049">
        <ele>437</ele>
        <time>2024-09-21T13:20:58Z</time>
        <cmt>speed: 0.3</cmt>
      </trkpt>
      <trkpt lat="47.358977" lon="8.56171">
        <ele>469</ele>
        <time>2024-09-21T13:30:59Z</time>
        <cmt>speed: 0.6</cmt>
      </trkpt>
      <trkpt lat="47.358977" lon="8.56171">
        <ele>469</ele>
        <time>2024-09-21T13:30:59Z</time>
      </trkpt>
      <trkpt lat="47.359018" lon="8.561981">
        <ele>471</ele>
        <time>2024-09-21T13:41:01Z</time>
        <cmt>speed: 0.2</cmt>
      </trkpt>
      <trkpt lat="47.359018" lon="8.561981">
        <ele>471</ele>
        <time>2024-09-21T13:50:58Z</time>
      </trkpt>
      <trkpt lat="47.359238" lon="8.561776">
        <ele>474</ele>
        <time>2024-09-21T13:50:59Z</time>
        <cmt>speed: 0.5</cmt>
      </trkpt>
      <trkpt lat="47.358992" lon="8.562002">
        <ele>469</ele>
        <time>2024-09-21T14:01:13Z</time>
        <cmt>speed: 0.6</cmt>
      </trkpt>
      <trkpt lat="47.358992" lon="8.562002">
        <ele>469</ele>
        <time>2024-09-21T14:11:14Z</time>
      </trkpt>
      <trkpt lat="47.359118" lon="8.561858">
        <ele>456</ele>
        <time>2024-09-21T14:11:15Z</time>
        <cmt>speed: 0.1</cmt>
      </trkpt>
      <trkpt lat="47.359091" lon="8.561856">
        <ele>459</ele>
        <time>2024-09-21T14:21:13Z</time>
        <cmt>speed: 0.0</cmt>
      </trkpt>
      <trkpt lat="47.359182" lon="8.561829">
        <ele>419</ele>
        <time>2024-09-21T14:31:13Z</time>
        <cmt>speed: 1.6</cmt>
      </trkpt>
      <trkpt lat="47.359292" lon="8.561176">
        <ele>461</ele>
        <time>2024-09-21T14:41:14Z</time>
        <cmt>speed: 0.7</cmt>
      </trkpt>
      <trkpt lat="47.359201" lon="8.561751">
        <ele>424</ele>
        <time>2024-09-21T14:51:18Z</time>
        <cmt>speed: 0.6</cmt>
      </trkpt>
      <trkpt lat="47.358433" lon="8.561051">
        <ele>430</ele>
        <time>2024-09-21T15:01:13Z</time>
        <cmt>speed: 0.5</cmt>
      </trkpt>
      <trkpt lat="47.358492" lon="8.562685">
        <ele>438</ele>
        <time>2024-09-21T15:11:14Z</time>
        <cmt>speed: 0.7</cmt>
      </trkpt>
      <trkpt lat="47.358866" lon="8.562077">
        <ele>431</ele>
        <time>2024-09-21T15:21:13Z</time>
        <cmt>speed: 0.5</cmt>
      </trkpt>
      <trkpt lat="47.358806" lon="8.562692">
        <ele>468</ele>
        <time>2024-09-21T15:31:13Z</time>
        <cmt>speed: 0.0</cmt>
      </trkpt>
      <trkpt lat="47.358515" lon="8.564566">
        <ele>452</ele>
        <time>2024-09-21T15:41:13Z</time>
        <cmt>speed: 0.4</cmt>
      </trkpt>
      <trkpt lat="47.358515" lon="8.564566">
        <ele>452</ele>
        <time>2024-09-21T15:51:12Z</time>
      </trkpt>
      <trkpt lat="47.358313" lon="8.564716">
        <ele>456</ele>
        <time>2024-09-21T15:51:13Z</time>
        <cmt>speed: 0.0</cmt>
      </trkpt>
      <trkpt lat="47.357619" lon="8.56438">
        <ele>467</ele>
        <time>2024-09-21T16:01:30Z</time>
        <cmt>speed: 0.3</cmt>
      </trkpt>
      <trkpt lat="47.357506" lon="8.564116">
        <ele>468</ele>
        <time>2024-09-21T16:11:14Z</time>
        <cmt>speed: 0.2</cmt>
      </trkpt>
      <trkpt lat="47.357853" lon="8.562851">
        <ele>405</ele>
        <time>2024-09-21T16:21:15Z</time>
        <cmt>speed: 0.0</cmt>
      </trkpt>
      <trkpt lat="47.357853" lon="8.562851">
        <ele>405</ele>
        <time>2024-09-21T16:31:13Z</time>
      </trkpt>
      <trkpt lat="47.359223" lon="8.56162">
        <ele>412</ele>
        <time>2024-09-21T16:31:14Z</time>
        <cmt>speed: 1.1</cmt>
      </trkpt>
      <trkpt lat="47.359107" lon="8.561775">
        <ele>424</ele>
        <time>2024-09-21T16:41:12Z</time>
        <cmt>speed: 0.2</cmt>
      </trkpt>
      <trkpt lat="47.359107" lon="8.561775">
        <ele>424</ele>
        <time>2024-09-21T16:51:11Z</time>
      </trkpt>
      <trkpt lat="47.359145" lon="8.561955">
        <ele>433</ele>
        <time>2024-09-21T16:51:13Z</time>
        <cmt>speed: 0.5</cmt>
      </trkpt>
      <trkpt lat="47.359168" lon="8.562042">
        <ele>450</ele>
        <time>2024-09-21T17:01:15Z</time>
        <cmt>speed: 0.1</cmt>
      </trkpt>
      <trkpt lat="47.359168" lon="8.562042">
        <ele>450</ele>
        <time>2024-09-21T17:11:11Z</time>
      </trkpt>
      <trkpt lat="47.358877" lon="8.56186">
        <ele>422</ele>
        <time>2024-09-21T17:11:12Z</time>
        <cmt>speed: 0.4</cmt>
      </trkpt>
      <trkpt lat="47.359269" lon="8.561222">
        <ele>419</ele>
        <time>2024-09-21T17:21:15Z</time>
        <cmt>speed: 1.0</cmt>
      </trkpt>
      <trkpt lat="47.359857" lon="8.561435">
        <ele>444</ele>
        <time>2024-09-21T17:31:17Z</time>
        <cmt>speed: 0.3</cmt>
      </trkpt>
      <trkpt lat="47.359809" lon="8.561725">
        <ele>452</ele>
        <time>2024-09-21T17:41:14Z</time>
        <cmt>speed: 3.7</cmt>
      </trkpt>
      <trkpt lat="47.359959" lon="8.561901">
        <ele>428</ele>
        <time>2024-09-21T17:51:14Z</time>
        <cmt>speed: 1.6</cmt>
      </trkpt>
      <trkpt lat="47.359974" lon="8.56367">
        <ele>434</ele>
        <time>2024-09-21T18:00:25Z</time>
      </trkpt>
      <trkpt lat="47.359776" lon="8.563984">
        <ele>456</ele>
        <time>2024-09-21T18:06:49Z</time>
        <cmt>speed: 0.5</cmt>
      </trkpt>
      <trkpt lat="47.359174" lon="8.56405">
        <ele>383</ele>
        <time>2024-09-21T18:16:51Z</time>
        <cmt>speed: 1.2</cmt>
      </trkpt>
      <trkpt lat="47.359174" lon="8.56405">
        <ele>383</ele>
        <time>2024-09-21T18:26:50Z</time>
      </trkpt>
      <trkpt lat="47.359499" lon="8.563886">
        <ele>425</ele>
        <time>2024-09-21T18:26:52Z</time>
        <cmt>speed: 0.2</cmt>
      </trkpt>
      <trkpt lat="47.359344" lon="8.564159">
        <ele>479</ele>
        <time>2024-09-21T18:37:13Z</time>
        <cmt>speed: 1.3</cmt>
      </trkpt>
      <trkpt lat="47.359344" lon="8.564159">
        <ele>479</ele>
        <time>2024-09-21T18:46:54Z</time>
      </trkpt>
      <trkpt lat="47.359313" lon="8.563958">
        <ele>396</ele>
        <time>2024-09-21T18:46:56Z</time>
        <cmt>speed: 0.1</cmt>
      </trkpt>
      <trkpt lat="47.359301" lon="8.563771">
        <ele>406</ele>
        <time>2024-09-21T18:56:51Z</time>
        <cmt>speed: 0.5</cmt>
      </trkpt>
      <trkpt lat="47.359253" lon="8.564063">
        <ele>438</ele>
        <time>2024-09-21T19:06:55Z</time>
        <cmt>speed: 0.3</cmt>
      </trkpt>
      <trkpt lat="47.359454" lon="8.563846">
        <ele>456</ele>
        <time>2024-09-21T19:16:50Z</time>
        <cmt>speed: 0.4</cmt>
      </trkpt>
      <trkpt lat="47.359536" lon="8.563888">
        <ele>446</ele>
        <time>2024-09-21T19:26:47Z</time>
        <cmt>speed: 0.0</cmt>
      </trkpt>
      <trkpt lat="47.359536" lon="8.563888">
        <ele>446</ele>
        <time>2024-09-21T19:26:47Z</time>
      </trkpt>
      <trkpt lat="47.359342" lon="8.564303">
        <ele>451</ele>
        <time>2024-09-21T19:36:47Z</time>
        <cmt>speed: 0.5</cmt>
      </trkpt>
      <trkpt lat="47.35917" lon="8.562215">
        <ele>471</ele>
        <time>2024-09-21T19:46:44Z</time>
        <cmt>speed: 0.1</cmt>
      </trkpt>
      <trkpt lat="47.359328" lon="8.561992">
        <ele>414</ele>
        <time>2024-09-21T19:56:46Z</time>
        <cmt>speed: 0.1</cmt>
      </trkpt>
      <trkpt lat="47.359328" lon="8.561992">
        <ele>414</ele>
        <time>2024-09-21T20:06:42Z</time>
      </trkpt>
      <trkpt lat="47.359194" lon="8.562074">
        <ele>445</ele>
        <time>2024-09-21T20:08:07Z</time>
        <cmt>speed: 0.1</cmt>
      </trkpt>
      <trkpt lat="47.358881" lon="8.560801">
        <ele>475</ele>
        <time>2024-09-21T20:18:09Z</time>
        <cmt>speed: 0.6</cmt>
      </trkpt>
      <trkpt lat="47.360095" lon="8.560058">
        <ele>439</ele>
        <time>2024-09-21T20:28:09Z</time>
        <cmt>speed: 0.9</cmt>
      </trkpt>
      <trkpt lat="47.360072" lon="8.560397">
        <ele>440</ele>
        <time>2024-09-21T20:38:06Z</time>
        <cmt>speed: 0.0</cmt>
      </trkpt>
      <trkpt lat="47.360161" lon="8.561289">
        <ele>398</ele>
        <time>2024-09-21T20:48:07Z</time>
        <cmt>speed: 0.4</cmt>
      </trkpt>
      <trkpt lat="47.360014" lon="8.561087">
        <ele>463</ele>
        <time>2024-09-21T20:51:43Z</time>
        <cmt>speed: 1.5</cmt>
      </trkpt>
      <trkpt lat="47.360096" lon="8.561095">
        <ele>442</ele>
        <time>2024-09-21T20:51:47Z</time>
        <cmt>speed: 0.3</cmt>
      </trkpt>
      <trkpt lat="47.360126" lon="8.561049">
        <ele>443</ele>
        <time>2024-09-21T20:51:51Z</time>
        <cmt>speed: 0.5</cmt>
      </trkpt>
      <trkpt lat="47.359959" lon="8.563643">
        <ele>434</ele>
        <time>2024-09-21T20:56:56Z</time>
      </trkpt>
      <trkpt lat="47.359959" lon="8.563643">
        <ele>434</ele>
        <time>2024-09-21T21:11:56Z</time>
      </trkpt>
      <trkpt lat="47.359959" lon="8.563643">
        <ele>434</ele>
        <time>2024-09-22T07:59:55Z</time>
      </trkpt>
      <trkpt lat="47.360193" lon="8.562686">
        <ele>431</ele>
        <time>2024-09-22T08:00:30Z</time>
        <cmt>speed: 0.4</cmt>
      </trkpt>
      <trkpt lat="47.360208" lon="8.561802">
        <ele>407</ele>
        <time>2024-09-22T08:10:16Z</time>
        <cmt>speed: 0.3</cmt>
      </trkpt>
      <trkpt lat="47.359167" lon="8.561866">
        <ele>414</ele>
        <time>2024-09-22T08:20:00Z</time>
        <cmt>speed: 0.3</cmt>
      </trkpt>
      <trkpt lat="47.359167" lon="8.561866">
        <ele>414</ele>
        <time>2024-09-22T08:20:26Z</time>
      </trkpt>
      <trkpt lat="47.359049" lon="8.562036">
        <ele>453</ele>
        <time>2024-09-22T08:30:03Z</time>
        <cmt>speed: 0.1</cmt>
      </trkpt>
      <trkpt lat="47.359054" lon="8.561864">
        <ele>435</ele>
        <time>2024-09-22T08:40:02Z</time>
        <cmt>speed: 0.2</cmt>
      </trkpt>
      <trkpt lat="47.359054" lon="8.561864">
        <ele>435</ele>
        <time>2024-09-22T08:40:26Z</time>
      </trkpt>
      <trkpt lat="47.359206" lon="8.561617">
        <ele>419</ele>
        <time>2024-09-22T08:50:00Z</time>
        <cmt>speed: 0.2</cmt>
      </trkpt>
      <trkpt lat="47.358992" lon="8.561931">
        <ele>455</ele>
        <time>2024-09-22T09:00:03Z</time>
        <cmt>speed: 0.2</cmt>
      </trkpt>
      <trkpt lat="47.359474" lon="8.56035">
        <ele>444</ele>
        <time>2024-09-22T09:10:05Z</time>
        <cmt>speed: 0.7</cmt>
      </trkpt>
      <trkpt lat="47.358351" lon="8.560894">
        <ele>373</ele>
        <time>2024-09-22T09:20:06Z</time>
        <cmt>speed: 2.0</cmt>
      </trkpt>
      <trkpt lat="47.358363" lon="8.561254">
        <ele>423</ele>
        <time>2024-09-22T09:30:02Z</time>
        <cmt>speed: 0.3</cmt>
      </trkpt>
      <trkpt lat="47.358445" lon="8.561494">
        <ele>433</ele>
        <time>2024-09-22T09:40:02Z</time>
        <cmt>speed: 0.4</cmt>
      </trkpt>
      <trkpt lat="47.35841" lon="8.561227">
        <ele>420</ele>
        <time>2024-09-22T10:10:05Z</time>
        <cmt>speed: 0.0</cmt>
      </trkpt>
      <trkpt lat="47.35841" lon="8.561227">
        <ele>420</ele>
        <time>2024-09-22T10:19:59Z</time>
      </trkpt>
      <trkpt lat="47.358494" lon="8.561106">
        <ele>399</ele>
        <time>2024-09-22T10:20:03Z</time>
        <cmt>speed: 0.1</cmt>
      </trkpt>
      <trkpt lat="47.358367" lon="8.561165">
        <ele>434</ele>
        <time>2024-09-22T10:30:06Z</time>
        <cmt>speed: 0.1</cmt>
      </trkpt>
      <trkpt lat="47.358367" lon="8.561165">
        <ele>434</ele>
        <time>2024-09-22T10:39:59Z</time>
      </trkpt>
      <trkpt lat="47.358468" lon="8.561182">
        <ele>428</ele>
        <time>2024-09-22T10:40:02Z</time>
        <cmt>speed: 0.2</cmt>
      </trkpt>
      <trkpt lat="47.358113" lon="8.561352">
        <ele>428</ele>
        <time>2024-09-22T10:50:01Z</time>
        <cmt>speed: 0.4</cmt>
      </trkpt>
      <trkpt lat="47.358113" lon="8.561352">
        <ele>428</ele>
        <time>2024-09-22T10:59:59Z</time>
      </trkpt>
      <trkpt lat="47.358033" lon="8.561452">
        <ele>436</ele>
        <time>2024-09-22T11:03:03Z</time>
        <cmt>speed: 0.0</cmt>
      </trkpt>
      <trkpt lat="47.357561" lon="8.561386">
        <ele>443</ele>
        <time>2024-09-22T11:13:02Z</time>
        <cmt>speed: 0.6</cmt>
      </trkpt>
      <trkpt lat="47.357561" lon="8.561386">
        <ele>443</ele>
        <time>2024-09-22T11:19:59Z</time>
      </trkpt>
      <trkpt lat="47.357642" lon="8.561171">
        <ele>422</ele>
        <time>2024-09-22T11:25:00Z</time>
        <cmt>speed: 0.5</cmt>
      </trkpt>
      <trkpt lat="47.357963" lon="8.560773">
        <ele>404</ele>
        <time>2024-09-22T11:34:59Z</time>
        <cmt>speed: 0.3</cmt>
      </trkpt>
      <trkpt lat="47.357888" lon="8.562645">
        <ele>432</ele>
        <time>2024-09-22T11:44:59Z</time>
        <cmt>speed: 0.6</cmt>
      </trkpt>
      <trkpt lat="47.35872" lon="8.563385">
        <ele>488</ele>
        <time>2024-09-22T11:54:57Z</time>
        <cmt>speed: 0.0</cmt>
      </trkpt>
      <trkpt lat="47.35872" lon="8.563385">
        <ele>488</ele>
        <time>2024-09-22T12:04:51Z</time>
      </trkpt>
      <trkpt lat="47.358331" lon="8.563322">
        <ele>449</ele>
        <time>2024-09-22T12:04:55Z</time>
        <cmt>speed: 0.8</cmt>
      </trkpt>
      <trkpt lat="47.358231" lon="8.563554">
        <ele>421</ele>
        <time>2024-09-22T12:14:57Z</time>
        <cmt>speed: 0.2</cmt>
      </trkpt>
      <trkpt lat="47.358231" lon="8.563554">
        <ele>421</ele>
        <time>2024-09-22T12:24:54Z</time>
      </trkpt>
      <trkpt lat="47.358301" lon="8.565401">
        <ele>458</ele>
        <time>2024-09-22T12:24:58Z</time>
        <cmt>speed: 0.3</cmt>
      </trkpt>
      <trkpt lat="47.358582" lon="8.564637">
        <ele>464</ele>
        <time>2024-09-22T12:34:57Z</time>
        <cmt>speed: 0.1</cmt>
      </trkpt>
      <trkpt lat="47.358661" lon="8.564153">
        <ele>445</ele>
        <time>2024-09-22T12:44:59Z</time>
        <cmt>speed: 0.1</cmt>
      </trkpt>
      <trkpt lat="47.358633" lon="8.563834">
        <ele>445</ele>
        <time>2024-09-22T12:54:57Z</time>
        <cmt>speed: 0.6</cmt>
      </trkpt>
      <trkpt lat="47.358392" lon="8.563456">
        <ele>447</ele>
        <time>2024-09-22T13:04:56Z</time>
        <cmt>speed: 0.2</cmt>
      </trkpt>
      <trkpt lat="47.357957" lon="8.563248">
        <ele>440</ele>
        <time>2024-09-22T13:14:56Z</time>
        <cmt>speed: 0.5</cmt>
      </trkpt>
      <trkpt lat="47.357957" lon="8.563248">
        <ele>440</ele>
        <time>2024-09-22T13:24:53Z</time>
      </trkpt>
      <trkpt lat="47.357497" lon="8.563607">
        <ele>424</ele>
        <time>2024-09-22T13:24:57Z</time>
        <cmt>speed: 0.7</cmt>
      </trkpt>
      <trkpt lat="47.357401" lon="8.563556">
        <ele>449</ele>
        <time>2024-09-22T13:34:56Z</time>
        <cmt>speed: 0.1</cmt>
      </trkpt>
      <trkpt lat="47.357401" lon="8.563556">
        <ele>449</ele>
        <time>2024-09-22T13:44:53Z</time>
      </trkpt>
      <trkpt lat="47.357331" lon="8.563758">
        <ele>470</ele>
        <time>2024-09-22T13:44:57Z</time>
        <cmt>speed: 0.0</cmt>
      </trkpt>
      <trkpt lat="47.357299" lon="8.563649">
        <ele>469</ele>
        <time>2024-09-22T13:54:57Z</time>
        <cmt>speed: 0.8</cmt>
      </trkpt>
      <trkpt lat="47.357299" lon="8.563649">
        <ele>469</ele>
        <time>2024-09-22T14:04:52Z</time>
      </trkpt>
      <trkpt lat="47.357463" lon="8.563418">
        <ele>455</ele>
        <time>2024-09-22T14:04:57Z</time>
        <cmt>speed: 0.1</cmt>
      </trkpt>
      <trkpt lat="47.35733" lon="8.563565">
        <ele>449</ele>
        <time>2024-09-22T14:14:57Z</time>
        <cmt>speed: 0.6</cmt>
      </trkpt>
      <trkpt lat="47.358402" lon="8.562827">
        <ele>457</ele>
        <time>2024-09-22T14:24:57Z</time>
        <cmt>speed: 0.7</cmt>
      </trkpt>
      <trkpt lat="47.358924" lon="8.561882">
        <ele>452</ele>
        <time>2024-09-22T14:35:00Z</time>
        <cmt>speed: 0.5</cmt>
      </trkpt>
      <trkpt lat="47.359385" lon="8.561868">
        <ele>436</ele>
        <time>2024-09-22T14:45:06Z</time>
        <cmt>speed: 0.0</cmt>
      </trkpt>
      <trkpt lat="47.359493" lon="8.561781">
        <ele>454</ele>
        <time>2024-09-22T14:54:59Z</time>
        <cmt>speed: 0.4</cmt>
      </trkpt>
      <trkpt lat="47.359316" lon="8.561853">
        <ele>430</ele>
        <time>2024-09-22T15:04:57Z</time>
        <cmt>speed: 0.5</cmt>
      </trkpt>
      <trkpt lat="47.359316" lon="8.561853">
        <ele>430</ele>
        <time>2024-09-22T15:25:13Z</time>
      </trkpt>
      <trkpt lat="47.359403" lon="8.561871">
        <ele>433</ele>
        <time>2024-09-22T15:25:18Z</time>
        <cmt>speed: 0.2</cmt>
      </trkpt>
      <trkpt lat="47.359314" lon="8.561715">
        <ele>408</ele>
        <time>2024-09-22T15:35:00Z</time>
        <cmt>speed: 0.6</cmt>
      </trkpt>
      <trkpt lat="47.35933" lon="8.562141">
        <ele>445</ele>
        <time>2024-09-22T15:44:58Z</time>
        <cmt>speed: 0.3</cmt>
      </trkpt>
      <trkpt lat="47.358918" lon="8.563305">
        <ele>451</ele>
        <time>2024-09-22T15:55:08Z</time>
        <cmt>speed: 0.5</cmt>
      </trkpt>
      <trkpt lat="47.358918" lon="8.563305">
        <ele>451</ele>
        <time>2024-09-22T16:04:52Z</time>
      </trkpt>
      <trkpt lat="47.358387" lon="8.563173">
        <ele>454</ele>
        <time>2024-09-22T16:04:57Z</time>
        <cmt>speed: 0.0</cmt>
      </trkpt>
      <trkpt lat="47.358356" lon="8.563316">
        <ele>454</ele>
        <time>2024-09-22T16:14:58Z</time>
        <cmt>speed: 0.0</cmt>
      </trkpt>
      <trkpt lat="47.35827" lon="8.563396">
        <ele>443</ele>
        <time>2024-09-22T16:24:56Z</time>
        <cmt>speed: 1.2</cmt>
      </trkpt>
      <trkpt lat="47.358194" lon="8.563524">
        <ele>447</ele>
        <time>2024-09-22T16:34:57Z</time>
        <cmt>speed: 0.4</cmt>
      </trkpt>
      <trkpt lat="47.358194" lon="8.563524">
        <ele>447</ele>
        <time>2024-09-22T16:39:59Z</time>
      </trkpt>
      <trkpt lat="47.358063" lon="8.563463">
        <ele>454</ele>
        <time>2024-09-22T16:44:57Z</time>
        <cmt>speed: 0.0</cmt>
      </trkpt>
      <trkpt lat="47.358191" lon="8.56269">
        <ele>436</ele>
        <time>2024-09-22T16:53:02Z</time>
        <cmt>speed: 4.8</cmt>
      </trkpt>
      <trkpt lat="47.358293" lon="8.562887">
        <ele>456</ele>
        <time>2024-09-22T16:53:07Z</time>
        <cmt>speed: 2.5</cmt>
      </trkpt>
      <trkpt lat="47.359008" lon="8.562836">
        <ele>423</ele>
        <time>2024-09-22T16:54:58Z</time>
        <cmt>speed: 0.4</cmt>
      </trkpt>
      <trkpt lat="47.359959" lon="8.563643">
        <ele>434</ele>
        <time>2024-09-22T17:00:40Z</time>
      </trkpt>
      <trkpt lat="47.359959" lon="8.563643">
        <ele>434</ele>
        <time>2024-09-22T17:15:40Z</time>
      </trkpt>
      <trkpt lat="47.359959" lon="8.563643">
        <ele>434</ele>
        <time>2024-09-23T05:15:38Z</time>
      </trkpt>
      <trkpt lat="47.360241" lon="8.563658">
        <ele>412</ele>
        <time>2024-09-23T13:41:23Z</time>
        <cmt>speed: 1.3</cmt>
      </trkpt>
      <trkpt lat="47.359275" lon="8.561408">
        <ele>407</ele>
        <time>2024-09-23T13:51:18Z</time>
        <cmt>speed: 0.3</cmt>
      </trkpt>
      <trkpt lat="47.359275" lon="8.561408">
        <ele>407</ele>
        <time>2024-09-23T14:01:24Z</time>
      </trkpt>
      <trkpt lat="47.359437" lon="8.561332">
        <ele>409</ele>
        <time>2024-09-23T14:01:25Z</time>
        <cmt>speed: 0.1</cmt>
      </trkpt>
      <trkpt lat="47.359228" lon="8.562396">
        <ele>464</ele>
        <time>2024-09-23T14:11:16Z</time>
        <cmt>speed: 0.2</cmt>
      </trkpt>
      <trkpt lat="47.359024" lon="8.562259">
        <ele>395</ele>
        <time>2024-09-23T14:21:16Z</time>
        <cmt>speed: 0.0</cmt>
      </trkpt>
      <trkpt lat="47.358963" lon="8.562237">
        <ele>424</ele>
        <time>2024-09-23T14:31:16Z</time>
        <cmt>speed: 0.2</cmt>
      </trkpt>
      <trkpt lat="47.358413" lon="8.563339">
        <ele>454</ele>
        <time>2024-09-23T14:41:16Z</time>
        <cmt>speed: 0.2</cmt>
      </trkpt>
      <trkpt lat="47.358454" lon="8.563393">
        <ele>475</ele>
        <time>2024-09-23T14:51:15Z</time>
        <cmt>speed: 0.1</cmt>
      </trkpt>
      <trkpt lat="47.358409" lon="8.563341">
        <ele>437</ele>
        <time>2024-09-23T15:01:16Z</time>
        <cmt>speed: 0.0</cmt>
      </trkpt>
      <trkpt lat="47.358354" lon="8.563496">
        <ele>456</ele>
        <time>2024-09-23T15:11:17Z</time>
        <cmt>speed: 0.3</cmt>
      </trkpt>
      <trkpt lat="47.358354" lon="8.563496">
        <ele>456</ele>
        <time>2024-09-23T15:21:08Z</time>
      </trkpt>
      <trkpt lat="47.35843" lon="8.563438">
        <ele>471</ele>
        <time>2024-09-23T15:21:15Z</time>
        <cmt>speed: 0.1</cmt>
      </trkpt>
      <trkpt lat="47.358188" lon="8.563393">
        <ele>405</ele>
        <time>2024-09-23T15:31:17Z</time>
        <cmt>speed: 0.9</cmt>
      </trkpt>
      <trkpt lat="47.358636" lon="8.562096">
        <ele>464</ele>
        <time>2024-09-23T15:41:17Z</time>
        <cmt>speed: 0.7</cmt>
      </trkpt>
      <trkpt lat="47.359513" lon="8.561438">
        <ele>441</ele>
        <time>2024-09-23T15:51:21Z</time>
        <cmt>speed: 0.8</cmt>
      </trkpt>
      <trkpt lat="47.359513" lon="8.561438">
        <ele>441</ele>
        <time>2024-09-23T16:01:16Z</time>
      </trkpt>
      <trkpt lat="47.360072" lon="8.563343">
        <ele>497</ele>
        <time>2024-09-23T16:01:25Z</time>
        <cmt>speed: 0.6</cmt>
      </trkpt>
      <trkpt lat="47.359974" lon="8.56367">
        <ele>434</ele>
        <time>2024-09-23T16:01:40Z</time>
      </trkpt>
      <trkpt lat="47.359974" lon="8.56367">
        <ele>434</ele>
        <time>2024-09-23T16:08:13Z</time>
      </trkpt>
      <trkpt lat="47.360196" lon="8.563829">
        <ele>454</ele>
        <time>2024-09-23T16:10:28Z</time>
        <cmt>speed: 0.3</cmt>
      </trkpt>
      <trkpt lat="47.359959" lon="8.563643">
        <ele>434</ele>
        <time>2024-09-23T16:16:05Z</time>
      </trkpt>
      <trkpt lat="47.359959" lon="8.563643">
        <ele>434</ele>
        <time>2024-09-23T16:31:05Z</time>
      </trkpt>
      <trkpt lat="47.360014" lon="8.564017">
        <ele>451</ele>
        <time>2024-09-23T20:50:26Z</time>
        <cmt>speed: 0.2</cmt>
      </trkpt>
      <trkpt lat="47.359336" lon="8.563854">
        <ele>409</ele>
        <time>2024-09-23T21:00:48Z</time>
        <cmt>speed: 0.1</cmt>
      </trkpt>
      <trkpt lat="47.359555" lon="8.562637">
        <ele>485</ele>
        <time>2024-09-23T21:20:26Z</time>
        <cmt>speed: 1.9</cmt>
      </trkpt>
      <trkpt lat="47.359261" lon="8.561526">
        <ele>479</ele>
        <time>2024-09-23T21:30:26Z</time>
        <cmt>speed: 0.0</cmt>
      </trkpt>
      <trkpt lat="47.358984" lon="8.56102">
        <ele>440</ele>
        <time>2024-09-23T21:40:25Z</time>
        <cmt>speed: 0.5</cmt>
      </trkpt>
      <trkpt lat="47.359893" lon="8.56002">
        <ele>428</ele>
        <time>2024-09-23T21:50:25Z</time>
        <cmt>speed: 0.0</cmt>
      </trkpt>
      <trkpt lat="47.360115" lon="8.561248">
        <ele>462</ele>
        <time>2024-09-23T22:00:34Z</time>
        <cmt>speed: 0.1</cmt>
      </trkpt>
      <trkpt lat="47.360069" lon="8.563128">
        <ele>445</ele>
        <time>2024-09-23T22:10:27Z</time>
        <cmt>speed: 0.8</cmt>
      </trkpt>
      <trkpt lat="47.359889" lon="8.56327">
        <ele>421</ele>
        <time>2024-09-23T22:20:25Z</time>
        <cmt>speed: 3.0</cmt>
      </trkpt>
      <trkpt lat="47.359889" lon="8.56327">
        <ele>421</ele>
        <time>2024-09-23T22:30:15Z</time>
      </trkpt>
      <trkpt lat="47.359936" lon="8.562972">
        <ele>430</ele>
        <time>2024-09-23T22:30:24Z</time>
        <cmt>speed: 0.2</cmt>
      </trkpt>
      <trkpt lat="47.359776" lon="8.563233">
        <ele>459</ele>
        <time>2024-09-23T22:40:25Z</time>
        <cmt>speed: 0.2</cmt>
      </trkpt>
      <trkpt lat="47.359776" lon="8.563233">
        <ele>459</ele>
        <time>2024-09-23T22:50:43Z</time>
      </trkpt>
      <trkpt lat="47.359457" lon="8.563788">
        <ele>451</ele>
        <time>2024-09-23T22:50:53Z</time>
        <cmt>speed: 0.2</cmt>
      </trkpt>
      <trkpt lat="47.359386" lon="8.56386">
        <ele>438</ele>
        <time>2024-09-23T23:00:48Z</time>
        <cmt>speed: 0.6</cmt>
      </trkpt>
      <trkpt lat="47.359386" lon="8.56386">
        <ele>438</ele>
        <time>2024-09-23T23:10:32Z</time>
      </trkpt>
      <trkpt lat="47.359441" lon="8.56375">
        <ele>434</ele>
        <time>2024-09-23T23:10:42Z</time>
        <cmt>speed: 0.2</cmt>
      </trkpt>
      <trkpt lat="47.359442" lon="8.563935">
        <ele>462</ele>
        <time>2024-09-23T23:20:36Z</time>
        <cmt>speed: 0.0</cmt>
      </trkpt>
      <trkpt lat="47.359442" lon="8.563935">
        <ele>462</ele>
        <time>2024-09-23T23:30:28Z</time>
      </trkpt>
      <trkpt lat="47.359546" lon="8.563899">
        <ele>428</ele>
        <time>2024-09-23T23:30:38Z</time>
        <cmt>speed: 0.4</cmt>
      </trkpt>
      <trkpt lat="47.359384" lon="8.564099">
        <ele>446</ele>
        <time>2024-09-23T23:40:24Z</time>
        <cmt>speed: 0.4</cmt>
      </trkpt>
      <trkpt lat="47.358711" lon="8.564608">
        <ele>434</ele>
        <time>2024-09-23T23:50:25Z</time>
        <cmt>speed: 0.5</cmt>
      </trkpt>
      <trkpt lat="47.358624" lon="8.565831">
        <ele>458</ele>
        <time>2024-09-24T00:00:24Z</time>
        <cmt>speed: 1.4</cmt>
      </trkpt>
      <trkpt lat="47.359614" lon="8.562126">
        <ele>443</ele>
        <time>2024-09-24T00:10:24Z</time>
        <cmt>speed: 0.0</cmt>
      </trkpt>
      <trkpt lat="47.360109" lon="8.559771">
        <ele>463</ele>
        <time>2024-09-24T00:20:29Z</time>
        <cmt>speed: 0.3</cmt>
      </trkpt>
      <trkpt lat="47.360142" lon="8.55995">
        <ele>439</ele>
        <time>2024-09-24T00:30:25Z</time>
        <cmt>speed: 0.7</cmt>
      </trkpt>
      <trkpt lat="47.360026" lon="8.560348">
        <ele>467</ele>
        <time>2024-09-24T00:40:27Z</time>
        <cmt>speed: 0.5</cmt>
      </trkpt>
      <trkpt lat="47.360026" lon="8.560348">
        <ele>467</ele>
        <time>2024-09-24T00:50:25Z</time>
      </trkpt>
      <trkpt lat="47.360285" lon="8.559646">
        <ele>437</ele>
        <time>2024-09-24T00:50:35Z</time>
        <cmt>speed: 4.4</cmt>
      </trkpt>
      <trkpt lat="47.359133" lon="8.560473">
        <ele>441</ele>
        <time>2024-09-24T01:00:24Z</time>
        <cmt>speed: 0.5</cmt>
      </trkpt>
      <trkpt lat="47.359133" lon="8.560473">
        <ele>441</ele>
        <time>2024-09-24T01:10:21Z</time>
      </trkpt>
      <trkpt lat="47.359161" lon="8.561247">
        <ele>482</ele>
        <time>2024-09-24T01:10:31Z</time>
        <cmt>speed: 0.1</cmt>
      </trkpt>
      <trkpt lat="47.359112" lon="8.561297">
        <ele>462</ele>
        <time>2024-09-24T01:20:25Z</time>
        <cmt>speed: 0.1</cmt>
      </trkpt>
      <trkpt lat="47.359181" lon="8.561381">
        <ele>442</ele>
        <time>2024-09-24T01:30:25Z</time>
        <cmt>speed: 0.2</cmt>
      </trkpt>
      <trkpt lat="47.35911" lon="8.561632">
        <ele>481</ele>
        <time>2024-09-24T01:50:23Z</time>
        <cmt>speed: 0.3</cmt>
      </trkpt>
      <trkpt lat="47.359185" lon="8.56128">
        <ele>433</ele>
        <time>2024-09-24T02:00:26Z</time>
        <cmt>speed: 0.4</cmt>
      </trkpt>
      <trkpt lat="47.360092" lon="8.561715">
        <ele>449</ele>
        <time>2024-09-24T02:40:34Z</time>
        <cmt>speed: 0.3</cmt>
      </trkpt>
      <trkpt lat="47.360502" lon="8.561223">
        <ele>436</ele>
        <time>2024-09-24T02:50:33Z</time>
        <cmt>speed: 0.3</cmt>
      </trkpt>
      <trkpt lat="47.360502" lon="8.561223">
        <ele>436</ele>
        <time>2024-09-24T02:50:33Z</time>
      </trkpt>
      <trkpt lat="47.3601" lon="8.560811">
        <ele>425</ele>
        <time>2024-09-24T03:00:26Z</time>
        <cmt>speed: 0.5</cmt>
      </trkpt>
      <trkpt lat="47.359608" lon="8.561463">
        <ele>444</ele>
        <time>2024-09-24T03:10:25Z</time>
        <cmt>speed: 0.7</cmt>
      </trkpt>
      <trkpt lat="47.359036" lon="8.562106">
        <ele>407</ele>
        <time>2024-09-24T03:20:29Z</time>
        <cmt>speed: 0.2</cmt>
      </trkpt>
      <trkpt lat="47.359454" lon="8.563825">
        <ele>429</ele>
        <time>2024-09-24T03:30:32Z</time>
        <cmt>speed: 0.3</cmt>
      </trkpt>
      <trkpt lat="47.359176" lon="8.563719">
        <ele>429</ele>
        <time>2024-09-24T03:40:38Z</time>
        <cmt>speed: 0.4</cmt>
      </trkpt>
      <trkpt lat="47.359176" lon="8.563719">
        <ele>429</ele>
        <time>2024-09-24T03:50:43Z</time>
      </trkpt>
      <trkpt lat="47.359462" lon="8.563584">
        <ele>428</ele>
        <time>2024-09-24T03:50:44Z</time>
        <cmt>speed: 0.8</cmt>
      </trkpt>
      <trkpt lat="47.359425" lon="8.563543">
        <ele>419</ele>
        <time>2024-09-24T04:00:45Z</time>
        <cmt>speed: 1.9</cmt>
      </trkpt>
      <trkpt lat="47.359269" lon="8.564064">
        <ele>505</ele>
        <time>2024-09-24T04:20:49Z</time>
        <cmt>speed: 1.3</cmt>
      </trkpt>
      <trkpt lat="47.359269" lon="8.564064">
        <ele>505</ele>
        <time>2024-09-24T04:30:50Z</time>
      </trkpt>
      <trkpt lat="47.359746" lon="8.564051">
        <ele>456</ele>
        <time>2024-09-24T04:30:51Z</time>
        <cmt>speed: 1.2</cmt>
      </trkpt>
      <trkpt lat="47.359381" lon="8.563934">
        <ele>428</ele>
        <time>2024-09-24T04:40:31Z</time>
        <cmt>speed: 0.9</cmt>
      </trkpt>
      <trkpt lat="47.359381" lon="8.563934">
        <ele>428</ele>
        <time>2024-09-24T04:50:23Z</time>
      </trkpt>
      <trkpt lat="47.358878" lon="8.560848">
        <ele>463</ele>
        <time>2024-09-24T04:50:24Z</time>
        <cmt>speed: 0.6</cmt>
      </trkpt>
      <trkpt lat="47.358427" lon="8.56096">
        <ele>396</ele>
        <time>2024-09-24T05:00:24Z</time>
        <cmt>speed: 0.8</cmt>
      </trkpt>
      <trkpt lat="47.358427" lon="8.56096">
        <ele>396</ele>
        <time>2024-09-24T05:10:26Z</time>
      </trkpt>
      <trkpt lat="47.358607" lon="8.561043">
        <ele>426</ele>
        <time>2024-09-24T05:10:27Z</time>
        <cmt>speed: 0.0</cmt>
      </trkpt>
      <trkpt lat="47.358541" lon="8.561333">
        <ele>444</ele>
        <time>2024-09-24T05:29:11Z</time>
        <cmt>speed: 0.6</cmt>
      </trkpt>
      <trkpt lat="47.358541" lon="8.561333">
        <ele>444</ele>
        <time>2024-09-24T05:39:11Z</time>
      </trkpt>
      <trkpt lat="47.358633" lon="8.561079">
        <ele>443</ele>
        <time>2024-09-24T05:39:12Z</time>
        <cmt>speed: 0.2</cmt>
      </trkpt>
      <trkpt lat="47.358633" lon="8.561079">
        <ele>443</ele>
        <time>2024-09-24T05:50:23Z</time>
      </trkpt>
      <trkpt lat="47.358973" lon="8.561309">
        <ele>392</ele>
        <time>2024-09-24T05:56:11Z</time>
        <cmt>speed: 1.5</cmt>
      </trkpt>
      <trkpt lat="47.358686" lon="8.561165">
        <ele>461</ele>
        <time>2024-09-24T06:05:29Z</time>
        <cmt>speed: 0.0</cmt>
      </trkpt>
      <trkpt lat="47.358686" lon="8.561165">
        <ele>461</ele>
        <time>2024-09-24T06:15:26Z</time>
      </trkpt>
      <trkpt lat="47.358569" lon="8.561136">
        <ele>464</ele>
        <time>2024-09-24T06:15:27Z</time>
        <cmt>speed: 0.4</cmt>
      </trkpt>
      <trkpt lat="47.358535" lon="8.561033">
        <ele>480</ele>
        <time>2024-09-24T06:25:41Z</time>
        <cmt>speed: 0.0</cmt>
      </trkpt>
      <trkpt lat="47.358627" lon="8.561457">
        <ele>428</ele>
        <time>2024-09-24T06:35:47Z</time>
        <cmt>speed: 2.2</cmt>
      </trkpt>
      <trkpt lat="47.358712" lon="8.561189">
        <ele>438</ele>
        <time>2024-09-24T06:47:29Z</time>
        <cmt>speed: 0.0</cmt>
      </trkpt>
      <trkpt lat="47.358294" lon="8.561749">
        <ele>461</ele>
        <time>2024-09-24T06:57:24Z</time>
        <cmt>speed: 0.2</cmt>
      </trkpt>
      <trkpt lat="47.359016" lon="8.562039">
        <ele>446</ele>
        <time>2024-09-24T07:07:24Z</time>
        <cmt>speed: 2.0</cmt>
      </trkpt>
      <trkpt lat="47.359016" lon="8.562039">
        <ele>446</ele>
        <time>2024-09-24T07:17:23Z</time>
      </trkpt>
      <trkpt lat="47.359188" lon="8.561601">
        <ele>475</ele>
        <time>2024-09-24T07:17:24Z</time>
        <cmt>speed: 0.9</cmt>
      </trkpt>
      <trkpt lat="47.359076" lon="8.561774">
        <ele>432</ele>
        <time>2024-09-24T07:27:27Z</time>
        <cmt>speed: 4.0</cmt>
      </trkpt>
      <trkpt lat="47.359076" lon="8.561774">
        <ele>432</ele>
        <time>2024-09-24T07:37:29Z</time>
      </trkpt>
      <trkpt lat="47.358339" lon="8.559816">
        <ele>400</ele>
        <time>2024-09-24T07:37:30Z</time>
        <cmt>speed: 0.4</cmt>
      </trkpt>
      <trkpt lat="47.359339" lon="8.560863">
        <ele>379</ele>
        <time>2024-09-24T07:47:39Z</time>
        <cmt>speed: 0.3</cmt>
      </trkpt>
      <trkpt lat="47.359339" lon="8.560863">
        <ele>379</ele>
        <time>2024-09-24T07:57:25Z</time>
      </trkpt>
      <trkpt lat="47.359747" lon="8.560309">
        <ele>478</ele>
        <time>2024-09-24T07:57:26Z</time>
        <cmt>speed: 0.0</cmt>
      </trkpt>
      <trkpt lat="47.359303" lon="8.560408">
        <ele>427</ele>
        <time>2024-09-24T08:17:26Z</time>
        <cmt>speed: 0.6</cmt>
      </trkpt>
      <trkpt lat="47.359229" lon="8.56041">
        <ele>415</ele>
        <time>2024-09-24T08:27:27Z</time>
        <cmt>speed: 0.3</cmt>
      </trkpt>
      <trkpt lat="47.359229" lon="8.56041">
        <ele>415</ele>
        <time>2024-09-24T08:37:26Z</time>
      </trkpt>
      <trkpt lat="47.358972" lon="8.560002">
        <ele>452</ele>
        <time>2024-09-24T08:37:27Z</time>
        <cmt>speed: 0.7</cmt>
      </trkpt>
      <trkpt lat="47.359059" lon="8.560635">
        <ele>451</ele>
        <time>2024-09-24T08:47:28Z</time>
        <cmt>speed: 0.5</cmt>
      </trkpt>
      <trkpt lat="47.359059" lon="8.560635">
        <ele>451</ele>
        <time>2024-09-24T08:57:32Z</time>
      </trkpt>
      <trkpt lat="47.358973" lon="8.561448">
        <ele>442</ele>
        <time>2024-09-24T08:57:33Z</time>
        <cmt>speed: 0.0</cmt>
      </trkpt>
      <trkpt lat="47.358949" lon="8.56122">
        <ele>418</ele>
        <time>2024-09-24T09:07:54Z</time>
        <cmt>speed: 0.8</cmt>
      </trkpt>
      <trkpt lat="47.358949" lon="8.56122">
        <ele>418</ele>
        <time>2024-09-24T09:10:23Z</time>
      </trkpt>
      <trkpt lat="47.358813" lon="8.56122">
        <ele>456</ele>
        <time>2024-09-24T09:17:54Z</time>
        <cmt>speed: 0.7</cmt>
      </trkpt>
      <trkpt lat="47.359045" lon="8.56127">
        <ele>448</ele>
        <time>2024-09-24T09:47:35Z</time>
        <cmt>speed: 0.0</cmt>
      </trkpt>
      <trkpt lat="47.359045" lon="8.56127">
        <ele>448</ele>
        <time>2024-09-24T09:50:23Z</time>
      </trkpt>
      <trkpt lat="47.359045" lon="8.56127">
        <ele>448</ele>
        <time>2024-09-24T10:51:02Z</time>
      </trkpt>
      <trkpt lat="47.358898" lon="8.561135">
        <ele>424</ele>
        <time>2024-09-24T10:51:04Z</time>
        <cmt>speed: 0.2</cmt>
      </trkpt>
      <trkpt lat="47.359119" lon="8.561745">
        <ele>409</ele>
        <time>2024-09-24T11:01:15Z</time>
        <cmt>speed: 0.4</cmt>
      </trkpt>
      <trkpt lat="47.359119" lon="8.561745">
        <ele>409</ele>
        <time>2024-09-24T11:10:23Z</time>
      </trkpt>
      <trkpt lat="47.358843" lon="8.561059">
        <ele>436</ele>
        <time>2024-09-24T11:11:55Z</time>
        <cmt>speed: 0.0</cmt>
      </trkpt>
      <trkpt lat="47.358856" lon="8.561117">
        <ele>445</ele>
        <time>2024-09-24T11:21:42Z</time>
        <cmt>speed: 0.4</cmt>
      </trkpt>
      <trkpt lat="47.358856" lon="8.561117">
        <ele>445</ele>
        <time>2024-09-24T11:51:51Z</time>
      </trkpt>
      <trkpt lat="47.358827" lon="8.560969">
        <ele>466</ele>
        <time>2024-09-24T11:51:53Z</time>
        <cmt>speed: 0.7</cmt>
      </trkpt>
      <trkpt lat="47.358894" lon="8.561375">
        <ele>432</ele>
        <time>2024-09-24T12:21:44Z</time>
        <cmt>speed: 0.1</cmt>
      </trkpt>
      <trkpt lat="47.358894" lon="8.561375">
        <ele>432</ele>
        <time>2024-09-24T12:31:45Z</time>
      </trkpt>
      <trkpt lat="47.358686" lon="8.561088">
        <ele>421</ele>
        <time>2024-09-24T12:31:47Z</time>
        <cmt>speed: 0.4</cmt>
      </trkpt>
      <trkpt lat="47.358871" lon="8.561287">
        <ele>461</ele>
        <time>2024-09-24T12:43:08Z</time>
        <cmt>speed: 0.1</cmt>
      </trkpt>
      <trkpt lat="47.358871" lon="8.561287">
        <ele>461</ele>
        <time>2024-09-24T12:50:23Z</time>
      </trkpt>
      <trkpt lat="47.359093" lon="8.561146">
        <ele>419</ele>
        <time>2024-09-24T12:53:43Z</time>
        <cmt>speed: 0.4</cmt>
      </trkpt>
      <trkpt lat="47.358921" lon="8.561166">
        <ele>443</ele>
        <time>2024-09-24T13:03:43Z</time>
        <cmt>speed: 0.3</cmt>
      </trkpt>
      <trkpt lat="47.358921" lon="8.561166">
        <ele>443</ele>
        <time>2024-09-24T13:13:38Z</time>
      </trkpt>
      <trkpt lat="47.358897" lon="8.560951">
        <ele>441</ele>
        <time>2024-09-24T13:13:40Z</time>
        <cmt>speed: 0.7</cmt>
      </trkpt>
      <trkpt lat="47.358594" lon="8.561293">
        <ele>444</ele>
        <time>2024-09-24T13:23:43Z</time>
        <cmt>speed: 0.3</cmt>
      </trkpt>
      <trkpt lat="47.358345" lon="8.560352">
        <ele>445</ele>
        <time>2024-09-24T13:33:42Z</time>
        <cmt>speed: 1.8</cmt>
      </trkpt>
      <trkpt lat="47.357785" lon="8.559118">
        <ele>456</ele>
        <time>2024-09-24T13:43:42Z</time>
        <cmt>speed: 0.2</cmt>
      </trkpt>
      <trkpt lat="47.358077" lon="8.561083">
        <ele>455</ele>
        <time>2024-09-24T13:53:44Z</time>
        <cmt>speed: 0.9</cmt>
      </trkpt>
      <trkpt lat="47.35918" lon="8.561514">
        <ele>444</ele>
        <time>2024-09-24T14:03:42Z</time>
        <cmt>speed: 0.4</cmt>
      </trkpt>
      <trkpt lat="47.35918" lon="8.561514">
        <ele>444</ele>
        <time>2024-09-24T14:13:43Z</time>
      </trkpt>
      <trkpt lat="47.359273" lon="8.562046">
        <ele>427</ele>
        <time>2024-09-24T14:13:45Z</time>
        <cmt>speed: 0.0</cmt>
      </trkpt>
      <trkpt lat="47.359331" lon="8.561712">
        <ele>463</ele>
        <time>2024-09-24T14:23:43Z</time>
        <cmt>speed: 0.4</cmt>
      </trkpt>
      <trkpt lat="47.359331" lon="8.561712">
        <ele>463</ele>
        <time>2024-09-24T14:34:26Z</time>
      </trkpt>
      <trkpt lat="47.359284" lon="8.56192">
        <ele>461</ele>
        <time>2024-09-24T14:34:28Z</time>
        <cmt>speed: 0.4</cmt>
      </trkpt>
      <trkpt lat="47.359294" lon="8.56177">
        <ele>453</ele>
        <time>2024-09-24T14:54:18Z</time>
        <cmt>speed: 0.0</cmt>
      </trkpt>
      <trkpt lat="47.359253" lon="8.56176">
        <ele>461</ele>
        <time>2024-09-24T15:03:47Z</time>
        <cmt>speed: 1.8</cmt>
      </trkpt>
      <trkpt lat="47.359253" lon="8.56176">
        <ele>461</ele>
        <time>2024-09-24T15:13:40Z</time>
      </trkpt>
      <trkpt lat="47.359323" lon="8.561788">
        <ele>460</ele>
        <time>2024-09-24T15:13:42Z</time>
        <cmt>speed: 0.2</cmt>
      </trkpt>
      <trkpt lat="47.3592" lon="8.562247">
        <ele>433</ele>
        <time>2024-09-24T15:23:42Z</time>
        <cmt>speed: 0.2</cmt>
      </trkpt>
      <trkpt lat="47.358956" lon="8.562802">
        <ele>453</ele>
        <time>2024-09-24T15:33:40Z</time>
        <cmt>speed: 0.7</cmt>
      </trkpt>
      <trkpt lat="47.359936" lon="8.563883">
        <ele>453</ele>
        <time>2024-09-24T15:43:43Z</time>
        <cmt>speed: 0.5</cmt>
      </trkpt>
      <trkpt lat="47.359974" lon="8.56367">
        <ele>434</ele>
        <time>2024-09-24T15:49:03Z</time>
      </trkpt>
      <trkpt lat="47.359959" lon="8.563643">
        <ele>434</ele>
        <time>2024-09-24T16:04:03Z</time>
      </trkpt>
      <trkpt lat="47.359959" lon="8.563643">
        <ele>434</ele>
        <time>2024-09-25T04:04:01Z</time>
      </trkpt>
      <trkpt lat="47.359959" lon="8.563643">
        <ele>434</ele>
        <time>2024-09-25T16:04:20Z</time>
      </trkpt>
      <trkpt lat="47.359625" lon="8.56384">
        <ele>480</ele>
        <time>2024-09-25T18:08:16Z</time>
        <cmt>speed: 0.6</cmt>
      </trkpt>
      <trkpt lat="47.358828" lon="8.562823">
        <ele>411</ele>
        <time>2024-09-25T18:28:04Z</time>
        <cmt>speed: 0.2</cmt>
      </trkpt>
      <trkpt lat="47.358538" lon="8.562299">
        <ele>428</ele>
        <time>2024-09-25T18:48:05Z</time>
        <cmt>speed: 2.0</cmt>
      </trkpt>
      <trkpt lat="47.359052" lon="8.561682">
        <ele>451</ele>
        <time>2024-09-25T18:58:14Z</time>
        <cmt>speed: 0.7</cmt>
      </trkpt>
      <trkpt lat="47.359052" lon="8.561682">
        <ele>451</ele>
        <time>2024-09-25T19:08:02Z</time>
      </trkpt>
      <trkpt lat="47.359093" lon="8.561875">
        <ele>411</ele>
        <time>2024-09-25T19:08:09Z</time>
        <cmt>speed: 0.4</cmt>
      </trkpt>
      <trkpt lat="47.359537" lon="8.561478">
        <ele>403</ele>
        <time>2024-09-25T19:18:21Z</time>
        <cmt>speed: 0.8</cmt>
      </trkpt>
      <trkpt lat="47.35966" lon="8.561243">
        <ele>485</ele>
        <time>2024-09-25T19:28:13Z</time>
        <cmt>speed: 0.1</cmt>
      </trkpt>
      <trkpt lat="47.359921" lon="8.561691">
        <ele>401</ele>
        <time>2024-09-25T19:38:09Z</time>
        <cmt>speed: 1.1</cmt>
      </trkpt>
      <trkpt lat="47.360019" lon="8.561043">
        <ele>451</ele>
        <time>2024-09-25T19:58:16Z</time>
        <cmt>speed: 0.0</cmt>
      </trkpt>
      <trkpt lat="47.360019" lon="8.561043">
        <ele>451</ele>
        <time>2024-09-25T20:08:06Z</time>
      </trkpt>
      <trkpt lat="47.359937" lon="8.561175">
        <ele>487</ele>
        <time>2024-09-25T20:08:13Z</time>
        <cmt>speed: 0.0</cmt>
      </trkpt>
      <trkpt lat="47.360031" lon="8.561011">
        <ele>435</ele>
        <time>2024-09-25T20:18:11Z</time>
        <cmt>speed: 0.0</cmt>
      </trkpt>
      <trkpt lat="47.360031" lon="8.561011">
        <ele>435</ele>
        <time>2024-09-25T20:28:04Z</time>
      </trkpt>
      <trkpt lat="47.359714" lon="8.560775">
        <ele>458</ele>
        <time>2024-09-25T20:28:11Z</time>
        <cmt>speed: 0.3</cmt>
      </trkpt>
      <trkpt lat="47.359995" lon="8.560575">
        <ele>374</ele>
        <time>2024-09-25T20:38:10Z</time>
        <cmt>speed: 0.3</cmt>
      </trkpt>
      <trkpt lat="47.359995" lon="8.560575">
        <ele>374</ele>
        <time>2024-09-25T20:47:58Z</time>
      </trkpt>
      <trkpt lat="47.359987" lon="8.560115">
        <ele>429</ele>
        <time>2024-09-25T21:02:43Z</time>
        <cmt>speed: 0.0</cmt>
      </trkpt>
      <trkpt lat="47.360336" lon="8.561157">
        <ele>439</ele>
        <time>2024-09-25T21:12:40Z</time>
        <cmt>speed: 1.4</cmt>
      </trkpt>
      <trkpt lat="47.360181" lon="8.561258">
        <ele>407</ele>
        <time>2024-09-25T21:22:45Z</time>
        <cmt>speed: 0.7</cmt>
      </trkpt>
      <trkpt lat="47.360203" lon="8.56126">
        <ele>427</ele>
        <time>2024-09-25T21:32:41Z</time>
        <cmt>speed: 1.8</cmt>
      </trkpt>
      <trkpt lat="47.359836" lon="8.562567">
        <ele>447</ele>
        <time>2024-09-25T21:42:45Z</time>
        <cmt>speed: 0.1</cmt>
      </trkpt>
      <trkpt lat="47.359921" lon="8.56287">
        <ele>463</ele>
        <time>2024-09-25T21:52:44Z</time>
        <cmt>speed: 0.1</cmt>
      </trkpt>
      <trkpt lat="47.359741" lon="8.562517">
        <ele>465</ele>
        <time>2024-09-25T22:02:42Z</time>
        <cmt>speed: 0.8</cmt>
      </trkpt>
      <trkpt lat="47.358896" lon="8.561729">
        <ele>427</ele>
        <time>2024-09-25T22:12:43Z</time>
        <cmt>speed: 0.3</cmt>
      </trkpt>
      <trkpt lat="47.358686" lon="8.562072">
        <ele>466</ele>
        <time>2024-09-25T22:22:47Z</time>
        <cmt>speed: 0.7</cmt>
      </trkpt>
      <trkpt lat="47.358686" lon="8.562072">
        <ele>466</ele>
        <time>2024-09-25T22:32:42Z</time>
      </trkpt>
      <trkpt lat="47.358698" lon="8.561707">
        <ele>423</ele>
        <time>2024-09-25T22:32:49Z</time>
        <cmt>speed: 0.8</cmt>
      </trkpt>
      <trkpt lat="47.358742" lon="8.561973">
        <ele>436</ele>
        <time>2024-09-25T22:42:50Z</time>
        <cmt>speed: 0.0</cmt>
      </trkpt>
      <trkpt lat="47.358742" lon="8.561973">
        <ele>436</ele>
        <time>2024-09-25T22:47:58Z</time>
      </trkpt>
      <trkpt lat="47.3586" lon="8.562267">
        <ele>441</ele>
        <time>2024-09-25T22:53:12Z</time>
        <cmt>speed: 0.0</cmt>
      </trkpt>
      <trkpt lat="47.359136" lon="8.561339">
        <ele>465</ele>
        <time>2024-09-25T23:02:51Z</time>
        <cmt>speed: 0.1</cmt>
      </trkpt>
      <trkpt lat="47.359133" lon="8.561243">
        <ele>478</ele>
        <time>2024-09-25T23:12:53Z</time>
        <cmt>speed: 0.4</cmt>
      </trkpt>
      <trkpt lat="47.36027" lon="8.561773">
        <ele>437</ele>
        <time>2024-09-26T00:03:19Z</time>
        <cmt>speed: 0.3</cmt>
      </trkpt>
      <trkpt lat="47.36027" lon="8.561773">
        <ele>437</ele>
        <time>2024-09-26T00:07:58Z</time>
      </trkpt>
      <trkpt lat="47.36027" lon="8.561773">
        <ele>437</ele>
        <time>2024-09-26T01:30:08Z</time>
      </trkpt>
      <trkpt lat="47.360463" lon="8.56218">
        <ele>400</ele>
        <time>2024-09-26T01:30:16Z</time>
        <cmt>speed: 0.3</cmt>
      </trkpt>
      <trkpt lat="47.360463" lon="8.56218">
        <ele>400</ele>
        <time>2024-09-26T02:48:18Z</time>
      </trkpt>
      <trkpt lat="47.360083" lon="8.561926">
        <ele>444</ele>
        <time>2024-09-26T02:48:26Z</time>
        <cmt>speed: 1.7</cmt>
      </trkpt>
      <trkpt lat="47.360083" lon="8.561926">
        <ele>444</ele>
        <time>2024-09-26T03:08:29Z</time>
      </trkpt>
      <trkpt lat="47.360209" lon="8.562128">
        <ele>431</ele>
        <time>2024-09-26T03:08:37Z</time>
        <cmt>speed: 1.4</cmt>
      </trkpt>
      <trkpt lat="47.360178" lon="8.562092">
        <ele>449</ele>
        <time>2024-09-26T03:18:04Z</time>
        <cmt>speed: 0.2</cmt>
      </trkpt>
      <trkpt lat="47.360199" lon="8.562045">
        <ele>434</ele>
        <time>2024-09-26T04:15:21Z</time>
        <cmt>speed: 2.2</cmt>
      </trkpt>
      <trkpt lat="47.360062" lon="8.562054">
        <ele>468</ele>
        <time>2024-09-26T04:24:43Z</time>
        <cmt>speed: 0.8</cmt>
      </trkpt>
      <trkpt lat="47.358534" lon="8.561257">
        <ele>433</ele>
        <time>2024-09-26T04:34:38Z</time>
        <cmt>speed: 0.2</cmt>
      </trkpt>
      <trkpt lat="47.35891" lon="8.561222">
        <ele>482</ele>
        <time>2024-09-26T04:44:38Z</time>
        <cmt>speed: 0.6</cmt>
      </trkpt>
      <trkpt lat="47.35891" lon="8.561222">
        <ele>482</ele>
        <time>2024-09-26T04:54:29Z</time>
      </trkpt>
      <trkpt lat="47.358639" lon="8.561225">
        <ele>423</ele>
        <time>2024-09-26T04:54:38Z</time>
        <cmt>speed: 0.0</cmt>
      </trkpt>
      <trkpt lat="47.35858" lon="8.561191">
        <ele>420</ele>
        <time>2024-09-26T05:04:38Z</time>
        <cmt>speed: 0.3</cmt>
      </trkpt>
      <trkpt lat="47.35858" lon="8.561191">
        <ele>420</ele>
        <time>2024-09-26T05:10:27Z</time>
      </trkpt>
      <trkpt lat="47.358787" lon="8.561212">
        <ele>401</ele>
        <time>2024-09-26T05:14:37Z</time>
        <cmt>speed: 0.0</cmt>
      </trkpt>
      <trkpt lat="47.358705" lon="8.56121">
        <ele>422</ele>
        <time>2024-09-26T05:24:38Z</time>
        <cmt>speed: 0.2</cmt>
      </trkpt>
      <trkpt lat="47.358705" lon="8.56121">
        <ele>422</ele>
        <time>2024-09-26T05:30:27Z</time>
      </trkpt>
      <trkpt lat="47.358573" lon="8.561335">
        <ele>427</ele>
        <time>2024-09-26T05:35:15Z</time>
        <cmt>speed: 0.3</cmt>
      </trkpt>
      <trkpt lat="47.358564" lon="8.56117">
        <ele>414</ele>
        <time>2024-09-26T05:45:10Z</time>
        <cmt>speed: 0.0</cmt>
      </trkpt>
      <trkpt lat="47.358564" lon="8.56117">
        <ele>414</ele>
        <time>2024-09-26T05:55:03Z</time>
      </trkpt>
      <trkpt lat="47.35864" lon="8.561164">
        <ele>395</ele>
        <time>2024-09-26T05:55:12Z</time>
        <cmt>speed: 0.1</cmt>
      </trkpt>
      <trkpt lat="47.358655" lon="8.561288">
        <ele>409</ele>
        <time>2024-09-26T06:05:13Z</time>
        <cmt>speed: 0.3</cmt>
      </trkpt>
      <trkpt lat="47.358655" lon="8.561288">
        <ele>409</ele>
        <time>2024-09-26T06:10:27Z</time>
      </trkpt>
      <trkpt lat="47.358661" lon="8.56112">
        <ele>426</ele>
        <time>2024-09-26T06:15:10Z</time>
        <cmt>speed: 0.1</cmt>
      </trkpt>
      <trkpt lat="47.358622" lon="8.561198">
        <ele>446</ele>
        <time>2024-09-26T06:25:10Z</time>
        <cmt>speed: 1.0</cmt>
      </trkpt>
      <trkpt lat="47.358622" lon="8.561198">
        <ele>446</ele>
        <time>2024-09-26T06:30:27Z</time>
      </trkpt>
      <trkpt lat="47.358917" lon="8.56128">
        <ele>466</ele>
        <time>2024-09-26T06:35:14Z</time>
        <cmt>speed: 0.2</cmt>
      </trkpt>
      <trkpt lat="47.358817" lon="8.561266">
        <ele>461</ele>
        <time>2024-09-26T06:45:12Z</time>
        <cmt>speed: 0.0</cmt>
      </trkpt>
      <trkpt lat="47.358817" lon="8.561266">
        <ele>461</ele>
        <time>2024-09-26T06:55:03Z</time>
      </trkpt>
      <trkpt lat="47.358655" lon="8.561116">
        <ele>422</ele>
        <time>2024-09-26T06:55:12Z</time>
        <cmt>speed: 0.0</cmt>
      </trkpt>
      <trkpt lat="47.35855" lon="8.561025">
        <ele>426</ele>
        <time>2024-09-26T07:05:13Z</time>
        <cmt>speed: 0.0</cmt>
      </trkpt>
      <trkpt lat="47.358679" lon="8.561156">
        <ele>409</ele>
        <time>2024-09-26T07:25:12Z</time>
        <cmt>speed: 0.1</cmt>
      </trkpt>
      <trkpt lat="47.358679" lon="8.561156">
        <ele>409</ele>
        <time>2024-09-26T07:30:27Z</time>
      </trkpt>
      <trkpt lat="47.358788" lon="8.560613">
        <ele>375</ele>
        <time>2024-09-26T07:36:23Z</time>
        <cmt>speed: 1.5</cmt>
      </trkpt>
      <trkpt lat="47.358626" lon="8.561167">
        <ele>457</ele>
        <time>2024-09-26T07:46:17Z</time>
        <cmt>speed: 0.0</cmt>
      </trkpt>
      <trkpt lat="47.358626" lon="8.561167">
        <ele>457</ele>
        <time>2024-09-26T07:56:09Z</time>
      </trkpt>
      <trkpt lat="47.358628" lon="8.561111">
        <ele>428</ele>
        <time>2024-09-26T07:56:18Z</time>
        <cmt>speed: 0.1</cmt>
      </trkpt>
      <trkpt lat="47.358735" lon="8.560922">
        <ele>399</ele>
        <time>2024-09-26T08:06:17Z</time>
        <cmt>speed: 0.2</cmt>
      </trkpt>
      <trkpt lat="47.358735" lon="8.560922">
        <ele>399</ele>
        <time>2024-09-26T08:10:27Z</time>
      </trkpt>
      <trkpt lat="47.358648" lon="8.561059">
        <ele>394</ele>
        <time>2024-09-26T08:16:18Z</time>
        <cmt>speed: 0.2</cmt>
      </trkpt>
      <trkpt lat="47.359021" lon="8.561733">
        <ele>405</ele>
        <time>2024-09-26T08:26:16Z</time>
        <cmt>speed: 5.1</cmt>
      </trkpt>
      <trkpt lat="47.35917" lon="8.561512">
        <ele>417</ele>
        <time>2024-09-26T08:36:18Z</time>
        <cmt>speed: 1.1</cmt>
      </trkpt>
      <trkpt lat="47.360185" lon="8.563586">
        <ele>443</ele>
        <time>2024-09-26T08:46:48Z</time>
        <cmt>speed: 0.6</cmt>
      </trkpt>
      <trkpt lat="47.359959" lon="8.563643">
        <ele>434</ele>
        <time>2024-09-26T08:56:26Z</time>
      </trkpt>
      <trkpt lat="47.359959" lon="8.563643">
        <ele>434</ele>
        <time>2024-09-26T09:11:26Z</time>
      </trkpt>
      <trkpt lat="47.359959" lon="8.563643">
        <ele>434</ele>
        <time>2024-09-26T21:11:24Z</time>
      </trkpt>
      <trkpt lat="47.359959" lon="8.563643">
        <ele>434</ele>
        <time>2024-09-27T09:11:55Z</time>
      </trkpt>
      <trkpt lat="47.360089" lon="8.563154">
        <ele>420</ele>
        <time>2024-09-27T11:14:16Z</time>
        <cmt>speed: 0.1</cmt>
      </trkpt>
      <trkpt lat="47.36103" lon="8.561308">
        <ele>410</ele>
        <time>2024-09-27T11:24:14Z</time>
        <cmt>speed: 0.1</cmt>
      </trkpt>
      <trkpt lat="47.359722" lon="8.560726">
        <ele>376</ele>
        <time>2024-09-27T11:34:02Z</time>
        <cmt>speed: 1.1</cmt>
      </trkpt>
      <trkpt lat="47.360145" lon="8.560899">
        <ele>420</ele>
        <time>2024-09-27T11:44:04Z</time>
        <cmt>speed: 1.0</cmt>
      </trkpt>
      <trkpt lat="47.360145" lon="8.560899">
        <ele>420</ele>
        <time>2024-09-27T11:54:04Z</time>
      </trkpt>
      <trkpt lat="47.360236" lon="8.560809">
        <ele>380</ele>
        <time>2024-09-27T11:54:05Z</time>
        <cmt>speed: 0.5</cmt>
      </trkpt>
      <trkpt lat="47.360236" lon="8.560809">
        <ele>380</ele>
        <time>2024-09-27T12:14:12Z</time>
      </trkpt>
      <trkpt lat="47.35998" lon="8.561051">
        <ele>399</ele>
        <time>2024-09-27T12:14:14Z</time>
        <cmt>speed: 0.0</cmt>
      </trkpt>
      <trkpt lat="47.360251" lon="8.560964">
        <ele>409</ele>
        <time>2024-09-27T12:24:09Z</time>
        <cmt>speed: 0.0</cmt>
      </trkpt>
      <trkpt lat="47.360251" lon="8.560964">
        <ele>409</ele>
        <time>2024-09-27T12:34:05Z</time>
      </trkpt>
      <trkpt lat="47.360469" lon="8.560982">
        <ele>416</ele>
        <time>2024-09-27T12:34:07Z</time>
        <cmt>speed: 0.2</cmt>
      </trkpt>
      <trkpt lat="47.359892" lon="8.560893">
        <ele>453</ele>
        <time>2024-09-27T12:44:15Z</time>
        <cmt>speed: 0.0</cmt>
      </trkpt>
      <trkpt lat="47.359892" lon="8.560893">
        <ele>453</ele>
        <time>2024-09-27T12:54:10Z</time>
      </trkpt>
      <trkpt lat="47.359924" lon="8.561">
        <ele>420</ele>
        <time>2024-09-27T12:54:12Z</time>
        <cmt>speed: 0.4</cmt>
      </trkpt>
      <trkpt lat="47.359538" lon="8.56107">
        <ele>472</ele>
        <time>2024-09-27T13:04:11Z</time>
        <cmt>speed: 0.2</cmt>
      </trkpt>
      <trkpt lat="47.359538" lon="8.56107">
        <ele>472</ele>
        <time>2024-09-27T13:14:07Z</time>
      </trkpt>
      <trkpt lat="47.359889" lon="8.561196">
        <ele>463</ele>
        <time>2024-09-27T13:14:08Z</time>
        <cmt>speed: 0.2</cmt>
      </trkpt>
      <trkpt lat="47.360239" lon="8.561879">
        <ele>452</ele>
        <time>2024-09-27T13:24:08Z</time>
        <cmt>speed: 0.4</cmt>
      </trkpt>
      <trkpt lat="47.359974" lon="8.56367">
        <ele>434</ele>
        <time>2024-09-27T13:34:59Z</time>
      </trkpt>
      <trkpt lat="47.359959" lon="8.563643">
        <ele>434</ele>
        <time>2024-09-27T13:49:59Z</time>
      </trkpt>
      <trkpt lat="47.359838" lon="8.563214">
        <ele>424</ele>
        <time>2024-09-27T15:33:03Z</time>
        <cmt>speed: 0.0</cmt>
      </trkpt>
      <trkpt lat="47.360118" lon="8.563101">
        <ele>409</ele>
        <time>2024-09-27T15:42:53Z</time>
        <cmt>speed: 0.1</cmt>
      </trkpt>
      <trkpt lat="47.359959" lon="8.563643">
        <ele>434</ele>
        <time>2024-09-27T15:45:17Z</time>
      </trkpt>
      <trkpt lat="47.359959" lon="8.563643">
        <ele>434</ele>
        <time>2024-09-27T16:00:17Z</time>
      </trkpt>
      <trkpt lat="47.359959" lon="8.563643">
        <ele>434</ele>
        <time>2024-09-28T04:00:15Z</time>
      </trkpt>
      <trkpt lat="47.359959" lon="8.563643">
        <ele>434</ele>
        <time>2024-09-28T16:00:34Z</time>
      </trkpt>
      <trkpt lat="47.359959" lon="8.563643">
        <ele>434</ele>
        <time>2024-09-29T04:00:52Z</time>
      </trkpt>
      <trkpt lat="47.359959" lon="8.563643">
        <ele>434</ele>
        <time>2024-09-29T16:01:11Z</time>
      </trkpt>
    </trkseg>
  </trk>
</gpx>
