<?xml version="1.0"?>
<gpx creator="Tractive GeoData Util" version="1.1" xmlns="http://www.topografix.com/GPX/1/1" xmlns:xsi="http://www.w3.org/2001/XMLSchema-instance" xsi:schemaLocation="http://www.topografix.com/GPX/1/1 http://www.topografix.com/GPX/1/1/gpx.xsd">
  <metadata>
    <link href="https://tractive.com">
      <text>Generated by Tractive Platform Service</text>
    </link>
  </metadata>
  <trk>
    <name>Tracker UDQAWWIU, 2024-07-01T05:30:42+00:00 2024-07-30T21:57:08+00:00</name>
    <trkseg>
      <trkpt lat="47.359959" lon="8.563643">
        <ele>434</ele>
        <time>2024-07-01T05:30:42Z</time>
      </trkpt>
      <trkpt lat="47.359959" lon="8.563643">
        <ele>434</ele>
        <time>2024-07-01T05:40:47Z</time>
      </trkpt>
      <trkpt lat="47.359959" lon="8.563643">
        <ele>434</ele>
        <time>2024-07-01T05:50:47Z</time>
      </trkpt>
      <trkpt lat="47.359959" lon="8.563643">
        <ele>434</ele>
        <time>2024-07-01T06:00:47Z</time>
      </trkpt>
      <trkpt lat="47.359959" lon="8.563643">
        <ele>434</ele>
        <time>2024-07-01T06:10:47Z</time>
      </trkpt>
      <trkpt lat="47.359959" lon="8.563643">
        <ele>434</ele>
        <time>2024-07-01T06:20:47Z</time>
      </trkpt>
      <trkpt lat="47.359959" lon="8.563643">
        <ele>434</ele>
        <time>2024-07-01T06:30:47Z</time>
      </trkpt>
      <trkpt lat="47.359959" lon="8.563643">
        <ele>434</ele>
        <time>2024-07-01T06:40:47Z</time>
      </trkpt>
      <trkpt lat="47.359959" lon="8.563643">
        <ele>434</ele>
        <time>2024-07-01T06:50:47Z</time>
      </trkpt>
      <trkpt lat="47.359959" lon="8.563643">
        <ele>434</ele>
        <time>2024-07-01T07:00:47Z</time>
      </trkpt>
      <trkpt lat="47.359959" lon="8.563643">
        <ele>434</ele>
        <time>2024-07-01T07:10:47Z</time>
      </trkpt>
      <trkpt lat="47.359959" lon="8.563643">
        <ele>434</ele>
        <time>2024-07-01T07:20:47Z</time>
      </trkpt>
      <trkpt lat="47.359959" lon="8.563643">
        <ele>434</ele>
        <time>2024-07-01T07:29:30Z</time>
      </trkpt>
      <trkpt lat="47.359959" lon="8.563643">
        <ele>434</ele>
        <time>2024-07-01T07:39:30Z</time>
      </trkpt>
      <trkpt lat="47.359959" lon="8.563643">
        <ele>434</ele>
        <time>2024-07-01T07:49:30Z</time>
      </trkpt>
      <trkpt lat="47.359959" lon="8.563643">
        <ele>434</ele>
        <time>2024-07-01T07:59:30Z</time>
      </trkpt>
      <trkpt lat="47.359959" lon="8.563643">
        <ele>434</ele>
        <time>2024-07-01T08:09:30Z</time>
      </trkpt>
      <trkpt lat="47.359959" lon="8.563643">
        <ele>434</ele>
        <time>2024-07-01T08:19:30Z</time>
      </trkpt>
      <trkpt lat="47.359959" lon="8.563643">
        <ele>434</ele>
        <time>2024-07-01T08:29:30Z</time>
      </trkpt>
      <trkpt lat="47.359959" lon="8.563643">
        <ele>434</ele>
        <time>2024-07-01T08:39:30Z</time>
      </trkpt>
      <trkpt lat="47.359959" lon="8.563643">
        <ele>434</ele>
        <time>2024-07-01T08:49:30Z</time>
      </trkpt>
      <trkpt lat="47.359959" lon="8.563643">
        <ele>434</ele>
        <time>2024-07-01T08:59:30Z</time>
      </trkpt>
      <trkpt lat="47.359959" lon="8.563643">
        <ele>434</ele>
        <time>2024-07-01T09:09:30Z</time>
      </trkpt>
      <trkpt lat="47.359959" lon="8.563643">
        <ele>434</ele>
        <time>2024-07-01T09:19:30Z</time>
      </trkpt>
      <trkpt lat="47.359959" lon="8.563643">
        <ele>434</ele>
        <time>2024-07-01T09:29:30Z</time>
      </trkpt>
      <trkpt lat="47.359959" lon="8.563643">
        <ele>434</ele>
        <time>2024-07-01T09:39:30Z</time>
      </trkpt>
      <trkpt lat="47.359959" lon="8.563643">
        <ele>434</ele>
        <time>2024-07-01T09:49:30Z</time>
      </trkpt>
      <trkpt lat="47.359959" lon="8.563643">
        <ele>434</ele>
        <time>2024-07-01T09:59:30Z</time>
      </trkpt>
      <trkpt lat="47.359959" lon="8.563643">
        <ele>434</ele>
        <time>2024-07-01T10:09:30Z</time>
      </trkpt>
      <trkpt lat="47.359959" lon="8.563643">
        <ele>434</ele>
        <time>2024-07-01T10:19:30Z</time>
      </trkpt>
      <trkpt lat="47.359959" lon="8.563643">
        <ele>434</ele>
        <time>2024-07-01T10:29:30Z</time>
      </trkpt>
      <trkpt lat="47.359959" lon="8.563643">
        <ele>434</ele>
        <time>2024-07-01T10:39:30Z</time>
      </trkpt>
      <trkpt lat="47.359959" lon="8.563643">
        <ele>434</ele>
        <time>2024-07-01T10:49:30Z</time>
      </trkpt>
      <trkpt lat="47.359959" lon="8.563643">
        <ele>434</ele>
        <time>2024-07-01T10:59:30Z</time>
      </trkpt>
      <trkpt lat="47.359959" lon="8.563643">
        <ele>434</ele>
        <time>2024-07-01T11:09:30Z</time>
      </trkpt>
      <trkpt lat="47.359959" lon="8.563643">
        <ele>434</ele>
        <time>2024-07-01T11:16:21Z</time>
      </trkpt>
      <trkpt lat="47.3597" lon="8.564154">
        <ele>394</ele>
        <time>2024-07-01T11:24:16Z</time>
        <cmt>speed: 0.5</cmt>
      </trkpt>
      <trkpt lat="47.360044" lon="8.562691">
        <ele>438</ele>
        <time>2024-07-01T11:34:29Z</time>
        <cmt>speed: 0.7</cmt>
      </trkpt>
      <trkpt lat="47.360094" lon="8.561059">
        <ele>438</ele>
        <time>2024-07-01T11:44:06Z</time>
        <cmt>speed: 2.3</cmt>
      </trkpt>
      <trkpt lat="47.359929" lon="8.560562">
        <ele>443</ele>
        <time>2024-07-01T11:54:09Z</time>
        <cmt>speed: 1.1</cmt>
      </trkpt>
      <trkpt lat="47.35979" lon="8.560513">
        <ele>420</ele>
        <time>2024-07-01T12:04:11Z</time>
        <cmt>speed: 0.4</cmt>
      </trkpt>
      <trkpt lat="47.359019" lon="8.560403">
        <ele>446</ele>
        <time>2024-07-01T12:14:10Z</time>
        <cmt>speed: 0.3</cmt>
      </trkpt>
      <trkpt lat="47.358666" lon="8.560261">
        <ele>450</ele>
        <time>2024-07-01T12:24:09Z</time>
        <cmt>speed: 0.1</cmt>
      </trkpt>
      <trkpt lat="47.358195" lon="8.560639">
        <ele>425</ele>
        <time>2024-07-01T12:34:11Z</time>
        <cmt>speed: 0.1</cmt>
      </trkpt>
      <trkpt lat="47.358407" lon="8.56126">
        <ele>432</ele>
        <time>2024-07-01T12:54:10Z</time>
        <cmt>speed: 2.7</cmt>
      </trkpt>
      <trkpt lat="47.357549" lon="8.561215">
        <ele>433</ele>
        <time>2024-07-01T13:04:06Z</time>
        <cmt>speed: 0.1</cmt>
      </trkpt>
      <trkpt lat="47.357369" lon="8.561555">
        <ele>439</ele>
        <time>2024-07-01T13:14:14Z</time>
        <cmt>speed: 5.8</cmt>
      </trkpt>
      <trkpt lat="47.358188" lon="8.562267">
        <ele>420</ele>
        <time>2024-07-01T13:24:22Z</time>
        <cmt>speed: 1.3</cmt>
      </trkpt>
      <trkpt lat="47.358188" lon="8.562267">
        <ele>420</ele>
        <time>2024-07-01T13:24:22Z</time>
      </trkpt>
      <trkpt lat="47.35787" lon="8.56262">
        <ele>442</ele>
        <time>2024-07-01T14:14:11Z</time>
        <cmt>speed: 9.2</cmt>
      </trkpt>
      <trkpt lat="47.357871" lon="8.562302">
        <ele>461</ele>
        <time>2024-07-01T14:24:10Z</time>
        <cmt>speed: 14.3</cmt>
      </trkpt>
      <trkpt lat="47.357871" lon="8.562302">
        <ele>461</ele>
        <time>2024-07-01T14:24:10Z</time>
      </trkpt>
      <trkpt lat="47.358108" lon="8.56278">
        <ele>450</ele>
        <time>2024-07-01T14:34:06Z</time>
        <cmt>speed: 0.0</cmt>
      </trkpt>
      <trkpt lat="47.358107" lon="8.562587">
        <ele>440</ele>
        <time>2024-07-01T14:44:10Z</time>
        <cmt>speed: 0.2</cmt>
      </trkpt>
      <trkpt lat="47.358107" lon="8.562587">
        <ele>440</ele>
        <time>2024-07-01T14:44:10Z</time>
      </trkpt>
      <trkpt lat="47.357895" lon="8.56283">
        <ele>442</ele>
        <time>2024-07-01T14:54:14Z</time>
        <cmt>speed: 0.2</cmt>
      </trkpt>
      <trkpt lat="47.358829" lon="8.562879">
        <ele>473</ele>
        <time>2024-07-01T15:14:06Z</time>
        <cmt>speed: 0.4</cmt>
      </trkpt>
      <trkpt lat="47.358279" lon="8.563529">
        <ele>464</ele>
        <time>2024-07-01T15:24:06Z</time>
        <cmt>speed: 0.7</cmt>
      </trkpt>
      <trkpt lat="47.357645" lon="8.564182">
        <ele>489</ele>
        <time>2024-07-01T15:34:07Z</time>
        <cmt>speed: 0.2</cmt>
      </trkpt>
      <trkpt lat="47.357465" lon="8.564507">
        <ele>460</ele>
        <time>2024-07-01T15:44:06Z</time>
        <cmt>speed: 0.0</cmt>
      </trkpt>
      <trkpt lat="47.357465" lon="8.564507">
        <ele>460</ele>
        <time>2024-07-01T15:44:06Z</time>
      </trkpt>
      <trkpt lat="47.357441" lon="8.564459">
        <ele>473</ele>
        <time>2024-07-01T15:54:08Z</time>
        <cmt>speed: 1.7</cmt>
      </trkpt>
      <trkpt lat="47.357348" lon="8.563353">
        <ele>473</ele>
        <time>2024-07-01T16:04:12Z</time>
        <cmt>speed: 1.2</cmt>
      </trkpt>
      <trkpt lat="47.357639" lon="8.562131">
        <ele>452</ele>
        <time>2024-07-01T16:14:24Z</time>
        <cmt>speed: 0.7</cmt>
      </trkpt>
      <trkpt lat="47.359186" lon="8.561556">
        <ele>418</ele>
        <time>2024-07-01T16:24:09Z</time>
        <cmt>speed: 1.1</cmt>
      </trkpt>
      <trkpt lat="47.359974" lon="8.56367">
        <ele>434</ele>
        <time>2024-07-01T16:32:25Z</time>
      </trkpt>
      <trkpt lat="47.359974" lon="8.56367">
        <ele>434</ele>
        <time>2024-07-01T16:47:25Z</time>
      </trkpt>
      <trkpt lat="47.359978" lon="8.56371">
        <ele>479</ele>
        <time>2024-07-01T18:47:45Z</time>
        <cmt>speed: 1.7</cmt>
      </trkpt>
      <trkpt lat="47.359113" lon="8.562185">
        <ele>432</ele>
        <time>2024-07-01T18:57:37Z</time>
        <cmt>speed: 0.0</cmt>
      </trkpt>
      <trkpt lat="47.358633" lon="8.562371">
        <ele>460</ele>
        <time>2024-07-01T19:07:37Z</time>
        <cmt>speed: 0.4</cmt>
      </trkpt>
      <trkpt lat="47.358959" lon="8.561481">
        <ele>434</ele>
        <time>2024-07-01T19:17:38Z</time>
        <cmt>speed: 0.1</cmt>
      </trkpt>
      <trkpt lat="47.358716" lon="8.563025">
        <ele>437</ele>
        <time>2024-07-01T19:27:37Z</time>
        <cmt>speed: 0.6</cmt>
      </trkpt>
      <trkpt lat="47.357559" lon="8.562461">
        <ele>479</ele>
        <time>2024-07-01T19:37:39Z</time>
        <cmt>speed: 0.0</cmt>
      </trkpt>
      <trkpt lat="47.357176" lon="8.561464">
        <ele>375</ele>
        <time>2024-07-01T19:47:38Z</time>
        <cmt>speed: 0.3</cmt>
      </trkpt>
      <trkpt lat="47.356889" lon="8.560715">
        <ele>399</ele>
        <time>2024-07-01T19:57:41Z</time>
        <cmt>speed: 0.0</cmt>
      </trkpt>
      <trkpt lat="47.356889" lon="8.560715">
        <ele>399</ele>
        <time>2024-07-01T20:07:37Z</time>
      </trkpt>
      <trkpt lat="47.357377" lon="8.560222">
        <ele>417</ele>
        <time>2024-07-01T20:07:38Z</time>
        <cmt>speed: 0.0</cmt>
      </trkpt>
      <trkpt lat="47.358396" lon="8.56007">
        <ele>453</ele>
        <time>2024-07-01T20:17:38Z</time>
        <cmt>speed: 0.0</cmt>
      </trkpt>
      <trkpt lat="47.358974" lon="8.561617">
        <ele>441</ele>
        <time>2024-07-01T20:27:39Z</time>
        <cmt>speed: 0.9</cmt>
      </trkpt>
      <trkpt lat="47.358373" lon="8.562246">
        <ele>464</ele>
        <time>2024-07-01T20:37:37Z</time>
        <cmt>speed: 1.2</cmt>
      </trkpt>
      <trkpt lat="47.357586" lon="8.562307">
        <ele>458</ele>
        <time>2024-07-01T20:47:38Z</time>
        <cmt>speed: 1.0</cmt>
      </trkpt>
      <trkpt lat="47.357828" lon="8.561049">
        <ele>460</ele>
        <time>2024-07-01T20:57:38Z</time>
        <cmt>speed: 0.4</cmt>
      </trkpt>
      <trkpt lat="47.357941" lon="8.560823">
        <ele>457</ele>
        <time>2024-07-01T21:07:48Z</time>
        <cmt>speed: 0.6</cmt>
      </trkpt>
      <trkpt lat="47.358339" lon="8.559839">
        <ele>409</ele>
        <time>2024-07-01T21:17:39Z</time>
        <cmt>speed: 1.2</cmt>
      </trkpt>
      <trkpt lat="47.359149" lon="8.559056">
        <ele>439</ele>
        <time>2024-07-01T21:27:40Z</time>
        <cmt>speed: 0.1</cmt>
      </trkpt>
      <trkpt lat="47.359478" lon="8.560651">
        <ele>427</ele>
        <time>2024-07-01T21:37:55Z</time>
        <cmt>speed: 0.3</cmt>
      </trkpt>
      <trkpt lat="47.359478" lon="8.560651">
        <ele>427</ele>
        <time>2024-07-01T21:47:36Z</time>
      </trkpt>
      <trkpt lat="47.357729" lon="8.562694">
        <ele>407</ele>
        <time>2024-07-01T21:47:37Z</time>
        <cmt>speed: 0.4</cmt>
      </trkpt>
      <trkpt lat="47.35842" lon="8.560836">
        <ele>459</ele>
        <time>2024-07-01T21:57:43Z</time>
        <cmt>speed: 0.1</cmt>
      </trkpt>
      <trkpt lat="47.35842" lon="8.560836">
        <ele>459</ele>
        <time>2024-07-01T22:07:45Z</time>
      </trkpt>
      <trkpt lat="47.358279" lon="8.562485">
        <ele>457</ele>
        <time>2024-07-01T22:07:46Z</time>
        <cmt>speed: 0.6</cmt>
      </trkpt>
      <trkpt lat="47.358239" lon="8.562513">
        <ele>436</ele>
        <time>2024-07-01T22:17:39Z</time>
        <cmt>speed: 0.1</cmt>
      </trkpt>
      <trkpt lat="47.358239" lon="8.562513">
        <ele>436</ele>
        <time>2024-07-01T22:27:36Z</time>
      </trkpt>
      <trkpt lat="47.358132" lon="8.562335">
        <ele>475</ele>
        <time>2024-07-01T22:30:29Z</time>
        <cmt>speed: 0.1</cmt>
      </trkpt>
      <trkpt lat="47.358121" lon="8.562514">
        <ele>409</ele>
        <time>2024-07-01T22:40:27Z</time>
        <cmt>speed: 0.0</cmt>
      </trkpt>
      <trkpt lat="47.358243" lon="8.562529">
        <ele>432</ele>
        <time>2024-07-01T23:00:24Z</time>
        <cmt>speed: 0.1</cmt>
      </trkpt>
      <trkpt lat="47.358243" lon="8.562529">
        <ele>432</ele>
        <time>2024-07-01T23:10:24Z</time>
      </trkpt>
      <trkpt lat="47.359196" lon="8.561306">
        <ele>426</ele>
        <time>2024-07-01T23:10:25Z</time>
        <cmt>speed: 0.2</cmt>
      </trkpt>
      <trkpt lat="47.358783" lon="8.564739">
        <ele>454</ele>
        <time>2024-07-01T23:20:25Z</time>
        <cmt>speed: 0.2</cmt>
      </trkpt>
      <trkpt lat="47.35885" lon="8.565378">
        <ele>449</ele>
        <time>2024-07-01T23:30:24Z</time>
        <cmt>speed: 0.6</cmt>
      </trkpt>
      <trkpt lat="47.358555" lon="8.567108">
        <ele>433</ele>
        <time>2024-07-01T23:40:28Z</time>
        <cmt>speed: 0.4</cmt>
      </trkpt>
      <trkpt lat="47.358841" lon="8.56604">
        <ele>433</ele>
        <time>2024-07-01T23:50:24Z</time>
        <cmt>speed: 0.6</cmt>
      </trkpt>
      <trkpt lat="47.359229" lon="8.56385">
        <ele>452</ele>
        <time>2024-07-02T00:00:26Z</time>
        <cmt>speed: 0.0</cmt>
      </trkpt>
      <trkpt lat="47.357275" lon="8.562634">
        <ele>438</ele>
        <time>2024-07-02T00:20:27Z</time>
        <cmt>speed: 0.3</cmt>
      </trkpt>
      <trkpt lat="47.357611" lon="8.562365">
        <ele>461</ele>
        <time>2024-07-02T00:30:31Z</time>
        <cmt>speed: 0.5</cmt>
      </trkpt>
      <trkpt lat="47.357726" lon="8.561813">
        <ele>476</ele>
        <time>2024-07-02T00:40:25Z</time>
        <cmt>speed: 1.0</cmt>
      </trkpt>
      <trkpt lat="47.35818" lon="8.561011">
        <ele>440</ele>
        <time>2024-07-02T00:50:26Z</time>
        <cmt>speed: 0.7</cmt>
      </trkpt>
      <trkpt lat="47.358831" lon="8.560561">
        <ele>461</ele>
        <time>2024-07-02T01:00:28Z</time>
        <cmt>speed: 0.1</cmt>
      </trkpt>
      <trkpt lat="47.359813" lon="8.559986">
        <ele>447</ele>
        <time>2024-07-02T01:10:42Z</time>
        <cmt>speed: 0.4</cmt>
      </trkpt>
      <trkpt lat="47.359607" lon="8.560045">
        <ele>445</ele>
        <time>2024-07-02T01:51:03Z</time>
        <cmt>speed: 0.1</cmt>
      </trkpt>
      <trkpt lat="47.359607" lon="8.560045">
        <ele>445</ele>
        <time>2024-07-02T02:11:09Z</time>
      </trkpt>
      <trkpt lat="47.359702" lon="8.559875">
        <ele>415</ele>
        <time>2024-07-02T02:11:11Z</time>
        <cmt>speed: 0.0</cmt>
      </trkpt>
      <trkpt lat="47.35951" lon="8.559999">
        <ele>404</ele>
        <time>2024-07-02T02:21:55Z</time>
        <cmt>speed: 0.7</cmt>
      </trkpt>
      <trkpt lat="47.359699" lon="8.559722">
        <ele>430</ele>
        <time>2024-07-02T02:41:28Z</time>
        <cmt>speed: 0.2</cmt>
      </trkpt>
      <trkpt lat="47.358678" lon="8.559576">
        <ele>450</ele>
        <time>2024-07-02T02:51:21Z</time>
        <cmt>speed: 3.0</cmt>
      </trkpt>
      <trkpt lat="47.357669" lon="8.561258">
        <ele>461</ele>
        <time>2024-07-02T03:01:23Z</time>
        <cmt>speed: 0.0</cmt>
      </trkpt>
      <trkpt lat="47.357465" lon="8.561823">
        <ele>439</ele>
        <time>2024-07-02T03:11:23Z</time>
        <cmt>speed: 2.7</cmt>
      </trkpt>
      <trkpt lat="47.357579" lon="8.563206">
        <ele>458</ele>
        <time>2024-07-02T03:21:23Z</time>
        <cmt>speed: 0.4</cmt>
      </trkpt>
      <trkpt lat="47.357638" lon="8.563842">
        <ele>437</ele>
        <time>2024-07-02T03:31:22Z</time>
        <cmt>speed: 0.0</cmt>
      </trkpt>
      <trkpt lat="47.35788" lon="8.563902">
        <ele>451</ele>
        <time>2024-07-02T03:41:20Z</time>
        <cmt>speed: 0.3</cmt>
      </trkpt>
      <trkpt lat="47.35788" lon="8.563902">
        <ele>451</ele>
        <time>2024-07-02T03:51:19Z</time>
      </trkpt>
      <trkpt lat="47.357667" lon="8.563927">
        <ele>455</ele>
        <time>2024-07-02T03:51:21Z</time>
        <cmt>speed: 1.1</cmt>
      </trkpt>
      <trkpt lat="47.357871" lon="8.563915">
        <ele>436</ele>
        <time>2024-07-02T04:01:21Z</time>
        <cmt>speed: 1.6</cmt>
      </trkpt>
      <trkpt lat="47.35742" lon="8.563837">
        <ele>455</ele>
        <time>2024-07-02T04:11:23Z</time>
        <cmt>speed: 0.9</cmt>
      </trkpt>
      <trkpt lat="47.357518" lon="8.563981">
        <ele>464</ele>
        <time>2024-07-02T04:21:21Z</time>
        <cmt>speed: 0.9</cmt>
      </trkpt>
      <trkpt lat="47.357629" lon="8.564139">
        <ele>481</ele>
        <time>2024-07-02T04:31:20Z</time>
        <cmt>speed: 1.8</cmt>
      </trkpt>
      <trkpt lat="47.357365" lon="8.564636">
        <ele>458</ele>
        <time>2024-07-02T04:41:21Z</time>
        <cmt>speed: 0.5</cmt>
      </trkpt>
      <trkpt lat="47.357365" lon="8.564636">
        <ele>458</ele>
        <time>2024-07-02T04:51:20Z</time>
      </trkpt>
      <trkpt lat="47.357532" lon="8.564699">
        <ele>467</ele>
        <time>2024-07-02T04:51:22Z</time>
        <cmt>speed: 0.0</cmt>
      </trkpt>
      <trkpt lat="47.357121" lon="8.56475">
        <ele>454</ele>
        <time>2024-07-02T05:01:21Z</time>
        <cmt>speed: 0.0</cmt>
      </trkpt>
      <trkpt lat="47.35739" lon="8.564851">
        <ele>435</ele>
        <time>2024-07-02T05:11:21Z</time>
        <cmt>speed: 1.3</cmt>
      </trkpt>
      <trkpt lat="47.357802" lon="8.563932">
        <ele>458</ele>
        <time>2024-07-02T05:21:23Z</time>
        <cmt>speed: 0.3</cmt>
      </trkpt>
      <trkpt lat="47.358329" lon="8.562112">
        <ele>463</ele>
        <time>2024-07-02T05:31:22Z</time>
        <cmt>speed: 2.8</cmt>
      </trkpt>
      <trkpt lat="47.358303" lon="8.561396">
        <ele>440</ele>
        <time>2024-07-02T05:41:22Z</time>
        <cmt>speed: 0.7</cmt>
      </trkpt>
      <trkpt lat="47.358303" lon="8.561396">
        <ele>440</ele>
        <time>2024-07-02T05:51:22Z</time>
      </trkpt>
      <trkpt lat="47.358798" lon="8.561069">
        <ele>476</ele>
        <time>2024-07-02T05:51:25Z</time>
        <cmt>speed: 0.2</cmt>
      </trkpt>
      <trkpt lat="47.35872" lon="8.560855">
        <ele>462</ele>
        <time>2024-07-02T06:41:28Z</time>
        <cmt>speed: 7.5</cmt>
      </trkpt>
      <trkpt lat="47.35872" lon="8.560855">
        <ele>462</ele>
        <time>2024-07-02T06:51:22Z</time>
      </trkpt>
      <trkpt lat="47.358562" lon="8.560828">
        <ele>455</ele>
        <time>2024-07-02T06:51:25Z</time>
        <cmt>speed: 0.1</cmt>
      </trkpt>
      <trkpt lat="47.358562" lon="8.560828">
        <ele>455</ele>
        <time>2024-07-02T07:11:20Z</time>
      </trkpt>
      <trkpt lat="47.358275" lon="8.560961">
        <ele>437</ele>
        <time>2024-07-02T07:11:22Z</time>
        <cmt>speed: 0.0</cmt>
      </trkpt>
      <trkpt lat="47.358542" lon="8.56126">
        <ele>393</ele>
        <time>2024-07-02T07:21:25Z</time>
        <cmt>speed: 0.2</cmt>
      </trkpt>
      <trkpt lat="47.358617" lon="8.560815">
        <ele>381</ele>
        <time>2024-07-02T07:31:32Z</time>
        <cmt>speed: 0.9</cmt>
      </trkpt>
      <trkpt lat="47.358475" lon="8.560946">
        <ele>431</ele>
        <time>2024-07-02T07:41:30Z</time>
        <cmt>speed: 0.0</cmt>
      </trkpt>
      <trkpt lat="47.358488" lon="8.560793">
        <ele>370</ele>
        <time>2024-07-02T07:51:24Z</time>
        <cmt>speed: 0.2</cmt>
      </trkpt>
      <trkpt lat="47.357711" lon="8.559884">
        <ele>425</ele>
        <time>2024-07-02T08:01:24Z</time>
        <cmt>speed: 0.7</cmt>
      </trkpt>
      <trkpt lat="47.358048" lon="8.560527">
        <ele>466</ele>
        <time>2024-07-02T08:21:27Z</time>
        <cmt>speed: 3.2</cmt>
      </trkpt>
      <trkpt lat="47.358048" lon="8.560527">
        <ele>466</ele>
        <time>2024-07-02T08:31:20Z</time>
      </trkpt>
      <trkpt lat="47.357978" lon="8.560454">
        <ele>451</ele>
        <time>2024-07-02T08:31:23Z</time>
        <cmt>speed: 1.1</cmt>
      </trkpt>
      <trkpt lat="47.358084" lon="8.560572">
        <ele>463</ele>
        <time>2024-07-02T08:44:14Z</time>
        <cmt>speed: 0.4</cmt>
      </trkpt>
      <trkpt lat="47.357784" lon="8.560906">
        <ele>452</ele>
        <time>2024-07-02T08:54:12Z</time>
        <cmt>speed: 0.8</cmt>
      </trkpt>
      <trkpt lat="47.35743" lon="8.561293">
        <ele>425</ele>
        <time>2024-07-02T09:04:16Z</time>
        <cmt>speed: 4.5</cmt>
      </trkpt>
      <trkpt lat="47.357613" lon="8.561134">
        <ele>437</ele>
        <time>2024-07-02T09:14:12Z</time>
        <cmt>speed: 0.5</cmt>
      </trkpt>
      <trkpt lat="47.357621" lon="8.560861">
        <ele>484</ele>
        <time>2024-07-02T09:24:10Z</time>
        <cmt>speed: 0.9</cmt>
      </trkpt>
      <trkpt lat="47.357524" lon="8.562237">
        <ele>446</ele>
        <time>2024-07-02T09:34:18Z</time>
        <cmt>speed: 1.2</cmt>
      </trkpt>
      <trkpt lat="47.35816" lon="8.562821">
        <ele>449</ele>
        <time>2024-07-02T09:44:10Z</time>
        <cmt>speed: 3.2</cmt>
      </trkpt>
      <trkpt lat="47.358501" lon="8.562889">
        <ele>443</ele>
        <time>2024-07-02T09:54:11Z</time>
        <cmt>speed: 0.6</cmt>
      </trkpt>
      <trkpt lat="47.358086" lon="8.5636">
        <ele>429</ele>
        <time>2024-07-02T10:04:10Z</time>
        <cmt>speed: 0.0</cmt>
      </trkpt>
      <trkpt lat="47.357617" lon="8.56384">
        <ele>453</ele>
        <time>2024-07-02T10:14:10Z</time>
        <cmt>speed: 0.0</cmt>
      </trkpt>
      <trkpt lat="47.357401" lon="8.564315">
        <ele>480</ele>
        <time>2024-07-02T10:24:11Z</time>
        <cmt>speed: 0.2</cmt>
      </trkpt>
      <trkpt lat="47.357593" lon="8.564708">
        <ele>478</ele>
        <time>2024-07-02T10:34:10Z</time>
        <cmt>speed: 0.3</cmt>
      </trkpt>
      <trkpt lat="47.357413" lon="8.564249">
        <ele>461</ele>
        <time>2024-07-02T10:44:10Z</time>
        <cmt>speed: 0.1</cmt>
      </trkpt>
      <trkpt lat="47.357451" lon="8.564097">
        <ele>456</ele>
        <time>2024-07-02T10:54:11Z</time>
        <cmt>speed: 0.3</cmt>
      </trkpt>
      <trkpt lat="47.35752" lon="8.564111">
        <ele>472</ele>
        <time>2024-07-02T11:04:54Z</time>
        <cmt>speed: 0.1</cmt>
      </trkpt>
      <trkpt lat="47.357573" lon="8.563186">
        <ele>445</ele>
        <time>2024-07-02T11:24:48Z</time>
        <cmt>speed: 0.0</cmt>
      </trkpt>
      <trkpt lat="47.357573" lon="8.563186">
        <ele>445</ele>
        <time>2024-07-02T11:27:45Z</time>
      </trkpt>
      <trkpt lat="47.357573" lon="8.563186">
        <ele>445</ele>
        <time>2024-07-02T12:34:29Z</time>
      </trkpt>
      <trkpt lat="47.357402" lon="8.563026">
        <ele>481</ele>
        <time>2024-07-02T12:34:32Z</time>
        <cmt>speed: 0.0</cmt>
      </trkpt>
      <trkpt lat="47.358351" lon="8.563141">
        <ele>461</ele>
        <time>2024-07-02T12:54:29Z</time>
        <cmt>speed: 0.0</cmt>
      </trkpt>
      <trkpt lat="47.358454" lon="8.563049">
        <ele>461</ele>
        <time>2024-07-02T13:04:11Z</time>
        <cmt>speed: 0.8</cmt>
      </trkpt>
      <trkpt lat="47.358485" lon="8.563414">
        <ele>463</ele>
        <time>2024-07-02T13:14:10Z</time>
        <cmt>speed: 0.7</cmt>
      </trkpt>
      <trkpt lat="47.357393" lon="8.564416">
        <ele>429</ele>
        <time>2024-07-02T13:24:12Z</time>
        <cmt>speed: 0.0</cmt>
      </trkpt>
      <trkpt lat="47.357231" lon="8.56465">
        <ele>499</ele>
        <time>2024-07-02T13:34:11Z</time>
        <cmt>speed: 0.1</cmt>
      </trkpt>
      <trkpt lat="47.357685" lon="8.56453">
        <ele>521</ele>
        <time>2024-07-02T13:44:10Z</time>
        <cmt>speed: 0.2</cmt>
      </trkpt>
      <trkpt lat="47.357452" lon="8.564251">
        <ele>481</ele>
        <time>2024-07-02T13:54:11Z</time>
        <cmt>speed: 0.1</cmt>
      </trkpt>
      <trkpt lat="47.357452" lon="8.564251">
        <ele>481</ele>
        <time>2024-07-02T13:54:11Z</time>
      </trkpt>
      <trkpt lat="47.35762" lon="8.564091">
        <ele>468</ele>
        <time>2024-07-02T14:04:10Z</time>
        <cmt>speed: 0.3</cmt>
      </trkpt>
      <trkpt lat="47.357604" lon="8.563994">
        <ele>467</ele>
        <time>2024-07-02T14:14:16Z</time>
        <cmt>speed: 0.1</cmt>
      </trkpt>
      <trkpt lat="47.357408" lon="8.564744">
        <ele>520</ele>
        <time>2024-07-02T14:24:12Z</time>
        <cmt>speed: 0.3</cmt>
      </trkpt>
      <trkpt lat="47.357416" lon="8.564091">
        <ele>469</ele>
        <time>2024-07-02T14:34:15Z</time>
        <cmt>speed: 0.1</cmt>
      </trkpt>
      <trkpt lat="47.357416" lon="8.564091">
        <ele>469</ele>
        <time>2024-07-02T14:34:15Z</time>
      </trkpt>
      <trkpt lat="47.357498" lon="8.563963">
        <ele>506</ele>
        <time>2024-07-02T14:44:15Z</time>
        <cmt>speed: 0.3</cmt>
      </trkpt>
      <trkpt lat="47.357498" lon="8.563963">
        <ele>506</ele>
        <time>2024-07-02T14:47:49Z</time>
      </trkpt>
      <trkpt lat="47.357454" lon="8.564038">
        <ele>427</ele>
        <time>2024-07-02T14:54:11Z</time>
        <cmt>speed: 0.6</cmt>
      </trkpt>
      <trkpt lat="47.357525" lon="8.56405">
        <ele>452</ele>
        <time>2024-07-02T15:04:32Z</time>
        <cmt>speed: 0.5</cmt>
      </trkpt>
      <trkpt lat="47.357364" lon="8.564173">
        <ele>484</ele>
        <time>2024-07-02T15:14:17Z</time>
        <cmt>speed: 0.3</cmt>
      </trkpt>
      <trkpt lat="47.357364" lon="8.564173">
        <ele>484</ele>
        <time>2024-07-02T15:14:17Z</time>
      </trkpt>
      <trkpt lat="47.35717" lon="8.564133">
        <ele>435</ele>
        <time>2024-07-02T15:24:15Z</time>
        <cmt>speed: 1.4</cmt>
      </trkpt>
      <trkpt lat="47.35717" lon="8.564133">
        <ele>435</ele>
        <time>2024-07-02T15:27:49Z</time>
      </trkpt>
      <trkpt lat="47.35737" lon="8.564111">
        <ele>471</ele>
        <time>2024-07-02T15:34:14Z</time>
        <cmt>speed: 0.1</cmt>
      </trkpt>
      <trkpt lat="47.357502" lon="8.564029">
        <ele>427</ele>
        <time>2024-07-02T15:44:12Z</time>
        <cmt>speed: 0.1</cmt>
      </trkpt>
      <trkpt lat="47.357581" lon="8.563985">
        <ele>398</ele>
        <time>2024-07-02T15:54:12Z</time>
        <cmt>speed: 0.0</cmt>
      </trkpt>
      <trkpt lat="47.357581" lon="8.563985">
        <ele>398</ele>
        <time>2024-07-02T15:54:12Z</time>
      </trkpt>
      <trkpt lat="47.357589" lon="8.563999">
        <ele>440</ele>
        <time>2024-07-02T16:04:14Z</time>
        <cmt>speed: 0.1</cmt>
      </trkpt>
      <trkpt lat="47.357466" lon="8.563967">
        <ele>463</ele>
        <time>2024-07-02T16:14:11Z</time>
      </trkpt>
      <trkpt lat="47.357466" lon="8.563967">
        <ele>463</ele>
        <time>2024-07-02T16:14:11Z</time>
        <cmt>speed: 1.5</cmt>
      </trkpt>
      <trkpt lat="47.357496" lon="8.563988">
        <ele>474</ele>
        <time>2024-07-02T16:24:12Z</time>
        <cmt>speed: 0.0</cmt>
      </trkpt>
      <trkpt lat="47.357496" lon="8.563988">
        <ele>474</ele>
        <time>2024-07-02T16:27:49Z</time>
      </trkpt>
      <trkpt lat="47.357504" lon="8.563927">
        <ele>473</ele>
        <time>2024-07-02T16:37:20Z</time>
        <cmt>speed: 0.2</cmt>
      </trkpt>
      <trkpt lat="47.357437" lon="8.563664">
        <ele>453</ele>
        <time>2024-07-02T16:47:21Z</time>
        <cmt>speed: 0.6</cmt>
      </trkpt>
      <trkpt lat="47.358124" lon="8.562065">
        <ele>423</ele>
        <time>2024-07-02T16:57:22Z</time>
        <cmt>speed: 0.6</cmt>
      </trkpt>
      <trkpt lat="47.358189" lon="8.560562">
        <ele>428</ele>
        <time>2024-07-02T17:07:25Z</time>
        <cmt>speed: 4.8</cmt>
      </trkpt>
      <trkpt lat="47.357985" lon="8.55985">
        <ele>440</ele>
        <time>2024-07-02T17:17:25Z</time>
        <cmt>speed: 0.5</cmt>
      </trkpt>
      <trkpt lat="47.359035" lon="8.560986">
        <ele>454</ele>
        <time>2024-07-02T17:27:27Z</time>
        <cmt>speed: 1.3</cmt>
      </trkpt>
      <trkpt lat="47.359944" lon="8.563315">
        <ele>439</ele>
        <time>2024-07-02T17:37:28Z</time>
        <cmt>speed: 0.6</cmt>
      </trkpt>
      <trkpt lat="47.359974" lon="8.56367">
        <ele>434</ele>
        <time>2024-07-02T17:40:07Z</time>
      </trkpt>
      <trkpt lat="47.359974" lon="8.56367">
        <ele>434</ele>
        <time>2024-07-02T17:55:07Z</time>
      </trkpt>
      <trkpt lat="47.359974" lon="8.56367">
        <ele>434</ele>
        <time>2024-07-03T05:55:05Z</time>
      </trkpt>
      <trkpt lat="47.359974" lon="8.56367">
        <ele>434</ele>
        <time>2024-07-03T17:55:24Z</time>
      </trkpt>
      <trkpt lat="47.359974" lon="8.56367">
        <ele>434</ele>
        <time>2024-07-04T01:31:31Z</time>
      </trkpt>
      <trkpt lat="47.359201" lon="8.563421">
        <ele>407</ele>
        <time>2024-07-04T01:32:13Z</time>
        <cmt>speed: 1.5</cmt>
      </trkpt>
      <trkpt lat="47.358645" lon="8.565518">
        <ele>457</ele>
        <time>2024-07-04T01:41:39Z</time>
        <cmt>speed: 0.8</cmt>
      </trkpt>
      <trkpt lat="47.358794" lon="8.565436">
        <ele>446</ele>
        <time>2024-07-04T01:51:40Z</time>
        <cmt>speed: 0.2</cmt>
      </trkpt>
      <trkpt lat="47.358804" lon="8.565739">
        <ele>432</ele>
        <time>2024-07-04T02:01:40Z</time>
        <cmt>speed: 0.1</cmt>
      </trkpt>
      <trkpt lat="47.35844" lon="8.565921">
        <ele>449</ele>
        <time>2024-07-04T02:11:39Z</time>
        <cmt>speed: 0.4</cmt>
      </trkpt>
      <trkpt lat="47.358722" lon="8.565993">
        <ele>458</ele>
        <time>2024-07-04T02:21:38Z</time>
        <cmt>speed: 0.3</cmt>
      </trkpt>
      <trkpt lat="47.358722" lon="8.565993">
        <ele>458</ele>
        <time>2024-07-04T02:31:34Z</time>
      </trkpt>
      <trkpt lat="47.358408" lon="8.566106">
        <ele>457</ele>
        <time>2024-07-04T02:31:39Z</time>
        <cmt>speed: 0.5</cmt>
      </trkpt>
      <trkpt lat="47.358293" lon="8.565954">
        <ele>461</ele>
        <time>2024-07-04T02:41:39Z</time>
        <cmt>speed: 0.4</cmt>
      </trkpt>
      <trkpt lat="47.359334" lon="8.562179">
        <ele>443</ele>
        <time>2024-07-04T02:51:38Z</time>
        <cmt>speed: 0.1</cmt>
      </trkpt>
      <trkpt lat="47.358464" lon="8.560249">
        <ele>457</ele>
        <time>2024-07-04T03:01:39Z</time>
        <cmt>speed: 1.6</cmt>
      </trkpt>
      <trkpt lat="47.357879" lon="8.560689">
        <ele>494</ele>
        <time>2024-07-04T03:11:40Z</time>
        <cmt>speed: 1.9</cmt>
      </trkpt>
      <trkpt lat="47.357748" lon="8.561099">
        <ele>466</ele>
        <time>2024-07-04T03:21:46Z</time>
        <cmt>speed: 0.1</cmt>
      </trkpt>
      <trkpt lat="47.357748" lon="8.561099">
        <ele>466</ele>
        <time>2024-07-04T03:31:37Z</time>
      </trkpt>
      <trkpt lat="47.357599" lon="8.561182">
        <ele>439</ele>
        <time>2024-07-04T03:31:43Z</time>
        <cmt>speed: 1.1</cmt>
      </trkpt>
      <trkpt lat="47.357267" lon="8.561879">
        <ele>451</ele>
        <time>2024-07-04T03:41:39Z</time>
        <cmt>speed: 0.8</cmt>
      </trkpt>
      <trkpt lat="47.357964" lon="8.562629">
        <ele>442</ele>
        <time>2024-07-04T03:51:39Z</time>
        <cmt>speed: 0.8</cmt>
      </trkpt>
      <trkpt lat="47.357913" lon="8.561574">
        <ele>434</ele>
        <time>2024-07-04T04:01:41Z</time>
        <cmt>speed: 0.1</cmt>
      </trkpt>
      <trkpt lat="47.357913" lon="8.561574">
        <ele>434</ele>
        <time>2024-07-04T04:11:34Z</time>
      </trkpt>
      <trkpt lat="47.35831" lon="8.56077">
        <ele>438</ele>
        <time>2024-07-04T04:11:40Z</time>
        <cmt>speed: 2.6</cmt>
      </trkpt>
      <trkpt lat="47.358646" lon="8.560686">
        <ele>449</ele>
        <time>2024-07-04T04:31:43Z</time>
        <cmt>speed: 0.2</cmt>
      </trkpt>
      <trkpt lat="47.358142" lon="8.56053">
        <ele>405</ele>
        <time>2024-07-04T04:41:42Z</time>
        <cmt>speed: 1.1</cmt>
      </trkpt>
      <trkpt lat="47.358142" lon="8.56053">
        <ele>405</ele>
        <time>2024-07-04T04:51:41Z</time>
      </trkpt>
      <trkpt lat="47.358057" lon="8.560512">
        <ele>507</ele>
        <time>2024-07-04T04:51:47Z</time>
        <cmt>speed: 0.6</cmt>
      </trkpt>
      <trkpt lat="47.358038" lon="8.560362">
        <ele>468</ele>
        <time>2024-07-04T05:01:58Z</time>
        <cmt>speed: 0.8</cmt>
      </trkpt>
      <trkpt lat="47.358113" lon="8.560814">
        <ele>440</ele>
        <time>2024-07-04T05:11:46Z</time>
        <cmt>speed: 0.1</cmt>
      </trkpt>
      <trkpt lat="47.35788" lon="8.560371">
        <ele>486</ele>
        <time>2024-07-04T05:21:45Z</time>
        <cmt>speed: 1.7</cmt>
      </trkpt>
      <trkpt lat="47.357944" lon="8.560513">
        <ele>424</ele>
        <time>2024-07-04T05:41:48Z</time>
        <cmt>speed: 0.3</cmt>
      </trkpt>
      <trkpt lat="47.35795" lon="8.560571">
        <ele>467</ele>
        <time>2024-07-04T06:01:42Z</time>
        <cmt>speed: 0.1</cmt>
      </trkpt>
      <trkpt lat="47.358114" lon="8.563002">
        <ele>459</ele>
        <time>2024-07-04T06:21:42Z</time>
        <cmt>speed: 0.5</cmt>
      </trkpt>
      <trkpt lat="47.358114" lon="8.563002">
        <ele>459</ele>
        <time>2024-07-04T06:31:33Z</time>
      </trkpt>
      <trkpt lat="47.358068" lon="8.562992">
        <ele>480</ele>
        <time>2024-07-04T06:31:39Z</time>
        <cmt>speed: 0.6</cmt>
      </trkpt>
      <trkpt lat="47.357631" lon="8.563787">
        <ele>470</ele>
        <time>2024-07-04T06:41:39Z</time>
        <cmt>speed: 0.4</cmt>
      </trkpt>
      <trkpt lat="47.357846" lon="8.564554">
        <ele>437</ele>
        <time>2024-07-04T06:51:39Z</time>
        <cmt>speed: 1.6</cmt>
      </trkpt>
      <trkpt lat="47.357587" lon="8.564612">
        <ele>472</ele>
        <time>2024-07-04T07:01:39Z</time>
        <cmt>speed: 1.2</cmt>
      </trkpt>
      <trkpt lat="47.357682" lon="8.564291">
        <ele>461</ele>
        <time>2024-07-04T07:11:39Z</time>
        <cmt>speed: 0.6</cmt>
      </trkpt>
      <trkpt lat="47.357524" lon="8.56333">
        <ele>460</ele>
        <time>2024-07-04T07:21:39Z</time>
        <cmt>speed: 1.5</cmt>
      </trkpt>
      <trkpt lat="47.357524" lon="8.56333">
        <ele>460</ele>
        <time>2024-07-04T07:31:36Z</time>
      </trkpt>
      <trkpt lat="47.358245" lon="8.562432">
        <ele>482</ele>
        <time>2024-07-04T07:31:43Z</time>
        <cmt>speed: 0.7</cmt>
      </trkpt>
      <trkpt lat="47.359057" lon="8.560792">
        <ele>438</ele>
        <time>2024-07-04T07:41:43Z</time>
        <cmt>speed: 0.1</cmt>
      </trkpt>
      <trkpt lat="47.359294" lon="8.559688">
        <ele>448</ele>
        <time>2024-07-04T07:51:42Z</time>
        <cmt>speed: 0.3</cmt>
      </trkpt>
      <trkpt lat="47.357839" lon="8.560353">
        <ele>438</ele>
        <time>2024-07-04T08:01:45Z</time>
        <cmt>speed: 0.4</cmt>
      </trkpt>
      <trkpt lat="47.357839" lon="8.560353">
        <ele>438</ele>
        <time>2024-07-04T08:11:35Z</time>
      </trkpt>
      <trkpt lat="47.357723" lon="8.560237">
        <ele>431</ele>
        <time>2024-07-04T08:11:41Z</time>
        <cmt>speed: 0.1</cmt>
      </trkpt>
      <trkpt lat="47.357862" lon="8.560303">
        <ele>423</ele>
        <time>2024-07-04T08:21:47Z</time>
        <cmt>speed: 0.1</cmt>
      </trkpt>
      <trkpt lat="47.357862" lon="8.560303">
        <ele>423</ele>
        <time>2024-07-04T08:31:43Z</time>
      </trkpt>
      <trkpt lat="47.357733" lon="8.560317">
        <ele>447</ele>
        <time>2024-07-04T08:31:50Z</time>
        <cmt>speed: 0.6</cmt>
      </trkpt>
      <trkpt lat="47.357696" lon="8.559862">
        <ele>455</ele>
        <time>2024-07-04T08:41:44Z</time>
        <cmt>speed: 4.6</cmt>
      </trkpt>
      <trkpt lat="47.357696" lon="8.559862">
        <ele>455</ele>
        <time>2024-07-04T08:51:35Z</time>
      </trkpt>
      <trkpt lat="47.358019" lon="8.560358">
        <ele>456</ele>
        <time>2024-07-04T08:51:42Z</time>
        <cmt>speed: 0.4</cmt>
      </trkpt>
      <trkpt lat="47.357487" lon="8.562017">
        <ele>446</ele>
        <time>2024-07-04T09:01:41Z</time>
        <cmt>speed: 0.0</cmt>
      </trkpt>
      <trkpt lat="47.358023" lon="8.562964">
        <ele>440</ele>
        <time>2024-07-04T09:11:41Z</time>
        <cmt>speed: 0.1</cmt>
      </trkpt>
      <trkpt lat="47.35814" lon="8.563024">
        <ele>429</ele>
        <time>2024-07-04T09:21:41Z</time>
        <cmt>speed: 0.1</cmt>
      </trkpt>
      <trkpt lat="47.35814" lon="8.563024">
        <ele>429</ele>
        <time>2024-07-04T09:31:32Z</time>
      </trkpt>
      <trkpt lat="47.358078" lon="8.56303">
        <ele>447</ele>
        <time>2024-07-04T09:31:39Z</time>
        <cmt>speed: 0.6</cmt>
      </trkpt>
      <trkpt lat="47.358081" lon="8.5631">
        <ele>465</ele>
        <time>2024-07-04T09:41:40Z</time>
        <cmt>speed: 0.3</cmt>
      </trkpt>
      <trkpt lat="47.358329" lon="8.56447">
        <ele>462</ele>
        <time>2024-07-04T09:51:40Z</time>
        <cmt>speed: 0.4</cmt>
      </trkpt>
      <trkpt lat="47.358144" lon="8.564988">
        <ele>438</ele>
        <time>2024-07-04T10:01:50Z</time>
        <cmt>speed: 0.9</cmt>
      </trkpt>
      <trkpt lat="47.358303" lon="8.565124">
        <ele>477</ele>
        <time>2024-07-04T10:11:44Z</time>
        <cmt>speed: 0.3</cmt>
      </trkpt>
      <trkpt lat="47.358416" lon="8.564814">
        <ele>457</ele>
        <time>2024-07-04T10:21:40Z</time>
        <cmt>speed: 0.0</cmt>
      </trkpt>
      <trkpt lat="47.358416" lon="8.564814">
        <ele>457</ele>
        <time>2024-07-04T10:31:37Z</time>
      </trkpt>
      <trkpt lat="47.358778" lon="8.563933">
        <ele>464</ele>
        <time>2024-07-04T10:31:44Z</time>
        <cmt>speed: 0.1</cmt>
      </trkpt>
      <trkpt lat="47.358778" lon="8.563933">
        <ele>464</ele>
        <time>2024-07-04T10:51:52Z</time>
      </trkpt>
      <trkpt lat="47.358936" lon="8.563926">
        <ele>448</ele>
        <time>2024-07-04T10:51:59Z</time>
        <cmt>speed: 0.1</cmt>
      </trkpt>
      <trkpt lat="47.358936" lon="8.563926">
        <ele>448</ele>
        <time>2024-07-04T11:11:34Z</time>
      </trkpt>
      <trkpt lat="47.358331" lon="8.563809">
        <ele>455</ele>
        <time>2024-07-04T11:11:41Z</time>
        <cmt>speed: 0.0</cmt>
      </trkpt>
      <trkpt lat="47.357795" lon="8.563906">
        <ele>470</ele>
        <time>2024-07-04T11:21:41Z</time>
        <cmt>speed: 1.0</cmt>
      </trkpt>
      <trkpt lat="47.357134" lon="8.563577">
        <ele>475</ele>
        <time>2024-07-04T11:31:42Z</time>
        <cmt>speed: 1.0</cmt>
      </trkpt>
      <trkpt lat="47.357708" lon="8.564333">
        <ele>462</ele>
        <time>2024-07-04T11:41:41Z</time>
        <cmt>speed: 0.1</cmt>
      </trkpt>
      <trkpt lat="47.358075" lon="8.565666">
        <ele>464</ele>
        <time>2024-07-04T11:51:40Z</time>
        <cmt>speed: 0.5</cmt>
      </trkpt>
      <trkpt lat="47.358727" lon="8.565079">
        <ele>449</ele>
        <time>2024-07-04T12:01:52Z</time>
        <cmt>speed: 0.3</cmt>
      </trkpt>
      <trkpt lat="47.358727" lon="8.565079">
        <ele>449</ele>
        <time>2024-07-04T12:11:37Z</time>
      </trkpt>
      <trkpt lat="47.358679" lon="8.564993">
        <ele>438</ele>
        <time>2024-07-04T12:11:44Z</time>
        <cmt>speed: 0.1</cmt>
      </trkpt>
      <trkpt lat="47.358514" lon="8.564856">
        <ele>468</ele>
        <time>2024-07-04T12:21:56Z</time>
        <cmt>speed: 0.2</cmt>
      </trkpt>
      <trkpt lat="47.358514" lon="8.564856">
        <ele>468</ele>
        <time>2024-07-04T12:31:34Z</time>
      </trkpt>
      <trkpt lat="47.358668" lon="8.564942">
        <ele>452</ele>
        <time>2024-07-04T12:31:41Z</time>
        <cmt>speed: 0.0</cmt>
      </trkpt>
      <trkpt lat="47.358656" lon="8.56488">
        <ele>438</ele>
        <time>2024-07-04T12:41:41Z</time>
        <cmt>speed: 0.0</cmt>
      </trkpt>
      <trkpt lat="47.358656" lon="8.56488">
        <ele>438</ele>
        <time>2024-07-04T12:51:35Z</time>
      </trkpt>
      <trkpt lat="47.358544" lon="8.564832">
        <ele>461</ele>
        <time>2024-07-04T12:51:42Z</time>
        <cmt>speed: 0.0</cmt>
      </trkpt>
      <trkpt lat="47.358523" lon="8.564828">
        <ele>486</ele>
        <time>2024-07-04T13:01:41Z</time>
        <cmt>speed: 0.3</cmt>
      </trkpt>
      <trkpt lat="47.358523" lon="8.564828">
        <ele>486</ele>
        <time>2024-07-04T13:11:36Z</time>
      </trkpt>
      <trkpt lat="47.358645" lon="8.564755">
        <ele>457</ele>
        <time>2024-07-04T13:11:43Z</time>
        <cmt>speed: 0.0</cmt>
      </trkpt>
      <trkpt lat="47.358649" lon="8.565147">
        <ele>479</ele>
        <time>2024-07-04T13:21:40Z</time>
        <cmt>speed: 0.5</cmt>
      </trkpt>
      <trkpt lat="47.358649" lon="8.565147">
        <ele>479</ele>
        <time>2024-07-04T13:31:34Z</time>
      </trkpt>
      <trkpt lat="47.35861" lon="8.564986">
        <ele>465</ele>
        <time>2024-07-04T13:31:41Z</time>
        <cmt>speed: 0.0</cmt>
      </trkpt>
      <trkpt lat="47.35861" lon="8.565033">
        <ele>462</ele>
        <time>2024-07-04T13:41:41Z</time>
        <cmt>speed: 0.0</cmt>
      </trkpt>
      <trkpt lat="47.35861" lon="8.565033">
        <ele>462</ele>
        <time>2024-07-04T13:51:35Z</time>
      </trkpt>
      <trkpt lat="47.358632" lon="8.564906">
        <ele>452</ele>
        <time>2024-07-04T13:51:42Z</time>
        <cmt>speed: 0.1</cmt>
      </trkpt>
      <trkpt lat="47.358548" lon="8.564944">
        <ele>474</ele>
        <time>2024-07-04T14:01:44Z</time>
        <cmt>speed: 0.0</cmt>
      </trkpt>
      <trkpt lat="47.358548" lon="8.564944">
        <ele>474</ele>
        <time>2024-07-04T14:11:36Z</time>
      </trkpt>
      <trkpt lat="47.358431" lon="8.564909">
        <ele>463</ele>
        <time>2024-07-04T14:11:43Z</time>
        <cmt>speed: 0.3</cmt>
      </trkpt>
      <trkpt lat="47.358471" lon="8.563996">
        <ele>443</ele>
        <time>2024-07-04T14:21:41Z</time>
        <cmt>speed: 0.0</cmt>
      </trkpt>
      <trkpt lat="47.358686" lon="8.562818">
        <ele>408</ele>
        <time>2024-07-04T14:31:41Z</time>
        <cmt>speed: 0.2</cmt>
      </trkpt>
      <trkpt lat="47.358019" lon="8.562912">
        <ele>464</ele>
        <time>2024-07-04T14:41:45Z</time>
        <cmt>speed: 0.1</cmt>
      </trkpt>
      <trkpt lat="47.358019" lon="8.562912">
        <ele>464</ele>
        <time>2024-07-04T14:51:33Z</time>
      </trkpt>
      <trkpt lat="47.358213" lon="8.562868">
        <ele>444</ele>
        <time>2024-07-04T14:51:40Z</time>
        <cmt>speed: 0.1</cmt>
      </trkpt>
      <trkpt lat="47.358348" lon="8.562893">
        <ele>455</ele>
        <time>2024-07-04T15:01:41Z</time>
        <cmt>speed: 0.4</cmt>
      </trkpt>
      <trkpt lat="47.358692" lon="8.563073">
        <ele>412</ele>
        <time>2024-07-04T15:11:42Z</time>
        <cmt>speed: 0.2</cmt>
      </trkpt>
      <trkpt lat="47.358372" lon="8.562688">
        <ele>471</ele>
        <time>2024-07-04T15:21:40Z</time>
        <cmt>speed: 0.1</cmt>
      </trkpt>
      <trkpt lat="47.358372" lon="8.562688">
        <ele>471</ele>
        <time>2024-07-04T15:31:33Z</time>
      </trkpt>
      <trkpt lat="47.358593" lon="8.562522">
        <ele>425</ele>
        <time>2024-07-04T15:31:41Z</time>
        <cmt>speed: 1.5</cmt>
      </trkpt>
      <trkpt lat="47.358377" lon="8.562311">
        <ele>413</ele>
        <time>2024-07-04T15:41:41Z</time>
        <cmt>speed: 0.5</cmt>
      </trkpt>
      <trkpt lat="47.358377" lon="8.562311">
        <ele>413</ele>
        <time>2024-07-04T15:51:41Z</time>
      </trkpt>
      <trkpt lat="47.357848" lon="8.562818">
        <ele>436</ele>
        <time>2024-07-04T15:51:49Z</time>
        <cmt>speed: 0.8</cmt>
      </trkpt>
      <trkpt lat="47.357582" lon="8.564248">
        <ele>450</ele>
        <time>2024-07-04T16:01:41Z</time>
        <cmt>speed: 0.4</cmt>
      </trkpt>
      <trkpt lat="47.357582" lon="8.564248">
        <ele>450</ele>
        <time>2024-07-04T16:11:33Z</time>
      </trkpt>
      <trkpt lat="47.357223" lon="8.563762">
        <ele>442</ele>
        <time>2024-07-04T16:11:41Z</time>
        <cmt>speed: 0.1</cmt>
      </trkpt>
      <trkpt lat="47.357393" lon="8.563423">
        <ele>462</ele>
        <time>2024-07-04T16:21:47Z</time>
        <cmt>speed: 0.1</cmt>
      </trkpt>
      <trkpt lat="47.357393" lon="8.563423">
        <ele>462</ele>
        <time>2024-07-04T16:31:35Z</time>
      </trkpt>
      <trkpt lat="47.357102" lon="8.563346">
        <ele>460</ele>
        <time>2024-07-04T16:31:43Z</time>
        <cmt>speed: 0.1</cmt>
      </trkpt>
      <trkpt lat="47.357407" lon="8.562677">
        <ele>482</ele>
        <time>2024-07-04T16:41:52Z</time>
        <cmt>speed: 3.1</cmt>
      </trkpt>
      <trkpt lat="47.357253" lon="8.561589">
        <ele>394</ele>
        <time>2024-07-04T16:51:45Z</time>
        <cmt>speed: 0.0</cmt>
      </trkpt>
      <trkpt lat="47.358004" lon="8.561161">
        <ele>448</ele>
        <time>2024-07-04T17:01:43Z</time>
        <cmt>speed: 0.0</cmt>
      </trkpt>
      <trkpt lat="47.357601" lon="8.561046">
        <ele>460</ele>
        <time>2024-07-04T17:11:43Z</time>
        <cmt>speed: 0.0</cmt>
      </trkpt>
      <trkpt lat="47.357467" lon="8.561009">
        <ele>447</ele>
        <time>2024-07-04T17:21:55Z</time>
        <cmt>speed: 0.0</cmt>
      </trkpt>
      <trkpt lat="47.358177" lon="8.560246">
        <ele>474</ele>
        <time>2024-07-04T17:31:42Z</time>
        <cmt>speed: 0.2</cmt>
      </trkpt>
      <trkpt lat="47.358582" lon="8.56043">
        <ele>404</ele>
        <time>2024-07-04T17:41:44Z</time>
        <cmt>speed: 1.1</cmt>
      </trkpt>
      <trkpt lat="47.358582" lon="8.56043">
        <ele>404</ele>
        <time>2024-07-04T17:51:34Z</time>
      </trkpt>
      <trkpt lat="47.358729" lon="8.561109">
        <ele>434</ele>
        <time>2024-07-04T17:51:42Z</time>
        <cmt>speed: 0.5</cmt>
      </trkpt>
      <trkpt lat="47.358943" lon="8.561307">
        <ele>393</ele>
        <time>2024-07-04T18:01:44Z</time>
        <cmt>speed: 0.2</cmt>
      </trkpt>
      <trkpt lat="47.358943" lon="8.561307">
        <ele>393</ele>
        <time>2024-07-04T18:11:36Z</time>
      </trkpt>
      <trkpt lat="47.358895" lon="8.561169">
        <ele>435</ele>
        <time>2024-07-04T18:11:44Z</time>
        <cmt>speed: 0.0</cmt>
      </trkpt>
      <trkpt lat="47.358919" lon="8.561275">
        <ele>434</ele>
        <time>2024-07-04T18:21:40Z</time>
        <cmt>speed: 0.5</cmt>
      </trkpt>
      <trkpt lat="47.358919" lon="8.561275">
        <ele>434</ele>
        <time>2024-07-04T18:31:37Z</time>
      </trkpt>
      <trkpt lat="47.358905" lon="8.561283">
        <ele>440</ele>
        <time>2024-07-04T18:31:45Z</time>
        <cmt>speed: 0.1</cmt>
      </trkpt>
      <trkpt lat="47.358966" lon="8.561206">
        <ele>421</ele>
        <time>2024-07-04T18:41:43Z</time>
        <cmt>speed: 0.0</cmt>
      </trkpt>
      <trkpt lat="47.358966" lon="8.561206">
        <ele>421</ele>
        <time>2024-07-04T18:51:34Z</time>
      </trkpt>
      <trkpt lat="47.358815" lon="8.561253">
        <ele>471</ele>
        <time>2024-07-04T18:51:42Z</time>
        <cmt>speed: 0.0</cmt>
      </trkpt>
      <trkpt lat="47.358291" lon="8.561583">
        <ele>447</ele>
        <time>2024-07-04T19:01:42Z</time>
        <cmt>speed: 0.4</cmt>
      </trkpt>
      <trkpt lat="47.357962" lon="8.561739">
        <ele>440</ele>
        <time>2024-07-04T19:11:43Z</time>
        <cmt>speed: 2.0</cmt>
      </trkpt>
      <trkpt lat="47.357828" lon="8.561337">
        <ele>444</ele>
        <time>2024-07-04T19:21:42Z</time>
        <cmt>speed: 0.1</cmt>
      </trkpt>
      <trkpt lat="47.357515" lon="8.5611">
        <ele>428</ele>
        <time>2024-07-04T19:31:42Z</time>
        <cmt>speed: 0.6</cmt>
      </trkpt>
      <trkpt lat="47.358542" lon="8.560818">
        <ele>449</ele>
        <time>2024-07-04T19:41:44Z</time>
        <cmt>speed: 0.0</cmt>
      </trkpt>
      <trkpt lat="47.358593" lon="8.561593">
        <ele>433</ele>
        <time>2024-07-04T19:51:42Z</time>
        <cmt>speed: 0.2</cmt>
      </trkpt>
      <trkpt lat="47.357742" lon="8.562194">
        <ele>446</ele>
        <time>2024-07-04T20:01:42Z</time>
        <cmt>speed: 0.9</cmt>
      </trkpt>
      <trkpt lat="47.357742" lon="8.562194">
        <ele>446</ele>
        <time>2024-07-04T20:11:33Z</time>
      </trkpt>
      <trkpt lat="47.35784" lon="8.562686">
        <ele>435</ele>
        <time>2024-07-04T20:11:41Z</time>
        <cmt>speed: 0.2</cmt>
      </trkpt>
      <trkpt lat="47.357961" lon="8.562389">
        <ele>500</ele>
        <time>2024-07-04T20:21:49Z</time>
        <cmt>speed: 1.2</cmt>
      </trkpt>
      <trkpt lat="47.357961" lon="8.562389">
        <ele>500</ele>
        <time>2024-07-04T20:31:35Z</time>
      </trkpt>
      <trkpt lat="47.358097" lon="8.562675">
        <ele>467</ele>
        <time>2024-07-04T20:31:44Z</time>
        <cmt>speed: 2.3</cmt>
      </trkpt>
      <trkpt lat="47.357598" lon="8.562433">
        <ele>432</ele>
        <time>2024-07-04T20:41:43Z</time>
        <cmt>speed: 0.3</cmt>
      </trkpt>
      <trkpt lat="47.358761" lon="8.560832">
        <ele>451</ele>
        <time>2024-07-04T21:01:45Z</time>
        <cmt>speed: 0.5</cmt>
      </trkpt>
      <trkpt lat="47.35798" lon="8.560137">
        <ele>443</ele>
        <time>2024-07-04T21:11:47Z</time>
        <cmt>speed: 1.0</cmt>
      </trkpt>
      <trkpt lat="47.357942" lon="8.560684">
        <ele>449</ele>
        <time>2024-07-04T21:21:43Z</time>
        <cmt>speed: 0.7</cmt>
      </trkpt>
      <trkpt lat="47.35899" lon="8.559579">
        <ele>445</ele>
        <time>2024-07-04T21:31:42Z</time>
        <cmt>speed: 2.9</cmt>
      </trkpt>
      <trkpt lat="47.359273" lon="8.55977">
        <ele>445</ele>
        <time>2024-07-04T21:41:48Z</time>
        <cmt>speed: 0.3</cmt>
      </trkpt>
      <trkpt lat="47.360205" lon="8.560859">
        <ele>435</ele>
        <time>2024-07-04T21:51:47Z</time>
        <cmt>speed: 0.2</cmt>
      </trkpt>
      <trkpt lat="47.359424" lon="8.56157">
        <ele>440</ele>
        <time>2024-07-04T22:01:42Z</time>
        <cmt>speed: 0.6</cmt>
      </trkpt>
      <trkpt lat="47.359424" lon="8.56157">
        <ele>440</ele>
        <time>2024-07-04T22:11:34Z</time>
      </trkpt>
      <trkpt lat="47.358984" lon="8.561681">
        <ele>437</ele>
        <time>2024-07-04T22:11:43Z</time>
        <cmt>speed: 0.5</cmt>
      </trkpt>
      <trkpt lat="47.358913" lon="8.561756">
        <ele>469</ele>
        <time>2024-07-04T22:21:44Z</time>
        <cmt>speed: 0.1</cmt>
      </trkpt>
      <trkpt lat="47.358913" lon="8.561756">
        <ele>469</ele>
        <time>2024-07-04T22:31:36Z</time>
      </trkpt>
      <trkpt lat="47.359067" lon="8.561731">
        <ele>438</ele>
        <time>2024-07-04T22:31:45Z</time>
        <cmt>speed: 0.2</cmt>
      </trkpt>
      <trkpt lat="47.35925" lon="8.561884">
        <ele>454</ele>
        <time>2024-07-04T22:41:43Z</time>
        <cmt>speed: 1.5</cmt>
      </trkpt>
      <trkpt lat="47.35925" lon="8.561884">
        <ele>454</ele>
        <time>2024-07-04T22:51:34Z</time>
      </trkpt>
      <trkpt lat="47.359176" lon="8.561663">
        <ele>417</ele>
        <time>2024-07-04T22:51:43Z</time>
        <cmt>speed: 0.5</cmt>
      </trkpt>
      <trkpt lat="47.359253" lon="8.561669">
        <ele>486</ele>
        <time>2024-07-04T23:01:42Z</time>
        <cmt>speed: 0.1</cmt>
      </trkpt>
      <trkpt lat="47.359543" lon="8.560254">
        <ele>427</ele>
        <time>2024-07-04T23:11:44Z</time>
        <cmt>speed: 1.0</cmt>
      </trkpt>
      <trkpt lat="47.359649" lon="8.559768">
        <ele>382</ele>
        <time>2024-07-05T01:41:04Z</time>
        <cmt>speed: 0.2</cmt>
      </trkpt>
      <trkpt lat="47.359649" lon="8.559768">
        <ele>382</ele>
        <time>2024-07-05T01:51:32Z</time>
      </trkpt>
      <trkpt lat="47.359745" lon="8.559787">
        <ele>414</ele>
        <time>2024-07-05T01:56:25Z</time>
        <cmt>speed: 0.5</cmt>
      </trkpt>
      <trkpt lat="47.35942" lon="8.559962">
        <ele>401</ele>
        <time>2024-07-05T02:56:02Z</time>
        <cmt>speed: 0.3</cmt>
      </trkpt>
      <trkpt lat="47.359394" lon="8.558677">
        <ele>480</ele>
        <time>2024-07-05T03:05:56Z</time>
        <cmt>speed: 2.0</cmt>
      </trkpt>
      <trkpt lat="47.359532" lon="8.558796">
        <ele>430</ele>
        <time>2024-07-05T03:15:55Z</time>
        <cmt>speed: 1.7</cmt>
      </trkpt>
      <trkpt lat="47.360206" lon="8.561178">
        <ele>474</ele>
        <time>2024-07-05T03:25:56Z</time>
        <cmt>speed: 0.0</cmt>
      </trkpt>
      <trkpt lat="47.359262" lon="8.56228">
        <ele>442</ele>
        <time>2024-07-05T03:35:53Z</time>
        <cmt>speed: 0.7</cmt>
      </trkpt>
      <trkpt lat="47.358627" lon="8.562763">
        <ele>452</ele>
        <time>2024-07-05T03:45:53Z</time>
        <cmt>speed: 0.2</cmt>
      </trkpt>
      <trkpt lat="47.358627" lon="8.562763">
        <ele>452</ele>
        <time>2024-07-05T03:55:44Z</time>
      </trkpt>
      <trkpt lat="47.358541" lon="8.563064">
        <ele>436</ele>
        <time>2024-07-05T03:55:53Z</time>
        <cmt>speed: 0.1</cmt>
      </trkpt>
      <trkpt lat="47.358226" lon="8.563872">
        <ele>473</ele>
        <time>2024-07-05T04:05:52Z</time>
        <cmt>speed: 1.0</cmt>
      </trkpt>
      <trkpt lat="47.358021" lon="8.564328">
        <ele>469</ele>
        <time>2024-07-05T04:15:52Z</time>
        <cmt>speed: 3.0</cmt>
      </trkpt>
      <trkpt lat="47.358028" lon="8.56439">
        <ele>465</ele>
        <time>2024-07-05T04:25:52Z</time>
        <cmt>speed: 1.4</cmt>
      </trkpt>
      <trkpt lat="47.358028" lon="8.56439">
        <ele>465</ele>
        <time>2024-07-05T04:35:44Z</time>
      </trkpt>
      <trkpt lat="47.358125" lon="8.564492">
        <ele>447</ele>
        <time>2024-07-05T04:35:54Z</time>
        <cmt>speed: 0.1</cmt>
      </trkpt>
      <trkpt lat="47.358094" lon="8.564438">
        <ele>459</ele>
        <time>2024-07-05T04:45:53Z</time>
        <cmt>speed: 0.2</cmt>
      </trkpt>
      <trkpt lat="47.357821" lon="8.564067">
        <ele>456</ele>
        <time>2024-07-05T04:55:53Z</time>
        <cmt>speed: 0.0</cmt>
      </trkpt>
      <trkpt lat="47.357427" lon="8.563888">
        <ele>468</ele>
        <time>2024-07-05T05:05:53Z</time>
        <cmt>speed: 0.3</cmt>
      </trkpt>
      <trkpt lat="47.357427" lon="8.563888">
        <ele>468</ele>
        <time>2024-07-05T05:15:51Z</time>
      </trkpt>
      <trkpt lat="47.357679" lon="8.563074">
        <ele>438</ele>
        <time>2024-07-05T05:16:01Z</time>
        <cmt>speed: 0.3</cmt>
      </trkpt>
      <trkpt lat="47.358077" lon="8.562774">
        <ele>428</ele>
        <time>2024-07-05T05:25:58Z</time>
        <cmt>speed: 0.7</cmt>
      </trkpt>
      <trkpt lat="47.357968" lon="8.562892">
        <ele>427</ele>
        <time>2024-07-05T05:46:05Z</time>
        <cmt>speed: 0.3</cmt>
      </trkpt>
      <trkpt lat="47.357968" lon="8.562892">
        <ele>427</ele>
        <time>2024-07-05T05:55:45Z</time>
      </trkpt>
      <trkpt lat="47.357842" lon="8.562989">
        <ele>455</ele>
        <time>2024-07-05T05:55:55Z</time>
        <cmt>speed: 0.0</cmt>
      </trkpt>
      <trkpt lat="47.357684" lon="8.562517">
        <ele>432</ele>
        <time>2024-07-05T06:06:34Z</time>
        <cmt>speed: 0.7</cmt>
      </trkpt>
      <trkpt lat="47.357885" lon="8.561027">
        <ele>437</ele>
        <time>2024-07-05T06:15:56Z</time>
        <cmt>speed: 0.2</cmt>
      </trkpt>
      <trkpt lat="47.357569" lon="8.559692">
        <ele>470</ele>
        <time>2024-07-05T06:25:55Z</time>
        <cmt>speed: 0.2</cmt>
      </trkpt>
      <trkpt lat="47.358849" lon="8.561857">
        <ele>455</ele>
        <time>2024-07-05T06:36:00Z</time>
        <cmt>speed: 0.1</cmt>
      </trkpt>
      <trkpt lat="47.358191" lon="8.561691">
        <ele>416</ele>
        <time>2024-07-05T06:45:59Z</time>
        <cmt>speed: 0.0</cmt>
      </trkpt>
      <trkpt lat="47.358191" lon="8.561691">
        <ele>416</ele>
        <time>2024-07-05T06:56:31Z</time>
      </trkpt>
      <trkpt lat="47.358039" lon="8.561637">
        <ele>430</ele>
        <time>2024-07-05T06:56:41Z</time>
        <cmt>speed: 0.7</cmt>
      </trkpt>
      <trkpt lat="47.358085" lon="8.561672">
        <ele>428</ele>
        <time>2024-07-05T07:20:51Z</time>
        <cmt>speed: 0.4</cmt>
      </trkpt>
      <trkpt lat="47.35803" lon="8.561645">
        <ele>446</ele>
        <time>2024-07-05T07:30:53Z</time>
        <cmt>speed: 0.0</cmt>
      </trkpt>
      <trkpt lat="47.35803" lon="8.561645">
        <ele>446</ele>
        <time>2024-07-05T07:31:32Z</time>
      </trkpt>
      <trkpt lat="47.35791" lon="8.561556">
        <ele>423</ele>
        <time>2024-07-05T07:50:49Z</time>
        <cmt>speed: 0.0</cmt>
      </trkpt>
      <trkpt lat="47.35791" lon="8.561556">
        <ele>423</ele>
        <time>2024-07-05T07:51:32Z</time>
      </trkpt>
      <trkpt lat="47.35786" lon="8.561597">
        <ele>376</ele>
        <time>2024-07-05T08:00:53Z</time>
        <cmt>speed: 0.2</cmt>
      </trkpt>
      <trkpt lat="47.357978" lon="8.561726">
        <ele>457</ele>
        <time>2024-07-05T08:30:43Z</time>
        <cmt>speed: 0.2</cmt>
      </trkpt>
      <trkpt lat="47.357978" lon="8.561726">
        <ele>457</ele>
        <time>2024-07-05T08:31:43Z</time>
      </trkpt>
      <trkpt lat="47.358054" lon="8.561627">
        <ele>441</ele>
        <time>2024-07-05T08:43:40Z</time>
        <cmt>speed: 0.1</cmt>
      </trkpt>
      <trkpt lat="47.358024" lon="8.561589">
        <ele>445</ele>
        <time>2024-07-05T08:53:57Z</time>
        <cmt>speed: 0.1</cmt>
      </trkpt>
      <trkpt lat="47.357992" lon="8.561476">
        <ele>462</ele>
        <time>2024-07-05T09:04:15Z</time>
        <cmt>speed: 0.7</cmt>
      </trkpt>
      <trkpt lat="47.357935" lon="8.561931">
        <ele>425</ele>
        <time>2024-07-05T09:13:39Z</time>
        <cmt>speed: 0.5</cmt>
      </trkpt>
      <trkpt lat="47.357935" lon="8.561931">
        <ele>425</ele>
        <time>2024-07-05T09:13:39Z</time>
      </trkpt>
      <trkpt lat="47.357965" lon="8.561644">
        <ele>449</ele>
        <time>2024-07-05T09:23:59Z</time>
        <cmt>speed: 0.7</cmt>
      </trkpt>
      <trkpt lat="47.357978" lon="8.561513">
        <ele>438</ele>
        <time>2024-07-05T09:33:37Z</time>
        <cmt>speed: 0.0</cmt>
      </trkpt>
      <trkpt lat="47.357978" lon="8.561513">
        <ele>438</ele>
        <time>2024-07-05T09:33:37Z</time>
      </trkpt>
      <trkpt lat="47.357946" lon="8.56151">
        <ele>462</ele>
        <time>2024-07-05T09:43:31Z</time>
        <cmt>speed: 0.6</cmt>
      </trkpt>
      <trkpt lat="47.357814" lon="8.561552">
        <ele>494</ele>
        <time>2024-07-05T09:53:34Z</time>
        <cmt>speed: 0.2</cmt>
      </trkpt>
      <trkpt lat="47.357814" lon="8.561552">
        <ele>494</ele>
        <time>2024-07-05T09:53:34Z</time>
      </trkpt>
      <trkpt lat="47.358065" lon="8.561563">
        <ele>414</ele>
        <time>2024-07-05T10:04:15Z</time>
        <cmt>speed: 0.8</cmt>
      </trkpt>
      <trkpt lat="47.358136" lon="8.561681">
        <ele>456</ele>
        <time>2024-07-05T10:13:33Z</time>
        <cmt>speed: 1.3</cmt>
      </trkpt>
      <trkpt lat="47.358136" lon="8.561681">
        <ele>456</ele>
        <time>2024-07-05T10:13:33Z</time>
      </trkpt>
      <trkpt lat="47.358071" lon="8.561366">
        <ele>469</ele>
        <time>2024-07-05T10:23:33Z</time>
        <cmt>speed: 0.7</cmt>
      </trkpt>
      <trkpt lat="47.358071" lon="8.561366">
        <ele>469</ele>
        <time>2024-07-05T10:31:43Z</time>
      </trkpt>
      <trkpt lat="47.358008" lon="8.561559">
        <ele>445</ele>
        <time>2024-07-05T10:34:05Z</time>
        <cmt>speed: 0.4</cmt>
      </trkpt>
      <trkpt lat="47.357749" lon="8.561546">
        <ele>370</ele>
        <time>2024-07-05T10:56:57Z</time>
        <cmt>speed: 1.3</cmt>
      </trkpt>
      <trkpt lat="47.357965" lon="8.561754">
        <ele>449</ele>
        <time>2024-07-05T11:06:51Z</time>
        <cmt>speed: 0.2</cmt>
      </trkpt>
      <trkpt lat="47.358031" lon="8.561423">
        <ele>435</ele>
        <time>2024-07-05T11:16:51Z</time>
        <cmt>speed: 1.3</cmt>
      </trkpt>
      <trkpt lat="47.358031" lon="8.561423">
        <ele>435</ele>
        <time>2024-07-05T11:16:52Z</time>
      </trkpt>
      <trkpt lat="47.358041" lon="8.561508">
        <ele>446</ele>
        <time>2024-07-05T11:26:58Z</time>
        <cmt>speed: 0.1</cmt>
      </trkpt>
      <trkpt lat="47.358026" lon="8.561645">
        <ele>451</ele>
        <time>2024-07-05T11:36:51Z</time>
        <cmt>speed: 0.4</cmt>
      </trkpt>
      <trkpt lat="47.358025" lon="8.561608">
        <ele>448</ele>
        <time>2024-07-05T11:46:51Z</time>
        <cmt>speed: 0.1</cmt>
      </trkpt>
      <trkpt lat="47.357931" lon="8.56174">
        <ele>442</ele>
        <time>2024-07-05T11:56:50Z</time>
        <cmt>speed: 0.2</cmt>
      </trkpt>
      <trkpt lat="47.357931" lon="8.56174">
        <ele>442</ele>
        <time>2024-07-05T11:56:50Z</time>
      </trkpt>
      <trkpt lat="47.357991" lon="8.561827">
        <ele>442</ele>
        <time>2024-07-05T12:06:52Z</time>
        <cmt>speed: 0.0</cmt>
      </trkpt>
      <trkpt lat="47.357959" lon="8.561492">
        <ele>427</ele>
        <time>2024-07-05T12:16:53Z</time>
      </trkpt>
      <trkpt lat="47.357959" lon="8.561492">
        <ele>427</ele>
        <time>2024-07-05T12:16:53Z</time>
        <cmt>speed: 0.1</cmt>
      </trkpt>
      <trkpt lat="47.357881" lon="8.561669">
        <ele>432</ele>
        <time>2024-07-05T12:26:50Z</time>
        <cmt>speed: 0.1</cmt>
      </trkpt>
      <trkpt lat="47.357727" lon="8.561307">
        <ele>446</ele>
        <time>2024-07-05T12:36:52Z</time>
        <cmt>speed: 0.3</cmt>
      </trkpt>
      <trkpt lat="47.357854" lon="8.562454">
        <ele>387</ele>
        <time>2024-07-05T12:46:54Z</time>
        <cmt>speed: 0.2</cmt>
      </trkpt>
      <trkpt lat="47.357773" lon="8.563053">
        <ele>385</ele>
        <time>2024-07-05T12:56:55Z</time>
        <cmt>speed: 0.0</cmt>
      </trkpt>
      <trkpt lat="47.357763" lon="8.562583">
        <ele>418</ele>
        <time>2024-07-05T13:06:54Z</time>
        <cmt>speed: 0.3</cmt>
      </trkpt>
      <trkpt lat="47.357704" lon="8.562612">
        <ele>396</ele>
        <time>2024-07-05T13:16:56Z</time>
        <cmt>speed: 0.4</cmt>
      </trkpt>
      <trkpt lat="47.358212" lon="8.563122">
        <ele>445</ele>
        <time>2024-07-05T13:26:51Z</time>
        <cmt>speed: 0.1</cmt>
      </trkpt>
      <trkpt lat="47.358212" lon="8.563122">
        <ele>445</ele>
        <time>2024-07-05T13:31:43Z</time>
      </trkpt>
      <trkpt lat="47.358156" lon="8.563291">
        <ele>459</ele>
        <time>2024-07-05T13:36:50Z</time>
        <cmt>speed: 0.3</cmt>
      </trkpt>
      <trkpt lat="47.357782" lon="8.564374">
        <ele>473</ele>
        <time>2024-07-05T13:46:51Z</time>
        <cmt>speed: 0.5</cmt>
      </trkpt>
      <trkpt lat="47.35784" lon="8.564257">
        <ele>466</ele>
        <time>2024-07-05T13:56:53Z</time>
        <cmt>speed: 0.1</cmt>
      </trkpt>
      <trkpt lat="47.35764" lon="8.56434">
        <ele>447</ele>
        <time>2024-07-05T14:06:51Z</time>
        <cmt>speed: 0.7</cmt>
      </trkpt>
      <trkpt lat="47.357855" lon="8.564169">
        <ele>444</ele>
        <time>2024-07-05T14:16:51Z</time>
        <cmt>speed: 0.1</cmt>
      </trkpt>
      <trkpt lat="47.357855" lon="8.564169">
        <ele>444</ele>
        <time>2024-07-05T14:16:51Z</time>
      </trkpt>
      <trkpt lat="47.357842" lon="8.564211">
        <ele>446</ele>
        <time>2024-07-05T14:26:51Z</time>
        <cmt>speed: 0.0</cmt>
      </trkpt>
      <trkpt lat="47.357718" lon="8.564254">
        <ele>466</ele>
        <time>2024-07-05T14:36:51Z</time>
        <cmt>speed: 0.2</cmt>
      </trkpt>
      <trkpt lat="47.357718" lon="8.564254">
        <ele>466</ele>
        <time>2024-07-05T14:36:51Z</time>
      </trkpt>
      <trkpt lat="47.357437" lon="8.564374">
        <ele>471</ele>
        <time>2024-07-05T14:46:51Z</time>
        <cmt>speed: 0.0</cmt>
      </trkpt>
      <trkpt lat="47.357452" lon="8.564579">
        <ele>462</ele>
        <time>2024-07-05T14:56:50Z</time>
        <cmt>speed: 0.2</cmt>
      </trkpt>
      <trkpt lat="47.357717" lon="8.564422">
        <ele>455</ele>
        <time>2024-07-05T15:06:50Z</time>
        <cmt>speed: 0.5</cmt>
      </trkpt>
      <trkpt lat="47.357614" lon="8.564733">
        <ele>484</ele>
        <time>2024-07-05T15:16:51Z</time>
      </trkpt>
      <trkpt lat="47.357614" lon="8.564733">
        <ele>484</ele>
        <time>2024-07-05T15:16:51Z</time>
        <cmt>speed: 0.0</cmt>
      </trkpt>
      <trkpt lat="47.35773" lon="8.564412">
        <ele>473</ele>
        <time>2024-07-05T15:26:51Z</time>
        <cmt>speed: 0.1</cmt>
      </trkpt>
      <trkpt lat="47.35773" lon="8.564412">
        <ele>473</ele>
        <time>2024-07-05T15:36:49Z</time>
      </trkpt>
      <trkpt lat="47.357715" lon="8.564208">
        <ele>443</ele>
        <time>2024-07-05T15:36:50Z</time>
        <cmt>speed: 0.4</cmt>
      </trkpt>
      <trkpt lat="47.357354" lon="8.564612">
        <ele>479</ele>
        <time>2024-07-05T15:56:51Z</time>
        <cmt>speed: 0.4</cmt>
      </trkpt>
      <trkpt lat="47.357694" lon="8.564138">
        <ele>489</ele>
        <time>2024-07-05T16:06:51Z</time>
        <cmt>speed: 0.1</cmt>
      </trkpt>
      <trkpt lat="47.357694" lon="8.564138">
        <ele>489</ele>
        <time>2024-07-05T16:16:50Z</time>
      </trkpt>
      <trkpt lat="47.357537" lon="8.564297">
        <ele>460</ele>
        <time>2024-07-05T16:16:51Z</time>
        <cmt>speed: 0.3</cmt>
      </trkpt>
      <trkpt lat="47.35776" lon="8.56435">
        <ele>459</ele>
        <time>2024-07-05T16:26:50Z</time>
        <cmt>speed: 1.8</cmt>
      </trkpt>
      <trkpt lat="47.35776" lon="8.56435">
        <ele>459</ele>
        <time>2024-07-05T16:36:50Z</time>
      </trkpt>
      <trkpt lat="47.357625" lon="8.56447">
        <ele>457</ele>
        <time>2024-07-05T16:36:51Z</time>
        <cmt>speed: 0.1</cmt>
      </trkpt>
      <trkpt lat="47.357668" lon="8.564341">
        <ele>466</ele>
        <time>2024-07-05T16:46:52Z</time>
        <cmt>speed: 0.2</cmt>
      </trkpt>
      <trkpt lat="47.357668" lon="8.564341">
        <ele>466</ele>
        <time>2024-07-05T16:56:52Z</time>
      </trkpt>
      <trkpt lat="47.357747" lon="8.564274">
        <ele>447</ele>
        <time>2024-07-05T16:56:53Z</time>
        <cmt>speed: 0.3</cmt>
      </trkpt>
      <trkpt lat="47.357727" lon="8.564364">
        <ele>478</ele>
        <time>2024-07-05T17:06:54Z</time>
        <cmt>speed: 0.7</cmt>
      </trkpt>
      <trkpt lat="47.357727" lon="8.564364">
        <ele>478</ele>
        <time>2024-07-05T17:16:51Z</time>
      </trkpt>
      <trkpt lat="47.357565" lon="8.564268">
        <ele>467</ele>
        <time>2024-07-05T17:16:52Z</time>
        <cmt>speed: 0.5</cmt>
      </trkpt>
      <trkpt lat="47.357772" lon="8.564211">
        <ele>457</ele>
        <time>2024-07-05T17:26:51Z</time>
        <cmt>speed: 0.4</cmt>
      </trkpt>
      <trkpt lat="47.357684" lon="8.564023">
        <ele>475</ele>
        <time>2024-07-05T17:36:52Z</time>
        <cmt>speed: 0.1</cmt>
      </trkpt>
      <trkpt lat="47.35729" lon="8.56177">
        <ele>485</ele>
        <time>2024-07-05T17:46:54Z</time>
        <cmt>speed: 0.6</cmt>
      </trkpt>
      <trkpt lat="47.357343" lon="8.561608">
        <ele>448</ele>
        <time>2024-07-05T17:56:58Z</time>
        <cmt>speed: 0.0</cmt>
      </trkpt>
      <trkpt lat="47.357509" lon="8.560944">
        <ele>382</ele>
        <time>2024-07-05T18:06:52Z</time>
        <cmt>speed: 1.0</cmt>
      </trkpt>
      <trkpt lat="47.357519" lon="8.561279">
        <ele>434</ele>
        <time>2024-07-05T18:17:20Z</time>
        <cmt>speed: 0.1</cmt>
      </trkpt>
      <trkpt lat="47.357903" lon="8.561555">
        <ele>485</ele>
        <time>2024-07-05T18:27:03Z</time>
        <cmt>speed: 0.1</cmt>
      </trkpt>
      <trkpt lat="47.357903" lon="8.561555">
        <ele>485</ele>
        <time>2024-07-05T18:37:03Z</time>
      </trkpt>
      <trkpt lat="47.357624" lon="8.561148">
        <ele>449</ele>
        <time>2024-07-05T18:37:04Z</time>
        <cmt>speed: 0.0</cmt>
      </trkpt>
      <trkpt lat="47.357351" lon="8.56117">
        <ele>402</ele>
        <time>2024-07-05T18:46:54Z</time>
        <cmt>speed: 0.3</cmt>
      </trkpt>
      <trkpt lat="47.357351" lon="8.56117">
        <ele>402</ele>
        <time>2024-07-05T18:56:53Z</time>
      </trkpt>
      <trkpt lat="47.35742" lon="8.561239">
        <ele>444</ele>
        <time>2024-07-05T18:56:54Z</time>
        <cmt>speed: 0.9</cmt>
      </trkpt>
      <trkpt lat="47.357519" lon="8.561076">
        <ele>419</ele>
        <time>2024-07-05T19:06:57Z</time>
        <cmt>speed: 0.0</cmt>
      </trkpt>
      <trkpt lat="47.357471" lon="8.561284">
        <ele>447</ele>
        <time>2024-07-05T19:16:54Z</time>
        <cmt>speed: 0.8</cmt>
      </trkpt>
      <trkpt lat="47.357698" lon="8.560202">
        <ele>419</ele>
        <time>2024-07-05T19:26:58Z</time>
        <cmt>speed: 0.3</cmt>
      </trkpt>
      <trkpt lat="47.358526" lon="8.56115">
        <ele>429</ele>
        <time>2024-07-05T19:36:51Z</time>
        <cmt>speed: 1.7</cmt>
      </trkpt>
      <trkpt lat="47.358746" lon="8.561811">
        <ele>444</ele>
        <time>2024-07-05T19:46:51Z</time>
        <cmt>speed: 0.8</cmt>
      </trkpt>
      <trkpt lat="47.358809" lon="8.561824">
        <ele>435</ele>
        <time>2024-07-05T19:56:57Z</time>
        <cmt>speed: 0.0</cmt>
      </trkpt>
      <trkpt lat="47.358126" lon="8.561784">
        <ele>443</ele>
        <time>2024-07-05T20:06:52Z</time>
        <cmt>speed: 0.1</cmt>
      </trkpt>
      <trkpt lat="47.357827" lon="8.562381">
        <ele>428</ele>
        <time>2024-07-05T20:16:53Z</time>
        <cmt>speed: 0.6</cmt>
      </trkpt>
      <trkpt lat="47.35759" lon="8.562718">
        <ele>458</ele>
        <time>2024-07-05T20:26:53Z</time>
        <cmt>speed: 0.8</cmt>
      </trkpt>
      <trkpt lat="47.357522" lon="8.562476">
        <ele>447</ele>
        <time>2024-07-05T20:36:57Z</time>
        <cmt>speed: 0.1</cmt>
      </trkpt>
      <trkpt lat="47.357452" lon="8.562511">
        <ele>451</ele>
        <time>2024-07-05T20:46:53Z</time>
        <cmt>speed: 0.1</cmt>
      </trkpt>
      <trkpt lat="47.357452" lon="8.562511">
        <ele>451</ele>
        <time>2024-07-05T20:56:51Z</time>
      </trkpt>
      <trkpt lat="47.357659" lon="8.562387">
        <ele>438</ele>
        <time>2024-07-05T20:56:53Z</time>
        <cmt>speed: 0.4</cmt>
      </trkpt>
      <trkpt lat="47.357729" lon="8.562431">
        <ele>440</ele>
        <time>2024-07-05T21:06:54Z</time>
        <cmt>speed: 0.0</cmt>
      </trkpt>
      <trkpt lat="47.357729" lon="8.562431">
        <ele>440</ele>
        <time>2024-07-05T21:11:43Z</time>
      </trkpt>
      <trkpt lat="47.35796" lon="8.562399">
        <ele>462</ele>
        <time>2024-07-05T21:16:56Z</time>
        <cmt>speed: 0.2</cmt>
      </trkpt>
      <trkpt lat="47.357947" lon="8.562417">
        <ele>453</ele>
        <time>2024-07-05T21:26:53Z</time>
        <cmt>speed: 0.5</cmt>
      </trkpt>
      <trkpt lat="47.357826" lon="8.562423">
        <ele>460</ele>
        <time>2024-07-05T21:36:55Z</time>
        <cmt>speed: 0.2</cmt>
      </trkpt>
      <trkpt lat="47.358329" lon="8.562113">
        <ele>437</ele>
        <time>2024-07-05T21:46:51Z</time>
        <cmt>speed: 0.4</cmt>
      </trkpt>
      <trkpt lat="47.359031" lon="8.561551">
        <ele>448</ele>
        <time>2024-07-05T21:56:55Z</time>
        <cmt>speed: 1.3</cmt>
      </trkpt>
      <trkpt lat="47.359192" lon="8.562927">
        <ele>461</ele>
        <time>2024-07-05T22:06:53Z</time>
        <cmt>speed: 1.3</cmt>
      </trkpt>
      <trkpt lat="47.359192" lon="8.562927">
        <ele>461</ele>
        <time>2024-07-05T22:16:50Z</time>
      </trkpt>
      <trkpt lat="47.359406" lon="8.563952">
        <ele>439</ele>
        <time>2024-07-05T22:16:52Z</time>
        <cmt>speed: 0.4</cmt>
      </trkpt>
      <trkpt lat="47.358891" lon="8.565697">
        <ele>433</ele>
        <time>2024-07-05T22:26:52Z</time>
        <cmt>speed: 1.1</cmt>
      </trkpt>
      <trkpt lat="47.358997" lon="8.564594">
        <ele>491</ele>
        <time>2024-07-05T22:36:51Z</time>
        <cmt>speed: 0.6</cmt>
      </trkpt>
      <trkpt lat="47.359296" lon="8.561578">
        <ele>448</ele>
        <time>2024-07-05T22:46:53Z</time>
        <cmt>speed: 0.1</cmt>
      </trkpt>
      <trkpt lat="47.358001" lon="8.562285">
        <ele>462</ele>
        <time>2024-07-05T22:56:52Z</time>
        <cmt>speed: 1.7</cmt>
      </trkpt>
      <trkpt lat="47.357964" lon="8.562212">
        <ele>441</ele>
        <time>2024-07-05T23:06:52Z</time>
        <cmt>speed: 3.1</cmt>
      </trkpt>
      <trkpt lat="47.357696" lon="8.561107">
        <ele>468</ele>
        <time>2024-07-05T23:16:55Z</time>
        <cmt>speed: 1.0</cmt>
      </trkpt>
      <trkpt lat="47.357779" lon="8.561037">
        <ele>457</ele>
        <time>2024-07-05T23:26:53Z</time>
        <cmt>speed: 0.4</cmt>
      </trkpt>
      <trkpt lat="47.357715" lon="8.561054">
        <ele>473</ele>
        <time>2024-07-05T23:36:53Z</time>
        <cmt>speed: 3.0</cmt>
      </trkpt>
      <trkpt lat="47.357963" lon="8.560938">
        <ele>461</ele>
        <time>2024-07-05T23:46:54Z</time>
        <cmt>speed: 0.1</cmt>
      </trkpt>
      <trkpt lat="47.357963" lon="8.560938">
        <ele>461</ele>
        <time>2024-07-05T23:56:55Z</time>
      </trkpt>
      <trkpt lat="47.357986" lon="8.560986">
        <ele>428</ele>
        <time>2024-07-05T23:56:57Z</time>
        <cmt>speed: 0.0</cmt>
      </trkpt>
      <trkpt lat="47.358085" lon="8.560999">
        <ele>458</ele>
        <time>2024-07-06T00:06:56Z</time>
        <cmt>speed: 1.9</cmt>
      </trkpt>
      <trkpt lat="47.358085" lon="8.560999">
        <ele>458</ele>
        <time>2024-07-06T00:11:43Z</time>
      </trkpt>
      <trkpt lat="47.35777" lon="8.561086">
        <ele>440</ele>
        <time>2024-07-06T00:17:02Z</time>
        <cmt>speed: 0.1</cmt>
      </trkpt>
      <trkpt lat="47.357748" lon="8.560983">
        <ele>447</ele>
        <time>2024-07-06T00:26:54Z</time>
        <cmt>speed: 0.0</cmt>
      </trkpt>
      <trkpt lat="47.357748" lon="8.560983">
        <ele>447</ele>
        <time>2024-07-06T00:36:52Z</time>
      </trkpt>
      <trkpt lat="47.357941" lon="8.56059">
        <ele>411</ele>
        <time>2024-07-06T00:36:54Z</time>
        <cmt>speed: 0.8</cmt>
      </trkpt>
      <trkpt lat="47.357701" lon="8.561034">
        <ele>436</ele>
        <time>2024-07-06T00:46:53Z</time>
        <cmt>speed: 0.0</cmt>
      </trkpt>
      <trkpt lat="47.357701" lon="8.561034">
        <ele>436</ele>
        <time>2024-07-06T00:56:52Z</time>
      </trkpt>
      <trkpt lat="47.357521" lon="8.561147">
        <ele>455</ele>
        <time>2024-07-06T00:56:54Z</time>
        <cmt>speed: 0.0</cmt>
      </trkpt>
      <trkpt lat="47.35833" lon="8.560634">
        <ele>456</ele>
        <time>2024-07-06T01:06:54Z</time>
        <cmt>speed: 0.1</cmt>
      </trkpt>
      <trkpt lat="47.358233" lon="8.560496">
        <ele>416</ele>
        <time>2024-07-06T01:16:55Z</time>
        <cmt>speed: 0.5</cmt>
      </trkpt>
      <trkpt lat="47.358494" lon="8.560351">
        <ele>436</ele>
        <time>2024-07-06T01:26:53Z</time>
        <cmt>speed: 1.6</cmt>
      </trkpt>
      <trkpt lat="47.358914" lon="8.559845">
        <ele>468</ele>
        <time>2024-07-06T01:36:53Z</time>
        <cmt>speed: 0.6</cmt>
      </trkpt>
      <trkpt lat="47.359566" lon="8.560218">
        <ele>438</ele>
        <time>2024-07-06T01:46:53Z</time>
        <cmt>speed: 0.6</cmt>
      </trkpt>
      <trkpt lat="47.359566" lon="8.560218">
        <ele>438</ele>
        <time>2024-07-06T01:56:51Z</time>
      </trkpt>
      <trkpt lat="47.358008" lon="8.562482">
        <ele>434</ele>
        <time>2024-07-06T01:56:53Z</time>
        <cmt>speed: 0.2</cmt>
      </trkpt>
      <trkpt lat="47.358008" lon="8.562482">
        <ele>434</ele>
        <time>2024-07-06T02:16:49Z</time>
      </trkpt>
      <trkpt lat="47.357753" lon="8.56309">
        <ele>422</ele>
        <time>2024-07-06T02:16:51Z</time>
        <cmt>speed: 1.5</cmt>
      </trkpt>
      <trkpt lat="47.357904" lon="8.562939">
        <ele>460</ele>
        <time>2024-07-06T02:26:56Z</time>
        <cmt>speed: 0.0</cmt>
      </trkpt>
      <trkpt lat="47.357684" lon="8.562964">
        <ele>421</ele>
        <time>2024-07-06T02:36:55Z</time>
        <cmt>speed: 0.6</cmt>
      </trkpt>
      <trkpt lat="47.357614" lon="8.563591">
        <ele>470</ele>
        <time>2024-07-06T02:46:55Z</time>
        <cmt>speed: 0.3</cmt>
      </trkpt>
      <trkpt lat="47.3577" lon="8.564318">
        <ele>463</ele>
        <time>2024-07-06T02:56:53Z</time>
        <cmt>speed: 0.5</cmt>
      </trkpt>
      <trkpt lat="47.358199" lon="8.564656">
        <ele>469</ele>
        <time>2024-07-06T03:06:51Z</time>
        <cmt>speed: 0.2</cmt>
      </trkpt>
      <trkpt lat="47.358199" lon="8.564656">
        <ele>469</ele>
        <time>2024-07-06T03:16:51Z</time>
      </trkpt>
      <trkpt lat="47.358064" lon="8.564419">
        <ele>449</ele>
        <time>2024-07-06T03:16:53Z</time>
        <cmt>speed: 0.0</cmt>
      </trkpt>
      <trkpt lat="47.358139" lon="8.564474">
        <ele>440</ele>
        <time>2024-07-06T03:26:51Z</time>
        <cmt>speed: 0.7</cmt>
      </trkpt>
      <trkpt lat="47.358139" lon="8.564474">
        <ele>440</ele>
        <time>2024-07-06T03:36:49Z</time>
      </trkpt>
      <trkpt lat="47.358066" lon="8.564689">
        <ele>464</ele>
        <time>2024-07-06T03:36:51Z</time>
        <cmt>speed: 1.8</cmt>
      </trkpt>
      <trkpt lat="47.358262" lon="8.564293">
        <ele>464</ele>
        <time>2024-07-06T03:46:52Z</time>
        <cmt>speed: 0.5</cmt>
      </trkpt>
      <trkpt lat="47.358262" lon="8.564293">
        <ele>464</ele>
        <time>2024-07-06T03:51:43Z</time>
      </trkpt>
      <trkpt lat="47.358262" lon="8.564236">
        <ele>451</ele>
        <time>2024-07-06T03:56:52Z</time>
        <cmt>speed: 0.2</cmt>
      </trkpt>
      <trkpt lat="47.358191" lon="8.564408">
        <ele>448</ele>
        <time>2024-07-06T04:06:53Z</time>
        <cmt>speed: 0.2</cmt>
      </trkpt>
      <trkpt lat="47.358191" lon="8.564408">
        <ele>448</ele>
        <time>2024-07-06T04:16:50Z</time>
      </trkpt>
      <trkpt lat="47.358179" lon="8.564326">
        <ele>469</ele>
        <time>2024-07-06T04:16:53Z</time>
        <cmt>speed: 0.1</cmt>
      </trkpt>
      <trkpt lat="47.358098" lon="8.563812">
        <ele>460</ele>
        <time>2024-07-06T04:26:53Z</time>
        <cmt>speed: 0.6</cmt>
      </trkpt>
      <trkpt lat="47.357801" lon="8.56301">
        <ele>466</ele>
        <time>2024-07-06T04:37:01Z</time>
        <cmt>speed: 0.0</cmt>
      </trkpt>
      <trkpt lat="47.357971" lon="8.562085">
        <ele>476</ele>
        <time>2024-07-06T05:06:55Z</time>
        <cmt>speed: 0.1</cmt>
      </trkpt>
      <trkpt lat="47.358011" lon="8.562105">
        <ele>435</ele>
        <time>2024-07-06T05:49:42Z</time>
        <cmt>speed: 0.1</cmt>
      </trkpt>
      <trkpt lat="47.358011" lon="8.562105">
        <ele>435</ele>
        <time>2024-07-06T05:59:33Z</time>
      </trkpt>
      <trkpt lat="47.358021" lon="8.562095">
        <ele>442</ele>
        <time>2024-07-06T05:59:36Z</time>
        <cmt>speed: 0.1</cmt>
      </trkpt>
      <trkpt lat="47.35815" lon="8.562536">
        <ele>413</ele>
        <time>2024-07-06T06:09:58Z</time>
        <cmt>speed: 1.7</cmt>
      </trkpt>
      <trkpt lat="47.35815" lon="8.562536">
        <ele>413</ele>
        <time>2024-07-06T06:11:43Z</time>
      </trkpt>
      <trkpt lat="47.358036" lon="8.562364">
        <ele>492</ele>
        <time>2024-07-06T07:05:52Z</time>
        <cmt>speed: 0.9</cmt>
      </trkpt>
      <trkpt lat="47.358036" lon="8.562364">
        <ele>492</ele>
        <time>2024-07-06T07:15:44Z</time>
      </trkpt>
      <trkpt lat="47.35807" lon="8.562316">
        <ele>487</ele>
        <time>2024-07-06T07:15:47Z</time>
        <cmt>speed: 0.6</cmt>
      </trkpt>
      <trkpt lat="47.358176" lon="8.562532">
        <ele>455</ele>
        <time>2024-07-06T07:25:51Z</time>
        <cmt>speed: 0.1</cmt>
      </trkpt>
      <trkpt lat="47.357899" lon="8.562312">
        <ele>497</ele>
        <time>2024-07-06T07:35:50Z</time>
        <cmt>speed: 0.2</cmt>
      </trkpt>
      <trkpt lat="47.358012" lon="8.562411">
        <ele>459</ele>
        <time>2024-07-06T08:05:23Z</time>
        <cmt>speed: 0.4</cmt>
      </trkpt>
      <trkpt lat="47.358031" lon="8.562609">
        <ele>444</ele>
        <time>2024-07-06T08:54:26Z</time>
        <cmt>speed: 0.3</cmt>
      </trkpt>
      <trkpt lat="47.358369" lon="8.562261">
        <ele>415</ele>
        <time>2024-07-06T09:16:39Z</time>
        <cmt>speed: 0.1</cmt>
      </trkpt>
      <trkpt lat="47.35827" lon="8.562003">
        <ele>451</ele>
        <time>2024-07-06T09:36:31Z</time>
        <cmt>speed: 0.0</cmt>
      </trkpt>
      <trkpt lat="47.357963" lon="8.562016">
        <ele>451</ele>
        <time>2024-07-06T09:46:03Z</time>
        <cmt>speed: 0.0</cmt>
      </trkpt>
      <trkpt lat="47.35794" lon="8.562054">
        <ele>445</ele>
        <time>2024-07-06T09:46:06Z</time>
        <cmt>speed: 0.0</cmt>
      </trkpt>
      <trkpt lat="47.358053" lon="8.562434">
        <ele>377</ele>
        <time>2024-07-06T09:46:26Z</time>
        <cmt>speed: 0.8</cmt>
      </trkpt>
      <trkpt lat="47.359274" lon="8.561655">
        <ele>438</ele>
        <time>2024-07-06T09:56:26Z</time>
        <cmt>speed: 1.6</cmt>
      </trkpt>
      <trkpt lat="47.359959" lon="8.563643">
        <ele>434</ele>
        <time>2024-07-06T10:03:40Z</time>
      </trkpt>
      <trkpt lat="47.359959" lon="8.563643">
        <ele>434</ele>
        <time>2024-07-06T10:05:23Z</time>
      </trkpt>
      <trkpt lat="47.359959" lon="8.563643">
        <ele>434</ele>
        <time>2024-07-06T10:15:23Z</time>
      </trkpt>
      <trkpt lat="47.359959" lon="8.563643">
        <ele>434</ele>
        <time>2024-07-06T10:25:23Z</time>
      </trkpt>
      <trkpt lat="47.359959" lon="8.563643">
        <ele>434</ele>
        <time>2024-07-06T10:35:23Z</time>
      </trkpt>
      <trkpt lat="47.359959" lon="8.563643">
        <ele>434</ele>
        <time>2024-07-06T10:45:23Z</time>
      </trkpt>
      <trkpt lat="47.359959" lon="8.563643">
        <ele>434</ele>
        <time>2024-07-06T10:55:23Z</time>
      </trkpt>
      <trkpt lat="47.359959" lon="8.563643">
        <ele>434</ele>
        <time>2024-07-06T11:05:23Z</time>
      </trkpt>
      <trkpt lat="47.359959" lon="8.563643">
        <ele>434</ele>
        <time>2024-07-06T11:15:23Z</time>
      </trkpt>
      <trkpt lat="47.359959" lon="8.563643">
        <ele>434</ele>
        <time>2024-07-06T11:25:23Z</time>
      </trkpt>
      <trkpt lat="47.359959" lon="8.563643">
        <ele>434</ele>
        <time>2024-07-06T11:35:23Z</time>
      </trkpt>
      <trkpt lat="47.359959" lon="8.563643">
        <ele>434</ele>
        <time>2024-07-06T11:45:23Z</time>
      </trkpt>
      <trkpt lat="47.359959" lon="8.563643">
        <ele>434</ele>
        <time>2024-07-06T11:55:23Z</time>
      </trkpt>
      <trkpt lat="47.359959" lon="8.563643">
        <ele>434</ele>
        <time>2024-07-06T12:05:23Z</time>
      </trkpt>
      <trkpt lat="47.359959" lon="8.563643">
        <ele>434</ele>
        <time>2024-07-06T12:15:23Z</time>
      </trkpt>
      <trkpt lat="47.359959" lon="8.563643">
        <ele>434</ele>
        <time>2024-07-06T12:25:23Z</time>
      </trkpt>
      <trkpt lat="47.359959" lon="8.563643">
        <ele>434</ele>
        <time>2024-07-06T12:29:45Z</time>
      </trkpt>
      <trkpt lat="47.359959" lon="8.563643">
        <ele>434</ele>
        <time>2024-07-06T12:39:45Z</time>
      </trkpt>
      <trkpt lat="47.359959" lon="8.563643">
        <ele>434</ele>
        <time>2024-07-06T12:49:45Z</time>
      </trkpt>
      <trkpt lat="47.359959" lon="8.563643">
        <ele>434</ele>
        <time>2024-07-06T12:59:45Z</time>
      </trkpt>
      <trkpt lat="47.359959" lon="8.563643">
        <ele>434</ele>
        <time>2024-07-06T13:09:45Z</time>
      </trkpt>
      <trkpt lat="47.359959" lon="8.563643">
        <ele>434</ele>
        <time>2024-07-06T13:19:45Z</time>
      </trkpt>
      <trkpt lat="47.359959" lon="8.563643">
        <ele>434</ele>
        <time>2024-07-06T13:29:45Z</time>
      </trkpt>
      <trkpt lat="47.359959" lon="8.563643">
        <ele>434</ele>
        <time>2024-07-06T13:39:45Z</time>
      </trkpt>
      <trkpt lat="47.359959" lon="8.563643">
        <ele>434</ele>
        <time>2024-07-06T13:49:45Z</time>
      </trkpt>
      <trkpt lat="47.359959" lon="8.563643">
        <ele>434</ele>
        <time>2024-07-06T13:59:45Z</time>
      </trkpt>
      <trkpt lat="47.359959" lon="8.563643">
        <ele>434</ele>
        <time>2024-07-06T14:09:45Z</time>
      </trkpt>
      <trkpt lat="47.359959" lon="8.563643">
        <ele>434</ele>
        <time>2024-07-06T14:19:45Z</time>
      </trkpt>
      <trkpt lat="47.359959" lon="8.563643">
        <ele>434</ele>
        <time>2024-07-06T14:29:45Z</time>
      </trkpt>
      <trkpt lat="47.359959" lon="8.563643">
        <ele>434</ele>
        <time>2024-07-06T14:39:45Z</time>
      </trkpt>
      <trkpt lat="47.359959" lon="8.563643">
        <ele>434</ele>
        <time>2024-07-06T14:49:45Z</time>
      </trkpt>
      <trkpt lat="47.359959" lon="8.563643">
        <ele>434</ele>
        <time>2024-07-06T14:59:45Z</time>
      </trkpt>
      <trkpt lat="47.359959" lon="8.563643">
        <ele>434</ele>
        <time>2024-07-06T15:09:45Z</time>
      </trkpt>
      <trkpt lat="47.359959" lon="8.563643">
        <ele>434</ele>
        <time>2024-07-06T15:19:45Z</time>
      </trkpt>
      <trkpt lat="47.359959" lon="8.563643">
        <ele>434</ele>
        <time>2024-07-06T15:29:45Z</time>
      </trkpt>
      <trkpt lat="47.359959" lon="8.563643">
        <ele>434</ele>
        <time>2024-07-06T15:39:45Z</time>
      </trkpt>
      <trkpt lat="47.359959" lon="8.563643">
        <ele>434</ele>
        <time>2024-07-06T15:49:45Z</time>
      </trkpt>
      <trkpt lat="47.359959" lon="8.563643">
        <ele>434</ele>
        <time>2024-07-06T15:59:45Z</time>
      </trkpt>
      <trkpt lat="47.359959" lon="8.563643">
        <ele>434</ele>
        <time>2024-07-06T16:09:45Z</time>
      </trkpt>
      <trkpt lat="47.359959" lon="8.563643">
        <ele>434</ele>
        <time>2024-07-06T16:19:45Z</time>
      </trkpt>
      <trkpt lat="47.359959" lon="8.563643">
        <ele>434</ele>
        <time>2024-07-06T16:29:45Z</time>
      </trkpt>
      <trkpt lat="47.359959" lon="8.563643">
        <ele>434</ele>
        <time>2024-07-06T16:39:45Z</time>
      </trkpt>
      <trkpt lat="47.359959" lon="8.563643">
        <ele>434</ele>
        <time>2024-07-06T16:49:45Z</time>
      </trkpt>
      <trkpt lat="47.359959" lon="8.563643">
        <ele>434</ele>
        <time>2024-07-06T16:59:45Z</time>
      </trkpt>
      <trkpt lat="47.359959" lon="8.563643">
        <ele>434</ele>
        <time>2024-07-06T17:09:45Z</time>
      </trkpt>
      <trkpt lat="47.359959" lon="8.563643">
        <ele>434</ele>
        <time>2024-07-06T17:19:45Z</time>
      </trkpt>
      <trkpt lat="47.359959" lon="8.563643">
        <ele>434</ele>
        <time>2024-07-06T17:29:45Z</time>
      </trkpt>
      <trkpt lat="47.359959" lon="8.563643">
        <ele>434</ele>
        <time>2024-07-06T17:39:45Z</time>
      </trkpt>
      <trkpt lat="47.359959" lon="8.563643">
        <ele>434</ele>
        <time>2024-07-06T17:49:45Z</time>
      </trkpt>
      <trkpt lat="47.359959" lon="8.563643">
        <ele>434</ele>
        <time>2024-07-06T17:59:45Z</time>
      </trkpt>
      <trkpt lat="47.359959" lon="8.563643">
        <ele>434</ele>
        <time>2024-07-06T18:09:45Z</time>
      </trkpt>
      <trkpt lat="47.359959" lon="8.563643">
        <ele>434</ele>
        <time>2024-07-06T18:19:45Z</time>
      </trkpt>
      <trkpt lat="47.359959" lon="8.563643">
        <ele>434</ele>
        <time>2024-07-06T18:29:45Z</time>
      </trkpt>
      <trkpt lat="47.359959" lon="8.563643">
        <ele>434</ele>
        <time>2024-07-06T18:39:45Z</time>
      </trkpt>
      <trkpt lat="47.359959" lon="8.563643">
        <ele>434</ele>
        <time>2024-07-06T18:49:45Z</time>
      </trkpt>
      <trkpt lat="47.359959" lon="8.563643">
        <ele>434</ele>
        <time>2024-07-06T18:59:45Z</time>
      </trkpt>
      <trkpt lat="47.359959" lon="8.563643">
        <ele>434</ele>
        <time>2024-07-06T19:09:45Z</time>
      </trkpt>
      <trkpt lat="47.359959" lon="8.563643">
        <ele>434</ele>
        <time>2024-07-06T19:19:45Z</time>
      </trkpt>
      <trkpt lat="47.359959" lon="8.563643">
        <ele>434</ele>
        <time>2024-07-06T19:29:45Z</time>
      </trkpt>
      <trkpt lat="47.359959" lon="8.563643">
        <ele>434</ele>
        <time>2024-07-06T19:39:45Z</time>
      </trkpt>
      <trkpt lat="47.359959" lon="8.563643">
        <ele>434</ele>
        <time>2024-07-06T19:49:45Z</time>
      </trkpt>
      <trkpt lat="47.359959" lon="8.563643">
        <ele>434</ele>
        <time>2024-07-06T19:59:45Z</time>
      </trkpt>
      <trkpt lat="47.359959" lon="8.563643">
        <ele>434</ele>
        <time>2024-07-06T20:09:45Z</time>
      </trkpt>
      <trkpt lat="47.359959" lon="8.563643">
        <ele>434</ele>
        <time>2024-07-06T20:19:45Z</time>
      </trkpt>
      <trkpt lat="47.359959" lon="8.563643">
        <ele>434</ele>
        <time>2024-07-06T20:29:45Z</time>
      </trkpt>
      <trkpt lat="47.359959" lon="8.563643">
        <ele>434</ele>
        <time>2024-07-06T20:39:45Z</time>
      </trkpt>
      <trkpt lat="47.359959" lon="8.563643">
        <ele>434</ele>
        <time>2024-07-06T20:49:45Z</time>
      </trkpt>
      <trkpt lat="47.359959" lon="8.563643">
        <ele>434</ele>
        <time>2024-07-06T20:59:45Z</time>
      </trkpt>
      <trkpt lat="47.359959" lon="8.563643">
        <ele>434</ele>
        <time>2024-07-06T21:09:45Z</time>
      </trkpt>
      <trkpt lat="47.359959" lon="8.563643">
        <ele>434</ele>
        <time>2024-07-06T21:19:45Z</time>
      </trkpt>
      <trkpt lat="47.359959" lon="8.563643">
        <ele>434</ele>
        <time>2024-07-06T21:29:45Z</time>
      </trkpt>
      <trkpt lat="47.359959" lon="8.563643">
        <ele>434</ele>
        <time>2024-07-06T21:39:45Z</time>
      </trkpt>
      <trkpt lat="47.359959" lon="8.563643">
        <ele>434</ele>
        <time>2024-07-06T21:49:45Z</time>
      </trkpt>
      <trkpt lat="47.359959" lon="8.563643">
        <ele>434</ele>
        <time>2024-07-06T21:59:45Z</time>
      </trkpt>
      <trkpt lat="47.359959" lon="8.563643">
        <ele>434</ele>
        <time>2024-07-06T22:09:45Z</time>
      </trkpt>
      <trkpt lat="47.359959" lon="8.563643">
        <ele>434</ele>
        <time>2024-07-06T22:19:45Z</time>
      </trkpt>
      <trkpt lat="47.359959" lon="8.563643">
        <ele>434</ele>
        <time>2024-07-06T22:29:45Z</time>
      </trkpt>
      <trkpt lat="47.359959" lon="8.563643">
        <ele>434</ele>
        <time>2024-07-06T22:39:45Z</time>
      </trkpt>
      <trkpt lat="47.359959" lon="8.563643">
        <ele>434</ele>
        <time>2024-07-06T22:49:45Z</time>
      </trkpt>
      <trkpt lat="47.359959" lon="8.563643">
        <ele>434</ele>
        <time>2024-07-06T22:59:45Z</time>
      </trkpt>
      <trkpt lat="47.359959" lon="8.563643">
        <ele>434</ele>
        <time>2024-07-06T23:09:45Z</time>
      </trkpt>
      <trkpt lat="47.359959" lon="8.563643">
        <ele>434</ele>
        <time>2024-07-06T23:19:45Z</time>
      </trkpt>
      <trkpt lat="47.359959" lon="8.563643">
        <ele>434</ele>
        <time>2024-07-06T23:29:45Z</time>
      </trkpt>
      <trkpt lat="47.359959" lon="8.563643">
        <ele>434</ele>
        <time>2024-07-06T23:39:45Z</time>
      </trkpt>
      <trkpt lat="47.359959" lon="8.563643">
        <ele>434</ele>
        <time>2024-07-06T23:49:45Z</time>
      </trkpt>
      <trkpt lat="47.359959" lon="8.563643">
        <ele>434</ele>
        <time>2024-07-06T23:59:45Z</time>
      </trkpt>
      <trkpt lat="47.359959" lon="8.563643">
        <ele>434</ele>
        <time>2024-07-07T00:09:45Z</time>
      </trkpt>
      <trkpt lat="47.359959" lon="8.563643">
        <ele>434</ele>
        <time>2024-07-07T00:19:45Z</time>
      </trkpt>
      <trkpt lat="47.359959" lon="8.563643">
        <ele>434</ele>
        <time>2024-07-07T00:29:45Z</time>
      </trkpt>
      <trkpt lat="47.359959" lon="8.563643">
        <ele>434</ele>
        <time>2024-07-07T00:39:45Z</time>
      </trkpt>
      <trkpt lat="47.359959" lon="8.563643">
        <ele>434</ele>
        <time>2024-07-07T00:49:45Z</time>
      </trkpt>
      <trkpt lat="47.359959" lon="8.563643">
        <ele>434</ele>
        <time>2024-07-07T00:59:45Z</time>
      </trkpt>
      <trkpt lat="47.359959" lon="8.563643">
        <ele>434</ele>
        <time>2024-07-07T01:09:45Z</time>
      </trkpt>
      <trkpt lat="47.359959" lon="8.563643">
        <ele>434</ele>
        <time>2024-07-07T01:19:45Z</time>
      </trkpt>
      <trkpt lat="47.359959" lon="8.563643">
        <ele>434</ele>
        <time>2024-07-07T01:29:45Z</time>
      </trkpt>
      <trkpt lat="47.359959" lon="8.563643">
        <ele>434</ele>
        <time>2024-07-07T01:39:45Z</time>
      </trkpt>
      <trkpt lat="47.359959" lon="8.563643">
        <ele>434</ele>
        <time>2024-07-07T01:49:45Z</time>
      </trkpt>
      <trkpt lat="47.359959" lon="8.563643">
        <ele>434</ele>
        <time>2024-07-07T01:59:45Z</time>
      </trkpt>
      <trkpt lat="47.359959" lon="8.563643">
        <ele>434</ele>
        <time>2024-07-07T02:09:45Z</time>
      </trkpt>
      <trkpt lat="47.359959" lon="8.563643">
        <ele>434</ele>
        <time>2024-07-07T02:19:45Z</time>
      </trkpt>
      <trkpt lat="47.359959" lon="8.563643">
        <ele>434</ele>
        <time>2024-07-07T02:29:45Z</time>
      </trkpt>
      <trkpt lat="47.359959" lon="8.563643">
        <ele>434</ele>
        <time>2024-07-07T02:39:45Z</time>
      </trkpt>
      <trkpt lat="47.359959" lon="8.563643">
        <ele>434</ele>
        <time>2024-07-07T02:49:45Z</time>
      </trkpt>
      <trkpt lat="47.359959" lon="8.563643">
        <ele>434</ele>
        <time>2024-07-07T02:59:45Z</time>
      </trkpt>
      <trkpt lat="47.359959" lon="8.563643">
        <ele>434</ele>
        <time>2024-07-07T03:09:45Z</time>
      </trkpt>
      <trkpt lat="47.359959" lon="8.563643">
        <ele>434</ele>
        <time>2024-07-07T03:19:45Z</time>
      </trkpt>
      <trkpt lat="47.359959" lon="8.563643">
        <ele>434</ele>
        <time>2024-07-07T03:29:45Z</time>
      </trkpt>
      <trkpt lat="47.359959" lon="8.563643">
        <ele>434</ele>
        <time>2024-07-07T03:39:45Z</time>
      </trkpt>
      <trkpt lat="47.359959" lon="8.563643">
        <ele>434</ele>
        <time>2024-07-07T03:49:45Z</time>
      </trkpt>
      <trkpt lat="47.359959" lon="8.563643">
        <ele>434</ele>
        <time>2024-07-07T03:59:45Z</time>
      </trkpt>
      <trkpt lat="47.359959" lon="8.563643">
        <ele>434</ele>
        <time>2024-07-07T04:09:45Z</time>
      </trkpt>
      <trkpt lat="47.359959" lon="8.563643">
        <ele>434</ele>
        <time>2024-07-07T04:19:45Z</time>
      </trkpt>
      <trkpt lat="47.359959" lon="8.563643">
        <ele>434</ele>
        <time>2024-07-07T04:29:45Z</time>
      </trkpt>
      <trkpt lat="47.359959" lon="8.563643">
        <ele>434</ele>
        <time>2024-07-07T04:39:45Z</time>
      </trkpt>
      <trkpt lat="47.359959" lon="8.563643">
        <ele>434</ele>
        <time>2024-07-07T04:49:45Z</time>
      </trkpt>
      <trkpt lat="47.359959" lon="8.563643">
        <ele>434</ele>
        <time>2024-07-07T04:59:45Z</time>
      </trkpt>
      <trkpt lat="47.359959" lon="8.563643">
        <ele>434</ele>
        <time>2024-07-07T05:09:45Z</time>
      </trkpt>
      <trkpt lat="47.359959" lon="8.563643">
        <ele>434</ele>
        <time>2024-07-07T05:19:45Z</time>
      </trkpt>
      <trkpt lat="47.359959" lon="8.563643">
        <ele>434</ele>
        <time>2024-07-07T05:29:45Z</time>
      </trkpt>
      <trkpt lat="47.359959" lon="8.563643">
        <ele>434</ele>
        <time>2024-07-07T05:39:45Z</time>
      </trkpt>
      <trkpt lat="47.359959" lon="8.563643">
        <ele>434</ele>
        <time>2024-07-07T05:49:45Z</time>
      </trkpt>
      <trkpt lat="47.359959" lon="8.563643">
        <ele>434</ele>
        <time>2024-07-07T05:59:45Z</time>
      </trkpt>
      <trkpt lat="47.359959" lon="8.563643">
        <ele>434</ele>
        <time>2024-07-07T06:09:45Z</time>
      </trkpt>
      <trkpt lat="47.359959" lon="8.563643">
        <ele>434</ele>
        <time>2024-07-07T06:19:45Z</time>
      </trkpt>
      <trkpt lat="47.359959" lon="8.563643">
        <ele>434</ele>
        <time>2024-07-07T06:29:45Z</time>
      </trkpt>
      <trkpt lat="47.359959" lon="8.563643">
        <ele>434</ele>
        <time>2024-07-07T06:39:45Z</time>
      </trkpt>
      <trkpt lat="47.359959" lon="8.563643">
        <ele>434</ele>
        <time>2024-07-07T06:49:45Z</time>
      </trkpt>
      <trkpt lat="47.359959" lon="8.563643">
        <ele>434</ele>
        <time>2024-07-07T06:59:45Z</time>
      </trkpt>
      <trkpt lat="47.359959" lon="8.563643">
        <ele>434</ele>
        <time>2024-07-07T07:09:45Z</time>
      </trkpt>
      <trkpt lat="47.359959" lon="8.563643">
        <ele>434</ele>
        <time>2024-07-07T07:19:45Z</time>
      </trkpt>
      <trkpt lat="47.359959" lon="8.563643">
        <ele>434</ele>
        <time>2024-07-07T07:29:45Z</time>
      </trkpt>
      <trkpt lat="47.359959" lon="8.563643">
        <ele>434</ele>
        <time>2024-07-07T07:39:45Z</time>
      </trkpt>
      <trkpt lat="47.359959" lon="8.563643">
        <ele>434</ele>
        <time>2024-07-07T07:49:45Z</time>
      </trkpt>
      <trkpt lat="47.359959" lon="8.563643">
        <ele>434</ele>
        <time>2024-07-07T07:59:45Z</time>
      </trkpt>
      <trkpt lat="47.359959" lon="8.563643">
        <ele>434</ele>
        <time>2024-07-07T08:09:45Z</time>
      </trkpt>
      <trkpt lat="47.359959" lon="8.563643">
        <ele>434</ele>
        <time>2024-07-07T08:19:45Z</time>
      </trkpt>
      <trkpt lat="47.359959" lon="8.563643">
        <ele>434</ele>
        <time>2024-07-07T08:29:45Z</time>
      </trkpt>
      <trkpt lat="47.359959" lon="8.563643">
        <ele>434</ele>
        <time>2024-07-07T08:39:45Z</time>
      </trkpt>
      <trkpt lat="47.359959" lon="8.563643">
        <ele>434</ele>
        <time>2024-07-07T08:49:45Z</time>
      </trkpt>
      <trkpt lat="47.359959" lon="8.563643">
        <ele>434</ele>
        <time>2024-07-07T08:51:57Z</time>
      </trkpt>
      <trkpt lat="47.35993" lon="8.563084">
        <ele>406</ele>
        <time>2024-07-07T13:04:02Z</time>
        <cmt>speed: 4.5</cmt>
      </trkpt>
      <trkpt lat="47.359429" lon="8.561132">
        <ele>479</ele>
        <time>2024-07-07T13:13:32Z</time>
        <cmt>speed: 0.4</cmt>
      </trkpt>
      <trkpt lat="47.358732" lon="8.562807">
        <ele>455</ele>
        <time>2024-07-07T13:23:26Z</time>
        <cmt>speed: 0.8</cmt>
      </trkpt>
      <trkpt lat="47.358252" lon="8.564421">
        <ele>438</ele>
        <time>2024-07-07T13:33:27Z</time>
        <cmt>speed: 0.3</cmt>
      </trkpt>
      <trkpt lat="47.357566" lon="8.564271">
        <ele>448</ele>
        <time>2024-07-07T13:43:28Z</time>
        <cmt>speed: 0.6</cmt>
      </trkpt>
      <trkpt lat="47.357509" lon="8.564363">
        <ele>483</ele>
        <time>2024-07-07T13:53:26Z</time>
        <cmt>speed: 0.3</cmt>
      </trkpt>
      <trkpt lat="47.357509" lon="8.564363">
        <ele>483</ele>
        <time>2024-07-07T14:03:19Z</time>
      </trkpt>
      <trkpt lat="47.357381" lon="8.56462">
        <ele>457</ele>
        <time>2024-07-07T14:03:27Z</time>
        <cmt>speed: 0.0</cmt>
      </trkpt>
      <trkpt lat="47.357688" lon="8.563823">
        <ele>468</ele>
        <time>2024-07-07T14:13:29Z</time>
        <cmt>speed: 0.0</cmt>
      </trkpt>
      <trkpt lat="47.357688" lon="8.563823">
        <ele>468</ele>
        <time>2024-07-07T14:23:18Z</time>
      </trkpt>
      <trkpt lat="47.358036" lon="8.563538">
        <ele>440</ele>
        <time>2024-07-07T14:23:26Z</time>
        <cmt>speed: 0.0</cmt>
      </trkpt>
      <trkpt lat="47.358124" lon="8.563647">
        <ele>443</ele>
        <time>2024-07-07T14:33:26Z</time>
        <cmt>speed: 0.1</cmt>
      </trkpt>
      <trkpt lat="47.358002" lon="8.563172">
        <ele>470</ele>
        <time>2024-07-07T14:43:26Z</time>
        <cmt>speed: 0.6</cmt>
      </trkpt>
      <trkpt lat="47.358076" lon="8.563043">
        <ele>487</ele>
        <time>2024-07-07T14:53:26Z</time>
        <cmt>speed: 0.5</cmt>
      </trkpt>
      <trkpt lat="47.35848" lon="8.562896">
        <ele>475</ele>
        <time>2024-07-07T15:03:27Z</time>
        <cmt>speed: 0.4</cmt>
      </trkpt>
      <trkpt lat="47.35849" lon="8.56375">
        <ele>459</ele>
        <time>2024-07-07T15:13:27Z</time>
        <cmt>speed: 0.0</cmt>
      </trkpt>
      <trkpt lat="47.358354" lon="8.563791">
        <ele>461</ele>
        <time>2024-07-07T15:23:27Z</time>
        <cmt>speed: 0.8</cmt>
      </trkpt>
      <trkpt lat="47.358208" lon="8.564374">
        <ele>457</ele>
        <time>2024-07-07T15:33:27Z</time>
        <cmt>speed: 0.2</cmt>
      </trkpt>
      <trkpt lat="47.357819" lon="8.564404">
        <ele>472</ele>
        <time>2024-07-07T15:43:26Z</time>
        <cmt>speed: 0.5</cmt>
      </trkpt>
      <trkpt lat="47.357575" lon="8.564312">
        <ele>469</ele>
        <time>2024-07-07T15:53:26Z</time>
        <cmt>speed: 0.2</cmt>
      </trkpt>
      <trkpt lat="47.357262" lon="8.563741">
        <ele>443</ele>
        <time>2024-07-07T16:03:27Z</time>
        <cmt>speed: 0.1</cmt>
      </trkpt>
      <trkpt lat="47.357067" lon="8.563824">
        <ele>450</ele>
        <time>2024-07-07T16:13:27Z</time>
        <cmt>speed: 0.4</cmt>
      </trkpt>
      <trkpt lat="47.357067" lon="8.563824">
        <ele>450</ele>
        <time>2024-07-07T16:23:19Z</time>
      </trkpt>
      <trkpt lat="47.357312" lon="8.563859">
        <ele>457</ele>
        <time>2024-07-07T16:23:27Z</time>
        <cmt>speed: 0.6</cmt>
      </trkpt>
      <trkpt lat="47.357125" lon="8.563473">
        <ele>495</ele>
        <time>2024-07-07T16:33:29Z</time>
        <cmt>speed: 0.8</cmt>
      </trkpt>
      <trkpt lat="47.357125" lon="8.563473">
        <ele>495</ele>
        <time>2024-07-07T16:43:19Z</time>
      </trkpt>
      <trkpt lat="47.357134" lon="8.563787">
        <ele>466</ele>
        <time>2024-07-07T16:43:27Z</time>
        <cmt>speed: 0.0</cmt>
      </trkpt>
      <trkpt lat="47.357133" lon="8.563831">
        <ele>465</ele>
        <time>2024-07-07T16:53:28Z</time>
        <cmt>speed: 2.5</cmt>
      </trkpt>
      <trkpt lat="47.357896" lon="8.563881">
        <ele>468</ele>
        <time>2024-07-07T17:03:29Z</time>
        <cmt>speed: 0.6</cmt>
      </trkpt>
      <trkpt lat="47.357869" lon="8.565337">
        <ele>461</ele>
        <time>2024-07-07T17:13:26Z</time>
        <cmt>speed: 0.7</cmt>
      </trkpt>
      <trkpt lat="47.358507" lon="8.5651">
        <ele>438</ele>
        <time>2024-07-07T17:23:26Z</time>
        <cmt>speed: 1.2</cmt>
      </trkpt>
      <trkpt lat="47.358352" lon="8.565108">
        <ele>440</ele>
        <time>2024-07-07T17:33:32Z</time>
        <cmt>speed: 0.2</cmt>
      </trkpt>
      <trkpt lat="47.358352" lon="8.565108">
        <ele>440</ele>
        <time>2024-07-07T17:43:18Z</time>
      </trkpt>
      <trkpt lat="47.358556" lon="8.564732">
        <ele>412</ele>
        <time>2024-07-07T17:43:27Z</time>
        <cmt>speed: 3.9</cmt>
      </trkpt>
      <trkpt lat="47.358718" lon="8.564844">
        <ele>458</ele>
        <time>2024-07-07T17:53:27Z</time>
        <cmt>speed: 1.4</cmt>
      </trkpt>
      <trkpt lat="47.358718" lon="8.564844">
        <ele>458</ele>
        <time>2024-07-07T18:03:18Z</time>
      </trkpt>
      <trkpt lat="47.358416" lon="8.564866">
        <ele>439</ele>
        <time>2024-07-07T18:03:26Z</time>
        <cmt>speed: 0.4</cmt>
      </trkpt>
      <trkpt lat="47.358327" lon="8.565264">
        <ele>450</ele>
        <time>2024-07-07T18:13:27Z</time>
        <cmt>speed: 0.7</cmt>
      </trkpt>
      <trkpt lat="47.358327" lon="8.565264">
        <ele>450</ele>
        <time>2024-07-07T18:23:19Z</time>
      </trkpt>
      <trkpt lat="47.358516" lon="8.564498">
        <ele>439</ele>
        <time>2024-07-07T18:23:28Z</time>
        <cmt>speed: 0.1</cmt>
      </trkpt>
      <trkpt lat="47.358861" lon="8.562099">
        <ele>413</ele>
        <time>2024-07-07T18:33:28Z</time>
        <cmt>speed: 0.5</cmt>
      </trkpt>
      <trkpt lat="47.358861" lon="8.562099">
        <ele>413</ele>
        <time>2024-07-07T18:43:20Z</time>
      </trkpt>
      <trkpt lat="47.35878" lon="8.561149">
        <ele>410</ele>
        <time>2024-07-07T18:43:29Z</time>
        <cmt>speed: 0.2</cmt>
      </trkpt>
      <trkpt lat="47.359643" lon="8.561709">
        <ele>423</ele>
        <time>2024-07-07T18:53:28Z</time>
        <cmt>speed: 1.2</cmt>
      </trkpt>
      <trkpt lat="47.359959" lon="8.563643">
        <ele>434</ele>
        <time>2024-07-07T19:00:08Z</time>
      </trkpt>
      <trkpt lat="47.359959" lon="8.563643">
        <ele>434</ele>
        <time>2024-07-07T19:15:08Z</time>
      </trkpt>
      <trkpt lat="47.359974" lon="8.56367">
        <ele>434</ele>
        <time>2024-07-07T22:14:54Z</time>
      </trkpt>
      <trkpt lat="47.360145" lon="8.562503">
        <ele>467</ele>
        <time>2024-07-07T22:15:46Z</time>
        <cmt>speed: 1.4</cmt>
      </trkpt>
      <trkpt lat="47.358273" lon="8.561835">
        <ele>445</ele>
        <time>2024-07-07T22:25:06Z</time>
        <cmt>speed: 1.2</cmt>
      </trkpt>
      <trkpt lat="47.357381" lon="8.56186">
        <ele>408</ele>
        <time>2024-07-07T22:35:10Z</time>
        <cmt>speed: 0.2</cmt>
      </trkpt>
      <trkpt lat="47.357672" lon="8.562169">
        <ele>403</ele>
        <time>2024-07-07T22:45:13Z</time>
        <cmt>speed: 0.1</cmt>
      </trkpt>
      <trkpt lat="47.357488" lon="8.561161">
        <ele>454</ele>
        <time>2024-07-07T22:55:07Z</time>
        <cmt>speed: 0.6</cmt>
      </trkpt>
      <trkpt lat="47.357991" lon="8.561647">
        <ele>429</ele>
        <time>2024-07-07T23:05:08Z</time>
        <cmt>speed: 0.2</cmt>
      </trkpt>
      <trkpt lat="47.357991" lon="8.561647">
        <ele>429</ele>
        <time>2024-07-07T23:14:58Z</time>
      </trkpt>
      <trkpt lat="47.358052" lon="8.561549">
        <ele>443</ele>
        <time>2024-07-07T23:15:06Z</time>
        <cmt>speed: 0.0</cmt>
      </trkpt>
      <trkpt lat="47.35887" lon="8.56133">
        <ele>424</ele>
        <time>2024-07-07T23:25:11Z</time>
        <cmt>speed: 0.1</cmt>
      </trkpt>
      <trkpt lat="47.357961" lon="8.560796">
        <ele>447</ele>
        <time>2024-07-07T23:35:09Z</time>
        <cmt>speed: 1.7</cmt>
      </trkpt>
      <trkpt lat="47.358571" lon="8.560944">
        <ele>437</ele>
        <time>2024-07-07T23:45:08Z</time>
        <cmt>speed: 1.0</cmt>
      </trkpt>
      <trkpt lat="47.358358" lon="8.560868">
        <ele>427</ele>
        <time>2024-07-07T23:55:09Z</time>
        <cmt>speed: 0.4</cmt>
      </trkpt>
      <trkpt lat="47.35828" lon="8.560711">
        <ele>428</ele>
        <time>2024-07-08T00:15:09Z</time>
        <cmt>speed: 0.1</cmt>
      </trkpt>
      <trkpt lat="47.358356" lon="8.560848">
        <ele>423</ele>
        <time>2024-07-08T00:25:06Z</time>
        <cmt>speed: 0.2</cmt>
      </trkpt>
      <trkpt lat="47.358188" lon="8.56089">
        <ele>459</ele>
        <time>2024-07-08T00:35:08Z</time>
        <cmt>speed: 0.0</cmt>
      </trkpt>
      <trkpt lat="47.359974" lon="8.56367">
        <ele>434</ele>
        <time>2024-07-08T00:50:04Z</time>
      </trkpt>
      <trkpt lat="47.359974" lon="8.56367">
        <ele>434</ele>
        <time>2024-07-08T01:05:02Z</time>
      </trkpt>
      <trkpt lat="47.359974" lon="8.56367">
        <ele>434</ele>
        <time>2024-07-08T01:05:04Z</time>
      </trkpt>
      <trkpt lat="47.360044" lon="8.563585">
        <ele>445</ele>
        <time>2024-07-08T03:08:59Z</time>
        <cmt>speed: 1.5</cmt>
      </trkpt>
      <trkpt lat="47.358333" lon="8.560567">
        <ele>445</ele>
        <time>2024-07-08T03:28:25Z</time>
        <cmt>speed: 0.6</cmt>
      </trkpt>
      <trkpt lat="47.357708" lon="8.561147">
        <ele>451</ele>
        <time>2024-07-08T03:38:33Z</time>
        <cmt>speed: 0.2</cmt>
      </trkpt>
      <trkpt lat="47.357708" lon="8.561147">
        <ele>451</ele>
        <time>2024-07-08T03:48:15Z</time>
      </trkpt>
      <trkpt lat="47.358932" lon="8.560941">
        <ele>480</ele>
        <time>2024-07-08T03:48:24Z</time>
        <cmt>speed: 0.2</cmt>
      </trkpt>
      <trkpt lat="47.358631" lon="8.561084">
        <ele>449</ele>
        <time>2024-07-08T03:58:24Z</time>
        <cmt>speed: 0.2</cmt>
      </trkpt>
      <trkpt lat="47.358631" lon="8.561084">
        <ele>449</ele>
        <time>2024-07-08T04:08:15Z</time>
      </trkpt>
      <trkpt lat="47.358595" lon="8.561212">
        <ele>441</ele>
        <time>2024-07-08T04:08:25Z</time>
        <cmt>speed: 0.2</cmt>
      </trkpt>
      <trkpt lat="47.358576" lon="8.561056">
        <ele>464</ele>
        <time>2024-07-08T04:18:26Z</time>
        <cmt>speed: 0.2</cmt>
      </trkpt>
      <trkpt lat="47.358667" lon="8.561155">
        <ele>434</ele>
        <time>2024-07-08T04:28:25Z</time>
        <cmt>speed: 0.1</cmt>
      </trkpt>
      <trkpt lat="47.358667" lon="8.561155">
        <ele>434</ele>
        <time>2024-07-08T04:28:25Z</time>
      </trkpt>
      <trkpt lat="47.358618" lon="8.561145">
        <ele>456</ele>
        <time>2024-07-08T04:38:48Z</time>
        <cmt>speed: 0.0</cmt>
      </trkpt>
      <trkpt lat="47.358632" lon="8.561139">
        <ele>415</ele>
        <time>2024-07-08T04:48:30Z</time>
        <cmt>speed: 0.8</cmt>
      </trkpt>
      <trkpt lat="47.358458" lon="8.561274">
        <ele>479</ele>
        <time>2024-07-08T04:58:26Z</time>
        <cmt>speed: 0.0</cmt>
      </trkpt>
      <trkpt lat="47.358725" lon="8.561073">
        <ele>439</ele>
        <time>2024-07-08T05:08:25Z</time>
        <cmt>speed: 0.3</cmt>
      </trkpt>
      <trkpt lat="47.358773" lon="8.561168">
        <ele>464</ele>
        <time>2024-07-08T05:18:27Z</time>
        <cmt>speed: 0.2</cmt>
      </trkpt>
      <trkpt lat="47.35875" lon="8.561221">
        <ele>421</ele>
        <time>2024-07-08T05:44:31Z</time>
        <cmt>speed: 0.1</cmt>
      </trkpt>
      <trkpt lat="47.35875" lon="8.561221">
        <ele>421</ele>
        <time>2024-07-08T05:54:29Z</time>
      </trkpt>
      <trkpt lat="47.35878" lon="8.561268">
        <ele>455</ele>
        <time>2024-07-08T05:54:30Z</time>
        <cmt>speed: 0.0</cmt>
      </trkpt>
      <trkpt lat="47.358673" lon="8.561312">
        <ele>443</ele>
        <time>2024-07-08T06:04:28Z</time>
        <cmt>speed: 0.1</cmt>
      </trkpt>
      <trkpt lat="47.358673" lon="8.561312">
        <ele>443</ele>
        <time>2024-07-08T06:08:25Z</time>
      </trkpt>
      <trkpt lat="47.358743" lon="8.561225">
        <ele>417</ele>
        <time>2024-07-08T06:14:31Z</time>
        <cmt>speed: 0.8</cmt>
      </trkpt>
      <trkpt lat="47.358611" lon="8.561063">
        <ele>435</ele>
        <time>2024-07-08T06:24:29Z</time>
        <cmt>speed: 0.2</cmt>
      </trkpt>
      <trkpt lat="47.358698" lon="8.560801">
        <ele>449</ele>
        <time>2024-07-08T06:34:27Z</time>
        <cmt>speed: 1.0</cmt>
      </trkpt>
      <trkpt lat="47.35917" lon="8.560439">
        <ele>470</ele>
        <time>2024-07-08T06:44:29Z</time>
        <cmt>speed: 0.9</cmt>
      </trkpt>
      <trkpt lat="47.359127" lon="8.560131">
        <ele>466</ele>
        <time>2024-07-08T06:54:28Z</time>
        <cmt>speed: 0.0</cmt>
      </trkpt>
      <trkpt lat="47.359127" lon="8.560131">
        <ele>466</ele>
        <time>2024-07-08T06:54:28Z</time>
      </trkpt>
      <trkpt lat="47.359312" lon="8.560273">
        <ele>493</ele>
        <time>2024-07-08T07:05:47Z</time>
        <cmt>speed: 0.0</cmt>
      </trkpt>
      <trkpt lat="47.359299" lon="8.560049">
        <ele>482</ele>
        <time>2024-07-08T07:48:37Z</time>
        <cmt>speed: 2.2</cmt>
      </trkpt>
      <trkpt lat="47.359299" lon="8.560049">
        <ele>482</ele>
        <time>2024-07-08T07:48:37Z</time>
      </trkpt>
      <trkpt lat="47.358861" lon="8.560573">
        <ele>472</ele>
        <time>2024-07-08T07:58:39Z</time>
        <cmt>speed: 0.3</cmt>
      </trkpt>
      <trkpt lat="47.358031" lon="8.559776">
        <ele>455</ele>
        <time>2024-07-08T08:08:39Z</time>
        <cmt>speed: 0.4</cmt>
      </trkpt>
      <trkpt lat="47.357632" lon="8.560023">
        <ele>434</ele>
        <time>2024-07-08T08:18:45Z</time>
        <cmt>speed: 0.5</cmt>
      </trkpt>
      <trkpt lat="47.357632" lon="8.560023">
        <ele>434</ele>
        <time>2024-07-08T08:28:38Z</time>
      </trkpt>
      <trkpt lat="47.357788" lon="8.560331">
        <ele>419</ele>
        <time>2024-07-08T08:28:39Z</time>
        <cmt>speed: 0.3</cmt>
      </trkpt>
      <trkpt lat="47.357788" lon="8.560331">
        <ele>419</ele>
        <time>2024-07-08T08:48:41Z</time>
      </trkpt>
      <trkpt lat="47.357659" lon="8.560326">
        <ele>452</ele>
        <time>2024-07-08T08:48:42Z</time>
        <cmt>speed: 1.1</cmt>
      </trkpt>
      <trkpt lat="47.357968" lon="8.560675">
        <ele>392</ele>
        <time>2024-07-08T09:03:25Z</time>
        <cmt>speed: 0.5</cmt>
      </trkpt>
      <trkpt lat="47.357968" lon="8.560675">
        <ele>392</ele>
        <time>2024-07-08T09:08:25Z</time>
      </trkpt>
      <trkpt lat="47.357669" lon="8.560194">
        <ele>469</ele>
        <time>2024-07-08T09:48:08Z</time>
        <cmt>speed: 1.5</cmt>
      </trkpt>
      <trkpt lat="47.357669" lon="8.560194">
        <ele>469</ele>
        <time>2024-07-08T09:48:25Z</time>
      </trkpt>
      <trkpt lat="47.357969" lon="8.560471">
        <ele>442</ele>
        <time>2024-07-08T09:58:09Z</time>
        <cmt>speed: 0.2</cmt>
      </trkpt>
      <trkpt lat="47.357703" lon="8.560119">
        <ele>439</ele>
        <time>2024-07-08T10:08:09Z</time>
        <cmt>speed: 0.4</cmt>
      </trkpt>
      <trkpt lat="47.357703" lon="8.560119">
        <ele>439</ele>
        <time>2024-07-08T10:08:25Z</time>
      </trkpt>
      <trkpt lat="47.357627" lon="8.560289">
        <ele>392</ele>
        <time>2024-07-08T10:18:10Z</time>
        <cmt>speed: 0.1</cmt>
      </trkpt>
      <trkpt lat="47.357882" lon="8.560409">
        <ele>439</ele>
        <time>2024-07-08T10:28:09Z</time>
        <cmt>speed: 0.5</cmt>
      </trkpt>
      <trkpt lat="47.357413" lon="8.560698">
        <ele>467</ele>
        <time>2024-07-08T10:38:11Z</time>
        <cmt>speed: 0.5</cmt>
      </trkpt>
      <trkpt lat="47.357882" lon="8.560161">
        <ele>450</ele>
        <time>2024-07-08T10:48:09Z</time>
        <cmt>speed: 0.1</cmt>
      </trkpt>
      <trkpt lat="47.358949" lon="8.561039">
        <ele>428</ele>
        <time>2024-07-08T10:58:08Z</time>
        <cmt>speed: 0.3</cmt>
      </trkpt>
      <trkpt lat="47.358139" lon="8.562103">
        <ele>424</ele>
        <time>2024-07-08T11:08:10Z</time>
        <cmt>speed: 0.8</cmt>
      </trkpt>
      <trkpt lat="47.358033" lon="8.562491">
        <ele>452</ele>
        <time>2024-07-08T11:18:16Z</time>
        <cmt>speed: 0.1</cmt>
      </trkpt>
      <trkpt lat="47.358033" lon="8.562491">
        <ele>452</ele>
        <time>2024-07-08T11:28:21Z</time>
      </trkpt>
      <trkpt lat="47.35784" lon="8.562559">
        <ele>450</ele>
        <time>2024-07-08T11:28:22Z</time>
        <cmt>speed: 0.3</cmt>
      </trkpt>
      <trkpt lat="47.357974" lon="8.56253">
        <ele>459</ele>
        <time>2024-07-08T11:38:16Z</time>
        <cmt>speed: 0.7</cmt>
      </trkpt>
      <trkpt lat="47.357974" lon="8.56253">
        <ele>459</ele>
        <time>2024-07-08T11:48:33Z</time>
      </trkpt>
      <trkpt lat="47.358208" lon="8.562787">
        <ele>443</ele>
        <time>2024-07-08T11:48:35Z</time>
        <cmt>speed: 0.2</cmt>
      </trkpt>
      <trkpt lat="47.357965" lon="8.562646">
        <ele>460</ele>
        <time>2024-07-08T12:03:38Z</time>
        <cmt>speed: 0.8</cmt>
      </trkpt>
      <trkpt lat="47.357965" lon="8.562646">
        <ele>460</ele>
        <time>2024-07-08T12:13:32Z</time>
      </trkpt>
      <trkpt lat="47.358147" lon="8.562736">
        <ele>434</ele>
        <time>2024-07-08T12:13:34Z</time>
        <cmt>speed: 0.2</cmt>
      </trkpt>
      <trkpt lat="47.358147" lon="8.562736">
        <ele>434</ele>
        <time>2024-07-08T12:28:08Z</time>
      </trkpt>
      <trkpt lat="47.358273" lon="8.5628">
        <ele>481</ele>
        <time>2024-07-08T12:37:21Z</time>
        <cmt>speed: 0.0</cmt>
      </trkpt>
      <trkpt lat="47.358283" lon="8.562818">
        <ele>432</ele>
        <time>2024-07-08T12:46:38Z</time>
        <cmt>speed: 0.0</cmt>
      </trkpt>
      <trkpt lat="47.358283" lon="8.562818">
        <ele>432</ele>
        <time>2024-07-08T12:56:35Z</time>
      </trkpt>
      <trkpt lat="47.35842" lon="8.563839">
        <ele>484</ele>
        <time>2024-07-08T12:56:37Z</time>
        <cmt>speed: 0.3</cmt>
      </trkpt>
      <trkpt lat="47.357587" lon="8.564412">
        <ele>463</ele>
        <time>2024-07-08T13:06:39Z</time>
        <cmt>speed: 0.1</cmt>
      </trkpt>
      <trkpt lat="47.357746" lon="8.564357">
        <ele>451</ele>
        <time>2024-07-08T13:16:39Z</time>
        <cmt>speed: 0.0</cmt>
      </trkpt>
      <trkpt lat="47.357673" lon="8.56483">
        <ele>505</ele>
        <time>2024-07-08T13:26:38Z</time>
        <cmt>speed: 0.4</cmt>
      </trkpt>
      <trkpt lat="47.357673" lon="8.56483">
        <ele>505</ele>
        <time>2024-07-08T13:36:36Z</time>
      </trkpt>
      <trkpt lat="47.357939" lon="8.564391">
        <ele>429</ele>
        <time>2024-07-08T13:36:38Z</time>
        <cmt>speed: 0.1</cmt>
      </trkpt>
      <trkpt lat="47.357589" lon="8.564333">
        <ele>468</ele>
        <time>2024-07-08T13:46:39Z</time>
        <cmt>speed: 0.3</cmt>
      </trkpt>
      <trkpt lat="47.357589" lon="8.564333">
        <ele>468</ele>
        <time>2024-07-08T13:56:36Z</time>
      </trkpt>
      <trkpt lat="47.357627" lon="8.564358">
        <ele>461</ele>
        <time>2024-07-08T13:56:38Z</time>
        <cmt>speed: 0.0</cmt>
      </trkpt>
      <trkpt lat="47.35761" lon="8.564419">
        <ele>466</ele>
        <time>2024-07-08T14:07:14Z</time>
        <cmt>speed: 0.4</cmt>
      </trkpt>
      <trkpt lat="47.35761" lon="8.564419">
        <ele>466</ele>
        <time>2024-07-08T14:08:08Z</time>
      </trkpt>
      <trkpt lat="47.357603" lon="8.564389">
        <ele>469</ele>
        <time>2024-07-08T14:16:39Z</time>
        <cmt>speed: 1.3</cmt>
      </trkpt>
      <trkpt lat="47.357755" lon="8.564363">
        <ele>469</ele>
        <time>2024-07-08T14:27:02Z</time>
        <cmt>speed: 0.1</cmt>
      </trkpt>
      <trkpt lat="47.357755" lon="8.564363">
        <ele>469</ele>
        <time>2024-07-08T14:36:44Z</time>
      </trkpt>
      <trkpt lat="47.357577" lon="8.564269">
        <ele>479</ele>
        <time>2024-07-08T14:36:46Z</time>
        <cmt>speed: 0.1</cmt>
      </trkpt>
      <trkpt lat="47.357537" lon="8.564305">
        <ele>473</ele>
        <time>2024-07-08T14:46:39Z</time>
        <cmt>speed: 0.0</cmt>
      </trkpt>
      <trkpt lat="47.357537" lon="8.564305">
        <ele>473</ele>
        <time>2024-07-08T14:56:37Z</time>
      </trkpt>
      <trkpt lat="47.357455" lon="8.564516">
        <ele>468</ele>
        <time>2024-07-08T14:56:39Z</time>
        <cmt>speed: 0.0</cmt>
      </trkpt>
      <trkpt lat="47.357689" lon="8.564444">
        <ele>441</ele>
        <time>2024-07-08T15:06:36Z</time>
        <cmt>speed: 0.7</cmt>
      </trkpt>
      <trkpt lat="47.358159" lon="8.564476">
        <ele>468</ele>
        <time>2024-07-08T15:16:39Z</time>
        <cmt>speed: 0.2</cmt>
      </trkpt>
      <trkpt lat="47.358221" lon="8.563622">
        <ele>460</ele>
        <time>2024-07-08T15:26:39Z</time>
        <cmt>speed: 0.7</cmt>
      </trkpt>
      <trkpt lat="47.358221" lon="8.563622">
        <ele>460</ele>
        <time>2024-07-08T15:36:38Z</time>
      </trkpt>
      <trkpt lat="47.358332" lon="8.563161">
        <ele>437</ele>
        <time>2024-07-08T15:36:40Z</time>
        <cmt>speed: 0.1</cmt>
      </trkpt>
      <trkpt lat="47.358168" lon="8.562904">
        <ele>438</ele>
        <time>2024-07-08T15:46:40Z</time>
        <cmt>speed: 0.2</cmt>
      </trkpt>
      <trkpt lat="47.358168" lon="8.562904">
        <ele>438</ele>
        <time>2024-07-08T15:56:37Z</time>
      </trkpt>
      <trkpt lat="47.358016" lon="8.562874">
        <ele>406</ele>
        <time>2024-07-08T15:56:39Z</time>
        <cmt>speed: 1.3</cmt>
      </trkpt>
      <trkpt lat="47.358054" lon="8.562932">
        <ele>444</ele>
        <time>2024-07-08T16:06:43Z</time>
        <cmt>speed: 0.1</cmt>
      </trkpt>
      <trkpt lat="47.358054" lon="8.562932">
        <ele>444</ele>
        <time>2024-07-08T16:16:45Z</time>
      </trkpt>
      <trkpt lat="47.358071" lon="8.562966">
        <ele>442</ele>
        <time>2024-07-08T16:16:47Z</time>
        <cmt>speed: 0.2</cmt>
      </trkpt>
      <trkpt lat="47.358068" lon="8.56313">
        <ele>467</ele>
        <time>2024-07-08T16:26:40Z</time>
        <cmt>speed: 0.5</cmt>
      </trkpt>
      <trkpt lat="47.357762" lon="8.562397">
        <ele>465</ele>
        <time>2024-07-08T16:36:46Z</time>
        <cmt>speed: 0.2</cmt>
      </trkpt>
      <trkpt lat="47.357515" lon="8.561808">
        <ele>454</ele>
        <time>2024-07-08T16:46:44Z</time>
        <cmt>speed: 0.2</cmt>
      </trkpt>
      <trkpt lat="47.357515" lon="8.561808">
        <ele>454</ele>
        <time>2024-07-08T16:56:43Z</time>
      </trkpt>
      <trkpt lat="47.35743" lon="8.561775">
        <ele>441</ele>
        <time>2024-07-08T16:56:45Z</time>
        <cmt>speed: 0.0</cmt>
      </trkpt>
      <trkpt lat="47.358168" lon="8.561999">
        <ele>490</ele>
        <time>2024-07-08T17:06:39Z</time>
        <cmt>speed: 0.8</cmt>
      </trkpt>
      <trkpt lat="47.359156" lon="8.561352">
        <ele>434</ele>
        <time>2024-07-08T17:16:40Z</time>
        <cmt>speed: 0.7</cmt>
      </trkpt>
      <trkpt lat="47.359497" lon="8.560161">
        <ele>428</ele>
        <time>2024-07-08T17:26:44Z</time>
        <cmt>speed: 0.5</cmt>
      </trkpt>
      <trkpt lat="47.358757" lon="8.561066">
        <ele>445</ele>
        <time>2024-07-08T17:36:40Z</time>
        <cmt>speed: 0.1</cmt>
      </trkpt>
      <trkpt lat="47.358864" lon="8.560437">
        <ele>503</ele>
        <time>2024-07-08T17:46:39Z</time>
        <cmt>speed: 2.9</cmt>
      </trkpt>
      <trkpt lat="47.360179" lon="8.561825">
        <ele>426</ele>
        <time>2024-07-08T17:56:43Z</time>
        <cmt>speed: 2.1</cmt>
      </trkpt>
      <trkpt lat="47.359974" lon="8.56367">
        <ele>434</ele>
        <time>2024-07-08T18:02:06Z</time>
      </trkpt>
      <trkpt lat="47.359986" lon="8.56318">
        <ele>436</ele>
        <time>2024-07-08T18:04:06Z</time>
        <cmt>speed: 0.2</cmt>
      </trkpt>
      <trkpt lat="47.359242" lon="8.563153">
        <ele>444</ele>
        <time>2024-07-08T18:13:58Z</time>
        <cmt>speed: 0.2</cmt>
      </trkpt>
      <trkpt lat="47.358187" lon="8.562935">
        <ele>438</ele>
        <time>2024-07-08T18:23:55Z</time>
        <cmt>speed: 1.1</cmt>
      </trkpt>
      <trkpt lat="47.358318" lon="8.563163">
        <ele>458</ele>
        <time>2024-07-08T18:33:57Z</time>
        <cmt>speed: 0.2</cmt>
      </trkpt>
      <trkpt lat="47.358318" lon="8.563163">
        <ele>458</ele>
        <time>2024-07-08T18:43:52Z</time>
      </trkpt>
      <trkpt lat="47.358328" lon="8.56332">
        <ele>459</ele>
        <time>2024-07-08T18:43:55Z</time>
        <cmt>speed: 1.3</cmt>
      </trkpt>
      <trkpt lat="47.358291" lon="8.563418">
        <ele>458</ele>
        <time>2024-07-08T18:53:56Z</time>
        <cmt>speed: 0.1</cmt>
      </trkpt>
      <trkpt lat="47.358291" lon="8.563418">
        <ele>458</ele>
        <time>2024-07-08T19:03:53Z</time>
      </trkpt>
      <trkpt lat="47.358364" lon="8.563207">
        <ele>445</ele>
        <time>2024-07-08T19:03:56Z</time>
        <cmt>speed: 0.1</cmt>
      </trkpt>
      <trkpt lat="47.358294" lon="8.563228">
        <ele>440</ele>
        <time>2024-07-08T19:13:56Z</time>
        <cmt>speed: 0.2</cmt>
      </trkpt>
      <trkpt lat="47.358294" lon="8.563228">
        <ele>440</ele>
        <time>2024-07-08T19:23:55Z</time>
      </trkpt>
      <trkpt lat="47.358294" lon="8.563228">
        <ele>447</ele>
        <time>2024-07-08T19:23:58Z</time>
        <cmt>speed: 0.0</cmt>
      </trkpt>
      <trkpt lat="47.358152" lon="8.563194">
        <ele>428</ele>
        <time>2024-07-08T19:33:55Z</time>
        <cmt>speed: 0.8</cmt>
      </trkpt>
      <trkpt lat="47.358312" lon="8.562593">
        <ele>440</ele>
        <time>2024-07-08T19:43:55Z</time>
        <cmt>speed: 0.4</cmt>
      </trkpt>
      <trkpt lat="47.358007" lon="8.561551">
        <ele>459</ele>
        <time>2024-07-08T19:53:56Z</time>
        <cmt>speed: 0.0</cmt>
      </trkpt>
      <trkpt lat="47.357993" lon="8.56088">
        <ele>435</ele>
        <time>2024-07-08T20:03:57Z</time>
        <cmt>speed: 1.1</cmt>
      </trkpt>
      <trkpt lat="47.357745" lon="8.561042">
        <ele>459</ele>
        <time>2024-07-08T20:13:56Z</time>
        <cmt>speed: 0.1</cmt>
      </trkpt>
      <trkpt lat="47.357735" lon="8.561159">
        <ele>453</ele>
        <time>2024-07-08T20:23:59Z</time>
        <cmt>speed: 0.2</cmt>
      </trkpt>
      <trkpt lat="47.357835" lon="8.560943">
        <ele>443</ele>
        <time>2024-07-08T20:33:56Z</time>
        <cmt>speed: 0.0</cmt>
      </trkpt>
      <trkpt lat="47.358179" lon="8.560419">
        <ele>442</ele>
        <time>2024-07-08T20:43:55Z</time>
        <cmt>speed: 0.6</cmt>
      </trkpt>
      <trkpt lat="47.359182" lon="8.560924">
        <ele>393</ele>
        <time>2024-07-08T20:53:55Z</time>
        <cmt>speed: 1.3</cmt>
      </trkpt>
      <trkpt lat="47.360017" lon="8.561771">
        <ele>440</ele>
        <time>2024-07-08T21:03:56Z</time>
        <cmt>speed: 0.8</cmt>
      </trkpt>
      <trkpt lat="47.358797" lon="8.561256">
        <ele>467</ele>
        <time>2024-07-08T21:13:56Z</time>
        <cmt>speed: 0.1</cmt>
      </trkpt>
      <trkpt lat="47.35766" lon="8.561396">
        <ele>453</ele>
        <time>2024-07-08T21:23:57Z</time>
        <cmt>speed: 0.3</cmt>
      </trkpt>
      <trkpt lat="47.357965" lon="8.560898">
        <ele>459</ele>
        <time>2024-07-08T21:33:56Z</time>
        <cmt>speed: 0.4</cmt>
      </trkpt>
      <trkpt lat="47.357965" lon="8.560898">
        <ele>459</ele>
        <time>2024-07-08T21:43:53Z</time>
      </trkpt>
      <trkpt lat="47.358225" lon="8.56038">
        <ele>449</ele>
        <time>2024-07-08T21:43:56Z</time>
        <cmt>speed: 0.4</cmt>
      </trkpt>
      <trkpt lat="47.359368" lon="8.559353">
        <ele>444</ele>
        <time>2024-07-08T21:53:57Z</time>
        <cmt>speed: 0.5</cmt>
      </trkpt>
      <trkpt lat="47.359646" lon="8.561261">
        <ele>468</ele>
        <time>2024-07-08T22:13:55Z</time>
        <cmt>speed: 0.9</cmt>
      </trkpt>
      <trkpt lat="47.359963" lon="8.562134">
        <ele>424</ele>
        <time>2024-07-08T22:23:57Z</time>
        <cmt>speed: 0.9</cmt>
      </trkpt>
      <trkpt lat="47.359123" lon="8.563903">
        <ele>443</ele>
        <time>2024-07-08T22:33:56Z</time>
        <cmt>speed: 0.2</cmt>
      </trkpt>
      <trkpt lat="47.359123" lon="8.563903">
        <ele>443</ele>
        <time>2024-07-08T22:43:53Z</time>
      </trkpt>
      <trkpt lat="47.358544" lon="8.565622">
        <ele>463</ele>
        <time>2024-07-08T22:43:56Z</time>
        <cmt>speed: 1.0</cmt>
      </trkpt>
      <trkpt lat="47.358771" lon="8.567294">
        <ele>455</ele>
        <time>2024-07-08T22:53:58Z</time>
        <cmt>speed: 0.5</cmt>
      </trkpt>
      <trkpt lat="47.358749" lon="8.568068">
        <ele>469</ele>
        <time>2024-07-08T23:03:56Z</time>
        <cmt>speed: 0.1</cmt>
      </trkpt>
      <trkpt lat="47.358387" lon="8.56755">
        <ele>424</ele>
        <time>2024-07-08T23:13:58Z</time>
        <cmt>speed: 0.3</cmt>
      </trkpt>
      <trkpt lat="47.358387" lon="8.56755">
        <ele>424</ele>
        <time>2024-07-08T23:23:52Z</time>
      </trkpt>
      <trkpt lat="47.358637" lon="8.567692">
        <ele>440</ele>
        <time>2024-07-08T23:23:55Z</time>
        <cmt>speed: 1.0</cmt>
      </trkpt>
      <trkpt lat="47.358614" lon="8.56768">
        <ele>464</ele>
        <time>2024-07-08T23:33:58Z</time>
        <cmt>speed: 0.1</cmt>
      </trkpt>
      <trkpt lat="47.357948" lon="8.567435">
        <ele>410</ele>
        <time>2024-07-08T23:43:57Z</time>
        <cmt>speed: 1.4</cmt>
      </trkpt>
      <trkpt lat="47.358549" lon="8.567512">
        <ele>483</ele>
        <time>2024-07-08T23:53:56Z</time>
        <cmt>speed: 1.9</cmt>
      </trkpt>
      <trkpt lat="47.358549" lon="8.567512">
        <ele>483</ele>
        <time>2024-07-09T00:03:53Z</time>
      </trkpt>
      <trkpt lat="47.358387" lon="8.567392">
        <ele>470</ele>
        <time>2024-07-09T00:03:57Z</time>
        <cmt>speed: 0.1</cmt>
      </trkpt>
      <trkpt lat="47.358248" lon="8.567397">
        <ele>452</ele>
        <time>2024-07-09T00:13:58Z</time>
        <cmt>speed: 0.6</cmt>
      </trkpt>
      <trkpt lat="47.358287" lon="8.568321">
        <ele>457</ele>
        <time>2024-07-09T00:23:56Z</time>
        <cmt>speed: 0.6</cmt>
      </trkpt>
      <trkpt lat="47.358171" lon="8.567398">
        <ele>454</ele>
        <time>2024-07-09T00:33:57Z</time>
        <cmt>speed: 0.1</cmt>
      </trkpt>
      <trkpt lat="47.3589" lon="8.566473">
        <ele>504</ele>
        <time>2024-07-09T00:43:58Z</time>
        <cmt>speed: 0.8</cmt>
      </trkpt>
      <trkpt lat="47.358764" lon="8.565914">
        <ele>422</ele>
        <time>2024-07-09T00:53:58Z</time>
        <cmt>speed: 0.2</cmt>
      </trkpt>
      <trkpt lat="47.358575" lon="8.566039">
        <ele>438</ele>
        <time>2024-07-09T01:03:56Z</time>
        <cmt>speed: 0.0</cmt>
      </trkpt>
      <trkpt lat="47.359432" lon="8.562249">
        <ele>453</ele>
        <time>2024-07-09T01:13:57Z</time>
        <cmt>speed: 1.0</cmt>
      </trkpt>
      <trkpt lat="47.357788" lon="8.562025">
        <ele>452</ele>
        <time>2024-07-09T01:23:57Z</time>
        <cmt>speed: 0.3</cmt>
      </trkpt>
      <trkpt lat="47.357743" lon="8.561642">
        <ele>477</ele>
        <time>2024-07-09T01:33:58Z</time>
        <cmt>speed: 0.4</cmt>
      </trkpt>
      <trkpt lat="47.357651" lon="8.5613">
        <ele>405</ele>
        <time>2024-07-09T01:43:58Z</time>
        <cmt>speed: 0.0</cmt>
      </trkpt>
      <trkpt lat="47.357507" lon="8.561479">
        <ele>439</ele>
        <time>2024-07-09T01:53:56Z</time>
        <cmt>speed: 2.5</cmt>
      </trkpt>
      <trkpt lat="47.35736" lon="8.5612">
        <ele>430</ele>
        <time>2024-07-09T02:03:57Z</time>
        <cmt>speed: 1.5</cmt>
      </trkpt>
      <trkpt lat="47.358621" lon="8.560149">
        <ele>457</ele>
        <time>2024-07-09T02:13:56Z</time>
        <cmt>speed: 3.7</cmt>
      </trkpt>
      <trkpt lat="47.359458" lon="8.560289">
        <ele>432</ele>
        <time>2024-07-09T02:24:00Z</time>
        <cmt>speed: 1.0</cmt>
      </trkpt>
      <trkpt lat="47.359328" lon="8.561169">
        <ele>440</ele>
        <time>2024-07-09T02:33:59Z</time>
        <cmt>speed: 2.1</cmt>
      </trkpt>
      <trkpt lat="47.358916" lon="8.561706">
        <ele>467</ele>
        <time>2024-07-09T02:43:59Z</time>
        <cmt>speed: 0.1</cmt>
      </trkpt>
      <trkpt lat="47.357815" lon="8.561547">
        <ele>469</ele>
        <time>2024-07-09T02:53:57Z</time>
        <cmt>speed: 0.6</cmt>
      </trkpt>
      <trkpt lat="47.357815" lon="8.561547">
        <ele>469</ele>
        <time>2024-07-09T03:03:53Z</time>
      </trkpt>
      <trkpt lat="47.35776" lon="8.561076">
        <ele>447</ele>
        <time>2024-07-09T03:03:57Z</time>
        <cmt>speed: 0.4</cmt>
      </trkpt>
      <trkpt lat="47.358706" lon="8.560943">
        <ele>484</ele>
        <time>2024-07-09T03:13:57Z</time>
        <cmt>speed: 0.1</cmt>
      </trkpt>
      <trkpt lat="47.358664" lon="8.561855">
        <ele>424</ele>
        <time>2024-07-09T03:23:57Z</time>
        <cmt>speed: 0.6</cmt>
      </trkpt>
      <trkpt lat="47.357939" lon="8.560165">
        <ele>487</ele>
        <time>2024-07-09T03:54:13Z</time>
        <cmt>speed: 0.3</cmt>
      </trkpt>
      <trkpt lat="47.357939" lon="8.560165">
        <ele>487</ele>
        <time>2024-07-09T04:24:08Z</time>
      </trkpt>
      <trkpt lat="47.35806" lon="8.560464">
        <ele>452</ele>
        <time>2024-07-09T04:24:12Z</time>
        <cmt>speed: 0.2</cmt>
      </trkpt>
      <trkpt lat="47.358071" lon="8.560612">
        <ele>456</ele>
        <time>2024-07-09T04:34:01Z</time>
        <cmt>speed: 0.4</cmt>
      </trkpt>
      <trkpt lat="47.358129" lon="8.56054">
        <ele>468</ele>
        <time>2024-07-09T05:14:05Z</time>
        <cmt>speed: 0.1</cmt>
      </trkpt>
      <trkpt lat="47.358129" lon="8.56054">
        <ele>468</ele>
        <time>2024-07-09T05:23:55Z</time>
      </trkpt>
      <trkpt lat="47.358025" lon="8.561003">
        <ele>393</ele>
        <time>2024-07-09T05:24:00Z</time>
        <cmt>speed: 0.5</cmt>
      </trkpt>
      <trkpt lat="47.358025" lon="8.561003">
        <ele>393</ele>
        <time>2024-07-09T05:43:55Z</time>
      </trkpt>
      <trkpt lat="47.358055" lon="8.560733">
        <ele>415</ele>
        <time>2024-07-09T05:43:59Z</time>
        <cmt>speed: 0.0</cmt>
      </trkpt>
      <trkpt lat="47.358032" lon="8.560637">
        <ele>424</ele>
        <time>2024-07-09T05:53:59Z</time>
        <cmt>speed: 0.7</cmt>
      </trkpt>
      <trkpt lat="47.358032" lon="8.560637">
        <ele>424</ele>
        <time>2024-07-09T06:03:55Z</time>
      </trkpt>
      <trkpt lat="47.357982" lon="8.560652">
        <ele>440</ele>
        <time>2024-07-09T06:04:00Z</time>
        <cmt>speed: 0.4</cmt>
      </trkpt>
      <trkpt lat="47.357894" lon="8.560777">
        <ele>454</ele>
        <time>2024-07-09T06:14:00Z</time>
        <cmt>speed: 1.2</cmt>
      </trkpt>
      <trkpt lat="47.357894" lon="8.560777">
        <ele>454</ele>
        <time>2024-07-09T06:23:54Z</time>
      </trkpt>
      <trkpt lat="47.357809" lon="8.560362">
        <ele>419</ele>
        <time>2024-07-09T06:23:59Z</time>
        <cmt>speed: 0.1</cmt>
      </trkpt>
      <trkpt lat="47.357546" lon="8.560214">
        <ele>432</ele>
        <time>2024-07-09T06:34:01Z</time>
        <cmt>speed: 0.1</cmt>
      </trkpt>
      <trkpt lat="47.357546" lon="8.560214">
        <ele>432</ele>
        <time>2024-07-09T06:43:53Z</time>
      </trkpt>
      <trkpt lat="47.357481" lon="8.560342">
        <ele>460</ele>
        <time>2024-07-09T06:43:58Z</time>
        <cmt>speed: 3.2</cmt>
      </trkpt>
      <trkpt lat="47.357656" lon="8.560254">
        <ele>473</ele>
        <time>2024-07-09T06:53:58Z</time>
        <cmt>speed: 1.0</cmt>
      </trkpt>
      <trkpt lat="47.357635" lon="8.560195">
        <ele>431</ele>
        <time>2024-07-09T07:04:00Z</time>
        <cmt>speed: 0.1</cmt>
      </trkpt>
      <trkpt lat="47.358415" lon="8.560062">
        <ele>446</ele>
        <time>2024-07-09T07:13:58Z</time>
        <cmt>speed: 0.7</cmt>
      </trkpt>
      <trkpt lat="47.358132" lon="8.560621">
        <ele>445</ele>
        <time>2024-07-09T07:24:02Z</time>
        <cmt>speed: 0.4</cmt>
      </trkpt>
      <trkpt lat="47.358133" lon="8.560925">
        <ele>462</ele>
        <time>2024-07-09T07:34:10Z</time>
        <cmt>speed: 0.1</cmt>
      </trkpt>
      <trkpt lat="47.357978" lon="8.560179">
        <ele>470</ele>
        <time>2024-07-09T07:43:57Z</time>
        <cmt>speed: 0.1</cmt>
      </trkpt>
      <trkpt lat="47.357699" lon="8.560346">
        <ele>479</ele>
        <time>2024-07-09T07:54:00Z</time>
        <cmt>speed: 0.1</cmt>
      </trkpt>
      <trkpt lat="47.357739" lon="8.560794">
        <ele>432</ele>
        <time>2024-07-09T08:03:57Z</time>
        <cmt>speed: 0.0</cmt>
      </trkpt>
      <trkpt lat="47.35792" lon="8.56072">
        <ele>427</ele>
        <time>2024-07-09T08:14:05Z</time>
        <cmt>speed: 0.1</cmt>
      </trkpt>
      <trkpt lat="47.357823" lon="8.560991">
        <ele>455</ele>
        <time>2024-07-09T08:23:58Z</time>
        <cmt>speed: 0.4</cmt>
      </trkpt>
      <trkpt lat="47.357942" lon="8.560897">
        <ele>473</ele>
        <time>2024-07-09T08:33:58Z</time>
        <cmt>speed: 0.0</cmt>
      </trkpt>
      <trkpt lat="47.357942" lon="8.560897">
        <ele>473</ele>
        <time>2024-07-09T08:43:53Z</time>
      </trkpt>
      <trkpt lat="47.357802" lon="8.560819">
        <ele>460</ele>
        <time>2024-07-09T08:43:58Z</time>
        <cmt>speed: 0.4</cmt>
      </trkpt>
      <trkpt lat="47.357926" lon="8.560854">
        <ele>446</ele>
        <time>2024-07-09T08:53:59Z</time>
        <cmt>speed: 1.1</cmt>
      </trkpt>
      <trkpt lat="47.357926" lon="8.560854">
        <ele>446</ele>
        <time>2024-07-09T09:04:14Z</time>
      </trkpt>
      <trkpt lat="47.357693" lon="8.560846">
        <ele>484</ele>
        <time>2024-07-09T09:04:19Z</time>
        <cmt>speed: 0.5</cmt>
      </trkpt>
      <trkpt lat="47.357836" lon="8.560916">
        <ele>453</ele>
        <time>2024-07-09T09:14:03Z</time>
        <cmt>speed: 0.2</cmt>
      </trkpt>
      <trkpt lat="47.357836" lon="8.560916">
        <ele>453</ele>
        <time>2024-07-09T09:23:52Z</time>
      </trkpt>
      <trkpt lat="47.357912" lon="8.560789">
        <ele>459</ele>
        <time>2024-07-09T09:30:33Z</time>
        <cmt>speed: 0.2</cmt>
      </trkpt>
      <trkpt lat="47.357829" lon="8.560849">
        <ele>432</ele>
        <time>2024-07-09T09:40:10Z</time>
        <cmt>speed: 0.1</cmt>
      </trkpt>
      <trkpt lat="47.357829" lon="8.560849">
        <ele>432</ele>
        <time>2024-07-09T09:43:52Z</time>
      </trkpt>
      <trkpt lat="47.357839" lon="8.56096">
        <ele>447</ele>
        <time>2024-07-09T09:50:15Z</time>
        <cmt>speed: 0.6</cmt>
      </trkpt>
      <trkpt lat="47.357826" lon="8.561108">
        <ele>493</ele>
        <time>2024-07-09T10:20:48Z</time>
        <cmt>speed: 0.3</cmt>
      </trkpt>
      <trkpt lat="47.357826" lon="8.561108">
        <ele>493</ele>
        <time>2024-07-09T10:23:52Z</time>
      </trkpt>
      <trkpt lat="47.357926" lon="8.560882">
        <ele>452</ele>
        <time>2024-07-09T10:30:08Z</time>
        <cmt>speed: 0.3</cmt>
      </trkpt>
      <trkpt lat="47.357837" lon="8.560781">
        <ele>432</ele>
        <time>2024-07-09T10:40:11Z</time>
        <cmt>speed: 0.1</cmt>
      </trkpt>
      <trkpt lat="47.357837" lon="8.560781">
        <ele>432</ele>
        <time>2024-07-09T10:43:52Z</time>
      </trkpt>
      <trkpt lat="47.357754" lon="8.560917">
        <ele>448</ele>
        <time>2024-07-09T10:50:08Z</time>
        <cmt>speed: 0.1</cmt>
      </trkpt>
      <trkpt lat="47.357812" lon="8.560987">
        <ele>457</ele>
        <time>2024-07-09T11:00:07Z</time>
        <cmt>speed: 0.6</cmt>
      </trkpt>
      <trkpt lat="47.357812" lon="8.560987">
        <ele>457</ele>
        <time>2024-07-09T11:10:03Z</time>
      </trkpt>
      <trkpt lat="47.357943" lon="8.56085">
        <ele>490</ele>
        <time>2024-07-09T11:10:08Z</time>
        <cmt>speed: 0.3</cmt>
      </trkpt>
      <trkpt lat="47.357958" lon="8.560617">
        <ele>456</ele>
        <time>2024-07-09T11:20:09Z</time>
        <cmt>speed: 0.8</cmt>
      </trkpt>
      <trkpt lat="47.357958" lon="8.560617">
        <ele>456</ele>
        <time>2024-07-09T11:30:34Z</time>
      </trkpt>
      <trkpt lat="47.357714" lon="8.560869">
        <ele>427</ele>
        <time>2024-07-09T11:30:39Z</time>
        <cmt>speed: 0.3</cmt>
      </trkpt>
      <trkpt lat="47.358116" lon="8.560818">
        <ele>476</ele>
        <time>2024-07-09T11:40:12Z</time>
        <cmt>speed: 0.2</cmt>
      </trkpt>
      <trkpt lat="47.357483" lon="8.560671">
        <ele>393</ele>
        <time>2024-07-09T12:10:20Z</time>
        <cmt>speed: 0.4</cmt>
      </trkpt>
      <trkpt lat="47.35788" lon="8.560882">
        <ele>448</ele>
        <time>2024-07-09T12:20:15Z</time>
        <cmt>speed: 0.8</cmt>
      </trkpt>
      <trkpt lat="47.35788" lon="8.560882">
        <ele>448</ele>
        <time>2024-07-09T12:23:52Z</time>
      </trkpt>
      <trkpt lat="47.357778" lon="8.560786">
        <ele>458</ele>
        <time>2024-07-09T12:34:42Z</time>
        <cmt>speed: 0.6</cmt>
      </trkpt>
      <trkpt lat="47.357973" lon="8.56076">
        <ele>464</ele>
        <time>2024-07-09T12:54:42Z</time>
        <cmt>speed: 0.1</cmt>
      </trkpt>
      <trkpt lat="47.357973" lon="8.56076">
        <ele>464</ele>
        <time>2024-07-09T13:04:36Z</time>
      </trkpt>
      <trkpt lat="47.357796" lon="8.561011">
        <ele>451</ele>
        <time>2024-07-09T13:04:42Z</time>
        <cmt>speed: 0.2</cmt>
      </trkpt>
      <trkpt lat="47.357781" lon="8.561053">
        <ele>487</ele>
        <time>2024-07-09T13:14:41Z</time>
        <cmt>speed: 1.2</cmt>
      </trkpt>
      <trkpt lat="47.357781" lon="8.561053">
        <ele>487</ele>
        <time>2024-07-09T13:24:36Z</time>
      </trkpt>
      <trkpt lat="47.357791" lon="8.56083">
        <ele>457</ele>
        <time>2024-07-09T13:24:42Z</time>
        <cmt>speed: 0.9</cmt>
      </trkpt>
      <trkpt lat="47.357886" lon="8.560777">
        <ele>443</ele>
        <time>2024-07-09T13:38:03Z</time>
        <cmt>speed: 0.0</cmt>
      </trkpt>
      <trkpt lat="47.357886" lon="8.560777">
        <ele>443</ele>
        <time>2024-07-09T13:47:56Z</time>
      </trkpt>
      <trkpt lat="47.357771" lon="8.560731">
        <ele>457</ele>
        <time>2024-07-09T13:48:01Z</time>
        <cmt>speed: 1.1</cmt>
      </trkpt>
      <trkpt lat="47.357802" lon="8.560918">
        <ele>447</ele>
        <time>2024-07-09T13:58:03Z</time>
        <cmt>speed: 0.2</cmt>
      </trkpt>
      <trkpt lat="47.357802" lon="8.560918">
        <ele>447</ele>
        <time>2024-07-09T14:07:57Z</time>
      </trkpt>
      <trkpt lat="47.357846" lon="8.561023">
        <ele>451</ele>
        <time>2024-07-09T14:08:03Z</time>
        <cmt>speed: 0.4</cmt>
      </trkpt>
      <trkpt lat="47.357751" lon="8.560819">
        <ele>480</ele>
        <time>2024-07-09T14:18:03Z</time>
        <cmt>speed: 0.1</cmt>
      </trkpt>
      <trkpt lat="47.357972" lon="8.560641">
        <ele>468</ele>
        <time>2024-07-09T14:28:05Z</time>
        <cmt>speed: 0.8</cmt>
      </trkpt>
      <trkpt lat="47.35783" lon="8.560434">
        <ele>455</ele>
        <time>2024-07-09T14:38:06Z</time>
        <cmt>speed: 0.4</cmt>
      </trkpt>
      <trkpt lat="47.358265" lon="8.560676">
        <ele>474</ele>
        <time>2024-07-09T14:48:05Z</time>
        <cmt>speed: 0.2</cmt>
      </trkpt>
      <trkpt lat="47.357712" lon="8.562122">
        <ele>445</ele>
        <time>2024-07-09T14:58:04Z</time>
        <cmt>speed: 0.1</cmt>
      </trkpt>
      <trkpt lat="47.357712" lon="8.562122">
        <ele>445</ele>
        <time>2024-07-09T15:07:57Z</time>
      </trkpt>
      <trkpt lat="47.357827" lon="8.562639">
        <ele>467</ele>
        <time>2024-07-09T15:08:03Z</time>
        <cmt>speed: 0.5</cmt>
      </trkpt>
      <trkpt lat="47.35789" lon="8.56293">
        <ele>449</ele>
        <time>2024-07-09T15:18:12Z</time>
        <cmt>speed: 0.6</cmt>
      </trkpt>
      <trkpt lat="47.35789" lon="8.56293">
        <ele>449</ele>
        <time>2024-07-09T15:27:57Z</time>
      </trkpt>
      <trkpt lat="47.357958" lon="8.562992">
        <ele>451</ele>
        <time>2024-07-09T15:28:03Z</time>
        <cmt>speed: 0.3</cmt>
      </trkpt>
      <trkpt lat="47.357249" lon="8.563333">
        <ele>457</ele>
        <time>2024-07-09T15:38:04Z</time>
        <cmt>speed: 0.2</cmt>
      </trkpt>
      <trkpt lat="47.357249" lon="8.563333">
        <ele>457</ele>
        <time>2024-07-09T15:48:00Z</time>
      </trkpt>
      <trkpt lat="47.357145" lon="8.563389">
        <ele>468</ele>
        <time>2024-07-09T15:48:06Z</time>
        <cmt>speed: 0.3</cmt>
      </trkpt>
      <trkpt lat="47.357267" lon="8.563643">
        <ele>437</ele>
        <time>2024-07-09T15:58:06Z</time>
        <cmt>speed: 0.4</cmt>
      </trkpt>
      <trkpt lat="47.357644" lon="8.564375">
        <ele>454</ele>
        <time>2024-07-09T16:08:02Z</time>
        <cmt>speed: 0.4</cmt>
      </trkpt>
      <trkpt lat="47.357643" lon="8.564479">
        <ele>456</ele>
        <time>2024-07-09T16:18:02Z</time>
        <cmt>speed: 0.5</cmt>
      </trkpt>
      <trkpt lat="47.357417" lon="8.564707">
        <ele>462</ele>
        <time>2024-07-09T16:28:03Z</time>
        <cmt>speed: 0.1</cmt>
      </trkpt>
      <trkpt lat="47.35758" lon="8.564458">
        <ele>470</ele>
        <time>2024-07-09T16:38:04Z</time>
        <cmt>speed: 0.5</cmt>
      </trkpt>
      <trkpt lat="47.35758" lon="8.564458">
        <ele>470</ele>
        <time>2024-07-09T16:47:58Z</time>
      </trkpt>
      <trkpt lat="47.357662" lon="8.564536">
        <ele>469</ele>
        <time>2024-07-09T16:48:04Z</time>
        <cmt>speed: 0.2</cmt>
      </trkpt>
      <trkpt lat="47.357557" lon="8.564376">
        <ele>469</ele>
        <time>2024-07-09T16:58:04Z</time>
        <cmt>speed: 0.2</cmt>
      </trkpt>
      <trkpt lat="47.357557" lon="8.564376">
        <ele>469</ele>
        <time>2024-07-09T17:07:57Z</time>
      </trkpt>
      <trkpt lat="47.357677" lon="8.564342">
        <ele>439</ele>
        <time>2024-07-09T17:08:03Z</time>
        <cmt>speed: 1.0</cmt>
      </trkpt>
      <trkpt lat="47.357923" lon="8.563419">
        <ele>424</ele>
        <time>2024-07-09T17:18:02Z</time>
        <cmt>speed: 0.7</cmt>
      </trkpt>
      <trkpt lat="47.357923" lon="8.563419">
        <ele>424</ele>
        <time>2024-07-09T17:27:57Z</time>
      </trkpt>
      <trkpt lat="47.358037" lon="8.563028">
        <ele>455</ele>
        <time>2024-07-09T17:28:04Z</time>
        <cmt>speed: 0.0</cmt>
      </trkpt>
      <trkpt lat="47.358135" lon="8.56207">
        <ele>463</ele>
        <time>2024-07-09T17:38:06Z</time>
        <cmt>speed: 0.2</cmt>
      </trkpt>
      <trkpt lat="47.358253" lon="8.562226">
        <ele>414</ele>
        <time>2024-07-09T17:48:03Z</time>
        <cmt>speed: 1.6</cmt>
      </trkpt>
      <trkpt lat="47.35824" lon="8.561897">
        <ele>436</ele>
        <time>2024-07-09T17:58:03Z</time>
        <cmt>speed: 0.0</cmt>
      </trkpt>
      <trkpt lat="47.358394" lon="8.561723">
        <ele>415</ele>
        <time>2024-07-09T18:08:04Z</time>
        <cmt>speed: 0.8</cmt>
      </trkpt>
      <trkpt lat="47.358298" lon="8.560838">
        <ele>471</ele>
        <time>2024-07-09T18:18:05Z</time>
        <cmt>speed: 0.8</cmt>
      </trkpt>
      <trkpt lat="47.35831" lon="8.559744">
        <ele>454</ele>
        <time>2024-07-09T18:28:02Z</time>
        <cmt>speed: 0.2</cmt>
      </trkpt>
      <trkpt lat="47.359225" lon="8.560904">
        <ele>473</ele>
        <time>2024-07-09T18:38:06Z</time>
        <cmt>speed: 1.1</cmt>
      </trkpt>
      <trkpt lat="47.359695" lon="8.561445">
        <ele>420</ele>
        <time>2024-07-09T18:48:08Z</time>
        <cmt>speed: 0.3</cmt>
      </trkpt>
      <trkpt lat="47.359974" lon="8.56367">
        <ele>434</ele>
        <time>2024-07-09T18:55:50Z</time>
      </trkpt>
      <trkpt lat="47.359974" lon="8.56367">
        <ele>434</ele>
        <time>2024-07-09T19:10:50Z</time>
      </trkpt>
      <trkpt lat="47.360221" lon="8.56341">
        <ele>413</ele>
        <time>2024-07-09T19:16:42Z</time>
        <cmt>speed: 0.5</cmt>
      </trkpt>
      <trkpt lat="47.360051" lon="8.562229">
        <ele>445</ele>
        <time>2024-07-09T19:26:40Z</time>
        <cmt>speed: 0.0</cmt>
      </trkpt>
      <trkpt lat="47.358503" lon="8.561466">
        <ele>425</ele>
        <time>2024-07-09T19:36:35Z</time>
        <cmt>speed: 0.7</cmt>
      </trkpt>
      <trkpt lat="47.358451" lon="8.561519">
        <ele>431</ele>
        <time>2024-07-09T19:36:40Z</time>
        <cmt>speed: 1.0</cmt>
      </trkpt>
      <trkpt lat="47.35845" lon="8.561574">
        <ele>432</ele>
        <time>2024-07-09T19:36:44Z</time>
        <cmt>speed: 0.0</cmt>
      </trkpt>
      <trkpt lat="47.358106" lon="8.560942">
        <ele>460</ele>
        <time>2024-07-09T19:46:36Z</time>
        <cmt>speed: 1.9</cmt>
      </trkpt>
      <trkpt lat="47.357886" lon="8.560265">
        <ele>462</ele>
        <time>2024-07-09T19:56:34Z</time>
        <cmt>speed: 0.3</cmt>
      </trkpt>
      <trkpt lat="47.357247" lon="8.560487">
        <ele>451</ele>
        <time>2024-07-09T20:06:36Z</time>
        <cmt>speed: 0.1</cmt>
      </trkpt>
      <trkpt lat="47.357203" lon="8.560625">
        <ele>463</ele>
        <time>2024-07-09T20:16:36Z</time>
        <cmt>speed: 0.0</cmt>
      </trkpt>
      <trkpt lat="47.357696" lon="8.560848">
        <ele>456</ele>
        <time>2024-07-09T20:26:37Z</time>
        <cmt>speed: 0.1</cmt>
      </trkpt>
      <trkpt lat="47.357855" lon="8.560898">
        <ele>454</ele>
        <time>2024-07-09T20:36:37Z</time>
        <cmt>speed: 2.0</cmt>
      </trkpt>
      <trkpt lat="47.358302" lon="8.56016">
        <ele>462</ele>
        <time>2024-07-09T20:46:34Z</time>
        <cmt>speed: 0.3</cmt>
      </trkpt>
      <trkpt lat="47.358387" lon="8.560736">
        <ele>451</ele>
        <time>2024-07-09T20:56:36Z</time>
        <cmt>speed: 0.3</cmt>
      </trkpt>
      <trkpt lat="47.358697" lon="8.560625">
        <ele>444</ele>
        <time>2024-07-09T21:06:34Z</time>
        <cmt>speed: 0.7</cmt>
      </trkpt>
      <trkpt lat="47.359213" lon="8.560794">
        <ele>406</ele>
        <time>2024-07-09T21:16:35Z</time>
        <cmt>speed: 1.7</cmt>
      </trkpt>
      <trkpt lat="47.358357" lon="8.56226">
        <ele>447</ele>
        <time>2024-07-09T21:26:34Z</time>
        <cmt>speed: 0.4</cmt>
      </trkpt>
      <trkpt lat="47.358357" lon="8.56226">
        <ele>447</ele>
        <time>2024-07-09T21:36:30Z</time>
      </trkpt>
      <trkpt lat="47.358164" lon="8.562237">
        <ele>468</ele>
        <time>2024-07-09T21:36:37Z</time>
        <cmt>speed: 0.1</cmt>
      </trkpt>
      <trkpt lat="47.357452" lon="8.562103">
        <ele>443</ele>
        <time>2024-07-09T21:46:40Z</time>
        <cmt>speed: 0.3</cmt>
      </trkpt>
      <trkpt lat="47.357318" lon="8.56145">
        <ele>435</ele>
        <time>2024-07-09T21:56:37Z</time>
        <cmt>speed: 1.7</cmt>
      </trkpt>
      <trkpt lat="47.358003" lon="8.560369">
        <ele>447</ele>
        <time>2024-07-09T22:06:35Z</time>
        <cmt>speed: 0.2</cmt>
      </trkpt>
      <trkpt lat="47.357705" lon="8.560972">
        <ele>430</ele>
        <time>2024-07-09T22:16:44Z</time>
        <cmt>speed: 0.2</cmt>
      </trkpt>
      <trkpt lat="47.358314" lon="8.561629">
        <ele>442</ele>
        <time>2024-07-09T22:26:36Z</time>
        <cmt>speed: 0.1</cmt>
      </trkpt>
      <trkpt lat="47.358314" lon="8.561629">
        <ele>442</ele>
        <time>2024-07-09T22:36:28Z</time>
      </trkpt>
      <trkpt lat="47.357999" lon="8.561528">
        <ele>434</ele>
        <time>2024-07-09T22:36:35Z</time>
        <cmt>speed: 0.1</cmt>
      </trkpt>
      <trkpt lat="47.359556" lon="8.56173">
        <ele>438</ele>
        <time>2024-07-09T22:46:35Z</time>
        <cmt>speed: 0.1</cmt>
      </trkpt>
      <trkpt lat="47.35986" lon="8.562325">
        <ele>431</ele>
        <time>2024-07-09T22:56:35Z</time>
        <cmt>speed: 0.1</cmt>
      </trkpt>
      <trkpt lat="47.359424" lon="8.560861">
        <ele>434</ele>
        <time>2024-07-09T23:06:41Z</time>
        <cmt>speed: 0.0</cmt>
      </trkpt>
      <trkpt lat="47.359656" lon="8.56026">
        <ele>437</ele>
        <time>2024-07-09T23:16:37Z</time>
        <cmt>speed: 1.2</cmt>
      </trkpt>
      <trkpt lat="47.359578" lon="8.560623">
        <ele>426</ele>
        <time>2024-07-09T23:26:36Z</time>
        <cmt>speed: 0.3</cmt>
      </trkpt>
      <trkpt lat="47.358963" lon="8.561367">
        <ele>453</ele>
        <time>2024-07-09T23:36:35Z</time>
        <cmt>speed: 0.4</cmt>
      </trkpt>
      <trkpt lat="47.358306" lon="8.562326">
        <ele>476</ele>
        <time>2024-07-09T23:46:36Z</time>
        <cmt>speed: 0.7</cmt>
      </trkpt>
      <trkpt lat="47.358206" lon="8.562205">
        <ele>469</ele>
        <time>2024-07-09T23:56:38Z</time>
        <cmt>speed: 0.3</cmt>
      </trkpt>
      <trkpt lat="47.357927" lon="8.562708">
        <ele>443</ele>
        <time>2024-07-10T00:06:58Z</time>
        <cmt>speed: 0.2</cmt>
      </trkpt>
      <trkpt lat="47.357927" lon="8.563345">
        <ele>480</ele>
        <time>2024-07-10T00:16:37Z</time>
        <cmt>speed: 0.8</cmt>
      </trkpt>
      <trkpt lat="47.357932" lon="8.563042">
        <ele>452</ele>
        <time>2024-07-10T00:26:37Z</time>
        <cmt>speed: 0.0</cmt>
      </trkpt>
      <trkpt lat="47.357832" lon="8.562813">
        <ele>442</ele>
        <time>2024-07-10T00:36:42Z</time>
        <cmt>speed: 0.5</cmt>
      </trkpt>
      <trkpt lat="47.357602" lon="8.562474">
        <ele>440</ele>
        <time>2024-07-10T00:46:37Z</time>
        <cmt>speed: 2.3</cmt>
      </trkpt>
      <trkpt lat="47.357602" lon="8.562474">
        <ele>440</ele>
        <time>2024-07-10T00:56:29Z</time>
      </trkpt>
      <trkpt lat="47.357403" lon="8.562544">
        <ele>417</ele>
        <time>2024-07-10T00:56:36Z</time>
        <cmt>speed: 0.3</cmt>
      </trkpt>
      <trkpt lat="47.357619" lon="8.562203">
        <ele>483</ele>
        <time>2024-07-10T01:06:41Z</time>
        <cmt>speed: 0.0</cmt>
      </trkpt>
      <trkpt lat="47.35817" lon="8.562623">
        <ele>447</ele>
        <time>2024-07-10T01:16:39Z</time>
        <cmt>speed: 0.0</cmt>
      </trkpt>
      <trkpt lat="47.358839" lon="8.562054">
        <ele>446</ele>
        <time>2024-07-10T01:26:38Z</time>
        <cmt>speed: 0.2</cmt>
      </trkpt>
      <trkpt lat="47.358839" lon="8.562054">
        <ele>446</ele>
        <time>2024-07-10T01:36:31Z</time>
      </trkpt>
      <trkpt lat="47.35869" lon="8.562037">
        <ele>424</ele>
        <time>2024-07-10T01:36:39Z</time>
        <cmt>speed: 0.3</cmt>
      </trkpt>
      <trkpt lat="47.358716" lon="8.562052">
        <ele>446</ele>
        <time>2024-07-10T01:46:40Z</time>
        <cmt>speed: 0.0</cmt>
      </trkpt>
      <trkpt lat="47.358998" lon="8.562124">
        <ele>474</ele>
        <time>2024-07-10T01:56:38Z</time>
        <cmt>speed: 1.7</cmt>
      </trkpt>
      <trkpt lat="47.358735" lon="8.562035">
        <ele>484</ele>
        <time>2024-07-10T02:06:39Z</time>
        <cmt>speed: 0.2</cmt>
      </trkpt>
      <trkpt lat="47.359896" lon="8.56177">
        <ele>415</ele>
        <time>2024-07-10T02:16:37Z</time>
        <cmt>speed: 0.4</cmt>
      </trkpt>
      <trkpt lat="47.360061" lon="8.561083">
        <ele>423</ele>
        <time>2024-07-10T02:36:38Z</time>
        <cmt>speed: 1.2</cmt>
      </trkpt>
      <trkpt lat="47.35962" lon="8.561829">
        <ele>458</ele>
        <time>2024-07-10T02:46:38Z</time>
        <cmt>speed: 1.2</cmt>
      </trkpt>
      <trkpt lat="47.359754" lon="8.561855">
        <ele>428</ele>
        <time>2024-07-10T02:56:36Z</time>
        <cmt>speed: 0.0</cmt>
      </trkpt>
      <trkpt lat="47.358509" lon="8.560861">
        <ele>422</ele>
        <time>2024-07-10T03:06:35Z</time>
        <cmt>speed: 0.9</cmt>
      </trkpt>
      <trkpt lat="47.358472" lon="8.56048">
        <ele>419</ele>
        <time>2024-07-10T03:26:37Z</time>
        <cmt>speed: 0.0</cmt>
      </trkpt>
      <trkpt lat="47.359152" lon="8.560685">
        <ele>435</ele>
        <time>2024-07-10T03:36:38Z</time>
        <cmt>speed: 0.2</cmt>
      </trkpt>
      <trkpt lat="47.359111" lon="8.561093">
        <ele>459</ele>
        <time>2024-07-10T03:46:39Z</time>
        <cmt>speed: 0.3</cmt>
      </trkpt>
      <trkpt lat="47.358809" lon="8.560912">
        <ele>438</ele>
        <time>2024-07-10T03:56:51Z</time>
        <cmt>speed: 0.5</cmt>
      </trkpt>
      <trkpt lat="47.35888" lon="8.561187">
        <ele>426</ele>
        <time>2024-07-10T04:06:46Z</time>
        <cmt>speed: 0.0</cmt>
      </trkpt>
      <trkpt lat="47.35888" lon="8.561187">
        <ele>426</ele>
        <time>2024-07-10T04:16:27Z</time>
      </trkpt>
      <trkpt lat="47.358806" lon="8.560868">
        <ele>399</ele>
        <time>2024-07-10T04:19:35Z</time>
        <cmt>speed: 0.0</cmt>
      </trkpt>
      <trkpt lat="47.358881" lon="8.561164">
        <ele>419</ele>
        <time>2024-07-10T04:29:43Z</time>
        <cmt>speed: 0.0</cmt>
      </trkpt>
      <trkpt lat="47.358881" lon="8.561164">
        <ele>419</ele>
        <time>2024-07-10T04:39:27Z</time>
      </trkpt>
      <trkpt lat="47.358886" lon="8.561108">
        <ele>440</ele>
        <time>2024-07-10T04:39:35Z</time>
        <cmt>speed: 0.2</cmt>
      </trkpt>
      <trkpt lat="47.358852" lon="8.561418">
        <ele>472</ele>
        <time>2024-07-10T05:00:04Z</time>
        <cmt>speed: 0.1</cmt>
      </trkpt>
      <trkpt lat="47.358909" lon="8.561194">
        <ele>432</ele>
        <time>2024-07-10T05:45:30Z</time>
        <cmt>speed: 2.0</cmt>
      </trkpt>
      <trkpt lat="47.358807" lon="8.561077">
        <ele>411</ele>
        <time>2024-07-10T06:05:20Z</time>
        <cmt>speed: 1.1</cmt>
      </trkpt>
      <trkpt lat="47.358849" lon="8.561056">
        <ele>430</ele>
        <time>2024-07-10T06:15:34Z</time>
        <cmt>speed: 1.3</cmt>
      </trkpt>
      <trkpt lat="47.358849" lon="8.561056">
        <ele>430</ele>
        <time>2024-07-10T06:16:27Z</time>
      </trkpt>
      <trkpt lat="47.358849" lon="8.561056">
        <ele>430</ele>
        <time>2024-07-10T06:53:43Z</time>
      </trkpt>
      <trkpt lat="47.35887" lon="8.561118">
        <ele>464</ele>
        <time>2024-07-10T06:53:52Z</time>
        <cmt>speed: 0.1</cmt>
      </trkpt>
      <trkpt lat="47.358894" lon="8.561174">
        <ele>473</ele>
        <time>2024-07-10T07:03:50Z</time>
        <cmt>speed: 0.0</cmt>
      </trkpt>
      <trkpt lat="47.358894" lon="8.561174">
        <ele>473</ele>
        <time>2024-07-10T07:13:23Z</time>
      </trkpt>
      <trkpt lat="47.358839" lon="8.561238">
        <ele>488</ele>
        <time>2024-07-10T07:13:32Z</time>
        <cmt>speed: 0.1</cmt>
      </trkpt>
      <trkpt lat="47.358957" lon="8.561226">
        <ele>459</ele>
        <time>2024-07-10T07:23:36Z</time>
        <cmt>speed: 0.3</cmt>
      </trkpt>
      <trkpt lat="47.358797" lon="8.561049">
        <ele>439</ele>
        <time>2024-07-10T07:43:58Z</time>
        <cmt>speed: 0.5</cmt>
      </trkpt>
      <trkpt lat="47.358797" lon="8.561049">
        <ele>439</ele>
        <time>2024-07-10T07:53:15Z</time>
      </trkpt>
      <trkpt lat="47.358882" lon="8.561124">
        <ele>426</ele>
        <time>2024-07-10T07:53:24Z</time>
        <cmt>speed: 0.5</cmt>
      </trkpt>
      <trkpt lat="47.358931" lon="8.561063">
        <ele>428</ele>
        <time>2024-07-10T08:03:21Z</time>
        <cmt>speed: 0.1</cmt>
      </trkpt>
      <trkpt lat="47.358931" lon="8.561063">
        <ele>428</ele>
        <time>2024-07-10T08:13:26Z</time>
      </trkpt>
      <trkpt lat="47.358959" lon="8.561214">
        <ele>424</ele>
        <time>2024-07-10T08:13:35Z</time>
        <cmt>speed: 0.9</cmt>
      </trkpt>
      <trkpt lat="47.358962" lon="8.561137">
        <ele>397</ele>
        <time>2024-07-10T08:30:40Z</time>
        <cmt>speed: 2.1</cmt>
      </trkpt>
      <trkpt lat="47.358763" lon="8.560887">
        <ele>482</ele>
        <time>2024-07-10T08:50:59Z</time>
        <cmt>speed: 0.3</cmt>
      </trkpt>
      <trkpt lat="47.358763" lon="8.560887">
        <ele>482</ele>
        <time>2024-07-10T08:53:04Z</time>
      </trkpt>
      <trkpt lat="47.359043" lon="8.561093">
        <ele>401</ele>
        <time>2024-07-10T09:02:42Z</time>
        <cmt>speed: 0.1</cmt>
      </trkpt>
      <trkpt lat="47.358884" lon="8.561139">
        <ele>429</ele>
        <time>2024-07-10T09:12:44Z</time>
        <cmt>speed: 0.0</cmt>
      </trkpt>
      <trkpt lat="47.358956" lon="8.561191">
        <ele>411</ele>
        <time>2024-07-10T09:22:44Z</time>
        <cmt>speed: 0.2</cmt>
      </trkpt>
      <trkpt lat="47.358956" lon="8.561191">
        <ele>411</ele>
        <time>2024-07-10T09:33:12Z</time>
      </trkpt>
      <trkpt lat="47.358935" lon="8.561074">
        <ele>408</ele>
        <time>2024-07-10T09:33:21Z</time>
        <cmt>speed: 0.3</cmt>
      </trkpt>
      <trkpt lat="47.358935" lon="8.561074">
        <ele>408</ele>
        <time>2024-07-10T09:52:39Z</time>
      </trkpt>
      <trkpt lat="47.358684" lon="8.560864">
        <ele>422</ele>
        <time>2024-07-10T09:52:48Z</time>
        <cmt>speed: 0.9</cmt>
      </trkpt>
      <trkpt lat="47.358883" lon="8.561174">
        <ele>440</ele>
        <time>2024-07-10T10:02:45Z</time>
        <cmt>speed: 0.0</cmt>
      </trkpt>
      <trkpt lat="47.358883" lon="8.561174">
        <ele>440</ele>
        <time>2024-07-10T10:13:01Z</time>
      </trkpt>
      <trkpt lat="47.358806" lon="8.561235">
        <ele>453</ele>
        <time>2024-07-10T10:13:10Z</time>
        <cmt>speed: 0.2</cmt>
      </trkpt>
      <trkpt lat="47.358808" lon="8.561368">
        <ele>475</ele>
        <time>2024-07-10T10:58:05Z</time>
        <cmt>speed: 0.1</cmt>
      </trkpt>
      <trkpt lat="47.359037" lon="8.561029">
        <ele>408</ele>
        <time>2024-07-10T12:46:37Z</time>
        <cmt>speed: 0.2</cmt>
      </trkpt>
      <trkpt lat="47.358922" lon="8.561131">
        <ele>453</ele>
        <time>2024-07-10T12:56:43Z</time>
        <cmt>speed: 0.0</cmt>
      </trkpt>
      <trkpt lat="47.358922" lon="8.561131">
        <ele>453</ele>
        <time>2024-07-10T12:57:50Z</time>
      </trkpt>
      <trkpt lat="47.358726" lon="8.561059">
        <ele>436</ele>
        <time>2024-07-10T13:27:15Z</time>
        <cmt>speed: 1.3</cmt>
      </trkpt>
      <trkpt lat="47.3588" lon="8.561004">
        <ele>452</ele>
        <time>2024-07-10T13:37:20Z</time>
        <cmt>speed: 1.3</cmt>
      </trkpt>
      <trkpt lat="47.358918" lon="8.561322">
        <ele>424</ele>
        <time>2024-07-10T13:47:15Z</time>
        <cmt>speed: 1.5</cmt>
      </trkpt>
      <trkpt lat="47.358954" lon="8.561157">
        <ele>425</ele>
        <time>2024-07-10T13:57:11Z</time>
        <cmt>speed: 0.3</cmt>
      </trkpt>
      <trkpt lat="47.359046" lon="8.561148">
        <ele>470</ele>
        <time>2024-07-10T14:21:30Z</time>
        <cmt>speed: 0.0</cmt>
      </trkpt>
      <trkpt lat="47.358978" lon="8.561051">
        <ele>450</ele>
        <time>2024-07-10T14:31:27Z</time>
        <cmt>speed: 0.3</cmt>
      </trkpt>
      <trkpt lat="47.358978" lon="8.561051">
        <ele>450</ele>
        <time>2024-07-10T14:37:01Z</time>
      </trkpt>
      <trkpt lat="47.358843" lon="8.561187">
        <ele>439</ele>
        <time>2024-07-10T14:43:40Z</time>
        <cmt>speed: 0.0</cmt>
      </trkpt>
      <trkpt lat="47.358843" lon="8.561187">
        <ele>439</ele>
        <time>2024-07-10T15:03:45Z</time>
      </trkpt>
      <trkpt lat="47.358843" lon="8.561029">
        <ele>459</ele>
        <time>2024-07-10T15:03:55Z</time>
        <cmt>speed: 2.3</cmt>
      </trkpt>
      <trkpt lat="47.35883" lon="8.561078">
        <ele>442</ele>
        <time>2024-07-10T15:13:31Z</time>
        <cmt>speed: 1.4</cmt>
      </trkpt>
      <trkpt lat="47.35883" lon="8.561078">
        <ele>442</ele>
        <time>2024-07-10T15:23:22Z</time>
      </trkpt>
      <trkpt lat="47.35894" lon="8.561044">
        <ele>454</ele>
        <time>2024-07-10T15:23:32Z</time>
        <cmt>speed: 0.3</cmt>
      </trkpt>
      <trkpt lat="47.35917" lon="8.561441">
        <ele>426</ele>
        <time>2024-07-10T15:33:31Z</time>
        <cmt>speed: 1.5</cmt>
      </trkpt>
      <trkpt lat="47.358516" lon="8.562164">
        <ele>430</ele>
        <time>2024-07-10T15:43:31Z</time>
        <cmt>speed: 1.8</cmt>
      </trkpt>
      <trkpt lat="47.358385" lon="8.563142">
        <ele>434</ele>
        <time>2024-07-10T15:53:30Z</time>
        <cmt>speed: 0.3</cmt>
      </trkpt>
      <trkpt lat="47.358385" lon="8.563142">
        <ele>434</ele>
        <time>2024-07-10T16:03:20Z</time>
      </trkpt>
      <trkpt lat="47.358269" lon="8.563504">
        <ele>480</ele>
        <time>2024-07-10T16:03:30Z</time>
        <cmt>speed: 1.4</cmt>
      </trkpt>
      <trkpt lat="47.358308" lon="8.563239">
        <ele>440</ele>
        <time>2024-07-10T16:13:31Z</time>
        <cmt>speed: 0.3</cmt>
      </trkpt>
      <trkpt lat="47.358308" lon="8.563239">
        <ele>440</ele>
        <time>2024-07-10T16:23:20Z</time>
      </trkpt>
      <trkpt lat="47.358264" lon="8.563267">
        <ele>434</ele>
        <time>2024-07-10T16:23:30Z</time>
        <cmt>speed: 0.2</cmt>
      </trkpt>
      <trkpt lat="47.359715" lon="8.562338">
        <ele>445</ele>
        <time>2024-07-10T16:33:32Z</time>
        <cmt>speed: 2.3</cmt>
      </trkpt>
      <trkpt lat="47.359959" lon="8.563643">
        <ele>434</ele>
        <time>2024-07-10T16:40:06Z</time>
      </trkpt>
      <trkpt lat="47.359959" lon="8.563643">
        <ele>434</ele>
        <time>2024-07-10T16:50:06Z</time>
      </trkpt>
      <trkpt lat="47.359959" lon="8.563643">
        <ele>434</ele>
        <time>2024-07-10T17:00:06Z</time>
      </trkpt>
      <trkpt lat="47.359959" lon="8.563643">
        <ele>434</ele>
        <time>2024-07-10T17:10:06Z</time>
      </trkpt>
      <trkpt lat="47.359959" lon="8.563643">
        <ele>434</ele>
        <time>2024-07-10T17:20:06Z</time>
      </trkpt>
      <trkpt lat="47.359959" lon="8.563643">
        <ele>434</ele>
        <time>2024-07-10T17:30:06Z</time>
      </trkpt>
      <trkpt lat="47.359959" lon="8.563643">
        <ele>434</ele>
        <time>2024-07-10T17:40:06Z</time>
      </trkpt>
      <trkpt lat="47.359959" lon="8.563643">
        <ele>434</ele>
        <time>2024-07-10T17:50:06Z</time>
      </trkpt>
      <trkpt lat="47.359959" lon="8.563643">
        <ele>434</ele>
        <time>2024-07-10T18:00:06Z</time>
      </trkpt>
      <trkpt lat="47.359959" lon="8.563643">
        <ele>434</ele>
        <time>2024-07-10T18:10:06Z</time>
      </trkpt>
      <trkpt lat="47.359959" lon="8.563643">
        <ele>434</ele>
        <time>2024-07-10T18:20:06Z</time>
      </trkpt>
      <trkpt lat="47.359959" lon="8.563643">
        <ele>434</ele>
        <time>2024-07-10T18:23:43Z</time>
      </trkpt>
      <trkpt lat="47.359959" lon="8.563643">
        <ele>434</ele>
        <time>2024-07-10T18:33:43Z</time>
      </trkpt>
      <trkpt lat="47.359959" lon="8.563643">
        <ele>434</ele>
        <time>2024-07-10T18:43:43Z</time>
      </trkpt>
      <trkpt lat="47.359959" lon="8.563643">
        <ele>434</ele>
        <time>2024-07-10T18:53:43Z</time>
      </trkpt>
      <trkpt lat="47.359959" lon="8.563643">
        <ele>434</ele>
        <time>2024-07-10T19:03:43Z</time>
      </trkpt>
      <trkpt lat="47.359959" lon="8.563643">
        <ele>434</ele>
        <time>2024-07-10T19:13:43Z</time>
      </trkpt>
      <trkpt lat="47.359959" lon="8.563643">
        <ele>434</ele>
        <time>2024-07-10T19:23:43Z</time>
      </trkpt>
      <trkpt lat="47.359959" lon="8.563643">
        <ele>434</ele>
        <time>2024-07-10T19:33:43Z</time>
      </trkpt>
      <trkpt lat="47.359959" lon="8.563643">
        <ele>434</ele>
        <time>2024-07-10T19:43:43Z</time>
      </trkpt>
      <trkpt lat="47.359959" lon="8.563643">
        <ele>434</ele>
        <time>2024-07-10T19:53:43Z</time>
      </trkpt>
      <trkpt lat="47.359959" lon="8.563643">
        <ele>434</ele>
        <time>2024-07-10T20:03:43Z</time>
      </trkpt>
      <trkpt lat="47.359959" lon="8.563643">
        <ele>434</ele>
        <time>2024-07-10T20:13:43Z</time>
      </trkpt>
      <trkpt lat="47.359959" lon="8.563643">
        <ele>434</ele>
        <time>2024-07-10T20:23:43Z</time>
      </trkpt>
      <trkpt lat="47.359959" lon="8.563643">
        <ele>434</ele>
        <time>2024-07-10T20:33:43Z</time>
      </trkpt>
      <trkpt lat="47.359959" lon="8.563643">
        <ele>434</ele>
        <time>2024-07-10T20:43:43Z</time>
      </trkpt>
      <trkpt lat="47.359959" lon="8.563643">
        <ele>434</ele>
        <time>2024-07-10T20:53:43Z</time>
      </trkpt>
      <trkpt lat="47.359959" lon="8.563643">
        <ele>434</ele>
        <time>2024-07-10T21:03:43Z</time>
      </trkpt>
      <trkpt lat="47.359959" lon="8.563643">
        <ele>434</ele>
        <time>2024-07-10T21:13:43Z</time>
      </trkpt>
      <trkpt lat="47.359959" lon="8.563643">
        <ele>434</ele>
        <time>2024-07-10T21:23:43Z</time>
      </trkpt>
      <trkpt lat="47.359959" lon="8.563643">
        <ele>434</ele>
        <time>2024-07-10T21:33:43Z</time>
      </trkpt>
      <trkpt lat="47.359959" lon="8.563643">
        <ele>434</ele>
        <time>2024-07-10T21:43:43Z</time>
      </trkpt>
      <trkpt lat="47.359959" lon="8.563643">
        <ele>434</ele>
        <time>2024-07-10T21:53:43Z</time>
      </trkpt>
      <trkpt lat="47.359959" lon="8.563643">
        <ele>434</ele>
        <time>2024-07-10T22:03:43Z</time>
      </trkpt>
      <trkpt lat="47.359959" lon="8.563643">
        <ele>434</ele>
        <time>2024-07-10T22:13:43Z</time>
      </trkpt>
      <trkpt lat="47.359959" lon="8.563643">
        <ele>434</ele>
        <time>2024-07-10T22:23:43Z</time>
      </trkpt>
      <trkpt lat="47.359959" lon="8.563643">
        <ele>434</ele>
        <time>2024-07-10T22:33:43Z</time>
      </trkpt>
      <trkpt lat="47.359959" lon="8.563643">
        <ele>434</ele>
        <time>2024-07-10T22:43:43Z</time>
      </trkpt>
      <trkpt lat="47.359959" lon="8.563643">
        <ele>434</ele>
        <time>2024-07-10T22:53:43Z</time>
      </trkpt>
      <trkpt lat="47.359959" lon="8.563643">
        <ele>434</ele>
        <time>2024-07-10T23:03:43Z</time>
      </trkpt>
      <trkpt lat="47.359959" lon="8.563643">
        <ele>434</ele>
        <time>2024-07-10T23:13:43Z</time>
      </trkpt>
      <trkpt lat="47.359959" lon="8.563643">
        <ele>434</ele>
        <time>2024-07-10T23:23:43Z</time>
      </trkpt>
      <trkpt lat="47.359959" lon="8.563643">
        <ele>434</ele>
        <time>2024-07-10T23:33:43Z</time>
      </trkpt>
      <trkpt lat="47.359959" lon="8.563643">
        <ele>434</ele>
        <time>2024-07-10T23:43:43Z</time>
      </trkpt>
      <trkpt lat="47.359959" lon="8.563643">
        <ele>434</ele>
        <time>2024-07-10T23:53:43Z</time>
      </trkpt>
      <trkpt lat="47.359959" lon="8.563643">
        <ele>434</ele>
        <time>2024-07-11T00:03:43Z</time>
      </trkpt>
      <trkpt lat="47.359959" lon="8.563643">
        <ele>434</ele>
        <time>2024-07-11T00:13:43Z</time>
      </trkpt>
      <trkpt lat="47.359959" lon="8.563643">
        <ele>434</ele>
        <time>2024-07-11T00:23:43Z</time>
      </trkpt>
      <trkpt lat="47.359959" lon="8.563643">
        <ele>434</ele>
        <time>2024-07-11T00:33:43Z</time>
      </trkpt>
      <trkpt lat="47.359959" lon="8.563643">
        <ele>434</ele>
        <time>2024-07-11T00:43:43Z</time>
      </trkpt>
      <trkpt lat="47.359959" lon="8.563643">
        <ele>434</ele>
        <time>2024-07-11T00:53:43Z</time>
      </trkpt>
      <trkpt lat="47.359959" lon="8.563643">
        <ele>434</ele>
        <time>2024-07-11T01:03:55Z</time>
      </trkpt>
      <trkpt lat="47.359959" lon="8.563643">
        <ele>434</ele>
        <time>2024-07-11T01:13:55Z</time>
      </trkpt>
      <trkpt lat="47.359959" lon="8.563643">
        <ele>434</ele>
        <time>2024-07-11T01:23:55Z</time>
      </trkpt>
      <trkpt lat="47.359959" lon="8.563643">
        <ele>434</ele>
        <time>2024-07-11T01:33:55Z</time>
      </trkpt>
      <trkpt lat="47.359959" lon="8.563643">
        <ele>434</ele>
        <time>2024-07-11T01:43:55Z</time>
      </trkpt>
      <trkpt lat="47.359959" lon="8.563643">
        <ele>434</ele>
        <time>2024-07-11T01:53:55Z</time>
      </trkpt>
      <trkpt lat="47.359959" lon="8.563643">
        <ele>434</ele>
        <time>2024-07-11T02:03:55Z</time>
      </trkpt>
      <trkpt lat="47.359959" lon="8.563643">
        <ele>434</ele>
        <time>2024-07-11T02:13:55Z</time>
      </trkpt>
      <trkpt lat="47.359959" lon="8.563643">
        <ele>434</ele>
        <time>2024-07-11T02:23:55Z</time>
      </trkpt>
      <trkpt lat="47.359959" lon="8.563643">
        <ele>434</ele>
        <time>2024-07-11T02:33:55Z</time>
      </trkpt>
      <trkpt lat="47.359959" lon="8.563643">
        <ele>434</ele>
        <time>2024-07-11T02:43:55Z</time>
      </trkpt>
      <trkpt lat="47.359959" lon="8.563643">
        <ele>434</ele>
        <time>2024-07-11T02:53:55Z</time>
      </trkpt>
      <trkpt lat="47.359959" lon="8.563643">
        <ele>434</ele>
        <time>2024-07-11T03:03:55Z</time>
      </trkpt>
      <trkpt lat="47.359959" lon="8.563643">
        <ele>434</ele>
        <time>2024-07-11T03:13:55Z</time>
      </trkpt>
      <trkpt lat="47.359959" lon="8.563643">
        <ele>434</ele>
        <time>2024-07-11T03:23:55Z</time>
      </trkpt>
      <trkpt lat="47.359959" lon="8.563643">
        <ele>434</ele>
        <time>2024-07-11T03:33:55Z</time>
      </trkpt>
      <trkpt lat="47.359959" lon="8.563643">
        <ele>434</ele>
        <time>2024-07-11T03:43:55Z</time>
      </trkpt>
      <trkpt lat="47.359959" lon="8.563643">
        <ele>434</ele>
        <time>2024-07-11T03:53:55Z</time>
      </trkpt>
      <trkpt lat="47.359959" lon="8.563643">
        <ele>434</ele>
        <time>2024-07-11T04:03:55Z</time>
      </trkpt>
      <trkpt lat="47.359959" lon="8.563643">
        <ele>434</ele>
        <time>2024-07-11T04:13:55Z</time>
      </trkpt>
      <trkpt lat="47.359959" lon="8.563643">
        <ele>434</ele>
        <time>2024-07-11T04:23:55Z</time>
      </trkpt>
      <trkpt lat="47.359959" lon="8.563643">
        <ele>434</ele>
        <time>2024-07-11T04:33:55Z</time>
      </trkpt>
      <trkpt lat="47.359959" lon="8.563643">
        <ele>434</ele>
        <time>2024-07-11T04:43:55Z</time>
      </trkpt>
      <trkpt lat="47.359959" lon="8.563643">
        <ele>434</ele>
        <time>2024-07-11T04:53:55Z</time>
      </trkpt>
      <trkpt lat="47.359959" lon="8.563643">
        <ele>434</ele>
        <time>2024-07-11T05:03:55Z</time>
      </trkpt>
      <trkpt lat="47.359959" lon="8.563643">
        <ele>434</ele>
        <time>2024-07-11T05:13:55Z</time>
      </trkpt>
      <trkpt lat="47.359959" lon="8.563643">
        <ele>434</ele>
        <time>2024-07-11T05:23:55Z</time>
      </trkpt>
      <trkpt lat="47.359959" lon="8.563643">
        <ele>434</ele>
        <time>2024-07-11T05:33:55Z</time>
      </trkpt>
      <trkpt lat="47.359959" lon="8.563643">
        <ele>434</ele>
        <time>2024-07-11T05:43:55Z</time>
      </trkpt>
      <trkpt lat="47.359959" lon="8.563643">
        <ele>434</ele>
        <time>2024-07-11T05:53:55Z</time>
      </trkpt>
      <trkpt lat="47.359959" lon="8.563643">
        <ele>434</ele>
        <time>2024-07-11T06:03:55Z</time>
      </trkpt>
      <trkpt lat="47.359959" lon="8.563643">
        <ele>434</ele>
        <time>2024-07-11T06:13:55Z</time>
      </trkpt>
      <trkpt lat="47.359959" lon="8.563643">
        <ele>434</ele>
        <time>2024-07-11T06:23:55Z</time>
      </trkpt>
      <trkpt lat="47.359959" lon="8.563643">
        <ele>434</ele>
        <time>2024-07-11T06:33:55Z</time>
      </trkpt>
      <trkpt lat="47.359959" lon="8.563643">
        <ele>434</ele>
        <time>2024-07-11T06:43:55Z</time>
      </trkpt>
      <trkpt lat="47.359959" lon="8.563643">
        <ele>434</ele>
        <time>2024-07-11T06:53:55Z</time>
      </trkpt>
      <trkpt lat="47.359959" lon="8.563643">
        <ele>434</ele>
        <time>2024-07-11T07:03:55Z</time>
      </trkpt>
      <trkpt lat="47.359959" lon="8.563643">
        <ele>434</ele>
        <time>2024-07-11T07:13:55Z</time>
      </trkpt>
      <trkpt lat="47.359959" lon="8.563643">
        <ele>434</ele>
        <time>2024-07-11T07:23:55Z</time>
      </trkpt>
      <trkpt lat="47.359959" lon="8.563643">
        <ele>434</ele>
        <time>2024-07-11T07:33:55Z</time>
      </trkpt>
      <trkpt lat="47.359959" lon="8.563643">
        <ele>434</ele>
        <time>2024-07-11T07:43:55Z</time>
      </trkpt>
      <trkpt lat="47.359959" lon="8.563643">
        <ele>434</ele>
        <time>2024-07-11T07:53:55Z</time>
      </trkpt>
      <trkpt lat="47.359959" lon="8.563643">
        <ele>434</ele>
        <time>2024-07-11T08:03:55Z</time>
      </trkpt>
      <trkpt lat="47.359959" lon="8.563643">
        <ele>434</ele>
        <time>2024-07-11T08:13:55Z</time>
      </trkpt>
      <trkpt lat="47.359959" lon="8.563643">
        <ele>434</ele>
        <time>2024-07-11T08:23:55Z</time>
      </trkpt>
      <trkpt lat="47.359959" lon="8.563643">
        <ele>434</ele>
        <time>2024-07-11T08:33:55Z</time>
      </trkpt>
      <trkpt lat="47.359959" lon="8.563643">
        <ele>434</ele>
        <time>2024-07-11T08:43:55Z</time>
      </trkpt>
      <trkpt lat="47.359959" lon="8.563643">
        <ele>434</ele>
        <time>2024-07-11T08:53:55Z</time>
      </trkpt>
      <trkpt lat="47.359959" lon="8.563643">
        <ele>434</ele>
        <time>2024-07-11T09:03:55Z</time>
      </trkpt>
      <trkpt lat="47.359959" lon="8.563643">
        <ele>434</ele>
        <time>2024-07-11T09:13:55Z</time>
      </trkpt>
      <trkpt lat="47.359959" lon="8.563643">
        <ele>434</ele>
        <time>2024-07-11T09:23:55Z</time>
      </trkpt>
      <trkpt lat="47.359959" lon="8.563643">
        <ele>434</ele>
        <time>2024-07-11T09:33:55Z</time>
      </trkpt>
      <trkpt lat="47.359959" lon="8.563643">
        <ele>434</ele>
        <time>2024-07-11T09:43:55Z</time>
      </trkpt>
      <trkpt lat="47.359959" lon="8.563643">
        <ele>434</ele>
        <time>2024-07-11T09:53:55Z</time>
      </trkpt>
      <trkpt lat="47.359959" lon="8.563643">
        <ele>434</ele>
        <time>2024-07-11T10:03:55Z</time>
      </trkpt>
      <trkpt lat="47.359959" lon="8.563643">
        <ele>434</ele>
        <time>2024-07-11T10:13:55Z</time>
      </trkpt>
      <trkpt lat="47.359959" lon="8.563643">
        <ele>434</ele>
        <time>2024-07-11T10:23:55Z</time>
      </trkpt>
      <trkpt lat="47.359959" lon="8.563643">
        <ele>434</ele>
        <time>2024-07-11T10:33:55Z</time>
      </trkpt>
      <trkpt lat="47.359959" lon="8.563643">
        <ele>434</ele>
        <time>2024-07-11T10:43:55Z</time>
      </trkpt>
      <trkpt lat="47.359959" lon="8.563643">
        <ele>434</ele>
        <time>2024-07-11T10:53:55Z</time>
      </trkpt>
      <trkpt lat="47.359959" lon="8.563643">
        <ele>434</ele>
        <time>2024-07-11T11:03:55Z</time>
      </trkpt>
      <trkpt lat="47.359959" lon="8.563643">
        <ele>434</ele>
        <time>2024-07-11T11:13:55Z</time>
      </trkpt>
      <trkpt lat="47.359959" lon="8.563643">
        <ele>434</ele>
        <time>2024-07-11T11:23:55Z</time>
      </trkpt>
      <trkpt lat="47.359959" lon="8.563643">
        <ele>434</ele>
        <time>2024-07-11T11:33:55Z</time>
      </trkpt>
      <trkpt lat="47.359959" lon="8.563643">
        <ele>434</ele>
        <time>2024-07-11T11:43:55Z</time>
      </trkpt>
      <trkpt lat="47.359959" lon="8.563643">
        <ele>434</ele>
        <time>2024-07-11T11:53:55Z</time>
      </trkpt>
      <trkpt lat="47.359959" lon="8.563643">
        <ele>434</ele>
        <time>2024-07-11T12:03:55Z</time>
      </trkpt>
      <trkpt lat="47.359959" lon="8.563643">
        <ele>434</ele>
        <time>2024-07-11T12:13:55Z</time>
      </trkpt>
      <trkpt lat="47.359959" lon="8.563643">
        <ele>434</ele>
        <time>2024-07-11T12:23:55Z</time>
      </trkpt>
      <trkpt lat="47.359959" lon="8.563643">
        <ele>434</ele>
        <time>2024-07-11T12:33:55Z</time>
      </trkpt>
      <trkpt lat="47.359959" lon="8.563643">
        <ele>434</ele>
        <time>2024-07-11T12:38:18Z</time>
      </trkpt>
      <trkpt lat="47.359873" lon="8.563113">
        <ele>415</ele>
        <time>2024-07-11T14:53:14Z</time>
        <cmt>speed: 0.4</cmt>
      </trkpt>
      <trkpt lat="47.359732" lon="8.561498">
        <ele>439</ele>
        <time>2024-07-11T15:03:02Z</time>
        <cmt>speed: 0.1</cmt>
      </trkpt>
      <trkpt lat="47.359339" lon="8.560229">
        <ele>443</ele>
        <time>2024-07-11T15:13:03Z</time>
        <cmt>speed: 1.7</cmt>
      </trkpt>
      <trkpt lat="47.359249" lon="8.559664">
        <ele>456</ele>
        <time>2024-07-11T15:23:06Z</time>
        <cmt>speed: 0.0</cmt>
      </trkpt>
      <trkpt lat="47.359096" lon="8.55924">
        <ele>445</ele>
        <time>2024-07-11T15:32:59Z</time>
        <cmt>speed: 1.6</cmt>
      </trkpt>
      <trkpt lat="47.359096" lon="8.55924">
        <ele>445</ele>
        <time>2024-07-11T15:33:01Z</time>
      </trkpt>
      <trkpt lat="47.35924" lon="8.559405">
        <ele>456</ele>
        <time>2024-07-11T15:43:02Z</time>
        <cmt>speed: 0.3</cmt>
      </trkpt>
      <trkpt lat="47.358918" lon="8.558916">
        <ele>464</ele>
        <time>2024-07-11T15:53:02Z</time>
        <cmt>speed: 1.5</cmt>
      </trkpt>
      <trkpt lat="47.357862" lon="8.560077">
        <ele>443</ele>
        <time>2024-07-11T16:03:00Z</time>
        <cmt>speed: 0.6</cmt>
      </trkpt>
      <trkpt lat="47.357829" lon="8.560068">
        <ele>425</ele>
        <time>2024-07-11T16:13:03Z</time>
        <cmt>speed: 0.5</cmt>
      </trkpt>
      <trkpt lat="47.35764" lon="8.560046">
        <ele>448</ele>
        <time>2024-07-11T16:23:03Z</time>
        <cmt>speed: 0.0</cmt>
      </trkpt>
      <trkpt lat="47.358254" lon="8.560379">
        <ele>444</ele>
        <time>2024-07-11T16:32:59Z</time>
        <cmt>speed: 0.3</cmt>
      </trkpt>
      <trkpt lat="47.358438" lon="8.560179">
        <ele>449</ele>
        <time>2024-07-11T16:42:58Z</time>
        <cmt>speed: 0.1</cmt>
      </trkpt>
      <trkpt lat="47.358389" lon="8.560238">
        <ele>451</ele>
        <time>2024-07-11T17:03:03Z</time>
        <cmt>speed: 0.0</cmt>
      </trkpt>
      <trkpt lat="47.358389" lon="8.560238">
        <ele>451</ele>
        <time>2024-07-11T17:12:57Z</time>
      </trkpt>
      <trkpt lat="47.358458" lon="8.560286">
        <ele>461</ele>
        <time>2024-07-11T17:12:59Z</time>
        <cmt>speed: 0.2</cmt>
      </trkpt>
      <trkpt lat="47.358375" lon="8.560533">
        <ele>422</ele>
        <time>2024-07-11T17:23:00Z</time>
        <cmt>speed: 0.4</cmt>
      </trkpt>
      <trkpt lat="47.358375" lon="8.560533">
        <ele>422</ele>
        <time>2024-07-11T17:32:57Z</time>
      </trkpt>
      <trkpt lat="47.35824" lon="8.560534">
        <ele>419</ele>
        <time>2024-07-11T17:32:59Z</time>
        <cmt>speed: 0.9</cmt>
      </trkpt>
      <trkpt lat="47.358313" lon="8.560469">
        <ele>432</ele>
        <time>2024-07-11T17:43:05Z</time>
        <cmt>speed: 0.7</cmt>
      </trkpt>
      <trkpt lat="47.357671" lon="8.561465">
        <ele>423</ele>
        <time>2024-07-11T17:53:06Z</time>
        <cmt>speed: 0.5</cmt>
      </trkpt>
      <trkpt lat="47.357549" lon="8.561425">
        <ele>422</ele>
        <time>2024-07-11T18:03:02Z</time>
        <cmt>speed: 0.0</cmt>
      </trkpt>
      <trkpt lat="47.358019" lon="8.561701">
        <ele>429</ele>
        <time>2024-07-11T18:13:00Z</time>
        <cmt>speed: 0.2</cmt>
      </trkpt>
      <trkpt lat="47.358168" lon="8.562255">
        <ele>418</ele>
        <time>2024-07-11T18:23:01Z</time>
        <cmt>speed: 0.1</cmt>
      </trkpt>
      <trkpt lat="47.358168" lon="8.562255">
        <ele>418</ele>
        <time>2024-07-11T18:32:58Z</time>
      </trkpt>
      <trkpt lat="47.357913" lon="8.562333">
        <ele>477</ele>
        <time>2024-07-11T18:33:01Z</time>
        <cmt>speed: 1.0</cmt>
      </trkpt>
      <trkpt lat="47.35902" lon="8.561647">
        <ele>377</ele>
        <time>2024-07-11T18:53:00Z</time>
        <cmt>speed: 0.3</cmt>
      </trkpt>
      <trkpt lat="47.360422" lon="8.562456">
        <ele>443</ele>
        <time>2024-07-11T19:03:02Z</time>
        <cmt>speed: 0.7</cmt>
      </trkpt>
      <trkpt lat="47.360422" lon="8.562456">
        <ele>443</ele>
        <time>2024-07-11T19:12:58Z</time>
      </trkpt>
      <trkpt lat="47.360356" lon="8.563115">
        <ele>422</ele>
        <time>2024-07-11T19:13:00Z</time>
        <cmt>speed: 0.0</cmt>
      </trkpt>
      <trkpt lat="47.359367" lon="8.561515">
        <ele>433</ele>
        <time>2024-07-11T19:23:01Z</time>
        <cmt>speed: 0.2</cmt>
      </trkpt>
      <trkpt lat="47.359367" lon="8.561515">
        <ele>433</ele>
        <time>2024-07-11T19:32:57Z</time>
      </trkpt>
      <trkpt lat="47.358749" lon="8.56177">
        <ele>443</ele>
        <time>2024-07-11T19:32:59Z</time>
        <cmt>speed: 0.3</cmt>
      </trkpt>
      <trkpt lat="47.358704" lon="8.561713">
        <ele>446</ele>
        <time>2024-07-11T19:43:00Z</time>
        <cmt>speed: 0.2</cmt>
      </trkpt>
      <trkpt lat="47.358152" lon="8.561528">
        <ele>427</ele>
        <time>2024-07-11T19:52:59Z</time>
        <cmt>speed: 0.7</cmt>
      </trkpt>
      <trkpt lat="47.358409" lon="8.560458">
        <ele>438</ele>
        <time>2024-07-11T20:03:03Z</time>
        <cmt>speed: 0.1</cmt>
      </trkpt>
      <trkpt lat="47.358409" lon="8.560458">
        <ele>438</ele>
        <time>2024-07-11T20:13:05Z</time>
      </trkpt>
      <trkpt lat="47.357776" lon="8.561158">
        <ele>461</ele>
        <time>2024-07-11T20:13:08Z</time>
        <cmt>speed: 0.2</cmt>
      </trkpt>
      <trkpt lat="47.357657" lon="8.561094">
        <ele>455</ele>
        <time>2024-07-11T20:23:04Z</time>
        <cmt>speed: 0.2</cmt>
      </trkpt>
      <trkpt lat="47.357657" lon="8.561094">
        <ele>455</ele>
        <time>2024-07-11T20:33:13Z</time>
      </trkpt>
      <trkpt lat="47.357753" lon="8.561358">
        <ele>452</ele>
        <time>2024-07-11T20:33:16Z</time>
        <cmt>speed: 0.7</cmt>
      </trkpt>
      <trkpt lat="47.357404" lon="8.561257">
        <ele>490</ele>
        <time>2024-07-11T20:43:11Z</time>
        <cmt>speed: 0.9</cmt>
      </trkpt>
      <trkpt lat="47.357404" lon="8.561257">
        <ele>490</ele>
        <time>2024-07-11T20:53:04Z</time>
      </trkpt>
      <trkpt lat="47.357536" lon="8.561107">
        <ele>448</ele>
        <time>2024-07-11T20:53:07Z</time>
        <cmt>speed: 0.4</cmt>
      </trkpt>
      <trkpt lat="47.357435" lon="8.561065">
        <ele>419</ele>
        <time>2024-07-11T21:03:16Z</time>
        <cmt>speed: 0.2</cmt>
      </trkpt>
      <trkpt lat="47.357435" lon="8.561065">
        <ele>419</ele>
        <time>2024-07-11T21:13:00Z</time>
      </trkpt>
      <trkpt lat="47.3575" lon="8.561216">
        <ele>446</ele>
        <time>2024-07-11T21:13:03Z</time>
        <cmt>speed: 0.0</cmt>
      </trkpt>
      <trkpt lat="47.357459" lon="8.561471">
        <ele>420</ele>
        <time>2024-07-11T21:23:00Z</time>
        <cmt>speed: 0.7</cmt>
      </trkpt>
      <trkpt lat="47.3574" lon="8.561578">
        <ele>435</ele>
        <time>2024-07-11T21:32:59Z</time>
        <cmt>speed: 0.6</cmt>
      </trkpt>
      <trkpt lat="47.358414" lon="8.562389">
        <ele>444</ele>
        <time>2024-07-11T21:43:00Z</time>
        <cmt>speed: 0.6</cmt>
      </trkpt>
      <trkpt lat="47.358868" lon="8.561901">
        <ele>429</ele>
        <time>2024-07-11T21:53:00Z</time>
        <cmt>speed: 0.6</cmt>
      </trkpt>
      <trkpt lat="47.359312" lon="8.561751">
        <ele>479</ele>
        <time>2024-07-11T22:03:00Z</time>
        <cmt>speed: 0.4</cmt>
      </trkpt>
      <trkpt lat="47.359664" lon="8.561904">
        <ele>432</ele>
        <time>2024-07-11T22:13:00Z</time>
        <cmt>speed: 0.4</cmt>
      </trkpt>
      <trkpt lat="47.359584" lon="8.561761">
        <ele>443</ele>
        <time>2024-07-11T22:22:59Z</time>
        <cmt>speed: 0.2</cmt>
      </trkpt>
      <trkpt lat="47.359584" lon="8.561761">
        <ele>443</ele>
        <time>2024-07-11T22:32:57Z</time>
      </trkpt>
      <trkpt lat="47.359567" lon="8.561616">
        <ele>424</ele>
        <time>2024-07-11T22:33:00Z</time>
        <cmt>speed: 1.4</cmt>
      </trkpt>
      <trkpt lat="47.360168" lon="8.561557">
        <ele>417</ele>
        <time>2024-07-11T22:42:59Z</time>
        <cmt>speed: 0.8</cmt>
      </trkpt>
      <trkpt lat="47.359659" lon="8.560884">
        <ele>435</ele>
        <time>2024-07-11T22:53:10Z</time>
        <cmt>speed: 0.5</cmt>
      </trkpt>
      <trkpt lat="47.359546" lon="8.559922">
        <ele>447</ele>
        <time>2024-07-11T23:03:01Z</time>
        <cmt>speed: 1.6</cmt>
      </trkpt>
      <trkpt lat="47.358465" lon="8.560306">
        <ele>435</ele>
        <time>2024-07-11T23:13:01Z</time>
        <cmt>speed: 0.5</cmt>
      </trkpt>
      <trkpt lat="47.357583" lon="8.56136">
        <ele>437</ele>
        <time>2024-07-11T23:22:59Z</time>
        <cmt>speed: 1.8</cmt>
      </trkpt>
      <trkpt lat="47.357583" lon="8.56136">
        <ele>437</ele>
        <time>2024-07-11T23:32:59Z</time>
      </trkpt>
      <trkpt lat="47.357634" lon="8.561082">
        <ele>453</ele>
        <time>2024-07-11T23:33:02Z</time>
        <cmt>speed: 0.6</cmt>
      </trkpt>
      <trkpt lat="47.357714" lon="8.56074">
        <ele>428</ele>
        <time>2024-07-11T23:43:01Z</time>
        <cmt>speed: 0.3</cmt>
      </trkpt>
      <trkpt lat="47.357714" lon="8.56074">
        <ele>428</ele>
        <time>2024-07-11T23:53:05Z</time>
      </trkpt>
      <trkpt lat="47.357558" lon="8.560917">
        <ele>451</ele>
        <time>2024-07-11T23:53:08Z</time>
        <cmt>speed: 0.0</cmt>
      </trkpt>
      <trkpt lat="47.358072" lon="8.560854">
        <ele>435</ele>
        <time>2024-07-12T00:03:00Z</time>
        <cmt>speed: 0.2</cmt>
      </trkpt>
      <trkpt lat="47.358072" lon="8.560854">
        <ele>435</ele>
        <time>2024-07-12T00:12:58Z</time>
      </trkpt>
      <trkpt lat="47.357831" lon="8.560797">
        <ele>448</ele>
        <time>2024-07-12T00:13:01Z</time>
        <cmt>speed: 0.2</cmt>
      </trkpt>
      <trkpt lat="47.357791" lon="8.561085">
        <ele>426</ele>
        <time>2024-07-12T00:23:02Z</time>
        <cmt>speed: 0.0</cmt>
      </trkpt>
      <trkpt lat="47.357791" lon="8.561085">
        <ele>426</ele>
        <time>2024-07-12T00:32:58Z</time>
      </trkpt>
      <trkpt lat="47.357855" lon="8.560944">
        <ele>497</ele>
        <time>2024-07-12T00:33:02Z</time>
        <cmt>speed: 0.0</cmt>
      </trkpt>
      <trkpt lat="47.357665" lon="8.561395">
        <ele>440</ele>
        <time>2024-07-12T00:43:04Z</time>
        <cmt>speed: 0.1</cmt>
      </trkpt>
      <trkpt lat="47.357649" lon="8.561357">
        <ele>466</ele>
        <time>2024-07-12T00:53:04Z</time>
        <cmt>speed: 0.0</cmt>
      </trkpt>
      <trkpt lat="47.358129" lon="8.5606">
        <ele>447</ele>
        <time>2024-07-12T01:03:01Z</time>
        <cmt>speed: 0.8</cmt>
      </trkpt>
      <trkpt lat="47.35862" lon="8.55999">
        <ele>434</ele>
        <time>2024-07-12T01:13:00Z</time>
        <cmt>speed: 2.1</cmt>
      </trkpt>
      <trkpt lat="47.357851" lon="8.560876">
        <ele>432</ele>
        <time>2024-07-12T01:23:04Z</time>
        <cmt>speed: 0.3</cmt>
      </trkpt>
      <trkpt lat="47.357359" lon="8.561433">
        <ele>434</ele>
        <time>2024-07-12T01:33:05Z</time>
        <cmt>speed: 0.5</cmt>
      </trkpt>
      <trkpt lat="47.358062" lon="8.562371">
        <ele>433</ele>
        <time>2024-07-12T01:43:00Z</time>
        <cmt>speed: 0.0</cmt>
      </trkpt>
      <trkpt lat="47.359114" lon="8.561464">
        <ele>442</ele>
        <time>2024-07-12T01:53:09Z</time>
        <cmt>speed: 0.6</cmt>
      </trkpt>
      <trkpt lat="47.359075" lon="8.561637">
        <ele>431</ele>
        <time>2024-07-12T02:03:05Z</time>
        <cmt>speed: 0.0</cmt>
      </trkpt>
      <trkpt lat="47.359306" lon="8.561599">
        <ele>452</ele>
        <time>2024-07-12T02:13:02Z</time>
        <cmt>speed: 0.8</cmt>
      </trkpt>
      <trkpt lat="47.359291" lon="8.561673">
        <ele>430</ele>
        <time>2024-07-12T02:23:01Z</time>
        <cmt>speed: 0.0</cmt>
      </trkpt>
      <trkpt lat="47.359198" lon="8.561621">
        <ele>416</ele>
        <time>2024-07-12T02:33:02Z</time>
        <cmt>speed: 0.4</cmt>
      </trkpt>
      <trkpt lat="47.359361" lon="8.561586">
        <ele>469</ele>
        <time>2024-07-12T02:43:02Z</time>
        <cmt>speed: 0.3</cmt>
      </trkpt>
      <trkpt lat="47.359168" lon="8.56162">
        <ele>429</ele>
        <time>2024-07-12T02:53:03Z</time>
        <cmt>speed: 0.7</cmt>
      </trkpt>
      <trkpt lat="47.359076" lon="8.561763">
        <ele>446</ele>
        <time>2024-07-12T03:02:59Z</time>
        <cmt>speed: 0.0</cmt>
      </trkpt>
      <trkpt lat="47.359076" lon="8.561763">
        <ele>446</ele>
        <time>2024-07-12T03:12:57Z</time>
      </trkpt>
      <trkpt lat="47.359247" lon="8.561725">
        <ele>452</ele>
        <time>2024-07-12T03:13:01Z</time>
        <cmt>speed: 0.0</cmt>
      </trkpt>
      <trkpt lat="47.359294" lon="8.561938">
        <ele>433</ele>
        <time>2024-07-12T03:23:18Z</time>
        <cmt>speed: 0.5</cmt>
      </trkpt>
      <trkpt lat="47.358296" lon="8.562251">
        <ele>459</ele>
        <time>2024-07-12T03:33:01Z</time>
        <cmt>speed: 0.8</cmt>
      </trkpt>
      <trkpt lat="47.357781" lon="8.561063">
        <ele>442</ele>
        <time>2024-07-12T03:43:05Z</time>
        <cmt>speed: 0.4</cmt>
      </trkpt>
      <trkpt lat="47.357781" lon="8.561063">
        <ele>442</ele>
        <time>2024-07-12T03:52:56Z</time>
      </trkpt>
      <trkpt lat="47.358384" lon="8.560488">
        <ele>440</ele>
        <time>2024-07-12T03:52:59Z</time>
        <cmt>speed: 1.3</cmt>
      </trkpt>
      <trkpt lat="47.358021" lon="8.560561">
        <ele>470</ele>
        <time>2024-07-12T04:03:00Z</time>
        <cmt>speed: 1.6</cmt>
      </trkpt>
      <trkpt lat="47.35814" lon="8.56032">
        <ele>419</ele>
        <time>2024-07-12T04:23:02Z</time>
        <cmt>speed: 0.0</cmt>
      </trkpt>
      <trkpt lat="47.35814" lon="8.56032">
        <ele>419</ele>
        <time>2024-07-12T04:32:57Z</time>
      </trkpt>
      <trkpt lat="47.358197" lon="8.560321">
        <ele>444</ele>
        <time>2024-07-12T04:33:01Z</time>
        <cmt>speed: 1.0</cmt>
      </trkpt>
      <trkpt lat="47.358287" lon="8.560107">
        <ele>489</ele>
        <time>2024-07-12T04:43:00Z</time>
        <cmt>speed: 2.3</cmt>
      </trkpt>
      <trkpt lat="47.358287" lon="8.560107">
        <ele>489</ele>
        <time>2024-07-12T04:52:56Z</time>
      </trkpt>
      <trkpt lat="47.358176" lon="8.559983">
        <ele>484</ele>
        <time>2024-07-12T04:56:25Z</time>
        <cmt>speed: 0.6</cmt>
      </trkpt>
      <trkpt lat="47.358123" lon="8.560325">
        <ele>435</ele>
        <time>2024-07-12T05:06:23Z</time>
        <cmt>speed: 0.2</cmt>
      </trkpt>
      <trkpt lat="47.358123" lon="8.560325">
        <ele>435</ele>
        <time>2024-07-12T05:16:28Z</time>
      </trkpt>
      <trkpt lat="47.358172" lon="8.560223">
        <ele>444</ele>
        <time>2024-07-12T05:16:32Z</time>
        <cmt>speed: 0.0</cmt>
      </trkpt>
      <trkpt lat="47.358109" lon="8.560295">
        <ele>450</ele>
        <time>2024-07-12T05:26:51Z</time>
        <cmt>speed: 0.4</cmt>
      </trkpt>
      <trkpt lat="47.358109" lon="8.560295">
        <ele>450</ele>
        <time>2024-07-12T05:36:33Z</time>
      </trkpt>
      <trkpt lat="47.358177" lon="8.559965">
        <ele>479</ele>
        <time>2024-07-12T05:36:37Z</time>
        <cmt>speed: 2.4</cmt>
      </trkpt>
      <trkpt lat="47.358211" lon="8.560224">
        <ele>441</ele>
        <time>2024-07-12T05:46:24Z</time>
        <cmt>speed: 0.1</cmt>
      </trkpt>
      <trkpt lat="47.358119" lon="8.560402">
        <ele>453</ele>
        <time>2024-07-12T05:56:23Z</time>
        <cmt>speed: 0.6</cmt>
      </trkpt>
      <trkpt lat="47.358668" lon="8.560097">
        <ele>454</ele>
        <time>2024-07-12T06:06:23Z</time>
        <cmt>speed: 0.1</cmt>
      </trkpt>
      <trkpt lat="47.357963" lon="8.560025">
        <ele>474</ele>
        <time>2024-07-12T06:16:23Z</time>
        <cmt>speed: 0.6</cmt>
      </trkpt>
      <trkpt lat="47.358032" lon="8.561077">
        <ele>447</ele>
        <time>2024-07-12T06:26:23Z</time>
        <cmt>speed: 0.3</cmt>
      </trkpt>
      <trkpt lat="47.358043" lon="8.562528">
        <ele>474</ele>
        <time>2024-07-12T06:36:31Z</time>
        <cmt>speed: 0.0</cmt>
      </trkpt>
      <trkpt lat="47.358235" lon="8.562957">
        <ele>459</ele>
        <time>2024-07-12T06:46:23Z</time>
        <cmt>speed: 0.5</cmt>
      </trkpt>
      <trkpt lat="47.358235" lon="8.562957">
        <ele>459</ele>
        <time>2024-07-12T06:56:20Z</time>
      </trkpt>
      <trkpt lat="47.358462" lon="8.563213">
        <ele>487</ele>
        <time>2024-07-12T06:56:24Z</time>
        <cmt>speed: 0.2</cmt>
      </trkpt>
      <trkpt lat="47.35826" lon="8.563205">
        <ele>455</ele>
        <time>2024-07-12T07:06:23Z</time>
        <cmt>speed: 0.3</cmt>
      </trkpt>
      <trkpt lat="47.35826" lon="8.563205">
        <ele>455</ele>
        <time>2024-07-12T07:12:56Z</time>
      </trkpt>
      <trkpt lat="47.358265" lon="8.563164">
        <ele>458</ele>
        <time>2024-07-12T07:16:34Z</time>
        <cmt>speed: 0.2</cmt>
      </trkpt>
      <trkpt lat="47.358232" lon="8.563301">
        <ele>440</ele>
        <time>2024-07-12T07:26:34Z</time>
        <cmt>speed: 0.5</cmt>
      </trkpt>
      <trkpt lat="47.358232" lon="8.563301">
        <ele>440</ele>
        <time>2024-07-12T07:36:35Z</time>
      </trkpt>
      <trkpt lat="47.358279" lon="8.563147">
        <ele>445</ele>
        <time>2024-07-12T07:36:39Z</time>
        <cmt>speed: 0.2</cmt>
      </trkpt>
      <trkpt lat="47.358254" lon="8.563232">
        <ele>460</ele>
        <time>2024-07-12T07:46:31Z</time>
        <cmt>speed: 0.4</cmt>
      </trkpt>
      <trkpt lat="47.358254" lon="8.563232">
        <ele>460</ele>
        <time>2024-07-12T07:56:27Z</time>
      </trkpt>
      <trkpt lat="47.358226" lon="8.563248">
        <ele>436</ele>
        <time>2024-07-12T07:56:32Z</time>
        <cmt>speed: 0.2</cmt>
      </trkpt>
      <trkpt lat="47.358244" lon="8.563014">
        <ele>463</ele>
        <time>2024-07-12T08:06:38Z</time>
        <cmt>speed: 0.3</cmt>
      </trkpt>
      <trkpt lat="47.358244" lon="8.563014">
        <ele>463</ele>
        <time>2024-07-12T08:16:24Z</time>
      </trkpt>
      <trkpt lat="47.358322" lon="8.563181">
        <ele>473</ele>
        <time>2024-07-12T08:16:28Z</time>
        <cmt>speed: 0.8</cmt>
      </trkpt>
      <trkpt lat="47.358221" lon="8.563197">
        <ele>444</ele>
        <time>2024-07-12T08:26:32Z</time>
        <cmt>speed: 0.4</cmt>
      </trkpt>
      <trkpt lat="47.358268" lon="8.563252">
        <ele>448</ele>
        <time>2024-07-12T08:36:23Z</time>
        <cmt>speed: 0.3</cmt>
      </trkpt>
      <trkpt lat="47.358541" lon="8.562999">
        <ele>463</ele>
        <time>2024-07-12T08:46:23Z</time>
        <cmt>speed: 0.6</cmt>
      </trkpt>
      <trkpt lat="47.358275" lon="8.563352">
        <ele>438</ele>
        <time>2024-07-12T08:56:21Z</time>
        <cmt>speed: 0.1</cmt>
      </trkpt>
      <trkpt lat="47.358589" lon="8.565159">
        <ele>456</ele>
        <time>2024-07-12T09:06:25Z</time>
        <cmt>speed: 0.5</cmt>
      </trkpt>
      <trkpt lat="47.358475" lon="8.564774">
        <ele>479</ele>
        <time>2024-07-12T09:16:25Z</time>
        <cmt>speed: 0.3</cmt>
      </trkpt>
      <trkpt lat="47.358652" lon="8.564792">
        <ele>452</ele>
        <time>2024-07-12T09:26:22Z</time>
        <cmt>speed: 2.7</cmt>
      </trkpt>
      <trkpt lat="47.358579" lon="8.564955">
        <ele>442</ele>
        <time>2024-07-12T09:36:25Z</time>
        <cmt>speed: 0.2</cmt>
      </trkpt>
      <trkpt lat="47.358642" lon="8.565051">
        <ele>479</ele>
        <time>2024-07-12T09:46:42Z</time>
        <cmt>speed: 0.2</cmt>
      </trkpt>
      <trkpt lat="47.358642" lon="8.565051">
        <ele>479</ele>
        <time>2024-07-12T09:52:56Z</time>
      </trkpt>
      <trkpt lat="47.358562" lon="8.564873">
        <ele>435</ele>
        <time>2024-07-12T09:59:10Z</time>
        <cmt>speed: 0.4</cmt>
      </trkpt>
      <trkpt lat="47.358575" lon="8.564992">
        <ele>466</ele>
        <time>2024-07-12T10:09:24Z</time>
        <cmt>speed: 0.0</cmt>
      </trkpt>
      <trkpt lat="47.358575" lon="8.564992">
        <ele>466</ele>
        <time>2024-07-12T10:09:59Z</time>
      </trkpt>
      <trkpt lat="47.358573" lon="8.564976">
        <ele>451</ele>
        <time>2024-07-12T10:19:18Z</time>
        <cmt>speed: 0.1</cmt>
      </trkpt>
      <trkpt lat="47.358524" lon="8.564994">
        <ele>427</ele>
        <time>2024-07-12T10:29:14Z</time>
        <cmt>speed: 0.0</cmt>
      </trkpt>
      <trkpt lat="47.358524" lon="8.564994">
        <ele>427</ele>
        <time>2024-07-12T10:29:59Z</time>
      </trkpt>
      <trkpt lat="47.358447" lon="8.564996">
        <ele>432</ele>
        <time>2024-07-12T10:39:16Z</time>
        <cmt>speed: 0.0</cmt>
      </trkpt>
      <trkpt lat="47.358482" lon="8.565352">
        <ele>463</ele>
        <time>2024-07-12T10:59:09Z</time>
        <cmt>speed: 2.7</cmt>
      </trkpt>
      <trkpt lat="47.358577" lon="8.56523">
        <ele>471</ele>
        <time>2024-07-12T11:22:08Z</time>
        <cmt>speed: 0.0</cmt>
      </trkpt>
      <trkpt lat="47.358483" lon="8.565267">
        <ele>461</ele>
        <time>2024-07-12T11:32:32Z</time>
        <cmt>speed: 0.1</cmt>
      </trkpt>
      <trkpt lat="47.358552" lon="8.565171">
        <ele>461</ele>
        <time>2024-07-12T11:49:00Z</time>
        <cmt>speed: 0.2</cmt>
      </trkpt>
      <trkpt lat="47.358578" lon="8.565207">
        <ele>449</ele>
        <time>2024-07-12T11:58:34Z</time>
        <cmt>speed: 0.5</cmt>
      </trkpt>
      <trkpt lat="47.358602" lon="8.564916">
        <ele>446</ele>
        <time>2024-07-12T12:08:32Z</time>
        <cmt>speed: 0.0</cmt>
      </trkpt>
      <trkpt lat="47.358714" lon="8.565125">
        <ele>465</ele>
        <time>2024-07-12T12:18:30Z</time>
        <cmt>speed: 0.1</cmt>
      </trkpt>
      <trkpt lat="47.358846" lon="8.564112">
        <ele>383</ele>
        <time>2024-07-12T12:48:35Z</time>
        <cmt>speed: 0.8</cmt>
      </trkpt>
      <trkpt lat="47.358682" lon="8.564945">
        <ele>426</ele>
        <time>2024-07-12T13:08:32Z</time>
        <cmt>speed: 0.0</cmt>
      </trkpt>
      <trkpt lat="47.358393" lon="8.564661">
        <ele>445</ele>
        <time>2024-07-12T14:19:56Z</time>
        <cmt>speed: 2.2</cmt>
      </trkpt>
      <trkpt lat="47.358466" lon="8.564109">
        <ele>446</ele>
        <time>2024-07-12T14:29:57Z</time>
        <cmt>speed: 0.3</cmt>
      </trkpt>
      <trkpt lat="47.358117" lon="8.563141">
        <ele>498</ele>
        <time>2024-07-12T14:39:56Z</time>
        <cmt>speed: 0.0</cmt>
      </trkpt>
      <trkpt lat="47.358597" lon="8.56285">
        <ele>425</ele>
        <time>2024-07-12T14:49:56Z</time>
        <cmt>speed: 0.2</cmt>
      </trkpt>
      <trkpt lat="47.35874" lon="8.562849">
        <ele>440</ele>
        <time>2024-07-12T14:59:57Z</time>
        <cmt>speed: 0.6</cmt>
      </trkpt>
      <trkpt lat="47.35945" lon="8.562982">
        <ele>462</ele>
        <time>2024-07-12T16:08:33Z</time>
        <cmt>speed: 0.2</cmt>
      </trkpt>
      <trkpt lat="47.36025" lon="8.563496">
        <ele>384</ele>
        <time>2024-07-12T16:18:21Z</time>
        <cmt>speed: 0.9</cmt>
      </trkpt>
      <trkpt lat="47.359974" lon="8.56367">
        <ele>434</ele>
        <time>2024-07-12T20:31:09Z</time>
      </trkpt>
      <trkpt lat="47.359974" lon="8.56367">
        <ele>434</ele>
        <time>2024-07-12T20:48:47Z</time>
      </trkpt>
      <trkpt lat="47.360057" lon="8.563741">
        <ele>431</ele>
        <time>2024-07-12T20:49:15Z</time>
        <cmt>speed: 0.6</cmt>
      </trkpt>
      <trkpt lat="47.359987" lon="8.561756">
        <ele>418</ele>
        <time>2024-07-12T20:59:00Z</time>
        <cmt>speed: 0.5</cmt>
      </trkpt>
      <trkpt lat="47.35882" lon="8.56097">
        <ele>428</ele>
        <time>2024-07-12T21:09:09Z</time>
        <cmt>speed: 0.9</cmt>
      </trkpt>
      <trkpt lat="47.357719" lon="8.561551">
        <ele>467</ele>
        <time>2024-07-12T21:19:05Z</time>
        <cmt>speed: 0.1</cmt>
      </trkpt>
      <trkpt lat="47.357636" lon="8.561851">
        <ele>474</ele>
        <time>2024-07-12T21:28:58Z</time>
        <cmt>speed: 0.3</cmt>
      </trkpt>
      <trkpt lat="47.35759" lon="8.561514">
        <ele>432</ele>
        <time>2024-07-12T21:38:59Z</time>
        <cmt>speed: 0.2</cmt>
      </trkpt>
      <trkpt lat="47.357634" lon="8.561833">
        <ele>493</ele>
        <time>2024-07-12T21:48:59Z</time>
        <cmt>speed: 0.5</cmt>
      </trkpt>
      <trkpt lat="47.35734" lon="8.561935">
        <ele>479</ele>
        <time>2024-07-12T21:58:56Z</time>
        <cmt>speed: 0.6</cmt>
      </trkpt>
      <trkpt lat="47.358184" lon="8.562309">
        <ele>416</ele>
        <time>2024-07-12T22:08:58Z</time>
        <cmt>speed: 0.6</cmt>
      </trkpt>
      <trkpt lat="47.358864" lon="8.560907">
        <ele>432</ele>
        <time>2024-07-12T22:18:56Z</time>
        <cmt>speed: 0.1</cmt>
      </trkpt>
      <trkpt lat="47.359326" lon="8.560709">
        <ele>475</ele>
        <time>2024-07-12T22:39:10Z</time>
        <cmt>speed: 0.4</cmt>
      </trkpt>
      <trkpt lat="47.359326" lon="8.560709">
        <ele>475</ele>
        <time>2024-07-12T22:48:52Z</time>
      </trkpt>
      <trkpt lat="47.359576" lon="8.561678">
        <ele>431</ele>
        <time>2024-07-12T22:48:56Z</time>
        <cmt>speed: 7.2</cmt>
      </trkpt>
      <trkpt lat="47.359156" lon="8.564326">
        <ele>470</ele>
        <time>2024-07-12T22:58:56Z</time>
        <cmt>speed: 2.6</cmt>
      </trkpt>
      <trkpt lat="47.359156" lon="8.564326">
        <ele>470</ele>
        <time>2024-07-12T23:08:52Z</time>
      </trkpt>
      <trkpt lat="47.358818" lon="8.565698">
        <ele>438</ele>
        <time>2024-07-12T23:08:57Z</time>
        <cmt>speed: 0.1</cmt>
      </trkpt>
      <trkpt lat="47.358771" lon="8.565747">
        <ele>448</ele>
        <time>2024-07-12T23:18:56Z</time>
        <cmt>speed: 0.5</cmt>
      </trkpt>
      <trkpt lat="47.358815" lon="8.565669">
        <ele>450</ele>
        <time>2024-07-12T23:28:56Z</time>
        <cmt>speed: 0.2</cmt>
      </trkpt>
      <trkpt lat="47.358815" lon="8.565669">
        <ele>450</ele>
        <time>2024-07-12T23:40:22Z</time>
      </trkpt>
      <trkpt lat="47.358826" lon="8.56563">
        <ele>431</ele>
        <time>2024-07-12T23:40:53Z</time>
        <cmt>speed: 0.7</cmt>
      </trkpt>
      <trkpt lat="47.358682" lon="8.565736">
        <ele>438</ele>
        <time>2024-07-12T23:50:55Z</time>
        <cmt>speed: 0.2</cmt>
      </trkpt>
      <trkpt lat="47.358964" lon="8.565646">
        <ele>497</ele>
        <time>2024-07-13T00:00:53Z</time>
        <cmt>speed: 0.3</cmt>
      </trkpt>
      <trkpt lat="47.359369" lon="8.56426">
        <ele>442</ele>
        <time>2024-07-13T00:10:56Z</time>
        <cmt>speed: 0.0</cmt>
      </trkpt>
      <trkpt lat="47.359899" lon="8.562125">
        <ele>415</ele>
        <time>2024-07-13T00:20:55Z</time>
        <cmt>speed: 0.6</cmt>
      </trkpt>
      <trkpt lat="47.359655" lon="8.560736">
        <ele>457</ele>
        <time>2024-07-13T00:30:56Z</time>
        <cmt>speed: 0.6</cmt>
      </trkpt>
      <trkpt lat="47.359974" lon="8.560299">
        <ele>437</ele>
        <time>2024-07-13T00:40:56Z</time>
        <cmt>speed: 0.7</cmt>
      </trkpt>
      <trkpt lat="47.358383" lon="8.560687">
        <ele>409</ele>
        <time>2024-07-13T00:50:56Z</time>
        <cmt>speed: 0.4</cmt>
      </trkpt>
      <trkpt lat="47.357394" lon="8.561456">
        <ele>440</ele>
        <time>2024-07-13T01:00:55Z</time>
        <cmt>speed: 0.5</cmt>
      </trkpt>
      <trkpt lat="47.357735" lon="8.56211">
        <ele>447</ele>
        <time>2024-07-13T01:10:55Z</time>
        <cmt>speed: 0.3</cmt>
      </trkpt>
      <trkpt lat="47.357735" lon="8.56211">
        <ele>447</ele>
        <time>2024-07-13T01:20:49Z</time>
      </trkpt>
      <trkpt lat="47.357641" lon="8.562126">
        <ele>447</ele>
        <time>2024-07-13T01:20:56Z</time>
        <cmt>speed: 0.0</cmt>
      </trkpt>
      <trkpt lat="47.357745" lon="8.56193">
        <ele>424</ele>
        <time>2024-07-13T01:30:59Z</time>
        <cmt>speed: 0.0</cmt>
      </trkpt>
      <trkpt lat="47.357745" lon="8.56193">
        <ele>424</ele>
        <time>2024-07-13T01:40:52Z</time>
      </trkpt>
      <trkpt lat="47.357607" lon="8.562226">
        <ele>426</ele>
        <time>2024-07-13T01:40:59Z</time>
        <cmt>speed: 0.1</cmt>
      </trkpt>
      <trkpt lat="47.357698" lon="8.562024">
        <ele>410</ele>
        <time>2024-07-13T01:50:56Z</time>
        <cmt>speed: 0.6</cmt>
      </trkpt>
      <trkpt lat="47.357698" lon="8.562024">
        <ele>410</ele>
        <time>2024-07-13T02:00:47Z</time>
      </trkpt>
      <trkpt lat="47.357654" lon="8.562067">
        <ele>444</ele>
        <time>2024-07-13T02:00:54Z</time>
        <cmt>speed: 0.1</cmt>
      </trkpt>
      <trkpt lat="47.357697" lon="8.56221">
        <ele>428</ele>
        <time>2024-07-13T02:11:22Z</time>
        <cmt>speed: 0.2</cmt>
      </trkpt>
      <trkpt lat="47.357697" lon="8.56221">
        <ele>428</ele>
        <time>2024-07-13T02:20:47Z</time>
      </trkpt>
      <trkpt lat="47.357584" lon="8.561931">
        <ele>462</ele>
        <time>2024-07-13T02:20:55Z</time>
        <cmt>speed: 1.2</cmt>
      </trkpt>
      <trkpt lat="47.357836" lon="8.562542">
        <ele>400</ele>
        <time>2024-07-13T02:30:54Z</time>
        <cmt>speed: 0.8</cmt>
      </trkpt>
      <trkpt lat="47.357836" lon="8.562542">
        <ele>400</ele>
        <time>2024-07-13T02:40:51Z</time>
      </trkpt>
      <trkpt lat="47.35792" lon="8.562345">
        <ele>413</ele>
        <time>2024-07-13T02:40:59Z</time>
        <cmt>speed: 0.0</cmt>
      </trkpt>
      <trkpt lat="47.35759" lon="8.562363">
        <ele>393</ele>
        <time>2024-07-13T02:51:00Z</time>
        <cmt>speed: 0.1</cmt>
      </trkpt>
      <trkpt lat="47.359093" lon="8.561679">
        <ele>424</ele>
        <time>2024-07-13T03:00:55Z</time>
        <cmt>speed: 0.1</cmt>
      </trkpt>
      <trkpt lat="47.359122" lon="8.561811">
        <ele>446</ele>
        <time>2024-07-13T03:10:57Z</time>
        <cmt>speed: 0.0</cmt>
      </trkpt>
      <trkpt lat="47.360207" lon="8.562256">
        <ele>429</ele>
        <time>2024-07-13T03:21:01Z</time>
        <cmt>speed: 0.7</cmt>
      </trkpt>
      <trkpt lat="47.359974" lon="8.56367">
        <ele>434</ele>
        <time>2024-07-13T03:27:00Z</time>
      </trkpt>
      <trkpt lat="47.359974" lon="8.56367">
        <ele>434</ele>
        <time>2024-07-13T03:42:00Z</time>
      </trkpt>
      <trkpt lat="47.359974" lon="8.56367">
        <ele>434</ele>
        <time>2024-07-13T15:41:58Z</time>
      </trkpt>
      <trkpt lat="47.359974" lon="8.56367">
        <ele>434</ele>
        <time>2024-07-14T03:42:28Z</time>
      </trkpt>
      <trkpt lat="47.359974" lon="8.56367">
        <ele>434</ele>
        <time>2024-07-14T15:42:46Z</time>
      </trkpt>
      <trkpt lat="47.359974" lon="8.56367">
        <ele>434</ele>
        <time>2024-07-15T03:43:04Z</time>
      </trkpt>
      <trkpt lat="47.359974" lon="8.56367">
        <ele>434</ele>
        <time>2024-07-15T15:43:22Z</time>
      </trkpt>
      <trkpt lat="47.359974" lon="8.56367">
        <ele>434</ele>
        <time>2024-07-16T03:43:41Z</time>
      </trkpt>
      <trkpt lat="47.359974" lon="8.56367">
        <ele>434</ele>
        <time>2024-07-16T15:43:59Z</time>
      </trkpt>
      <trkpt lat="47.359651" lon="8.563565">
        <ele>389</ele>
        <time>2024-07-17T01:48:44Z</time>
        <cmt>speed: 0.4</cmt>
      </trkpt>
      <trkpt lat="47.359493" lon="8.56227">
        <ele>463</ele>
        <time>2024-07-17T01:58:29Z</time>
        <cmt>speed: 4.0</cmt>
      </trkpt>
      <trkpt lat="47.359832" lon="8.560285">
        <ele>437</ele>
        <time>2024-07-17T02:08:31Z</time>
        <cmt>speed: 0.0</cmt>
      </trkpt>
      <trkpt lat="47.358794" lon="8.560478">
        <ele>417</ele>
        <time>2024-07-17T02:18:35Z</time>
        <cmt>speed: 1.0</cmt>
      </trkpt>
      <trkpt lat="47.357464" lon="8.561886">
        <ele>440</ele>
        <time>2024-07-17T02:28:34Z</time>
        <cmt>speed: 1.7</cmt>
      </trkpt>
      <trkpt lat="47.357802" lon="8.563217">
        <ele>451</ele>
        <time>2024-07-17T02:38:38Z</time>
        <cmt>speed: 0.2</cmt>
      </trkpt>
      <trkpt lat="47.357802" lon="8.563217">
        <ele>451</ele>
        <time>2024-07-17T02:48:39Z</time>
      </trkpt>
      <trkpt lat="47.357775" lon="8.563139">
        <ele>450</ele>
        <time>2024-07-17T02:48:40Z</time>
        <cmt>speed: 0.1</cmt>
      </trkpt>
      <trkpt lat="47.357835" lon="8.563026">
        <ele>445</ele>
        <time>2024-07-17T02:58:33Z</time>
        <cmt>speed: 0.6</cmt>
      </trkpt>
      <trkpt lat="47.357884" lon="8.563107">
        <ele>471</ele>
        <time>2024-07-17T03:08:31Z</time>
        <cmt>speed: 1.0</cmt>
      </trkpt>
      <trkpt lat="47.357884" lon="8.563107">
        <ele>471</ele>
        <time>2024-07-17T03:08:32Z</time>
      </trkpt>
      <trkpt lat="47.3579" lon="8.563118">
        <ele>426</ele>
        <time>2024-07-17T03:18:33Z</time>
        <cmt>speed: 0.4</cmt>
      </trkpt>
      <trkpt lat="47.357798" lon="8.562757">
        <ele>443</ele>
        <time>2024-07-17T03:28:33Z</time>
        <cmt>speed: 3.8</cmt>
      </trkpt>
      <trkpt lat="47.359475" lon="8.561882">
        <ele>438</ele>
        <time>2024-07-17T03:38:31Z</time>
        <cmt>speed: 0.7</cmt>
      </trkpt>
      <trkpt lat="47.359974" lon="8.56367">
        <ele>434</ele>
        <time>2024-07-17T03:44:10Z</time>
      </trkpt>
      <trkpt lat="47.359974" lon="8.56367">
        <ele>434</ele>
        <time>2024-07-17T03:59:10Z</time>
      </trkpt>
      <trkpt lat="47.359974" lon="8.56367">
        <ele>434</ele>
        <time>2024-07-17T05:23:03Z</time>
      </trkpt>
      <trkpt lat="47.360146" lon="8.563566">
        <ele>451</ele>
        <time>2024-07-17T05:23:54Z</time>
        <cmt>speed: 1.2</cmt>
      </trkpt>
      <trkpt lat="47.360301" lon="8.5633">
        <ele>442</ele>
        <time>2024-07-17T05:33:06Z</time>
        <cmt>speed: 0.4</cmt>
      </trkpt>
      <trkpt lat="47.359974" lon="8.56367">
        <ele>434</ele>
        <time>2024-07-17T05:33:22Z</time>
      </trkpt>
      <trkpt lat="47.358123" lon="8.560965">
        <ele>444</ele>
        <time>2024-07-17T05:53:08Z</time>
        <cmt>speed: 0.3</cmt>
      </trkpt>
      <trkpt lat="47.357665" lon="8.562149">
        <ele>436</ele>
        <time>2024-07-17T06:13:08Z</time>
        <cmt>speed: 0.8</cmt>
      </trkpt>
      <trkpt lat="47.357845" lon="8.563082">
        <ele>458</ele>
        <time>2024-07-17T06:23:13Z</time>
        <cmt>speed: 0.2</cmt>
      </trkpt>
      <trkpt lat="47.357735" lon="8.564097">
        <ele>493</ele>
        <time>2024-07-17T06:33:06Z</time>
        <cmt>speed: 0.1</cmt>
      </trkpt>
      <trkpt lat="47.357558" lon="8.563948">
        <ele>477</ele>
        <time>2024-07-17T06:43:05Z</time>
        <cmt>speed: 1.2</cmt>
      </trkpt>
      <trkpt lat="47.357642" lon="8.563905">
        <ele>436</ele>
        <time>2024-07-17T06:53:06Z</time>
        <cmt>speed: 0.3</cmt>
      </trkpt>
      <trkpt lat="47.357642" lon="8.563905">
        <ele>436</ele>
        <time>2024-07-17T07:03:05Z</time>
      </trkpt>
      <trkpt lat="47.357214" lon="8.564039">
        <ele>491</ele>
        <time>2024-07-17T07:03:06Z</time>
        <cmt>speed: 0.1</cmt>
      </trkpt>
      <trkpt lat="47.357507" lon="8.564715">
        <ele>440</ele>
        <time>2024-07-17T07:13:06Z</time>
        <cmt>speed: 0.4</cmt>
      </trkpt>
      <trkpt lat="47.357507" lon="8.564715">
        <ele>440</ele>
        <time>2024-07-17T07:23:06Z</time>
      </trkpt>
      <trkpt lat="47.357532" lon="8.564854">
        <ele>470</ele>
        <time>2024-07-17T07:23:07Z</time>
        <cmt>speed: 0.2</cmt>
      </trkpt>
      <trkpt lat="47.357675" lon="8.564444">
        <ele>447</ele>
        <time>2024-07-17T07:33:08Z</time>
        <cmt>speed: 0.0</cmt>
      </trkpt>
      <trkpt lat="47.357675" lon="8.564444">
        <ele>447</ele>
        <time>2024-07-17T07:43:06Z</time>
      </trkpt>
      <trkpt lat="47.357636" lon="8.564563">
        <ele>456</ele>
        <time>2024-07-17T07:43:07Z</time>
        <cmt>speed: 0.3</cmt>
      </trkpt>
      <trkpt lat="47.357723" lon="8.564545">
        <ele>452</ele>
        <time>2024-07-17T07:53:07Z</time>
        <cmt>speed: 0.2</cmt>
      </trkpt>
      <trkpt lat="47.357723" lon="8.564545">
        <ele>452</ele>
        <time>2024-07-17T08:03:06Z</time>
      </trkpt>
      <trkpt lat="47.357642" lon="8.565046">
        <ele>448</ele>
        <time>2024-07-17T08:03:07Z</time>
        <cmt>speed: 0.9</cmt>
      </trkpt>
      <trkpt lat="47.358573" lon="8.565187">
        <ele>473</ele>
        <time>2024-07-17T08:13:07Z</time>
        <cmt>speed: 0.2</cmt>
      </trkpt>
      <trkpt lat="47.358573" lon="8.565187">
        <ele>473</ele>
        <time>2024-07-17T08:23:06Z</time>
      </trkpt>
      <trkpt lat="47.358475" lon="8.564977">
        <ele>459</ele>
        <time>2024-07-17T08:23:08Z</time>
        <cmt>speed: 0.3</cmt>
      </trkpt>
      <trkpt lat="47.358642" lon="8.56425">
        <ele>464</ele>
        <time>2024-07-17T08:33:24Z</time>
        <cmt>speed: 0.3</cmt>
      </trkpt>
      <trkpt lat="47.358497" lon="8.56398">
        <ele>497</ele>
        <time>2024-07-17T08:43:10Z</time>
        <cmt>speed: 0.7</cmt>
      </trkpt>
      <trkpt lat="47.358464" lon="8.563838">
        <ele>438</ele>
        <time>2024-07-17T09:03:11Z</time>
        <cmt>speed: 1.2</cmt>
      </trkpt>
      <trkpt lat="47.35773" lon="8.564513">
        <ele>458</ele>
        <time>2024-07-17T09:13:07Z</time>
        <cmt>speed: 0.0</cmt>
      </trkpt>
      <trkpt lat="47.35773" lon="8.564513">
        <ele>458</ele>
        <time>2024-07-17T09:23:06Z</time>
      </trkpt>
      <trkpt lat="47.357127" lon="8.563973">
        <ele>427</ele>
        <time>2024-07-17T09:23:08Z</time>
        <cmt>speed: 0.3</cmt>
      </trkpt>
      <trkpt lat="47.356819" lon="8.563334">
        <ele>426</ele>
        <time>2024-07-17T09:33:27Z</time>
        <cmt>speed: 1.0</cmt>
      </trkpt>
      <trkpt lat="47.357036" lon="8.563518">
        <ele>468</ele>
        <time>2024-07-17T09:43:14Z</time>
        <cmt>speed: 0.5</cmt>
      </trkpt>
      <trkpt lat="47.357071" lon="8.563402">
        <ele>447</ele>
        <time>2024-07-17T09:53:07Z</time>
        <cmt>speed: 0.6</cmt>
      </trkpt>
      <trkpt lat="47.356993" lon="8.563702">
        <ele>516</ele>
        <time>2024-07-17T10:03:09Z</time>
        <cmt>speed: 1.1</cmt>
      </trkpt>
      <trkpt lat="47.356984" lon="8.56332">
        <ele>410</ele>
        <time>2024-07-17T10:13:08Z</time>
        <cmt>speed: 0.0</cmt>
      </trkpt>
      <trkpt lat="47.357021" lon="8.563047">
        <ele>446</ele>
        <time>2024-07-17T10:23:07Z</time>
        <cmt>speed: 0.5</cmt>
      </trkpt>
      <trkpt lat="47.35699" lon="8.563119">
        <ele>440</ele>
        <time>2024-07-17T10:33:09Z</time>
        <cmt>speed: 0.3</cmt>
      </trkpt>
      <trkpt lat="47.35699" lon="8.563119">
        <ele>440</ele>
        <time>2024-07-17T10:43:06Z</time>
      </trkpt>
      <trkpt lat="47.356841" lon="8.563161">
        <ele>418</ele>
        <time>2024-07-17T10:43:08Z</time>
        <cmt>speed: 0.9</cmt>
      </trkpt>
      <trkpt lat="47.356956" lon="8.563205">
        <ele>443</ele>
        <time>2024-07-17T10:53:08Z</time>
        <cmt>speed: 1.1</cmt>
      </trkpt>
      <trkpt lat="47.356956" lon="8.563205">
        <ele>443</ele>
        <time>2024-07-17T11:03:07Z</time>
      </trkpt>
      <trkpt lat="47.357131" lon="8.563207">
        <ele>444</ele>
        <time>2024-07-17T11:03:09Z</time>
        <cmt>speed: 0.0</cmt>
      </trkpt>
      <trkpt lat="47.357072" lon="8.563316">
        <ele>438</ele>
        <time>2024-07-17T11:13:06Z</time>
        <cmt>speed: 0.4</cmt>
      </trkpt>
      <trkpt lat="47.357072" lon="8.563316">
        <ele>438</ele>
        <time>2024-07-17T11:23:05Z</time>
      </trkpt>
      <trkpt lat="47.357015" lon="8.563197">
        <ele>464</ele>
        <time>2024-07-17T11:23:06Z</time>
        <cmt>speed: 1.2</cmt>
      </trkpt>
      <trkpt lat="47.357186" lon="8.563133">
        <ele>453</ele>
        <time>2024-07-17T11:33:08Z</time>
        <cmt>speed: 0.1</cmt>
      </trkpt>
      <trkpt lat="47.357358" lon="8.562636">
        <ele>452</ele>
        <time>2024-07-17T11:43:09Z</time>
        <cmt>speed: 0.0</cmt>
      </trkpt>
      <trkpt lat="47.357363" lon="8.563234">
        <ele>470</ele>
        <time>2024-07-17T11:53:21Z</time>
        <cmt>speed: 1.6</cmt>
      </trkpt>
      <trkpt lat="47.357363" lon="8.563234">
        <ele>470</ele>
        <time>2024-07-17T12:03:15Z</time>
      </trkpt>
      <trkpt lat="47.357088" lon="8.563138">
        <ele>448</ele>
        <time>2024-07-17T12:03:17Z</time>
        <cmt>speed: 0.4</cmt>
      </trkpt>
      <trkpt lat="47.357119" lon="8.563165">
        <ele>446</ele>
        <time>2024-07-17T12:13:08Z</time>
        <cmt>speed: 1.6</cmt>
      </trkpt>
      <trkpt lat="47.357012" lon="8.563138">
        <ele>450</ele>
        <time>2024-07-17T12:23:13Z</time>
        <cmt>speed: 0.1</cmt>
      </trkpt>
      <trkpt lat="47.357028" lon="8.56322">
        <ele>476</ele>
        <time>2024-07-17T12:33:11Z</time>
        <cmt>speed: 0.2</cmt>
      </trkpt>
      <trkpt lat="47.357028" lon="8.56322">
        <ele>476</ele>
        <time>2024-07-17T12:43:10Z</time>
      </trkpt>
      <trkpt lat="47.357015" lon="8.563321">
        <ele>459</ele>
        <time>2024-07-17T12:43:12Z</time>
        <cmt>speed: 0.3</cmt>
      </trkpt>
      <trkpt lat="47.357057" lon="8.563481">
        <ele>461</ele>
        <time>2024-07-17T12:53:10Z</time>
        <cmt>speed: 0.4</cmt>
      </trkpt>
      <trkpt lat="47.357052" lon="8.563305">
        <ele>459</ele>
        <time>2024-07-17T13:03:09Z</time>
        <cmt>speed: 0.2</cmt>
      </trkpt>
      <trkpt lat="47.356827" lon="8.563092">
        <ele>453</ele>
        <time>2024-07-17T13:13:08Z</time>
        <cmt>speed: 0.1</cmt>
      </trkpt>
      <trkpt lat="47.357011" lon="8.563069">
        <ele>463</ele>
        <time>2024-07-17T13:23:11Z</time>
        <cmt>speed: 0.3</cmt>
      </trkpt>
      <trkpt lat="47.359738" lon="8.563332">
        <ele>461</ele>
        <time>2024-07-17T13:33:10Z</time>
        <cmt>speed: 0.9</cmt>
      </trkpt>
      <trkpt lat="47.359738" lon="8.563332">
        <ele>461</ele>
        <time>2024-07-17T13:43:07Z</time>
      </trkpt>
      <trkpt lat="47.359956" lon="8.563849">
        <ele>450</ele>
        <time>2024-07-17T13:43:10Z</time>
        <cmt>speed: 0.0</cmt>
      </trkpt>
      <trkpt lat="47.359959" lon="8.563643">
        <ele>434</ele>
        <time>2024-07-17T13:50:46Z</time>
      </trkpt>
      <trkpt lat="47.359959" lon="8.563643">
        <ele>434</ele>
        <time>2024-07-17T14:05:46Z</time>
      </trkpt>
      <trkpt lat="47.359959" lon="8.563643">
        <ele>434</ele>
        <time>2024-07-17T18:16:20Z</time>
      </trkpt>
      <trkpt lat="47.359959" lon="8.563643">
        <ele>434</ele>
        <time>2024-07-17T18:16:50Z</time>
      </trkpt>
      <trkpt lat="47.360423" lon="8.562886">
        <ele>401</ele>
        <time>2024-07-17T18:16:53Z</time>
        <cmt>speed: 0.1</cmt>
      </trkpt>
      <trkpt lat="47.359974" lon="8.56367">
        <ele>434</ele>
        <time>2024-07-17T18:21:19Z</time>
      </trkpt>
      <trkpt lat="47.359974" lon="8.56367">
        <ele>434</ele>
        <time>2024-07-17T18:36:17Z</time>
      </trkpt>
      <trkpt lat="47.359974" lon="8.56367">
        <ele>434</ele>
        <time>2024-07-17T18:36:19Z</time>
      </trkpt>
      <trkpt lat="47.360493" lon="8.562536">
        <ele>488</ele>
        <time>2024-07-17T22:50:11Z</time>
        <cmt>speed: 1.4</cmt>
      </trkpt>
      <trkpt lat="47.358935" lon="8.561641">
        <ele>442</ele>
        <time>2024-07-17T22:59:52Z</time>
        <cmt>speed: 0.0</cmt>
      </trkpt>
      <trkpt lat="47.357448" lon="8.561942">
        <ele>452</ele>
        <time>2024-07-17T23:10:01Z</time>
        <cmt>speed: 0.5</cmt>
      </trkpt>
      <trkpt lat="47.357936" lon="8.561047">
        <ele>448</ele>
        <time>2024-07-17T23:20:05Z</time>
        <cmt>speed: 0.6</cmt>
      </trkpt>
      <trkpt lat="47.359293" lon="8.559636">
        <ele>425</ele>
        <time>2024-07-17T23:29:59Z</time>
        <cmt>speed: 0.4</cmt>
      </trkpt>
      <trkpt lat="47.359071" lon="8.561517">
        <ele>433</ele>
        <time>2024-07-17T23:39:54Z</time>
        <cmt>speed: 0.7</cmt>
      </trkpt>
      <trkpt lat="47.35787" lon="8.562723">
        <ele>447</ele>
        <time>2024-07-17T23:49:55Z</time>
        <cmt>speed: 1.6</cmt>
      </trkpt>
      <trkpt lat="47.357938" lon="8.563052">
        <ele>442</ele>
        <time>2024-07-17T23:59:55Z</time>
        <cmt>speed: 0.9</cmt>
      </trkpt>
      <trkpt lat="47.357981" lon="8.562761">
        <ele>434</ele>
        <time>2024-07-18T00:09:59Z</time>
        <cmt>speed: 0.5</cmt>
      </trkpt>
      <trkpt lat="47.359" lon="8.561645">
        <ele>430</ele>
        <time>2024-07-18T00:19:55Z</time>
        <cmt>speed: 0.1</cmt>
      </trkpt>
      <trkpt lat="47.358358" lon="8.560617">
        <ele>450</ele>
        <time>2024-07-18T00:29:52Z</time>
        <cmt>speed: 0.6</cmt>
      </trkpt>
      <trkpt lat="47.35717" lon="8.561435">
        <ele>420</ele>
        <time>2024-07-18T00:39:58Z</time>
        <cmt>speed: 0.0</cmt>
      </trkpt>
      <trkpt lat="47.35717" lon="8.561435">
        <ele>420</ele>
        <time>2024-07-18T00:49:52Z</time>
      </trkpt>
      <trkpt lat="47.357328" lon="8.561933">
        <ele>497</ele>
        <time>2024-07-18T00:49:56Z</time>
        <cmt>speed: 0.2</cmt>
      </trkpt>
      <trkpt lat="47.357734" lon="8.56077">
        <ele>448</ele>
        <time>2024-07-18T00:59:57Z</time>
        <cmt>speed: 0.5</cmt>
      </trkpt>
      <trkpt lat="47.359205" lon="8.560651">
        <ele>431</ele>
        <time>2024-07-18T01:09:54Z</time>
        <cmt>speed: 0.4</cmt>
      </trkpt>
      <trkpt lat="47.359467" lon="8.561775">
        <ele>434</ele>
        <time>2024-07-18T01:19:53Z</time>
        <cmt>speed: 0.5</cmt>
      </trkpt>
      <trkpt lat="47.358675" lon="8.565633">
        <ele>462</ele>
        <time>2024-07-18T01:29:54Z</time>
        <cmt>speed: 0.6</cmt>
      </trkpt>
      <trkpt lat="47.358907" lon="8.565542">
        <ele>470</ele>
        <time>2024-07-18T01:39:53Z</time>
        <cmt>speed: 0.6</cmt>
      </trkpt>
      <trkpt lat="47.359414" lon="8.564305">
        <ele>431</ele>
        <time>2024-07-18T01:49:55Z</time>
        <cmt>speed: 0.3</cmt>
      </trkpt>
      <trkpt lat="47.360008" lon="8.561579">
        <ele>457</ele>
        <time>2024-07-18T02:09:53Z</time>
        <cmt>speed: 0.9</cmt>
      </trkpt>
      <trkpt lat="47.357923" lon="8.562648">
        <ele>421</ele>
        <time>2024-07-18T02:19:59Z</time>
        <cmt>speed: 0.1</cmt>
      </trkpt>
      <trkpt lat="47.35757" lon="8.563234">
        <ele>443</ele>
        <time>2024-07-18T02:30:02Z</time>
        <cmt>speed: 0.2</cmt>
      </trkpt>
      <trkpt lat="47.357659" lon="8.563157">
        <ele>454</ele>
        <time>2024-07-18T02:39:59Z</time>
        <cmt>speed: 1.2</cmt>
      </trkpt>
      <trkpt lat="47.357785" lon="8.562806">
        <ele>460</ele>
        <time>2024-07-18T02:49:55Z</time>
        <cmt>speed: 0.3</cmt>
      </trkpt>
      <trkpt lat="47.35785" lon="8.562728">
        <ele>443</ele>
        <time>2024-07-18T02:59:55Z</time>
        <cmt>speed: 0.1</cmt>
      </trkpt>
      <trkpt lat="47.357507" lon="8.562251">
        <ele>437</ele>
        <time>2024-07-18T03:09:59Z</time>
        <cmt>speed: 0.1</cmt>
      </trkpt>
      <trkpt lat="47.358767" lon="8.561783">
        <ele>437</ele>
        <time>2024-07-18T03:19:57Z</time>
        <cmt>speed: 1.0</cmt>
      </trkpt>
      <trkpt lat="47.357499" lon="8.562458">
        <ele>426</ele>
        <time>2024-07-18T03:29:55Z</time>
        <cmt>speed: 0.1</cmt>
      </trkpt>
      <trkpt lat="47.357428" lon="8.562965">
        <ele>459</ele>
        <time>2024-07-18T03:39:55Z</time>
        <cmt>speed: 0.0</cmt>
      </trkpt>
      <trkpt lat="47.35724" lon="8.563198">
        <ele>483</ele>
        <time>2024-07-18T03:49:54Z</time>
        <cmt>speed: 0.9</cmt>
      </trkpt>
      <trkpt lat="47.357044" lon="8.563728">
        <ele>425</ele>
        <time>2024-07-18T03:59:54Z</time>
        <cmt>speed: 0.2</cmt>
      </trkpt>
      <trkpt lat="47.357424" lon="8.562729">
        <ele>472</ele>
        <time>2024-07-18T04:09:55Z</time>
        <cmt>speed: 0.5</cmt>
      </trkpt>
      <trkpt lat="47.358256" lon="8.561029">
        <ele>418</ele>
        <time>2024-07-18T04:19:56Z</time>
        <cmt>speed: 4.0</cmt>
      </trkpt>
      <trkpt lat="47.359531" lon="8.561321">
        <ele>465</ele>
        <time>2024-07-18T04:29:58Z</time>
        <cmt>speed: 0.3</cmt>
      </trkpt>
      <trkpt lat="47.36" lon="8.563413">
        <ele>416</ele>
        <time>2024-07-18T04:39:54Z</time>
        <cmt>speed: 0.7</cmt>
      </trkpt>
      <trkpt lat="47.359974" lon="8.56367">
        <ele>434</ele>
        <time>2024-07-18T04:40:28Z</time>
      </trkpt>
      <trkpt lat="47.360195" lon="8.562934">
        <ele>476</ele>
        <time>2024-07-18T04:49:55Z</time>
        <cmt>speed: 0.2</cmt>
      </trkpt>
      <trkpt lat="47.360061" lon="8.562493">
        <ele>447</ele>
        <time>2024-07-18T04:53:15Z</time>
        <cmt>speed: 1.9</cmt>
      </trkpt>
      <trkpt lat="47.360167" lon="8.562397">
        <ele>441</ele>
        <time>2024-07-18T04:53:19Z</time>
        <cmt>speed: 1.3</cmt>
      </trkpt>
      <trkpt lat="47.360108" lon="8.562336">
        <ele>443</ele>
        <time>2024-07-18T04:53:23Z</time>
        <cmt>speed: 0.2</cmt>
      </trkpt>
      <trkpt lat="47.360099" lon="8.562348">
        <ele>445</ele>
        <time>2024-07-18T04:53:27Z</time>
        <cmt>speed: 0.2</cmt>
      </trkpt>
      <trkpt lat="47.360089" lon="8.562344">
        <ele>447</ele>
        <time>2024-07-18T04:53:31Z</time>
        <cmt>speed: 0.0</cmt>
      </trkpt>
      <trkpt lat="47.360089" lon="8.562344">
        <ele>447</ele>
        <time>2024-07-18T04:53:35Z</time>
        <cmt>speed: 0.0</cmt>
      </trkpt>
      <trkpt lat="47.360082" lon="8.56234">
        <ele>449</ele>
        <time>2024-07-18T04:53:39Z</time>
        <cmt>speed: 0.8</cmt>
      </trkpt>
      <trkpt lat="47.36007" lon="8.562339">
        <ele>448</ele>
        <time>2024-07-18T04:53:43Z</time>
        <cmt>speed: 0.0</cmt>
      </trkpt>
      <trkpt lat="47.359204" lon="8.561485">
        <ele>433</ele>
        <time>2024-07-18T04:59:56Z</time>
        <cmt>speed: 0.2</cmt>
      </trkpt>
      <trkpt lat="47.358066" lon="8.562423">
        <ele>448</ele>
        <time>2024-07-18T05:09:56Z</time>
        <cmt>speed: 0.6</cmt>
      </trkpt>
      <trkpt lat="47.358066" lon="8.562423">
        <ele>448</ele>
        <time>2024-07-18T05:19:49Z</time>
      </trkpt>
      <trkpt lat="47.357457" lon="8.563143">
        <ele>433</ele>
        <time>2024-07-18T05:19:54Z</time>
        <cmt>speed: 0.1</cmt>
      </trkpt>
      <trkpt lat="47.357323" lon="8.563259">
        <ele>426</ele>
        <time>2024-07-18T05:29:55Z</time>
        <cmt>speed: 0.3</cmt>
      </trkpt>
      <trkpt lat="47.356831" lon="8.562874">
        <ele>472</ele>
        <time>2024-07-18T05:39:56Z</time>
        <cmt>speed: 0.2</cmt>
      </trkpt>
      <trkpt lat="47.357194" lon="8.563276">
        <ele>427</ele>
        <time>2024-07-18T05:49:53Z</time>
        <cmt>speed: 0.0</cmt>
      </trkpt>
      <trkpt lat="47.357194" lon="8.563276">
        <ele>427</ele>
        <time>2024-07-18T05:59:50Z</time>
      </trkpt>
      <trkpt lat="47.356999" lon="8.5632">
        <ele>459</ele>
        <time>2024-07-18T05:59:55Z</time>
        <cmt>speed: 0.2</cmt>
      </trkpt>
      <trkpt lat="47.357036" lon="8.563112">
        <ele>423</ele>
        <time>2024-07-18T06:09:54Z</time>
        <cmt>speed: 0.5</cmt>
      </trkpt>
      <trkpt lat="47.357036" lon="8.563112">
        <ele>423</ele>
        <time>2024-07-18T06:19:49Z</time>
      </trkpt>
      <trkpt lat="47.356938" lon="8.563079">
        <ele>471</ele>
        <time>2024-07-18T06:19:54Z</time>
        <cmt>speed: 0.2</cmt>
      </trkpt>
      <trkpt lat="47.357083" lon="8.563041">
        <ele>462</ele>
        <time>2024-07-18T06:29:56Z</time>
        <cmt>speed: 0.0</cmt>
      </trkpt>
      <trkpt lat="47.357083" lon="8.563041">
        <ele>462</ele>
        <time>2024-07-18T06:39:50Z</time>
      </trkpt>
      <trkpt lat="47.356991" lon="8.563039">
        <ele>473</ele>
        <time>2024-07-18T06:39:55Z</time>
        <cmt>speed: 1.5</cmt>
      </trkpt>
      <trkpt lat="47.357103" lon="8.563294">
        <ele>415</ele>
        <time>2024-07-18T06:49:53Z</time>
        <cmt>speed: 0.1</cmt>
      </trkpt>
      <trkpt lat="47.357103" lon="8.563294">
        <ele>415</ele>
        <time>2024-07-18T06:59:50Z</time>
      </trkpt>
      <trkpt lat="47.357543" lon="8.563179">
        <ele>442</ele>
        <time>2024-07-18T06:59:55Z</time>
        <cmt>speed: 0.1</cmt>
      </trkpt>
      <trkpt lat="47.359879" lon="8.563819">
        <ele>441</ele>
        <time>2024-07-18T07:10:05Z</time>
        <cmt>speed: 0.3</cmt>
      </trkpt>
      <trkpt lat="47.359974" lon="8.56367">
        <ele>434</ele>
        <time>2024-07-18T07:11:24Z</time>
      </trkpt>
      <trkpt lat="47.359974" lon="8.56367">
        <ele>434</ele>
        <time>2024-07-18T07:26:24Z</time>
      </trkpt>
      <trkpt lat="47.360503" lon="8.563111">
        <ele>423</ele>
        <time>2024-07-18T14:46:19Z</time>
        <cmt>speed: 0.1</cmt>
      </trkpt>
      <trkpt lat="47.360274" lon="8.56176">
        <ele>401</ele>
        <time>2024-07-18T14:56:36Z</time>
        <cmt>speed: 2.6</cmt>
      </trkpt>
      <trkpt lat="47.359444" lon="8.561467">
        <ele>431</ele>
        <time>2024-07-18T15:06:15Z</time>
        <cmt>speed: 0.3</cmt>
      </trkpt>
      <trkpt lat="47.359444" lon="8.561467">
        <ele>431</ele>
        <time>2024-07-18T15:06:15Z</time>
      </trkpt>
      <trkpt lat="47.358807" lon="8.562139">
        <ele>427</ele>
        <time>2024-07-18T15:16:04Z</time>
        <cmt>speed: 1.1</cmt>
      </trkpt>
      <trkpt lat="47.357884" lon="8.563003">
        <ele>415</ele>
        <time>2024-07-18T15:26:05Z</time>
        <cmt>speed: 0.6</cmt>
      </trkpt>
      <trkpt lat="47.357157" lon="8.563259">
        <ele>443</ele>
        <time>2024-07-18T15:36:04Z</time>
        <cmt>speed: 0.6</cmt>
      </trkpt>
      <trkpt lat="47.357044" lon="8.563366">
        <ele>441</ele>
        <time>2024-07-18T15:46:04Z</time>
        <cmt>speed: 1.5</cmt>
      </trkpt>
      <trkpt lat="47.356833" lon="8.563038">
        <ele>428</ele>
        <time>2024-07-18T15:56:09Z</time>
        <cmt>speed: 0.2</cmt>
      </trkpt>
      <trkpt lat="47.357072" lon="8.563015">
        <ele>496</ele>
        <time>2024-07-18T16:06:04Z</time>
        <cmt>speed: 0.5</cmt>
      </trkpt>
      <trkpt lat="47.357294" lon="8.563454">
        <ele>464</ele>
        <time>2024-07-18T16:16:14Z</time>
        <cmt>speed: 0.0</cmt>
      </trkpt>
      <trkpt lat="47.357023" lon="8.563326">
        <ele>467</ele>
        <time>2024-07-18T16:36:12Z</time>
        <cmt>speed: 1.6</cmt>
      </trkpt>
      <trkpt lat="47.356957" lon="8.56322">
        <ele>451</ele>
        <time>2024-07-18T16:46:04Z</time>
        <cmt>speed: 0.1</cmt>
      </trkpt>
      <trkpt lat="47.356887" lon="8.563036">
        <ele>457</ele>
        <time>2024-07-18T16:56:04Z</time>
        <cmt>speed: 0.0</cmt>
      </trkpt>
      <trkpt lat="47.356797" lon="8.563135">
        <ele>438</ele>
        <time>2024-07-18T17:06:05Z</time>
        <cmt>speed: 0.1</cmt>
      </trkpt>
      <trkpt lat="47.356888" lon="8.562991">
        <ele>467</ele>
        <time>2024-07-18T17:16:04Z</time>
        <cmt>speed: 0.4</cmt>
      </trkpt>
      <trkpt lat="47.356956" lon="8.563057">
        <ele>451</ele>
        <time>2024-07-18T17:26:03Z</time>
        <cmt>speed: 0.1</cmt>
      </trkpt>
      <trkpt lat="47.356999" lon="8.563337">
        <ele>438</ele>
        <time>2024-07-18T17:36:03Z</time>
        <cmt>speed: 0.2</cmt>
      </trkpt>
      <trkpt lat="47.357038" lon="8.563303">
        <ele>475</ele>
        <time>2024-07-18T17:46:05Z</time>
        <cmt>speed: 0.2</cmt>
      </trkpt>
      <trkpt lat="47.357111" lon="8.563277">
        <ele>468</ele>
        <time>2024-07-18T17:56:05Z</time>
        <cmt>speed: 0.5</cmt>
      </trkpt>
      <trkpt lat="47.357111" lon="8.563277">
        <ele>468</ele>
        <time>2024-07-18T18:05:59Z</time>
      </trkpt>
      <trkpt lat="47.356833" lon="8.56339">
        <ele>428</ele>
        <time>2024-07-18T18:06:06Z</time>
        <cmt>speed: 0.1</cmt>
      </trkpt>
      <trkpt lat="47.356803" lon="8.563227">
        <ele>444</ele>
        <time>2024-07-18T18:07:59Z</time>
        <cmt>speed: 1.0</cmt>
      </trkpt>
      <trkpt lat="47.35696" lon="8.563146">
        <ele>453</ele>
        <time>2024-07-18T18:08:03Z</time>
        <cmt>speed: 0.4</cmt>
      </trkpt>
      <trkpt lat="47.35696" lon="8.563146">
        <ele>453</ele>
        <time>2024-07-18T18:08:07Z</time>
        <cmt>speed: 0.0</cmt>
      </trkpt>
      <trkpt lat="47.35696" lon="8.563146">
        <ele>453</ele>
        <time>2024-07-18T18:08:11Z</time>
        <cmt>speed: 0.0</cmt>
      </trkpt>
      <trkpt lat="47.35696" lon="8.563146">
        <ele>453</ele>
        <time>2024-07-18T18:08:15Z</time>
        <cmt>speed: 0.0</cmt>
      </trkpt>
      <trkpt lat="47.35696" lon="8.563146">
        <ele>453</ele>
        <time>2024-07-18T18:08:19Z</time>
        <cmt>speed: 0.0</cmt>
      </trkpt>
      <trkpt lat="47.35696" lon="8.563146">
        <ele>453</ele>
        <time>2024-07-18T18:08:23Z</time>
        <cmt>speed: 0.0</cmt>
      </trkpt>
      <trkpt lat="47.356857" lon="8.563272">
        <ele>430</ele>
        <time>2024-07-18T18:16:05Z</time>
        <cmt>speed: 0.3</cmt>
      </trkpt>
      <trkpt lat="47.356732" lon="8.563196">
        <ele>449</ele>
        <time>2024-07-18T18:23:58Z</time>
        <cmt>speed: 0.4</cmt>
      </trkpt>
      <trkpt lat="47.356838" lon="8.563224">
        <ele>444</ele>
        <time>2024-07-18T18:24:02Z</time>
        <cmt>speed: 0.0</cmt>
      </trkpt>
      <trkpt lat="47.356838" lon="8.563224">
        <ele>444</ele>
        <time>2024-07-18T18:24:06Z</time>
        <cmt>speed: 0.0</cmt>
      </trkpt>
      <trkpt lat="47.356658" lon="8.563548">
        <ele>452</ele>
        <time>2024-07-18T18:26:06Z</time>
        <cmt>speed: 0.4</cmt>
      </trkpt>
      <trkpt lat="47.357586" lon="8.56597">
        <ele>476</ele>
        <time>2024-07-18T18:36:06Z</time>
        <cmt>speed: 0.9</cmt>
      </trkpt>
      <trkpt lat="47.359964" lon="8.563543">
        <ele>454</ele>
        <time>2024-07-18T18:46:04Z</time>
        <cmt>speed: 0.0</cmt>
      </trkpt>
      <trkpt lat="47.359974" lon="8.56367">
        <ele>434</ele>
        <time>2024-07-18T18:51:42Z</time>
      </trkpt>
      <trkpt lat="47.359878" lon="8.563399">
        <ele>401</ele>
        <time>2024-07-18T18:56:05Z</time>
        <cmt>speed: 0.6</cmt>
      </trkpt>
      <trkpt lat="47.359974" lon="8.56367">
        <ele>434</ele>
        <time>2024-07-18T19:03:26Z</time>
      </trkpt>
      <trkpt lat="47.359959" lon="8.563643">
        <ele>434</ele>
        <time>2024-07-18T19:09:25Z</time>
      </trkpt>
      <trkpt lat="47.359959" lon="8.563643">
        <ele>434</ele>
        <time>2024-07-18T19:09:37Z</time>
      </trkpt>
      <trkpt lat="47.359959" lon="8.563643">
        <ele>434</ele>
        <time>2024-07-18T19:19:50Z</time>
      </trkpt>
      <trkpt lat="47.359959" lon="8.563643">
        <ele>434</ele>
        <time>2024-07-18T19:29:50Z</time>
      </trkpt>
      <trkpt lat="47.359959" lon="8.563643">
        <ele>434</ele>
        <time>2024-07-18T19:39:50Z</time>
      </trkpt>
      <trkpt lat="47.359959" lon="8.563643">
        <ele>434</ele>
        <time>2024-07-18T19:49:50Z</time>
      </trkpt>
      <trkpt lat="47.359959" lon="8.563643">
        <ele>434</ele>
        <time>2024-07-18T19:59:50Z</time>
      </trkpt>
      <trkpt lat="47.359959" lon="8.563643">
        <ele>434</ele>
        <time>2024-07-18T20:09:50Z</time>
      </trkpt>
      <trkpt lat="47.359959" lon="8.563643">
        <ele>434</ele>
        <time>2024-07-18T20:18:13Z</time>
      </trkpt>
      <trkpt lat="47.359593" lon="8.563917">
        <ele>419</ele>
        <time>2024-07-19T00:57:09Z</time>
        <cmt>speed: 1.6</cmt>
      </trkpt>
      <trkpt lat="47.35914" lon="8.561306">
        <ele>451</ele>
        <time>2024-07-19T01:07:00Z</time>
        <cmt>speed: 0.3</cmt>
      </trkpt>
      <trkpt lat="47.357825" lon="8.562095">
        <ele>415</ele>
        <time>2024-07-19T01:27:02Z</time>
        <cmt>speed: 0.7</cmt>
      </trkpt>
      <trkpt lat="47.357824" lon="8.562462">
        <ele>424</ele>
        <time>2024-07-19T01:37:00Z</time>
        <cmt>speed: 3.2</cmt>
      </trkpt>
      <trkpt lat="47.35793" lon="8.563137">
        <ele>456</ele>
        <time>2024-07-19T01:47:01Z</time>
        <cmt>speed: 0.0</cmt>
      </trkpt>
      <trkpt lat="47.357748" lon="8.563041">
        <ele>431</ele>
        <time>2024-07-19T01:57:04Z</time>
        <cmt>speed: 0.3</cmt>
      </trkpt>
      <trkpt lat="47.359519" lon="8.561829">
        <ele>443</ele>
        <time>2024-07-19T02:07:00Z</time>
        <cmt>speed: 0.5</cmt>
      </trkpt>
      <trkpt lat="47.359308" lon="8.563736">
        <ele>465</ele>
        <time>2024-07-19T02:17:00Z</time>
        <cmt>speed: 0.3</cmt>
      </trkpt>
      <trkpt lat="47.358669" lon="8.565212">
        <ele>499</ele>
        <time>2024-07-19T02:26:58Z</time>
        <cmt>speed: 0.9</cmt>
      </trkpt>
      <trkpt lat="47.357968" lon="8.564462">
        <ele>447</ele>
        <time>2024-07-19T02:36:59Z</time>
        <cmt>speed: 0.5</cmt>
      </trkpt>
      <trkpt lat="47.357" lon="8.563812">
        <ele>479</ele>
        <time>2024-07-19T02:46:59Z</time>
        <cmt>speed: 0.5</cmt>
      </trkpt>
      <trkpt lat="47.357" lon="8.563812">
        <ele>479</ele>
        <time>2024-07-19T02:56:51Z</time>
      </trkpt>
      <trkpt lat="47.356862" lon="8.563833">
        <ele>458</ele>
        <time>2024-07-19T02:56:59Z</time>
        <cmt>speed: 0.2</cmt>
      </trkpt>
      <trkpt lat="47.356661" lon="8.565389">
        <ele>463</ele>
        <time>2024-07-19T03:07:00Z</time>
        <cmt>speed: 0.8</cmt>
      </trkpt>
      <trkpt lat="47.356661" lon="8.565389">
        <ele>463</ele>
        <time>2024-07-19T03:16:51Z</time>
      </trkpt>
      <trkpt lat="47.358555" lon="8.565825">
        <ele>442</ele>
        <time>2024-07-19T03:16:58Z</time>
        <cmt>speed: 0.5</cmt>
      </trkpt>
      <trkpt lat="47.358487" lon="8.565664">
        <ele>457</ele>
        <time>2024-07-19T03:27:00Z</time>
        <cmt>speed: 0.2</cmt>
      </trkpt>
      <trkpt lat="47.358609" lon="8.565786">
        <ele>444</ele>
        <time>2024-07-19T03:36:59Z</time>
        <cmt>speed: 0.7</cmt>
      </trkpt>
      <trkpt lat="47.358471" lon="8.565731">
        <ele>443</ele>
        <time>2024-07-19T03:46:58Z</time>
        <cmt>speed: 1.0</cmt>
      </trkpt>
      <trkpt lat="47.358387" lon="8.565841">
        <ele>436</ele>
        <time>2024-07-19T03:56:59Z</time>
        <cmt>speed: 0.1</cmt>
      </trkpt>
      <trkpt lat="47.360042" lon="8.563664">
        <ele>377</ele>
        <time>2024-07-19T04:07:03Z</time>
        <cmt>speed: 1.0</cmt>
      </trkpt>
      <trkpt lat="47.359974" lon="8.56367">
        <ele>434</ele>
        <time>2024-07-19T04:09:02Z</time>
      </trkpt>
      <trkpt lat="47.359974" lon="8.56367">
        <ele>434</ele>
        <time>2024-07-19T04:24:02Z</time>
      </trkpt>
      <trkpt lat="47.359516" lon="8.563398">
        <ele>463</ele>
        <time>2024-07-19T07:11:12Z</time>
        <cmt>speed: 0.1</cmt>
      </trkpt>
      <trkpt lat="47.359743" lon="8.56356">
        <ele>470</ele>
        <time>2024-07-19T07:21:11Z</time>
        <cmt>speed: 0.0</cmt>
      </trkpt>
      <trkpt lat="47.359974" lon="8.56367">
        <ele>434</ele>
        <time>2024-07-19T07:28:30Z</time>
      </trkpt>
      <trkpt lat="47.359974" lon="8.56367">
        <ele>434</ele>
        <time>2024-07-19T07:43:30Z</time>
      </trkpt>
      <trkpt lat="47.360012" lon="8.563263">
        <ele>421</ele>
        <time>2024-07-19T08:13:47Z</time>
        <cmt>speed: 0.8</cmt>
      </trkpt>
      <trkpt lat="47.359523" lon="8.56146">
        <ele>450</ele>
        <time>2024-07-19T08:23:33Z</time>
        <cmt>speed: 0.6</cmt>
      </trkpt>
      <trkpt lat="47.359015" lon="8.560202">
        <ele>465</ele>
        <time>2024-07-19T08:33:35Z</time>
        <cmt>speed: 0.0</cmt>
      </trkpt>
      <trkpt lat="47.358" lon="8.560605">
        <ele>437</ele>
        <time>2024-07-19T08:43:34Z</time>
        <cmt>speed: 0.5</cmt>
      </trkpt>
      <trkpt lat="47.357855" lon="8.560428">
        <ele>471</ele>
        <time>2024-07-19T09:03:40Z</time>
        <cmt>speed: 0.4</cmt>
      </trkpt>
      <trkpt lat="47.357488" lon="8.561426">
        <ele>442</ele>
        <time>2024-07-19T09:13:33Z</time>
        <cmt>speed: 1.0</cmt>
      </trkpt>
      <trkpt lat="47.357755" lon="8.563011">
        <ele>434</ele>
        <time>2024-07-19T09:23:37Z</time>
        <cmt>speed: 0.5</cmt>
      </trkpt>
      <trkpt lat="47.357234" lon="8.563363">
        <ele>418</ele>
        <time>2024-07-19T09:33:33Z</time>
        <cmt>speed: 0.3</cmt>
      </trkpt>
      <trkpt lat="47.356685" lon="8.563315">
        <ele>446</ele>
        <time>2024-07-19T09:43:33Z</time>
        <cmt>speed: 0.3</cmt>
      </trkpt>
      <trkpt lat="47.356685" lon="8.563315">
        <ele>446</ele>
        <time>2024-07-19T09:53:25Z</time>
      </trkpt>
      <trkpt lat="47.356658" lon="8.563315">
        <ele>441</ele>
        <time>2024-07-19T09:53:33Z</time>
        <cmt>speed: 0.2</cmt>
      </trkpt>
      <trkpt lat="47.356643" lon="8.563319">
        <ele>440</ele>
        <time>2024-07-19T10:03:33Z</time>
        <cmt>speed: 0.1</cmt>
      </trkpt>
      <trkpt lat="47.356955" lon="8.563311">
        <ele>462</ele>
        <time>2024-07-19T10:13:34Z</time>
        <cmt>speed: 0.0</cmt>
      </trkpt>
      <trkpt lat="47.357058" lon="8.56324">
        <ele>429</ele>
        <time>2024-07-19T10:23:44Z</time>
        <cmt>speed: 0.0</cmt>
      </trkpt>
      <trkpt lat="47.357654" lon="8.56312">
        <ele>430</ele>
        <time>2024-07-19T10:33:36Z</time>
        <cmt>speed: 0.2</cmt>
      </trkpt>
      <trkpt lat="47.357592" lon="8.563072">
        <ele>436</ele>
        <time>2024-07-19T10:43:51Z</time>
        <cmt>speed: 1.1</cmt>
      </trkpt>
      <trkpt lat="47.357812" lon="8.562616">
        <ele>420</ele>
        <time>2024-07-19T11:43:41Z</time>
        <cmt>speed: 0.2</cmt>
      </trkpt>
      <trkpt lat="47.35851" lon="8.562254">
        <ele>441</ele>
        <time>2024-07-19T11:53:35Z</time>
        <cmt>speed: 0.3</cmt>
      </trkpt>
      <trkpt lat="47.359021" lon="8.561015">
        <ele>450</ele>
        <time>2024-07-19T12:03:37Z</time>
        <cmt>speed: 1.6</cmt>
      </trkpt>
      <trkpt lat="47.359111" lon="8.559325">
        <ele>474</ele>
        <time>2024-07-19T12:13:37Z</time>
        <cmt>speed: 0.5</cmt>
      </trkpt>
      <trkpt lat="47.358198" lon="8.559927">
        <ele>416</ele>
        <time>2024-07-19T12:23:35Z</time>
        <cmt>speed: 0.7</cmt>
      </trkpt>
      <trkpt lat="47.357619" lon="8.56029">
        <ele>422</ele>
        <time>2024-07-19T12:33:42Z</time>
        <cmt>speed: 2.8</cmt>
      </trkpt>
      <trkpt lat="47.357662" lon="8.560436">
        <ele>435</ele>
        <time>2024-07-19T12:44:05Z</time>
        <cmt>speed: 0.0</cmt>
      </trkpt>
      <trkpt lat="47.357662" lon="8.560436">
        <ele>435</ele>
        <time>2024-07-19T12:53:25Z</time>
      </trkpt>
      <trkpt lat="47.35771" lon="8.560397">
        <ele>450</ele>
        <time>2024-07-19T12:55:04Z</time>
        <cmt>speed: 0.3</cmt>
      </trkpt>
      <trkpt lat="47.35771" lon="8.560397">
        <ele>450</ele>
        <time>2024-07-19T13:14:43Z</time>
      </trkpt>
      <trkpt lat="47.357611" lon="8.5602">
        <ele>477</ele>
        <time>2024-07-19T13:14:53Z</time>
        <cmt>speed: 0.4</cmt>
      </trkpt>
      <trkpt lat="47.357729" lon="8.560351">
        <ele>425</ele>
        <time>2024-07-19T13:45:02Z</time>
        <cmt>speed: 0.0</cmt>
      </trkpt>
      <trkpt lat="47.357651" lon="8.560322">
        <ele>467</ele>
        <time>2024-07-19T13:54:53Z</time>
        <cmt>speed: 0.1</cmt>
      </trkpt>
      <trkpt lat="47.357651" lon="8.560322">
        <ele>467</ele>
        <time>2024-07-19T13:54:53Z</time>
      </trkpt>
      <trkpt lat="47.35767" lon="8.560324">
        <ele>450</ele>
        <time>2024-07-19T14:24:52Z</time>
        <cmt>speed: 0.4</cmt>
      </trkpt>
      <trkpt lat="47.35767" lon="8.560324">
        <ele>450</ele>
        <time>2024-07-19T14:34:46Z</time>
      </trkpt>
      <trkpt lat="47.357509" lon="8.560315">
        <ele>435</ele>
        <time>2024-07-19T14:34:47Z</time>
        <cmt>speed: 0.1</cmt>
      </trkpt>
      <trkpt lat="47.357772" lon="8.560055">
        <ele>447</ele>
        <time>2024-07-19T14:44:50Z</time>
        <cmt>speed: 0.0</cmt>
      </trkpt>
      <trkpt lat="47.357841" lon="8.560186">
        <ele>447</ele>
        <time>2024-07-19T14:54:49Z</time>
        <cmt>speed: 1.8</cmt>
      </trkpt>
      <trkpt lat="47.357841" lon="8.560186">
        <ele>447</ele>
        <time>2024-07-19T14:54:49Z</time>
      </trkpt>
      <trkpt lat="47.35764" lon="8.560194">
        <ele>417</ele>
        <time>2024-07-19T15:55:16Z</time>
        <cmt>speed: 0.5</cmt>
      </trkpt>
      <trkpt lat="47.357848" lon="8.560483">
        <ele>399</ele>
        <time>2024-07-19T16:05:02Z</time>
        <cmt>speed: 6.3</cmt>
      </trkpt>
      <trkpt lat="47.358272" lon="8.559842">
        <ele>452</ele>
        <time>2024-07-19T16:14:47Z</time>
        <cmt>speed: 0.4</cmt>
      </trkpt>
      <trkpt lat="47.359397" lon="8.561682">
        <ele>439</ele>
        <time>2024-07-19T16:24:48Z</time>
        <cmt>speed: 0.8</cmt>
      </trkpt>
      <trkpt lat="47.359974" lon="8.56367">
        <ele>434</ele>
        <time>2024-07-19T16:41:30Z</time>
      </trkpt>
      <trkpt lat="47.359974" lon="8.56367">
        <ele>434</ele>
        <time>2024-07-19T16:56:30Z</time>
      </trkpt>
      <trkpt lat="47.359997" lon="8.563485">
        <ele>458</ele>
        <time>2024-07-19T17:18:50Z</time>
        <cmt>speed: 1.4</cmt>
      </trkpt>
      <trkpt lat="47.359052" lon="8.565564">
        <ele>463</ele>
        <time>2024-07-19T17:28:45Z</time>
        <cmt>speed: 0.7</cmt>
      </trkpt>
      <trkpt lat="47.358679" lon="8.565731">
        <ele>470</ele>
        <time>2024-07-19T17:38:54Z</time>
        <cmt>speed: 20.5</cmt>
      </trkpt>
      <trkpt lat="47.358679" lon="8.565731">
        <ele>470</ele>
        <time>2024-07-19T17:39:00Z</time>
      </trkpt>
      <trkpt lat="47.359974" lon="8.56367">
        <ele>434</ele>
        <time>2024-07-19T17:48:48Z</time>
      </trkpt>
      <trkpt lat="47.359974" lon="8.56367">
        <ele>434</ele>
        <time>2024-07-19T18:03:48Z</time>
      </trkpt>
      <trkpt lat="47.359974" lon="8.56367">
        <ele>434</ele>
        <time>2024-07-19T21:10:56Z</time>
      </trkpt>
      <trkpt lat="47.360174" lon="8.562238">
        <ele>467</ele>
        <time>2024-07-19T21:11:38Z</time>
        <cmt>speed: 4.0</cmt>
      </trkpt>
      <trkpt lat="47.358213" lon="8.561692">
        <ele>453</ele>
        <time>2024-07-19T21:21:01Z</time>
        <cmt>speed: 0.2</cmt>
      </trkpt>
      <trkpt lat="47.357559" lon="8.561947">
        <ele>439</ele>
        <time>2024-07-19T21:31:04Z</time>
        <cmt>speed: 1.1</cmt>
      </trkpt>
      <trkpt lat="47.357575" lon="8.562147">
        <ele>493</ele>
        <time>2024-07-19T21:41:02Z</time>
        <cmt>speed: 0.0</cmt>
      </trkpt>
      <trkpt lat="47.358329" lon="8.560489">
        <ele>451</ele>
        <time>2024-07-19T21:51:01Z</time>
        <cmt>speed: 0.9</cmt>
      </trkpt>
      <trkpt lat="47.35908" lon="8.561062">
        <ele>424</ele>
        <time>2024-07-19T22:01:00Z</time>
        <cmt>speed: 0.4</cmt>
      </trkpt>
      <trkpt lat="47.359708" lon="8.56152">
        <ele>445</ele>
        <time>2024-07-19T22:11:05Z</time>
        <cmt>speed: 0.5</cmt>
      </trkpt>
      <trkpt lat="47.359354" lon="8.562285">
        <ele>452</ele>
        <time>2024-07-19T22:21:01Z</time>
        <cmt>speed: 1.5</cmt>
      </trkpt>
      <trkpt lat="47.359354" lon="8.562285">
        <ele>452</ele>
        <time>2024-07-19T22:31:07Z</time>
      </trkpt>
      <trkpt lat="47.359542" lon="8.563678">
        <ele>400</ele>
        <time>2024-07-19T22:31:09Z</time>
        <cmt>speed: 0.4</cmt>
      </trkpt>
      <trkpt lat="47.359378" lon="8.563887">
        <ele>433</ele>
        <time>2024-07-19T22:41:31Z</time>
        <cmt>speed: 2.1</cmt>
      </trkpt>
      <trkpt lat="47.359378" lon="8.563887">
        <ele>433</ele>
        <time>2024-07-19T22:51:17Z</time>
      </trkpt>
      <trkpt lat="47.359383" lon="8.563852">
        <ele>422</ele>
        <time>2024-07-19T22:51:19Z</time>
        <cmt>speed: 0.4</cmt>
      </trkpt>
      <trkpt lat="47.359376" lon="8.563867">
        <ele>410</ele>
        <time>2024-07-19T23:31:30Z</time>
        <cmt>speed: 0.0</cmt>
      </trkpt>
      <trkpt lat="47.359376" lon="8.563867">
        <ele>410</ele>
        <time>2024-07-19T23:51:10Z</time>
      </trkpt>
      <trkpt lat="47.359726" lon="8.563707">
        <ele>492</ele>
        <time>2024-07-19T23:51:12Z</time>
        <cmt>speed: 0.3</cmt>
      </trkpt>
      <trkpt lat="47.35916" lon="8.563786">
        <ele>462</ele>
        <time>2024-07-20T00:01:00Z</time>
        <cmt>speed: 0.9</cmt>
      </trkpt>
      <trkpt lat="47.357706" lon="8.562105">
        <ele>440</ele>
        <time>2024-07-20T00:21:04Z</time>
        <cmt>speed: 1.0</cmt>
      </trkpt>
      <trkpt lat="47.357567" lon="8.5619">
        <ele>451</ele>
        <time>2024-07-20T00:31:03Z</time>
        <cmt>speed: 0.6</cmt>
      </trkpt>
      <trkpt lat="47.357422" lon="8.561746">
        <ele>441</ele>
        <time>2024-07-20T00:41:03Z</time>
        <cmt>speed: 0.7</cmt>
      </trkpt>
      <trkpt lat="47.357422" lon="8.561746">
        <ele>441</ele>
        <time>2024-07-20T00:51:00Z</time>
      </trkpt>
      <trkpt lat="47.357869" lon="8.561064">
        <ele>440</ele>
        <time>2024-07-20T00:51:02Z</time>
        <cmt>speed: 0.8</cmt>
      </trkpt>
      <trkpt lat="47.357851" lon="8.561076">
        <ele>430</ele>
        <time>2024-07-20T01:00:59Z</time>
        <cmt>speed: 0.0</cmt>
      </trkpt>
      <trkpt lat="47.35817" lon="8.560864">
        <ele>429</ele>
        <time>2024-07-20T01:11:01Z</time>
        <cmt>speed: 0.2</cmt>
      </trkpt>
      <trkpt lat="47.358103" lon="8.560929">
        <ele>434</ele>
        <time>2024-07-20T01:21:02Z</time>
        <cmt>speed: 0.0</cmt>
      </trkpt>
      <trkpt lat="47.358103" lon="8.560929">
        <ele>434</ele>
        <time>2024-07-20T01:31:01Z</time>
      </trkpt>
      <trkpt lat="47.358167" lon="8.560901">
        <ele>438</ele>
        <time>2024-07-20T01:31:03Z</time>
        <cmt>speed: 0.3</cmt>
      </trkpt>
      <trkpt lat="47.358879" lon="8.561693">
        <ele>437</ele>
        <time>2024-07-20T01:51:02Z</time>
        <cmt>speed: 1.3</cmt>
      </trkpt>
      <trkpt lat="47.359296" lon="8.561681">
        <ele>445</ele>
        <time>2024-07-20T02:01:04Z</time>
        <cmt>speed: 0.3</cmt>
      </trkpt>
      <trkpt lat="47.359296" lon="8.561681">
        <ele>445</ele>
        <time>2024-07-20T02:11:00Z</time>
      </trkpt>
      <trkpt lat="47.359738" lon="8.561785">
        <ele>403</ele>
        <time>2024-07-20T02:11:02Z</time>
        <cmt>speed: 0.3</cmt>
      </trkpt>
      <trkpt lat="47.358859" lon="8.564449">
        <ele>453</ele>
        <time>2024-07-20T02:21:02Z</time>
        <cmt>speed: 0.0</cmt>
      </trkpt>
      <trkpt lat="47.358859" lon="8.564449">
        <ele>453</ele>
        <time>2024-07-20T02:30:59Z</time>
      </trkpt>
      <trkpt lat="47.358527" lon="8.565846">
        <ele>456</ele>
        <time>2024-07-20T02:31:01Z</time>
        <cmt>speed: 2.0</cmt>
      </trkpt>
      <trkpt lat="47.359013" lon="8.565877">
        <ele>492</ele>
        <time>2024-07-20T02:41:03Z</time>
        <cmt>speed: 0.6</cmt>
      </trkpt>
      <trkpt lat="47.359013" lon="8.565877">
        <ele>492</ele>
        <time>2024-07-20T02:51:00Z</time>
      </trkpt>
      <trkpt lat="47.358574" lon="8.565807">
        <ele>452</ele>
        <time>2024-07-20T02:51:02Z</time>
        <cmt>speed: 0.2</cmt>
      </trkpt>
      <trkpt lat="47.358561" lon="8.565941">
        <ele>462</ele>
        <time>2024-07-20T03:01:02Z</time>
        <cmt>speed: 0.0</cmt>
      </trkpt>
      <trkpt lat="47.359974" lon="8.56367">
        <ele>434</ele>
        <time>2024-07-20T03:10:14Z</time>
      </trkpt>
      <trkpt lat="47.359974" lon="8.56367">
        <ele>434</ele>
        <time>2024-07-20T03:25:14Z</time>
      </trkpt>
      <trkpt lat="47.35984" lon="8.563866">
        <ele>432</ele>
        <time>2024-07-20T11:05:36Z</time>
        <cmt>speed: 0.2</cmt>
      </trkpt>
      <trkpt lat="47.359573" lon="8.561409">
        <ele>429</ele>
        <time>2024-07-20T11:15:31Z</time>
        <cmt>speed: 0.1</cmt>
      </trkpt>
      <trkpt lat="47.35808" lon="8.5625">
        <ele>447</ele>
        <time>2024-07-20T11:25:30Z</time>
        <cmt>speed: 0.3</cmt>
      </trkpt>
      <trkpt lat="47.357935" lon="8.562574">
        <ele>468</ele>
        <time>2024-07-20T11:35:36Z</time>
        <cmt>speed: 0.0</cmt>
      </trkpt>
      <trkpt lat="47.357935" lon="8.562574">
        <ele>468</ele>
        <time>2024-07-20T11:45:28Z</time>
      </trkpt>
      <trkpt lat="47.357915" lon="8.562492">
        <ele>464</ele>
        <time>2024-07-20T11:45:32Z</time>
        <cmt>speed: 0.0</cmt>
      </trkpt>
      <trkpt lat="47.357859" lon="8.562308">
        <ele>501</ele>
        <time>2024-07-20T11:55:47Z</time>
        <cmt>speed: 0.4</cmt>
      </trkpt>
      <trkpt lat="47.358072" lon="8.562887">
        <ele>463</ele>
        <time>2024-07-20T12:05:29Z</time>
        <cmt>speed: 0.1</cmt>
      </trkpt>
      <trkpt lat="47.357079" lon="8.563367">
        <ele>460</ele>
        <time>2024-07-20T12:15:27Z</time>
        <cmt>speed: 0.6</cmt>
      </trkpt>
      <trkpt lat="47.357079" lon="8.563367">
        <ele>460</ele>
        <time>2024-07-20T12:25:27Z</time>
      </trkpt>
      <trkpt lat="47.356793" lon="8.563182">
        <ele>441</ele>
        <time>2024-07-20T12:25:28Z</time>
        <cmt>speed: 0.0</cmt>
      </trkpt>
      <trkpt lat="47.356988" lon="8.563454">
        <ele>448</ele>
        <time>2024-07-20T12:35:31Z</time>
        <cmt>speed: 0.1</cmt>
      </trkpt>
      <trkpt lat="47.356988" lon="8.563454">
        <ele>448</ele>
        <time>2024-07-20T12:45:30Z</time>
      </trkpt>
      <trkpt lat="47.357005" lon="8.563423">
        <ele>447</ele>
        <time>2024-07-20T12:45:34Z</time>
        <cmt>speed: 2.2</cmt>
      </trkpt>
      <trkpt lat="47.357005" lon="8.563423">
        <ele>447</ele>
        <time>2024-07-20T13:05:27Z</time>
      </trkpt>
      <trkpt lat="47.35699" lon="8.563288">
        <ele>421</ele>
        <time>2024-07-20T13:05:28Z</time>
        <cmt>speed: 0.1</cmt>
      </trkpt>
      <trkpt lat="47.357058" lon="8.563017">
        <ele>421</ele>
        <time>2024-07-20T13:15:28Z</time>
        <cmt>speed: 0.3</cmt>
      </trkpt>
      <trkpt lat="47.359592" lon="8.563462">
        <ele>437</ele>
        <time>2024-07-20T13:25:29Z</time>
        <cmt>speed: 0.5</cmt>
      </trkpt>
      <trkpt lat="47.359784" lon="8.563965">
        <ele>461</ele>
        <time>2024-07-20T13:35:29Z</time>
        <cmt>speed: 0.1</cmt>
      </trkpt>
      <trkpt lat="47.359784" lon="8.563965">
        <ele>461</ele>
        <time>2024-07-20T13:45:26Z</time>
      </trkpt>
      <trkpt lat="47.359846" lon="8.563957">
        <ele>421</ele>
        <time>2024-07-20T13:45:30Z</time>
        <cmt>speed: 0.4</cmt>
      </trkpt>
      <trkpt lat="47.359959" lon="8.563643">
        <ele>434</ele>
        <time>2024-07-20T13:53:36Z</time>
      </trkpt>
      <trkpt lat="47.359959" lon="8.563643">
        <ele>434</ele>
        <time>2024-07-20T14:08:36Z</time>
      </trkpt>
      <trkpt lat="47.359959" lon="8.563643">
        <ele>434</ele>
        <time>2024-07-20T18:38:23Z</time>
      </trkpt>
      <trkpt lat="47.359672" lon="8.563431">
        <ele>473</ele>
        <time>2024-07-20T18:38:56Z</time>
        <cmt>speed: 0.3</cmt>
      </trkpt>
      <trkpt lat="47.359959" lon="8.563643">
        <ele>434</ele>
        <time>2024-07-20T18:45:54Z</time>
      </trkpt>
      <trkpt lat="47.359762" lon="8.563981">
        <ele>444</ele>
        <time>2024-07-20T18:48:35Z</time>
        <cmt>speed: 0.3</cmt>
      </trkpt>
      <trkpt lat="47.358721" lon="8.56398">
        <ele>462</ele>
        <time>2024-07-20T18:58:32Z</time>
        <cmt>speed: 0.1</cmt>
      </trkpt>
      <trkpt lat="47.35858" lon="8.564365">
        <ele>453</ele>
        <time>2024-07-20T19:08:30Z</time>
        <cmt>speed: 0.4</cmt>
      </trkpt>
      <trkpt lat="47.358388" lon="8.56562">
        <ele>448</ele>
        <time>2024-07-20T19:18:30Z</time>
        <cmt>speed: 0.2</cmt>
      </trkpt>
      <trkpt lat="47.359303" lon="8.564138">
        <ele>427</ele>
        <time>2024-07-20T19:28:31Z</time>
        <cmt>speed: 0.9</cmt>
      </trkpt>
      <trkpt lat="47.359164" lon="8.561503">
        <ele>400</ele>
        <time>2024-07-20T19:38:34Z</time>
        <cmt>speed: 0.4</cmt>
      </trkpt>
      <trkpt lat="47.358517" lon="8.561371">
        <ele>454</ele>
        <time>2024-07-20T19:48:31Z</time>
        <cmt>speed: 0.5</cmt>
      </trkpt>
      <trkpt lat="47.358406" lon="8.562098">
        <ele>439</ele>
        <time>2024-07-20T19:58:30Z</time>
        <cmt>speed: 1.5</cmt>
      </trkpt>
      <trkpt lat="47.357816" lon="8.563037">
        <ele>446</ele>
        <time>2024-07-20T20:08:34Z</time>
        <cmt>speed: 0.3</cmt>
      </trkpt>
      <trkpt lat="47.357917" lon="8.563132">
        <ele>453</ele>
        <time>2024-07-20T20:18:36Z</time>
        <cmt>speed: 1.0</cmt>
      </trkpt>
      <trkpt lat="47.357917" lon="8.563132">
        <ele>453</ele>
        <time>2024-07-20T20:28:35Z</time>
      </trkpt>
      <trkpt lat="47.357853" lon="8.563149">
        <ele>467</ele>
        <time>2024-07-20T20:28:41Z</time>
        <cmt>speed: 0.4</cmt>
      </trkpt>
      <trkpt lat="47.357686" lon="8.563255">
        <ele>450</ele>
        <time>2024-07-20T20:38:42Z</time>
        <cmt>speed: 0.2</cmt>
      </trkpt>
      <trkpt lat="47.358072" lon="8.562605">
        <ele>441</ele>
        <time>2024-07-20T20:48:34Z</time>
        <cmt>speed: 0.6</cmt>
      </trkpt>
      <trkpt lat="47.359121" lon="8.560983">
        <ele>487</ele>
        <time>2024-07-20T20:58:37Z</time>
        <cmt>speed: 0.1</cmt>
      </trkpt>
      <trkpt lat="47.358192" lon="8.560602">
        <ele>434</ele>
        <time>2024-07-20T21:08:31Z</time>
        <cmt>speed: 0.4</cmt>
      </trkpt>
      <trkpt lat="47.357637" lon="8.560908">
        <ele>459</ele>
        <time>2024-07-20T21:18:31Z</time>
        <cmt>speed: 0.1</cmt>
      </trkpt>
      <trkpt lat="47.357655" lon="8.560865">
        <ele>453</ele>
        <time>2024-07-20T21:28:35Z</time>
        <cmt>speed: 0.0</cmt>
      </trkpt>
      <trkpt lat="47.357761" lon="8.561257">
        <ele>494</ele>
        <time>2024-07-20T21:38:31Z</time>
        <cmt>speed: 0.5</cmt>
      </trkpt>
      <trkpt lat="47.35744" lon="8.56168">
        <ele>445</ele>
        <time>2024-07-20T21:48:33Z</time>
        <cmt>speed: 1.0</cmt>
      </trkpt>
      <trkpt lat="47.359197" lon="8.561458">
        <ele>453</ele>
        <time>2024-07-20T21:58:32Z</time>
        <cmt>speed: 1.3</cmt>
      </trkpt>
      <trkpt lat="47.35951" lon="8.562414">
        <ele>448</ele>
        <time>2024-07-20T22:08:35Z</time>
        <cmt>speed: 0.3</cmt>
      </trkpt>
      <trkpt lat="47.358648" lon="8.565486">
        <ele>466</ele>
        <time>2024-07-20T22:18:32Z</time>
        <cmt>speed: 0.2</cmt>
      </trkpt>
      <trkpt lat="47.358501" lon="8.565453">
        <ele>439</ele>
        <time>2024-07-20T22:28:31Z</time>
        <cmt>speed: 0.7</cmt>
      </trkpt>
      <trkpt lat="47.358595" lon="8.565365">
        <ele>451</ele>
        <time>2024-07-20T22:38:30Z</time>
        <cmt>speed: 0.2</cmt>
      </trkpt>
      <trkpt lat="47.358595" lon="8.565365">
        <ele>451</ele>
        <time>2024-07-20T22:48:25Z</time>
      </trkpt>
      <trkpt lat="47.358341" lon="8.566061">
        <ele>453</ele>
        <time>2024-07-20T22:48:31Z</time>
        <cmt>speed: 0.2</cmt>
      </trkpt>
      <trkpt lat="47.35842" lon="8.565887">
        <ele>449</ele>
        <time>2024-07-20T22:58:30Z</time>
        <cmt>speed: 0.2</cmt>
      </trkpt>
      <trkpt lat="47.35842" lon="8.565887">
        <ele>449</ele>
        <time>2024-07-20T23:08:25Z</time>
      </trkpt>
      <trkpt lat="47.358473" lon="8.565718">
        <ele>455</ele>
        <time>2024-07-20T23:08:30Z</time>
        <cmt>speed: 1.4</cmt>
      </trkpt>
      <trkpt lat="47.358632" lon="8.565854">
        <ele>458</ele>
        <time>2024-07-20T23:18:33Z</time>
        <cmt>speed: 0.4</cmt>
      </trkpt>
      <trkpt lat="47.359161" lon="8.563222">
        <ele>451</ele>
        <time>2024-07-20T23:28:31Z</time>
        <cmt>speed: 1.0</cmt>
      </trkpt>
      <trkpt lat="47.35855" lon="8.565778">
        <ele>433</ele>
        <time>2024-07-20T23:38:31Z</time>
        <cmt>speed: 0.3</cmt>
      </trkpt>
      <trkpt lat="47.35855" lon="8.565778">
        <ele>433</ele>
        <time>2024-07-20T23:48:25Z</time>
      </trkpt>
      <trkpt lat="47.358565" lon="8.565786">
        <ele>451</ele>
        <time>2024-07-20T23:48:30Z</time>
        <cmt>speed: 0.9</cmt>
      </trkpt>
      <trkpt lat="47.358628" lon="8.565841">
        <ele>448</ele>
        <time>2024-07-20T23:58:32Z</time>
        <cmt>speed: 0.0</cmt>
      </trkpt>
      <trkpt lat="47.358628" lon="8.565841">
        <ele>448</ele>
        <time>2024-07-21T00:08:26Z</time>
      </trkpt>
      <trkpt lat="47.358477" lon="8.565922">
        <ele>445</ele>
        <time>2024-07-21T00:08:32Z</time>
        <cmt>speed: 2.0</cmt>
      </trkpt>
      <trkpt lat="47.358565" lon="8.56584">
        <ele>444</ele>
        <time>2024-07-21T00:18:31Z</time>
        <cmt>speed: 0.1</cmt>
      </trkpt>
      <trkpt lat="47.358565" lon="8.56584">
        <ele>444</ele>
        <time>2024-07-21T00:28:25Z</time>
      </trkpt>
      <trkpt lat="47.358582" lon="8.565804">
        <ele>443</ele>
        <time>2024-07-21T00:40:48Z</time>
        <cmt>speed: 0.1</cmt>
      </trkpt>
      <trkpt lat="47.358582" lon="8.565804">
        <ele>443</ele>
        <time>2024-07-21T00:50:40Z</time>
      </trkpt>
      <trkpt lat="47.358898" lon="8.565513">
        <ele>425</ele>
        <time>2024-07-21T00:50:46Z</time>
        <cmt>speed: 0.6</cmt>
      </trkpt>
      <trkpt lat="47.358691" lon="8.565547">
        <ele>450</ele>
        <time>2024-07-21T01:00:44Z</time>
        <cmt>speed: 0.1</cmt>
      </trkpt>
      <trkpt lat="47.358691" lon="8.565547">
        <ele>450</ele>
        <time>2024-07-21T01:10:40Z</time>
      </trkpt>
      <trkpt lat="47.358852" lon="8.565483">
        <ele>447</ele>
        <time>2024-07-21T01:10:46Z</time>
        <cmt>speed: 0.6</cmt>
      </trkpt>
      <trkpt lat="47.359435" lon="8.56226">
        <ele>457</ele>
        <time>2024-07-21T01:20:46Z</time>
        <cmt>speed: 0.6</cmt>
      </trkpt>
      <trkpt lat="47.358012" lon="8.562368">
        <ele>430</ele>
        <time>2024-07-21T01:30:47Z</time>
        <cmt>speed: 0.7</cmt>
      </trkpt>
      <trkpt lat="47.357905" lon="8.563017">
        <ele>449</ele>
        <time>2024-07-21T01:40:48Z</time>
        <cmt>speed: 0.0</cmt>
      </trkpt>
      <trkpt lat="47.357197" lon="8.563058">
        <ele>433</ele>
        <time>2024-07-21T01:50:48Z</time>
        <cmt>speed: 0.3</cmt>
      </trkpt>
      <trkpt lat="47.357011" lon="8.563394">
        <ele>469</ele>
        <time>2024-07-21T02:00:53Z</time>
        <cmt>speed: 0.8</cmt>
      </trkpt>
      <trkpt lat="47.356885" lon="8.56329">
        <ele>493</ele>
        <time>2024-07-21T02:10:46Z</time>
        <cmt>speed: 3.7</cmt>
      </trkpt>
      <trkpt lat="47.357266" lon="8.562932">
        <ele>459</ele>
        <time>2024-07-21T02:20:46Z</time>
        <cmt>speed: 0.6</cmt>
      </trkpt>
      <trkpt lat="47.357266" lon="8.562932">
        <ele>459</ele>
        <time>2024-07-21T02:30:47Z</time>
      </trkpt>
      <trkpt lat="47.357449" lon="8.561941">
        <ele>440</ele>
        <time>2024-07-21T02:30:53Z</time>
        <cmt>speed: 0.0</cmt>
      </trkpt>
      <trkpt lat="47.358813" lon="8.561405">
        <ele>447</ele>
        <time>2024-07-21T02:40:49Z</time>
        <cmt>speed: 0.1</cmt>
      </trkpt>
      <trkpt lat="47.359113" lon="8.562545">
        <ele>462</ele>
        <time>2024-07-21T02:50:49Z</time>
        <cmt>speed: 1.0</cmt>
      </trkpt>
      <trkpt lat="47.358477" lon="8.565803">
        <ele>465</ele>
        <time>2024-07-21T03:00:47Z</time>
        <cmt>speed: 0.2</cmt>
      </trkpt>
      <trkpt lat="47.358525" lon="8.565816">
        <ele>449</ele>
        <time>2024-07-21T03:10:46Z</time>
        <cmt>speed: 0.2</cmt>
      </trkpt>
      <trkpt lat="47.358739" lon="8.565854">
        <ele>457</ele>
        <time>2024-07-21T03:20:47Z</time>
        <cmt>speed: 0.4</cmt>
      </trkpt>
      <trkpt lat="47.358604" lon="8.565283">
        <ele>438</ele>
        <time>2024-07-21T03:30:48Z</time>
        <cmt>speed: 0.5</cmt>
      </trkpt>
      <trkpt lat="47.358397" lon="8.565995">
        <ele>442</ele>
        <time>2024-07-21T03:40:45Z</time>
        <cmt>speed: 0.5</cmt>
      </trkpt>
      <trkpt lat="47.358397" lon="8.565995">
        <ele>442</ele>
        <time>2024-07-21T03:50:40Z</time>
      </trkpt>
      <trkpt lat="47.35867" lon="8.566053">
        <ele>440</ele>
        <time>2024-07-21T03:50:47Z</time>
        <cmt>speed: 1.6</cmt>
      </trkpt>
      <trkpt lat="47.358483" lon="8.566219">
        <ele>472</ele>
        <time>2024-07-21T04:00:48Z</time>
        <cmt>speed: 1.4</cmt>
      </trkpt>
      <trkpt lat="47.358319" lon="8.565934">
        <ele>468</ele>
        <time>2024-07-21T04:10:46Z</time>
        <cmt>speed: 0.3</cmt>
      </trkpt>
      <trkpt lat="47.358471" lon="8.565905">
        <ele>474</ele>
        <time>2024-07-21T04:20:46Z</time>
        <cmt>speed: 0.3</cmt>
      </trkpt>
      <trkpt lat="47.359148" lon="8.561503">
        <ele>446</ele>
        <time>2024-07-21T04:40:47Z</time>
        <cmt>speed: 1.0</cmt>
      </trkpt>
      <trkpt lat="47.360413" lon="8.562779">
        <ele>437</ele>
        <time>2024-07-21T04:50:48Z</time>
        <cmt>speed: 1.0</cmt>
      </trkpt>
      <trkpt lat="47.359974" lon="8.56367">
        <ele>434</ele>
        <time>2024-07-21T04:57:06Z</time>
      </trkpt>
      <trkpt lat="47.359948" lon="8.563829">
        <ele>431</ele>
        <time>2024-07-21T05:03:45Z</time>
        <cmt>speed: 1.3</cmt>
      </trkpt>
      <trkpt lat="47.359309" lon="8.560464">
        <ele>457</ele>
        <time>2024-07-21T05:13:46Z</time>
        <cmt>speed: 0.8</cmt>
      </trkpt>
      <trkpt lat="47.359309" lon="8.560464">
        <ele>457</ele>
        <time>2024-07-21T05:23:38Z</time>
      </trkpt>
      <trkpt lat="47.357836" lon="8.560783">
        <ele>458</ele>
        <time>2024-07-21T05:23:44Z</time>
        <cmt>speed: 0.1</cmt>
      </trkpt>
      <trkpt lat="47.357969" lon="8.56106">
        <ele>423</ele>
        <time>2024-07-21T05:33:50Z</time>
        <cmt>speed: 1.0</cmt>
      </trkpt>
      <trkpt lat="47.357746" lon="8.560716">
        <ele>430</ele>
        <time>2024-07-21T05:43:46Z</time>
        <cmt>speed: 0.0</cmt>
      </trkpt>
      <trkpt lat="47.357796" lon="8.561">
        <ele>486</ele>
        <time>2024-07-21T06:14:16Z</time>
        <cmt>speed: 0.1</cmt>
      </trkpt>
      <trkpt lat="47.357796" lon="8.561">
        <ele>486</ele>
        <time>2024-07-21T06:43:46Z</time>
      </trkpt>
      <trkpt lat="47.357694" lon="8.560671">
        <ele>465</ele>
        <time>2024-07-21T06:43:53Z</time>
        <cmt>speed: 0.2</cmt>
      </trkpt>
      <trkpt lat="47.357942" lon="8.560991">
        <ele>488</ele>
        <time>2024-07-21T07:04:52Z</time>
        <cmt>speed: 0.1</cmt>
      </trkpt>
      <trkpt lat="47.357772" lon="8.560926">
        <ele>448</ele>
        <time>2024-07-21T07:14:49Z</time>
        <cmt>speed: 0.1</cmt>
      </trkpt>
      <trkpt lat="47.357772" lon="8.560926">
        <ele>448</ele>
        <time>2024-07-21T07:23:38Z</time>
      </trkpt>
      <trkpt lat="47.357859" lon="8.560858">
        <ele>446</ele>
        <time>2024-07-21T07:26:12Z</time>
        <cmt>speed: 0.3</cmt>
      </trkpt>
      <trkpt lat="47.357951" lon="8.560956">
        <ele>482</ele>
        <time>2024-07-21T07:36:13Z</time>
        <cmt>speed: 0.2</cmt>
      </trkpt>
      <trkpt lat="47.357951" lon="8.560956">
        <ele>482</ele>
        <time>2024-07-21T07:46:02Z</time>
      </trkpt>
      <trkpt lat="47.357695" lon="8.560998">
        <ele>459</ele>
        <time>2024-07-21T07:46:09Z</time>
        <cmt>speed: 0.6</cmt>
      </trkpt>
      <trkpt lat="47.35783" lon="8.560849">
        <ele>445</ele>
        <time>2024-07-21T07:56:17Z</time>
        <cmt>speed: 0.3</cmt>
      </trkpt>
      <trkpt lat="47.35783" lon="8.560849">
        <ele>445</ele>
        <time>2024-07-21T08:03:38Z</time>
      </trkpt>
      <trkpt lat="47.357914" lon="8.560825">
        <ele>458</ele>
        <time>2024-07-21T09:40:28Z</time>
        <cmt>speed: 0.3</cmt>
      </trkpt>
      <trkpt lat="47.357914" lon="8.560825">
        <ele>458</ele>
        <time>2024-07-21T09:43:38Z</time>
      </trkpt>
      <trkpt lat="47.357711" lon="8.560934">
        <ele>444</ele>
        <time>2024-07-21T09:50:20Z</time>
        <cmt>speed: 0.2</cmt>
      </trkpt>
      <trkpt lat="47.357794" lon="8.561036">
        <ele>477</ele>
        <time>2024-07-21T10:00:29Z</time>
        <cmt>speed: 0.1</cmt>
      </trkpt>
      <trkpt lat="47.357814" lon="8.560383">
        <ele>456</ele>
        <time>2024-07-21T10:10:24Z</time>
        <cmt>speed: 1.6</cmt>
      </trkpt>
      <trkpt lat="47.357809" lon="8.560208">
        <ele>491</ele>
        <time>2024-07-21T10:20:29Z</time>
        <cmt>speed: 0.1</cmt>
      </trkpt>
      <trkpt lat="47.357809" lon="8.560208">
        <ele>491</ele>
        <time>2024-07-21T10:23:38Z</time>
      </trkpt>
      <trkpt lat="47.357446" lon="8.560448">
        <ele>485</ele>
        <time>2024-07-21T10:30:46Z</time>
        <cmt>speed: 2.1</cmt>
      </trkpt>
      <trkpt lat="47.357865" lon="8.560916">
        <ele>447</ele>
        <time>2024-07-21T10:40:24Z</time>
        <cmt>speed: 0.5</cmt>
      </trkpt>
      <trkpt lat="47.357298" lon="8.562315">
        <ele>449</ele>
        <time>2024-07-21T10:50:24Z</time>
        <cmt>speed: 0.6</cmt>
      </trkpt>
      <trkpt lat="47.357036" lon="8.56341">
        <ele>455</ele>
        <time>2024-07-21T11:00:23Z</time>
        <cmt>speed: 0.3</cmt>
      </trkpt>
      <trkpt lat="47.357036" lon="8.56341">
        <ele>455</ele>
        <time>2024-07-21T11:10:16Z</time>
      </trkpt>
      <trkpt lat="47.356746" lon="8.563203">
        <ele>482</ele>
        <time>2024-07-21T11:10:24Z</time>
        <cmt>speed: 0.4</cmt>
      </trkpt>
      <trkpt lat="47.356625" lon="8.563245">
        <ele>445</ele>
        <time>2024-07-21T11:20:23Z</time>
        <cmt>speed: 0.1</cmt>
      </trkpt>
      <trkpt lat="47.356625" lon="8.563245">
        <ele>445</ele>
        <time>2024-07-21T11:30:14Z</time>
      </trkpt>
      <trkpt lat="47.357192" lon="8.563299">
        <ele>452</ele>
        <time>2024-07-21T11:30:22Z</time>
        <cmt>speed: 0.8</cmt>
      </trkpt>
      <trkpt lat="47.35778" lon="8.563164">
        <ele>421</ele>
        <time>2024-07-21T11:40:49Z</time>
        <cmt>speed: 0.9</cmt>
      </trkpt>
      <trkpt lat="47.35778" lon="8.563164">
        <ele>421</ele>
        <time>2024-07-21T12:10:20Z</time>
      </trkpt>
      <trkpt lat="47.357684" lon="8.563238">
        <ele>437</ele>
        <time>2024-07-21T12:10:28Z</time>
        <cmt>speed: 0.9</cmt>
      </trkpt>
      <trkpt lat="47.357693" lon="8.563941">
        <ele>469</ele>
        <time>2024-07-21T12:20:24Z</time>
        <cmt>speed: 0.1</cmt>
      </trkpt>
      <trkpt lat="47.358267" lon="8.564767">
        <ele>448</ele>
        <time>2024-07-21T12:30:24Z</time>
        <cmt>speed: 2.2</cmt>
      </trkpt>
      <trkpt lat="47.357716" lon="8.565086">
        <ele>418</ele>
        <time>2024-07-21T12:40:23Z</time>
        <cmt>speed: 0.5</cmt>
      </trkpt>
      <trkpt lat="47.357716" lon="8.565086">
        <ele>418</ele>
        <time>2024-07-21T12:50:18Z</time>
      </trkpt>
      <trkpt lat="47.358509" lon="8.565015">
        <ele>468</ele>
        <time>2024-07-21T12:50:26Z</time>
        <cmt>speed: 0.1</cmt>
      </trkpt>
      <trkpt lat="47.358648" lon="8.564762">
        <ele>444</ele>
        <time>2024-07-21T13:00:59Z</time>
        <cmt>speed: 0.7</cmt>
      </trkpt>
      <trkpt lat="47.358648" lon="8.564762">
        <ele>444</ele>
        <time>2024-07-21T13:03:38Z</time>
      </trkpt>
      <trkpt lat="47.358642" lon="8.564841">
        <ele>433</ele>
        <time>2024-07-21T13:20:47Z</time>
        <cmt>speed: 0.3</cmt>
      </trkpt>
      <trkpt lat="47.358419" lon="8.56491">
        <ele>443</ele>
        <time>2024-07-21T13:50:42Z</time>
        <cmt>speed: 0.0</cmt>
      </trkpt>
      <trkpt lat="47.358542" lon="8.564982">
        <ele>464</ele>
        <time>2024-07-21T14:00:43Z</time>
        <cmt>speed: 0.1</cmt>
      </trkpt>
      <trkpt lat="47.358572" lon="8.565043">
        <ele>470</ele>
        <time>2024-07-21T14:10:46Z</time>
        <cmt>speed: 0.2</cmt>
      </trkpt>
      <trkpt lat="47.358662" lon="8.564962">
        <ele>449</ele>
        <time>2024-07-21T14:20:43Z</time>
        <cmt>speed: 0.5</cmt>
      </trkpt>
      <trkpt lat="47.358852" lon="8.565841">
        <ele>412</ele>
        <time>2024-07-21T14:30:44Z</time>
        <cmt>speed: 0.4</cmt>
      </trkpt>
      <trkpt lat="47.359974" lon="8.56367">
        <ele>434</ele>
        <time>2024-07-21T14:40:34Z</time>
      </trkpt>
      <trkpt lat="47.359974" lon="8.56367">
        <ele>434</ele>
        <time>2024-07-21T14:49:56Z</time>
      </trkpt>
      <trkpt lat="47.359974" lon="8.56367">
        <ele>434</ele>
        <time>2024-07-21T14:59:56Z</time>
      </trkpt>
      <trkpt lat="47.359974" lon="8.56367">
        <ele>434</ele>
        <time>2024-07-21T15:09:56Z</time>
      </trkpt>
      <trkpt lat="47.359974" lon="8.56367">
        <ele>434</ele>
        <time>2024-07-21T15:19:56Z</time>
      </trkpt>
      <trkpt lat="47.359974" lon="8.56367">
        <ele>434</ele>
        <time>2024-07-21T15:29:56Z</time>
      </trkpt>
      <trkpt lat="47.359974" lon="8.56367">
        <ele>434</ele>
        <time>2024-07-21T15:39:56Z</time>
      </trkpt>
      <trkpt lat="47.359974" lon="8.56367">
        <ele>434</ele>
        <time>2024-07-21T15:49:56Z</time>
      </trkpt>
      <trkpt lat="47.359974" lon="8.56367">
        <ele>434</ele>
        <time>2024-07-21T15:59:56Z</time>
      </trkpt>
      <trkpt lat="47.359974" lon="8.56367">
        <ele>434</ele>
        <time>2024-07-21T16:09:56Z</time>
      </trkpt>
      <trkpt lat="47.359974" lon="8.56367">
        <ele>434</ele>
        <time>2024-07-21T16:19:56Z</time>
      </trkpt>
      <trkpt lat="47.359974" lon="8.56367">
        <ele>434</ele>
        <time>2024-07-21T16:29:56Z</time>
      </trkpt>
      <trkpt lat="47.359974" lon="8.56367">
        <ele>434</ele>
        <time>2024-07-21T16:39:56Z</time>
      </trkpt>
      <trkpt lat="47.359974" lon="8.56367">
        <ele>434</ele>
        <time>2024-07-21T16:49:56Z</time>
      </trkpt>
      <trkpt lat="47.359974" lon="8.56367">
        <ele>434</ele>
        <time>2024-07-21T16:59:56Z</time>
      </trkpt>
      <trkpt lat="47.359974" lon="8.56367">
        <ele>434</ele>
        <time>2024-07-21T17:06:21Z</time>
      </trkpt>
      <trkpt lat="47.359974" lon="8.56367">
        <ele>434</ele>
        <time>2024-07-21T17:16:21Z</time>
      </trkpt>
      <trkpt lat="47.359974" lon="8.56367">
        <ele>434</ele>
        <time>2024-07-21T17:26:21Z</time>
      </trkpt>
      <trkpt lat="47.359974" lon="8.56367">
        <ele>434</ele>
        <time>2024-07-21T17:36:21Z</time>
      </trkpt>
      <trkpt lat="47.359974" lon="8.56367">
        <ele>434</ele>
        <time>2024-07-21T17:46:21Z</time>
      </trkpt>
      <trkpt lat="47.359974" lon="8.56367">
        <ele>434</ele>
        <time>2024-07-21T17:56:21Z</time>
      </trkpt>
      <trkpt lat="47.359974" lon="8.56367">
        <ele>434</ele>
        <time>2024-07-21T18:06:21Z</time>
      </trkpt>
      <trkpt lat="47.359974" lon="8.56367">
        <ele>434</ele>
        <time>2024-07-21T18:16:21Z</time>
      </trkpt>
      <trkpt lat="47.359974" lon="8.56367">
        <ele>434</ele>
        <time>2024-07-21T18:26:11Z</time>
      </trkpt>
      <trkpt lat="47.359807" lon="8.563734">
        <ele>440</ele>
        <time>2024-07-21T18:32:56Z</time>
        <cmt>speed: 0.1</cmt>
      </trkpt>
      <trkpt lat="47.359959" lon="8.563643">
        <ele>434</ele>
        <time>2024-07-21T18:38:26Z</time>
      </trkpt>
      <trkpt lat="47.359756" lon="8.563693">
        <ele>418</ele>
        <time>2024-07-21T18:40:20Z</time>
        <cmt>speed: 0.1</cmt>
      </trkpt>
      <trkpt lat="47.359974" lon="8.56367">
        <ele>434</ele>
        <time>2024-07-21T18:49:42Z</time>
      </trkpt>
      <trkpt lat="47.359974" lon="8.56367">
        <ele>434</ele>
        <time>2024-07-21T19:00:45Z</time>
      </trkpt>
      <trkpt lat="47.359947" lon="8.563239">
        <ele>450</ele>
        <time>2024-07-21T19:00:59Z</time>
        <cmt>speed: 0.0</cmt>
      </trkpt>
      <trkpt lat="47.359959" lon="8.563643">
        <ele>434</ele>
        <time>2024-07-21T19:05:45Z</time>
      </trkpt>
      <trkpt lat="47.359974" lon="8.56367">
        <ele>434</ele>
        <time>2024-07-21T19:20:45Z</time>
      </trkpt>
      <trkpt lat="47.359391" lon="8.563402">
        <ele>406</ele>
        <time>2024-07-22T00:53:55Z</time>
        <cmt>speed: 0.5</cmt>
      </trkpt>
      <trkpt lat="47.359024" lon="8.561704">
        <ele>435</ele>
        <time>2024-07-22T01:03:41Z</time>
        <cmt>speed: 0.5</cmt>
      </trkpt>
      <trkpt lat="47.357537" lon="8.562071">
        <ele>412</ele>
        <time>2024-07-22T01:13:42Z</time>
        <cmt>speed: 0.3</cmt>
      </trkpt>
      <trkpt lat="47.357666" lon="8.561926">
        <ele>463</ele>
        <time>2024-07-22T01:23:42Z</time>
        <cmt>speed: 0.7</cmt>
      </trkpt>
      <trkpt lat="47.357389" lon="8.561993">
        <ele>443</ele>
        <time>2024-07-22T01:33:43Z</time>
        <cmt>speed: 0.3</cmt>
      </trkpt>
      <trkpt lat="47.357521" lon="8.561842">
        <ele>465</ele>
        <time>2024-07-22T01:43:46Z</time>
        <cmt>speed: 0.3</cmt>
      </trkpt>
      <trkpt lat="47.357458" lon="8.561853">
        <ele>454</ele>
        <time>2024-07-22T01:53:44Z</time>
        <cmt>speed: 0.0</cmt>
      </trkpt>
      <trkpt lat="47.357654" lon="8.561974">
        <ele>444</ele>
        <time>2024-07-22T02:03:42Z</time>
        <cmt>speed: 0.1</cmt>
      </trkpt>
      <trkpt lat="47.357337" lon="8.561438">
        <ele>446</ele>
        <time>2024-07-22T02:13:42Z</time>
        <cmt>speed: 0.9</cmt>
      </trkpt>
      <trkpt lat="47.35919" lon="8.56139">
        <ele>450</ele>
        <time>2024-07-22T02:23:41Z</time>
        <cmt>speed: 1.8</cmt>
      </trkpt>
      <trkpt lat="47.359768" lon="8.563774">
        <ele>441</ele>
        <time>2024-07-22T02:33:45Z</time>
        <cmt>speed: 3.6</cmt>
      </trkpt>
      <trkpt lat="47.359656" lon="8.563754">
        <ele>437</ele>
        <time>2024-07-22T02:34:22Z</time>
        <cmt>speed: 0.7</cmt>
      </trkpt>
      <trkpt lat="47.359585" lon="8.563643">
        <ele>439</ele>
        <time>2024-07-22T02:34:25Z</time>
        <cmt>speed: 1.0</cmt>
      </trkpt>
      <trkpt lat="47.359618" lon="8.563609">
        <ele>443</ele>
        <time>2024-07-22T02:34:30Z</time>
        <cmt>speed: 0.2</cmt>
      </trkpt>
      <trkpt lat="47.359633" lon="8.563604">
        <ele>445</ele>
        <time>2024-07-22T02:34:33Z</time>
        <cmt>speed: 0.0</cmt>
      </trkpt>
      <trkpt lat="47.359633" lon="8.563604">
        <ele>445</ele>
        <time>2024-07-22T02:34:38Z</time>
        <cmt>speed: 0.0</cmt>
      </trkpt>
      <trkpt lat="47.359633" lon="8.563604">
        <ele>445</ele>
        <time>2024-07-22T02:34:41Z</time>
        <cmt>speed: 0.0</cmt>
      </trkpt>
      <trkpt lat="47.359633" lon="8.563604">
        <ele>445</ele>
        <time>2024-07-22T02:34:45Z</time>
        <cmt>speed: 0.0</cmt>
      </trkpt>
      <trkpt lat="47.359633" lon="8.563604">
        <ele>445</ele>
        <time>2024-07-22T02:34:49Z</time>
        <cmt>speed: 0.0</cmt>
      </trkpt>
      <trkpt lat="47.35963" lon="8.5636">
        <ele>444</ele>
        <time>2024-07-22T02:34:53Z</time>
        <cmt>speed: 1.0</cmt>
      </trkpt>
      <trkpt lat="47.359203" lon="8.563884">
        <ele>447</ele>
        <time>2024-07-22T02:39:41Z</time>
        <cmt>speed: 1.3</cmt>
      </trkpt>
      <trkpt lat="47.359167" lon="8.563947">
        <ele>448</ele>
        <time>2024-07-22T02:39:45Z</time>
        <cmt>speed: 0.6</cmt>
      </trkpt>
      <trkpt lat="47.359165" lon="8.56395">
        <ele>447</ele>
        <time>2024-07-22T02:39:50Z</time>
        <cmt>speed: 0.0</cmt>
      </trkpt>
      <trkpt lat="47.359165" lon="8.56395">
        <ele>447</ele>
        <time>2024-07-22T02:39:54Z</time>
        <cmt>speed: 0.0</cmt>
      </trkpt>
      <trkpt lat="47.358571" lon="8.565299">
        <ele>454</ele>
        <time>2024-07-22T02:43:39Z</time>
        <cmt>speed: 0.7</cmt>
      </trkpt>
      <trkpt lat="47.359267" lon="8.56434">
        <ele>448</ele>
        <time>2024-07-22T02:53:41Z</time>
        <cmt>speed: 0.9</cmt>
      </trkpt>
      <trkpt lat="47.360073" lon="8.563907">
        <ele>460</ele>
        <time>2024-07-22T02:57:25Z</time>
        <cmt>speed: 1.2</cmt>
      </trkpt>
      <trkpt lat="47.36009" lon="8.56393">
        <ele>455</ele>
        <time>2024-07-22T02:57:30Z</time>
        <cmt>speed: 0.0</cmt>
      </trkpt>
      <trkpt lat="47.36009" lon="8.56393">
        <ele>455</ele>
        <time>2024-07-22T02:57:33Z</time>
        <cmt>speed: 0.0</cmt>
      </trkpt>
      <trkpt lat="47.36009" lon="8.56393">
        <ele>455</ele>
        <time>2024-07-22T02:57:38Z</time>
        <cmt>speed: 0.0</cmt>
      </trkpt>
      <trkpt lat="47.36009" lon="8.56393">
        <ele>455</ele>
        <time>2024-07-22T02:57:41Z</time>
        <cmt>speed: 0.0</cmt>
      </trkpt>
      <trkpt lat="47.36009" lon="8.56393">
        <ele>455</ele>
        <time>2024-07-22T02:57:46Z</time>
        <cmt>speed: 0.0</cmt>
      </trkpt>
      <trkpt lat="47.36009" lon="8.56393">
        <ele>455</ele>
        <time>2024-07-22T02:57:49Z</time>
        <cmt>speed: 0.0</cmt>
      </trkpt>
      <trkpt lat="47.36009" lon="8.56393">
        <ele>455</ele>
        <time>2024-07-22T02:57:54Z</time>
        <cmt>speed: 0.0</cmt>
      </trkpt>
      <trkpt lat="47.36009" lon="8.56393">
        <ele>455</ele>
        <time>2024-07-22T02:57:58Z</time>
        <cmt>speed: 0.0</cmt>
      </trkpt>
      <trkpt lat="47.36009" lon="8.56393">
        <ele>455</ele>
        <time>2024-07-22T02:58:03Z</time>
        <cmt>speed: 0.0</cmt>
      </trkpt>
      <trkpt lat="47.36009" lon="8.56393">
        <ele>455</ele>
        <time>2024-07-22T02:58:06Z</time>
        <cmt>speed: 0.0</cmt>
      </trkpt>
      <trkpt lat="47.36009" lon="8.56393">
        <ele>455</ele>
        <time>2024-07-22T02:58:11Z</time>
        <cmt>speed: 0.0</cmt>
      </trkpt>
      <trkpt lat="47.36009" lon="8.56393">
        <ele>455</ele>
        <time>2024-07-22T02:59:23Z</time>
      </trkpt>
      <trkpt lat="47.360229" lon="8.564041">
        <ele>436</ele>
        <time>2024-07-22T02:59:26Z</time>
        <cmt>speed: 5.5</cmt>
      </trkpt>
      <trkpt lat="47.359951" lon="8.563997">
        <ele>458</ele>
        <time>2024-07-22T02:59:31Z</time>
        <cmt>speed: 0.0</cmt>
      </trkpt>
      <trkpt lat="47.359951" lon="8.563997">
        <ele>458</ele>
        <time>2024-07-22T02:59:36Z</time>
        <cmt>speed: 0.0</cmt>
      </trkpt>
      <trkpt lat="47.359951" lon="8.563997">
        <ele>458</ele>
        <time>2024-07-22T02:59:40Z</time>
        <cmt>speed: 0.0</cmt>
      </trkpt>
      <trkpt lat="47.359951" lon="8.563997">
        <ele>458</ele>
        <time>2024-07-22T02:59:45Z</time>
        <cmt>speed: 0.0</cmt>
      </trkpt>
      <trkpt lat="47.359951" lon="8.563997">
        <ele>458</ele>
        <time>2024-07-22T02:59:49Z</time>
        <cmt>speed: 0.0</cmt>
      </trkpt>
      <trkpt lat="47.359943" lon="8.563977">
        <ele>456</ele>
        <time>2024-07-22T02:59:54Z</time>
        <cmt>speed: 0.0</cmt>
      </trkpt>
      <trkpt lat="47.359935" lon="8.563984">
        <ele>456</ele>
        <time>2024-07-22T02:59:57Z</time>
        <cmt>speed: 0.0</cmt>
      </trkpt>
      <trkpt lat="47.359959" lon="8.563643">
        <ele>434</ele>
        <time>2024-07-22T03:02:37Z</time>
      </trkpt>
      <trkpt lat="47.359959" lon="8.563643">
        <ele>434</ele>
        <time>2024-07-22T03:17:37Z</time>
      </trkpt>
      <trkpt lat="47.360319" lon="8.56345">
        <ele>443</ele>
        <time>2024-07-22T12:57:38Z</time>
        <cmt>speed: 0.7</cmt>
      </trkpt>
      <trkpt lat="47.359959" lon="8.563643">
        <ele>434</ele>
        <time>2024-07-22T13:02:29Z</time>
      </trkpt>
      <trkpt lat="47.360269" lon="8.563338">
        <ele>428</ele>
        <time>2024-07-22T13:04:23Z</time>
        <cmt>speed: 0.7</cmt>
      </trkpt>
      <trkpt lat="47.359605" lon="8.561676">
        <ele>400</ele>
        <time>2024-07-22T13:14:22Z</time>
        <cmt>speed: 0.4</cmt>
      </trkpt>
      <trkpt lat="47.359261" lon="8.561455">
        <ele>459</ele>
        <time>2024-07-22T13:24:17Z</time>
        <cmt>speed: 1.8</cmt>
      </trkpt>
      <trkpt lat="47.357662" lon="8.563192">
        <ele>449</ele>
        <time>2024-07-22T13:34:19Z</time>
        <cmt>speed: 0.2</cmt>
      </trkpt>
      <trkpt lat="47.357077" lon="8.563079">
        <ele>437</ele>
        <time>2024-07-22T13:44:16Z</time>
        <cmt>speed: 0.7</cmt>
      </trkpt>
      <trkpt lat="47.356375" lon="8.563424">
        <ele>411</ele>
        <time>2024-07-22T13:54:16Z</time>
        <cmt>speed: 0.0</cmt>
      </trkpt>
      <trkpt lat="47.356465" lon="8.56349">
        <ele>431</ele>
        <time>2024-07-22T14:04:15Z</time>
        <cmt>speed: 0.1</cmt>
      </trkpt>
      <trkpt lat="47.356465" lon="8.56349">
        <ele>431</ele>
        <time>2024-07-22T14:04:16Z</time>
      </trkpt>
      <trkpt lat="47.356929" lon="8.563091">
        <ele>484</ele>
        <time>2024-07-22T14:14:19Z</time>
        <cmt>speed: 0.1</cmt>
      </trkpt>
      <trkpt lat="47.358736" lon="8.563233">
        <ele>438</ele>
        <time>2024-07-22T14:24:16Z</time>
        <cmt>speed: 0.4</cmt>
      </trkpt>
      <trkpt lat="47.359959" lon="8.563643">
        <ele>434</ele>
        <time>2024-07-22T14:32:17Z</time>
      </trkpt>
      <trkpt lat="47.359959" lon="8.563643">
        <ele>434</ele>
        <time>2024-07-22T14:47:17Z</time>
      </trkpt>
      <trkpt lat="47.360013" lon="8.563483">
        <ele>389</ele>
        <time>2024-07-22T15:46:18Z</time>
        <cmt>speed: 0.1</cmt>
      </trkpt>
      <trkpt lat="47.359959" lon="8.563643">
        <ele>434</ele>
        <time>2024-07-22T15:48:38Z</time>
      </trkpt>
      <trkpt lat="47.359959" lon="8.563643">
        <ele>434</ele>
        <time>2024-07-22T15:57:53Z</time>
      </trkpt>
      <trkpt lat="47.359954" lon="8.563579">
        <ele>437</ele>
        <time>2024-07-22T16:04:24Z</time>
        <cmt>speed: 0.0</cmt>
      </trkpt>
      <trkpt lat="47.359959" lon="8.563643">
        <ele>434</ele>
        <time>2024-07-22T16:06:38Z</time>
      </trkpt>
      <trkpt lat="47.359953" lon="8.563592">
        <ele>420</ele>
        <time>2024-07-22T16:12:07Z</time>
        <cmt>speed: 0.0</cmt>
      </trkpt>
      <trkpt lat="47.359959" lon="8.563643">
        <ele>434</ele>
        <time>2024-07-22T16:15:26Z</time>
      </trkpt>
      <trkpt lat="47.36002" lon="8.563597">
        <ele>432</ele>
        <time>2024-07-22T16:17:19Z</time>
        <cmt>speed: 0.1</cmt>
      </trkpt>
      <trkpt lat="47.359959" lon="8.563643">
        <ele>434</ele>
        <time>2024-07-22T16:22:10Z</time>
      </trkpt>
      <trkpt lat="47.359982" lon="8.56362">
        <ele>417</ele>
        <time>2024-07-22T16:29:11Z</time>
        <cmt>speed: 0.3</cmt>
      </trkpt>
      <trkpt lat="47.359959" lon="8.563643">
        <ele>434</ele>
        <time>2024-07-22T16:31:35Z</time>
      </trkpt>
      <trkpt lat="47.359959" lon="8.563643">
        <ele>434</ele>
        <time>2024-07-22T16:46:35Z</time>
      </trkpt>
      <trkpt lat="47.360005" lon="8.563296">
        <ele>415</ele>
        <time>2024-07-22T16:49:17Z</time>
        <cmt>speed: 0.1</cmt>
      </trkpt>
      <trkpt lat="47.359974" lon="8.56367">
        <ele>434</ele>
        <time>2024-07-22T16:59:07Z</time>
      </trkpt>
      <trkpt lat="47.360365" lon="8.562841">
        <ele>447</ele>
        <time>2024-07-22T17:00:56Z</time>
        <cmt>speed: 0.1</cmt>
      </trkpt>
      <trkpt lat="47.359329" lon="8.561563">
        <ele>500</ele>
        <time>2024-07-22T17:10:59Z</time>
        <cmt>speed: 1.1</cmt>
      </trkpt>
      <trkpt lat="47.3585" lon="8.562334">
        <ele>464</ele>
        <time>2024-07-22T17:20:56Z</time>
        <cmt>speed: 0.4</cmt>
      </trkpt>
      <trkpt lat="47.357383" lon="8.563056">
        <ele>446</ele>
        <time>2024-07-22T17:30:55Z</time>
        <cmt>speed: 1.5</cmt>
      </trkpt>
      <trkpt lat="47.357383" lon="8.563056">
        <ele>446</ele>
        <time>2024-07-22T17:40:54Z</time>
      </trkpt>
      <trkpt lat="47.35711" lon="8.563112">
        <ele>431</ele>
        <time>2024-07-22T17:40:55Z</time>
        <cmt>speed: 1.0</cmt>
      </trkpt>
      <trkpt lat="47.356934" lon="8.562973">
        <ele>425</ele>
        <time>2024-07-22T17:50:57Z</time>
        <cmt>speed: 0.9</cmt>
      </trkpt>
      <trkpt lat="47.356997" lon="8.563491">
        <ele>435</ele>
        <time>2024-07-22T18:00:56Z</time>
        <cmt>speed: 0.3</cmt>
      </trkpt>
      <trkpt lat="47.357402" lon="8.563451">
        <ele>451</ele>
        <time>2024-07-22T18:10:56Z</time>
        <cmt>speed: 0.9</cmt>
      </trkpt>
      <trkpt lat="47.357481" lon="8.563537">
        <ele>434</ele>
        <time>2024-07-22T18:20:55Z</time>
        <cmt>speed: 0.5</cmt>
      </trkpt>
      <trkpt lat="47.357592" lon="8.561705">
        <ele>464</ele>
        <time>2024-07-22T18:30:58Z</time>
        <cmt>speed: 0.3</cmt>
      </trkpt>
      <trkpt lat="47.359109" lon="8.56134">
        <ele>433</ele>
        <time>2024-07-22T18:40:56Z</time>
        <cmt>speed: 1.4</cmt>
      </trkpt>
      <trkpt lat="47.359628" lon="8.5619">
        <ele>424</ele>
        <time>2024-07-22T18:50:55Z</time>
        <cmt>speed: 1.1</cmt>
      </trkpt>
      <trkpt lat="47.359335" lon="8.563406">
        <ele>448</ele>
        <time>2024-07-22T19:00:58Z</time>
        <cmt>speed: 1.4</cmt>
      </trkpt>
      <trkpt lat="47.359959" lon="8.563643">
        <ele>434</ele>
        <time>2024-07-22T19:09:39Z</time>
      </trkpt>
      <trkpt lat="47.359959" lon="8.563643">
        <ele>434</ele>
        <time>2024-07-22T19:24:37Z</time>
      </trkpt>
      <trkpt lat="47.359959" lon="8.563643">
        <ele>434</ele>
        <time>2024-07-22T19:24:39Z</time>
      </trkpt>
      <trkpt lat="47.359702" lon="8.563875">
        <ele>416</ele>
        <time>2024-07-23T01:15:31Z</time>
        <cmt>speed: 1.7</cmt>
      </trkpt>
      <trkpt lat="47.359255" lon="8.564659">
        <ele>445</ele>
        <time>2024-07-23T01:25:15Z</time>
        <cmt>speed: 0.9</cmt>
      </trkpt>
      <trkpt lat="47.358441" lon="8.564977">
        <ele>426</ele>
        <time>2024-07-23T01:35:17Z</time>
        <cmt>speed: 0.9</cmt>
      </trkpt>
      <trkpt lat="47.359058" lon="8.562853">
        <ele>481</ele>
        <time>2024-07-23T01:45:14Z</time>
        <cmt>speed: 0.7</cmt>
      </trkpt>
      <trkpt lat="47.358762" lon="8.561175">
        <ele>426</ele>
        <time>2024-07-23T01:55:13Z</time>
        <cmt>speed: 0.5</cmt>
      </trkpt>
      <trkpt lat="47.357885" lon="8.560817">
        <ele>442</ele>
        <time>2024-07-23T02:05:21Z</time>
        <cmt>speed: 0.1</cmt>
      </trkpt>
      <trkpt lat="47.357885" lon="8.560817">
        <ele>442</ele>
        <time>2024-07-23T02:15:13Z</time>
      </trkpt>
      <trkpt lat="47.357623" lon="8.560818">
        <ele>430</ele>
        <time>2024-07-23T02:15:16Z</time>
        <cmt>speed: 0.2</cmt>
      </trkpt>
      <trkpt lat="47.358287" lon="8.56067">
        <ele>445</ele>
        <time>2024-07-23T02:25:22Z</time>
        <cmt>speed: 0.0</cmt>
      </trkpt>
      <trkpt lat="47.358369" lon="8.560832">
        <ele>418</ele>
        <time>2024-07-23T02:35:18Z</time>
        <cmt>speed: 0.3</cmt>
      </trkpt>
      <trkpt lat="47.358766" lon="8.560453">
        <ele>407</ele>
        <time>2024-07-23T02:45:14Z</time>
        <cmt>speed: 0.2</cmt>
      </trkpt>
      <trkpt lat="47.358312" lon="8.561261">
        <ele>427</ele>
        <time>2024-07-23T02:55:13Z</time>
        <cmt>speed: 0.8</cmt>
      </trkpt>
      <trkpt lat="47.357755" lon="8.561821">
        <ele>402</ele>
        <time>2024-07-23T03:05:17Z</time>
        <cmt>speed: 0.5</cmt>
      </trkpt>
      <trkpt lat="47.35729" lon="8.562032">
        <ele>469</ele>
        <time>2024-07-23T03:15:15Z</time>
        <cmt>speed: 0.1</cmt>
      </trkpt>
      <trkpt lat="47.358115" lon="8.562476">
        <ele>459</ele>
        <time>2024-07-23T03:25:15Z</time>
        <cmt>speed: 0.1</cmt>
      </trkpt>
      <trkpt lat="47.358547" lon="8.562022">
        <ele>427</ele>
        <time>2024-07-23T03:35:13Z</time>
        <cmt>speed: 0.8</cmt>
      </trkpt>
      <trkpt lat="47.359547" lon="8.562331">
        <ele>444</ele>
        <time>2024-07-23T03:45:15Z</time>
        <cmt>speed: 1.2</cmt>
      </trkpt>
      <trkpt lat="47.359959" lon="8.563643">
        <ele>434</ele>
        <time>2024-07-23T03:55:11Z</time>
      </trkpt>
      <trkpt lat="47.359959" lon="8.563643">
        <ele>434</ele>
        <time>2024-07-23T04:10:11Z</time>
      </trkpt>
      <trkpt lat="47.359974" lon="8.56367">
        <ele>434</ele>
        <time>2024-07-23T05:50:30Z</time>
      </trkpt>
      <trkpt lat="47.359974" lon="8.56367">
        <ele>434</ele>
        <time>2024-07-23T05:53:00Z</time>
      </trkpt>
      <trkpt lat="47.359974" lon="8.56367">
        <ele>434</ele>
        <time>2024-07-23T06:08:00Z</time>
      </trkpt>
      <trkpt lat="47.360054" lon="8.563643">
        <ele>365</ele>
        <time>2024-07-23T06:39:48Z</time>
        <cmt>speed: 0.2</cmt>
      </trkpt>
      <trkpt lat="47.359959" lon="8.563643">
        <ele>434</ele>
        <time>2024-07-23T06:41:58Z</time>
      </trkpt>
      <trkpt lat="47.359846" lon="8.564009">
        <ele>426</ele>
        <time>2024-07-23T06:49:34Z</time>
        <cmt>speed: 0.8</cmt>
      </trkpt>
      <trkpt lat="47.359974" lon="8.56367">
        <ele>434</ele>
        <time>2024-07-23T06:56:13Z</time>
      </trkpt>
      <trkpt lat="47.359974" lon="8.56367">
        <ele>434</ele>
        <time>2024-07-23T07:11:13Z</time>
      </trkpt>
      <trkpt lat="47.35993" lon="8.56318">
        <ele>455</ele>
        <time>2024-07-23T07:36:07Z</time>
        <cmt>speed: 1.5</cmt>
      </trkpt>
      <trkpt lat="47.359335" lon="8.561276">
        <ele>472</ele>
        <time>2024-07-23T07:46:07Z</time>
        <cmt>speed: 0.8</cmt>
      </trkpt>
      <trkpt lat="47.359149" lon="8.561406">
        <ele>477</ele>
        <time>2024-07-23T07:56:07Z</time>
        <cmt>speed: 0.3</cmt>
      </trkpt>
      <trkpt lat="47.359209" lon="8.559736">
        <ele>442</ele>
        <time>2024-07-23T08:06:05Z</time>
        <cmt>speed: 0.6</cmt>
      </trkpt>
      <trkpt lat="47.357704" lon="8.560333">
        <ele>449</ele>
        <time>2024-07-23T08:16:07Z</time>
        <cmt>speed: 0.5</cmt>
      </trkpt>
      <trkpt lat="47.357829" lon="8.560369">
        <ele>452</ele>
        <time>2024-07-23T08:26:07Z</time>
        <cmt>speed: 0.3</cmt>
      </trkpt>
      <trkpt lat="47.357829" lon="8.560369">
        <ele>452</ele>
        <time>2024-07-23T08:36:03Z</time>
      </trkpt>
      <trkpt lat="47.357915" lon="8.560458">
        <ele>457</ele>
        <time>2024-07-23T08:36:06Z</time>
        <cmt>speed: 0.2</cmt>
      </trkpt>
      <trkpt lat="47.357882" lon="8.560582">
        <ele>445</ele>
        <time>2024-07-23T08:46:05Z</time>
        <cmt>speed: 0.0</cmt>
      </trkpt>
      <trkpt lat="47.357882" lon="8.560582">
        <ele>445</ele>
        <time>2024-07-23T08:56:15Z</time>
      </trkpt>
      <trkpt lat="47.357735" lon="8.560665">
        <ele>442</ele>
        <time>2024-07-23T08:56:19Z</time>
        <cmt>speed: 0.0</cmt>
      </trkpt>
      <trkpt lat="47.357944" lon="8.56077">
        <ele>476</ele>
        <time>2024-07-23T09:06:25Z</time>
        <cmt>speed: 0.1</cmt>
      </trkpt>
      <trkpt lat="47.357834" lon="8.5607">
        <ele>438</ele>
        <time>2024-07-23T09:16:14Z</time>
        <cmt>speed: 0.1</cmt>
      </trkpt>
      <trkpt lat="47.357731" lon="8.561241">
        <ele>422</ele>
        <time>2024-07-23T09:36:13Z</time>
        <cmt>speed: 0.5</cmt>
      </trkpt>
      <trkpt lat="47.35746" lon="8.561246">
        <ele>419</ele>
        <time>2024-07-23T09:46:05Z</time>
        <cmt>speed: 0.1</cmt>
      </trkpt>
      <trkpt lat="47.357787" lon="8.56254">
        <ele>442</ele>
        <time>2024-07-23T09:56:12Z</time>
        <cmt>speed: 0.0</cmt>
      </trkpt>
      <trkpt lat="47.357145" lon="8.563305">
        <ele>460</ele>
        <time>2024-07-23T10:06:06Z</time>
        <cmt>speed: 0.0</cmt>
      </trkpt>
      <trkpt lat="47.357145" lon="8.563305">
        <ele>460</ele>
        <time>2024-07-23T10:16:03Z</time>
      </trkpt>
      <trkpt lat="47.35692" lon="8.563099">
        <ele>429</ele>
        <time>2024-07-23T10:16:04Z</time>
        <cmt>speed: 0.7</cmt>
      </trkpt>
      <trkpt lat="47.356697" lon="8.563202">
        <ele>455</ele>
        <time>2024-07-23T10:26:05Z</time>
        <cmt>speed: 0.8</cmt>
      </trkpt>
      <trkpt lat="47.356697" lon="8.563202">
        <ele>455</ele>
        <time>2024-07-23T10:36:03Z</time>
      </trkpt>
      <trkpt lat="47.357032" lon="8.563527">
        <ele>447</ele>
        <time>2024-07-23T10:36:06Z</time>
        <cmt>speed: 0.0</cmt>
      </trkpt>
      <trkpt lat="47.357814" lon="8.562827">
        <ele>415</ele>
        <time>2024-07-23T10:46:06Z</time>
        <cmt>speed: 0.1</cmt>
      </trkpt>
      <trkpt lat="47.357814" lon="8.562827">
        <ele>415</ele>
        <time>2024-07-23T10:56:04Z</time>
      </trkpt>
      <trkpt lat="47.357777" lon="8.562613">
        <ele>455</ele>
        <time>2024-07-23T10:56:09Z</time>
        <cmt>speed: 0.1</cmt>
      </trkpt>
      <trkpt lat="47.358177" lon="8.562696">
        <ele>482</ele>
        <time>2024-07-23T11:26:09Z</time>
        <cmt>speed: 0.8</cmt>
      </trkpt>
      <trkpt lat="47.357933" lon="8.562581">
        <ele>465</ele>
        <time>2024-07-23T11:50:36Z</time>
        <cmt>speed: 0.1</cmt>
      </trkpt>
      <trkpt lat="47.358256" lon="8.562689">
        <ele>477</ele>
        <time>2024-07-23T12:00:44Z</time>
        <cmt>speed: 0.3</cmt>
      </trkpt>
      <trkpt lat="47.358011" lon="8.562557">
        <ele>441</ele>
        <time>2024-07-23T12:10:37Z</time>
        <cmt>speed: 0.1</cmt>
      </trkpt>
      <trkpt lat="47.358032" lon="8.562614">
        <ele>469</ele>
        <time>2024-07-23T12:31:01Z</time>
        <cmt>speed: 1.8</cmt>
      </trkpt>
      <trkpt lat="47.358032" lon="8.562614">
        <ele>469</ele>
        <time>2024-07-23T12:36:57Z</time>
      </trkpt>
      <trkpt lat="47.357858" lon="8.562344">
        <ele>482</ele>
        <time>2024-07-23T12:40:48Z</time>
        <cmt>speed: 0.3</cmt>
      </trkpt>
      <trkpt lat="47.357847" lon="8.562484">
        <ele>465</ele>
        <time>2024-07-23T12:50:59Z</time>
        <cmt>speed: 0.0</cmt>
      </trkpt>
      <trkpt lat="47.358032" lon="8.562523">
        <ele>447</ele>
        <time>2024-07-23T13:50:40Z</time>
        <cmt>speed: 0.0</cmt>
      </trkpt>
      <trkpt lat="47.358032" lon="8.562523">
        <ele>447</ele>
        <time>2024-07-23T14:20:35Z</time>
      </trkpt>
      <trkpt lat="47.358077" lon="8.562656">
        <ele>463</ele>
        <time>2024-07-23T14:20:40Z</time>
        <cmt>speed: 0.0</cmt>
      </trkpt>
      <trkpt lat="47.358018" lon="8.562736">
        <ele>416</ele>
        <time>2024-07-23T14:31:15Z</time>
        <cmt>speed: 0.0</cmt>
      </trkpt>
      <trkpt lat="47.358018" lon="8.562736">
        <ele>416</ele>
        <time>2024-07-23T14:41:19Z</time>
      </trkpt>
      <trkpt lat="47.358232" lon="8.562864">
        <ele>499</ele>
        <time>2024-07-23T14:41:24Z</time>
        <cmt>speed: 0.2</cmt>
      </trkpt>
      <trkpt lat="47.358086" lon="8.562554">
        <ele>436</ele>
        <time>2024-07-23T14:51:21Z</time>
        <cmt>speed: 0.2</cmt>
      </trkpt>
      <trkpt lat="47.358086" lon="8.562554">
        <ele>436</ele>
        <time>2024-07-23T15:01:08Z</time>
      </trkpt>
      <trkpt lat="47.358337" lon="8.562687">
        <ele>452</ele>
        <time>2024-07-23T15:01:13Z</time>
        <cmt>speed: 0.0</cmt>
      </trkpt>
      <trkpt lat="47.357973" lon="8.562633">
        <ele>435</ele>
        <time>2024-07-23T15:11:12Z</time>
        <cmt>speed: 0.0</cmt>
      </trkpt>
      <trkpt lat="47.357568" lon="8.562464">
        <ele>448</ele>
        <time>2024-07-23T15:21:10Z</time>
        <cmt>speed: 0.3</cmt>
      </trkpt>
      <trkpt lat="47.357403" lon="8.563157">
        <ele>427</ele>
        <time>2024-07-23T15:31:13Z</time>
        <cmt>speed: 1.4</cmt>
      </trkpt>
      <trkpt lat="47.357403" lon="8.563157">
        <ele>427</ele>
        <time>2024-07-23T15:41:05Z</time>
      </trkpt>
      <trkpt lat="47.357155" lon="8.563356">
        <ele>375</ele>
        <time>2024-07-23T15:41:10Z</time>
        <cmt>speed: 0.5</cmt>
      </trkpt>
      <trkpt lat="47.356892" lon="8.563134">
        <ele>440</ele>
        <time>2024-07-23T15:51:10Z</time>
        <cmt>speed: 0.5</cmt>
      </trkpt>
      <trkpt lat="47.356667" lon="8.562053">
        <ele>421</ele>
        <time>2024-07-23T16:01:13Z</time>
        <cmt>speed: 0.8</cmt>
      </trkpt>
      <trkpt lat="47.357931" lon="8.560934">
        <ele>444</ele>
        <time>2024-07-23T16:11:11Z</time>
        <cmt>speed: 0.1</cmt>
      </trkpt>
      <trkpt lat="47.357819" lon="8.560558">
        <ele>467</ele>
        <time>2024-07-23T16:21:14Z</time>
        <cmt>speed: 0.3</cmt>
      </trkpt>
      <trkpt lat="47.358414" lon="8.561435">
        <ele>467</ele>
        <time>2024-07-23T16:31:10Z</time>
        <cmt>speed: 0.1</cmt>
      </trkpt>
      <trkpt lat="47.358666" lon="8.561235">
        <ele>420</ele>
        <time>2024-07-23T16:41:07Z</time>
        <cmt>speed: 1.4</cmt>
      </trkpt>
      <trkpt lat="47.360119" lon="8.562255">
        <ele>418</ele>
        <time>2024-07-23T16:51:11Z</time>
        <cmt>speed: 0.5</cmt>
      </trkpt>
      <trkpt lat="47.359974" lon="8.56367">
        <ele>434</ele>
        <time>2024-07-23T16:58:52Z</time>
      </trkpt>
      <trkpt lat="47.359974" lon="8.56367">
        <ele>434</ele>
        <time>2024-07-23T17:13:52Z</time>
      </trkpt>
      <trkpt lat="47.360051" lon="8.563583">
        <ele>446</ele>
        <time>2024-07-23T17:41:56Z</time>
        <cmt>speed: 2.1</cmt>
      </trkpt>
      <trkpt lat="47.358606" lon="8.562536">
        <ele>467</ele>
        <time>2024-07-23T17:51:49Z</time>
        <cmt>speed: 0.4</cmt>
      </trkpt>
      <trkpt lat="47.35887" lon="8.562598">
        <ele>437</ele>
        <time>2024-07-23T18:01:50Z</time>
        <cmt>speed: 1.3</cmt>
      </trkpt>
      <trkpt lat="47.358783" lon="8.563188">
        <ele>452</ele>
        <time>2024-07-23T18:11:49Z</time>
        <cmt>speed: 0.3</cmt>
      </trkpt>
      <trkpt lat="47.358368" lon="8.563535">
        <ele>454</ele>
        <time>2024-07-23T18:21:51Z</time>
        <cmt>speed: 0.2</cmt>
      </trkpt>
      <trkpt lat="47.357878" lon="8.563675">
        <ele>430</ele>
        <time>2024-07-23T18:31:49Z</time>
        <cmt>speed: 0.2</cmt>
      </trkpt>
      <trkpt lat="47.358315" lon="8.564255">
        <ele>469</ele>
        <time>2024-07-23T18:41:50Z</time>
        <cmt>speed: 0.2</cmt>
      </trkpt>
      <trkpt lat="47.358631" lon="8.565699">
        <ele>445</ele>
        <time>2024-07-23T18:51:49Z</time>
        <cmt>speed: 0.4</cmt>
      </trkpt>
      <trkpt lat="47.358631" lon="8.565699">
        <ele>445</ele>
        <time>2024-07-23T19:01:44Z</time>
      </trkpt>
      <trkpt lat="47.358665" lon="8.565485">
        <ele>464</ele>
        <time>2024-07-23T19:01:50Z</time>
        <cmt>speed: 0.5</cmt>
      </trkpt>
      <trkpt lat="47.35866" lon="8.564341">
        <ele>449</ele>
        <time>2024-07-23T19:11:51Z</time>
        <cmt>speed: 0.0</cmt>
      </trkpt>
      <trkpt lat="47.35866" lon="8.564341">
        <ele>449</ele>
        <time>2024-07-23T19:21:44Z</time>
      </trkpt>
      <trkpt lat="47.358659" lon="8.564463">
        <ele>464</ele>
        <time>2024-07-23T19:21:50Z</time>
        <cmt>speed: 1.1</cmt>
      </trkpt>
      <trkpt lat="47.358652" lon="8.564286">
        <ele>461</ele>
        <time>2024-07-23T19:31:50Z</time>
        <cmt>speed: 0.0</cmt>
      </trkpt>
      <trkpt lat="47.358775" lon="8.564168">
        <ele>416</ele>
        <time>2024-07-23T19:41:53Z</time>
        <cmt>speed: 0.7</cmt>
      </trkpt>
      <trkpt lat="47.358994" lon="8.563861">
        <ele>448</ele>
        <time>2024-07-23T19:51:52Z</time>
        <cmt>speed: 0.4</cmt>
      </trkpt>
      <trkpt lat="47.358856" lon="8.561862">
        <ele>415</ele>
        <time>2024-07-23T20:01:50Z</time>
        <cmt>speed: 1.6</cmt>
      </trkpt>
      <trkpt lat="47.357975" lon="8.561001">
        <ele>436</ele>
        <time>2024-07-23T20:11:50Z</time>
        <cmt>speed: 0.1</cmt>
      </trkpt>
      <trkpt lat="47.357975" lon="8.561001">
        <ele>436</ele>
        <time>2024-07-23T20:21:48Z</time>
      </trkpt>
      <trkpt lat="47.3579" lon="8.560866">
        <ele>452</ele>
        <time>2024-07-23T20:21:54Z</time>
        <cmt>speed: 0.2</cmt>
      </trkpt>
      <trkpt lat="47.357683" lon="8.560978">
        <ele>449</ele>
        <time>2024-07-23T20:31:52Z</time>
        <cmt>speed: 0.4</cmt>
      </trkpt>
      <trkpt lat="47.357683" lon="8.560978">
        <ele>449</ele>
        <time>2024-07-23T20:41:46Z</time>
      </trkpt>
      <trkpt lat="47.357693" lon="8.560923">
        <ele>462</ele>
        <time>2024-07-23T20:41:52Z</time>
        <cmt>speed: 0.1</cmt>
      </trkpt>
      <trkpt lat="47.357601" lon="8.561048">
        <ele>418</ele>
        <time>2024-07-23T20:51:57Z</time>
        <cmt>speed: 0.3</cmt>
      </trkpt>
      <trkpt lat="47.357706" lon="8.561159">
        <ele>498</ele>
        <time>2024-07-23T21:02:00Z</time>
        <cmt>speed: 2.1</cmt>
      </trkpt>
      <trkpt lat="47.357526" lon="8.561111">
        <ele>458</ele>
        <time>2024-07-23T21:12:00Z</time>
        <cmt>speed: 0.1</cmt>
      </trkpt>
      <trkpt lat="47.357526" lon="8.561111">
        <ele>458</ele>
        <time>2024-07-23T21:21:53Z</time>
      </trkpt>
      <trkpt lat="47.357494" lon="8.561264">
        <ele>501</ele>
        <time>2024-07-23T21:21:59Z</time>
        <cmt>speed: 0.4</cmt>
      </trkpt>
      <trkpt lat="47.358071" lon="8.561245">
        <ele>466</ele>
        <time>2024-07-23T21:31:53Z</time>
        <cmt>speed: 0.7</cmt>
      </trkpt>
      <trkpt lat="47.359274" lon="8.561476">
        <ele>421</ele>
        <time>2024-07-23T21:41:52Z</time>
        <cmt>speed: 0.0</cmt>
      </trkpt>
      <trkpt lat="47.358094" lon="8.562308">
        <ele>427</ele>
        <time>2024-07-23T21:51:51Z</time>
        <cmt>speed: 1.4</cmt>
      </trkpt>
      <trkpt lat="47.358094" lon="8.562308">
        <ele>427</ele>
        <time>2024-07-23T22:01:44Z</time>
      </trkpt>
      <trkpt lat="47.358276" lon="8.562262">
        <ele>451</ele>
        <time>2024-07-23T22:01:50Z</time>
        <cmt>speed: 0.7</cmt>
      </trkpt>
      <trkpt lat="47.358281" lon="8.56237">
        <ele>427</ele>
        <time>2024-07-23T22:11:51Z</time>
        <cmt>speed: 1.5</cmt>
      </trkpt>
      <trkpt lat="47.358281" lon="8.56237">
        <ele>427</ele>
        <time>2024-07-23T22:21:44Z</time>
      </trkpt>
      <trkpt lat="47.35825" lon="8.56234">
        <ele>419</ele>
        <time>2024-07-23T22:21:50Z</time>
        <cmt>speed: 0.2</cmt>
      </trkpt>
      <trkpt lat="47.358298" lon="8.561969">
        <ele>459</ele>
        <time>2024-07-23T22:31:51Z</time>
        <cmt>speed: 0.3</cmt>
      </trkpt>
      <trkpt lat="47.358356" lon="8.56227">
        <ele>447</ele>
        <time>2024-07-23T22:41:52Z</time>
        <cmt>speed: 0.4</cmt>
      </trkpt>
      <trkpt lat="47.358839" lon="8.562108">
        <ele>449</ele>
        <time>2024-07-23T22:51:55Z</time>
        <cmt>speed: 1.4</cmt>
      </trkpt>
      <trkpt lat="47.359597" lon="8.561924">
        <ele>460</ele>
        <time>2024-07-23T23:01:55Z</time>
        <cmt>speed: 0.4</cmt>
      </trkpt>
      <trkpt lat="47.35863" lon="8.564587">
        <ele>458</ele>
        <time>2024-07-23T23:11:53Z</time>
        <cmt>speed: 0.6</cmt>
      </trkpt>
      <trkpt lat="47.359174" lon="8.564472">
        <ele>444</ele>
        <time>2024-07-23T23:21:52Z</time>
        <cmt>speed: 1.1</cmt>
      </trkpt>
      <trkpt lat="47.359809" lon="8.562532">
        <ele>449</ele>
        <time>2024-07-23T23:31:52Z</time>
        <cmt>speed: 1.1</cmt>
      </trkpt>
      <trkpt lat="47.359064" lon="8.560447">
        <ele>486</ele>
        <time>2024-07-23T23:41:53Z</time>
        <cmt>speed: 0.4</cmt>
      </trkpt>
      <trkpt lat="47.358164" lon="8.560612">
        <ele>452</ele>
        <time>2024-07-23T23:51:51Z</time>
        <cmt>speed: 1.3</cmt>
      </trkpt>
      <trkpt lat="47.357734" lon="8.561043">
        <ele>423</ele>
        <time>2024-07-24T00:01:52Z</time>
        <cmt>speed: 0.1</cmt>
      </trkpt>
      <trkpt lat="47.357485" lon="8.561767">
        <ele>398</ele>
        <time>2024-07-24T00:11:53Z</time>
        <cmt>speed: 0.2</cmt>
      </trkpt>
      <trkpt lat="47.357485" lon="8.561767">
        <ele>398</ele>
        <time>2024-07-24T00:21:53Z</time>
      </trkpt>
      <trkpt lat="47.357235" lon="8.56195">
        <ele>462</ele>
        <time>2024-07-24T00:22:00Z</time>
        <cmt>speed: 0.1</cmt>
      </trkpt>
      <trkpt lat="47.358123" lon="8.562512">
        <ele>445</ele>
        <time>2024-07-24T00:31:58Z</time>
        <cmt>speed: 0.0</cmt>
      </trkpt>
      <trkpt lat="47.358123" lon="8.562512">
        <ele>445</ele>
        <time>2024-07-24T00:41:51Z</time>
      </trkpt>
      <trkpt lat="47.358037" lon="8.562399">
        <ele>456</ele>
        <time>2024-07-24T00:41:58Z</time>
        <cmt>speed: 0.0</cmt>
      </trkpt>
      <trkpt lat="47.35804" lon="8.562418">
        <ele>445</ele>
        <time>2024-07-24T00:51:53Z</time>
        <cmt>speed: 2.3</cmt>
      </trkpt>
      <trkpt lat="47.35804" lon="8.562418">
        <ele>445</ele>
        <time>2024-07-24T01:01:45Z</time>
      </trkpt>
      <trkpt lat="47.358245" lon="8.562452">
        <ele>386</ele>
        <time>2024-07-24T01:01:52Z</time>
        <cmt>speed: 0.0</cmt>
      </trkpt>
      <trkpt lat="47.358157" lon="8.562662">
        <ele>449</ele>
        <time>2024-07-24T01:11:52Z</time>
        <cmt>speed: 0.2</cmt>
      </trkpt>
      <trkpt lat="47.358157" lon="8.562662">
        <ele>449</ele>
        <time>2024-07-24T01:21:47Z</time>
      </trkpt>
      <trkpt lat="47.358302" lon="8.562486">
        <ele>431</ele>
        <time>2024-07-24T01:21:53Z</time>
        <cmt>speed: 0.4</cmt>
      </trkpt>
      <trkpt lat="47.358403" lon="8.562771">
        <ele>451</ele>
        <time>2024-07-24T01:31:56Z</time>
        <cmt>speed: 0.4</cmt>
      </trkpt>
      <trkpt lat="47.357873" lon="8.563035">
        <ele>450</ele>
        <time>2024-07-24T01:41:52Z</time>
        <cmt>speed: 1.3</cmt>
      </trkpt>
      <trkpt lat="47.357657" lon="8.563097">
        <ele>402</ele>
        <time>2024-07-24T01:51:55Z</time>
        <cmt>speed: 0.1</cmt>
      </trkpt>
      <trkpt lat="47.357484" lon="8.563263">
        <ele>491</ele>
        <time>2024-07-24T02:01:55Z</time>
        <cmt>speed: 0.6</cmt>
      </trkpt>
      <trkpt lat="47.35693" lon="8.563435">
        <ele>446</ele>
        <time>2024-07-24T02:11:56Z</time>
        <cmt>speed: 0.0</cmt>
      </trkpt>
      <trkpt lat="47.357018" lon="8.563647">
        <ele>466</ele>
        <time>2024-07-24T02:21:53Z</time>
        <cmt>speed: 0.1</cmt>
      </trkpt>
      <trkpt lat="47.357365" lon="8.563651">
        <ele>512</ele>
        <time>2024-07-24T02:31:52Z</time>
        <cmt>speed: 0.5</cmt>
      </trkpt>
      <trkpt lat="47.357365" lon="8.563651">
        <ele>512</ele>
        <time>2024-07-24T02:41:47Z</time>
      </trkpt>
      <trkpt lat="47.35736" lon="8.563679">
        <ele>513</ele>
        <time>2024-07-24T02:41:54Z</time>
        <cmt>speed: 0.2</cmt>
      </trkpt>
      <trkpt lat="47.357132" lon="8.563544">
        <ele>478</ele>
        <time>2024-07-24T02:51:51Z</time>
        <cmt>speed: 1.7</cmt>
      </trkpt>
      <trkpt lat="47.356827" lon="8.563547">
        <ele>471</ele>
        <time>2024-07-24T03:01:52Z</time>
        <cmt>speed: 0.6</cmt>
      </trkpt>
      <trkpt lat="47.357343" lon="8.565885">
        <ele>459</ele>
        <time>2024-07-24T03:11:54Z</time>
        <cmt>speed: 0.5</cmt>
      </trkpt>
      <trkpt lat="47.358844" lon="8.565754">
        <ele>434</ele>
        <time>2024-07-24T03:21:55Z</time>
        <cmt>speed: 0.3</cmt>
      </trkpt>
      <trkpt lat="47.358678" lon="8.56608">
        <ele>496</ele>
        <time>2024-07-24T03:31:51Z</time>
        <cmt>speed: 0.3</cmt>
      </trkpt>
      <trkpt lat="47.358423" lon="8.566033">
        <ele>453</ele>
        <time>2024-07-24T03:41:52Z</time>
        <cmt>speed: 0.5</cmt>
      </trkpt>
      <trkpt lat="47.358835" lon="8.565603">
        <ele>505</ele>
        <time>2024-07-24T03:51:52Z</time>
        <cmt>speed: 0.1</cmt>
      </trkpt>
      <trkpt lat="47.358608" lon="8.565653">
        <ele>479</ele>
        <time>2024-07-24T04:01:51Z</time>
        <cmt>speed: 0.3</cmt>
      </trkpt>
      <trkpt lat="47.358609" lon="8.565806">
        <ele>474</ele>
        <time>2024-07-24T04:11:50Z</time>
        <cmt>speed: 1.2</cmt>
      </trkpt>
      <trkpt lat="47.358352" lon="8.564347">
        <ele>498</ele>
        <time>2024-07-24T04:21:52Z</time>
        <cmt>speed: 1.5</cmt>
      </trkpt>
      <trkpt lat="47.358086" lon="8.564353">
        <ele>450</ele>
        <time>2024-07-24T04:31:50Z</time>
        <cmt>speed: 0.4</cmt>
      </trkpt>
      <trkpt lat="47.358086" lon="8.564353">
        <ele>450</ele>
        <time>2024-07-24T04:41:45Z</time>
      </trkpt>
      <trkpt lat="47.357733" lon="8.56433">
        <ele>471</ele>
        <time>2024-07-24T04:41:52Z</time>
        <cmt>speed: 1.2</cmt>
      </trkpt>
      <trkpt lat="47.357602" lon="8.56372">
        <ele>460</ele>
        <time>2024-07-24T04:51:52Z</time>
        <cmt>speed: 0.3</cmt>
      </trkpt>
      <trkpt lat="47.357817" lon="8.563153">
        <ele>452</ele>
        <time>2024-07-24T05:01:55Z</time>
        <cmt>speed: 1.7</cmt>
      </trkpt>
      <trkpt lat="47.359938" lon="8.561658">
        <ele>432</ele>
        <time>2024-07-24T05:11:54Z</time>
        <cmt>speed: 0.4</cmt>
      </trkpt>
      <trkpt lat="47.359974" lon="8.56367">
        <ele>434</ele>
        <time>2024-07-24T05:20:35Z</time>
      </trkpt>
      <trkpt lat="47.359974" lon="8.56367">
        <ele>434</ele>
        <time>2024-07-24T05:35:35Z</time>
      </trkpt>
      <trkpt lat="47.359974" lon="8.56367">
        <ele>434</ele>
        <time>2024-07-24T13:03:11Z</time>
      </trkpt>
      <trkpt lat="47.359643" lon="8.563233">
        <ele>480</ele>
        <time>2024-07-24T13:03:41Z</time>
        <cmt>speed: 0.1</cmt>
      </trkpt>
      <trkpt lat="47.35987" lon="8.563278">
        <ele>441</ele>
        <time>2024-07-24T13:13:23Z</time>
        <cmt>speed: 0.0</cmt>
      </trkpt>
      <trkpt lat="47.359974" lon="8.56367">
        <ele>434</ele>
        <time>2024-07-24T13:23:10Z</time>
      </trkpt>
      <trkpt lat="47.359974" lon="8.56367">
        <ele>434</ele>
        <time>2024-07-24T13:38:08Z</time>
      </trkpt>
      <trkpt lat="47.359974" lon="8.56367">
        <ele>434</ele>
        <time>2024-07-24T13:38:10Z</time>
      </trkpt>
      <trkpt lat="47.35981" lon="8.563555">
        <ele>442</ele>
        <time>2024-07-24T13:38:48Z</time>
        <cmt>speed: 0.5</cmt>
      </trkpt>
      <trkpt lat="47.359974" lon="8.56367">
        <ele>434</ele>
        <time>2024-07-24T13:43:33Z</time>
      </trkpt>
      <trkpt lat="47.359974" lon="8.56367">
        <ele>434</ele>
        <time>2024-07-24T13:57:23Z</time>
      </trkpt>
      <trkpt lat="47.359854" lon="8.564014">
        <ele>436</ele>
        <time>2024-07-24T13:57:37Z</time>
        <cmt>speed: 0.3</cmt>
      </trkpt>
      <trkpt lat="47.358819" lon="8.56541">
        <ele>436</ele>
        <time>2024-07-24T14:07:34Z</time>
        <cmt>speed: 0.5</cmt>
      </trkpt>
      <trkpt lat="47.358852" lon="8.565445">
        <ele>491</ele>
        <time>2024-07-24T14:17:36Z</time>
        <cmt>speed: 0.2</cmt>
      </trkpt>
      <trkpt lat="47.35887" lon="8.565769">
        <ele>468</ele>
        <time>2024-07-24T14:27:35Z</time>
        <cmt>speed: 0.1</cmt>
      </trkpt>
      <trkpt lat="47.358809" lon="8.565738">
        <ele>476</ele>
        <time>2024-07-24T14:37:35Z</time>
        <cmt>speed: 0.0</cmt>
      </trkpt>
      <trkpt lat="47.358939" lon="8.564569">
        <ele>400</ele>
        <time>2024-07-24T14:47:38Z</time>
        <cmt>speed: 0.4</cmt>
      </trkpt>
      <trkpt lat="47.358827" lon="8.564563">
        <ele>473</ele>
        <time>2024-07-24T14:57:37Z</time>
        <cmt>speed: 0.4</cmt>
      </trkpt>
      <trkpt lat="47.358839" lon="8.564642">
        <ele>455</ele>
        <time>2024-07-24T15:07:41Z</time>
        <cmt>speed: 0.6</cmt>
      </trkpt>
      <trkpt lat="47.358839" lon="8.564642">
        <ele>455</ele>
        <time>2024-07-24T15:17:59Z</time>
      </trkpt>
      <trkpt lat="47.358708" lon="8.564868">
        <ele>448</ele>
        <time>2024-07-24T15:18:08Z</time>
        <cmt>speed: 0.8</cmt>
      </trkpt>
      <trkpt lat="47.358603" lon="8.564945">
        <ele>467</ele>
        <time>2024-07-24T15:27:39Z</time>
        <cmt>speed: 1.2</cmt>
      </trkpt>
      <trkpt lat="47.358586" lon="8.564858">
        <ele>451</ele>
        <time>2024-07-24T15:37:37Z</time>
        <cmt>speed: 0.3</cmt>
      </trkpt>
      <trkpt lat="47.358567" lon="8.565036">
        <ele>462</ele>
        <time>2024-07-24T15:47:38Z</time>
        <cmt>speed: 0.0</cmt>
      </trkpt>
      <trkpt lat="47.358732" lon="8.564788">
        <ele>441</ele>
        <time>2024-07-24T16:50:02Z</time>
        <cmt>speed: 1.5</cmt>
      </trkpt>
      <trkpt lat="47.358732" lon="8.564788">
        <ele>441</ele>
        <time>2024-07-24T17:20:00Z</time>
      </trkpt>
      <trkpt lat="47.358715" lon="8.564747">
        <ele>445</ele>
        <time>2024-07-24T17:20:10Z</time>
        <cmt>speed: 0.7</cmt>
      </trkpt>
      <trkpt lat="47.358716" lon="8.564818">
        <ele>436</ele>
        <time>2024-07-24T17:30:38Z</time>
        <cmt>speed: 0.1</cmt>
      </trkpt>
      <trkpt lat="47.358676" lon="8.56499">
        <ele>442</ele>
        <time>2024-07-24T17:40:21Z</time>
        <cmt>speed: 0.3</cmt>
      </trkpt>
      <trkpt lat="47.358602" lon="8.564883">
        <ele>453</ele>
        <time>2024-07-24T17:50:44Z</time>
        <cmt>speed: 1.6</cmt>
      </trkpt>
      <trkpt lat="47.358471" lon="8.564708">
        <ele>444</ele>
        <time>2024-07-24T18:30:05Z</time>
        <cmt>speed: 0.2</cmt>
      </trkpt>
      <trkpt lat="47.358535" lon="8.564532">
        <ele>455</ele>
        <time>2024-07-24T18:40:01Z</time>
        <cmt>speed: 0.3</cmt>
      </trkpt>
      <trkpt lat="47.358835" lon="8.563994">
        <ele>429</ele>
        <time>2024-07-24T18:49:59Z</time>
        <cmt>speed: 0.0</cmt>
      </trkpt>
      <trkpt lat="47.358835" lon="8.563994">
        <ele>429</ele>
        <time>2024-07-24T18:59:47Z</time>
      </trkpt>
      <trkpt lat="47.358772" lon="8.563179">
        <ele>457</ele>
        <time>2024-07-24T18:59:57Z</time>
        <cmt>speed: 0.4</cmt>
      </trkpt>
      <trkpt lat="47.358556" lon="8.562281">
        <ele>433</ele>
        <time>2024-07-24T19:09:58Z</time>
        <cmt>speed: 0.9</cmt>
      </trkpt>
      <trkpt lat="47.357583" lon="8.561847">
        <ele>443</ele>
        <time>2024-07-24T19:19:57Z</time>
        <cmt>speed: 1.3</cmt>
      </trkpt>
      <trkpt lat="47.357383" lon="8.561971">
        <ele>466</ele>
        <time>2024-07-24T19:30:01Z</time>
        <cmt>speed: 0.3</cmt>
      </trkpt>
      <trkpt lat="47.357383" lon="8.561971">
        <ele>466</ele>
        <time>2024-07-24T19:39:58Z</time>
      </trkpt>
      <trkpt lat="47.357491" lon="8.561286">
        <ele>470</ele>
        <time>2024-07-24T19:40:08Z</time>
        <cmt>speed: 0.2</cmt>
      </trkpt>
      <trkpt lat="47.357523" lon="8.561223">
        <ele>452</ele>
        <time>2024-07-24T19:50:09Z</time>
        <cmt>speed: 0.2</cmt>
      </trkpt>
      <trkpt lat="47.357523" lon="8.561223">
        <ele>452</ele>
        <time>2024-07-24T19:59:55Z</time>
      </trkpt>
      <trkpt lat="47.357508" lon="8.561095">
        <ele>465</ele>
        <time>2024-07-24T20:00:05Z</time>
        <cmt>speed: 0.0</cmt>
      </trkpt>
      <trkpt lat="47.35745" lon="8.56114">
        <ele>431</ele>
        <time>2024-07-24T20:10:03Z</time>
        <cmt>speed: 0.1</cmt>
      </trkpt>
      <trkpt lat="47.357588" lon="8.56118">
        <ele>452</ele>
        <time>2024-07-24T20:20:05Z</time>
        <cmt>speed: 0.2</cmt>
      </trkpt>
      <trkpt lat="47.358044" lon="8.560575">
        <ele>401</ele>
        <time>2024-07-24T20:29:59Z</time>
        <cmt>speed: 0.1</cmt>
      </trkpt>
      <trkpt lat="47.358044" lon="8.560575">
        <ele>401</ele>
        <time>2024-07-24T20:39:48Z</time>
      </trkpt>
      <trkpt lat="47.358105" lon="8.560745">
        <ele>444</ele>
        <time>2024-07-24T20:39:58Z</time>
        <cmt>speed: 0.9</cmt>
      </trkpt>
      <trkpt lat="47.358305" lon="8.560917">
        <ele>433</ele>
        <time>2024-07-24T20:49:59Z</time>
        <cmt>speed: 0.0</cmt>
      </trkpt>
      <trkpt lat="47.35898" lon="8.560553">
        <ele>456</ele>
        <time>2024-07-24T20:59:58Z</time>
        <cmt>speed: 0.6</cmt>
      </trkpt>
      <trkpt lat="47.358946" lon="8.559394">
        <ele>451</ele>
        <time>2024-07-24T21:09:57Z</time>
        <cmt>speed: 0.2</cmt>
      </trkpt>
      <trkpt lat="47.358441" lon="8.558949">
        <ele>439</ele>
        <time>2024-07-24T21:19:58Z</time>
        <cmt>speed: 0.6</cmt>
      </trkpt>
      <trkpt lat="47.358862" lon="8.560005">
        <ele>469</ele>
        <time>2024-07-24T21:29:59Z</time>
        <cmt>speed: 0.5</cmt>
      </trkpt>
      <trkpt lat="47.358097" lon="8.560781">
        <ele>425</ele>
        <time>2024-07-24T21:40:01Z</time>
        <cmt>speed: 0.1</cmt>
      </trkpt>
      <trkpt lat="47.357893" lon="8.560866">
        <ele>454</ele>
        <time>2024-07-24T21:49:59Z</time>
        <cmt>speed: 0.0</cmt>
      </trkpt>
      <trkpt lat="47.357774" lon="8.560946">
        <ele>452</ele>
        <time>2024-07-24T21:59:57Z</time>
        <cmt>speed: 0.6</cmt>
      </trkpt>
      <trkpt lat="47.35753" lon="8.561437">
        <ele>472</ele>
        <time>2024-07-24T22:10:08Z</time>
        <cmt>speed: 0.2</cmt>
      </trkpt>
      <trkpt lat="47.357812" lon="8.560745">
        <ele>413</ele>
        <time>2024-07-24T22:20:01Z</time>
        <cmt>speed: 0.3</cmt>
      </trkpt>
      <trkpt lat="47.357812" lon="8.560745">
        <ele>413</ele>
        <time>2024-07-24T22:39:50Z</time>
      </trkpt>
      <trkpt lat="47.358579" lon="8.560692">
        <ele>417</ele>
        <time>2024-07-24T22:40:00Z</time>
        <cmt>speed: 0.5</cmt>
      </trkpt>
      <trkpt lat="47.359153" lon="8.561546">
        <ele>446</ele>
        <time>2024-07-24T22:50:04Z</time>
        <cmt>speed: 0.2</cmt>
      </trkpt>
      <trkpt lat="47.359125" lon="8.563912">
        <ele>432</ele>
        <time>2024-07-24T22:59:59Z</time>
        <cmt>speed: 0.8</cmt>
      </trkpt>
      <trkpt lat="47.358762" lon="8.565411">
        <ele>451</ele>
        <time>2024-07-24T23:09:58Z</time>
        <cmt>speed: 0.2</cmt>
      </trkpt>
      <trkpt lat="47.358762" lon="8.565411">
        <ele>451</ele>
        <time>2024-07-24T23:19:46Z</time>
      </trkpt>
      <trkpt lat="47.358542" lon="8.565522">
        <ele>435</ele>
        <time>2024-07-24T23:19:56Z</time>
        <cmt>speed: 0.4</cmt>
      </trkpt>
      <trkpt lat="47.35866" lon="8.565484">
        <ele>421</ele>
        <time>2024-07-24T23:29:58Z</time>
        <cmt>speed: 0.2</cmt>
      </trkpt>
      <trkpt lat="47.35869" lon="8.565488">
        <ele>413</ele>
        <time>2024-07-24T23:39:58Z</time>
        <cmt>speed: 1.0</cmt>
      </trkpt>
      <trkpt lat="47.358651" lon="8.565586">
        <ele>439</ele>
        <time>2024-07-24T23:49:58Z</time>
        <cmt>speed: 0.0</cmt>
      </trkpt>
      <trkpt lat="47.358698" lon="8.565707">
        <ele>455</ele>
        <time>2024-07-24T23:59:58Z</time>
        <cmt>speed: 0.4</cmt>
      </trkpt>
      <trkpt lat="47.358698" lon="8.565707">
        <ele>455</ele>
        <time>2024-07-24T23:59:58Z</time>
      </trkpt>
      <trkpt lat="47.358731" lon="8.565577">
        <ele>473</ele>
        <time>2024-07-25T00:09:59Z</time>
        <cmt>speed: 0.2</cmt>
      </trkpt>
      <trkpt lat="47.358761" lon="8.565608">
        <ele>430</ele>
        <time>2024-07-25T00:19:59Z</time>
        <cmt>speed: 0.6</cmt>
      </trkpt>
      <trkpt lat="47.358641" lon="8.565706">
        <ele>429</ele>
        <time>2024-07-25T00:29:58Z</time>
        <cmt>speed: 2.4</cmt>
      </trkpt>
      <trkpt lat="47.358659" lon="8.565478">
        <ele>420</ele>
        <time>2024-07-25T00:39:59Z</time>
        <cmt>speed: 0.6</cmt>
      </trkpt>
      <trkpt lat="47.358659" lon="8.565478">
        <ele>420</ele>
        <time>2024-07-25T00:39:59Z</time>
      </trkpt>
      <trkpt lat="47.358761" lon="8.565662">
        <ele>441</ele>
        <time>2024-07-25T00:49:57Z</time>
        <cmt>speed: 4.0</cmt>
      </trkpt>
      <trkpt lat="47.3588" lon="8.565816">
        <ele>460</ele>
        <time>2024-07-25T01:00:00Z</time>
        <cmt>speed: 0.6</cmt>
      </trkpt>
      <trkpt lat="47.358618" lon="8.565832">
        <ele>454</ele>
        <time>2024-07-25T01:09:57Z</time>
        <cmt>speed: 0.1</cmt>
      </trkpt>
      <trkpt lat="47.358771" lon="8.566733">
        <ele>462</ele>
        <time>2024-07-25T01:20:02Z</time>
        <cmt>speed: 0.2</cmt>
      </trkpt>
      <trkpt lat="47.358925" lon="8.566456">
        <ele>462</ele>
        <time>2024-07-25T01:30:08Z</time>
        <cmt>speed: 0.3</cmt>
      </trkpt>
      <trkpt lat="47.358666" lon="8.566979">
        <ele>460</ele>
        <time>2024-07-25T01:40:00Z</time>
        <cmt>speed: 0.1</cmt>
      </trkpt>
      <trkpt lat="47.358353" lon="8.566999">
        <ele>440</ele>
        <time>2024-07-25T01:50:00Z</time>
        <cmt>speed: 0.1</cmt>
      </trkpt>
      <trkpt lat="47.35831" lon="8.566964">
        <ele>414</ele>
        <time>2024-07-25T02:00:04Z</time>
        <cmt>speed: 0.4</cmt>
      </trkpt>
      <trkpt lat="47.35831" lon="8.566964">
        <ele>414</ele>
        <time>2024-07-25T02:00:04Z</time>
      </trkpt>
      <trkpt lat="47.358197" lon="8.566969">
        <ele>479</ele>
        <time>2024-07-25T02:10:00Z</time>
        <cmt>speed: 1.1</cmt>
      </trkpt>
      <trkpt lat="47.358494" lon="8.566523">
        <ele>445</ele>
        <time>2024-07-25T02:20:09Z</time>
        <cmt>speed: 0.0</cmt>
      </trkpt>
      <trkpt lat="47.358575" lon="8.566525">
        <ele>430</ele>
        <time>2024-07-25T02:30:00Z</time>
        <cmt>speed: 0.0</cmt>
      </trkpt>
      <trkpt lat="47.358657" lon="8.566467">
        <ele>465</ele>
        <time>2024-07-25T02:40:00Z</time>
        <cmt>speed: 9.1</cmt>
      </trkpt>
      <trkpt lat="47.358829" lon="8.565601">
        <ele>437</ele>
        <time>2024-07-25T02:49:58Z</time>
        <cmt>speed: 0.8</cmt>
      </trkpt>
      <trkpt lat="47.35881" lon="8.56543">
        <ele>454</ele>
        <time>2024-07-25T02:59:59Z</time>
        <cmt>speed: 0.2</cmt>
      </trkpt>
      <trkpt lat="47.35881" lon="8.56543">
        <ele>454</ele>
        <time>2024-07-25T02:59:59Z</time>
      </trkpt>
      <trkpt lat="47.358723" lon="8.565687">
        <ele>456</ele>
        <time>2024-07-25T03:09:58Z</time>
        <cmt>speed: 1.3</cmt>
      </trkpt>
      <trkpt lat="47.358886" lon="8.565671">
        <ele>440</ele>
        <time>2024-07-25T03:19:58Z</time>
        <cmt>speed: 0.3</cmt>
      </trkpt>
      <trkpt lat="47.358886" lon="8.565671">
        <ele>440</ele>
        <time>2024-07-25T03:19:58Z</time>
      </trkpt>
      <trkpt lat="47.358786" lon="8.565705">
        <ele>441</ele>
        <time>2024-07-25T03:29:58Z</time>
        <cmt>speed: 0.0</cmt>
      </trkpt>
      <trkpt lat="47.358824" lon="8.565715">
        <ele>455</ele>
        <time>2024-07-25T03:39:58Z</time>
        <cmt>speed: 0.8</cmt>
      </trkpt>
      <trkpt lat="47.358497" lon="8.565402">
        <ele>458</ele>
        <time>2024-07-25T03:49:58Z</time>
        <cmt>speed: 0.1</cmt>
      </trkpt>
      <trkpt lat="47.358468" lon="8.565657">
        <ele>445</ele>
        <time>2024-07-25T03:59:58Z</time>
        <cmt>speed: 0.0</cmt>
      </trkpt>
      <trkpt lat="47.358468" lon="8.565657">
        <ele>445</ele>
        <time>2024-07-25T03:59:58Z</time>
      </trkpt>
      <trkpt lat="47.35879" lon="8.566052">
        <ele>406</ele>
        <time>2024-07-25T04:09:58Z</time>
        <cmt>speed: 0.7</cmt>
      </trkpt>
      <trkpt lat="47.358741" lon="8.565791">
        <ele>432</ele>
        <time>2024-07-25T04:19:59Z</time>
        <cmt>speed: 0.1</cmt>
      </trkpt>
      <trkpt lat="47.358741" lon="8.565791">
        <ele>432</ele>
        <time>2024-07-25T04:19:59Z</time>
      </trkpt>
      <trkpt lat="47.358707" lon="8.565696">
        <ele>439</ele>
        <time>2024-07-25T04:29:59Z</time>
        <cmt>speed: 0.6</cmt>
      </trkpt>
      <trkpt lat="47.3589" lon="8.565527">
        <ele>445</ele>
        <time>2024-07-25T04:39:59Z</time>
        <cmt>speed: 0.1</cmt>
      </trkpt>
      <trkpt lat="47.3589" lon="8.565527">
        <ele>445</ele>
        <time>2024-07-25T04:39:59Z</time>
      </trkpt>
      <trkpt lat="47.358916" lon="8.565574">
        <ele>450</ele>
        <time>2024-07-25T04:44:29Z</time>
        <cmt>speed: 0.1</cmt>
      </trkpt>
      <trkpt lat="47.358835" lon="8.565642">
        <ele>447</ele>
        <time>2024-07-25T04:44:33Z</time>
        <cmt>speed: 0.0</cmt>
      </trkpt>
      <trkpt lat="47.358835" lon="8.565642">
        <ele>447</ele>
        <time>2024-07-25T04:44:37Z</time>
        <cmt>speed: 0.0</cmt>
      </trkpt>
      <trkpt lat="47.358835" lon="8.565642">
        <ele>447</ele>
        <time>2024-07-25T04:44:41Z</time>
        <cmt>speed: 0.0</cmt>
      </trkpt>
      <trkpt lat="47.358835" lon="8.565642">
        <ele>447</ele>
        <time>2024-07-25T04:44:46Z</time>
        <cmt>speed: 0.0</cmt>
      </trkpt>
      <trkpt lat="47.358636" lon="8.565769">
        <ele>454</ele>
        <time>2024-07-25T04:49:58Z</time>
        <cmt>speed: 0.4</cmt>
      </trkpt>
      <trkpt lat="47.358762" lon="8.565565">
        <ele>427</ele>
        <time>2024-07-25T04:59:57Z</time>
        <cmt>speed: 0.4</cmt>
      </trkpt>
      <trkpt lat="47.358856" lon="8.565583">
        <ele>422</ele>
        <time>2024-07-25T05:10:00Z</time>
        <cmt>speed: 0.3</cmt>
      </trkpt>
      <trkpt lat="47.358675" lon="8.565626">
        <ele>461</ele>
        <time>2024-07-25T05:20:00Z</time>
        <cmt>speed: 0.0</cmt>
      </trkpt>
      <trkpt lat="47.358675" lon="8.565626">
        <ele>461</ele>
        <time>2024-07-25T05:29:59Z</time>
      </trkpt>
      <trkpt lat="47.358636" lon="8.565778">
        <ele>440</ele>
        <time>2024-07-25T05:30:00Z</time>
        <cmt>speed: 0.1</cmt>
      </trkpt>
      <trkpt lat="47.358728" lon="8.565657">
        <ele>424</ele>
        <time>2024-07-25T05:39:59Z</time>
        <cmt>speed: 0.2</cmt>
      </trkpt>
      <trkpt lat="47.35856" lon="8.565686">
        <ele>438</ele>
        <time>2024-07-25T05:50:00Z</time>
        <cmt>speed: 0.0</cmt>
      </trkpt>
      <trkpt lat="47.35857" lon="8.565598">
        <ele>456</ele>
        <time>2024-07-25T05:59:57Z</time>
        <cmt>speed: 0.7</cmt>
      </trkpt>
      <trkpt lat="47.358449" lon="8.565353">
        <ele>469</ele>
        <time>2024-07-25T06:10:00Z</time>
        <cmt>speed: 0.2</cmt>
      </trkpt>
      <trkpt lat="47.358728" lon="8.563867">
        <ele>481</ele>
        <time>2024-07-25T06:20:01Z</time>
        <cmt>speed: 0.4</cmt>
      </trkpt>
      <trkpt lat="47.35915" lon="8.561429">
        <ele>472</ele>
        <time>2024-07-25T06:30:04Z</time>
        <cmt>speed: 0.6</cmt>
      </trkpt>
      <trkpt lat="47.357987" lon="8.560894">
        <ele>422</ele>
        <time>2024-07-25T06:40:03Z</time>
        <cmt>speed: 0.1</cmt>
      </trkpt>
      <trkpt lat="47.357803" lon="8.560957">
        <ele>455</ele>
        <time>2024-07-25T07:00:26Z</time>
        <cmt>speed: 0.5</cmt>
      </trkpt>
      <trkpt lat="47.357803" lon="8.560957">
        <ele>455</ele>
        <time>2024-07-25T07:04:25Z</time>
      </trkpt>
      <trkpt lat="47.357754" lon="8.560696">
        <ele>469</ele>
        <time>2024-07-25T07:10:39Z</time>
        <cmt>speed: 0.6</cmt>
      </trkpt>
      <trkpt lat="47.357754" lon="8.560696">
        <ele>469</ele>
        <time>2024-07-25T07:24:25Z</time>
      </trkpt>
      <trkpt lat="47.357914" lon="8.56076">
        <ele>435</ele>
        <time>2024-07-25T07:25:18Z</time>
        <cmt>speed: 0.2</cmt>
      </trkpt>
      <trkpt lat="47.357918" lon="8.560814">
        <ele>436</ele>
        <time>2024-07-25T07:55:43Z</time>
        <cmt>speed: 0.1</cmt>
      </trkpt>
      <trkpt lat="47.357918" lon="8.560814">
        <ele>436</ele>
        <time>2024-07-25T08:05:29Z</time>
      </trkpt>
      <trkpt lat="47.357839" lon="8.560661">
        <ele>493</ele>
        <time>2024-07-25T08:05:30Z</time>
        <cmt>speed: 0.1</cmt>
      </trkpt>
      <trkpt lat="47.35781" lon="8.560806">
        <ele>449</ele>
        <time>2024-07-25T08:15:30Z</time>
        <cmt>speed: 0.3</cmt>
      </trkpt>
      <trkpt lat="47.357686" lon="8.560748">
        <ele>434</ele>
        <time>2024-07-25T08:55:19Z</time>
        <cmt>speed: 0.5</cmt>
      </trkpt>
      <trkpt lat="47.35784" lon="8.56085">
        <ele>440</ele>
        <time>2024-07-25T09:05:28Z</time>
        <cmt>speed: 0.3</cmt>
      </trkpt>
      <trkpt lat="47.35856" lon="8.560066">
        <ele>439</ele>
        <time>2024-07-25T09:15:14Z</time>
        <cmt>speed: 0.2</cmt>
      </trkpt>
      <trkpt lat="47.35786" lon="8.559954">
        <ele>420</ele>
        <time>2024-07-25T09:25:14Z</time>
        <cmt>speed: 1.1</cmt>
      </trkpt>
      <trkpt lat="47.357683" lon="8.561195">
        <ele>449</ele>
        <time>2024-07-25T09:35:15Z</time>
        <cmt>speed: 0.3</cmt>
      </trkpt>
      <trkpt lat="47.357932" lon="8.560827">
        <ele>493</ele>
        <time>2024-07-25T09:55:29Z</time>
        <cmt>speed: 0.0</cmt>
      </trkpt>
      <trkpt lat="47.357833" lon="8.560831">
        <ele>438</ele>
        <time>2024-07-25T10:55:30Z</time>
        <cmt>speed: 0.0</cmt>
      </trkpt>
      <trkpt lat="47.357833" lon="8.560831">
        <ele>438</ele>
        <time>2024-07-25T11:04:25Z</time>
      </trkpt>
      <trkpt lat="47.358164" lon="8.560966">
        <ele>474</ele>
        <time>2024-07-25T11:16:03Z</time>
        <cmt>speed: 0.3</cmt>
      </trkpt>
      <trkpt lat="47.35774" lon="8.560763">
        <ele>444</ele>
        <time>2024-07-25T12:09:47Z</time>
        <cmt>speed: 1.1</cmt>
      </trkpt>
      <trkpt lat="47.35774" lon="8.560763">
        <ele>444</ele>
        <time>2024-07-25T12:29:52Z</time>
      </trkpt>
      <trkpt lat="47.357723" lon="8.560856">
        <ele>465</ele>
        <time>2024-07-25T12:29:54Z</time>
        <cmt>speed: 1.2</cmt>
      </trkpt>
      <trkpt lat="47.357781" lon="8.560803">
        <ele>456</ele>
        <time>2024-07-25T12:39:49Z</time>
        <cmt>speed: 1.3</cmt>
      </trkpt>
      <trkpt lat="47.358065" lon="8.560956">
        <ele>394</ele>
        <time>2024-07-25T13:19:46Z</time>
        <cmt>speed: 0.3</cmt>
      </trkpt>
      <trkpt lat="47.357945" lon="8.56086">
        <ele>450</ele>
        <time>2024-07-25T13:29:46Z</time>
        <cmt>speed: 0.0</cmt>
      </trkpt>
      <trkpt lat="47.357639" lon="8.561108">
        <ele>458</ele>
        <time>2024-07-25T13:49:55Z</time>
        <cmt>speed: 0.3</cmt>
      </trkpt>
      <trkpt lat="47.357859" lon="8.561021">
        <ele>451</ele>
        <time>2024-07-25T14:20:17Z</time>
        <cmt>speed: 0.2</cmt>
      </trkpt>
      <trkpt lat="47.357859" lon="8.561021">
        <ele>451</ele>
        <time>2024-07-25T14:24:25Z</time>
      </trkpt>
      <trkpt lat="47.357848" lon="8.560904">
        <ele>464</ele>
        <time>2024-07-25T14:49:47Z</time>
        <cmt>speed: 0.5</cmt>
      </trkpt>
      <trkpt lat="47.357607" lon="8.561252">
        <ele>453</ele>
        <time>2024-07-25T14:59:49Z</time>
        <cmt>speed: 0.2</cmt>
      </trkpt>
      <trkpt lat="47.357981" lon="8.562327">
        <ele>424</ele>
        <time>2024-07-25T15:10:08Z</time>
        <cmt>speed: 2.4</cmt>
      </trkpt>
      <trkpt lat="47.356924" lon="8.563698">
        <ele>466</ele>
        <time>2024-07-25T15:19:44Z</time>
        <cmt>speed: 1.5</cmt>
      </trkpt>
      <trkpt lat="47.356949" lon="8.563118">
        <ele>417</ele>
        <time>2024-07-25T15:39:45Z</time>
        <cmt>speed: 0.9</cmt>
      </trkpt>
      <trkpt lat="47.357037" lon="8.563545">
        <ele>470</ele>
        <time>2024-07-25T15:49:46Z</time>
        <cmt>speed: 0.3</cmt>
      </trkpt>
      <trkpt lat="47.357067" lon="8.563686">
        <ele>457</ele>
        <time>2024-07-25T15:59:44Z</time>
        <cmt>speed: 0.1</cmt>
      </trkpt>
      <trkpt lat="47.356958" lon="8.563572">
        <ele>460</ele>
        <time>2024-07-25T16:09:47Z</time>
        <cmt>speed: 0.0</cmt>
      </trkpt>
      <trkpt lat="47.356986" lon="8.563562">
        <ele>442</ele>
        <time>2024-07-25T16:19:47Z</time>
        <cmt>speed: 0.0</cmt>
      </trkpt>
      <trkpt lat="47.356986" lon="8.563562">
        <ele>442</ele>
        <time>2024-07-25T16:29:43Z</time>
      </trkpt>
      <trkpt lat="47.356957" lon="8.563534">
        <ele>453</ele>
        <time>2024-07-25T16:29:45Z</time>
        <cmt>speed: 0.2</cmt>
      </trkpt>
      <trkpt lat="47.356896" lon="8.563644">
        <ele>442</ele>
        <time>2024-07-25T16:39:45Z</time>
        <cmt>speed: 0.2</cmt>
      </trkpt>
      <trkpt lat="47.356896" lon="8.563644">
        <ele>442</ele>
        <time>2024-07-25T16:44:25Z</time>
      </trkpt>
      <trkpt lat="47.356899" lon="8.563593">
        <ele>448</ele>
        <time>2024-07-25T16:49:45Z</time>
        <cmt>speed: 0.1</cmt>
      </trkpt>
      <trkpt lat="47.357078" lon="8.563645">
        <ele>465</ele>
        <time>2024-07-25T16:59:45Z</time>
        <cmt>speed: 0.2</cmt>
      </trkpt>
      <trkpt lat="47.357078" lon="8.563645">
        <ele>465</ele>
        <time>2024-07-25T17:09:42Z</time>
      </trkpt>
      <trkpt lat="47.356819" lon="8.563713">
        <ele>454</ele>
        <time>2024-07-25T17:09:44Z</time>
        <cmt>speed: 0.4</cmt>
      </trkpt>
      <trkpt lat="47.357078" lon="8.563622">
        <ele>423</ele>
        <time>2024-07-25T17:19:59Z</time>
        <cmt>speed: 0.1</cmt>
      </trkpt>
      <trkpt lat="47.357078" lon="8.563622">
        <ele>423</ele>
        <time>2024-07-25T17:29:46Z</time>
      </trkpt>
      <trkpt lat="47.356988" lon="8.563439">
        <ele>449</ele>
        <time>2024-07-25T17:29:49Z</time>
        <cmt>speed: 0.0</cmt>
      </trkpt>
      <trkpt lat="47.356988" lon="8.563439">
        <ele>449</ele>
        <time>2024-07-25T17:49:42Z</time>
      </trkpt>
      <trkpt lat="47.356993" lon="8.563557">
        <ele>441</ele>
        <time>2024-07-25T17:49:45Z</time>
        <cmt>speed: 0.1</cmt>
      </trkpt>
      <trkpt lat="47.357023" lon="8.563625">
        <ele>452</ele>
        <time>2024-07-25T17:59:46Z</time>
        <cmt>speed: 0.2</cmt>
      </trkpt>
      <trkpt lat="47.357023" lon="8.563625">
        <ele>452</ele>
        <time>2024-07-25T18:09:42Z</time>
      </trkpt>
      <trkpt lat="47.357069" lon="8.563701">
        <ele>467</ele>
        <time>2024-07-25T18:09:45Z</time>
        <cmt>speed: 0.2</cmt>
      </trkpt>
      <trkpt lat="47.357102" lon="8.563619">
        <ele>465</ele>
        <time>2024-07-25T18:19:45Z</time>
        <cmt>speed: 0.2</cmt>
      </trkpt>
      <trkpt lat="47.357102" lon="8.563619">
        <ele>465</ele>
        <time>2024-07-25T18:24:25Z</time>
      </trkpt>
      <trkpt lat="47.357039" lon="8.563644">
        <ele>448</ele>
        <time>2024-07-25T18:29:44Z</time>
        <cmt>speed: 0.2</cmt>
      </trkpt>
      <trkpt lat="47.356997" lon="8.56357">
        <ele>448</ele>
        <time>2024-07-25T18:39:45Z</time>
        <cmt>speed: 0.1</cmt>
      </trkpt>
      <trkpt lat="47.357031" lon="8.563616">
        <ele>437</ele>
        <time>2024-07-25T18:49:45Z</time>
        <cmt>speed: 0.1</cmt>
      </trkpt>
      <trkpt lat="47.356942" lon="8.56349">
        <ele>481</ele>
        <time>2024-07-25T18:59:44Z</time>
        <cmt>speed: 0.2</cmt>
      </trkpt>
      <trkpt lat="47.356942" lon="8.56349">
        <ele>481</ele>
        <time>2024-07-25T19:09:47Z</time>
      </trkpt>
      <trkpt lat="47.357197" lon="8.563099">
        <ele>463</ele>
        <time>2024-07-25T19:09:49Z</time>
        <cmt>speed: 1.0</cmt>
      </trkpt>
      <trkpt lat="47.358833" lon="8.561365">
        <ele>450</ele>
        <time>2024-07-25T19:19:45Z</time>
        <cmt>speed: 1.1</cmt>
      </trkpt>
      <trkpt lat="47.358833" lon="8.561365">
        <ele>450</ele>
        <time>2024-07-25T19:29:44Z</time>
      </trkpt>
      <trkpt lat="47.359084" lon="8.561372">
        <ele>386</ele>
        <time>2024-07-25T19:29:47Z</time>
        <cmt>speed: 1.1</cmt>
      </trkpt>
      <trkpt lat="47.35899" lon="8.561669">
        <ele>457</ele>
        <time>2024-07-25T19:44:29Z</time>
        <cmt>speed: 0.5</cmt>
      </trkpt>
      <trkpt lat="47.359268" lon="8.561947">
        <ele>445</ele>
        <time>2024-07-25T19:54:26Z</time>
        <cmt>speed: 0.4</cmt>
      </trkpt>
      <trkpt lat="47.359268" lon="8.561947">
        <ele>445</ele>
        <time>2024-07-25T20:04:25Z</time>
      </trkpt>
      <trkpt lat="47.359053" lon="8.563406">
        <ele>453</ele>
        <time>2024-07-25T20:04:28Z</time>
        <cmt>speed: 0.1</cmt>
      </trkpt>
      <trkpt lat="47.358499" lon="8.565684">
        <ele>434</ele>
        <time>2024-07-25T20:14:26Z</time>
        <cmt>speed: 0.2</cmt>
      </trkpt>
      <trkpt lat="47.358486" lon="8.56578">
        <ele>454</ele>
        <time>2024-07-25T20:24:26Z</time>
        <cmt>speed: 0.2</cmt>
      </trkpt>
      <trkpt lat="47.358643" lon="8.565733">
        <ele>423</ele>
        <time>2024-07-25T20:34:28Z</time>
        <cmt>speed: 0.0</cmt>
      </trkpt>
      <trkpt lat="47.358643" lon="8.565733">
        <ele>423</ele>
        <time>2024-07-25T20:44:11Z</time>
      </trkpt>
      <trkpt lat="47.358632" lon="8.565652">
        <ele>436</ele>
        <time>2024-07-25T20:44:19Z</time>
        <cmt>speed: 0.4</cmt>
      </trkpt>
      <trkpt lat="47.358657" lon="8.565703">
        <ele>449</ele>
        <time>2024-07-25T20:44:23Z</time>
        <cmt>speed: 0.0</cmt>
      </trkpt>
      <trkpt lat="47.358657" lon="8.565703">
        <ele>449</ele>
        <time>2024-07-25T20:44:27Z</time>
        <cmt>speed: 0.0</cmt>
      </trkpt>
      <trkpt lat="47.358657" lon="8.565703">
        <ele>449</ele>
        <time>2024-07-25T20:44:31Z</time>
        <cmt>speed: 0.0</cmt>
      </trkpt>
      <trkpt lat="47.358849" lon="8.565804">
        <ele>463</ele>
        <time>2024-07-25T20:46:53Z</time>
        <cmt>speed: 0.0</cmt>
      </trkpt>
      <trkpt lat="47.358852" lon="8.566432">
        <ele>441</ele>
        <time>2024-07-25T20:56:56Z</time>
        <cmt>speed: 0.0</cmt>
      </trkpt>
      <trkpt lat="47.35852" lon="8.56762">
        <ele>442</ele>
        <time>2024-07-25T21:06:55Z</time>
        <cmt>speed: 0.2</cmt>
      </trkpt>
      <trkpt lat="47.358669" lon="8.567786">
        <ele>474</ele>
        <time>2024-07-25T21:16:55Z</time>
        <cmt>speed: 0.3</cmt>
      </trkpt>
      <trkpt lat="47.358662" lon="8.568269">
        <ele>467</ele>
        <time>2024-07-25T21:26:55Z</time>
        <cmt>speed: 0.3</cmt>
      </trkpt>
      <trkpt lat="47.357756" lon="8.569436">
        <ele>491</ele>
        <time>2024-07-25T21:36:54Z</time>
        <cmt>speed: 0.4</cmt>
      </trkpt>
      <trkpt lat="47.357675" lon="8.569381">
        <ele>488</ele>
        <time>2024-07-25T21:46:54Z</time>
        <cmt>speed: 0.2</cmt>
      </trkpt>
      <trkpt lat="47.357411" lon="8.568786">
        <ele>449</ele>
        <time>2024-07-25T21:56:54Z</time>
        <cmt>speed: 1.4</cmt>
      </trkpt>
      <trkpt lat="47.358384" lon="8.567186">
        <ele>473</ele>
        <time>2024-07-25T22:07:17Z</time>
        <cmt>speed: 1.2</cmt>
      </trkpt>
      <trkpt lat="47.358886" lon="8.565775">
        <ele>439</ele>
        <time>2024-07-25T22:16:54Z</time>
        <cmt>speed: 0.1</cmt>
      </trkpt>
      <trkpt lat="47.358815" lon="8.565518">
        <ele>444</ele>
        <time>2024-07-25T22:26:54Z</time>
        <cmt>speed: 0.2</cmt>
      </trkpt>
      <trkpt lat="47.357651" lon="8.565611">
        <ele>448</ele>
        <time>2024-07-25T22:36:53Z</time>
        <cmt>speed: 0.3</cmt>
      </trkpt>
      <trkpt lat="47.356582" lon="8.563811">
        <ele>450</ele>
        <time>2024-07-25T22:46:55Z</time>
        <cmt>speed: 2.3</cmt>
      </trkpt>
      <trkpt lat="47.357115" lon="8.562648">
        <ele>442</ele>
        <time>2024-07-25T22:56:54Z</time>
        <cmt>speed: 0.9</cmt>
      </trkpt>
      <trkpt lat="47.357115" lon="8.562648">
        <ele>442</ele>
        <time>2024-07-25T23:06:56Z</time>
      </trkpt>
      <trkpt lat="47.357546" lon="8.561976">
        <ele>452</ele>
        <time>2024-07-25T23:06:59Z</time>
        <cmt>speed: 0.0</cmt>
      </trkpt>
      <trkpt lat="47.357481" lon="8.562206">
        <ele>458</ele>
        <time>2024-07-25T23:16:56Z</time>
        <cmt>speed: 1.1</cmt>
      </trkpt>
      <trkpt lat="47.357481" lon="8.562206">
        <ele>458</ele>
        <time>2024-07-25T23:26:56Z</time>
      </trkpt>
      <trkpt lat="47.357636" lon="8.561503">
        <ele>437</ele>
        <time>2024-07-25T23:26:59Z</time>
        <cmt>speed: 0.0</cmt>
      </trkpt>
      <trkpt lat="47.358045" lon="8.560769">
        <ele>443</ele>
        <time>2024-07-25T23:36:57Z</time>
        <cmt>speed: 0.5</cmt>
      </trkpt>
      <trkpt lat="47.358045" lon="8.560769">
        <ele>443</ele>
        <time>2024-07-25T23:46:51Z</time>
      </trkpt>
      <trkpt lat="47.358429" lon="8.560721">
        <ele>444</ele>
        <time>2024-07-25T23:46:54Z</time>
        <cmt>speed: 0.6</cmt>
      </trkpt>
      <trkpt lat="47.358451" lon="8.560708">
        <ele>429</ele>
        <time>2024-07-25T23:56:55Z</time>
        <cmt>speed: 0.1</cmt>
      </trkpt>
      <trkpt lat="47.359691" lon="8.560274">
        <ele>426</ele>
        <time>2024-07-26T00:06:55Z</time>
        <cmt>speed: 0.5</cmt>
      </trkpt>
      <trkpt lat="47.359865" lon="8.561015">
        <ele>438</ele>
        <time>2024-07-26T00:16:57Z</time>
        <cmt>speed: 2.1</cmt>
      </trkpt>
      <trkpt lat="47.359682" lon="8.55985">
        <ele>437</ele>
        <time>2024-07-26T00:26:56Z</time>
        <cmt>speed: 0.5</cmt>
      </trkpt>
      <trkpt lat="47.359884" lon="8.560465">
        <ele>412</ele>
        <time>2024-07-26T00:36:56Z</time>
        <cmt>speed: 0.3</cmt>
      </trkpt>
      <trkpt lat="47.359959" lon="8.561578">
        <ele>424</ele>
        <time>2024-07-26T00:46:58Z</time>
        <cmt>speed: 1.5</cmt>
      </trkpt>
      <trkpt lat="47.357327" lon="8.561724">
        <ele>460</ele>
        <time>2024-07-26T00:56:56Z</time>
        <cmt>speed: 0.1</cmt>
      </trkpt>
      <trkpt lat="47.357629" lon="8.561801">
        <ele>468</ele>
        <time>2024-07-26T01:06:54Z</time>
        <cmt>speed: 0.2</cmt>
      </trkpt>
      <trkpt lat="47.357456" lon="8.561073">
        <ele>461</ele>
        <time>2024-07-26T01:16:55Z</time>
        <cmt>speed: 1.4</cmt>
      </trkpt>
      <trkpt lat="47.357456" lon="8.561073">
        <ele>461</ele>
        <time>2024-07-26T01:26:51Z</time>
      </trkpt>
      <trkpt lat="47.357855" lon="8.560584">
        <ele>474</ele>
        <time>2024-07-26T01:26:55Z</time>
        <cmt>speed: 1.4</cmt>
      </trkpt>
      <trkpt lat="47.357589" lon="8.561061">
        <ele>467</ele>
        <time>2024-07-26T01:37:20Z</time>
        <cmt>speed: 0.3</cmt>
      </trkpt>
      <trkpt lat="47.357589" lon="8.561061">
        <ele>467</ele>
        <time>2024-07-26T01:46:51Z</time>
      </trkpt>
      <trkpt lat="47.357696" lon="8.561028">
        <ele>443</ele>
        <time>2024-07-26T01:46:55Z</time>
        <cmt>speed: 0.2</cmt>
      </trkpt>
      <trkpt lat="47.357603" lon="8.560466">
        <ele>457</ele>
        <time>2024-07-26T01:56:56Z</time>
        <cmt>speed: 0.3</cmt>
      </trkpt>
      <trkpt lat="47.357603" lon="8.560466">
        <ele>457</ele>
        <time>2024-07-26T02:06:55Z</time>
      </trkpt>
      <trkpt lat="47.357835" lon="8.559966">
        <ele>415</ele>
        <time>2024-07-26T02:06:59Z</time>
        <cmt>speed: 2.2</cmt>
      </trkpt>
      <trkpt lat="47.358171" lon="8.560164">
        <ele>441</ele>
        <time>2024-07-26T02:17:00Z</time>
        <cmt>speed: 0.3</cmt>
      </trkpt>
      <trkpt lat="47.358263" lon="8.560762">
        <ele>497</ele>
        <time>2024-07-26T02:26:56Z</time>
        <cmt>speed: 1.0</cmt>
      </trkpt>
      <trkpt lat="47.35733" lon="8.561726">
        <ele>447</ele>
        <time>2024-07-26T02:36:59Z</time>
        <cmt>speed: 0.4</cmt>
      </trkpt>
      <trkpt lat="47.358202" lon="8.562697">
        <ele>456</ele>
        <time>2024-07-26T02:46:56Z</time>
        <cmt>speed: 0.6</cmt>
      </trkpt>
      <trkpt lat="47.358085" lon="8.562947">
        <ele>458</ele>
        <time>2024-07-26T02:56:56Z</time>
        <cmt>speed: 2.1</cmt>
      </trkpt>
      <trkpt lat="47.359759" lon="8.559923">
        <ele>422</ele>
        <time>2024-07-26T03:06:58Z</time>
        <cmt>speed: 1.2</cmt>
      </trkpt>
      <trkpt lat="47.360318" lon="8.560496">
        <ele>458</ele>
        <time>2024-07-26T03:16:57Z</time>
        <cmt>speed: 1.0</cmt>
      </trkpt>
      <trkpt lat="47.359781" lon="8.562726">
        <ele>448</ele>
        <time>2024-07-26T03:26:56Z</time>
        <cmt>speed: 0.0</cmt>
      </trkpt>
      <trkpt lat="47.358756" lon="8.565375">
        <ele>445</ele>
        <time>2024-07-26T03:36:53Z</time>
        <cmt>speed: 1.5</cmt>
      </trkpt>
      <trkpt lat="47.358756" lon="8.565375">
        <ele>445</ele>
        <time>2024-07-26T03:46:49Z</time>
      </trkpt>
      <trkpt lat="47.35879" lon="8.565649">
        <ele>432</ele>
        <time>2024-07-26T03:46:53Z</time>
        <cmt>speed: 0.3</cmt>
      </trkpt>
      <trkpt lat="47.358796" lon="8.565772">
        <ele>440</ele>
        <time>2024-07-26T03:56:54Z</time>
        <cmt>speed: 1.2</cmt>
      </trkpt>
      <trkpt lat="47.358763" lon="8.565547">
        <ele>444</ele>
        <time>2024-07-26T04:06:55Z</time>
        <cmt>speed: 0.1</cmt>
      </trkpt>
      <trkpt lat="47.358744" lon="8.566299">
        <ele>433</ele>
        <time>2024-07-26T04:16:55Z</time>
        <cmt>speed: 0.2</cmt>
      </trkpt>
      <trkpt lat="47.35891" lon="8.565959">
        <ele>441</ele>
        <time>2024-07-26T04:26:54Z</time>
        <cmt>speed: 1.1</cmt>
      </trkpt>
      <trkpt lat="47.358696" lon="8.565792">
        <ele>447</ele>
        <time>2024-07-26T04:36:53Z</time>
        <cmt>speed: 0.2</cmt>
      </trkpt>
      <trkpt lat="47.358696" lon="8.565792">
        <ele>447</ele>
        <time>2024-07-26T04:46:51Z</time>
      </trkpt>
      <trkpt lat="47.358858" lon="8.565409">
        <ele>441</ele>
        <time>2024-07-26T04:46:55Z</time>
        <cmt>speed: 0.5</cmt>
      </trkpt>
      <trkpt lat="47.358655" lon="8.565742">
        <ele>459</ele>
        <time>2024-07-26T04:56:54Z</time>
        <cmt>speed: 0.0</cmt>
      </trkpt>
      <trkpt lat="47.358731" lon="8.565468">
        <ele>443</ele>
        <time>2024-07-26T05:05:05Z</time>
        <cmt>speed: 0.2</cmt>
      </trkpt>
      <trkpt lat="47.358754" lon="8.565618">
        <ele>449</ele>
        <time>2024-07-26T05:05:08Z</time>
        <cmt>speed: 0.0</cmt>
      </trkpt>
      <trkpt lat="47.358754" lon="8.565618">
        <ele>449</ele>
        <time>2024-07-26T05:05:12Z</time>
        <cmt>speed: 0.0</cmt>
      </trkpt>
      <trkpt lat="47.358754" lon="8.565618">
        <ele>449</ele>
        <time>2024-07-26T05:05:16Z</time>
        <cmt>speed: 0.0</cmt>
      </trkpt>
      <trkpt lat="47.358754" lon="8.565618">
        <ele>449</ele>
        <time>2024-07-26T05:05:20Z</time>
        <cmt>speed: 0.0</cmt>
      </trkpt>
      <trkpt lat="47.358606" lon="8.565813">
        <ele>449</ele>
        <time>2024-07-26T05:06:55Z</time>
        <cmt>speed: 0.2</cmt>
      </trkpt>
      <trkpt lat="47.358757" lon="8.565496">
        <ele>445</ele>
        <time>2024-07-26T05:16:55Z</time>
        <cmt>speed: 0.4</cmt>
      </trkpt>
      <trkpt lat="47.358363" lon="8.565741">
        <ele>427</ele>
        <time>2024-07-26T05:26:57Z</time>
        <cmt>speed: 0.5</cmt>
      </trkpt>
      <trkpt lat="47.358704" lon="8.565726">
        <ele>474</ele>
        <time>2024-07-26T05:34:25Z</time>
        <cmt>speed: 0.0</cmt>
      </trkpt>
      <trkpt lat="47.358666" lon="8.56571">
        <ele>464</ele>
        <time>2024-07-26T05:34:30Z</time>
        <cmt>speed: 0.0</cmt>
      </trkpt>
      <trkpt lat="47.358666" lon="8.56571">
        <ele>464</ele>
        <time>2024-07-26T05:34:33Z</time>
        <cmt>speed: 0.0</cmt>
      </trkpt>
      <trkpt lat="47.358666" lon="8.56571">
        <ele>464</ele>
        <time>2024-07-26T05:34:38Z</time>
        <cmt>speed: 0.0</cmt>
      </trkpt>
      <trkpt lat="47.358666" lon="8.56571">
        <ele>464</ele>
        <time>2024-07-26T05:34:42Z</time>
        <cmt>speed: 0.0</cmt>
      </trkpt>
      <trkpt lat="47.358666" lon="8.56571">
        <ele>464</ele>
        <time>2024-07-26T05:34:46Z</time>
        <cmt>speed: 0.0</cmt>
      </trkpt>
      <trkpt lat="47.358666" lon="8.56571">
        <ele>464</ele>
        <time>2024-07-26T05:34:50Z</time>
        <cmt>speed: 0.0</cmt>
      </trkpt>
      <trkpt lat="47.358882" lon="8.565615">
        <ele>480</ele>
        <time>2024-07-26T05:36:56Z</time>
        <cmt>speed: 0.5</cmt>
      </trkpt>
      <trkpt lat="47.35877" lon="8.565636">
        <ele>429</ele>
        <time>2024-07-26T05:38:51Z</time>
        <cmt>speed: 0.5</cmt>
      </trkpt>
      <trkpt lat="47.358754" lon="8.565678">
        <ele>443</ele>
        <time>2024-07-26T05:38:55Z</time>
        <cmt>speed: 0.0</cmt>
      </trkpt>
      <trkpt lat="47.360141" lon="8.563835">
        <ele>493</ele>
        <time>2024-07-26T05:46:56Z</time>
        <cmt>speed: 0.3</cmt>
      </trkpt>
      <trkpt lat="47.359974" lon="8.56367">
        <ele>434</ele>
        <time>2024-07-26T05:49:00Z</time>
      </trkpt>
      <trkpt lat="47.359959" lon="8.563643">
        <ele>434</ele>
        <time>2024-07-26T06:04:00Z</time>
      </trkpt>
      <trkpt lat="47.359959" lon="8.563643">
        <ele>434</ele>
        <time>2024-07-26T06:43:43Z</time>
      </trkpt>
      <trkpt lat="47.359959" lon="8.563643">
        <ele>434</ele>
        <time>2024-07-26T06:54:02Z</time>
      </trkpt>
      <trkpt lat="47.359959" lon="8.563643">
        <ele>434</ele>
        <time>2024-07-26T07:04:02Z</time>
      </trkpt>
      <trkpt lat="47.359959" lon="8.563643">
        <ele>434</ele>
        <time>2024-07-26T07:14:02Z</time>
      </trkpt>
      <trkpt lat="47.359959" lon="8.563643">
        <ele>434</ele>
        <time>2024-07-26T07:24:02Z</time>
      </trkpt>
      <trkpt lat="47.359959" lon="8.563643">
        <ele>434</ele>
        <time>2024-07-26T07:34:02Z</time>
      </trkpt>
      <trkpt lat="47.359959" lon="8.563643">
        <ele>434</ele>
        <time>2024-07-26T07:44:02Z</time>
      </trkpt>
      <trkpt lat="47.359959" lon="8.563643">
        <ele>434</ele>
        <time>2024-07-26T07:54:02Z</time>
      </trkpt>
      <trkpt lat="47.359959" lon="8.563643">
        <ele>434</ele>
        <time>2024-07-26T08:04:02Z</time>
      </trkpt>
      <trkpt lat="47.359959" lon="8.563643">
        <ele>434</ele>
        <time>2024-07-26T08:14:02Z</time>
      </trkpt>
      <trkpt lat="47.359959" lon="8.563643">
        <ele>434</ele>
        <time>2024-07-26T08:24:02Z</time>
      </trkpt>
      <trkpt lat="47.359959" lon="8.563643">
        <ele>434</ele>
        <time>2024-07-26T08:34:02Z</time>
      </trkpt>
      <trkpt lat="47.359959" lon="8.563643">
        <ele>434</ele>
        <time>2024-07-26T08:44:02Z</time>
      </trkpt>
      <trkpt lat="47.359959" lon="8.563643">
        <ele>434</ele>
        <time>2024-07-26T08:54:02Z</time>
      </trkpt>
      <trkpt lat="47.359959" lon="8.563643">
        <ele>434</ele>
        <time>2024-07-26T09:04:02Z</time>
      </trkpt>
      <trkpt lat="47.359959" lon="8.563643">
        <ele>434</ele>
        <time>2024-07-26T09:14:02Z</time>
      </trkpt>
      <trkpt lat="47.359959" lon="8.563643">
        <ele>434</ele>
        <time>2024-07-26T09:24:02Z</time>
      </trkpt>
      <trkpt lat="47.359959" lon="8.563643">
        <ele>434</ele>
        <time>2024-07-26T09:34:02Z</time>
      </trkpt>
      <trkpt lat="47.359959" lon="8.563643">
        <ele>434</ele>
        <time>2024-07-26T09:35:51Z</time>
      </trkpt>
      <trkpt lat="47.359944" lon="8.563979">
        <ele>443</ele>
        <time>2024-07-26T20:09:47Z</time>
        <cmt>speed: 1.0</cmt>
      </trkpt>
      <trkpt lat="47.359261" lon="8.561838">
        <ele>425</ele>
        <time>2024-07-26T20:19:42Z</time>
        <cmt>speed: 0.2</cmt>
      </trkpt>
      <trkpt lat="47.358756" lon="8.561398">
        <ele>431</ele>
        <time>2024-07-26T20:29:43Z</time>
        <cmt>speed: 0.1</cmt>
      </trkpt>
      <trkpt lat="47.358098" lon="8.560697">
        <ele>400</ele>
        <time>2024-07-26T20:39:48Z</time>
        <cmt>speed: 0.5</cmt>
      </trkpt>
      <trkpt lat="47.357853" lon="8.561095">
        <ele>478</ele>
        <time>2024-07-26T20:49:44Z</time>
        <cmt>speed: 0.6</cmt>
      </trkpt>
      <trkpt lat="47.357686" lon="8.560947">
        <ele>463</ele>
        <time>2024-07-26T20:59:49Z</time>
        <cmt>speed: 0.0</cmt>
      </trkpt>
      <trkpt lat="47.358388" lon="8.560259">
        <ele>475</ele>
        <time>2024-07-26T21:09:41Z</time>
        <cmt>speed: 0.5</cmt>
      </trkpt>
      <trkpt lat="47.358584" lon="8.559523">
        <ele>454</ele>
        <time>2024-07-26T21:19:43Z</time>
        <cmt>speed: 3.1</cmt>
      </trkpt>
      <trkpt lat="47.35829" lon="8.559921">
        <ele>459</ele>
        <time>2024-07-26T21:29:42Z</time>
        <cmt>speed: 0.6</cmt>
      </trkpt>
      <trkpt lat="47.358043" lon="8.560635">
        <ele>429</ele>
        <time>2024-07-26T21:39:41Z</time>
        <cmt>speed: 1.2</cmt>
      </trkpt>
      <trkpt lat="47.358043" lon="8.560635">
        <ele>429</ele>
        <time>2024-07-26T21:49:36Z</time>
      </trkpt>
      <trkpt lat="47.35835" lon="8.56071">
        <ele>425</ele>
        <time>2024-07-26T21:49:43Z</time>
        <cmt>speed: 0.6</cmt>
      </trkpt>
      <trkpt lat="47.358537" lon="8.56069">
        <ele>463</ele>
        <time>2024-07-26T21:59:41Z</time>
        <cmt>speed: 0.6</cmt>
      </trkpt>
      <trkpt lat="47.358439" lon="8.560843">
        <ele>460</ele>
        <time>2024-07-26T22:09:41Z</time>
        <cmt>speed: 0.1</cmt>
      </trkpt>
      <trkpt lat="47.358244" lon="8.561054">
        <ele>451</ele>
        <time>2024-07-26T22:19:42Z</time>
        <cmt>speed: 0.9</cmt>
      </trkpt>
      <trkpt lat="47.358244" lon="8.561054">
        <ele>451</ele>
        <time>2024-07-26T22:29:35Z</time>
      </trkpt>
      <trkpt lat="47.358062" lon="8.562214">
        <ele>442</ele>
        <time>2024-07-26T22:29:41Z</time>
        <cmt>speed: 0.8</cmt>
      </trkpt>
      <trkpt lat="47.357833" lon="8.563067">
        <ele>454</ele>
        <time>2024-07-26T22:39:45Z</time>
        <cmt>speed: 0.2</cmt>
      </trkpt>
      <trkpt lat="47.357833" lon="8.563067">
        <ele>454</ele>
        <time>2024-07-26T22:49:35Z</time>
      </trkpt>
      <trkpt lat="47.357319" lon="8.563329">
        <ele>463</ele>
        <time>2024-07-26T22:49:42Z</time>
        <cmt>speed: 0.2</cmt>
      </trkpt>
      <trkpt lat="47.357117" lon="8.563505">
        <ele>441</ele>
        <time>2024-07-26T22:59:40Z</time>
        <cmt>speed: 0.7</cmt>
      </trkpt>
      <trkpt lat="47.357143" lon="8.563643">
        <ele>446</ele>
        <time>2024-07-26T23:05:59Z</time>
        <cmt>speed: 0.4</cmt>
      </trkpt>
      <trkpt lat="47.357368" lon="8.564082">
        <ele>460</ele>
        <time>2024-07-26T23:09:40Z</time>
        <cmt>speed: 0.5</cmt>
      </trkpt>
      <trkpt lat="47.357315" lon="8.563029">
        <ele>456</ele>
        <time>2024-07-26T23:19:41Z</time>
        <cmt>speed: 2.2</cmt>
      </trkpt>
      <trkpt lat="47.358769" lon="8.561598">
        <ele>433</ele>
        <time>2024-07-26T23:29:44Z</time>
        <cmt>speed: 0.9</cmt>
      </trkpt>
      <trkpt lat="47.359" lon="8.562365">
        <ele>433</ele>
        <time>2024-07-26T23:39:42Z</time>
        <cmt>speed: 0.5</cmt>
      </trkpt>
      <trkpt lat="47.359" lon="8.562365">
        <ele>433</ele>
        <time>2024-07-26T23:49:34Z</time>
      </trkpt>
      <trkpt lat="47.358586" lon="8.565437">
        <ele>402</ele>
        <time>2024-07-26T23:49:41Z</time>
        <cmt>speed: 0.2</cmt>
      </trkpt>
      <trkpt lat="47.358585" lon="8.565495">
        <ele>435</ele>
        <time>2024-07-26T23:59:41Z</time>
        <cmt>speed: 0.5</cmt>
      </trkpt>
      <trkpt lat="47.358521" lon="8.565537">
        <ele>424</ele>
        <time>2024-07-27T00:09:42Z</time>
        <cmt>speed: 1.5</cmt>
      </trkpt>
      <trkpt lat="47.358543" lon="8.565251">
        <ele>418</ele>
        <time>2024-07-27T00:19:42Z</time>
        <cmt>speed: 0.0</cmt>
      </trkpt>
      <trkpt lat="47.358259" lon="8.564695">
        <ele>420</ele>
        <time>2024-07-27T00:29:41Z</time>
        <cmt>speed: 0.8</cmt>
      </trkpt>
      <trkpt lat="47.357951" lon="8.564753">
        <ele>450</ele>
        <time>2024-07-27T00:39:41Z</time>
        <cmt>speed: 0.7</cmt>
      </trkpt>
      <trkpt lat="47.357951" lon="8.564753">
        <ele>450</ele>
        <time>2024-07-27T00:49:35Z</time>
      </trkpt>
      <trkpt lat="47.357777" lon="8.564989">
        <ele>446</ele>
        <time>2024-07-27T00:49:42Z</time>
        <cmt>speed: 0.3</cmt>
      </trkpt>
      <trkpt lat="47.357174" lon="8.565259">
        <ele>451</ele>
        <time>2024-07-27T00:59:41Z</time>
        <cmt>speed: 0.1</cmt>
      </trkpt>
      <trkpt lat="47.356565" lon="8.564522">
        <ele>482</ele>
        <time>2024-07-27T01:09:42Z</time>
        <cmt>speed: 1.1</cmt>
      </trkpt>
      <trkpt lat="47.35738" lon="8.563022">
        <ele>484</ele>
        <time>2024-07-27T01:19:46Z</time>
        <cmt>speed: 0.5</cmt>
      </trkpt>
      <trkpt lat="47.356962" lon="8.563682">
        <ele>449</ele>
        <time>2024-07-27T01:29:45Z</time>
        <cmt>speed: 1.2</cmt>
      </trkpt>
      <trkpt lat="47.357134" lon="8.561899">
        <ele>440</ele>
        <time>2024-07-27T01:39:42Z</time>
        <cmt>speed: 0.7</cmt>
      </trkpt>
      <trkpt lat="47.358317" lon="8.560713">
        <ele>410</ele>
        <time>2024-07-27T01:49:43Z</time>
        <cmt>speed: 2.0</cmt>
      </trkpt>
      <trkpt lat="47.358569" lon="8.560376">
        <ele>415</ele>
        <time>2024-07-27T01:59:42Z</time>
        <cmt>speed: 0.1</cmt>
      </trkpt>
      <trkpt lat="47.358569" lon="8.560376">
        <ele>415</ele>
        <time>2024-07-27T02:09:36Z</time>
      </trkpt>
      <trkpt lat="47.358424" lon="8.560904">
        <ele>475</ele>
        <time>2024-07-27T02:09:44Z</time>
        <cmt>speed: 0.3</cmt>
      </trkpt>
      <trkpt lat="47.358318" lon="8.560739">
        <ele>461</ele>
        <time>2024-07-27T02:20:14Z</time>
        <cmt>speed: 0.1</cmt>
      </trkpt>
      <trkpt lat="47.358318" lon="8.560739">
        <ele>461</ele>
        <time>2024-07-27T02:29:33Z</time>
      </trkpt>
      <trkpt lat="47.358372" lon="8.560687">
        <ele>436</ele>
        <time>2024-07-27T02:29:41Z</time>
        <cmt>speed: 0.6</cmt>
      </trkpt>
      <trkpt lat="47.357627" lon="8.561184">
        <ele>443</ele>
        <time>2024-07-27T02:39:42Z</time>
        <cmt>speed: 0.1</cmt>
      </trkpt>
      <trkpt lat="47.357359" lon="8.56208">
        <ele>476</ele>
        <time>2024-07-27T02:49:47Z</time>
        <cmt>speed: 0.2</cmt>
      </trkpt>
      <trkpt lat="47.358643" lon="8.562043">
        <ele>432</ele>
        <time>2024-07-27T02:59:41Z</time>
        <cmt>speed: 0.6</cmt>
      </trkpt>
      <trkpt lat="47.359159" lon="8.563074">
        <ele>416</ele>
        <time>2024-07-27T03:09:43Z</time>
        <cmt>speed: 1.1</cmt>
      </trkpt>
      <trkpt lat="47.358899" lon="8.565572">
        <ele>450</ele>
        <time>2024-07-27T03:19:44Z</time>
        <cmt>speed: 0.9</cmt>
      </trkpt>
      <trkpt lat="47.358899" lon="8.565572">
        <ele>450</ele>
        <time>2024-07-27T03:29:33Z</time>
      </trkpt>
      <trkpt lat="47.358859" lon="8.565604">
        <ele>470</ele>
        <time>2024-07-27T03:29:41Z</time>
        <cmt>speed: 1.6</cmt>
      </trkpt>
      <trkpt lat="47.358668" lon="8.565609">
        <ele>475</ele>
        <time>2024-07-27T03:39:41Z</time>
        <cmt>speed: 0.2</cmt>
      </trkpt>
      <trkpt lat="47.358756" lon="8.56543">
        <ele>464</ele>
        <time>2024-07-27T03:49:40Z</time>
        <cmt>speed: 0.8</cmt>
      </trkpt>
      <trkpt lat="47.358663" lon="8.565678">
        <ele>440</ele>
        <time>2024-07-27T03:59:41Z</time>
        <cmt>speed: 0.2</cmt>
      </trkpt>
      <trkpt lat="47.358789" lon="8.565635">
        <ele>458</ele>
        <time>2024-07-27T04:09:42Z</time>
        <cmt>speed: 1.1</cmt>
      </trkpt>
      <trkpt lat="47.358598" lon="8.565646">
        <ele>404</ele>
        <time>2024-07-27T04:19:42Z</time>
        <cmt>speed: 0.1</cmt>
      </trkpt>
      <trkpt lat="47.358598" lon="8.565646">
        <ele>404</ele>
        <time>2024-07-27T04:29:33Z</time>
      </trkpt>
      <trkpt lat="47.358743" lon="8.565566">
        <ele>418</ele>
        <time>2024-07-27T04:29:41Z</time>
        <cmt>speed: 0.9</cmt>
      </trkpt>
      <trkpt lat="47.358708" lon="8.565773">
        <ele>442</ele>
        <time>2024-07-27T04:39:42Z</time>
        <cmt>speed: 0.2</cmt>
      </trkpt>
      <trkpt lat="47.358708" lon="8.565773">
        <ele>442</ele>
        <time>2024-07-27T04:49:33Z</time>
      </trkpt>
      <trkpt lat="47.358676" lon="8.56535">
        <ele>435</ele>
        <time>2024-07-27T04:49:41Z</time>
        <cmt>speed: 0.3</cmt>
      </trkpt>
      <trkpt lat="47.358916" lon="8.565564">
        <ele>436</ele>
        <time>2024-07-27T04:59:43Z</time>
        <cmt>speed: 0.1</cmt>
      </trkpt>
      <trkpt lat="47.359959" lon="8.563643">
        <ele>434</ele>
        <time>2024-07-27T05:09:36Z</time>
      </trkpt>
      <trkpt lat="47.359959" lon="8.563643">
        <ele>434</ele>
        <time>2024-07-27T05:24:36Z</time>
      </trkpt>
      <trkpt lat="47.359973" lon="8.563131">
        <ele>501</ele>
        <time>2024-07-27T05:34:41Z</time>
        <cmt>speed: 0.6</cmt>
      </trkpt>
      <trkpt lat="47.360167" lon="8.562248">
        <ele>434</ele>
        <time>2024-07-27T05:44:44Z</time>
        <cmt>speed: 0.4</cmt>
      </trkpt>
      <trkpt lat="47.359116" lon="8.560764">
        <ele>445</ele>
        <time>2024-07-27T05:54:35Z</time>
        <cmt>speed: 1.2</cmt>
      </trkpt>
      <trkpt lat="47.359314" lon="8.56106">
        <ele>463</ele>
        <time>2024-07-27T06:04:37Z</time>
        <cmt>speed: 0.6</cmt>
      </trkpt>
      <trkpt lat="47.358906" lon="8.560768">
        <ele>496</ele>
        <time>2024-07-27T06:15:02Z</time>
        <cmt>speed: 0.2</cmt>
      </trkpt>
      <trkpt lat="47.35966" lon="8.560385">
        <ele>484</ele>
        <time>2024-07-27T06:34:41Z</time>
        <cmt>speed: 1.8</cmt>
      </trkpt>
      <trkpt lat="47.358321" lon="8.560324">
        <ele>485</ele>
        <time>2024-07-27T06:44:36Z</time>
        <cmt>speed: 0.2</cmt>
      </trkpt>
      <trkpt lat="47.358321" lon="8.560324">
        <ele>485</ele>
        <time>2024-07-27T06:54:29Z</time>
      </trkpt>
      <trkpt lat="47.358397" lon="8.560719">
        <ele>439</ele>
        <time>2024-07-27T06:54:38Z</time>
        <cmt>speed: 2.4</cmt>
      </trkpt>
      <trkpt lat="47.358287" lon="8.561148">
        <ele>479</ele>
        <time>2024-07-27T07:04:34Z</time>
        <cmt>speed: 1.0</cmt>
      </trkpt>
      <trkpt lat="47.358221" lon="8.561645">
        <ele>452</ele>
        <time>2024-07-27T07:14:36Z</time>
        <cmt>speed: 0.0</cmt>
      </trkpt>
      <trkpt lat="47.358174" lon="8.562264">
        <ele>398</ele>
        <time>2024-07-27T07:24:36Z</time>
        <cmt>speed: 0.0</cmt>
      </trkpt>
      <trkpt lat="47.358174" lon="8.562264">
        <ele>398</ele>
        <time>2024-07-27T07:34:32Z</time>
      </trkpt>
      <trkpt lat="47.358123" lon="8.562142">
        <ele>435</ele>
        <time>2024-07-27T07:34:41Z</time>
        <cmt>speed: 0.0</cmt>
      </trkpt>
      <trkpt lat="47.35806" lon="8.561971">
        <ele>450</ele>
        <time>2024-07-27T07:44:41Z</time>
        <cmt>speed: 0.0</cmt>
      </trkpt>
      <trkpt lat="47.35806" lon="8.561971">
        <ele>450</ele>
        <time>2024-07-27T07:54:31Z</time>
      </trkpt>
      <trkpt lat="47.358244" lon="8.562375">
        <ele>398</ele>
        <time>2024-07-27T07:54:39Z</time>
        <cmt>speed: 0.2</cmt>
      </trkpt>
      <trkpt lat="47.358303" lon="8.562244">
        <ele>403</ele>
        <time>2024-07-27T08:05:29Z</time>
        <cmt>speed: 1.2</cmt>
      </trkpt>
      <trkpt lat="47.358303" lon="8.562244">
        <ele>403</ele>
        <time>2024-07-27T08:15:41Z</time>
      </trkpt>
      <trkpt lat="47.35813" lon="8.562287">
        <ele>417</ele>
        <time>2024-07-27T08:15:50Z</time>
        <cmt>speed: 0.0</cmt>
      </trkpt>
      <trkpt lat="47.358085" lon="8.562011">
        <ele>450</ele>
        <time>2024-07-27T08:25:32Z</time>
        <cmt>speed: 1.0</cmt>
      </trkpt>
      <trkpt lat="47.35813" lon="8.562072">
        <ele>437</ele>
        <time>2024-07-27T08:55:25Z</time>
        <cmt>speed: 0.1</cmt>
      </trkpt>
      <trkpt lat="47.358106" lon="8.562153">
        <ele>450</ele>
        <time>2024-07-27T09:05:32Z</time>
        <cmt>speed: 0.6</cmt>
      </trkpt>
      <trkpt lat="47.358106" lon="8.562153">
        <ele>450</ele>
        <time>2024-07-27T09:15:46Z</time>
      </trkpt>
      <trkpt lat="47.35815" lon="8.562045">
        <ele>430</ele>
        <time>2024-07-27T09:15:55Z</time>
        <cmt>speed: 0.1</cmt>
      </trkpt>
      <trkpt lat="47.358165" lon="8.56252">
        <ele>388</ele>
        <time>2024-07-27T09:25:47Z</time>
        <cmt>speed: 0.8</cmt>
      </trkpt>
      <trkpt lat="47.358165" lon="8.56252">
        <ele>388</ele>
        <time>2024-07-27T10:15:18Z</time>
      </trkpt>
      <trkpt lat="47.357997" lon="8.562036">
        <ele>469</ele>
        <time>2024-07-27T10:15:27Z</time>
        <cmt>speed: 0.3</cmt>
      </trkpt>
      <trkpt lat="47.357852" lon="8.562156">
        <ele>409</ele>
        <time>2024-07-27T10:38:58Z</time>
        <cmt>speed: 0.8</cmt>
      </trkpt>
      <trkpt lat="47.358032" lon="8.561896">
        <ele>457</ele>
        <time>2024-07-27T10:48:54Z</time>
        <cmt>speed: 0.1</cmt>
      </trkpt>
      <trkpt lat="47.358032" lon="8.561896">
        <ele>457</ele>
        <time>2024-07-27T10:58:48Z</time>
      </trkpt>
      <trkpt lat="47.358359" lon="8.561954">
        <ele>419</ele>
        <time>2024-07-27T10:58:57Z</time>
        <cmt>speed: 0.3</cmt>
      </trkpt>
      <trkpt lat="47.358147" lon="8.562166">
        <ele>428</ele>
        <time>2024-07-27T11:09:30Z</time>
        <cmt>speed: 0.6</cmt>
      </trkpt>
      <trkpt lat="47.358147" lon="8.562166">
        <ele>428</ele>
        <time>2024-07-27T11:19:10Z</time>
      </trkpt>
      <trkpt lat="47.358301" lon="8.562024">
        <ele>431</ele>
        <time>2024-07-27T11:19:19Z</time>
        <cmt>speed: 0.4</cmt>
      </trkpt>
      <trkpt lat="47.357993" lon="8.561898">
        <ele>437</ele>
        <time>2024-07-27T11:28:57Z</time>
        <cmt>speed: 0.0</cmt>
      </trkpt>
      <trkpt lat="47.358077" lon="8.562141">
        <ele>405</ele>
        <time>2024-07-27T11:38:54Z</time>
        <cmt>speed: 0.3</cmt>
      </trkpt>
      <trkpt lat="47.358077" lon="8.562141">
        <ele>405</ele>
        <time>2024-07-27T11:58:45Z</time>
      </trkpt>
      <trkpt lat="47.358093" lon="8.562403">
        <ele>455</ele>
        <time>2024-07-27T11:58:54Z</time>
        <cmt>speed: 0.6</cmt>
      </trkpt>
      <trkpt lat="47.358071" lon="8.562296">
        <ele>445</ele>
        <time>2024-07-27T12:08:52Z</time>
        <cmt>speed: 1.1</cmt>
      </trkpt>
      <trkpt lat="47.358155" lon="8.562673">
        <ele>412</ele>
        <time>2024-07-27T12:29:04Z</time>
        <cmt>speed: 0.2</cmt>
      </trkpt>
      <trkpt lat="47.35808" lon="8.562589">
        <ele>443</ele>
        <time>2024-07-27T12:49:03Z</time>
        <cmt>speed: 1.1</cmt>
      </trkpt>
      <trkpt lat="47.35808" lon="8.562589">
        <ele>443</ele>
        <time>2024-07-27T12:59:03Z</time>
      </trkpt>
      <trkpt lat="47.357997" lon="8.56253">
        <ele>459</ele>
        <time>2024-07-27T12:59:13Z</time>
        <cmt>speed: 1.1</cmt>
      </trkpt>
      <trkpt lat="47.35799" lon="8.562691">
        <ele>451</ele>
        <time>2024-07-27T13:51:32Z</time>
        <cmt>speed: 0.0</cmt>
      </trkpt>
      <trkpt lat="47.35799" lon="8.562691">
        <ele>451</ele>
        <time>2024-07-27T14:01:55Z</time>
      </trkpt>
      <trkpt lat="47.358082" lon="8.562359">
        <ele>458</ele>
        <time>2024-07-27T14:02:05Z</time>
        <cmt>speed: 0.3</cmt>
      </trkpt>
      <trkpt lat="47.358019" lon="8.562494">
        <ele>444</ele>
        <time>2024-07-27T14:11:59Z</time>
        <cmt>speed: 2.3</cmt>
      </trkpt>
      <trkpt lat="47.358019" lon="8.562494">
        <ele>444</ele>
        <time>2024-07-27T14:18:58Z</time>
      </trkpt>
      <trkpt lat="47.358019" lon="8.562494">
        <ele>444</ele>
        <time>2024-07-27T14:44:35Z</time>
      </trkpt>
      <trkpt lat="47.357973" lon="8.562695">
        <ele>486</ele>
        <time>2024-07-27T14:44:45Z</time>
        <cmt>speed: 0.3</cmt>
      </trkpt>
      <trkpt lat="47.358359" lon="8.562312">
        <ele>376</ele>
        <time>2024-07-27T14:54:45Z</time>
        <cmt>speed: 1.2</cmt>
      </trkpt>
      <trkpt lat="47.358359" lon="8.562312">
        <ele>376</ele>
        <time>2024-07-27T14:58:58Z</time>
      </trkpt>
      <trkpt lat="47.357966" lon="8.562568">
        <ele>391</ele>
        <time>2024-07-27T15:04:45Z</time>
        <cmt>speed: 0.0</cmt>
      </trkpt>
      <trkpt lat="47.357968" lon="8.562916">
        <ele>404</ele>
        <time>2024-07-27T15:14:50Z</time>
        <cmt>speed: 0.7</cmt>
      </trkpt>
      <trkpt lat="47.357968" lon="8.562916">
        <ele>404</ele>
        <time>2024-07-27T15:24:38Z</time>
      </trkpt>
      <trkpt lat="47.358064" lon="8.562447">
        <ele>430</ele>
        <time>2024-07-27T15:24:48Z</time>
        <cmt>speed: 0.0</cmt>
      </trkpt>
      <trkpt lat="47.358173" lon="8.562292">
        <ele>469</ele>
        <time>2024-07-27T15:34:44Z</time>
        <cmt>speed: 0.7</cmt>
      </trkpt>
      <trkpt lat="47.358173" lon="8.562292">
        <ele>469</ele>
        <time>2024-07-27T15:44:34Z</time>
      </trkpt>
      <trkpt lat="47.358095" lon="8.562911">
        <ele>412</ele>
        <time>2024-07-27T15:44:44Z</time>
        <cmt>speed: 0.3</cmt>
      </trkpt>
      <trkpt lat="47.359459" lon="8.563605">
        <ele>412</ele>
        <time>2024-07-27T15:54:43Z</time>
        <cmt>speed: 0.6</cmt>
      </trkpt>
      <trkpt lat="47.359929" lon="8.563387">
        <ele>440</ele>
        <time>2024-07-27T16:04:48Z</time>
        <cmt>speed: 0.3</cmt>
      </trkpt>
      <trkpt lat="47.359974" lon="8.56367">
        <ele>434</ele>
        <time>2024-07-27T16:05:49Z</time>
      </trkpt>
      <trkpt lat="47.359974" lon="8.56367">
        <ele>434</ele>
        <time>2024-07-27T16:20:48Z</time>
      </trkpt>
      <trkpt lat="47.359604" lon="8.563724">
        <ele>431</ele>
        <time>2024-07-27T20:54:27Z</time>
        <cmt>speed: 2.1</cmt>
      </trkpt>
      <trkpt lat="47.359943" lon="8.56173">
        <ele>430</ele>
        <time>2024-07-27T21:04:17Z</time>
        <cmt>speed: 0.0</cmt>
      </trkpt>
      <trkpt lat="47.359056" lon="8.562401">
        <ele>462</ele>
        <time>2024-07-27T21:14:17Z</time>
        <cmt>speed: 0.2</cmt>
      </trkpt>
      <trkpt lat="47.358558" lon="8.562488">
        <ele>435</ele>
        <time>2024-07-27T21:24:15Z</time>
        <cmt>speed: 0.6</cmt>
      </trkpt>
      <trkpt lat="47.357975" lon="8.562469">
        <ele>401</ele>
        <time>2024-07-27T21:34:19Z</time>
        <cmt>speed: 0.4</cmt>
      </trkpt>
      <trkpt lat="47.357975" lon="8.562469">
        <ele>401</ele>
        <time>2024-07-27T21:34:19Z</time>
      </trkpt>
      <trkpt lat="47.358903" lon="8.56334">
        <ele>440</ele>
        <time>2024-07-27T21:44:16Z</time>
        <cmt>speed: 0.5</cmt>
      </trkpt>
      <trkpt lat="47.35931" lon="8.563345">
        <ele>453</ele>
        <time>2024-07-27T21:54:21Z</time>
        <cmt>speed: 0.0</cmt>
      </trkpt>
      <trkpt lat="47.359535" lon="8.563841">
        <ele>436</ele>
        <time>2024-07-27T22:04:23Z</time>
        <cmt>speed: 0.7</cmt>
      </trkpt>
      <trkpt lat="47.358883" lon="8.565579">
        <ele>447</ele>
        <time>2024-07-27T22:14:17Z</time>
        <cmt>speed: 0.1</cmt>
      </trkpt>
      <trkpt lat="47.358434" lon="8.565892">
        <ele>449</ele>
        <time>2024-07-27T22:24:16Z</time>
        <cmt>speed: 0.2</cmt>
      </trkpt>
      <trkpt lat="47.35853" lon="8.565554">
        <ele>435</ele>
        <time>2024-07-27T22:34:16Z</time>
        <cmt>speed: 0.0</cmt>
      </trkpt>
      <trkpt lat="47.35853" lon="8.565554">
        <ele>435</ele>
        <time>2024-07-27T22:34:17Z</time>
      </trkpt>
      <trkpt lat="47.358498" lon="8.565818">
        <ele>424</ele>
        <time>2024-07-27T22:44:16Z</time>
        <cmt>speed: 1.6</cmt>
      </trkpt>
      <trkpt lat="47.358229" lon="8.565425">
        <ele>407</ele>
        <time>2024-07-27T22:54:21Z</time>
        <cmt>speed: 1.2</cmt>
      </trkpt>
      <trkpt lat="47.358399" lon="8.565315">
        <ele>439</ele>
        <time>2024-07-27T23:04:17Z</time>
        <cmt>speed: 0.1</cmt>
      </trkpt>
      <trkpt lat="47.358326" lon="8.564944">
        <ele>468</ele>
        <time>2024-07-27T23:14:22Z</time>
        <cmt>speed: 0.3</cmt>
      </trkpt>
      <trkpt lat="47.358281" lon="8.564461">
        <ele>448</ele>
        <time>2024-07-27T23:24:19Z</time>
        <cmt>speed: 0.6</cmt>
      </trkpt>
      <trkpt lat="47.35859" lon="8.564082">
        <ele>484</ele>
        <time>2024-07-27T23:34:21Z</time>
        <cmt>speed: 0.5</cmt>
      </trkpt>
      <trkpt lat="47.358942" lon="8.563506">
        <ele>471</ele>
        <time>2024-07-27T23:44:18Z</time>
        <cmt>speed: 0.4</cmt>
      </trkpt>
      <trkpt lat="47.359329" lon="8.56219">
        <ele>427</ele>
        <time>2024-07-27T23:54:18Z</time>
        <cmt>speed: 0.6</cmt>
      </trkpt>
      <trkpt lat="47.359872" lon="8.560943">
        <ele>453</ele>
        <time>2024-07-28T00:04:20Z</time>
        <cmt>speed: 0.0</cmt>
      </trkpt>
      <trkpt lat="47.360056" lon="8.560081">
        <ele>426</ele>
        <time>2024-07-28T00:14:24Z</time>
        <cmt>speed: 0.1</cmt>
      </trkpt>
      <trkpt lat="47.360022" lon="8.563304">
        <ele>429</ele>
        <time>2024-07-28T00:34:21Z</time>
        <cmt>speed: 1.2</cmt>
      </trkpt>
      <trkpt lat="47.359959" lon="8.563643">
        <ele>434</ele>
        <time>2024-07-28T00:35:28Z</time>
      </trkpt>
      <trkpt lat="47.359959" lon="8.563643">
        <ele>434</ele>
        <time>2024-07-28T00:50:26Z</time>
      </trkpt>
      <trkpt lat="47.359959" lon="8.563643">
        <ele>434</ele>
        <time>2024-07-28T00:50:28Z</time>
      </trkpt>
      <trkpt lat="47.359959" lon="8.563643">
        <ele>434</ele>
        <time>2024-07-28T02:57:01Z</time>
      </trkpt>
      <trkpt lat="47.360166" lon="8.562526">
        <ele>435</ele>
        <time>2024-07-28T02:57:29Z</time>
        <cmt>speed: 0.2</cmt>
      </trkpt>
      <trkpt lat="47.360166" lon="8.560383">
        <ele>427</ele>
        <time>2024-07-28T03:07:07Z</time>
        <cmt>speed: 0.3</cmt>
      </trkpt>
      <trkpt lat="47.360001" lon="8.560283">
        <ele>432</ele>
        <time>2024-07-28T03:17:08Z</time>
        <cmt>speed: 0.0</cmt>
      </trkpt>
      <trkpt lat="47.359172" lon="8.560537">
        <ele>433</ele>
        <time>2024-07-28T03:27:04Z</time>
        <cmt>speed: 1.2</cmt>
      </trkpt>
      <trkpt lat="47.358722" lon="8.561365">
        <ele>461</ele>
        <time>2024-07-28T03:37:06Z</time>
        <cmt>speed: 0.2</cmt>
      </trkpt>
      <trkpt lat="47.358843" lon="8.561992">
        <ele>390</ele>
        <time>2024-07-28T03:47:07Z</time>
        <cmt>speed: 0.2</cmt>
      </trkpt>
      <trkpt lat="47.358843" lon="8.561992">
        <ele>390</ele>
        <time>2024-07-28T03:57:05Z</time>
      </trkpt>
      <trkpt lat="47.358943" lon="8.561689">
        <ele>444</ele>
        <time>2024-07-28T03:57:06Z</time>
        <cmt>speed: 0.1</cmt>
      </trkpt>
      <trkpt lat="47.358458" lon="8.562095">
        <ele>423</ele>
        <time>2024-07-28T04:07:05Z</time>
        <cmt>speed: 0.5</cmt>
      </trkpt>
      <trkpt lat="47.357762" lon="8.563061">
        <ele>432</ele>
        <time>2024-07-28T04:17:08Z</time>
        <cmt>speed: 1.1</cmt>
      </trkpt>
      <trkpt lat="47.356962" lon="8.56317">
        <ele>425</ele>
        <time>2024-07-28T04:27:04Z</time>
        <cmt>speed: 0.1</cmt>
      </trkpt>
      <trkpt lat="47.356918" lon="8.562953">
        <ele>487</ele>
        <time>2024-07-28T04:37:06Z</time>
        <cmt>speed: 2.5</cmt>
      </trkpt>
      <trkpt lat="47.357478" lon="8.561082">
        <ele>469</ele>
        <time>2024-07-28T04:47:08Z</time>
        <cmt>speed: 0.5</cmt>
      </trkpt>
      <trkpt lat="47.358624" lon="8.561046">
        <ele>417</ele>
        <time>2024-07-28T04:57:04Z</time>
        <cmt>speed: 1.7</cmt>
      </trkpt>
      <trkpt lat="47.359828" lon="8.561513">
        <ele>404</ele>
        <time>2024-07-28T05:07:07Z</time>
        <cmt>speed: 0.9</cmt>
      </trkpt>
      <trkpt lat="47.359959" lon="8.563643">
        <ele>434</ele>
        <time>2024-07-28T05:14:55Z</time>
      </trkpt>
      <trkpt lat="47.359959" lon="8.563643">
        <ele>434</ele>
        <time>2024-07-28T05:29:55Z</time>
      </trkpt>
      <trkpt lat="47.359959" lon="8.563643">
        <ele>434</ele>
        <time>2024-07-28T06:33:50Z</time>
      </trkpt>
      <trkpt lat="47.359959" lon="8.563643">
        <ele>434</ele>
        <time>2024-07-28T06:44:10Z</time>
      </trkpt>
      <trkpt lat="47.359959" lon="8.563643">
        <ele>434</ele>
        <time>2024-07-28T06:54:10Z</time>
      </trkpt>
      <trkpt lat="47.359959" lon="8.563643">
        <ele>434</ele>
        <time>2024-07-28T07:04:10Z</time>
      </trkpt>
      <trkpt lat="47.359959" lon="8.563643">
        <ele>434</ele>
        <time>2024-07-28T07:14:10Z</time>
      </trkpt>
      <trkpt lat="47.359959" lon="8.563643">
        <ele>434</ele>
        <time>2024-07-28T07:24:10Z</time>
      </trkpt>
      <trkpt lat="47.359959" lon="8.563643">
        <ele>434</ele>
        <time>2024-07-28T07:34:10Z</time>
      </trkpt>
      <trkpt lat="47.359959" lon="8.563643">
        <ele>434</ele>
        <time>2024-07-28T07:44:10Z</time>
      </trkpt>
      <trkpt lat="47.359959" lon="8.563643">
        <ele>434</ele>
        <time>2024-07-28T07:54:10Z</time>
      </trkpt>
      <trkpt lat="47.359959" lon="8.563643">
        <ele>434</ele>
        <time>2024-07-28T08:04:10Z</time>
      </trkpt>
      <trkpt lat="47.359959" lon="8.563643">
        <ele>434</ele>
        <time>2024-07-28T08:14:10Z</time>
      </trkpt>
      <trkpt lat="47.359959" lon="8.563643">
        <ele>434</ele>
        <time>2024-07-28T08:21:55Z</time>
      </trkpt>
      <trkpt lat="47.359959" lon="8.563643">
        <ele>434</ele>
        <time>2024-07-28T08:31:55Z</time>
      </trkpt>
      <trkpt lat="47.359959" lon="8.563643">
        <ele>434</ele>
        <time>2024-07-28T08:41:55Z</time>
      </trkpt>
      <trkpt lat="47.359959" lon="8.563643">
        <ele>434</ele>
        <time>2024-07-28T08:51:55Z</time>
      </trkpt>
      <trkpt lat="47.359959" lon="8.563643">
        <ele>434</ele>
        <time>2024-07-28T09:01:55Z</time>
      </trkpt>
      <trkpt lat="47.359959" lon="8.563643">
        <ele>434</ele>
        <time>2024-07-28T09:11:55Z</time>
      </trkpt>
      <trkpt lat="47.359959" lon="8.563643">
        <ele>434</ele>
        <time>2024-07-28T09:21:55Z</time>
      </trkpt>
      <trkpt lat="47.359959" lon="8.563643">
        <ele>434</ele>
        <time>2024-07-28T09:31:55Z</time>
      </trkpt>
      <trkpt lat="47.359959" lon="8.563643">
        <ele>434</ele>
        <time>2024-07-28T09:41:55Z</time>
      </trkpt>
      <trkpt lat="47.359959" lon="8.563643">
        <ele>434</ele>
        <time>2024-07-28T09:51:55Z</time>
      </trkpt>
      <trkpt lat="47.359959" lon="8.563643">
        <ele>434</ele>
        <time>2024-07-28T10:01:55Z</time>
      </trkpt>
      <trkpt lat="47.359959" lon="8.563643">
        <ele>434</ele>
        <time>2024-07-28T10:11:55Z</time>
      </trkpt>
      <trkpt lat="47.359959" lon="8.563643">
        <ele>434</ele>
        <time>2024-07-28T10:21:55Z</time>
      </trkpt>
      <trkpt lat="47.359959" lon="8.563643">
        <ele>434</ele>
        <time>2024-07-28T10:22:33Z</time>
      </trkpt>
      <trkpt lat="47.360229" lon="8.563769">
        <ele>400</ele>
        <time>2024-07-28T14:05:10Z</time>
        <cmt>speed: 0.4</cmt>
      </trkpt>
      <trkpt lat="47.359974" lon="8.56367">
        <ele>434</ele>
        <time>2024-07-28T14:09:51Z</time>
      </trkpt>
      <trkpt lat="47.360122" lon="8.563536">
        <ele>468</ele>
        <time>2024-07-28T14:15:09Z</time>
        <cmt>speed: 1.6</cmt>
      </trkpt>
      <trkpt lat="47.35985" lon="8.561649">
        <ele>448</ele>
        <time>2024-07-28T14:24:57Z</time>
        <cmt>speed: 0.1</cmt>
      </trkpt>
      <trkpt lat="47.359483" lon="8.560294">
        <ele>444</ele>
        <time>2024-07-28T14:34:56Z</time>
        <cmt>speed: 0.3</cmt>
      </trkpt>
      <trkpt lat="47.359505" lon="8.56014">
        <ele>427</ele>
        <time>2024-07-28T14:44:58Z</time>
        <cmt>speed: 0.2</cmt>
      </trkpt>
      <trkpt lat="47.359135" lon="8.55953">
        <ele>458</ele>
        <time>2024-07-28T14:54:58Z</time>
        <cmt>speed: 0.5</cmt>
      </trkpt>
      <trkpt lat="47.358045" lon="8.559772">
        <ele>447</ele>
        <time>2024-07-28T15:04:59Z</time>
        <cmt>speed: 0.4</cmt>
      </trkpt>
      <trkpt lat="47.358045" lon="8.559772">
        <ele>447</ele>
        <time>2024-07-28T15:14:59Z</time>
      </trkpt>
      <trkpt lat="47.357787" lon="8.560116">
        <ele>442</ele>
        <time>2024-07-28T15:15:02Z</time>
        <cmt>speed: 0.1</cmt>
      </trkpt>
      <trkpt lat="47.356992" lon="8.560775">
        <ele>438</ele>
        <time>2024-07-28T15:25:02Z</time>
        <cmt>speed: 0.2</cmt>
      </trkpt>
      <trkpt lat="47.356992" lon="8.560775">
        <ele>438</ele>
        <time>2024-07-28T15:34:55Z</time>
      </trkpt>
      <trkpt lat="47.35698" lon="8.560743">
        <ele>446</ele>
        <time>2024-07-28T15:34:58Z</time>
        <cmt>speed: 0.3</cmt>
      </trkpt>
      <trkpt lat="47.356992" lon="8.560682">
        <ele>458</ele>
        <time>2024-07-28T15:47:36Z</time>
        <cmt>speed: 0.0</cmt>
      </trkpt>
      <trkpt lat="47.356992" lon="8.560682">
        <ele>458</ele>
        <time>2024-07-28T15:57:35Z</time>
      </trkpt>
      <trkpt lat="47.356958" lon="8.560715">
        <ele>463</ele>
        <time>2024-07-28T15:57:38Z</time>
        <cmt>speed: 0.0</cmt>
      </trkpt>
      <trkpt lat="47.356958" lon="8.560715">
        <ele>463</ele>
        <time>2024-07-28T16:17:32Z</time>
      </trkpt>
      <trkpt lat="47.35699" lon="8.560997">
        <ele>431</ele>
        <time>2024-07-28T16:17:35Z</time>
        <cmt>speed: 0.4</cmt>
      </trkpt>
      <trkpt lat="47.356952" lon="8.560789">
        <ele>425</ele>
        <time>2024-07-28T16:27:40Z</time>
        <cmt>speed: 0.1</cmt>
      </trkpt>
      <trkpt lat="47.356967" lon="8.560589">
        <ele>464</ele>
        <time>2024-07-28T16:37:36Z</time>
        <cmt>speed: 0.4</cmt>
      </trkpt>
      <trkpt lat="47.357456" lon="8.561655">
        <ele>433</ele>
        <time>2024-07-28T16:47:40Z</time>
        <cmt>speed: 0.5</cmt>
      </trkpt>
      <trkpt lat="47.357709" lon="8.561758">
        <ele>433</ele>
        <time>2024-07-28T16:57:33Z</time>
        <cmt>speed: 0.3</cmt>
      </trkpt>
      <trkpt lat="47.358147" lon="8.562831">
        <ele>423</ele>
        <time>2024-07-28T17:07:36Z</time>
        <cmt>speed: 0.3</cmt>
      </trkpt>
      <trkpt lat="47.357341" lon="8.563123">
        <ele>500</ele>
        <time>2024-07-28T17:17:33Z</time>
        <cmt>speed: 0.7</cmt>
      </trkpt>
      <trkpt lat="47.35725" lon="8.563669">
        <ele>470</ele>
        <time>2024-07-28T17:27:33Z</time>
        <cmt>speed: 0.6</cmt>
      </trkpt>
      <trkpt lat="47.357895" lon="8.564347">
        <ele>454</ele>
        <time>2024-07-28T17:37:33Z</time>
        <cmt>speed: 0.1</cmt>
      </trkpt>
      <trkpt lat="47.358835" lon="8.56535">
        <ele>465</ele>
        <time>2024-07-28T17:47:32Z</time>
        <cmt>speed: 0.5</cmt>
      </trkpt>
      <trkpt lat="47.35896" lon="8.565615">
        <ele>435</ele>
        <time>2024-07-28T17:57:34Z</time>
        <cmt>speed: 0.0</cmt>
      </trkpt>
      <trkpt lat="47.358883" lon="8.565652">
        <ele>428</ele>
        <time>2024-07-28T18:07:32Z</time>
        <cmt>speed: 0.8</cmt>
      </trkpt>
      <trkpt lat="47.358883" lon="8.565652">
        <ele>428</ele>
        <time>2024-07-28T18:17:30Z</time>
      </trkpt>
      <trkpt lat="47.358882" lon="8.565661">
        <ele>451</ele>
        <time>2024-07-28T18:17:33Z</time>
        <cmt>speed: 0.3</cmt>
      </trkpt>
      <trkpt lat="47.359959" lon="8.563643">
        <ele>434</ele>
        <time>2024-07-28T18:25:51Z</time>
      </trkpt>
      <trkpt lat="47.359959" lon="8.563643">
        <ele>434</ele>
        <time>2024-07-28T18:40:51Z</time>
      </trkpt>
      <trkpt lat="47.359959" lon="8.563643">
        <ele>434</ele>
        <time>2024-07-28T19:57:35Z</time>
      </trkpt>
      <trkpt lat="47.359974" lon="8.56367">
        <ele>434</ele>
        <time>2024-07-29T00:09:57Z</time>
      </trkpt>
      <trkpt lat="47.360753" lon="8.562414">
        <ele>384</ele>
        <time>2024-07-29T00:10:24Z</time>
        <cmt>speed: 1.5</cmt>
      </trkpt>
      <trkpt lat="47.360115" lon="8.560286">
        <ele>433</ele>
        <time>2024-07-29T00:20:09Z</time>
        <cmt>speed: 0.0</cmt>
      </trkpt>
      <trkpt lat="47.359503" lon="8.560805">
        <ele>401</ele>
        <time>2024-07-29T00:30:13Z</time>
        <cmt>speed: 0.8</cmt>
      </trkpt>
      <trkpt lat="47.358949" lon="8.560679">
        <ele>463</ele>
        <time>2024-07-29T00:40:07Z</time>
        <cmt>speed: 0.6</cmt>
      </trkpt>
      <trkpt lat="47.358151" lon="8.560697">
        <ele>456</ele>
        <time>2024-07-29T00:50:05Z</time>
        <cmt>speed: 1.9</cmt>
      </trkpt>
      <trkpt lat="47.357838" lon="8.560918">
        <ele>456</ele>
        <time>2024-07-29T01:00:07Z</time>
        <cmt>speed: 0.6</cmt>
      </trkpt>
      <trkpt lat="47.35828" lon="8.560909">
        <ele>429</ele>
        <time>2024-07-29T01:10:06Z</time>
        <cmt>speed: 0.3</cmt>
      </trkpt>
      <trkpt lat="47.358279" lon="8.560969">
        <ele>401</ele>
        <time>2024-07-29T01:20:07Z</time>
        <cmt>speed: 0.3</cmt>
      </trkpt>
      <trkpt lat="47.358316" lon="8.560821">
        <ele>436</ele>
        <time>2024-07-29T01:30:09Z</time>
        <cmt>speed: 0.4</cmt>
      </trkpt>
      <trkpt lat="47.358401" lon="8.561328">
        <ele>453</ele>
        <time>2024-07-29T01:40:07Z</time>
        <cmt>speed: 0.1</cmt>
      </trkpt>
      <trkpt lat="47.358401" lon="8.561328">
        <ele>453</ele>
        <time>2024-07-29T01:50:05Z</time>
      </trkpt>
      <trkpt lat="47.358405" lon="8.561627">
        <ele>458</ele>
        <time>2024-07-29T01:50:09Z</time>
        <cmt>speed: 0.0</cmt>
      </trkpt>
      <trkpt lat="47.3583" lon="8.56163">
        <ele>429</ele>
        <time>2024-07-29T02:00:06Z</time>
        <cmt>speed: 0.2</cmt>
      </trkpt>
      <trkpt lat="47.359165" lon="8.561471">
        <ele>448</ele>
        <time>2024-07-29T02:10:07Z</time>
        <cmt>speed: 0.5</cmt>
      </trkpt>
      <trkpt lat="47.358651" lon="8.565555">
        <ele>445</ele>
        <time>2024-07-29T02:20:05Z</time>
        <cmt>speed: 0.6</cmt>
      </trkpt>
      <trkpt lat="47.358724" lon="8.565676">
        <ele>457</ele>
        <time>2024-07-29T02:30:05Z</time>
        <cmt>speed: 0.4</cmt>
      </trkpt>
      <trkpt lat="47.358433" lon="8.566055">
        <ele>469</ele>
        <time>2024-07-29T02:40:10Z</time>
        <cmt>speed: 0.1</cmt>
      </trkpt>
      <trkpt lat="47.35845" lon="8.566501">
        <ele>491</ele>
        <time>2024-07-29T02:50:07Z</time>
        <cmt>speed: 0.1</cmt>
      </trkpt>
      <trkpt lat="47.358821" lon="8.566556">
        <ele>375</ele>
        <time>2024-07-29T03:00:07Z</time>
        <cmt>speed: 0.8</cmt>
      </trkpt>
      <trkpt lat="47.358866" lon="8.566589">
        <ele>436</ele>
        <time>2024-07-29T03:10:07Z</time>
        <cmt>speed: 0.1</cmt>
      </trkpt>
      <trkpt lat="47.358858" lon="8.566375">
        <ele>413</ele>
        <time>2024-07-29T03:20:05Z</time>
        <cmt>speed: 0.7</cmt>
      </trkpt>
      <trkpt lat="47.358646" lon="8.565548">
        <ele>443</ele>
        <time>2024-07-29T03:30:05Z</time>
        <cmt>speed: 1.1</cmt>
      </trkpt>
      <trkpt lat="47.358731" lon="8.565447">
        <ele>464</ele>
        <time>2024-07-29T03:40:05Z</time>
        <cmt>speed: 0.8</cmt>
      </trkpt>
      <trkpt lat="47.358473" lon="8.565431">
        <ele>430</ele>
        <time>2024-07-29T03:50:04Z</time>
        <cmt>speed: 1.0</cmt>
      </trkpt>
      <trkpt lat="47.358658" lon="8.565254">
        <ele>466</ele>
        <time>2024-07-29T04:00:06Z</time>
        <cmt>speed: 0.4</cmt>
      </trkpt>
      <trkpt lat="47.358658" lon="8.565254">
        <ele>466</ele>
        <time>2024-07-29T04:10:01Z</time>
      </trkpt>
      <trkpt lat="47.358489" lon="8.565401">
        <ele>465</ele>
        <time>2024-07-29T04:10:06Z</time>
        <cmt>speed: 0.0</cmt>
      </trkpt>
      <trkpt lat="47.358534" lon="8.56543">
        <ele>428</ele>
        <time>2024-07-29T04:20:05Z</time>
        <cmt>speed: 0.1</cmt>
      </trkpt>
      <trkpt lat="47.358534" lon="8.56543">
        <ele>428</ele>
        <time>2024-07-29T04:30:01Z</time>
      </trkpt>
      <trkpt lat="47.358871" lon="8.56544">
        <ele>439</ele>
        <time>2024-07-29T04:30:06Z</time>
        <cmt>speed: 0.9</cmt>
      </trkpt>
      <trkpt lat="47.358444" lon="8.56592">
        <ele>436</ele>
        <time>2024-07-29T04:40:05Z</time>
        <cmt>speed: 0.4</cmt>
      </trkpt>
      <trkpt lat="47.358444" lon="8.56592">
        <ele>436</ele>
        <time>2024-07-29T04:50:01Z</time>
      </trkpt>
      <trkpt lat="47.358507" lon="8.56599">
        <ele>447</ele>
        <time>2024-07-29T04:50:06Z</time>
        <cmt>speed: 0.1</cmt>
      </trkpt>
      <trkpt lat="47.35877" lon="8.565565">
        <ele>461</ele>
        <time>2024-07-29T05:00:05Z</time>
        <cmt>speed: 0.2</cmt>
      </trkpt>
      <trkpt lat="47.359182" lon="8.564764">
        <ele>435</ele>
        <time>2024-07-29T05:10:05Z</time>
        <cmt>speed: 1.8</cmt>
      </trkpt>
      <trkpt lat="47.359959" lon="8.563643">
        <ele>434</ele>
        <time>2024-07-29T05:13:37Z</time>
      </trkpt>
      <trkpt lat="47.359959" lon="8.563643">
        <ele>434</ele>
        <time>2024-07-29T05:28:37Z</time>
      </trkpt>
      <trkpt lat="47.359409" lon="8.563223">
        <ele>483</ele>
        <time>2024-07-29T05:54:48Z</time>
        <cmt>speed: 0.4</cmt>
      </trkpt>
      <trkpt lat="47.359974" lon="8.56367">
        <ele>434</ele>
        <time>2024-07-29T05:57:04Z</time>
      </trkpt>
      <trkpt lat="47.360295" lon="8.562541">
        <ele>486</ele>
        <time>2024-07-29T06:04:45Z</time>
        <cmt>speed: 0.5</cmt>
      </trkpt>
      <trkpt lat="47.358725" lon="8.560667">
        <ele>440</ele>
        <time>2024-07-29T06:14:43Z</time>
        <cmt>speed: 1.2</cmt>
      </trkpt>
      <trkpt lat="47.358113" lon="8.559906">
        <ele>441</ele>
        <time>2024-07-29T06:24:44Z</time>
        <cmt>speed: 0.1</cmt>
      </trkpt>
      <trkpt lat="47.35819" lon="8.560464">
        <ele>449</ele>
        <time>2024-07-29T06:34:46Z</time>
        <cmt>speed: 1.2</cmt>
      </trkpt>
      <trkpt lat="47.35819" lon="8.560464">
        <ele>449</ele>
        <time>2024-07-29T06:44:41Z</time>
      </trkpt>
      <trkpt lat="47.357674" lon="8.560828">
        <ele>435</ele>
        <time>2024-07-29T06:44:47Z</time>
        <cmt>speed: 0.6</cmt>
      </trkpt>
      <trkpt lat="47.357641" lon="8.562143">
        <ele>431</ele>
        <time>2024-07-29T06:54:45Z</time>
        <cmt>speed: 0.6</cmt>
      </trkpt>
      <trkpt lat="47.358153" lon="8.56218">
        <ele>442</ele>
        <time>2024-07-29T07:04:49Z</time>
        <cmt>speed: 0.5</cmt>
      </trkpt>
      <trkpt lat="47.359025" lon="8.561756">
        <ele>443</ele>
        <time>2024-07-29T07:14:43Z</time>
        <cmt>speed: 0.9</cmt>
      </trkpt>
      <trkpt lat="47.359197" lon="8.562955">
        <ele>428</ele>
        <time>2024-07-29T07:24:44Z</time>
        <cmt>speed: 0.6</cmt>
      </trkpt>
      <trkpt lat="47.358713" lon="8.564509">
        <ele>442</ele>
        <time>2024-07-29T07:34:44Z</time>
        <cmt>speed: 0.2</cmt>
      </trkpt>
      <trkpt lat="47.358713" lon="8.564509">
        <ele>442</ele>
        <time>2024-07-29T07:44:44Z</time>
      </trkpt>
      <trkpt lat="47.358567" lon="8.564999">
        <ele>450</ele>
        <time>2024-07-29T07:44:49Z</time>
        <cmt>speed: 0.4</cmt>
      </trkpt>
      <trkpt lat="47.358567" lon="8.564999">
        <ele>450</ele>
        <time>2024-07-29T08:04:42Z</time>
      </trkpt>
      <trkpt lat="47.358626" lon="8.564954">
        <ele>472</ele>
        <time>2024-07-29T08:04:47Z</time>
        <cmt>speed: 0.1</cmt>
      </trkpt>
      <trkpt lat="47.35863" lon="8.564973">
        <ele>462</ele>
        <time>2024-07-29T08:14:44Z</time>
        <cmt>speed: 0.1</cmt>
      </trkpt>
      <trkpt lat="47.358677" lon="8.564847">
        <ele>466</ele>
        <time>2024-07-29T08:34:45Z</time>
        <cmt>speed: 0.0</cmt>
      </trkpt>
      <trkpt lat="47.358677" lon="8.564847">
        <ele>466</ele>
        <time>2024-07-29T08:45:18Z</time>
      </trkpt>
      <trkpt lat="47.358469" lon="8.565117">
        <ele>471</ele>
        <time>2024-07-29T08:45:24Z</time>
        <cmt>speed: 0.4</cmt>
      </trkpt>
      <trkpt lat="47.358469" lon="8.565117">
        <ele>471</ele>
        <time>2024-07-29T09:04:48Z</time>
      </trkpt>
      <trkpt lat="47.358701" lon="8.564796">
        <ele>452</ele>
        <time>2024-07-29T09:04:54Z</time>
        <cmt>speed: 0.9</cmt>
      </trkpt>
      <trkpt lat="47.358623" lon="8.564888">
        <ele>429</ele>
        <time>2024-07-29T09:15:06Z</time>
        <cmt>speed: 0.2</cmt>
      </trkpt>
      <trkpt lat="47.358623" lon="8.564888">
        <ele>429</ele>
        <time>2024-07-29T09:24:47Z</time>
      </trkpt>
      <trkpt lat="47.358597" lon="8.564902">
        <ele>453</ele>
        <time>2024-07-29T09:24:53Z</time>
        <cmt>speed: 0.5</cmt>
      </trkpt>
      <trkpt lat="47.358569" lon="8.564815">
        <ele>456</ele>
        <time>2024-07-29T09:54:56Z</time>
        <cmt>speed: 0.6</cmt>
      </trkpt>
      <trkpt lat="47.358645" lon="8.564951">
        <ele>439</ele>
        <time>2024-07-29T10:34:50Z</time>
        <cmt>speed: 0.1</cmt>
      </trkpt>
      <trkpt lat="47.358645" lon="8.564951">
        <ele>439</ele>
        <time>2024-07-29T10:44:39Z</time>
      </trkpt>
      <trkpt lat="47.358606" lon="8.564871">
        <ele>450</ele>
        <time>2024-07-29T10:54:08Z</time>
        <cmt>speed: 0.3</cmt>
      </trkpt>
      <trkpt lat="47.358637" lon="8.564933">
        <ele>455</ele>
        <time>2024-07-29T11:44:11Z</time>
        <cmt>speed: 0.2</cmt>
      </trkpt>
      <trkpt lat="47.358864" lon="8.566037">
        <ele>430</ele>
        <time>2024-07-29T11:54:05Z</time>
        <cmt>speed: 1.8</cmt>
      </trkpt>
      <trkpt lat="47.359959" lon="8.563643">
        <ele>434</ele>
        <time>2024-07-29T12:02:35Z</time>
      </trkpt>
      <trkpt lat="47.359959" lon="8.563643">
        <ele>434</ele>
        <time>2024-07-29T12:17:35Z</time>
      </trkpt>
      <trkpt lat="47.359974" lon="8.56367">
        <ele>434</ele>
        <time>2024-07-29T16:57:14Z</time>
      </trkpt>
      <trkpt lat="47.359593" lon="8.563956">
        <ele>410</ele>
        <time>2024-07-29T16:57:59Z</time>
        <cmt>speed: 1.5</cmt>
      </trkpt>
      <trkpt lat="47.358868" lon="8.565438">
        <ele>476</ele>
        <time>2024-07-29T17:07:26Z</time>
        <cmt>speed: 0.7</cmt>
      </trkpt>
      <trkpt lat="47.358661" lon="8.56577">
        <ele>473</ele>
        <time>2024-07-29T17:17:23Z</time>
        <cmt>speed: 0.1</cmt>
      </trkpt>
      <trkpt lat="47.358661" lon="8.56577">
        <ele>473</ele>
        <time>2024-07-29T17:17:52Z</time>
      </trkpt>
      <trkpt lat="47.358764" lon="8.565695">
        <ele>437</ele>
        <time>2024-07-29T17:27:25Z</time>
        <cmt>speed: 0.1</cmt>
      </trkpt>
      <trkpt lat="47.358556" lon="8.565846">
        <ele>442</ele>
        <time>2024-07-29T17:37:24Z</time>
        <cmt>speed: 0.4</cmt>
      </trkpt>
      <trkpt lat="47.358458" lon="8.565778">
        <ele>451</ele>
        <time>2024-07-29T17:47:24Z</time>
        <cmt>speed: 0.3</cmt>
      </trkpt>
      <trkpt lat="47.358213" lon="8.565376">
        <ele>470</ele>
        <time>2024-07-29T17:57:25Z</time>
        <cmt>speed: 0.1</cmt>
      </trkpt>
      <trkpt lat="47.358442" lon="8.565217">
        <ele>463</ele>
        <time>2024-07-29T18:07:24Z</time>
        <cmt>speed: 0.2</cmt>
      </trkpt>
      <trkpt lat="47.358442" lon="8.565217">
        <ele>463</ele>
        <time>2024-07-29T18:17:20Z</time>
      </trkpt>
      <trkpt lat="47.358182" lon="8.56536">
        <ele>473</ele>
        <time>2024-07-29T18:17:27Z</time>
        <cmt>speed: 1.0</cmt>
      </trkpt>
      <trkpt lat="47.358251" lon="8.565297">
        <ele>470</ele>
        <time>2024-07-29T18:27:50Z</time>
        <cmt>speed: 0.4</cmt>
      </trkpt>
      <trkpt lat="47.358251" lon="8.565297">
        <ele>470</ele>
        <time>2024-07-29T18:37:18Z</time>
      </trkpt>
      <trkpt lat="47.358232" lon="8.565345">
        <ele>452</ele>
        <time>2024-07-29T18:37:25Z</time>
        <cmt>speed: 0.0</cmt>
      </trkpt>
      <trkpt lat="47.358335" lon="8.565242">
        <ele>454</ele>
        <time>2024-07-29T18:47:25Z</time>
        <cmt>speed: 0.1</cmt>
      </trkpt>
      <trkpt lat="47.358335" lon="8.565242">
        <ele>454</ele>
        <time>2024-07-29T18:57:17Z</time>
      </trkpt>
      <trkpt lat="47.358396" lon="8.564764">
        <ele>459</ele>
        <time>2024-07-29T18:57:24Z</time>
        <cmt>speed: 0.5</cmt>
      </trkpt>
      <trkpt lat="47.35869" lon="8.565495">
        <ele>437</ele>
        <time>2024-07-29T19:07:24Z</time>
        <cmt>speed: 3.3</cmt>
      </trkpt>
      <trkpt lat="47.35902" lon="8.566513">
        <ele>444</ele>
        <time>2024-07-29T19:17:26Z</time>
        <cmt>speed: 0.5</cmt>
      </trkpt>
      <trkpt lat="47.35883" lon="8.566301">
        <ele>481</ele>
        <time>2024-07-29T19:27:24Z</time>
        <cmt>speed: 0.2</cmt>
      </trkpt>
      <trkpt lat="47.35883" lon="8.566301">
        <ele>481</ele>
        <time>2024-07-29T19:37:20Z</time>
      </trkpt>
      <trkpt lat="47.358787" lon="8.566313">
        <ele>452</ele>
        <time>2024-07-29T19:37:28Z</time>
        <cmt>speed: 0.0</cmt>
      </trkpt>
      <trkpt lat="47.358828" lon="8.56644">
        <ele>469</ele>
        <time>2024-07-29T19:47:28Z</time>
        <cmt>speed: 0.0</cmt>
      </trkpt>
      <trkpt lat="47.358828" lon="8.56644">
        <ele>469</ele>
        <time>2024-07-29T19:57:22Z</time>
      </trkpt>
      <trkpt lat="47.359075" lon="8.566589">
        <ele>452</ele>
        <time>2024-07-29T19:57:29Z</time>
        <cmt>speed: 0.1</cmt>
      </trkpt>
      <trkpt lat="47.358984" lon="8.566512">
        <ele>478</ele>
        <time>2024-07-29T20:07:35Z</time>
        <cmt>speed: 0.2</cmt>
      </trkpt>
      <trkpt lat="47.358984" lon="8.566512">
        <ele>478</ele>
        <time>2024-07-29T20:17:17Z</time>
      </trkpt>
      <trkpt lat="47.358808" lon="8.565566">
        <ele>422</ele>
        <time>2024-07-29T20:17:23Z</time>
        <cmt>speed: 0.9</cmt>
      </trkpt>
      <trkpt lat="47.358865" lon="8.565649">
        <ele>473</ele>
        <time>2024-07-29T20:27:24Z</time>
        <cmt>speed: 0.7</cmt>
      </trkpt>
      <trkpt lat="47.35952" lon="8.563402">
        <ele>448</ele>
        <time>2024-07-29T20:37:26Z</time>
        <cmt>speed: 0.1</cmt>
      </trkpt>
      <trkpt lat="47.359009" lon="8.561906">
        <ele>430</ele>
        <time>2024-07-29T20:47:23Z</time>
        <cmt>speed: 1.6</cmt>
      </trkpt>
      <trkpt lat="47.359018" lon="8.561123">
        <ele>441</ele>
        <time>2024-07-29T20:57:24Z</time>
        <cmt>speed: 0.9</cmt>
      </trkpt>
      <trkpt lat="47.358465" lon="8.560344">
        <ele>416</ele>
        <time>2024-07-29T21:07:26Z</time>
        <cmt>speed: 0.8</cmt>
      </trkpt>
      <trkpt lat="47.359339" lon="8.559638">
        <ele>448</ele>
        <time>2024-07-29T21:17:24Z</time>
        <cmt>speed: 0.3</cmt>
      </trkpt>
      <trkpt lat="47.359953" lon="8.559693">
        <ele>439</ele>
        <time>2024-07-29T21:27:27Z</time>
        <cmt>speed: 1.5</cmt>
      </trkpt>
      <trkpt lat="47.35957" lon="8.560588">
        <ele>429</ele>
        <time>2024-07-29T21:37:29Z</time>
        <cmt>speed: 0.0</cmt>
      </trkpt>
      <trkpt lat="47.360313" lon="8.561702">
        <ele>457</ele>
        <time>2024-07-29T21:47:23Z</time>
        <cmt>speed: 0.7</cmt>
      </trkpt>
      <trkpt lat="47.357784" lon="8.562392">
        <ele>504</ele>
        <time>2024-07-29T21:57:25Z</time>
        <cmt>speed: 0.6</cmt>
      </trkpt>
      <trkpt lat="47.357704" lon="8.562304">
        <ele>456</ele>
        <time>2024-07-29T22:07:42Z</time>
        <cmt>speed: 0.5</cmt>
      </trkpt>
      <trkpt lat="47.357782" lon="8.562477">
        <ele>434</ele>
        <time>2024-07-29T22:17:32Z</time>
        <cmt>speed: 0.1</cmt>
      </trkpt>
      <trkpt lat="47.35771" lon="8.56338">
        <ele>430</ele>
        <time>2024-07-29T22:27:27Z</time>
        <cmt>speed: 0.5</cmt>
      </trkpt>
      <trkpt lat="47.357711" lon="8.563497">
        <ele>438</ele>
        <time>2024-07-29T22:37:24Z</time>
        <cmt>speed: 0.6</cmt>
      </trkpt>
      <trkpt lat="47.357852" lon="8.563611">
        <ele>459</ele>
        <time>2024-07-29T22:47:26Z</time>
        <cmt>speed: 0.3</cmt>
      </trkpt>
      <trkpt lat="47.357852" lon="8.563611">
        <ele>459</ele>
        <time>2024-07-29T22:57:17Z</time>
      </trkpt>
      <trkpt lat="47.357782" lon="8.563529">
        <ele>468</ele>
        <time>2024-07-29T22:57:25Z</time>
        <cmt>speed: 0.1</cmt>
      </trkpt>
      <trkpt lat="47.357783" lon="8.563485">
        <ele>461</ele>
        <time>2024-07-29T23:07:27Z</time>
        <cmt>speed: 0.6</cmt>
      </trkpt>
      <trkpt lat="47.357783" lon="8.563485">
        <ele>461</ele>
        <time>2024-07-29T23:17:17Z</time>
      </trkpt>
      <trkpt lat="47.357656" lon="8.563636">
        <ele>419</ele>
        <time>2024-07-29T23:17:25Z</time>
        <cmt>speed: 0.4</cmt>
      </trkpt>
      <trkpt lat="47.357708" lon="8.563628">
        <ele>455</ele>
        <time>2024-07-29T23:27:25Z</time>
        <cmt>speed: 0.1</cmt>
      </trkpt>
      <trkpt lat="47.357708" lon="8.563628">
        <ele>455</ele>
        <time>2024-07-29T23:37:16Z</time>
      </trkpt>
      <trkpt lat="47.358049" lon="8.563449">
        <ele>489</ele>
        <time>2024-07-29T23:37:24Z</time>
        <cmt>speed: 0.3</cmt>
      </trkpt>
      <trkpt lat="47.357769" lon="8.563497">
        <ele>442</ele>
        <time>2024-07-29T23:47:25Z</time>
        <cmt>speed: 0.3</cmt>
      </trkpt>
      <trkpt lat="47.357769" lon="8.563497">
        <ele>442</ele>
        <time>2024-07-29T23:57:16Z</time>
      </trkpt>
      <trkpt lat="47.357728" lon="8.563672">
        <ele>460</ele>
        <time>2024-07-29T23:57:24Z</time>
        <cmt>speed: 1.2</cmt>
      </trkpt>
      <trkpt lat="47.357625" lon="8.563822">
        <ele>494</ele>
        <time>2024-07-30T00:07:24Z</time>
        <cmt>speed: 1.8</cmt>
      </trkpt>
      <trkpt lat="47.359264" lon="8.56344">
        <ele>453</ele>
        <time>2024-07-30T00:17:34Z</time>
        <cmt>speed: 0.2</cmt>
      </trkpt>
      <trkpt lat="47.359272" lon="8.563448">
        <ele>449</ele>
        <time>2024-07-30T00:27:25Z</time>
        <cmt>speed: 0.4</cmt>
      </trkpt>
      <trkpt lat="47.359272" lon="8.563448">
        <ele>449</ele>
        <time>2024-07-30T00:37:37Z</time>
      </trkpt>
      <trkpt lat="47.359575" lon="8.563797">
        <ele>482</ele>
        <time>2024-07-30T00:37:45Z</time>
        <cmt>speed: 0.4</cmt>
      </trkpt>
      <trkpt lat="47.359165" lon="8.564893">
        <ele>460</ele>
        <time>2024-07-30T00:47:25Z</time>
        <cmt>speed: 1.1</cmt>
      </trkpt>
      <trkpt lat="47.359165" lon="8.564893">
        <ele>460</ele>
        <time>2024-07-30T00:57:17Z</time>
      </trkpt>
      <trkpt lat="47.358884" lon="8.565534">
        <ele>454</ele>
        <time>2024-07-30T00:57:25Z</time>
        <cmt>speed: 0.5</cmt>
      </trkpt>
      <trkpt lat="47.358826" lon="8.565709">
        <ele>467</ele>
        <time>2024-07-30T01:07:24Z</time>
        <cmt>speed: 0.3</cmt>
      </trkpt>
      <trkpt lat="47.358627" lon="8.565826">
        <ele>471</ele>
        <time>2024-07-30T01:17:27Z</time>
        <cmt>speed: 0.3</cmt>
      </trkpt>
      <trkpt lat="47.358683" lon="8.565335">
        <ele>446</ele>
        <time>2024-07-30T01:27:25Z</time>
        <cmt>speed: 0.0</cmt>
      </trkpt>
      <trkpt lat="47.358897" lon="8.565579">
        <ele>444</ele>
        <time>2024-07-30T01:37:28Z</time>
        <cmt>speed: 0.1</cmt>
      </trkpt>
      <trkpt lat="47.358892" lon="8.566839">
        <ele>428</ele>
        <time>2024-07-30T01:47:33Z</time>
        <cmt>speed: 0.6</cmt>
      </trkpt>
      <trkpt lat="47.358892" lon="8.566839">
        <ele>428</ele>
        <time>2024-07-30T01:57:28Z</time>
      </trkpt>
      <trkpt lat="47.358466" lon="8.566499">
        <ele>437</ele>
        <time>2024-07-30T01:57:37Z</time>
        <cmt>speed: 0.0</cmt>
      </trkpt>
      <trkpt lat="47.358571" lon="8.566501">
        <ele>452</ele>
        <time>2024-07-30T02:07:30Z</time>
        <cmt>speed: 0.2</cmt>
      </trkpt>
      <trkpt lat="47.358869" lon="8.566906">
        <ele>450</ele>
        <time>2024-07-30T02:17:31Z</time>
        <cmt>speed: 2.1</cmt>
      </trkpt>
      <trkpt lat="47.35884" lon="8.566668">
        <ele>436</ele>
        <time>2024-07-30T02:27:29Z</time>
        <cmt>speed: 0.9</cmt>
      </trkpt>
      <trkpt lat="47.358475" lon="8.567439">
        <ele>413</ele>
        <time>2024-07-30T02:37:27Z</time>
        <cmt>speed: 0.6</cmt>
      </trkpt>
      <trkpt lat="47.358618" lon="8.566466">
        <ele>457</ele>
        <time>2024-07-30T02:47:25Z</time>
        <cmt>speed: 1.0</cmt>
      </trkpt>
      <trkpt lat="47.358651" lon="8.565041">
        <ele>439</ele>
        <time>2024-07-30T02:57:25Z</time>
        <cmt>speed: 0.9</cmt>
      </trkpt>
      <trkpt lat="47.358066" lon="8.561042">
        <ele>474</ele>
        <time>2024-07-30T03:17:26Z</time>
        <cmt>speed: 0.1</cmt>
      </trkpt>
      <trkpt lat="47.357738" lon="8.561497">
        <ele>437</ele>
        <time>2024-07-30T03:27:25Z</time>
        <cmt>speed: 0.6</cmt>
      </trkpt>
      <trkpt lat="47.358228" lon="8.562238">
        <ele>427</ele>
        <time>2024-07-30T03:37:26Z</time>
        <cmt>speed: 1.0</cmt>
      </trkpt>
      <trkpt lat="47.358365" lon="8.561745">
        <ele>431</ele>
        <time>2024-07-30T03:47:24Z</time>
        <cmt>speed: 0.6</cmt>
      </trkpt>
      <trkpt lat="47.358365" lon="8.561745">
        <ele>431</ele>
        <time>2024-07-30T03:57:16Z</time>
      </trkpt>
      <trkpt lat="47.358204" lon="8.56172">
        <ele>430</ele>
        <time>2024-07-30T03:57:24Z</time>
        <cmt>speed: 3.3</cmt>
      </trkpt>
      <trkpt lat="47.358186" lon="8.561691">
        <ele>438</ele>
        <time>2024-07-30T04:07:27Z</time>
        <cmt>speed: 0.0</cmt>
      </trkpt>
      <trkpt lat="47.358186" lon="8.561691">
        <ele>438</ele>
        <time>2024-07-30T04:17:18Z</time>
      </trkpt>
      <trkpt lat="47.358264" lon="8.561694">
        <ele>415</ele>
        <time>2024-07-30T04:17:27Z</time>
        <cmt>speed: 0.2</cmt>
      </trkpt>
      <trkpt lat="47.358296" lon="8.561612">
        <ele>425</ele>
        <time>2024-07-30T04:27:25Z</time>
        <cmt>speed: 0.2</cmt>
      </trkpt>
      <trkpt lat="47.358296" lon="8.561612">
        <ele>425</ele>
        <time>2024-07-30T04:37:16Z</time>
      </trkpt>
      <trkpt lat="47.358196" lon="8.561824">
        <ele>447</ele>
        <time>2024-07-30T04:37:24Z</time>
        <cmt>speed: 0.3</cmt>
      </trkpt>
      <trkpt lat="47.358305" lon="8.561529">
        <ele>453</ele>
        <time>2024-07-30T04:47:25Z</time>
        <cmt>speed: 3.3</cmt>
      </trkpt>
      <trkpt lat="47.358368" lon="8.561463">
        <ele>403</ele>
        <time>2024-07-30T04:57:25Z</time>
        <cmt>speed: 0.3</cmt>
      </trkpt>
      <trkpt lat="47.358122" lon="8.562887">
        <ele>388</ele>
        <time>2024-07-30T05:07:27Z</time>
        <cmt>speed: 0.8</cmt>
      </trkpt>
      <trkpt lat="47.358039" lon="8.562889">
        <ele>407</ele>
        <time>2024-07-30T05:17:54Z</time>
        <cmt>speed: 1.0</cmt>
      </trkpt>
      <trkpt lat="47.357525" lon="8.563288">
        <ele>433</ele>
        <time>2024-07-30T05:27:27Z</time>
        <cmt>speed: 0.4</cmt>
      </trkpt>
      <trkpt lat="47.356606" lon="8.563275">
        <ele>457</ele>
        <time>2024-07-30T05:37:26Z</time>
        <cmt>speed: 0.1</cmt>
      </trkpt>
      <trkpt lat="47.356461" lon="8.564316">
        <ele>460</ele>
        <time>2024-07-30T05:47:28Z</time>
        <cmt>speed: 0.3</cmt>
      </trkpt>
      <trkpt lat="47.357114" lon="8.565737">
        <ele>439</ele>
        <time>2024-07-30T05:57:26Z</time>
        <cmt>speed: 0.1</cmt>
      </trkpt>
      <trkpt lat="47.357503" lon="8.566135">
        <ele>469</ele>
        <time>2024-07-30T06:07:27Z</time>
        <cmt>speed: 0.1</cmt>
      </trkpt>
      <trkpt lat="47.358405" lon="8.565949">
        <ele>454</ele>
        <time>2024-07-30T06:17:25Z</time>
        <cmt>speed: 0.1</cmt>
      </trkpt>
      <trkpt lat="47.359752" lon="8.563871">
        <ele>441</ele>
        <time>2024-07-30T06:27:28Z</time>
        <cmt>speed: 1.3</cmt>
      </trkpt>
      <trkpt lat="47.359959" lon="8.563643">
        <ele>434</ele>
        <time>2024-07-30T06:33:43Z</time>
      </trkpt>
      <trkpt lat="47.359959" lon="8.563643">
        <ele>434</ele>
        <time>2024-07-30T06:48:43Z</time>
      </trkpt>
      <trkpt lat="47.359959" lon="8.563643">
        <ele>434</ele>
        <time>2024-07-30T13:21:22Z</time>
      </trkpt>
      <trkpt lat="47.359959" lon="8.563643">
        <ele>434</ele>
        <time>2024-07-30T13:31:36Z</time>
      </trkpt>
      <trkpt lat="47.359959" lon="8.563643">
        <ele>434</ele>
        <time>2024-07-30T13:41:36Z</time>
      </trkpt>
      <trkpt lat="47.359959" lon="8.563643">
        <ele>434</ele>
        <time>2024-07-30T13:51:36Z</time>
      </trkpt>
      <trkpt lat="47.359959" lon="8.563643">
        <ele>434</ele>
        <time>2024-07-30T14:01:36Z</time>
      </trkpt>
      <trkpt lat="47.359959" lon="8.563643">
        <ele>434</ele>
        <time>2024-07-30T14:11:36Z</time>
      </trkpt>
      <trkpt lat="47.359959" lon="8.563643">
        <ele>434</ele>
        <time>2024-07-30T14:21:36Z</time>
      </trkpt>
      <trkpt lat="47.359959" lon="8.563643">
        <ele>434</ele>
        <time>2024-07-30T14:27:07Z</time>
      </trkpt>
      <trkpt lat="47.359959" lon="8.563643">
        <ele>434</ele>
        <time>2024-07-30T14:37:08Z</time>
      </trkpt>
      <trkpt lat="47.359959" lon="8.563643">
        <ele>434</ele>
        <time>2024-07-30T14:47:08Z</time>
      </trkpt>
      <trkpt lat="47.359959" lon="8.563643">
        <ele>434</ele>
        <time>2024-07-30T14:57:08Z</time>
      </trkpt>
      <trkpt lat="47.359959" lon="8.563643">
        <ele>434</ele>
        <time>2024-07-30T15:07:08Z</time>
      </trkpt>
      <trkpt lat="47.359959" lon="8.563643">
        <ele>434</ele>
        <time>2024-07-30T15:17:08Z</time>
      </trkpt>
      <trkpt lat="47.359959" lon="8.563643">
        <ele>434</ele>
        <time>2024-07-30T15:27:08Z</time>
      </trkpt>
      <trkpt lat="47.359959" lon="8.563643">
        <ele>434</ele>
        <time>2024-07-30T15:37:08Z</time>
      </trkpt>
      <trkpt lat="47.359959" lon="8.563643">
        <ele>434</ele>
        <time>2024-07-30T15:47:08Z</time>
      </trkpt>
      <trkpt lat="47.359959" lon="8.563643">
        <ele>434</ele>
        <time>2024-07-30T15:57:08Z</time>
      </trkpt>
      <trkpt lat="47.359959" lon="8.563643">
        <ele>434</ele>
        <time>2024-07-30T16:07:08Z</time>
      </trkpt>
      <trkpt lat="47.359959" lon="8.563643">
        <ele>434</ele>
        <time>2024-07-30T16:17:08Z</time>
      </trkpt>
      <trkpt lat="47.359959" lon="8.563643">
        <ele>434</ele>
        <time>2024-07-30T16:27:08Z</time>
      </trkpt>
      <trkpt lat="47.359959" lon="8.563643">
        <ele>434</ele>
        <time>2024-07-30T16:37:08Z</time>
      </trkpt>
      <trkpt lat="47.359959" lon="8.563643">
        <ele>434</ele>
        <time>2024-07-30T16:47:08Z</time>
      </trkpt>
      <trkpt lat="47.359959" lon="8.563643">
        <ele>434</ele>
        <time>2024-07-30T16:57:08Z</time>
      </trkpt>
      <trkpt lat="47.359959" lon="8.563643">
        <ele>434</ele>
        <time>2024-07-30T17:07:08Z</time>
      </trkpt>
      <trkpt lat="47.359959" lon="8.563643">
        <ele>434</ele>
        <time>2024-07-30T17:17:08Z</time>
      </trkpt>
      <trkpt lat="47.359959" lon="8.563643">
        <ele>434</ele>
        <time>2024-07-30T17:27:08Z</time>
      </trkpt>
      <trkpt lat="47.359959" lon="8.563643">
        <ele>434</ele>
        <time>2024-07-30T17:37:08Z</time>
      </trkpt>
      <trkpt lat="47.359959" lon="8.563643">
        <ele>434</ele>
        <time>2024-07-30T17:47:08Z</time>
      </trkpt>
      <trkpt lat="47.359959" lon="8.563643">
        <ele>434</ele>
        <time>2024-07-30T17:57:08Z</time>
      </trkpt>
      <trkpt lat="47.359959" lon="8.563643">
        <ele>434</ele>
        <time>2024-07-30T18:07:08Z</time>
      </trkpt>
      <trkpt lat="47.359959" lon="8.563643">
        <ele>434</ele>
        <time>2024-07-30T18:17:08Z</time>
      </trkpt>
      <trkpt lat="47.359959" lon="8.563643">
        <ele>434</ele>
        <time>2024-07-30T18:27:08Z</time>
      </trkpt>
      <trkpt lat="47.359959" lon="8.563643">
        <ele>434</ele>
        <time>2024-07-30T18:37:08Z</time>
      </trkpt>
      <trkpt lat="47.359959" lon="8.563643">
        <ele>434</ele>
        <time>2024-07-30T18:47:08Z</time>
      </trkpt>
      <trkpt lat="47.359959" lon="8.563643">
        <ele>434</ele>
        <time>2024-07-30T18:57:08Z</time>
      </trkpt>
      <trkpt lat="47.359959" lon="8.563643">
        <ele>434</ele>
        <time>2024-07-30T19:07:08Z</time>
      </trkpt>
      <trkpt lat="47.359959" lon="8.563643">
        <ele>434</ele>
        <time>2024-07-30T19:17:08Z</time>
      </trkpt>
      <trkpt lat="47.359959" lon="8.563643">
        <ele>434</ele>
        <time>2024-07-30T19:27:08Z</time>
      </trkpt>
      <trkpt lat="47.359959" lon="8.563643">
        <ele>434</ele>
        <time>2024-07-30T19:37:08Z</time>
      </trkpt>
      <trkpt lat="47.359959" lon="8.563643">
        <ele>434</ele>
        <time>2024-07-30T19:47:08Z</time>
      </trkpt>
      <trkpt lat="47.359959" lon="8.563643">
        <ele>434</ele>
        <time>2024-07-30T19:57:08Z</time>
      </trkpt>
      <trkpt lat="47.359959" lon="8.563643">
        <ele>434</ele>
        <time>2024-07-30T20:07:08Z</time>
      </trkpt>
      <trkpt lat="47.359959" lon="8.563643">
        <ele>434</ele>
        <time>2024-07-30T20:17:08Z</time>
      </trkpt>
      <trkpt lat="47.359959" lon="8.563643">
        <ele>434</ele>
        <time>2024-07-30T20:27:08Z</time>
      </trkpt>
      <trkpt lat="47.359959" lon="8.563643">
        <ele>434</ele>
        <time>2024-07-30T20:37:08Z</time>
      </trkpt>
      <trkpt lat="47.359959" lon="8.563643">
        <ele>434</ele>
        <time>2024-07-30T20:47:08Z</time>
      </trkpt>
      <trkpt lat="47.359959" lon="8.563643">
        <ele>434</ele>
        <time>2024-07-30T20:57:08Z</time>
      </trkpt>
      <trkpt lat="47.359959" lon="8.563643">
        <ele>434</ele>
        <time>2024-07-30T21:07:08Z</time>
      </trkpt>
      <trkpt lat="47.359959" lon="8.563643">
        <ele>434</ele>
        <time>2024-07-30T21:17:08Z</time>
      </trkpt>
      <trkpt lat="47.359959" lon="8.563643">
        <ele>434</ele>
        <time>2024-07-30T21:27:08Z</time>
      </trkpt>
      <trkpt lat="47.359959" lon="8.563643">
        <ele>434</ele>
        <time>2024-07-30T21:37:08Z</time>
      </trkpt>
      <trkpt lat="47.359959" lon="8.563643">
        <ele>434</ele>
        <time>2024-07-30T21:47:08Z</time>
      </trkpt>
      <trkpt lat="47.359959" lon="8.563643">
        <ele>434</ele>
        <time>2024-07-30T21:57:08Z</time>
      </trkpt>
    </trkseg>
  </trk>
</gpx>
