<?xml version="1.0"?>
<gpx creator="Tractive GeoData Util" version="1.1" xmlns="http://www.topografix.com/GPX/1/1" xmlns:xsi="http://www.w3.org/2001/XMLSchema-instance" xsi:schemaLocation="http://www.topografix.com/GPX/1/1 http://www.topografix.com/GPX/1/1/gpx.xsd">
  <metadata>
    <link href="https://tractive.com">
      <text>Generated by Tractive Platform Service</text>
    </link>
  </metadata>
  <trk>
    <name>Tracker UDQAWWIU, 2024-10-01T04:02:18+00:00 2024-10-29T19:51:38+00:00</name>
    <trkseg>
      <trkpt lat="47.359959" lon="8.563643">
        <ele>434</ele>
        <time>2024-10-01T04:02:18Z</time>
      </trkpt>
      <trkpt lat="47.359959" lon="8.563643">
        <ele>434</ele>
        <time>2024-10-01T16:02:37Z</time>
      </trkpt>
      <trkpt lat="47.359959" lon="8.563643">
        <ele>434</ele>
        <time>2024-10-02T04:02:56Z</time>
      </trkpt>
      <trkpt lat="47.359959" lon="8.563643">
        <ele>434</ele>
        <time>2024-10-02T06:22:53Z</time>
      </trkpt>
      <trkpt lat="47.359959" lon="8.563643">
        <ele>434</ele>
        <time>2024-10-02T06:33:10Z</time>
      </trkpt>
      <trkpt lat="47.359959" lon="8.563643">
        <ele>434</ele>
        <time>2024-10-02T06:43:10Z</time>
      </trkpt>
      <trkpt lat="47.359959" lon="8.563643">
        <ele>434</ele>
        <time>2024-10-02T06:53:10Z</time>
      </trkpt>
      <trkpt lat="47.359959" lon="8.563643">
        <ele>434</ele>
        <time>2024-10-02T07:03:10Z</time>
      </trkpt>
      <trkpt lat="47.359959" lon="8.563643">
        <ele>434</ele>
        <time>2024-10-02T07:13:10Z</time>
      </trkpt>
      <trkpt lat="47.359959" lon="8.563643">
        <ele>434</ele>
        <time>2024-10-02T07:23:10Z</time>
      </trkpt>
      <trkpt lat="47.359959" lon="8.563643">
        <ele>434</ele>
        <time>2024-10-02T07:33:10Z</time>
      </trkpt>
      <trkpt lat="47.359959" lon="8.563643">
        <ele>434</ele>
        <time>2024-10-02T07:43:10Z</time>
      </trkpt>
      <trkpt lat="47.359959" lon="8.563643">
        <ele>434</ele>
        <time>2024-10-02T07:53:10Z</time>
      </trkpt>
      <trkpt lat="47.359959" lon="8.563643">
        <ele>434</ele>
        <time>2024-10-02T08:03:10Z</time>
      </trkpt>
      <trkpt lat="47.359959" lon="8.563643">
        <ele>434</ele>
        <time>2024-10-02T08:08:24Z</time>
      </trkpt>
      <trkpt lat="47.359959" lon="8.563643">
        <ele>434</ele>
        <time>2024-10-02T08:18:24Z</time>
      </trkpt>
      <trkpt lat="47.359959" lon="8.563643">
        <ele>434</ele>
        <time>2024-10-02T08:28:24Z</time>
      </trkpt>
      <trkpt lat="47.359959" lon="8.563643">
        <ele>434</ele>
        <time>2024-10-02T08:38:24Z</time>
      </trkpt>
      <trkpt lat="47.359959" lon="8.563643">
        <ele>434</ele>
        <time>2024-10-02T08:48:24Z</time>
      </trkpt>
      <trkpt lat="47.359959" lon="8.563643">
        <ele>434</ele>
        <time>2024-10-02T08:58:24Z</time>
      </trkpt>
      <trkpt lat="47.359959" lon="8.563643">
        <ele>434</ele>
        <time>2024-10-02T09:08:24Z</time>
      </trkpt>
      <trkpt lat="47.359959" lon="8.563643">
        <ele>434</ele>
        <time>2024-10-02T09:18:24Z</time>
      </trkpt>
      <trkpt lat="47.359959" lon="8.563643">
        <ele>434</ele>
        <time>2024-10-02T09:28:24Z</time>
      </trkpt>
      <trkpt lat="47.359959" lon="8.563643">
        <ele>434</ele>
        <time>2024-10-02T09:38:24Z</time>
      </trkpt>
      <trkpt lat="47.359959" lon="8.563643">
        <ele>434</ele>
        <time>2024-10-02T09:48:24Z</time>
      </trkpt>
      <trkpt lat="47.359959" lon="8.563643">
        <ele>434</ele>
        <time>2024-10-02T09:58:24Z</time>
      </trkpt>
      <trkpt lat="47.359959" lon="8.563643">
        <ele>434</ele>
        <time>2024-10-02T10:08:24Z</time>
      </trkpt>
      <trkpt lat="47.359959" lon="8.563643">
        <ele>434</ele>
        <time>2024-10-02T10:18:24Z</time>
      </trkpt>
      <trkpt lat="47.359959" lon="8.563643">
        <ele>434</ele>
        <time>2024-10-02T10:28:24Z</time>
      </trkpt>
      <trkpt lat="47.359959" lon="8.563643">
        <ele>434</ele>
        <time>2024-10-02T10:35:17Z</time>
      </trkpt>
      <trkpt lat="47.359959" lon="8.563643">
        <ele>434</ele>
        <time>2024-10-02T10:50:17Z</time>
      </trkpt>
      <trkpt lat="47.359959" lon="8.563643">
        <ele>434</ele>
        <time>2024-10-02T21:35:59Z</time>
      </trkpt>
      <trkpt lat="47.360359" lon="8.563013">
        <ele>452</ele>
        <time>2024-10-02T21:36:25Z</time>
        <cmt>speed: 0.6</cmt>
      </trkpt>
      <trkpt lat="47.359334" lon="8.561221">
        <ele>411</ele>
        <time>2024-10-02T21:46:03Z</time>
        <cmt>speed: 0.4</cmt>
      </trkpt>
      <trkpt lat="47.359334" lon="8.561221">
        <ele>411</ele>
        <time>2024-10-02T21:56:25Z</time>
      </trkpt>
      <trkpt lat="47.359297" lon="8.56134">
        <ele>451</ele>
        <time>2024-10-02T21:59:19Z</time>
        <cmt>speed: 0.1</cmt>
      </trkpt>
      <trkpt lat="47.359395" lon="8.561097">
        <ele>440</ele>
        <time>2024-10-02T22:09:21Z</time>
        <cmt>speed: 1.2</cmt>
      </trkpt>
      <trkpt lat="47.359379" lon="8.561344">
        <ele>416</ele>
        <time>2024-10-02T22:19:23Z</time>
        <cmt>speed: 0.2</cmt>
      </trkpt>
      <trkpt lat="47.359379" lon="8.561344">
        <ele>416</ele>
        <time>2024-10-02T22:19:23Z</time>
      </trkpt>
      <trkpt lat="47.359148" lon="8.560614">
        <ele>460</ele>
        <time>2024-10-02T22:29:21Z</time>
        <cmt>speed: 0.7</cmt>
      </trkpt>
      <trkpt lat="47.357974" lon="8.560997">
        <ele>449</ele>
        <time>2024-10-02T22:39:19Z</time>
        <cmt>speed: 0.3</cmt>
      </trkpt>
      <trkpt lat="47.358062" lon="8.560961">
        <ele>445</ele>
        <time>2024-10-02T22:49:18Z</time>
        <cmt>speed: 0.4</cmt>
      </trkpt>
      <trkpt lat="47.357897" lon="8.560829">
        <ele>408</ele>
        <time>2024-10-02T22:59:19Z</time>
        <cmt>speed: 0.1</cmt>
      </trkpt>
      <trkpt lat="47.357897" lon="8.560829">
        <ele>408</ele>
        <time>2024-10-02T22:59:19Z</time>
      </trkpt>
      <trkpt lat="47.359825" lon="8.561184">
        <ele>436</ele>
        <time>2024-10-02T23:19:27Z</time>
        <cmt>speed: 0.5</cmt>
      </trkpt>
      <trkpt lat="47.359962" lon="8.561359">
        <ele>469</ele>
        <time>2024-10-02T23:29:21Z</time>
        <cmt>speed: 0.5</cmt>
      </trkpt>
      <trkpt lat="47.36016" lon="8.561543">
        <ele>437</ele>
        <time>2024-10-02T23:39:24Z</time>
        <cmt>speed: 0.7</cmt>
      </trkpt>
      <trkpt lat="47.36016" lon="8.561543">
        <ele>437</ele>
        <time>2024-10-02T23:39:24Z</time>
      </trkpt>
      <trkpt lat="47.36016" lon="8.561543">
        <ele>437</ele>
        <time>2024-10-02T23:56:25Z</time>
      </trkpt>
      <trkpt lat="47.360191" lon="8.561212">
        <ele>441</ele>
        <time>2024-10-03T00:00:38Z</time>
        <cmt>speed: 0.5</cmt>
      </trkpt>
      <trkpt lat="47.360027" lon="8.561505">
        <ele>420</ele>
        <time>2024-10-03T00:11:01Z</time>
        <cmt>speed: 0.1</cmt>
      </trkpt>
      <trkpt lat="47.360027" lon="8.561505">
        <ele>420</ele>
        <time>2024-10-03T00:16:25Z</time>
      </trkpt>
      <trkpt lat="47.36016" lon="8.561393">
        <ele>440</ele>
        <time>2024-10-03T01:07:12Z</time>
        <cmt>speed: 0.5</cmt>
      </trkpt>
      <trkpt lat="47.359999" lon="8.561414">
        <ele>483</ele>
        <time>2024-10-03T01:41:26Z</time>
        <cmt>speed: 0.0</cmt>
      </trkpt>
      <trkpt lat="47.360091" lon="8.561457">
        <ele>455</ele>
        <time>2024-10-03T01:51:16Z</time>
        <cmt>speed: 0.0</cmt>
      </trkpt>
      <trkpt lat="47.36009" lon="8.561234">
        <ele>481</ele>
        <time>2024-10-03T02:32:08Z</time>
        <cmt>speed: 0.1</cmt>
      </trkpt>
      <trkpt lat="47.35992" lon="8.561643">
        <ele>455</ele>
        <time>2024-10-03T02:41:59Z</time>
        <cmt>speed: 0.9</cmt>
      </trkpt>
      <trkpt lat="47.35992" lon="8.561643">
        <ele>455</ele>
        <time>2024-10-03T02:41:59Z</time>
      </trkpt>
      <trkpt lat="47.360011" lon="8.561518">
        <ele>439</ele>
        <time>2024-10-03T04:13:43Z</time>
        <cmt>speed: 0.1</cmt>
      </trkpt>
      <trkpt lat="47.360272" lon="8.56092">
        <ele>433</ele>
        <time>2024-10-03T04:24:10Z</time>
        <cmt>speed: 0.8</cmt>
      </trkpt>
      <trkpt lat="47.359982" lon="8.559876">
        <ele>415</ele>
        <time>2024-10-03T04:33:42Z</time>
        <cmt>speed: 0.1</cmt>
      </trkpt>
      <trkpt lat="47.360091" lon="8.558532">
        <ele>420</ele>
        <time>2024-10-03T04:43:41Z</time>
        <cmt>speed: 0.8</cmt>
      </trkpt>
      <trkpt lat="47.35995" lon="8.55812">
        <ele>423</ele>
        <time>2024-10-03T04:53:41Z</time>
        <cmt>speed: 1.6</cmt>
      </trkpt>
      <trkpt lat="47.359132" lon="8.56015">
        <ele>475</ele>
        <time>2024-10-03T05:03:43Z</time>
        <cmt>speed: 0.6</cmt>
      </trkpt>
      <trkpt lat="47.358717" lon="8.561271">
        <ele>404</ele>
        <time>2024-10-03T05:13:41Z</time>
        <cmt>speed: 1.3</cmt>
      </trkpt>
      <trkpt lat="47.358717" lon="8.561271">
        <ele>404</ele>
        <time>2024-10-03T05:21:12Z</time>
      </trkpt>
      <trkpt lat="47.358462" lon="8.561245">
        <ele>469</ele>
        <time>2024-10-03T05:24:02Z</time>
        <cmt>speed: 0.2</cmt>
      </trkpt>
      <trkpt lat="47.358484" lon="8.561331">
        <ele>458</ele>
        <time>2024-10-03T05:34:02Z</time>
        <cmt>speed: 0.0</cmt>
      </trkpt>
      <trkpt lat="47.358484" lon="8.561331">
        <ele>458</ele>
        <time>2024-10-03T05:43:59Z</time>
      </trkpt>
      <trkpt lat="47.35849" lon="8.561135">
        <ele>410</ele>
        <time>2024-10-03T05:44:00Z</time>
        <cmt>speed: 0.3</cmt>
      </trkpt>
      <trkpt lat="47.358618" lon="8.561098">
        <ele>439</ele>
        <time>2024-10-03T05:54:00Z</time>
        <cmt>speed: 1.1</cmt>
      </trkpt>
      <trkpt lat="47.358618" lon="8.561098">
        <ele>439</ele>
        <time>2024-10-03T06:03:59Z</time>
      </trkpt>
      <trkpt lat="47.358522" lon="8.561153">
        <ele>429</ele>
        <time>2024-10-03T06:04:00Z</time>
        <cmt>speed: 0.0</cmt>
      </trkpt>
      <trkpt lat="47.35864" lon="8.561042">
        <ele>435</ele>
        <time>2024-10-03T06:14:00Z</time>
        <cmt>speed: 0.4</cmt>
      </trkpt>
      <trkpt lat="47.35864" lon="8.561042">
        <ele>435</ele>
        <time>2024-10-03T06:24:02Z</time>
      </trkpt>
      <trkpt lat="47.358619" lon="8.561249">
        <ele>432</ele>
        <time>2024-10-03T06:24:03Z</time>
        <cmt>speed: 0.0</cmt>
      </trkpt>
      <trkpt lat="47.358699" lon="8.561236">
        <ele>412</ele>
        <time>2024-10-03T06:34:02Z</time>
        <cmt>speed: 0.0</cmt>
      </trkpt>
      <trkpt lat="47.358061" lon="8.559771">
        <ele>444</ele>
        <time>2024-10-03T06:54:04Z</time>
        <cmt>speed: 0.4</cmt>
      </trkpt>
      <trkpt lat="47.358076" lon="8.560201">
        <ele>450</ele>
        <time>2024-10-03T07:04:00Z</time>
        <cmt>speed: 2.7</cmt>
      </trkpt>
      <trkpt lat="47.357709" lon="8.563193">
        <ele>435</ele>
        <time>2024-10-03T07:24:02Z</time>
        <cmt>speed: 1.2</cmt>
      </trkpt>
      <trkpt lat="47.358755" lon="8.56209">
        <ele>453</ele>
        <time>2024-10-03T07:34:01Z</time>
        <cmt>speed: 0.3</cmt>
      </trkpt>
      <trkpt lat="47.358755" lon="8.56209">
        <ele>453</ele>
        <time>2024-10-03T07:43:59Z</time>
      </trkpt>
      <trkpt lat="47.359983" lon="8.561616">
        <ele>445</ele>
        <time>2024-10-03T07:44:00Z</time>
        <cmt>speed: 0.9</cmt>
      </trkpt>
      <trkpt lat="47.359258" lon="8.562042">
        <ele>430</ele>
        <time>2024-10-03T07:53:59Z</time>
        <cmt>speed: 0.2</cmt>
      </trkpt>
      <trkpt lat="47.359258" lon="8.562042">
        <ele>430</ele>
        <time>2024-10-03T08:03:59Z</time>
      </trkpt>
      <trkpt lat="47.35873" lon="8.560965">
        <ele>461</ele>
        <time>2024-10-03T08:04:00Z</time>
        <cmt>speed: 0.0</cmt>
      </trkpt>
      <trkpt lat="47.358976" lon="8.560462">
        <ele>451</ele>
        <time>2024-10-03T08:14:00Z</time>
        <cmt>speed: 0.7</cmt>
      </trkpt>
      <trkpt lat="47.358976" lon="8.560462">
        <ele>451</ele>
        <time>2024-10-03T08:24:01Z</time>
      </trkpt>
      <trkpt lat="47.359109" lon="8.560262">
        <ele>441</ele>
        <time>2024-10-03T08:24:02Z</time>
        <cmt>speed: 1.4</cmt>
      </trkpt>
      <trkpt lat="47.359064" lon="8.560306">
        <ele>456</ele>
        <time>2024-10-03T08:33:59Z</time>
        <cmt>speed: 2.0</cmt>
      </trkpt>
      <trkpt lat="47.359992" lon="8.561855">
        <ele>430</ele>
        <time>2024-10-03T08:44:00Z</time>
        <cmt>speed: 0.6</cmt>
      </trkpt>
      <trkpt lat="47.36017" lon="8.563778">
        <ele>449</ele>
        <time>2024-10-03T08:54:00Z</time>
        <cmt>speed: 0.6</cmt>
      </trkpt>
      <trkpt lat="47.359974" lon="8.56367">
        <ele>434</ele>
        <time>2024-10-03T08:55:29Z</time>
      </trkpt>
      <trkpt lat="47.359574" lon="8.563394">
        <ele>455</ele>
        <time>2024-10-03T09:01:48Z</time>
        <cmt>speed: 0.5</cmt>
      </trkpt>
      <trkpt lat="47.358872" lon="8.563933">
        <ele>459</ele>
        <time>2024-10-03T09:11:50Z</time>
        <cmt>speed: 0.2</cmt>
      </trkpt>
      <trkpt lat="47.358108" lon="8.564557">
        <ele>459</ele>
        <time>2024-10-03T09:21:48Z</time>
        <cmt>speed: 0.5</cmt>
      </trkpt>
      <trkpt lat="47.357937" lon="8.564785">
        <ele>429</ele>
        <time>2024-10-03T09:31:50Z</time>
        <cmt>speed: 0.2</cmt>
      </trkpt>
      <trkpt lat="47.357909" lon="8.564457">
        <ele>468</ele>
        <time>2024-10-03T09:41:49Z</time>
        <cmt>speed: 0.5</cmt>
      </trkpt>
      <trkpt lat="47.357916" lon="8.56462">
        <ele>459</ele>
        <time>2024-10-03T09:51:49Z</time>
        <cmt>speed: 1.0</cmt>
      </trkpt>
      <trkpt lat="47.357928" lon="8.564402">
        <ele>458</ele>
        <time>2024-10-03T10:01:48Z</time>
        <cmt>speed: 0.5</cmt>
      </trkpt>
      <trkpt lat="47.357723" lon="8.564491">
        <ele>464</ele>
        <time>2024-10-03T10:11:48Z</time>
        <cmt>speed: 1.3</cmt>
      </trkpt>
      <trkpt lat="47.357723" lon="8.564491">
        <ele>464</ele>
        <time>2024-10-03T10:21:47Z</time>
      </trkpt>
      <trkpt lat="47.357919" lon="8.564409">
        <ele>439</ele>
        <time>2024-10-03T10:21:49Z</time>
        <cmt>speed: 0.1</cmt>
      </trkpt>
      <trkpt lat="47.35805" lon="8.562886">
        <ele>486</ele>
        <time>2024-10-03T10:31:55Z</time>
        <cmt>speed: 1.8</cmt>
      </trkpt>
      <trkpt lat="47.358233" lon="8.561579">
        <ele>440</ele>
        <time>2024-10-03T10:41:49Z</time>
        <cmt>speed: 0.0</cmt>
      </trkpt>
      <trkpt lat="47.359451" lon="8.559532">
        <ele>466</ele>
        <time>2024-10-03T10:51:54Z</time>
        <cmt>speed: 0.0</cmt>
      </trkpt>
      <trkpt lat="47.359451" lon="8.559532">
        <ele>466</ele>
        <time>2024-10-03T11:01:51Z</time>
      </trkpt>
      <trkpt lat="47.35934" lon="8.559682">
        <ele>460</ele>
        <time>2024-10-03T11:01:53Z</time>
        <cmt>speed: 0.1</cmt>
      </trkpt>
      <trkpt lat="47.359286" lon="8.55959">
        <ele>491</ele>
        <time>2024-10-03T11:12:00Z</time>
        <cmt>speed: 0.0</cmt>
      </trkpt>
      <trkpt lat="47.359286" lon="8.55959">
        <ele>491</ele>
        <time>2024-10-03T11:21:49Z</time>
      </trkpt>
      <trkpt lat="47.359095" lon="8.559843">
        <ele>405</ele>
        <time>2024-10-03T11:21:51Z</time>
        <cmt>speed: 0.0</cmt>
      </trkpt>
      <trkpt lat="47.359273" lon="8.559666">
        <ele>474</ele>
        <time>2024-10-03T11:31:51Z</time>
        <cmt>speed: 0.1</cmt>
      </trkpt>
      <trkpt lat="47.359273" lon="8.559666">
        <ele>474</ele>
        <time>2024-10-03T11:41:48Z</time>
      </trkpt>
      <trkpt lat="47.358857" lon="8.558965">
        <ele>447</ele>
        <time>2024-10-03T11:41:49Z</time>
        <cmt>speed: 1.1</cmt>
      </trkpt>
      <trkpt lat="47.357827" lon="8.560639">
        <ele>472</ele>
        <time>2024-10-03T11:51:50Z</time>
        <cmt>speed: 0.8</cmt>
      </trkpt>
      <trkpt lat="47.357756" lon="8.560394">
        <ele>452</ele>
        <time>2024-10-03T12:01:49Z</time>
        <cmt>speed: 2.8</cmt>
      </trkpt>
      <trkpt lat="47.357876" lon="8.560599">
        <ele>464</ele>
        <time>2024-10-03T12:11:51Z</time>
        <cmt>speed: 0.3</cmt>
      </trkpt>
      <trkpt lat="47.357876" lon="8.560599">
        <ele>464</ele>
        <time>2024-10-03T12:21:56Z</time>
      </trkpt>
      <trkpt lat="47.357785" lon="8.561229">
        <ele>463</ele>
        <time>2024-10-03T12:21:58Z</time>
        <cmt>speed: 1.1</cmt>
      </trkpt>
      <trkpt lat="47.357622" lon="8.562123">
        <ele>445</ele>
        <time>2024-10-03T12:31:51Z</time>
        <cmt>speed: 0.5</cmt>
      </trkpt>
      <trkpt lat="47.357992" lon="8.563167">
        <ele>451</ele>
        <time>2024-10-03T12:41:49Z</time>
        <cmt>speed: 0.1</cmt>
      </trkpt>
      <trkpt lat="47.358253" lon="8.563711">
        <ele>434</ele>
        <time>2024-10-03T12:51:48Z</time>
        <cmt>speed: 0.4</cmt>
      </trkpt>
      <trkpt lat="47.357897" lon="8.564724">
        <ele>468</ele>
        <time>2024-10-03T13:01:50Z</time>
        <cmt>speed: 1.6</cmt>
      </trkpt>
      <trkpt lat="47.357617" lon="8.565028">
        <ele>451</ele>
        <time>2024-10-03T13:11:48Z</time>
        <cmt>speed: 0.2</cmt>
      </trkpt>
      <trkpt lat="47.357617" lon="8.565028">
        <ele>451</ele>
        <time>2024-10-03T13:21:47Z</time>
      </trkpt>
      <trkpt lat="47.357639" lon="8.564958">
        <ele>460</ele>
        <time>2024-10-03T13:21:49Z</time>
        <cmt>speed: 0.2</cmt>
      </trkpt>
      <trkpt lat="47.357634" lon="8.564253">
        <ele>458</ele>
        <time>2024-10-03T13:31:48Z</time>
        <cmt>speed: 0.5</cmt>
      </trkpt>
      <trkpt lat="47.357539" lon="8.564386">
        <ele>488</ele>
        <time>2024-10-03T13:41:49Z</time>
        <cmt>speed: 0.4</cmt>
      </trkpt>
      <trkpt lat="47.357425" lon="8.564347">
        <ele>455</ele>
        <time>2024-10-03T13:51:48Z</time>
        <cmt>speed: 0.8</cmt>
      </trkpt>
      <trkpt lat="47.357425" lon="8.564347">
        <ele>455</ele>
        <time>2024-10-03T14:01:47Z</time>
      </trkpt>
      <trkpt lat="47.357551" lon="8.564364">
        <ele>453</ele>
        <time>2024-10-03T14:01:49Z</time>
        <cmt>speed: 0.8</cmt>
      </trkpt>
      <trkpt lat="47.357467" lon="8.564404">
        <ele>465</ele>
        <time>2024-10-03T14:11:49Z</time>
        <cmt>speed: 0.2</cmt>
      </trkpt>
      <trkpt lat="47.357467" lon="8.564404">
        <ele>465</ele>
        <time>2024-10-03T14:21:51Z</time>
      </trkpt>
      <trkpt lat="47.357493" lon="8.564285">
        <ele>462</ele>
        <time>2024-10-03T14:21:53Z</time>
        <cmt>speed: 0.0</cmt>
      </trkpt>
      <trkpt lat="47.35742" lon="8.564362">
        <ele>466</ele>
        <time>2024-10-03T14:31:49Z</time>
        <cmt>speed: 0.4</cmt>
      </trkpt>
      <trkpt lat="47.357267" lon="8.563749">
        <ele>477</ele>
        <time>2024-10-03T14:41:48Z</time>
        <cmt>speed: 0.1</cmt>
      </trkpt>
      <trkpt lat="47.3578" lon="8.563139">
        <ele>408</ele>
        <time>2024-10-03T14:51:57Z</time>
        <cmt>speed: 0.7</cmt>
      </trkpt>
      <trkpt lat="47.3578" lon="8.563139">
        <ele>408</ele>
        <time>2024-10-03T15:01:48Z</time>
      </trkpt>
      <trkpt lat="47.358298" lon="8.563009">
        <ele>470</ele>
        <time>2024-10-03T15:01:50Z</time>
        <cmt>speed: 0.1</cmt>
      </trkpt>
      <trkpt lat="47.359092" lon="8.563055">
        <ele>450</ele>
        <time>2024-10-03T15:11:49Z</time>
        <cmt>speed: 1.1</cmt>
      </trkpt>
      <trkpt lat="47.360223" lon="8.563574">
        <ele>498</ele>
        <time>2024-10-03T15:21:50Z</time>
        <cmt>speed: 0.6</cmt>
      </trkpt>
      <trkpt lat="47.359974" lon="8.56367">
        <ele>434</ele>
        <time>2024-10-03T15:22:22Z</time>
      </trkpt>
      <trkpt lat="47.359974" lon="8.56367">
        <ele>434</ele>
        <time>2024-10-03T15:37:22Z</time>
      </trkpt>
      <trkpt lat="47.359974" lon="8.56367">
        <ele>434</ele>
        <time>2024-10-04T03:37:20Z</time>
      </trkpt>
      <trkpt lat="47.359931" lon="8.563021">
        <ele>469</ele>
        <time>2024-10-04T07:42:58Z</time>
        <cmt>speed: 0.9</cmt>
      </trkpt>
      <trkpt lat="47.358784" lon="8.560497">
        <ele>417</ele>
        <time>2024-10-04T07:52:30Z</time>
        <cmt>speed: 0.1</cmt>
      </trkpt>
      <trkpt lat="47.35798" lon="8.560948">
        <ele>471</ele>
        <time>2024-10-04T08:02:30Z</time>
        <cmt>speed: 0.1</cmt>
      </trkpt>
      <trkpt lat="47.35766" lon="8.560449">
        <ele>471</ele>
        <time>2024-10-04T08:12:37Z</time>
        <cmt>speed: 0.5</cmt>
      </trkpt>
      <trkpt lat="47.358252" lon="8.559741">
        <ele>447</ele>
        <time>2024-10-04T08:32:40Z</time>
        <cmt>speed: 0.5</cmt>
      </trkpt>
      <trkpt lat="47.358252" lon="8.559741">
        <ele>447</ele>
        <time>2024-10-04T08:42:26Z</time>
      </trkpt>
      <trkpt lat="47.358179" lon="8.560296">
        <ele>444</ele>
        <time>2024-10-04T08:42:30Z</time>
        <cmt>speed: 0.8</cmt>
      </trkpt>
      <trkpt lat="47.35806" lon="8.560354">
        <ele>448</ele>
        <time>2024-10-04T08:52:32Z</time>
        <cmt>speed: 0.4</cmt>
      </trkpt>
      <trkpt lat="47.35806" lon="8.560354">
        <ele>448</ele>
        <time>2024-10-04T09:02:28Z</time>
      </trkpt>
      <trkpt lat="47.358066" lon="8.560647">
        <ele>434</ele>
        <time>2024-10-04T09:02:33Z</time>
        <cmt>speed: 0.3</cmt>
      </trkpt>
      <trkpt lat="47.357984" lon="8.561117">
        <ele>455</ele>
        <time>2024-10-04T09:12:33Z</time>
        <cmt>speed: 0.0</cmt>
      </trkpt>
      <trkpt lat="47.359036" lon="8.559608">
        <ele>419</ele>
        <time>2024-10-04T09:22:31Z</time>
        <cmt>speed: 1.2</cmt>
      </trkpt>
      <trkpt lat="47.359336" lon="8.561279">
        <ele>459</ele>
        <time>2024-10-04T09:32:31Z</time>
        <cmt>speed: 0.9</cmt>
      </trkpt>
      <trkpt lat="47.360102" lon="8.561095">
        <ele>455</ele>
        <time>2024-10-04T09:42:33Z</time>
        <cmt>speed: 0.3</cmt>
      </trkpt>
      <trkpt lat="47.360059" lon="8.560449">
        <ele>437</ele>
        <time>2024-10-04T09:52:30Z</time>
        <cmt>speed: 3.3</cmt>
      </trkpt>
      <trkpt lat="47.360059" lon="8.560449">
        <ele>437</ele>
        <time>2024-10-04T10:02:31Z</time>
      </trkpt>
      <trkpt lat="47.35998" lon="8.56036">
        <ele>420</ele>
        <time>2024-10-04T10:02:36Z</time>
        <cmt>speed: 0.5</cmt>
      </trkpt>
      <trkpt lat="47.360029" lon="8.560104">
        <ele>417</ele>
        <time>2024-10-04T10:32:52Z</time>
        <cmt>speed: 0.0</cmt>
      </trkpt>
      <trkpt lat="47.360397" lon="8.560894">
        <ele>415</ele>
        <time>2024-10-04T10:52:33Z</time>
        <cmt>speed: 0.0</cmt>
      </trkpt>
      <trkpt lat="47.360174" lon="8.561103">
        <ele>461</ele>
        <time>2024-10-04T11:02:35Z</time>
        <cmt>speed: 0.1</cmt>
      </trkpt>
      <trkpt lat="47.360371" lon="8.562214">
        <ele>441</ele>
        <time>2024-10-04T11:12:32Z</time>
        <cmt>speed: 0.5</cmt>
      </trkpt>
      <trkpt lat="47.359959" lon="8.563643">
        <ele>434</ele>
        <time>2024-10-04T11:17:09Z</time>
      </trkpt>
      <trkpt lat="47.359959" lon="8.563643">
        <ele>434</ele>
        <time>2024-10-04T11:32:09Z</time>
      </trkpt>
      <trkpt lat="47.359959" lon="8.563643">
        <ele>434</ele>
        <time>2024-10-04T23:32:07Z</time>
      </trkpt>
      <trkpt lat="47.359959" lon="8.563643">
        <ele>434</ele>
        <time>2024-10-05T11:32:26Z</time>
      </trkpt>
      <trkpt lat="47.359815" lon="8.563506">
        <ele>427</ele>
        <time>2024-10-05T14:59:00Z</time>
        <cmt>speed: 0.5</cmt>
      </trkpt>
      <trkpt lat="47.359974" lon="8.56367">
        <ele>434</ele>
        <time>2024-10-05T15:03:42Z</time>
      </trkpt>
      <trkpt lat="47.359741" lon="8.563846">
        <ele>428</ele>
        <time>2024-10-05T15:08:55Z</time>
        <cmt>speed: 0.5</cmt>
      </trkpt>
      <trkpt lat="47.359959" lon="8.563643">
        <ele>434</ele>
        <time>2024-10-05T15:12:58Z</time>
      </trkpt>
      <trkpt lat="47.360015" lon="8.563426">
        <ele>396</ele>
        <time>2024-10-05T15:18:56Z</time>
        <cmt>speed: 1.6</cmt>
      </trkpt>
      <trkpt lat="47.359959" lon="8.563643">
        <ele>434</ele>
        <time>2024-10-05T15:19:44Z</time>
      </trkpt>
      <trkpt lat="47.359974" lon="8.56367">
        <ele>434</ele>
        <time>2024-10-05T15:29:30Z</time>
      </trkpt>
      <trkpt lat="47.359718" lon="8.563538">
        <ele>401</ele>
        <time>2024-10-05T15:32:59Z</time>
        <cmt>speed: 0.5</cmt>
      </trkpt>
      <trkpt lat="47.360344" lon="8.564176">
        <ele>377</ele>
        <time>2024-10-05T15:43:05Z</time>
        <cmt>speed: 0.8</cmt>
      </trkpt>
      <trkpt lat="47.359974" lon="8.56367">
        <ele>434</ele>
        <time>2024-10-05T15:45:39Z</time>
      </trkpt>
      <trkpt lat="47.359974" lon="8.56367">
        <ele>434</ele>
        <time>2024-10-05T16:00:39Z</time>
      </trkpt>
      <trkpt lat="47.359963" lon="8.563867">
        <ele>475</ele>
        <time>2024-10-05T16:04:52Z</time>
        <cmt>speed: 0.6</cmt>
      </trkpt>
      <trkpt lat="47.359279" lon="8.564121">
        <ele>428</ele>
        <time>2024-10-05T16:14:52Z</time>
        <cmt>speed: 0.1</cmt>
      </trkpt>
      <trkpt lat="47.35872" lon="8.564006">
        <ele>480</ele>
        <time>2024-10-05T16:24:49Z</time>
        <cmt>speed: 0.0</cmt>
      </trkpt>
      <trkpt lat="47.358807" lon="8.563941">
        <ele>510</ele>
        <time>2024-10-05T16:34:49Z</time>
        <cmt>speed: 1.2</cmt>
      </trkpt>
      <trkpt lat="47.358719" lon="8.563937">
        <ele>467</ele>
        <time>2024-10-05T16:44:51Z</time>
        <cmt>speed: 0.1</cmt>
      </trkpt>
      <trkpt lat="47.358983" lon="8.56361">
        <ele>476</ele>
        <time>2024-10-05T16:54:48Z</time>
        <cmt>speed: 0.5</cmt>
      </trkpt>
      <trkpt lat="47.359247" lon="8.56279">
        <ele>458</ele>
        <time>2024-10-05T17:04:48Z</time>
        <cmt>speed: 1.6</cmt>
      </trkpt>
      <trkpt lat="47.359974" lon="8.56367">
        <ele>434</ele>
        <time>2024-10-05T17:11:51Z</time>
      </trkpt>
      <trkpt lat="47.359974" lon="8.56367">
        <ele>434</ele>
        <time>2024-10-05T17:26:51Z</time>
      </trkpt>
      <trkpt lat="47.359974" lon="8.56367">
        <ele>434</ele>
        <time>2024-10-06T05:27:01Z</time>
      </trkpt>
      <trkpt lat="47.359636" lon="8.564128">
        <ele>428</ele>
        <time>2024-10-06T06:57:03Z</time>
        <cmt>speed: 1.5</cmt>
      </trkpt>
      <trkpt lat="47.35936" lon="8.563964">
        <ele>452</ele>
        <time>2024-10-06T07:06:59Z</time>
        <cmt>speed: 0.3</cmt>
      </trkpt>
      <trkpt lat="47.359135" lon="8.563858">
        <ele>446</ele>
        <time>2024-10-06T07:16:58Z</time>
        <cmt>speed: 0.5</cmt>
      </trkpt>
      <trkpt lat="47.358989" lon="8.563523">
        <ele>456</ele>
        <time>2024-10-06T07:26:59Z</time>
        <cmt>speed: 0.1</cmt>
      </trkpt>
      <trkpt lat="47.358802" lon="8.563661">
        <ele>443</ele>
        <time>2024-10-06T07:36:57Z</time>
        <cmt>speed: 1.0</cmt>
      </trkpt>
      <trkpt lat="47.358802" lon="8.563661">
        <ele>443</ele>
        <time>2024-10-06T07:36:57Z</time>
      </trkpt>
      <trkpt lat="47.359087" lon="8.562894">
        <ele>469</ele>
        <time>2024-10-06T07:46:58Z</time>
        <cmt>speed: 1.4</cmt>
      </trkpt>
      <trkpt lat="47.359022" lon="8.562442">
        <ele>477</ele>
        <time>2024-10-06T07:56:58Z</time>
        <cmt>speed: 1.1</cmt>
      </trkpt>
      <trkpt lat="47.358904" lon="8.562146">
        <ele>443</ele>
        <time>2024-10-06T08:06:58Z</time>
        <cmt>speed: 0.7</cmt>
      </trkpt>
      <trkpt lat="47.359002" lon="8.562246">
        <ele>433</ele>
        <time>2024-10-06T08:16:59Z</time>
        <cmt>speed: 0.9</cmt>
      </trkpt>
      <trkpt lat="47.359002" lon="8.562246">
        <ele>433</ele>
        <time>2024-10-06T08:16:59Z</time>
      </trkpt>
      <trkpt lat="47.358663" lon="8.561955">
        <ele>460</ele>
        <time>2024-10-06T08:26:59Z</time>
        <cmt>speed: 0.2</cmt>
      </trkpt>
      <trkpt lat="47.358663" lon="8.561955">
        <ele>460</ele>
        <time>2024-10-06T08:36:59Z</time>
      </trkpt>
      <trkpt lat="47.358944" lon="8.562198">
        <ele>434</ele>
        <time>2024-10-06T08:37:00Z</time>
        <cmt>speed: 1.3</cmt>
      </trkpt>
      <trkpt lat="47.358965" lon="8.562375">
        <ele>441</ele>
        <time>2024-10-06T08:46:59Z</time>
        <cmt>speed: 0.9</cmt>
      </trkpt>
      <trkpt lat="47.358856" lon="8.562251">
        <ele>443</ele>
        <time>2024-10-06T08:56:58Z</time>
        <cmt>speed: 0.6</cmt>
      </trkpt>
      <trkpt lat="47.358961" lon="8.562234">
        <ele>461</ele>
        <time>2024-10-06T09:07:03Z</time>
        <cmt>speed: 0.3</cmt>
      </trkpt>
      <trkpt lat="47.358704" lon="8.56326">
        <ele>453</ele>
        <time>2024-10-06T09:26:58Z</time>
        <cmt>speed: 0.6</cmt>
      </trkpt>
      <trkpt lat="47.357751" lon="8.562323">
        <ele>469</ele>
        <time>2024-10-06T09:37:16Z</time>
        <cmt>speed: 0.1</cmt>
      </trkpt>
      <trkpt lat="47.357888" lon="8.56292">
        <ele>447</ele>
        <time>2024-10-06T09:47:04Z</time>
        <cmt>speed: 0.0</cmt>
      </trkpt>
      <trkpt lat="47.357605" lon="8.563638">
        <ele>466</ele>
        <time>2024-10-06T09:56:58Z</time>
        <cmt>speed: 0.6</cmt>
      </trkpt>
      <trkpt lat="47.35759" lon="8.563767">
        <ele>467</ele>
        <time>2024-10-06T10:06:58Z</time>
        <cmt>speed: 0.1</cmt>
      </trkpt>
      <trkpt lat="47.35767" lon="8.563611">
        <ele>468</ele>
        <time>2024-10-06T10:16:58Z</time>
        <cmt>speed: 0.8</cmt>
      </trkpt>
      <trkpt lat="47.357593" lon="8.563757">
        <ele>479</ele>
        <time>2024-10-06T10:27:00Z</time>
        <cmt>speed: 0.0</cmt>
      </trkpt>
      <trkpt lat="47.357535" lon="8.563699">
        <ele>450</ele>
        <time>2024-10-06T10:36:59Z</time>
        <cmt>speed: 0.4</cmt>
      </trkpt>
      <trkpt lat="47.357535" lon="8.563699">
        <ele>450</ele>
        <time>2024-10-06T10:36:59Z</time>
      </trkpt>
      <trkpt lat="47.357584" lon="8.563748">
        <ele>482</ele>
        <time>2024-10-06T10:46:58Z</time>
        <cmt>speed: 0.3</cmt>
      </trkpt>
      <trkpt lat="47.357652" lon="8.563282">
        <ele>444</ele>
        <time>2024-10-06T10:56:58Z</time>
        <cmt>speed: 0.5</cmt>
      </trkpt>
      <trkpt lat="47.358936" lon="8.562086">
        <ele>426</ele>
        <time>2024-10-06T11:06:59Z</time>
        <cmt>speed: 0.6</cmt>
      </trkpt>
      <trkpt lat="47.359273" lon="8.562206">
        <ele>441</ele>
        <time>2024-10-06T11:17:00Z</time>
        <cmt>speed: 1.0</cmt>
      </trkpt>
      <trkpt lat="47.35929" lon="8.565057">
        <ele>443</ele>
        <time>2024-10-06T11:27:01Z</time>
        <cmt>speed: 0.4</cmt>
      </trkpt>
      <trkpt lat="47.358502" lon="8.564879">
        <ele>465</ele>
        <time>2024-10-06T11:36:59Z</time>
        <cmt>speed: 0.4</cmt>
      </trkpt>
      <trkpt lat="47.358925" lon="8.563449">
        <ele>456</ele>
        <time>2024-10-06T11:46:59Z</time>
        <cmt>speed: 0.1</cmt>
      </trkpt>
      <trkpt lat="47.359595" lon="8.56392">
        <ele>448</ele>
        <time>2024-10-06T11:57:02Z</time>
        <cmt>speed: 0.4</cmt>
      </trkpt>
      <trkpt lat="47.359728" lon="8.563374">
        <ele>464</ele>
        <time>2024-10-06T12:07:06Z</time>
        <cmt>speed: 0.4</cmt>
      </trkpt>
      <trkpt lat="47.359728" lon="8.563374">
        <ele>464</ele>
        <time>2024-10-06T12:17:00Z</time>
      </trkpt>
      <trkpt lat="47.359135" lon="8.561965">
        <ele>448</ele>
        <time>2024-10-06T12:17:01Z</time>
        <cmt>speed: 0.1</cmt>
      </trkpt>
      <trkpt lat="47.359937" lon="8.56181">
        <ele>436</ele>
        <time>2024-10-06T12:27:03Z</time>
        <cmt>speed: 0.2</cmt>
      </trkpt>
      <trkpt lat="47.359959" lon="8.563643">
        <ele>434</ele>
        <time>2024-10-06T12:32:41Z</time>
      </trkpt>
      <trkpt lat="47.359959" lon="8.563643">
        <ele>434</ele>
        <time>2024-10-06T12:47:41Z</time>
      </trkpt>
      <trkpt lat="47.359795" lon="8.563448">
        <ele>457</ele>
        <time>2024-10-06T14:02:35Z</time>
        <cmt>speed: 0.2</cmt>
      </trkpt>
      <trkpt lat="47.359922" lon="8.563489">
        <ele>414</ele>
        <time>2024-10-06T14:12:29Z</time>
        <cmt>speed: 0.1</cmt>
      </trkpt>
      <trkpt lat="47.359789" lon="8.563708">
        <ele>451</ele>
        <time>2024-10-06T14:22:32Z</time>
        <cmt>speed: 0.6</cmt>
      </trkpt>
      <trkpt lat="47.359974" lon="8.56367">
        <ele>434</ele>
        <time>2024-10-06T14:22:50Z</time>
      </trkpt>
      <trkpt lat="47.360103" lon="8.563173">
        <ele>419</ele>
        <time>2024-10-06T14:32:32Z</time>
        <cmt>speed: 0.8</cmt>
      </trkpt>
      <trkpt lat="47.359855" lon="8.564092">
        <ele>495</ele>
        <time>2024-10-06T14:42:30Z</time>
        <cmt>speed: 0.6</cmt>
      </trkpt>
      <trkpt lat="47.359048" lon="8.564833">
        <ele>466</ele>
        <time>2024-10-06T14:52:29Z</time>
        <cmt>speed: 0.9</cmt>
      </trkpt>
      <trkpt lat="47.358805" lon="8.565004">
        <ele>462</ele>
        <time>2024-10-06T15:02:30Z</time>
        <cmt>speed: 0.5</cmt>
      </trkpt>
      <trkpt lat="47.358805" lon="8.565004">
        <ele>462</ele>
        <time>2024-10-06T15:12:28Z</time>
      </trkpt>
      <trkpt lat="47.358662" lon="8.564739">
        <ele>441</ele>
        <time>2024-10-06T15:12:29Z</time>
        <cmt>speed: 4.8</cmt>
      </trkpt>
      <trkpt lat="47.358505" lon="8.564376">
        <ele>452</ele>
        <time>2024-10-06T15:22:29Z</time>
        <cmt>speed: 0.6</cmt>
      </trkpt>
      <trkpt lat="47.358577" lon="8.564387">
        <ele>455</ele>
        <time>2024-10-06T15:32:28Z</time>
        <cmt>speed: 0.2</cmt>
      </trkpt>
      <trkpt lat="47.358577" lon="8.564387">
        <ele>455</ele>
        <time>2024-10-06T15:32:28Z</time>
      </trkpt>
      <trkpt lat="47.358073" lon="8.564196">
        <ele>483</ele>
        <time>2024-10-06T15:42:28Z</time>
        <cmt>speed: 0.9</cmt>
      </trkpt>
      <trkpt lat="47.357697" lon="8.56355">
        <ele>490</ele>
        <time>2024-10-06T15:52:28Z</time>
        <cmt>speed: 0.2</cmt>
      </trkpt>
      <trkpt lat="47.357697" lon="8.56355">
        <ele>490</ele>
        <time>2024-10-06T15:52:28Z</time>
      </trkpt>
      <trkpt lat="47.356971" lon="8.563572">
        <ele>457</ele>
        <time>2024-10-06T16:02:28Z</time>
        <cmt>speed: 0.9</cmt>
      </trkpt>
      <trkpt lat="47.356967" lon="8.563691">
        <ele>436</ele>
        <time>2024-10-06T16:12:28Z</time>
        <cmt>speed: 0.5</cmt>
      </trkpt>
      <trkpt lat="47.356967" lon="8.563691">
        <ele>436</ele>
        <time>2024-10-06T16:12:28Z</time>
      </trkpt>
      <trkpt lat="47.356978" lon="8.563701">
        <ele>446</ele>
        <time>2024-10-06T16:22:28Z</time>
        <cmt>speed: 0.7</cmt>
      </trkpt>
      <trkpt lat="47.357011" lon="8.563708">
        <ele>462</ele>
        <time>2024-10-06T16:32:29Z</time>
        <cmt>speed: 1.1</cmt>
      </trkpt>
      <trkpt lat="47.356974" lon="8.563693">
        <ele>461</ele>
        <time>2024-10-06T16:42:29Z</time>
        <cmt>speed: 1.4</cmt>
      </trkpt>
      <trkpt lat="47.357" lon="8.563697">
        <ele>428</ele>
        <time>2024-10-06T16:52:28Z</time>
        <cmt>speed: 0.0</cmt>
      </trkpt>
      <trkpt lat="47.357" lon="8.563697">
        <ele>428</ele>
        <time>2024-10-06T16:52:28Z</time>
      </trkpt>
      <trkpt lat="47.357165" lon="8.563673">
        <ele>491</ele>
        <time>2024-10-06T17:02:29Z</time>
        <cmt>speed: 0.3</cmt>
      </trkpt>
      <trkpt lat="47.35725" lon="8.563644">
        <ele>463</ele>
        <time>2024-10-06T17:12:29Z</time>
        <cmt>speed: 1.8</cmt>
      </trkpt>
      <trkpt lat="47.35734" lon="8.563391">
        <ele>445</ele>
        <time>2024-10-06T17:22:28Z</time>
        <cmt>speed: 0.2</cmt>
      </trkpt>
      <trkpt lat="47.35965" lon="8.563386">
        <ele>467</ele>
        <time>2024-10-06T17:32:31Z</time>
        <cmt>speed: 0.3</cmt>
      </trkpt>
      <trkpt lat="47.359974" lon="8.56367">
        <ele>434</ele>
        <time>2024-10-06T17:33:59Z</time>
      </trkpt>
      <trkpt lat="47.359974" lon="8.56367">
        <ele>434</ele>
        <time>2024-10-06T17:48:59Z</time>
      </trkpt>
      <trkpt lat="47.359974" lon="8.56367">
        <ele>434</ele>
        <time>2024-10-07T05:48:57Z</time>
      </trkpt>
      <trkpt lat="47.359974" lon="8.56367">
        <ele>434</ele>
        <time>2024-10-07T07:36:53Z</time>
      </trkpt>
      <trkpt lat="47.359974" lon="8.56367">
        <ele>434</ele>
        <time>2024-10-07T07:47:12Z</time>
      </trkpt>
      <trkpt lat="47.359974" lon="8.56367">
        <ele>434</ele>
        <time>2024-10-07T07:57:12Z</time>
      </trkpt>
      <trkpt lat="47.359974" lon="8.56367">
        <ele>434</ele>
        <time>2024-10-07T08:07:12Z</time>
      </trkpt>
      <trkpt lat="47.359974" lon="8.56367">
        <ele>434</ele>
        <time>2024-10-07T08:17:12Z</time>
      </trkpt>
      <trkpt lat="47.359974" lon="8.56367">
        <ele>434</ele>
        <time>2024-10-07T08:27:12Z</time>
      </trkpt>
      <trkpt lat="47.359974" lon="8.56367">
        <ele>434</ele>
        <time>2024-10-07T08:37:12Z</time>
      </trkpt>
      <trkpt lat="47.359974" lon="8.56367">
        <ele>434</ele>
        <time>2024-10-07T08:47:12Z</time>
      </trkpt>
      <trkpt lat="47.359974" lon="8.56367">
        <ele>434</ele>
        <time>2024-10-07T08:50:04Z</time>
      </trkpt>
      <trkpt lat="47.359974" lon="8.56367">
        <ele>434</ele>
        <time>2024-10-07T09:00:04Z</time>
      </trkpt>
      <trkpt lat="47.359974" lon="8.56367">
        <ele>434</ele>
        <time>2024-10-07T09:10:04Z</time>
      </trkpt>
      <trkpt lat="47.359974" lon="8.56367">
        <ele>434</ele>
        <time>2024-10-07T09:20:04Z</time>
      </trkpt>
      <trkpt lat="47.359974" lon="8.56367">
        <ele>434</ele>
        <time>2024-10-07T09:29:28Z</time>
      </trkpt>
      <trkpt lat="47.359974" lon="8.56367">
        <ele>434</ele>
        <time>2024-10-07T09:44:28Z</time>
      </trkpt>
      <trkpt lat="47.359974" lon="8.56367">
        <ele>434</ele>
        <time>2024-10-07T21:44:26Z</time>
      </trkpt>
      <trkpt lat="47.359974" lon="8.56367">
        <ele>434</ele>
        <time>2024-10-08T09:44:44Z</time>
      </trkpt>
      <trkpt lat="47.359974" lon="8.56367">
        <ele>434</ele>
        <time>2024-10-08T14:04:59Z</time>
      </trkpt>
      <trkpt lat="47.359974" lon="8.56367">
        <ele>434</ele>
        <time>2024-10-08T21:45:02Z</time>
      </trkpt>
      <trkpt lat="47.359974" lon="8.56367">
        <ele>434</ele>
        <time>2024-10-09T09:45:31Z</time>
      </trkpt>
      <trkpt lat="47.359974" lon="8.56367">
        <ele>434</ele>
        <time>2024-10-09T21:45:50Z</time>
      </trkpt>
      <trkpt lat="47.359974" lon="8.56367">
        <ele>434</ele>
        <time>2024-10-10T09:02:47Z</time>
      </trkpt>
      <trkpt lat="47.359974" lon="8.56367">
        <ele>434</ele>
        <time>2024-10-10T09:06:12Z</time>
      </trkpt>
      <trkpt lat="47.359974" lon="8.56367">
        <ele>434</ele>
        <time>2024-10-10T09:10:01Z</time>
      </trkpt>
      <trkpt lat="47.359889" lon="8.561651">
        <ele>440</ele>
        <time>2024-10-10T09:19:49Z</time>
        <cmt>speed: 1.0</cmt>
      </trkpt>
      <trkpt lat="47.358906" lon="8.561471">
        <ele>446</ele>
        <time>2024-10-10T09:29:47Z</time>
        <cmt>speed: 0.0</cmt>
      </trkpt>
      <trkpt lat="47.359137" lon="8.560918">
        <ele>428</ele>
        <time>2024-10-10T09:39:46Z</time>
        <cmt>speed: 0.3</cmt>
      </trkpt>
      <trkpt lat="47.35957" lon="8.56043">
        <ele>458</ele>
        <time>2024-10-10T09:50:05Z</time>
        <cmt>speed: 1.0</cmt>
      </trkpt>
      <trkpt lat="47.359318" lon="8.560898">
        <ele>455</ele>
        <time>2024-10-10T10:39:50Z</time>
        <cmt>speed: 0.1</cmt>
      </trkpt>
      <trkpt lat="47.359387" lon="8.56158">
        <ele>461</ele>
        <time>2024-10-10T10:50:07Z</time>
        <cmt>speed: 0.2</cmt>
      </trkpt>
      <trkpt lat="47.358932" lon="8.56197">
        <ele>449</ele>
        <time>2024-10-10T10:59:49Z</time>
        <cmt>speed: 0.1</cmt>
      </trkpt>
      <trkpt lat="47.359171" lon="8.560402">
        <ele>431</ele>
        <time>2024-10-10T11:19:49Z</time>
        <cmt>speed: 1.9</cmt>
      </trkpt>
      <trkpt lat="47.35928" lon="8.560083">
        <ele>432</ele>
        <time>2024-10-10T11:29:48Z</time>
        <cmt>speed: 2.5</cmt>
      </trkpt>
      <trkpt lat="47.359242" lon="8.559834">
        <ele>471</ele>
        <time>2024-10-10T11:39:48Z</time>
        <cmt>speed: 0.2</cmt>
      </trkpt>
      <trkpt lat="47.359242" lon="8.559834">
        <ele>471</ele>
        <time>2024-10-10T11:59:59Z</time>
      </trkpt>
      <trkpt lat="47.360303" lon="8.562217">
        <ele>412</ele>
        <time>2024-10-10T12:00:00Z</time>
        <cmt>speed: 0.2</cmt>
      </trkpt>
      <trkpt lat="47.360125" lon="8.561938">
        <ele>409</ele>
        <time>2024-10-10T13:48:38Z</time>
        <cmt>speed: 0.3</cmt>
      </trkpt>
      <trkpt lat="47.360441" lon="8.561677">
        <ele>459</ele>
        <time>2024-10-10T18:06:49Z</time>
        <cmt>speed: 0.0</cmt>
      </trkpt>
      <trkpt lat="47.360654" lon="8.562196">
        <ele>441</ele>
        <time>2024-10-10T18:16:42Z</time>
        <cmt>speed: 0.7</cmt>
      </trkpt>
      <trkpt lat="47.359729" lon="8.561057">
        <ele>408</ele>
        <time>2024-10-10T18:36:41Z</time>
        <cmt>speed: 0.8</cmt>
      </trkpt>
      <trkpt lat="47.359597" lon="8.560962">
        <ele>446</ele>
        <time>2024-10-10T18:46:38Z</time>
        <cmt>speed: 1.6</cmt>
      </trkpt>
      <trkpt lat="47.3602" lon="8.559036">
        <ele>473</ele>
        <time>2024-10-10T18:56:40Z</time>
        <cmt>speed: 2.2</cmt>
      </trkpt>
      <trkpt lat="47.360347" lon="8.558098">
        <ele>440</ele>
        <time>2024-10-10T19:06:44Z</time>
        <cmt>speed: 0.8</cmt>
      </trkpt>
      <trkpt lat="47.360347" lon="8.558098">
        <ele>440</ele>
        <time>2024-10-10T19:07:44Z</time>
      </trkpt>
      <trkpt lat="47.360461" lon="8.558074">
        <ele>428</ele>
        <time>2024-10-10T19:17:07Z</time>
        <cmt>speed: 0.1</cmt>
      </trkpt>
      <trkpt lat="47.360338" lon="8.558066">
        <ele>422</ele>
        <time>2024-10-10T19:26:38Z</time>
        <cmt>speed: 0.1</cmt>
      </trkpt>
      <trkpt lat="47.360338" lon="8.558066">
        <ele>422</ele>
        <time>2024-10-10T19:36:35Z</time>
      </trkpt>
      <trkpt lat="47.35991" lon="8.558076">
        <ele>368</ele>
        <time>2024-10-10T19:36:36Z</time>
        <cmt>speed: 1.8</cmt>
      </trkpt>
      <trkpt lat="47.359947" lon="8.557953">
        <ele>449</ele>
        <time>2024-10-10T19:46:37Z</time>
        <cmt>speed: 0.1</cmt>
      </trkpt>
      <trkpt lat="47.359767" lon="8.558062">
        <ele>414</ele>
        <time>2024-10-10T19:56:42Z</time>
        <cmt>speed: 0.6</cmt>
      </trkpt>
      <trkpt lat="47.359677" lon="8.560507">
        <ele>454</ele>
        <time>2024-10-10T20:06:39Z</time>
        <cmt>speed: 1.8</cmt>
      </trkpt>
      <trkpt lat="47.359514" lon="8.561734">
        <ele>425</ele>
        <time>2024-10-10T20:16:39Z</time>
        <cmt>speed: 5.3</cmt>
      </trkpt>
      <trkpt lat="47.358653" lon="8.562205">
        <ele>455</ele>
        <time>2024-10-10T20:26:37Z</time>
        <cmt>speed: 0.5</cmt>
      </trkpt>
      <trkpt lat="47.357701" lon="8.561143">
        <ele>444</ele>
        <time>2024-10-10T20:36:42Z</time>
        <cmt>speed: 0.8</cmt>
      </trkpt>
      <trkpt lat="47.358245" lon="8.560703">
        <ele>468</ele>
        <time>2024-10-10T20:46:38Z</time>
        <cmt>speed: 0.6</cmt>
      </trkpt>
      <trkpt lat="47.35971" lon="8.561758">
        <ele>423</ele>
        <time>2024-10-10T20:56:37Z</time>
        <cmt>speed: 0.6</cmt>
      </trkpt>
      <trkpt lat="47.360704" lon="8.562619">
        <ele>438</ele>
        <time>2024-10-10T21:06:39Z</time>
        <cmt>speed: 0.7</cmt>
      </trkpt>
      <trkpt lat="47.360892" lon="8.562782">
        <ele>447</ele>
        <time>2024-10-10T21:16:44Z</time>
        <cmt>speed: 0.0</cmt>
      </trkpt>
      <trkpt lat="47.360284" lon="8.561628">
        <ele>437</ele>
        <time>2024-10-10T21:26:36Z</time>
        <cmt>speed: 0.1</cmt>
      </trkpt>
      <trkpt lat="47.360262" lon="8.562017">
        <ele>445</ele>
        <time>2024-10-10T21:36:35Z</time>
        <cmt>speed: 0.1</cmt>
      </trkpt>
      <trkpt lat="47.360219" lon="8.561675">
        <ele>451</ele>
        <time>2024-10-10T21:46:43Z</time>
        <cmt>speed: 0.4</cmt>
      </trkpt>
      <trkpt lat="47.360421" lon="8.561972">
        <ele>439</ele>
        <time>2024-10-10T21:56:37Z</time>
        <cmt>speed: 1.5</cmt>
      </trkpt>
      <trkpt lat="47.359623" lon="8.563181">
        <ele>433</ele>
        <time>2024-10-10T22:06:40Z</time>
        <cmt>speed: 0.6</cmt>
      </trkpt>
      <trkpt lat="47.359564" lon="8.563771">
        <ele>437</ele>
        <time>2024-10-10T22:16:37Z</time>
        <cmt>speed: 0.8</cmt>
      </trkpt>
      <trkpt lat="47.358624" lon="8.565434">
        <ele>400</ele>
        <time>2024-10-10T22:26:36Z</time>
        <cmt>speed: 0.2</cmt>
      </trkpt>
      <trkpt lat="47.358596" lon="8.565479">
        <ele>439</ele>
        <time>2024-10-10T22:36:36Z</time>
        <cmt>speed: 0.1</cmt>
      </trkpt>
      <trkpt lat="47.358783" lon="8.565636">
        <ele>457</ele>
        <time>2024-10-10T22:46:36Z</time>
        <cmt>speed: 0.5</cmt>
      </trkpt>
      <trkpt lat="47.358783" lon="8.565636">
        <ele>457</ele>
        <time>2024-10-10T22:56:33Z</time>
      </trkpt>
      <trkpt lat="47.358603" lon="8.565568">
        <ele>442</ele>
        <time>2024-10-10T22:56:35Z</time>
        <cmt>speed: 0.3</cmt>
      </trkpt>
      <trkpt lat="47.358718" lon="8.564827">
        <ele>445</ele>
        <time>2024-10-10T23:06:37Z</time>
        <cmt>speed: 0.9</cmt>
      </trkpt>
      <trkpt lat="47.358818" lon="8.564527">
        <ele>452</ele>
        <time>2024-10-10T23:16:37Z</time>
        <cmt>speed: 0.8</cmt>
      </trkpt>
      <trkpt lat="47.359479" lon="8.563">
        <ele>443</ele>
        <time>2024-10-10T23:26:42Z</time>
        <cmt>speed: 1.0</cmt>
      </trkpt>
      <trkpt lat="47.359975" lon="8.562414">
        <ele>428</ele>
        <time>2024-10-10T23:36:40Z</time>
        <cmt>speed: 0.0</cmt>
      </trkpt>
      <trkpt lat="47.360003" lon="8.560809">
        <ele>418</ele>
        <time>2024-10-10T23:46:40Z</time>
        <cmt>speed: 0.1</cmt>
      </trkpt>
      <trkpt lat="47.360003" lon="8.560809">
        <ele>418</ele>
        <time>2024-10-10T23:56:47Z</time>
      </trkpt>
      <trkpt lat="47.35959" lon="8.560424">
        <ele>447</ele>
        <time>2024-10-10T23:56:50Z</time>
        <cmt>speed: 0.0</cmt>
      </trkpt>
      <trkpt lat="47.359968" lon="8.560597">
        <ele>434</ele>
        <time>2024-10-11T00:06:48Z</time>
        <cmt>speed: 0.4</cmt>
      </trkpt>
      <trkpt lat="47.359968" lon="8.560597">
        <ele>434</ele>
        <time>2024-10-11T00:09:24Z</time>
      </trkpt>
      <trkpt lat="47.360242" lon="8.561019">
        <ele>417</ele>
        <time>2024-10-11T00:16:50Z</time>
        <cmt>speed: 0.3</cmt>
      </trkpt>
      <trkpt lat="47.359766" lon="8.560625">
        <ele>435</ele>
        <time>2024-10-11T00:27:15Z</time>
        <cmt>speed: 0.7</cmt>
      </trkpt>
      <trkpt lat="47.359766" lon="8.560625">
        <ele>435</ele>
        <time>2024-10-11T00:27:44Z</time>
      </trkpt>
      <trkpt lat="47.359797" lon="8.56085">
        <ele>478</ele>
        <time>2024-10-11T00:36:38Z</time>
        <cmt>speed: 1.6</cmt>
      </trkpt>
      <trkpt lat="47.36005" lon="8.560857">
        <ele>459</ele>
        <time>2024-10-11T00:47:15Z</time>
        <cmt>speed: 0.1</cmt>
      </trkpt>
      <trkpt lat="47.359926" lon="8.560706">
        <ele>455</ele>
        <time>2024-10-11T00:56:47Z</time>
        <cmt>speed: 0.9</cmt>
      </trkpt>
      <trkpt lat="47.359959" lon="8.560822">
        <ele>434</ele>
        <time>2024-10-11T01:06:48Z</time>
        <cmt>speed: 1.1</cmt>
      </trkpt>
      <trkpt lat="47.359945" lon="8.560835">
        <ele>445</ele>
        <time>2024-10-11T01:17:10Z</time>
        <cmt>speed: 0.1</cmt>
      </trkpt>
      <trkpt lat="47.359937" lon="8.560731">
        <ele>452</ele>
        <time>2024-10-11T01:36:48Z</time>
        <cmt>speed: 0.1</cmt>
      </trkpt>
      <trkpt lat="47.359924" lon="8.56073">
        <ele>427</ele>
        <time>2024-10-11T01:46:41Z</time>
        <cmt>speed: 0.0</cmt>
      </trkpt>
      <trkpt lat="47.359954" lon="8.560941">
        <ele>404</ele>
        <time>2024-10-11T01:56:39Z</time>
        <cmt>speed: 0.1</cmt>
      </trkpt>
      <trkpt lat="47.359737" lon="8.560631">
        <ele>472</ele>
        <time>2024-10-11T02:16:44Z</time>
        <cmt>speed: 0.0</cmt>
      </trkpt>
      <trkpt lat="47.359987" lon="8.560841">
        <ele>414</ele>
        <time>2024-10-11T02:26:44Z</time>
        <cmt>speed: 0.0</cmt>
      </trkpt>
      <trkpt lat="47.359938" lon="8.560487">
        <ele>479</ele>
        <time>2024-10-11T02:36:40Z</time>
        <cmt>speed: 1.7</cmt>
      </trkpt>
      <trkpt lat="47.359938" lon="8.560487">
        <ele>479</ele>
        <time>2024-10-11T02:46:46Z</time>
      </trkpt>
      <trkpt lat="47.359963" lon="8.560779">
        <ele>440</ele>
        <time>2024-10-11T02:46:49Z</time>
        <cmt>speed: 0.0</cmt>
      </trkpt>
      <trkpt lat="47.359947" lon="8.560769">
        <ele>426</ele>
        <time>2024-10-11T02:56:52Z</time>
        <cmt>speed: 0.3</cmt>
      </trkpt>
      <trkpt lat="47.359947" lon="8.560769">
        <ele>426</ele>
        <time>2024-10-11T03:06:45Z</time>
      </trkpt>
      <trkpt lat="47.359896" lon="8.560795">
        <ele>445</ele>
        <time>2024-10-11T03:11:52Z</time>
        <cmt>speed: 0.2</cmt>
      </trkpt>
      <trkpt lat="47.359967" lon="8.560907">
        <ele>467</ele>
        <time>2024-10-11T03:22:33Z</time>
        <cmt>speed: 0.3</cmt>
      </trkpt>
      <trkpt lat="47.359967" lon="8.560907">
        <ele>467</ele>
        <time>2024-10-11T03:31:47Z</time>
      </trkpt>
      <trkpt lat="47.359882" lon="8.560695">
        <ele>448</ele>
        <time>2024-10-11T03:31:50Z</time>
        <cmt>speed: 1.1</cmt>
      </trkpt>
      <trkpt lat="47.359966" lon="8.560767">
        <ele>421</ele>
        <time>2024-10-11T03:41:54Z</time>
        <cmt>speed: 0.1</cmt>
      </trkpt>
      <trkpt lat="47.359966" lon="8.560767">
        <ele>421</ele>
        <time>2024-10-11T03:51:50Z</time>
      </trkpt>
      <trkpt lat="47.360078" lon="8.560768">
        <ele>406</ele>
        <time>2024-10-11T03:51:53Z</time>
        <cmt>speed: 0.1</cmt>
      </trkpt>
      <trkpt lat="47.359806" lon="8.560727">
        <ele>424</ele>
        <time>2024-10-11T04:01:52Z</time>
        <cmt>speed: 0.1</cmt>
      </trkpt>
      <trkpt lat="47.359961" lon="8.560767">
        <ele>426</ele>
        <time>2024-10-11T04:11:54Z</time>
        <cmt>speed: 0.1</cmt>
      </trkpt>
      <trkpt lat="47.359916" lon="8.560837">
        <ele>430</ele>
        <time>2024-10-11T04:22:00Z</time>
        <cmt>speed: 0.1</cmt>
      </trkpt>
      <trkpt lat="47.359916" lon="8.560837">
        <ele>430</ele>
        <time>2024-10-11T04:26:45Z</time>
      </trkpt>
      <trkpt lat="47.360111" lon="8.56066">
        <ele>415</ele>
        <time>2024-10-11T04:31:53Z</time>
        <cmt>speed: 0.4</cmt>
      </trkpt>
      <trkpt lat="47.35988" lon="8.560832">
        <ele>417</ele>
        <time>2024-10-11T04:44:09Z</time>
        <cmt>speed: 0.3</cmt>
      </trkpt>
      <trkpt lat="47.359899" lon="8.560877">
        <ele>420</ele>
        <time>2024-10-11T05:04:01Z</time>
        <cmt>speed: 0.3</cmt>
      </trkpt>
      <trkpt lat="47.35996" lon="8.56091">
        <ele>398</ele>
        <time>2024-10-11T05:13:59Z</time>
        <cmt>speed: 0.2</cmt>
      </trkpt>
      <trkpt lat="47.359951" lon="8.560692">
        <ele>438</ele>
        <time>2024-10-11T05:23:59Z</time>
        <cmt>speed: 0.1</cmt>
      </trkpt>
      <trkpt lat="47.360093" lon="8.563401">
        <ele>439</ele>
        <time>2024-10-11T05:33:59Z</time>
        <cmt>speed: 0.1</cmt>
      </trkpt>
      <trkpt lat="47.359974" lon="8.56367">
        <ele>434</ele>
        <time>2024-10-11T05:36:35Z</time>
      </trkpt>
      <trkpt lat="47.359974" lon="8.56367">
        <ele>434</ele>
        <time>2024-10-11T05:51:35Z</time>
      </trkpt>
      <trkpt lat="47.359974" lon="8.56367">
        <ele>434</ele>
        <time>2024-10-11T10:20:37Z</time>
      </trkpt>
      <trkpt lat="47.359974" lon="8.56367">
        <ele>434</ele>
        <time>2024-10-11T10:21:08Z</time>
      </trkpt>
      <trkpt lat="47.359989" lon="8.563912">
        <ele>383</ele>
        <time>2024-10-11T10:21:12Z</time>
        <cmt>speed: 0.2</cmt>
      </trkpt>
      <trkpt lat="47.360071" lon="8.562685">
        <ele>441</ele>
        <time>2024-10-11T10:30:50Z</time>
        <cmt>speed: 0.0</cmt>
      </trkpt>
      <trkpt lat="47.360626" lon="8.561543">
        <ele>409</ele>
        <time>2024-10-11T10:40:43Z</time>
        <cmt>speed: 0.9</cmt>
      </trkpt>
      <trkpt lat="47.360001" lon="8.561004">
        <ele>427</ele>
        <time>2024-10-11T10:50:49Z</time>
        <cmt>speed: 0.0</cmt>
      </trkpt>
      <trkpt lat="47.360001" lon="8.561004">
        <ele>427</ele>
        <time>2024-10-11T11:00:48Z</time>
      </trkpt>
      <trkpt lat="47.360037" lon="8.56111">
        <ele>398</ele>
        <time>2024-10-11T11:00:52Z</time>
        <cmt>speed: 0.1</cmt>
      </trkpt>
      <trkpt lat="47.359849" lon="8.560954">
        <ele>433</ele>
        <time>2024-10-11T11:10:57Z</time>
        <cmt>speed: 0.2</cmt>
      </trkpt>
      <trkpt lat="47.359849" lon="8.560954">
        <ele>433</ele>
        <time>2024-10-11T11:20:46Z</time>
      </trkpt>
      <trkpt lat="47.359858" lon="8.561111">
        <ele>394</ele>
        <time>2024-10-11T11:20:50Z</time>
        <cmt>speed: 0.0</cmt>
      </trkpt>
      <trkpt lat="47.359915" lon="8.561018">
        <ele>409</ele>
        <time>2024-10-11T11:30:53Z</time>
        <cmt>speed: 0.4</cmt>
      </trkpt>
      <trkpt lat="47.359915" lon="8.561018">
        <ele>409</ele>
        <time>2024-10-11T11:40:52Z</time>
      </trkpt>
      <trkpt lat="47.359777" lon="8.560622">
        <ele>450</ele>
        <time>2024-10-11T11:40:57Z</time>
        <cmt>speed: 0.0</cmt>
      </trkpt>
      <trkpt lat="47.359882" lon="8.560978">
        <ele>407</ele>
        <time>2024-10-11T11:50:46Z</time>
        <cmt>speed: 0.0</cmt>
      </trkpt>
      <trkpt lat="47.359882" lon="8.560978">
        <ele>407</ele>
        <time>2024-10-11T12:00:43Z</time>
      </trkpt>
      <trkpt lat="47.360013" lon="8.560107">
        <ele>431</ele>
        <time>2024-10-11T12:00:47Z</time>
        <cmt>speed: 0.3</cmt>
      </trkpt>
      <trkpt lat="47.360242" lon="8.559533">
        <ele>434</ele>
        <time>2024-10-11T12:11:16Z</time>
        <cmt>speed: 0.9</cmt>
      </trkpt>
      <trkpt lat="47.360237" lon="8.55971">
        <ele>411</ele>
        <time>2024-10-11T12:20:49Z</time>
        <cmt>speed: 0.4</cmt>
      </trkpt>
      <trkpt lat="47.360139" lon="8.561008">
        <ele>411</ele>
        <time>2024-10-11T12:30:46Z</time>
        <cmt>speed: 0.3</cmt>
      </trkpt>
      <trkpt lat="47.360171" lon="8.561066">
        <ele>448</ele>
        <time>2024-10-11T12:40:48Z</time>
        <cmt>speed: 0.0</cmt>
      </trkpt>
      <trkpt lat="47.359987" lon="8.563388">
        <ele>426</ele>
        <time>2024-10-11T12:50:44Z</time>
        <cmt>speed: 0.9</cmt>
      </trkpt>
      <trkpt lat="47.359959" lon="8.563643">
        <ele>434</ele>
        <time>2024-10-11T12:52:27Z</time>
      </trkpt>
      <trkpt lat="47.359974" lon="8.56367">
        <ele>434</ele>
        <time>2024-10-11T13:07:27Z</time>
      </trkpt>
      <trkpt lat="47.360079" lon="8.563552">
        <ele>464</ele>
        <time>2024-10-11T15:08:03Z</time>
        <cmt>speed: 0.1</cmt>
      </trkpt>
      <trkpt lat="47.359927" lon="8.563073">
        <ele>429</ele>
        <time>2024-10-11T15:17:56Z</time>
        <cmt>speed: 0.0</cmt>
      </trkpt>
      <trkpt lat="47.359971" lon="8.562977">
        <ele>460</ele>
        <time>2024-10-11T15:27:50Z</time>
        <cmt>speed: 0.3</cmt>
      </trkpt>
      <trkpt lat="47.359856" lon="8.56304">
        <ele>399</ele>
        <time>2024-10-11T15:37:53Z</time>
        <cmt>speed: 0.1</cmt>
      </trkpt>
      <trkpt lat="47.359974" lon="8.56367">
        <ele>434</ele>
        <time>2024-10-11T15:45:13Z</time>
      </trkpt>
      <trkpt lat="47.359974" lon="8.56367">
        <ele>434</ele>
        <time>2024-10-11T16:00:13Z</time>
      </trkpt>
      <trkpt lat="47.359972" lon="8.563203">
        <ele>425</ele>
        <time>2024-10-11T16:00:44Z</time>
        <cmt>speed: 0.3</cmt>
      </trkpt>
      <trkpt lat="47.360368" lon="8.561432">
        <ele>390</ele>
        <time>2024-10-11T16:10:38Z</time>
        <cmt>speed: 1.0</cmt>
      </trkpt>
      <trkpt lat="47.360353" lon="8.561438">
        <ele>394</ele>
        <time>2024-10-11T16:20:39Z</time>
        <cmt>speed: 0.2</cmt>
      </trkpt>
      <trkpt lat="47.360353" lon="8.561438">
        <ele>394</ele>
        <time>2024-10-11T16:20:39Z</time>
      </trkpt>
      <trkpt lat="47.36036" lon="8.56132">
        <ele>434</ele>
        <time>2024-10-11T16:30:40Z</time>
        <cmt>speed: 0.0</cmt>
      </trkpt>
      <trkpt lat="47.36036" lon="8.56132">
        <ele>434</ele>
        <time>2024-10-11T16:40:39Z</time>
      </trkpt>
      <trkpt lat="47.360341" lon="8.561727">
        <ele>426</ele>
        <time>2024-10-11T16:40:42Z</time>
        <cmt>speed: 1.5</cmt>
      </trkpt>
      <trkpt lat="47.360259" lon="8.561695">
        <ele>406</ele>
        <time>2024-10-11T16:50:42Z</time>
        <cmt>speed: 0.3</cmt>
      </trkpt>
      <trkpt lat="47.360259" lon="8.561695">
        <ele>406</ele>
        <time>2024-10-11T17:00:39Z</time>
      </trkpt>
      <trkpt lat="47.360257" lon="8.561621">
        <ele>403</ele>
        <time>2024-10-11T17:00:44Z</time>
        <cmt>speed: 0.0</cmt>
      </trkpt>
      <trkpt lat="47.36028" lon="8.561769">
        <ele>418</ele>
        <time>2024-10-11T17:10:42Z</time>
        <cmt>speed: 0.0</cmt>
      </trkpt>
      <trkpt lat="47.360395" lon="8.561608">
        <ele>381</ele>
        <time>2024-10-11T17:20:43Z</time>
        <cmt>speed: 0.1</cmt>
      </trkpt>
      <trkpt lat="47.359632" lon="8.561698">
        <ele>423</ele>
        <time>2024-10-11T17:30:43Z</time>
        <cmt>speed: 0.0</cmt>
      </trkpt>
      <trkpt lat="47.359632" lon="8.561698">
        <ele>423</ele>
        <time>2024-10-11T17:40:39Z</time>
      </trkpt>
      <trkpt lat="47.359571" lon="8.561544">
        <ele>388</ele>
        <time>2024-10-11T17:40:42Z</time>
        <cmt>speed: 0.5</cmt>
      </trkpt>
      <trkpt lat="47.35934" lon="8.561078">
        <ele>410</ele>
        <time>2024-10-11T17:50:41Z</time>
        <cmt>speed: 0.5</cmt>
      </trkpt>
      <trkpt lat="47.35934" lon="8.561078">
        <ele>410</ele>
        <time>2024-10-11T18:00:41Z</time>
      </trkpt>
      <trkpt lat="47.359178" lon="8.561555">
        <ele>425</ele>
        <time>2024-10-11T18:00:47Z</time>
        <cmt>speed: 0.8</cmt>
      </trkpt>
      <trkpt lat="47.359311" lon="8.561057">
        <ele>409</ele>
        <time>2024-10-11T18:10:50Z</time>
        <cmt>speed: 0.3</cmt>
      </trkpt>
      <trkpt lat="47.359311" lon="8.561057">
        <ele>409</ele>
        <time>2024-10-11T18:20:39Z</time>
      </trkpt>
      <trkpt lat="47.35934" lon="8.561231">
        <ele>447</ele>
        <time>2024-10-11T18:20:44Z</time>
        <cmt>speed: 0.2</cmt>
      </trkpt>
      <trkpt lat="47.359298" lon="8.561248">
        <ele>466</ele>
        <time>2024-10-11T18:30:51Z</time>
        <cmt>speed: 0.0</cmt>
      </trkpt>
      <trkpt lat="47.359503" lon="8.561301">
        <ele>464</ele>
        <time>2024-10-11T18:40:41Z</time>
        <cmt>speed: 0.3</cmt>
      </trkpt>
      <trkpt lat="47.359481" lon="8.561347">
        <ele>414</ele>
        <time>2024-10-11T18:50:43Z</time>
        <cmt>speed: 0.4</cmt>
      </trkpt>
      <trkpt lat="47.359481" lon="8.561347">
        <ele>414</ele>
        <time>2024-10-11T19:00:39Z</time>
      </trkpt>
      <trkpt lat="47.359276" lon="8.561109">
        <ele>449</ele>
        <time>2024-10-11T19:00:41Z</time>
        <cmt>speed: 0.0</cmt>
      </trkpt>
      <trkpt lat="47.358325" lon="8.561054">
        <ele>433</ele>
        <time>2024-10-11T19:10:42Z</time>
        <cmt>speed: 0.3</cmt>
      </trkpt>
      <trkpt lat="47.358209" lon="8.560965">
        <ele>432</ele>
        <time>2024-10-11T19:30:43Z</time>
        <cmt>speed: 0.2</cmt>
      </trkpt>
      <trkpt lat="47.358209" lon="8.560965">
        <ele>432</ele>
        <time>2024-10-11T19:40:39Z</time>
      </trkpt>
      <trkpt lat="47.358125" lon="8.560871">
        <ele>428</ele>
        <time>2024-10-11T19:40:40Z</time>
        <cmt>speed: 0.4</cmt>
      </trkpt>
      <trkpt lat="47.358132" lon="8.561013">
        <ele>398</ele>
        <time>2024-10-11T19:50:42Z</time>
        <cmt>speed: 0.3</cmt>
      </trkpt>
      <trkpt lat="47.358132" lon="8.561013">
        <ele>398</ele>
        <time>2024-10-11T20:00:39Z</time>
      </trkpt>
      <trkpt lat="47.358206" lon="8.560828">
        <ele>416</ele>
        <time>2024-10-11T20:00:42Z</time>
        <cmt>speed: 0.9</cmt>
      </trkpt>
      <trkpt lat="47.358307" lon="8.560759">
        <ele>440</ele>
        <time>2024-10-11T20:10:41Z</time>
        <cmt>speed: 2.5</cmt>
      </trkpt>
      <trkpt lat="47.358307" lon="8.560759">
        <ele>440</ele>
        <time>2024-10-11T20:20:39Z</time>
      </trkpt>
      <trkpt lat="47.358132" lon="8.560696">
        <ele>420</ele>
        <time>2024-10-11T20:20:43Z</time>
        <cmt>speed: 0.2</cmt>
      </trkpt>
      <trkpt lat="47.35833" lon="8.560569">
        <ele>447</ele>
        <time>2024-10-11T20:31:54Z</time>
        <cmt>speed: 1.0</cmt>
      </trkpt>
      <trkpt lat="47.359981" lon="8.561936">
        <ele>434</ele>
        <time>2024-10-11T20:51:52Z</time>
        <cmt>speed: 0.1</cmt>
      </trkpt>
      <trkpt lat="47.359736" lon="8.562376">
        <ele>421</ele>
        <time>2024-10-11T21:01:54Z</time>
        <cmt>speed: 0.2</cmt>
      </trkpt>
      <trkpt lat="47.359827" lon="8.562646">
        <ele>459</ele>
        <time>2024-10-11T21:11:54Z</time>
        <cmt>speed: 0.7</cmt>
      </trkpt>
      <trkpt lat="47.359827" lon="8.562646">
        <ele>459</ele>
        <time>2024-10-11T21:21:52Z</time>
      </trkpt>
      <trkpt lat="47.359915" lon="8.562658">
        <ele>465</ele>
        <time>2024-10-11T21:21:58Z</time>
        <cmt>speed: 1.3</cmt>
      </trkpt>
      <trkpt lat="47.360083" lon="8.561236">
        <ele>490</ele>
        <time>2024-10-11T21:32:07Z</time>
        <cmt>speed: 0.4</cmt>
      </trkpt>
      <trkpt lat="47.360222" lon="8.561769">
        <ele>479</ele>
        <time>2024-10-11T21:42:23Z</time>
        <cmt>speed: 1.9</cmt>
      </trkpt>
      <trkpt lat="47.360042" lon="8.560387">
        <ele>469</ele>
        <time>2024-10-11T21:51:53Z</time>
        <cmt>speed: 0.1</cmt>
      </trkpt>
      <trkpt lat="47.359726" lon="8.560962">
        <ele>407</ele>
        <time>2024-10-11T22:01:53Z</time>
        <cmt>speed: 0.3</cmt>
      </trkpt>
      <trkpt lat="47.359704" lon="8.561106">
        <ele>416</ele>
        <time>2024-10-11T22:11:54Z</time>
        <cmt>speed: 0.1</cmt>
      </trkpt>
      <trkpt lat="47.359704" lon="8.561106">
        <ele>416</ele>
        <time>2024-10-11T22:21:47Z</time>
      </trkpt>
      <trkpt lat="47.360062" lon="8.561044">
        <ele>421</ele>
        <time>2024-10-11T22:21:53Z</time>
        <cmt>speed: 1.3</cmt>
      </trkpt>
      <trkpt lat="47.360101" lon="8.561119">
        <ele>467</ele>
        <time>2024-10-11T22:31:54Z</time>
        <cmt>speed: 1.3</cmt>
      </trkpt>
      <trkpt lat="47.360101" lon="8.561119">
        <ele>467</ele>
        <time>2024-10-11T22:41:51Z</time>
      </trkpt>
      <trkpt lat="47.359951" lon="8.561085">
        <ele>434</ele>
        <time>2024-10-11T22:41:57Z</time>
        <cmt>speed: 0.0</cmt>
      </trkpt>
      <trkpt lat="47.359908" lon="8.561078">
        <ele>439</ele>
        <time>2024-10-11T22:51:58Z</time>
        <cmt>speed: 0.1</cmt>
      </trkpt>
      <trkpt lat="47.359943" lon="8.561446">
        <ele>421</ele>
        <time>2024-10-11T23:01:54Z</time>
        <cmt>speed: 0.4</cmt>
      </trkpt>
      <trkpt lat="47.359157" lon="8.561564">
        <ele>428</ele>
        <time>2024-10-11T23:11:54Z</time>
        <cmt>speed: 0.0</cmt>
      </trkpt>
      <trkpt lat="47.359717" lon="8.560586">
        <ele>432</ele>
        <time>2024-10-11T23:21:57Z</time>
        <cmt>speed: 0.1</cmt>
      </trkpt>
      <trkpt lat="47.359749" lon="8.560458">
        <ele>439</ele>
        <time>2024-10-11T23:31:54Z</time>
        <cmt>speed: 0.4</cmt>
      </trkpt>
      <trkpt lat="47.359989" lon="8.561004">
        <ele>439</ele>
        <time>2024-10-11T23:41:54Z</time>
        <cmt>speed: 0.2</cmt>
      </trkpt>
      <trkpt lat="47.36016" lon="8.561966">
        <ele>440</ele>
        <time>2024-10-11T23:52:20Z</time>
        <cmt>speed: 1.5</cmt>
      </trkpt>
      <trkpt lat="47.360224" lon="8.562038">
        <ele>409</ele>
        <time>2024-10-12T08:29:11Z</time>
        <cmt>speed: 0.2</cmt>
      </trkpt>
      <trkpt lat="47.360224" lon="8.562038">
        <ele>409</ele>
        <time>2024-10-12T08:38:58Z</time>
      </trkpt>
      <trkpt lat="47.360166" lon="8.562002">
        <ele>445</ele>
        <time>2024-10-12T08:39:06Z</time>
        <cmt>speed: 0.0</cmt>
      </trkpt>
      <trkpt lat="47.360236" lon="8.561603">
        <ele>440</ele>
        <time>2024-10-12T08:49:07Z</time>
        <cmt>speed: 0.4</cmt>
      </trkpt>
      <trkpt lat="47.360236" lon="8.561603">
        <ele>440</ele>
        <time>2024-10-12T08:58:50Z</time>
      </trkpt>
      <trkpt lat="47.360255" lon="8.561129">
        <ele>480</ele>
        <time>2024-10-12T08:58:58Z</time>
        <cmt>speed: 0.2</cmt>
      </trkpt>
      <trkpt lat="47.360263" lon="8.561836">
        <ele>433</ele>
        <time>2024-10-12T09:09:00Z</time>
        <cmt>speed: 0.3</cmt>
      </trkpt>
      <trkpt lat="47.35912" lon="8.560396">
        <ele>439</ele>
        <time>2024-10-12T09:18:56Z</time>
        <cmt>speed: 1.1</cmt>
      </trkpt>
      <trkpt lat="47.359022" lon="8.560537">
        <ele>460</ele>
        <time>2024-10-12T09:28:59Z</time>
        <cmt>speed: 0.0</cmt>
      </trkpt>
      <trkpt lat="47.359022" lon="8.560537">
        <ele>460</ele>
        <time>2024-10-12T09:38:52Z</time>
      </trkpt>
      <trkpt lat="47.358908" lon="8.560395">
        <ele>450</ele>
        <time>2024-10-12T09:39:00Z</time>
        <cmt>speed: 0.0</cmt>
      </trkpt>
      <trkpt lat="47.359201" lon="8.560512">
        <ele>442</ele>
        <time>2024-10-12T09:48:57Z</time>
        <cmt>speed: 0.0</cmt>
      </trkpt>
      <trkpt lat="47.358935" lon="8.559351">
        <ele>459</ele>
        <time>2024-10-12T09:58:56Z</time>
        <cmt>speed: 0.9</cmt>
      </trkpt>
      <trkpt lat="47.357647" lon="8.559952">
        <ele>454</ele>
        <time>2024-10-12T10:09:01Z</time>
        <cmt>speed: 1.3</cmt>
      </trkpt>
      <trkpt lat="47.357489" lon="8.562176">
        <ele>445</ele>
        <time>2024-10-12T10:18:58Z</time>
        <cmt>speed: 0.0</cmt>
      </trkpt>
      <trkpt lat="47.358104" lon="8.562853">
        <ele>451</ele>
        <time>2024-10-12T10:28:58Z</time>
        <cmt>speed: 0.9</cmt>
      </trkpt>
      <trkpt lat="47.358104" lon="8.562853">
        <ele>451</ele>
        <time>2024-10-12T10:38:48Z</time>
      </trkpt>
      <trkpt lat="47.358305" lon="8.563489">
        <ele>433</ele>
        <time>2024-10-12T10:38:56Z</time>
        <cmt>speed: 0.2</cmt>
      </trkpt>
      <trkpt lat="47.358392" lon="8.563488">
        <ele>456</ele>
        <time>2024-10-12T10:48:57Z</time>
        <cmt>speed: 1.0</cmt>
      </trkpt>
      <trkpt lat="47.358392" lon="8.563488">
        <ele>456</ele>
        <time>2024-10-12T10:51:34Z</time>
      </trkpt>
      <trkpt lat="47.358564" lon="8.564385">
        <ele>449</ele>
        <time>2024-10-12T10:59:09Z</time>
        <cmt>speed: 0.6</cmt>
      </trkpt>
      <trkpt lat="47.357906" lon="8.565034">
        <ele>441</ele>
        <time>2024-10-12T11:18:56Z</time>
        <cmt>speed: 1.3</cmt>
      </trkpt>
      <trkpt lat="47.358124" lon="8.564382">
        <ele>452</ele>
        <time>2024-10-12T11:28:56Z</time>
        <cmt>speed: 0.2</cmt>
      </trkpt>
      <trkpt lat="47.358124" lon="8.564382">
        <ele>452</ele>
        <time>2024-10-12T11:38:47Z</time>
      </trkpt>
      <trkpt lat="47.358085" lon="8.564346">
        <ele>467</ele>
        <time>2024-10-12T11:38:56Z</time>
        <cmt>speed: 0.3</cmt>
      </trkpt>
      <trkpt lat="47.358006" lon="8.564374">
        <ele>440</ele>
        <time>2024-10-12T11:48:59Z</time>
        <cmt>speed: 0.0</cmt>
      </trkpt>
      <trkpt lat="47.358006" lon="8.564374">
        <ele>440</ele>
        <time>2024-10-12T11:51:34Z</time>
      </trkpt>
      <trkpt lat="47.358209" lon="8.564347">
        <ele>459</ele>
        <time>2024-10-12T11:58:59Z</time>
        <cmt>speed: 0.2</cmt>
      </trkpt>
      <trkpt lat="47.358128" lon="8.564346">
        <ele>434</ele>
        <time>2024-10-12T12:08:57Z</time>
        <cmt>speed: 0.1</cmt>
      </trkpt>
      <trkpt lat="47.357717" lon="8.564315">
        <ele>465</ele>
        <time>2024-10-12T12:18:57Z</time>
        <cmt>speed: 0.2</cmt>
      </trkpt>
      <trkpt lat="47.357701" lon="8.564388">
        <ele>461</ele>
        <time>2024-10-12T12:28:57Z</time>
        <cmt>speed: 0.3</cmt>
      </trkpt>
      <trkpt lat="47.357701" lon="8.564388">
        <ele>461</ele>
        <time>2024-10-12T12:38:49Z</time>
      </trkpt>
      <trkpt lat="47.357559" lon="8.564027">
        <ele>448</ele>
        <time>2024-10-12T12:38:57Z</time>
        <cmt>speed: 0.1</cmt>
      </trkpt>
      <trkpt lat="47.357634" lon="8.563914">
        <ele>448</ele>
        <time>2024-10-12T12:48:56Z</time>
        <cmt>speed: 0.5</cmt>
      </trkpt>
      <trkpt lat="47.357634" lon="8.563914">
        <ele>448</ele>
        <time>2024-10-12T12:58:48Z</time>
      </trkpt>
      <trkpt lat="47.35757" lon="8.564161">
        <ele>468</ele>
        <time>2024-10-12T12:58:56Z</time>
        <cmt>speed: 0.5</cmt>
      </trkpt>
      <trkpt lat="47.357593" lon="8.56419">
        <ele>413</ele>
        <time>2024-10-12T13:10:11Z</time>
        <cmt>speed: 0.7</cmt>
      </trkpt>
      <trkpt lat="47.357588" lon="8.563855">
        <ele>481</ele>
        <time>2024-10-12T13:20:09Z</time>
        <cmt>speed: 0.0</cmt>
      </trkpt>
      <trkpt lat="47.357631" lon="8.563988">
        <ele>435</ele>
        <time>2024-10-12T13:30:10Z</time>
        <cmt>speed: 0.0</cmt>
      </trkpt>
      <trkpt lat="47.357688" lon="8.563955">
        <ele>452</ele>
        <time>2024-10-12T13:40:08Z</time>
        <cmt>speed: 0.4</cmt>
      </trkpt>
      <trkpt lat="47.357527" lon="8.563671">
        <ele>463</ele>
        <time>2024-10-12T13:50:09Z</time>
        <cmt>speed: 1.1</cmt>
      </trkpt>
      <trkpt lat="47.357597" lon="8.563016">
        <ele>457</ele>
        <time>2024-10-12T14:00:16Z</time>
        <cmt>speed: 0.2</cmt>
      </trkpt>
      <trkpt lat="47.358676" lon="8.562286">
        <ele>447</ele>
        <time>2024-10-12T14:10:08Z</time>
        <cmt>speed: 0.8</cmt>
      </trkpt>
      <trkpt lat="47.359947" lon="8.563622">
        <ele>440</ele>
        <time>2024-10-12T14:20:47Z</time>
        <cmt>speed: 0.1</cmt>
      </trkpt>
      <trkpt lat="47.35981" lon="8.563366">
        <ele>428</ele>
        <time>2024-10-12T14:50:14Z</time>
        <cmt>speed: 0.5</cmt>
      </trkpt>
      <trkpt lat="47.35981" lon="8.563366">
        <ele>428</ele>
        <time>2024-10-12T14:50:49Z</time>
      </trkpt>
      <trkpt lat="47.35981" lon="8.563366">
        <ele>428</ele>
        <time>2024-10-12T15:50:49Z</time>
      </trkpt>
      <trkpt lat="47.35981" lon="8.563366">
        <ele>428</ele>
        <time>2024-10-12T16:50:49Z</time>
      </trkpt>
      <trkpt lat="47.35981" lon="8.563366">
        <ele>428</ele>
        <time>2024-10-12T17:50:49Z</time>
      </trkpt>
      <trkpt lat="47.35981" lon="8.563366">
        <ele>428</ele>
        <time>2024-10-12T18:50:49Z</time>
      </trkpt>
      <trkpt lat="47.35981" lon="8.563366">
        <ele>428</ele>
        <time>2024-10-12T19:50:49Z</time>
      </trkpt>
      <trkpt lat="47.35981" lon="8.563366">
        <ele>428</ele>
        <time>2024-10-12T20:50:49Z</time>
      </trkpt>
      <trkpt lat="47.35981" lon="8.563366">
        <ele>428</ele>
        <time>2024-10-12T21:50:49Z</time>
      </trkpt>
      <trkpt lat="47.35981" lon="8.563366">
        <ele>428</ele>
        <time>2024-10-12T22:50:49Z</time>
      </trkpt>
      <trkpt lat="47.35981" lon="8.563366">
        <ele>428</ele>
        <time>2024-10-12T23:50:49Z</time>
      </trkpt>
      <trkpt lat="47.35981" lon="8.563366">
        <ele>428</ele>
        <time>2024-10-13T00:50:49Z</time>
      </trkpt>
      <trkpt lat="47.359959" lon="8.563643">
        <ele>434</ele>
        <time>2024-10-13T05:26:03Z</time>
      </trkpt>
      <trkpt lat="47.359959" lon="8.563643">
        <ele>434</ele>
        <time>2024-10-13T05:41:03Z</time>
      </trkpt>
      <trkpt lat="47.360071" lon="8.562983">
        <ele>450</ele>
        <time>2024-10-13T09:37:48Z</time>
        <cmt>speed: 0.1</cmt>
      </trkpt>
      <trkpt lat="47.360247" lon="8.561596">
        <ele>391</ele>
        <time>2024-10-13T09:47:32Z</time>
        <cmt>speed: 0.7</cmt>
      </trkpt>
      <trkpt lat="47.359861" lon="8.559952">
        <ele>428</ele>
        <time>2024-10-13T09:57:44Z</time>
        <cmt>speed: 0.3</cmt>
      </trkpt>
      <trkpt lat="47.359755" lon="8.558239">
        <ele>426</ele>
        <time>2024-10-13T10:07:32Z</time>
        <cmt>speed: 1.1</cmt>
      </trkpt>
      <trkpt lat="47.359949" lon="8.557758">
        <ele>458</ele>
        <time>2024-10-13T10:17:30Z</time>
        <cmt>speed: 0.1</cmt>
      </trkpt>
      <trkpt lat="47.359993" lon="8.559159">
        <ele>421</ele>
        <time>2024-10-13T10:27:49Z</time>
        <cmt>speed: 0.4</cmt>
      </trkpt>
      <trkpt lat="47.360376" lon="8.559049">
        <ele>412</ele>
        <time>2024-10-13T10:37:32Z</time>
        <cmt>speed: 0.0</cmt>
      </trkpt>
      <trkpt lat="47.360693" lon="8.557641">
        <ele>434</ele>
        <time>2024-10-13T10:47:30Z</time>
        <cmt>speed: 5.7</cmt>
      </trkpt>
      <trkpt lat="47.360398" lon="8.55712">
        <ele>437</ele>
        <time>2024-10-13T10:57:33Z</time>
        <cmt>speed: 0.5</cmt>
      </trkpt>
      <trkpt lat="47.360548" lon="8.557417">
        <ele>443</ele>
        <time>2024-10-13T11:07:37Z</time>
        <cmt>speed: 1.0</cmt>
      </trkpt>
      <trkpt lat="47.360548" lon="8.557417">
        <ele>443</ele>
        <time>2024-10-13T11:17:32Z</time>
      </trkpt>
      <trkpt lat="47.360654" lon="8.557686">
        <ele>429</ele>
        <time>2024-10-13T11:17:33Z</time>
        <cmt>speed: 0.7</cmt>
      </trkpt>
      <trkpt lat="47.360396" lon="8.557731">
        <ele>447</ele>
        <time>2024-10-13T11:27:31Z</time>
        <cmt>speed: 0.5</cmt>
      </trkpt>
      <trkpt lat="47.359781" lon="8.557689">
        <ele>440</ele>
        <time>2024-10-13T11:37:30Z</time>
        <cmt>speed: 0.5</cmt>
      </trkpt>
      <trkpt lat="47.360153" lon="8.5589">
        <ele>456</ele>
        <time>2024-10-13T11:47:32Z</time>
        <cmt>speed: 0.1</cmt>
      </trkpt>
      <trkpt lat="47.360439" lon="8.560955">
        <ele>410</ele>
        <time>2024-10-13T11:57:34Z</time>
        <cmt>speed: 1.3</cmt>
      </trkpt>
      <trkpt lat="47.360135" lon="8.56114">
        <ele>452</ele>
        <time>2024-10-13T12:07:32Z</time>
        <cmt>speed: 0.6</cmt>
      </trkpt>
      <trkpt lat="47.360135" lon="8.56114">
        <ele>452</ele>
        <time>2024-10-13T12:17:44Z</time>
      </trkpt>
      <trkpt lat="47.360009" lon="8.560816">
        <ele>438</ele>
        <time>2024-10-13T12:17:45Z</time>
        <cmt>speed: 0.6</cmt>
      </trkpt>
      <trkpt lat="47.360172" lon="8.560841">
        <ele>380</ele>
        <time>2024-10-13T12:27:33Z</time>
        <cmt>speed: 0.5</cmt>
      </trkpt>
      <trkpt lat="47.360172" lon="8.560841">
        <ele>380</ele>
        <time>2024-10-13T12:37:40Z</time>
      </trkpt>
      <trkpt lat="47.359976" lon="8.560952">
        <ele>441</ele>
        <time>2024-10-13T12:37:41Z</time>
        <cmt>speed: 0.0</cmt>
      </trkpt>
      <trkpt lat="47.359995" lon="8.561117">
        <ele>439</ele>
        <time>2024-10-13T12:47:35Z</time>
        <cmt>speed: 0.3</cmt>
      </trkpt>
      <trkpt lat="47.359995" lon="8.561117">
        <ele>439</ele>
        <time>2024-10-13T12:57:37Z</time>
      </trkpt>
      <trkpt lat="47.36024" lon="8.56013">
        <ele>447</ele>
        <time>2024-10-13T12:57:38Z</time>
        <cmt>speed: 0.1</cmt>
      </trkpt>
      <trkpt lat="47.360247" lon="8.560824">
        <ele>410</ele>
        <time>2024-10-13T13:07:36Z</time>
        <cmt>speed: 0.0</cmt>
      </trkpt>
      <trkpt lat="47.359859" lon="8.5608">
        <ele>404</ele>
        <time>2024-10-13T13:17:32Z</time>
        <cmt>speed: 0.1</cmt>
      </trkpt>
      <trkpt lat="47.360022" lon="8.561489">
        <ele>420</ele>
        <time>2024-10-13T13:27:30Z</time>
        <cmt>speed: 2.3</cmt>
      </trkpt>
      <trkpt lat="47.359324" lon="8.561001">
        <ele>425</ele>
        <time>2024-10-13T13:37:30Z</time>
        <cmt>speed: 0.2</cmt>
      </trkpt>
      <trkpt lat="47.359258" lon="8.561055">
        <ele>453</ele>
        <time>2024-10-13T13:47:33Z</time>
        <cmt>speed: 0.0</cmt>
      </trkpt>
      <trkpt lat="47.359258" lon="8.561055">
        <ele>453</ele>
        <time>2024-10-13T13:57:31Z</time>
      </trkpt>
      <trkpt lat="47.359185" lon="8.561012">
        <ele>408</ele>
        <time>2024-10-13T13:57:33Z</time>
        <cmt>speed: 0.2</cmt>
      </trkpt>
      <trkpt lat="47.359173" lon="8.560296">
        <ele>461</ele>
        <time>2024-10-13T14:07:33Z</time>
        <cmt>speed: 0.0</cmt>
      </trkpt>
      <trkpt lat="47.359067" lon="8.56064">
        <ele>480</ele>
        <time>2024-10-13T14:17:33Z</time>
        <cmt>speed: 0.6</cmt>
      </trkpt>
      <trkpt lat="47.359253" lon="8.560982">
        <ele>430</ele>
        <time>2024-10-13T14:27:40Z</time>
        <cmt>speed: 0.1</cmt>
      </trkpt>
      <trkpt lat="47.359944" lon="8.560509">
        <ele>444</ele>
        <time>2024-10-13T14:37:33Z</time>
        <cmt>speed: 0.0</cmt>
      </trkpt>
      <trkpt lat="47.359166" lon="8.561438">
        <ele>429</ele>
        <time>2024-10-13T14:47:31Z</time>
        <cmt>speed: 0.6</cmt>
      </trkpt>
      <trkpt lat="47.360335" lon="8.562142">
        <ele>424</ele>
        <time>2024-10-13T14:57:39Z</time>
        <cmt>speed: 0.3</cmt>
      </trkpt>
      <trkpt lat="47.359974" lon="8.56367">
        <ele>434</ele>
        <time>2024-10-13T15:00:56Z</time>
      </trkpt>
      <trkpt lat="47.359974" lon="8.56367">
        <ele>434</ele>
        <time>2024-10-13T15:15:56Z</time>
      </trkpt>
      <trkpt lat="47.359596" lon="8.564066">
        <ele>496</ele>
        <time>2024-10-13T16:54:25Z</time>
        <cmt>speed: 1.8</cmt>
      </trkpt>
      <trkpt lat="47.35917" lon="8.56222">
        <ele>445</ele>
        <time>2024-10-13T17:04:15Z</time>
        <cmt>speed: 1.9</cmt>
      </trkpt>
      <trkpt lat="47.358491" lon="8.56074">
        <ele>451</ele>
        <time>2024-10-13T17:14:23Z</time>
        <cmt>speed: 0.6</cmt>
      </trkpt>
      <trkpt lat="47.358528" lon="8.560365">
        <ele>444</ele>
        <time>2024-10-13T17:24:15Z</time>
        <cmt>speed: 0.2</cmt>
      </trkpt>
      <trkpt lat="47.358115" lon="8.560937">
        <ele>435</ele>
        <time>2024-10-13T17:34:24Z</time>
        <cmt>speed: 1.2</cmt>
      </trkpt>
      <trkpt lat="47.359105" lon="8.560516">
        <ele>449</ele>
        <time>2024-10-13T17:44:19Z</time>
        <cmt>speed: 1.2</cmt>
      </trkpt>
      <trkpt lat="47.358798" lon="8.559245">
        <ele>438</ele>
        <time>2024-10-13T17:54:14Z</time>
        <cmt>speed: 0.1</cmt>
      </trkpt>
      <trkpt lat="47.359404" lon="8.559581">
        <ele>452</ele>
        <time>2024-10-13T18:14:18Z</time>
        <cmt>speed: 0.3</cmt>
      </trkpt>
      <trkpt lat="47.359416" lon="8.5596">
        <ele>426</ele>
        <time>2024-10-13T18:24:18Z</time>
        <cmt>speed: 0.4</cmt>
      </trkpt>
      <trkpt lat="47.359416" lon="8.5596">
        <ele>426</ele>
        <time>2024-10-13T18:34:15Z</time>
      </trkpt>
      <trkpt lat="47.359975" lon="8.557985">
        <ele>399</ele>
        <time>2024-10-13T18:34:17Z</time>
        <cmt>speed: 0.2</cmt>
      </trkpt>
      <trkpt lat="47.360387" lon="8.557735">
        <ele>475</ele>
        <time>2024-10-13T18:44:27Z</time>
        <cmt>speed: 0.7</cmt>
      </trkpt>
      <trkpt lat="47.360533" lon="8.557856">
        <ele>439</ele>
        <time>2024-10-13T18:54:16Z</time>
        <cmt>speed: 0.0</cmt>
      </trkpt>
      <trkpt lat="47.359931" lon="8.557918">
        <ele>492</ele>
        <time>2024-10-13T19:04:14Z</time>
        <cmt>speed: 1.8</cmt>
      </trkpt>
      <trkpt lat="47.360083" lon="8.560908">
        <ele>438</ele>
        <time>2024-10-13T19:14:15Z</time>
        <cmt>speed: 0.5</cmt>
      </trkpt>
      <trkpt lat="47.35983" lon="8.561873">
        <ele>413</ele>
        <time>2024-10-13T19:24:15Z</time>
        <cmt>speed: 2.0</cmt>
      </trkpt>
      <trkpt lat="47.359845" lon="8.562032">
        <ele>433</ele>
        <time>2024-10-13T19:34:14Z</time>
        <cmt>speed: 0.6</cmt>
      </trkpt>
      <trkpt lat="47.359718" lon="8.56239">
        <ele>445</ele>
        <time>2024-10-13T19:44:18Z</time>
        <cmt>speed: 0.3</cmt>
      </trkpt>
      <trkpt lat="47.359718" lon="8.56239">
        <ele>445</ele>
        <time>2024-10-13T19:54:21Z</time>
      </trkpt>
      <trkpt lat="47.359996" lon="8.562464">
        <ele>434</ele>
        <time>2024-10-13T19:54:23Z</time>
        <cmt>speed: 0.2</cmt>
      </trkpt>
      <trkpt lat="47.359795" lon="8.56244">
        <ele>445</ele>
        <time>2024-10-13T20:04:17Z</time>
        <cmt>speed: 0.2</cmt>
      </trkpt>
      <trkpt lat="47.359816" lon="8.56249">
        <ele>432</ele>
        <time>2024-10-13T20:14:19Z</time>
        <cmt>speed: 0.0</cmt>
      </trkpt>
      <trkpt lat="47.35966" lon="8.562756">
        <ele>481</ele>
        <time>2024-10-13T20:24:16Z</time>
        <cmt>speed: 0.0</cmt>
      </trkpt>
      <trkpt lat="47.35966" lon="8.562756">
        <ele>481</ele>
        <time>2024-10-13T20:34:13Z</time>
      </trkpt>
      <trkpt lat="47.359664" lon="8.562416">
        <ele>442</ele>
        <time>2024-10-13T20:34:16Z</time>
        <cmt>speed: 0.0</cmt>
      </trkpt>
      <trkpt lat="47.358955" lon="8.561605">
        <ele>408</ele>
        <time>2024-10-13T20:44:15Z</time>
        <cmt>speed: 1.1</cmt>
      </trkpt>
      <trkpt lat="47.358114" lon="8.56111">
        <ele>458</ele>
        <time>2024-10-13T20:54:17Z</time>
        <cmt>speed: 0.1</cmt>
      </trkpt>
      <trkpt lat="47.358264" lon="8.56082">
        <ele>415</ele>
        <time>2024-10-13T21:04:15Z</time>
        <cmt>speed: 0.6</cmt>
      </trkpt>
      <trkpt lat="47.358264" lon="8.56082">
        <ele>415</ele>
        <time>2024-10-13T21:14:12Z</time>
      </trkpt>
      <trkpt lat="47.358323" lon="8.560864">
        <ele>450</ele>
        <time>2024-10-13T21:14:13Z</time>
        <cmt>speed: 0.3</cmt>
      </trkpt>
      <trkpt lat="47.359192" lon="8.561297">
        <ele>448</ele>
        <time>2024-10-13T21:24:16Z</time>
        <cmt>speed: 0.7</cmt>
      </trkpt>
      <trkpt lat="47.359192" lon="8.561297">
        <ele>448</ele>
        <time>2024-10-13T21:34:13Z</time>
      </trkpt>
      <trkpt lat="47.359299" lon="8.561241">
        <ele>432</ele>
        <time>2024-10-13T21:34:15Z</time>
        <cmt>speed: 0.8</cmt>
      </trkpt>
      <trkpt lat="47.359646" lon="8.560813">
        <ele>448</ele>
        <time>2024-10-13T21:44:16Z</time>
        <cmt>speed: 0.2</cmt>
      </trkpt>
      <trkpt lat="47.360236" lon="8.56153">
        <ele>456</ele>
        <time>2024-10-13T21:54:15Z</time>
        <cmt>speed: 0.9</cmt>
      </trkpt>
      <trkpt lat="47.360806" lon="8.563074">
        <ele>469</ele>
        <time>2024-10-13T22:04:19Z</time>
        <cmt>speed: 0.6</cmt>
      </trkpt>
      <trkpt lat="47.360642" lon="8.56402">
        <ele>451</ele>
        <time>2024-10-13T22:14:17Z</time>
        <cmt>speed: 0.0</cmt>
      </trkpt>
      <trkpt lat="47.360415" lon="8.562119">
        <ele>409</ele>
        <time>2024-10-13T22:24:18Z</time>
        <cmt>speed: 0.7</cmt>
      </trkpt>
      <trkpt lat="47.359974" lon="8.56367">
        <ele>434</ele>
        <time>2024-10-14T06:10:21Z</time>
      </trkpt>
      <trkpt lat="47.359974" lon="8.56367">
        <ele>434</ele>
        <time>2024-10-14T06:20:21Z</time>
      </trkpt>
      <trkpt lat="47.359974" lon="8.56367">
        <ele>434</ele>
        <time>2024-10-14T06:30:21Z</time>
      </trkpt>
      <trkpt lat="47.359974" lon="8.56367">
        <ele>434</ele>
        <time>2024-10-14T06:40:21Z</time>
      </trkpt>
      <trkpt lat="47.359974" lon="8.56367">
        <ele>434</ele>
        <time>2024-10-14T06:50:21Z</time>
      </trkpt>
      <trkpt lat="47.359974" lon="8.56367">
        <ele>434</ele>
        <time>2024-10-14T07:50:21Z</time>
      </trkpt>
      <trkpt lat="47.359974" lon="8.56367">
        <ele>434</ele>
        <time>2024-10-14T08:00:21Z</time>
      </trkpt>
      <trkpt lat="47.359974" lon="8.56367">
        <ele>434</ele>
        <time>2024-10-14T08:10:21Z</time>
      </trkpt>
      <trkpt lat="47.359974" lon="8.56367">
        <ele>434</ele>
        <time>2024-10-14T08:20:21Z</time>
      </trkpt>
      <trkpt lat="47.359974" lon="8.56367">
        <ele>434</ele>
        <time>2024-10-14T08:30:21Z</time>
      </trkpt>
      <trkpt lat="47.359974" lon="8.56367">
        <ele>434</ele>
        <time>2024-10-14T08:40:21Z</time>
      </trkpt>
      <trkpt lat="47.359974" lon="8.56367">
        <ele>434</ele>
        <time>2024-10-14T08:50:21Z</time>
      </trkpt>
      <trkpt lat="47.359974" lon="8.56367">
        <ele>434</ele>
        <time>2024-10-14T08:56:11Z</time>
      </trkpt>
      <trkpt lat="47.359974" lon="8.56367">
        <ele>434</ele>
        <time>2024-10-14T08:56:13Z</time>
      </trkpt>
      <trkpt lat="47.359974" lon="8.56367">
        <ele>434</ele>
        <time>2024-10-14T08:56:18Z</time>
      </trkpt>
      <trkpt lat="47.359974" lon="8.56367">
        <ele>434</ele>
        <time>2024-10-14T09:06:17Z</time>
      </trkpt>
      <trkpt lat="47.359974" lon="8.56367">
        <ele>434</ele>
        <time>2024-10-14T09:16:17Z</time>
      </trkpt>
      <trkpt lat="47.359974" lon="8.56367">
        <ele>434</ele>
        <time>2024-10-14T09:16:45Z</time>
      </trkpt>
      <trkpt lat="47.360227" lon="8.562679">
        <ele>453</ele>
        <time>2024-10-14T09:20:47Z</time>
        <cmt>speed: 1.1</cmt>
      </trkpt>
      <trkpt lat="47.36017" lon="8.561098">
        <ele>423</ele>
        <time>2024-10-14T09:30:21Z</time>
        <cmt>speed: 1.9</cmt>
      </trkpt>
      <trkpt lat="47.359905" lon="8.559367">
        <ele>428</ele>
        <time>2024-10-14T09:40:23Z</time>
        <cmt>speed: 0.1</cmt>
      </trkpt>
      <trkpt lat="47.359895" lon="8.558839">
        <ele>448</ele>
        <time>2024-10-14T09:50:17Z</time>
        <cmt>speed: 0.2</cmt>
      </trkpt>
      <trkpt lat="47.36019" lon="8.560967">
        <ele>432</ele>
        <time>2024-10-14T10:00:20Z</time>
        <cmt>speed: 0.1</cmt>
      </trkpt>
      <trkpt lat="47.36011" lon="8.56078">
        <ele>437</ele>
        <time>2024-10-14T10:10:18Z</time>
        <cmt>speed: 0.0</cmt>
      </trkpt>
      <trkpt lat="47.360002" lon="8.560948">
        <ele>434</ele>
        <time>2024-10-14T10:20:19Z</time>
        <cmt>speed: 0.2</cmt>
      </trkpt>
      <trkpt lat="47.35981" lon="8.561347">
        <ele>405</ele>
        <time>2024-10-14T10:30:16Z</time>
        <cmt>speed: 1.1</cmt>
      </trkpt>
      <trkpt lat="47.359527" lon="8.560453">
        <ele>412</ele>
        <time>2024-10-14T10:40:22Z</time>
        <cmt>speed: 2.6</cmt>
      </trkpt>
      <trkpt lat="47.359025" lon="8.560843">
        <ele>482</ele>
        <time>2024-10-14T10:50:17Z</time>
        <cmt>speed: 3.7</cmt>
      </trkpt>
      <trkpt lat="47.358129" lon="8.560449">
        <ele>415</ele>
        <time>2024-10-14T11:00:14Z</time>
        <cmt>speed: 0.7</cmt>
      </trkpt>
      <trkpt lat="47.358198" lon="8.560277">
        <ele>445</ele>
        <time>2024-10-14T11:10:19Z</time>
        <cmt>speed: 0.1</cmt>
      </trkpt>
      <trkpt lat="47.357859" lon="8.559934">
        <ele>467</ele>
        <time>2024-10-14T11:20:15Z</time>
        <cmt>speed: 0.7</cmt>
      </trkpt>
      <trkpt lat="47.357983" lon="8.560155">
        <ele>419</ele>
        <time>2024-10-14T11:30:19Z</time>
        <cmt>speed: 0.3</cmt>
      </trkpt>
      <trkpt lat="47.3578" lon="8.560039">
        <ele>430</ele>
        <time>2024-10-14T11:50:21Z</time>
        <cmt>speed: 0.0</cmt>
      </trkpt>
      <trkpt lat="47.3578" lon="8.560039">
        <ele>430</ele>
        <time>2024-10-14T12:00:11Z</time>
      </trkpt>
      <trkpt lat="47.357838" lon="8.560052">
        <ele>433</ele>
        <time>2024-10-14T12:00:16Z</time>
        <cmt>speed: 1.5</cmt>
      </trkpt>
      <trkpt lat="47.357668" lon="8.560204">
        <ele>442</ele>
        <time>2024-10-14T12:10:20Z</time>
        <cmt>speed: 0.4</cmt>
      </trkpt>
      <trkpt lat="47.357668" lon="8.560204">
        <ele>442</ele>
        <time>2024-10-14T12:20:11Z</time>
      </trkpt>
      <trkpt lat="47.357867" lon="8.560151">
        <ele>473</ele>
        <time>2024-10-14T12:20:16Z</time>
        <cmt>speed: 1.0</cmt>
      </trkpt>
      <trkpt lat="47.35788" lon="8.560322">
        <ele>420</ele>
        <time>2024-10-14T12:30:22Z</time>
        <cmt>speed: 0.1</cmt>
      </trkpt>
      <trkpt lat="47.357861" lon="8.560209">
        <ele>439</ele>
        <time>2024-10-14T12:40:16Z</time>
        <cmt>speed: 0.7</cmt>
      </trkpt>
      <trkpt lat="47.357837" lon="8.560578">
        <ele>439</ele>
        <time>2024-10-14T12:50:18Z</time>
        <cmt>speed: 0.1</cmt>
      </trkpt>
      <trkpt lat="47.357837" lon="8.560578">
        <ele>439</ele>
        <time>2024-10-14T13:00:17Z</time>
      </trkpt>
      <trkpt lat="47.357792" lon="8.560259">
        <ele>409</ele>
        <time>2024-10-14T13:00:22Z</time>
        <cmt>speed: 0.0</cmt>
      </trkpt>
      <trkpt lat="47.357585" lon="8.560111">
        <ele>482</ele>
        <time>2024-10-14T13:10:17Z</time>
        <cmt>speed: 0.7</cmt>
      </trkpt>
      <trkpt lat="47.357585" lon="8.560111">
        <ele>482</ele>
        <time>2024-10-14T13:20:09Z</time>
      </trkpt>
      <trkpt lat="47.357797" lon="8.560214">
        <ele>432</ele>
        <time>2024-10-14T13:21:59Z</time>
        <cmt>speed: 0.8</cmt>
      </trkpt>
      <trkpt lat="47.357784" lon="8.560364">
        <ele>441</ele>
        <time>2024-10-14T13:31:55Z</time>
        <cmt>speed: 0.3</cmt>
      </trkpt>
      <trkpt lat="47.357784" lon="8.560364">
        <ele>441</ele>
        <time>2024-10-14T13:41:32Z</time>
      </trkpt>
      <trkpt lat="47.358274" lon="8.560301">
        <ele>434</ele>
        <time>2024-10-14T13:41:38Z</time>
        <cmt>speed: 0.1</cmt>
      </trkpt>
      <trkpt lat="47.35837" lon="8.559505">
        <ele>449</ele>
        <time>2024-10-14T13:51:38Z</time>
        <cmt>speed: 0.3</cmt>
      </trkpt>
      <trkpt lat="47.358272" lon="8.55987">
        <ele>436</ele>
        <time>2024-10-14T14:01:38Z</time>
        <cmt>speed: 0.5</cmt>
      </trkpt>
      <trkpt lat="47.357633" lon="8.561127">
        <ele>439</ele>
        <time>2024-10-14T14:11:40Z</time>
        <cmt>speed: 0.7</cmt>
      </trkpt>
      <trkpt lat="47.357571" lon="8.562432">
        <ele>462</ele>
        <time>2024-10-14T14:21:41Z</time>
        <cmt>speed: 1.3</cmt>
      </trkpt>
      <trkpt lat="47.357631" lon="8.563534">
        <ele>440</ele>
        <time>2024-10-14T14:31:36Z</time>
        <cmt>speed: 0.4</cmt>
      </trkpt>
      <trkpt lat="47.357396" lon="8.564022">
        <ele>466</ele>
        <time>2024-10-14T14:41:36Z</time>
        <cmt>speed: 0.9</cmt>
      </trkpt>
      <trkpt lat="47.357594" lon="8.564207">
        <ele>481</ele>
        <time>2024-10-14T14:51:40Z</time>
        <cmt>speed: 1.1</cmt>
      </trkpt>
      <trkpt lat="47.357594" lon="8.564207">
        <ele>481</ele>
        <time>2024-10-14T15:01:32Z</time>
      </trkpt>
      <trkpt lat="47.3577" lon="8.564262">
        <ele>450</ele>
        <time>2024-10-14T15:01:38Z</time>
        <cmt>speed: 0.1</cmt>
      </trkpt>
      <trkpt lat="47.358372" lon="8.563732">
        <ele>433</ele>
        <time>2024-10-14T15:11:37Z</time>
        <cmt>speed: 1.5</cmt>
      </trkpt>
      <trkpt lat="47.357907" lon="8.56307">
        <ele>446</ele>
        <time>2024-10-14T15:21:36Z</time>
        <cmt>speed: 0.6</cmt>
      </trkpt>
      <trkpt lat="47.359235" lon="8.56116">
        <ele>426</ele>
        <time>2024-10-14T15:31:41Z</time>
        <cmt>speed: 0.3</cmt>
      </trkpt>
      <trkpt lat="47.359979" lon="8.561932">
        <ele>467</ele>
        <time>2024-10-14T15:41:44Z</time>
        <cmt>speed: 0.2</cmt>
      </trkpt>
      <trkpt lat="47.360255" lon="8.561869">
        <ele>428</ele>
        <time>2024-10-14T15:51:52Z</time>
        <cmt>speed: 0.0</cmt>
      </trkpt>
      <trkpt lat="47.360132" lon="8.561914">
        <ele>433</ele>
        <time>2024-10-14T20:42:41Z</time>
        <cmt>speed: 1.6</cmt>
      </trkpt>
      <trkpt lat="47.360132" lon="8.561914">
        <ele>433</ele>
        <time>2024-10-14T20:44:25Z</time>
      </trkpt>
      <trkpt lat="47.360131" lon="8.562113">
        <ele>406</ele>
        <time>2024-10-14T23:49:33Z</time>
        <cmt>speed: 0.2</cmt>
      </trkpt>
      <trkpt lat="47.35983" lon="8.559862">
        <ele>433</ele>
        <time>2024-10-14T23:59:25Z</time>
        <cmt>speed: 1.4</cmt>
      </trkpt>
      <trkpt lat="47.359698" lon="8.557696">
        <ele>411</ele>
        <time>2024-10-15T00:19:32Z</time>
        <cmt>speed: 0.0</cmt>
      </trkpt>
      <trkpt lat="47.359698" lon="8.557696">
        <ele>411</ele>
        <time>2024-10-15T00:29:21Z</time>
      </trkpt>
      <trkpt lat="47.359597" lon="8.557589">
        <ele>422</ele>
        <time>2024-10-15T00:29:28Z</time>
        <cmt>speed: 1.8</cmt>
      </trkpt>
      <trkpt lat="47.35962" lon="8.557673">
        <ele>423</ele>
        <time>2024-10-15T00:39:29Z</time>
        <cmt>speed: 0.0</cmt>
      </trkpt>
      <trkpt lat="47.35962" lon="8.557673">
        <ele>423</ele>
        <time>2024-10-15T00:49:29Z</time>
      </trkpt>
      <trkpt lat="47.359677" lon="8.557422">
        <ele>436</ele>
        <time>2024-10-15T00:49:36Z</time>
        <cmt>speed: 0.6</cmt>
      </trkpt>
      <trkpt lat="47.359817" lon="8.558017">
        <ele>423</ele>
        <time>2024-10-15T00:59:30Z</time>
        <cmt>speed: 0.5</cmt>
      </trkpt>
      <trkpt lat="47.360125" lon="8.558436">
        <ele>429</ele>
        <time>2024-10-15T01:09:26Z</time>
        <cmt>speed: 0.9</cmt>
      </trkpt>
      <trkpt lat="47.360007" lon="8.558508">
        <ele>456</ele>
        <time>2024-10-15T01:19:26Z</time>
        <cmt>speed: 1.0</cmt>
      </trkpt>
      <trkpt lat="47.360007" lon="8.558508">
        <ele>456</ele>
        <time>2024-10-15T01:24:25Z</time>
      </trkpt>
      <trkpt lat="47.360087" lon="8.55839">
        <ele>444</ele>
        <time>2024-10-15T01:29:27Z</time>
        <cmt>speed: 0.6</cmt>
      </trkpt>
      <trkpt lat="47.359954" lon="8.558982">
        <ele>472</ele>
        <time>2024-10-15T01:39:26Z</time>
        <cmt>speed: 0.0</cmt>
      </trkpt>
      <trkpt lat="47.360153" lon="8.558881">
        <ele>468</ele>
        <time>2024-10-15T01:49:29Z</time>
        <cmt>speed: 0.0</cmt>
      </trkpt>
      <trkpt lat="47.360167" lon="8.558688">
        <ele>479</ele>
        <time>2024-10-15T01:59:30Z</time>
        <cmt>speed: 0.0</cmt>
      </trkpt>
      <trkpt lat="47.360061" lon="8.558479">
        <ele>431</ele>
        <time>2024-10-15T02:09:29Z</time>
        <cmt>speed: 0.6</cmt>
      </trkpt>
      <trkpt lat="47.359946" lon="8.55852">
        <ele>462</ele>
        <time>2024-10-15T02:19:30Z</time>
        <cmt>speed: 0.9</cmt>
      </trkpt>
      <trkpt lat="47.3601" lon="8.559316">
        <ele>436</ele>
        <time>2024-10-15T02:29:27Z</time>
        <cmt>speed: 1.9</cmt>
      </trkpt>
      <trkpt lat="47.360375" lon="8.562424">
        <ele>434</ele>
        <time>2024-10-15T02:39:29Z</time>
        <cmt>speed: 0.2</cmt>
      </trkpt>
      <trkpt lat="47.360097" lon="8.562028">
        <ele>435</ele>
        <time>2024-10-15T02:59:46Z</time>
        <cmt>speed: 2.1</cmt>
      </trkpt>
      <trkpt lat="47.360097" lon="8.562028">
        <ele>435</ele>
        <time>2024-10-15T03:04:25Z</time>
      </trkpt>
      <trkpt lat="47.360179" lon="8.562076">
        <ele>437</ele>
        <time>2024-10-15T03:10:00Z</time>
        <cmt>speed: 2.5</cmt>
      </trkpt>
      <trkpt lat="47.360179" lon="8.562076">
        <ele>437</ele>
        <time>2024-10-15T03:24:25Z</time>
      </trkpt>
      <trkpt lat="47.360157" lon="8.561961">
        <ele>441</ele>
        <time>2024-10-15T06:57:11Z</time>
        <cmt>speed: 0.2</cmt>
      </trkpt>
      <trkpt lat="47.360167" lon="8.564023">
        <ele>379</ele>
        <time>2024-10-15T07:07:07Z</time>
        <cmt>speed: 0.7</cmt>
      </trkpt>
      <trkpt lat="47.359974" lon="8.56367">
        <ele>434</ele>
        <time>2024-10-15T07:12:06Z</time>
      </trkpt>
      <trkpt lat="47.359978" lon="8.563191">
        <ele>408</ele>
        <time>2024-10-15T07:17:11Z</time>
        <cmt>speed: 0.1</cmt>
      </trkpt>
      <trkpt lat="47.360405" lon="8.560872">
        <ele>384</ele>
        <time>2024-10-15T07:27:11Z</time>
        <cmt>speed: 0.1</cmt>
      </trkpt>
      <trkpt lat="47.359701" lon="8.559967">
        <ele>433</ele>
        <time>2024-10-15T07:37:09Z</time>
        <cmt>speed: 1.8</cmt>
      </trkpt>
      <trkpt lat="47.3581" lon="8.560254">
        <ele>455</ele>
        <time>2024-10-15T07:47:07Z</time>
        <cmt>speed: 0.2</cmt>
      </trkpt>
      <trkpt lat="47.357435" lon="8.560414">
        <ele>480</ele>
        <time>2024-10-15T07:57:07Z</time>
        <cmt>speed: 0.1</cmt>
      </trkpt>
      <trkpt lat="47.357333" lon="8.560725">
        <ele>424</ele>
        <time>2024-10-15T08:07:10Z</time>
        <cmt>speed: 1.8</cmt>
      </trkpt>
      <trkpt lat="47.357718" lon="8.561055">
        <ele>427</ele>
        <time>2024-10-15T08:17:09Z</time>
        <cmt>speed: 0.2</cmt>
      </trkpt>
      <trkpt lat="47.358088" lon="8.559791">
        <ele>434</ele>
        <time>2024-10-15T08:27:12Z</time>
        <cmt>speed: 1.3</cmt>
      </trkpt>
      <trkpt lat="47.358967" lon="8.559023">
        <ele>422</ele>
        <time>2024-10-15T08:37:09Z</time>
        <cmt>speed: 0.7</cmt>
      </trkpt>
      <trkpt lat="47.358899" lon="8.560938">
        <ele>439</ele>
        <time>2024-10-15T08:47:07Z</time>
        <cmt>speed: 0.1</cmt>
      </trkpt>
      <trkpt lat="47.35822" lon="8.56182">
        <ele>439</ele>
        <time>2024-10-15T08:57:07Z</time>
        <cmt>speed: 0.2</cmt>
      </trkpt>
      <trkpt lat="47.35801" lon="8.560735">
        <ele>437</ele>
        <time>2024-10-15T09:07:08Z</time>
        <cmt>speed: 1.9</cmt>
      </trkpt>
      <trkpt lat="47.35801" lon="8.560735">
        <ele>437</ele>
        <time>2024-10-15T09:17:00Z</time>
      </trkpt>
      <trkpt lat="47.358094" lon="8.560242">
        <ele>405</ele>
        <time>2024-10-15T09:17:08Z</time>
        <cmt>speed: 1.0</cmt>
      </trkpt>
      <trkpt lat="47.358042" lon="8.560166">
        <ele>434</ele>
        <time>2024-10-15T09:27:12Z</time>
        <cmt>speed: 0.3</cmt>
      </trkpt>
      <trkpt lat="47.357974" lon="8.560282">
        <ele>450</ele>
        <time>2024-10-15T09:37:18Z</time>
        <cmt>speed: 0.2</cmt>
      </trkpt>
      <trkpt lat="47.358063" lon="8.560279">
        <ele>459</ele>
        <time>2024-10-15T09:47:20Z</time>
        <cmt>speed: 0.4</cmt>
      </trkpt>
      <trkpt lat="47.358074" lon="8.560164">
        <ele>436</ele>
        <time>2024-10-15T10:07:19Z</time>
        <cmt>speed: 0.1</cmt>
      </trkpt>
      <trkpt lat="47.358074" lon="8.560164">
        <ele>436</ele>
        <time>2024-10-15T10:17:07Z</time>
      </trkpt>
      <trkpt lat="47.357933" lon="8.560146">
        <ele>469</ele>
        <time>2024-10-15T10:18:11Z</time>
        <cmt>speed: 0.2</cmt>
      </trkpt>
      <trkpt lat="47.358076" lon="8.560219">
        <ele>477</ele>
        <time>2024-10-15T10:27:47Z</time>
        <cmt>speed: 0.1</cmt>
      </trkpt>
      <trkpt lat="47.358076" lon="8.560219">
        <ele>477</ele>
        <time>2024-10-15T10:37:37Z</time>
      </trkpt>
      <trkpt lat="47.357847" lon="8.560265">
        <ele>435</ele>
        <time>2024-10-15T10:37:46Z</time>
        <cmt>speed: 0.3</cmt>
      </trkpt>
      <trkpt lat="47.358179" lon="8.56017">
        <ele>426</ele>
        <time>2024-10-15T10:47:46Z</time>
        <cmt>speed: 0.6</cmt>
      </trkpt>
      <trkpt lat="47.358593" lon="8.560279">
        <ele>434</ele>
        <time>2024-10-15T10:57:47Z</time>
        <cmt>speed: 0.1</cmt>
      </trkpt>
      <trkpt lat="47.358393" lon="8.562367">
        <ele>432</ele>
        <time>2024-10-15T11:07:47Z</time>
        <cmt>speed: 0.3</cmt>
      </trkpt>
      <trkpt lat="47.358451" lon="8.562535">
        <ele>443</ele>
        <time>2024-10-15T11:17:46Z</time>
        <cmt>speed: 0.2</cmt>
      </trkpt>
      <trkpt lat="47.3586" lon="8.562382">
        <ele>430</ele>
        <time>2024-10-15T11:27:46Z</time>
        <cmt>speed: 0.2</cmt>
      </trkpt>
      <trkpt lat="47.358649" lon="8.562381">
        <ele>445</ele>
        <time>2024-10-15T11:37:48Z</time>
        <cmt>speed: 0.0</cmt>
      </trkpt>
      <trkpt lat="47.359557" lon="8.561385">
        <ele>449</ele>
        <time>2024-10-15T11:47:49Z</time>
        <cmt>speed: 0.2</cmt>
      </trkpt>
      <trkpt lat="47.359959" lon="8.563643">
        <ele>434</ele>
        <time>2024-10-15T11:56:37Z</time>
      </trkpt>
      <trkpt lat="47.359959" lon="8.563643">
        <ele>434</ele>
        <time>2024-10-15T12:11:37Z</time>
      </trkpt>
      <trkpt lat="47.359959" lon="8.563643">
        <ele>434</ele>
        <time>2024-10-15T18:58:28Z</time>
      </trkpt>
      <trkpt lat="47.359959" lon="8.563643">
        <ele>434</ele>
        <time>2024-10-15T18:58:29Z</time>
      </trkpt>
      <trkpt lat="47.359959" lon="8.563643">
        <ele>434</ele>
        <time>2024-10-16T00:11:35Z</time>
      </trkpt>
      <trkpt lat="47.359974" lon="8.56367">
        <ele>434</ele>
        <time>2024-10-16T05:16:39Z</time>
      </trkpt>
      <trkpt lat="47.360436" lon="8.562975">
        <ele>468</ele>
        <time>2024-10-16T05:17:14Z</time>
        <cmt>speed: 1.4</cmt>
      </trkpt>
      <trkpt lat="47.358181" lon="8.561138">
        <ele>445</ele>
        <time>2024-10-16T05:36:43Z</time>
        <cmt>speed: 0.1</cmt>
      </trkpt>
      <trkpt lat="47.359525" lon="8.560621">
        <ele>417</ele>
        <time>2024-10-16T06:06:46Z</time>
        <cmt>speed: 0.2</cmt>
      </trkpt>
      <trkpt lat="47.35991" lon="8.560628">
        <ele>480</ele>
        <time>2024-10-16T06:16:57Z</time>
        <cmt>speed: 0.1</cmt>
      </trkpt>
      <trkpt lat="47.35991" lon="8.560628">
        <ele>480</ele>
        <time>2024-10-16T06:16:57Z</time>
      </trkpt>
      <trkpt lat="47.358228" lon="8.55966">
        <ele>448</ele>
        <time>2024-10-16T06:36:42Z</time>
        <cmt>speed: 1.8</cmt>
      </trkpt>
      <trkpt lat="47.358228" lon="8.55966">
        <ele>448</ele>
        <time>2024-10-16T06:36:42Z</time>
      </trkpt>
      <trkpt lat="47.357622" lon="8.560327">
        <ele>498</ele>
        <time>2024-10-16T06:46:48Z</time>
        <cmt>speed: 0.9</cmt>
      </trkpt>
      <trkpt lat="47.357622" lon="8.560327">
        <ele>498</ele>
        <time>2024-10-16T06:56:45Z</time>
      </trkpt>
      <trkpt lat="47.358583" lon="8.560989">
        <ele>464</ele>
        <time>2024-10-16T06:56:46Z</time>
        <cmt>speed: 0.0</cmt>
      </trkpt>
      <trkpt lat="47.358873" lon="8.560937">
        <ele>439</ele>
        <time>2024-10-16T07:06:42Z</time>
        <cmt>speed: 0.2</cmt>
      </trkpt>
      <trkpt lat="47.358795" lon="8.560949">
        <ele>432</ele>
        <time>2024-10-16T07:16:42Z</time>
        <cmt>speed: 0.2</cmt>
      </trkpt>
      <trkpt lat="47.358795" lon="8.560949">
        <ele>432</ele>
        <time>2024-10-16T07:16:42Z</time>
      </trkpt>
      <trkpt lat="47.358965" lon="8.560879">
        <ele>434</ele>
        <time>2024-10-16T07:45:22Z</time>
        <cmt>speed: 0.0</cmt>
      </trkpt>
      <trkpt lat="47.35893" lon="8.560905">
        <ele>445</ele>
        <time>2024-10-16T07:55:20Z</time>
        <cmt>speed: 0.0</cmt>
      </trkpt>
      <trkpt lat="47.35893" lon="8.560905">
        <ele>445</ele>
        <time>2024-10-16T08:05:20Z</time>
      </trkpt>
      <trkpt lat="47.358628" lon="8.561851">
        <ele>401</ele>
        <time>2024-10-16T08:05:21Z</time>
        <cmt>speed: 0.0</cmt>
      </trkpt>
      <trkpt lat="47.358727" lon="8.56032">
        <ele>435</ele>
        <time>2024-10-16T08:15:23Z</time>
        <cmt>speed: 0.4</cmt>
      </trkpt>
      <trkpt lat="47.358349" lon="8.56012">
        <ele>395</ele>
        <time>2024-10-16T08:25:20Z</time>
        <cmt>speed: 0.6</cmt>
      </trkpt>
      <trkpt lat="47.359423" lon="8.560896">
        <ele>455</ele>
        <time>2024-10-16T08:35:25Z</time>
        <cmt>speed: 1.7</cmt>
      </trkpt>
      <trkpt lat="47.359231" lon="8.561023">
        <ele>428</ele>
        <time>2024-10-16T08:45:30Z</time>
        <cmt>speed: 0.6</cmt>
      </trkpt>
      <trkpt lat="47.35969" lon="8.56126">
        <ele>457</ele>
        <time>2024-10-16T08:55:25Z</time>
        <cmt>speed: 0.2</cmt>
      </trkpt>
      <trkpt lat="47.359974" lon="8.56367">
        <ele>434</ele>
        <time>2024-10-16T09:02:45Z</time>
      </trkpt>
      <trkpt lat="47.359853" lon="8.563654">
        <ele>456</ele>
        <time>2024-10-16T09:05:22Z</time>
        <cmt>speed: 0.3</cmt>
      </trkpt>
      <trkpt lat="47.359974" lon="8.56367">
        <ele>434</ele>
        <time>2024-10-16T09:09:31Z</time>
      </trkpt>
      <trkpt lat="47.359974" lon="8.56367">
        <ele>434</ele>
        <time>2024-10-16T09:24:31Z</time>
      </trkpt>
      <trkpt lat="47.359689" lon="8.563526">
        <ele>471</ele>
        <time>2024-10-16T10:02:49Z</time>
        <cmt>speed: 0.3</cmt>
      </trkpt>
      <trkpt lat="47.359177" lon="8.563822">
        <ele>455</ele>
        <time>2024-10-16T10:12:43Z</time>
        <cmt>speed: 0.2</cmt>
      </trkpt>
      <trkpt lat="47.358489" lon="8.564146">
        <ele>428</ele>
        <time>2024-10-16T10:22:40Z</time>
        <cmt>speed: 1.4</cmt>
      </trkpt>
      <trkpt lat="47.358489" lon="8.564146">
        <ele>428</ele>
        <time>2024-10-16T10:22:47Z</time>
      </trkpt>
      <trkpt lat="47.358472" lon="8.564292">
        <ele>433</ele>
        <time>2024-10-16T10:32:39Z</time>
        <cmt>speed: 0.3</cmt>
      </trkpt>
      <trkpt lat="47.358607" lon="8.563647">
        <ele>443</ele>
        <time>2024-10-16T10:42:39Z</time>
        <cmt>speed: 0.1</cmt>
      </trkpt>
      <trkpt lat="47.35849" lon="8.563683">
        <ele>462</ele>
        <time>2024-10-16T10:52:39Z</time>
        <cmt>speed: 0.4</cmt>
      </trkpt>
      <trkpt lat="47.35849" lon="8.563683">
        <ele>462</ele>
        <time>2024-10-16T11:02:38Z</time>
      </trkpt>
      <trkpt lat="47.358302" lon="8.563519">
        <ele>460</ele>
        <time>2024-10-16T11:02:40Z</time>
        <cmt>speed: 0.3</cmt>
      </trkpt>
      <trkpt lat="47.358401" lon="8.564489">
        <ele>466</ele>
        <time>2024-10-16T11:12:40Z</time>
        <cmt>speed: 0.5</cmt>
      </trkpt>
      <trkpt lat="47.358586" lon="8.565388">
        <ele>447</ele>
        <time>2024-10-16T11:22:41Z</time>
        <cmt>speed: 0.7</cmt>
      </trkpt>
      <trkpt lat="47.358545" lon="8.565413">
        <ele>439</ele>
        <time>2024-10-16T11:32:41Z</time>
        <cmt>speed: 0.4</cmt>
      </trkpt>
      <trkpt lat="47.358458" lon="8.564898">
        <ele>451</ele>
        <time>2024-10-16T11:42:40Z</time>
        <cmt>speed: 0.1</cmt>
      </trkpt>
      <trkpt lat="47.357702" lon="8.564703">
        <ele>467</ele>
        <time>2024-10-16T11:52:41Z</time>
        <cmt>speed: 0.6</cmt>
      </trkpt>
      <trkpt lat="47.357702" lon="8.564703">
        <ele>467</ele>
        <time>2024-10-16T12:02:38Z</time>
      </trkpt>
      <trkpt lat="47.357671" lon="8.564566">
        <ele>470</ele>
        <time>2024-10-16T12:02:40Z</time>
        <cmt>speed: 0.6</cmt>
      </trkpt>
      <trkpt lat="47.357665" lon="8.56457">
        <ele>458</ele>
        <time>2024-10-16T12:12:40Z</time>
        <cmt>speed: 0.1</cmt>
      </trkpt>
      <trkpt lat="47.357633" lon="8.564606">
        <ele>463</ele>
        <time>2024-10-16T12:22:40Z</time>
        <cmt>speed: 0.3</cmt>
      </trkpt>
      <trkpt lat="47.357669" lon="8.564608">
        <ele>462</ele>
        <time>2024-10-16T12:32:40Z</time>
        <cmt>speed: 0.5</cmt>
      </trkpt>
      <trkpt lat="47.357638" lon="8.564492">
        <ele>476</ele>
        <time>2024-10-16T12:42:47Z</time>
        <cmt>speed: 0.2</cmt>
      </trkpt>
      <trkpt lat="47.357685" lon="8.564402">
        <ele>447</ele>
        <time>2024-10-16T12:52:39Z</time>
        <cmt>speed: 0.2</cmt>
      </trkpt>
      <trkpt lat="47.35759" lon="8.564514">
        <ele>460</ele>
        <time>2024-10-16T13:02:40Z</time>
        <cmt>speed: 0.4</cmt>
      </trkpt>
      <trkpt lat="47.357573" lon="8.564495">
        <ele>481</ele>
        <time>2024-10-16T13:12:43Z</time>
        <cmt>speed: 0.1</cmt>
      </trkpt>
      <trkpt lat="47.357573" lon="8.564495">
        <ele>481</ele>
        <time>2024-10-16T13:22:38Z</time>
      </trkpt>
      <trkpt lat="47.357548" lon="8.564472">
        <ele>443</ele>
        <time>2024-10-16T13:22:39Z</time>
        <cmt>speed: 0.5</cmt>
      </trkpt>
      <trkpt lat="47.357608" lon="8.564046">
        <ele>453</ele>
        <time>2024-10-16T13:32:40Z</time>
        <cmt>speed: 0.3</cmt>
      </trkpt>
      <trkpt lat="47.357608" lon="8.564046">
        <ele>453</ele>
        <time>2024-10-16T13:42:38Z</time>
      </trkpt>
      <trkpt lat="47.357414" lon="8.563714">
        <ele>467</ele>
        <time>2024-10-16T13:42:39Z</time>
        <cmt>speed: 0.4</cmt>
      </trkpt>
      <trkpt lat="47.357413" lon="8.563707">
        <ele>462</ele>
        <time>2024-10-16T13:52:41Z</time>
        <cmt>speed: 0.1</cmt>
      </trkpt>
      <trkpt lat="47.357353" lon="8.563749">
        <ele>460</ele>
        <time>2024-10-16T14:03:01Z</time>
        <cmt>speed: 0.0</cmt>
      </trkpt>
      <trkpt lat="47.357213" lon="8.563698">
        <ele>441</ele>
        <time>2024-10-16T14:12:40Z</time>
        <cmt>speed: 0.6</cmt>
      </trkpt>
      <trkpt lat="47.357801" lon="8.56325">
        <ele>443</ele>
        <time>2024-10-16T14:22:44Z</time>
        <cmt>speed: 0.8</cmt>
      </trkpt>
      <trkpt lat="47.358299" lon="8.561854">
        <ele>416</ele>
        <time>2024-10-16T14:32:42Z</time>
        <cmt>speed: 0.6</cmt>
      </trkpt>
      <trkpt lat="47.359639" lon="8.560595">
        <ele>457</ele>
        <time>2024-10-16T14:42:43Z</time>
        <cmt>speed: 0.7</cmt>
      </trkpt>
      <trkpt lat="47.359954" lon="8.561548">
        <ele>435</ele>
        <time>2024-10-16T14:52:43Z</time>
        <cmt>speed: 0.4</cmt>
      </trkpt>
      <trkpt lat="47.360295" lon="8.561143">
        <ele>466</ele>
        <time>2024-10-16T15:02:43Z</time>
        <cmt>speed: 0.0</cmt>
      </trkpt>
      <trkpt lat="47.360247" lon="8.55881">
        <ele>448</ele>
        <time>2024-10-16T15:12:48Z</time>
        <cmt>speed: 0.7</cmt>
      </trkpt>
      <trkpt lat="47.360247" lon="8.55881">
        <ele>448</ele>
        <time>2024-10-16T15:22:39Z</time>
      </trkpt>
      <trkpt lat="47.360187" lon="8.558626">
        <ele>358</ele>
        <time>2024-10-16T15:22:41Z</time>
        <cmt>speed: 0.1</cmt>
      </trkpt>
      <trkpt lat="47.360262" lon="8.557444">
        <ele>423</ele>
        <time>2024-10-16T15:32:40Z</time>
        <cmt>speed: 1.2</cmt>
      </trkpt>
      <trkpt lat="47.360821" lon="8.55843">
        <ele>380</ele>
        <time>2024-10-16T15:42:44Z</time>
        <cmt>speed: 0.1</cmt>
      </trkpt>
      <trkpt lat="47.360608" lon="8.557845">
        <ele>434</ele>
        <time>2024-10-16T15:52:42Z</time>
        <cmt>speed: 1.0</cmt>
      </trkpt>
      <trkpt lat="47.360608" lon="8.557845">
        <ele>434</ele>
        <time>2024-10-16T16:02:38Z</time>
      </trkpt>
      <trkpt lat="47.360831" lon="8.557461">
        <ele>421</ele>
        <time>2024-10-16T16:02:41Z</time>
        <cmt>speed: 0.4</cmt>
      </trkpt>
      <trkpt lat="47.360493" lon="8.557683">
        <ele>439</ele>
        <time>2024-10-16T16:12:42Z</time>
        <cmt>speed: 0.8</cmt>
      </trkpt>
      <trkpt lat="47.360493" lon="8.557683">
        <ele>439</ele>
        <time>2024-10-16T16:22:39Z</time>
      </trkpt>
      <trkpt lat="47.36061" lon="8.557664">
        <ele>435</ele>
        <time>2024-10-16T16:22:42Z</time>
        <cmt>speed: 0.4</cmt>
      </trkpt>
      <trkpt lat="47.360644" lon="8.557918">
        <ele>396</ele>
        <time>2024-10-16T16:32:42Z</time>
        <cmt>speed: 1.0</cmt>
      </trkpt>
      <trkpt lat="47.359577" lon="8.558163">
        <ele>431</ele>
        <time>2024-10-16T16:42:44Z</time>
        <cmt>speed: 0.4</cmt>
      </trkpt>
      <trkpt lat="47.360199" lon="8.562299">
        <ele>441</ele>
        <time>2024-10-16T16:52:43Z</time>
        <cmt>speed: 1.1</cmt>
      </trkpt>
      <trkpt lat="47.359974" lon="8.56367">
        <ele>434</ele>
        <time>2024-10-16T16:57:40Z</time>
      </trkpt>
      <trkpt lat="47.359974" lon="8.56367">
        <ele>434</ele>
        <time>2024-10-16T17:12:40Z</time>
      </trkpt>
      <trkpt lat="47.359974" lon="8.56367">
        <ele>434</ele>
        <time>2024-10-17T05:12:38Z</time>
      </trkpt>
      <trkpt lat="47.359974" lon="8.56367">
        <ele>434</ele>
        <time>2024-10-17T17:12:57Z</time>
      </trkpt>
      <trkpt lat="47.359974" lon="8.56367">
        <ele>434</ele>
        <time>2024-10-17T20:52:25Z</time>
      </trkpt>
      <trkpt lat="47.359737" lon="8.564065">
        <ele>450</ele>
        <time>2024-10-17T20:52:54Z</time>
        <cmt>speed: 0.1</cmt>
      </trkpt>
      <trkpt lat="47.359536" lon="8.56373">
        <ele>427</ele>
        <time>2024-10-17T21:02:35Z</time>
        <cmt>speed: 0.4</cmt>
      </trkpt>
      <trkpt lat="47.359386" lon="8.563699">
        <ele>456</ele>
        <time>2024-10-17T21:12:39Z</time>
        <cmt>speed: 0.5</cmt>
      </trkpt>
      <trkpt lat="47.359386" lon="8.563699">
        <ele>456</ele>
        <time>2024-10-17T21:12:47Z</time>
      </trkpt>
      <trkpt lat="47.359433" lon="8.563718">
        <ele>434</ele>
        <time>2024-10-17T21:22:52Z</time>
        <cmt>speed: 0.9</cmt>
      </trkpt>
      <trkpt lat="47.359767" lon="8.561872">
        <ele>428</ele>
        <time>2024-10-17T21:32:45Z</time>
        <cmt>speed: 0.5</cmt>
      </trkpt>
      <trkpt lat="47.35923" lon="8.560735">
        <ele>503</ele>
        <time>2024-10-17T21:42:50Z</time>
        <cmt>speed: 0.3</cmt>
      </trkpt>
      <trkpt lat="47.359502" lon="8.559035">
        <ele>427</ele>
        <time>2024-10-17T21:52:49Z</time>
        <cmt>speed: 0.5</cmt>
      </trkpt>
      <trkpt lat="47.359771" lon="8.558548">
        <ele>474</ele>
        <time>2024-10-17T22:02:50Z</time>
        <cmt>speed: 0.2</cmt>
      </trkpt>
      <trkpt lat="47.359771" lon="8.558548">
        <ele>474</ele>
        <time>2024-10-17T22:12:38Z</time>
      </trkpt>
      <trkpt lat="47.359909" lon="8.558549">
        <ele>421</ele>
        <time>2024-10-17T22:12:45Z</time>
        <cmt>speed: 1.3</cmt>
      </trkpt>
      <trkpt lat="47.359746" lon="8.558602">
        <ele>417</ele>
        <time>2024-10-17T22:22:52Z</time>
        <cmt>speed: 0.2</cmt>
      </trkpt>
      <trkpt lat="47.359746" lon="8.558602">
        <ele>417</ele>
        <time>2024-10-17T22:32:43Z</time>
      </trkpt>
      <trkpt lat="47.359841" lon="8.558579">
        <ele>452</ele>
        <time>2024-10-17T22:32:50Z</time>
        <cmt>speed: 0.3</cmt>
      </trkpt>
      <trkpt lat="47.360171" lon="8.559393">
        <ele>461</ele>
        <time>2024-10-17T22:42:54Z</time>
        <cmt>speed: 1.5</cmt>
      </trkpt>
      <trkpt lat="47.360447" lon="8.56068">
        <ele>423</ele>
        <time>2024-10-17T22:52:47Z</time>
        <cmt>speed: 1.2</cmt>
      </trkpt>
      <trkpt lat="47.360065" lon="8.560966">
        <ele>426</ele>
        <time>2024-10-17T23:02:46Z</time>
        <cmt>speed: 0.6</cmt>
      </trkpt>
      <trkpt lat="47.360343" lon="8.561369">
        <ele>433</ele>
        <time>2024-10-17T23:12:47Z</time>
        <cmt>speed: 0.6</cmt>
      </trkpt>
      <trkpt lat="47.359994" lon="8.561752">
        <ele>458</ele>
        <time>2024-10-17T23:53:11Z</time>
        <cmt>speed: 2.2</cmt>
      </trkpt>
      <trkpt lat="47.360151" lon="8.561944">
        <ele>429</ele>
        <time>2024-10-18T01:25:41Z</time>
        <cmt>speed: 0.3</cmt>
      </trkpt>
      <trkpt lat="47.360514" lon="8.562251">
        <ele>379</ele>
        <time>2024-10-18T02:12:27Z</time>
        <cmt>speed: 0.9</cmt>
      </trkpt>
      <trkpt lat="47.360514" lon="8.562251">
        <ele>379</ele>
        <time>2024-10-18T02:21:40Z</time>
      </trkpt>
      <trkpt lat="47.360413" lon="8.562259">
        <ele>394</ele>
        <time>2024-10-18T02:29:02Z</time>
        <cmt>speed: 2.4</cmt>
      </trkpt>
      <trkpt lat="47.35966" lon="8.561939">
        <ele>446</ele>
        <time>2024-10-18T04:48:19Z</time>
        <cmt>speed: 0.6</cmt>
      </trkpt>
      <trkpt lat="47.358523" lon="8.560828">
        <ele>499</ele>
        <time>2024-10-18T04:58:13Z</time>
        <cmt>speed: 0.1</cmt>
      </trkpt>
      <trkpt lat="47.358523" lon="8.560828">
        <ele>499</ele>
        <time>2024-10-18T05:01:40Z</time>
      </trkpt>
      <trkpt lat="47.358454" lon="8.561759">
        <ele>416</ele>
        <time>2024-10-18T05:08:13Z</time>
        <cmt>speed: 0.2</cmt>
      </trkpt>
      <trkpt lat="47.35871" lon="8.561401">
        <ele>399</ele>
        <time>2024-10-18T05:18:21Z</time>
        <cmt>speed: 0.0</cmt>
      </trkpt>
      <trkpt lat="47.35871" lon="8.561401">
        <ele>399</ele>
        <time>2024-10-18T05:21:40Z</time>
      </trkpt>
      <trkpt lat="47.358482" lon="8.561189">
        <ele>461</ele>
        <time>2024-10-18T05:28:15Z</time>
        <cmt>speed: 0.1</cmt>
      </trkpt>
      <trkpt lat="47.358482" lon="8.561189">
        <ele>461</ele>
        <time>2024-10-18T05:41:40Z</time>
      </trkpt>
      <trkpt lat="47.358621" lon="8.561208">
        <ele>441</ele>
        <time>2024-10-18T05:42:08Z</time>
        <cmt>speed: 0.0</cmt>
      </trkpt>
      <trkpt lat="47.358722" lon="8.561179">
        <ele>432</ele>
        <time>2024-10-18T05:52:04Z</time>
        <cmt>speed: 0.4</cmt>
      </trkpt>
      <trkpt lat="47.358722" lon="8.561179">
        <ele>432</ele>
        <time>2024-10-18T06:01:40Z</time>
      </trkpt>
      <trkpt lat="47.358644" lon="8.561214">
        <ele>458</ele>
        <time>2024-10-18T06:03:14Z</time>
        <cmt>speed: 0.8</cmt>
      </trkpt>
      <trkpt lat="47.358885" lon="8.561318">
        <ele>433</ele>
        <time>2024-10-18T06:13:11Z</time>
        <cmt>speed: 0.3</cmt>
      </trkpt>
      <trkpt lat="47.358885" lon="8.561318">
        <ele>433</ele>
        <time>2024-10-18T06:23:03Z</time>
      </trkpt>
      <trkpt lat="47.358789" lon="8.561035">
        <ele>453</ele>
        <time>2024-10-18T06:23:12Z</time>
        <cmt>speed: 0.3</cmt>
      </trkpt>
      <trkpt lat="47.358792" lon="8.561004">
        <ele>446</ele>
        <time>2024-10-18T06:33:14Z</time>
        <cmt>speed: 0.4</cmt>
      </trkpt>
      <trkpt lat="47.358792" lon="8.561004">
        <ele>446</ele>
        <time>2024-10-18T06:43:03Z</time>
      </trkpt>
      <trkpt lat="47.358804" lon="8.560854">
        <ele>459</ele>
        <time>2024-10-18T06:43:12Z</time>
        <cmt>speed: 0.3</cmt>
      </trkpt>
      <trkpt lat="47.358754" lon="8.56095">
        <ele>453</ele>
        <time>2024-10-18T06:53:12Z</time>
        <cmt>speed: 0.5</cmt>
      </trkpt>
      <trkpt lat="47.358807" lon="8.56092">
        <ele>460</ele>
        <time>2024-10-18T07:03:13Z</time>
        <cmt>speed: 0.3</cmt>
      </trkpt>
      <trkpt lat="47.358752" lon="8.561012">
        <ele>452</ele>
        <time>2024-10-18T07:13:11Z</time>
        <cmt>speed: 0.0</cmt>
      </trkpt>
      <trkpt lat="47.358752" lon="8.561012">
        <ele>452</ele>
        <time>2024-10-18T07:21:40Z</time>
      </trkpt>
      <trkpt lat="47.358595" lon="8.560772">
        <ele>458</ele>
        <time>2024-10-18T07:34:46Z</time>
        <cmt>speed: 0.4</cmt>
      </trkpt>
      <trkpt lat="47.358595" lon="8.560772">
        <ele>458</ele>
        <time>2024-10-18T07:44:36Z</time>
      </trkpt>
      <trkpt lat="47.358785" lon="8.560998">
        <ele>451</ele>
        <time>2024-10-18T07:44:45Z</time>
        <cmt>speed: 1.7</cmt>
      </trkpt>
      <trkpt lat="47.358703" lon="8.56112">
        <ele>456</ele>
        <time>2024-10-18T07:54:46Z</time>
        <cmt>speed: 0.5</cmt>
      </trkpt>
      <trkpt lat="47.35872" lon="8.561522">
        <ele>436</ele>
        <time>2024-10-18T08:04:45Z</time>
        <cmt>speed: 0.5</cmt>
      </trkpt>
      <trkpt lat="47.358519" lon="8.562298">
        <ele>439</ele>
        <time>2024-10-18T08:14:46Z</time>
        <cmt>speed: 0.1</cmt>
      </trkpt>
      <trkpt lat="47.358519" lon="8.562298">
        <ele>439</ele>
        <time>2024-10-18T08:24:38Z</time>
      </trkpt>
      <trkpt lat="47.358724" lon="8.562481">
        <ele>453</ele>
        <time>2024-10-18T08:24:47Z</time>
        <cmt>speed: 0.8</cmt>
      </trkpt>
      <trkpt lat="47.358548" lon="8.561314">
        <ele>451</ele>
        <time>2024-10-18T08:34:44Z</time>
        <cmt>speed: 1.6</cmt>
      </trkpt>
      <trkpt lat="47.358544" lon="8.560265">
        <ele>416</ele>
        <time>2024-10-18T08:44:45Z</time>
        <cmt>speed: 1.5</cmt>
      </trkpt>
      <trkpt lat="47.357549" lon="8.561325">
        <ele>445</ele>
        <time>2024-10-18T08:54:46Z</time>
        <cmt>speed: 0.8</cmt>
      </trkpt>
      <trkpt lat="47.357549" lon="8.561325">
        <ele>445</ele>
        <time>2024-10-18T09:04:39Z</time>
      </trkpt>
      <trkpt lat="47.357701" lon="8.561094">
        <ele>417</ele>
        <time>2024-10-18T09:04:48Z</time>
        <cmt>speed: 0.6</cmt>
      </trkpt>
      <trkpt lat="47.357871" lon="8.560853">
        <ele>436</ele>
        <time>2024-10-18T09:14:45Z</time>
        <cmt>speed: 2.0</cmt>
      </trkpt>
      <trkpt lat="47.35798" lon="8.559138">
        <ele>440</ele>
        <time>2024-10-18T09:24:47Z</time>
        <cmt>speed: 1.0</cmt>
      </trkpt>
      <trkpt lat="47.358389" lon="8.558516">
        <ele>399</ele>
        <time>2024-10-18T09:34:48Z</time>
        <cmt>speed: 1.2</cmt>
      </trkpt>
      <trkpt lat="47.35833" lon="8.557437">
        <ele>446</ele>
        <time>2024-10-18T09:44:49Z</time>
        <cmt>speed: 0.0</cmt>
      </trkpt>
      <trkpt lat="47.359" lon="8.557525">
        <ele>426</ele>
        <time>2024-10-18T09:54:46Z</time>
        <cmt>speed: 0.2</cmt>
      </trkpt>
      <trkpt lat="47.359143" lon="8.557098">
        <ele>421</ele>
        <time>2024-10-18T10:04:46Z</time>
        <cmt>speed: 0.3</cmt>
      </trkpt>
      <trkpt lat="47.359903" lon="8.557695">
        <ele>398</ele>
        <time>2024-10-18T10:14:48Z</time>
        <cmt>speed: 0.5</cmt>
      </trkpt>
      <trkpt lat="47.360141" lon="8.558872">
        <ele>440</ele>
        <time>2024-10-18T10:24:47Z</time>
        <cmt>speed: 0.7</cmt>
      </trkpt>
      <trkpt lat="47.360134" lon="8.557977">
        <ele>468</ele>
        <time>2024-10-18T10:34:46Z</time>
        <cmt>speed: 0.9</cmt>
      </trkpt>
      <trkpt lat="47.360134" lon="8.557977">
        <ele>468</ele>
        <time>2024-10-18T10:44:40Z</time>
      </trkpt>
      <trkpt lat="47.360736" lon="8.557579">
        <ele>493</ele>
        <time>2024-10-18T10:44:49Z</time>
        <cmt>speed: 0.3</cmt>
      </trkpt>
      <trkpt lat="47.360621" lon="8.557807">
        <ele>435</ele>
        <time>2024-10-18T10:54:51Z</time>
        <cmt>speed: 0.1</cmt>
      </trkpt>
      <trkpt lat="47.360621" lon="8.557807">
        <ele>435</ele>
        <time>2024-10-18T11:04:40Z</time>
      </trkpt>
      <trkpt lat="47.360954" lon="8.558029">
        <ele>450</ele>
        <time>2024-10-18T11:04:49Z</time>
        <cmt>speed: 0.9</cmt>
      </trkpt>
      <trkpt lat="47.360987" lon="8.557999">
        <ele>405</ele>
        <time>2024-10-18T11:14:50Z</time>
        <cmt>speed: 0.0</cmt>
      </trkpt>
      <trkpt lat="47.361868" lon="8.557967">
        <ele>443</ele>
        <time>2024-10-18T11:24:52Z</time>
        <cmt>speed: 0.0</cmt>
      </trkpt>
      <trkpt lat="47.361699" lon="8.557533">
        <ele>430</ele>
        <time>2024-10-18T11:34:47Z</time>
        <cmt>speed: 0.4</cmt>
      </trkpt>
      <trkpt lat="47.360647" lon="8.557699">
        <ele>437</ele>
        <time>2024-10-18T11:44:48Z</time>
        <cmt>speed: 0.1</cmt>
      </trkpt>
      <trkpt lat="47.360228" lon="8.560219">
        <ele>433</ele>
        <time>2024-10-18T11:54:48Z</time>
        <cmt>speed: 0.7</cmt>
      </trkpt>
      <trkpt lat="47.360215" lon="8.561015">
        <ele>425</ele>
        <time>2024-10-18T12:04:47Z</time>
        <cmt>speed: 0.5</cmt>
      </trkpt>
      <trkpt lat="47.360285" lon="8.561691">
        <ele>434</ele>
        <time>2024-10-18T12:14:46Z</time>
        <cmt>speed: 0.5</cmt>
      </trkpt>
      <trkpt lat="47.359974" lon="8.56367">
        <ele>434</ele>
        <time>2024-10-18T12:18:37Z</time>
      </trkpt>
      <trkpt lat="47.359974" lon="8.56367">
        <ele>434</ele>
        <time>2024-10-18T12:33:37Z</time>
      </trkpt>
      <trkpt lat="47.359974" lon="8.56367">
        <ele>434</ele>
        <time>2024-10-18T16:43:27Z</time>
      </trkpt>
      <trkpt lat="47.359715" lon="8.563586">
        <ele>411</ele>
        <time>2024-10-18T16:43:57Z</time>
        <cmt>speed: 0.1</cmt>
      </trkpt>
      <trkpt lat="47.359974" lon="8.56367">
        <ele>434</ele>
        <time>2024-10-18T16:45:57Z</time>
      </trkpt>
      <trkpt lat="47.359974" lon="8.56367">
        <ele>434</ele>
        <time>2024-10-18T17:00:57Z</time>
      </trkpt>
      <trkpt lat="47.360004" lon="8.562913">
        <ele>435</ele>
        <time>2024-10-18T17:04:42Z</time>
        <cmt>speed: 0.3</cmt>
      </trkpt>
      <trkpt lat="47.360724" lon="8.561494">
        <ele>431</ele>
        <time>2024-10-18T17:14:25Z</time>
        <cmt>speed: 0.9</cmt>
      </trkpt>
      <trkpt lat="47.360269" lon="8.561737">
        <ele>437</ele>
        <time>2024-10-18T17:24:27Z</time>
        <cmt>speed: 0.2</cmt>
      </trkpt>
      <trkpt lat="47.359796" lon="8.560931">
        <ele>449</ele>
        <time>2024-10-18T17:34:27Z</time>
        <cmt>speed: 0.6</cmt>
      </trkpt>
      <trkpt lat="47.359796" lon="8.560931">
        <ele>449</ele>
        <time>2024-10-18T17:44:20Z</time>
      </trkpt>
      <trkpt lat="47.359951" lon="8.561004">
        <ele>433</ele>
        <time>2024-10-18T17:44:30Z</time>
        <cmt>speed: 0.1</cmt>
      </trkpt>
      <trkpt lat="47.360083" lon="8.560203">
        <ele>394</ele>
        <time>2024-10-18T17:54:27Z</time>
        <cmt>speed: 2.8</cmt>
      </trkpt>
      <trkpt lat="47.359876" lon="8.559097">
        <ele>424</ele>
        <time>2024-10-18T18:04:29Z</time>
        <cmt>speed: 0.7</cmt>
      </trkpt>
      <trkpt lat="47.359634" lon="8.558888">
        <ele>467</ele>
        <time>2024-10-18T18:14:30Z</time>
        <cmt>speed: 0.0</cmt>
      </trkpt>
      <trkpt lat="47.35996" lon="8.55908">
        <ele>421</ele>
        <time>2024-10-18T18:24:28Z</time>
        <cmt>speed: 0.4</cmt>
      </trkpt>
      <trkpt lat="47.35996" lon="8.55908">
        <ele>421</ele>
        <time>2024-10-18T18:24:29Z</time>
      </trkpt>
      <trkpt lat="47.359997" lon="8.558976">
        <ele>455</ele>
        <time>2024-10-18T18:34:29Z</time>
        <cmt>speed: 0.2</cmt>
      </trkpt>
      <trkpt lat="47.359679" lon="8.558591">
        <ele>487</ele>
        <time>2024-10-18T18:54:30Z</time>
        <cmt>speed: 2.0</cmt>
      </trkpt>
      <trkpt lat="47.360014" lon="8.558233">
        <ele>425</ele>
        <time>2024-10-18T19:04:31Z</time>
        <cmt>speed: 0.2</cmt>
      </trkpt>
      <trkpt lat="47.36016" lon="8.558566">
        <ele>446</ele>
        <time>2024-10-18T19:14:30Z</time>
        <cmt>speed: 0.2</cmt>
      </trkpt>
      <trkpt lat="47.360293" lon="8.557119">
        <ele>463</ele>
        <time>2024-10-18T19:24:35Z</time>
        <cmt>speed: 0.4</cmt>
      </trkpt>
      <trkpt lat="47.360293" lon="8.557119">
        <ele>463</ele>
        <time>2024-10-18T19:24:35Z</time>
      </trkpt>
      <trkpt lat="47.360155" lon="8.55797">
        <ele>433</ele>
        <time>2024-10-18T19:34:35Z</time>
        <cmt>speed: 0.6</cmt>
      </trkpt>
      <trkpt lat="47.360527" lon="8.55778">
        <ele>430</ele>
        <time>2024-10-18T19:44:30Z</time>
        <cmt>speed: 0.5</cmt>
      </trkpt>
      <trkpt lat="47.360357" lon="8.557616">
        <ele>463</ele>
        <time>2024-10-18T19:54:28Z</time>
        <cmt>speed: 3.1</cmt>
      </trkpt>
      <trkpt lat="47.359963" lon="8.55794">
        <ele>413</ele>
        <time>2024-10-18T20:04:27Z</time>
        <cmt>speed: 1.1</cmt>
      </trkpt>
      <trkpt lat="47.359861" lon="8.559849">
        <ele>436</ele>
        <time>2024-10-18T20:14:29Z</time>
        <cmt>speed: 0.8</cmt>
      </trkpt>
      <trkpt lat="47.359652" lon="8.560281">
        <ele>392</ele>
        <time>2024-10-18T20:24:29Z</time>
        <cmt>speed: 0.2</cmt>
      </trkpt>
      <trkpt lat="47.359652" lon="8.560281">
        <ele>392</ele>
        <time>2024-10-18T20:24:29Z</time>
      </trkpt>
      <trkpt lat="47.360214" lon="8.561555">
        <ele>456</ele>
        <time>2024-10-18T20:34:35Z</time>
        <cmt>speed: 0.0</cmt>
      </trkpt>
      <trkpt lat="47.360167" lon="8.56142">
        <ele>440</ele>
        <time>2024-10-18T20:44:27Z</time>
        <cmt>speed: 0.4</cmt>
      </trkpt>
      <trkpt lat="47.360167" lon="8.56142">
        <ele>440</ele>
        <time>2024-10-18T20:44:27Z</time>
      </trkpt>
      <trkpt lat="47.36015" lon="8.561495">
        <ele>408</ele>
        <time>2024-10-18T20:54:27Z</time>
        <cmt>speed: 0.1</cmt>
      </trkpt>
      <trkpt lat="47.360066" lon="8.561486">
        <ele>438</ele>
        <time>2024-10-18T21:04:28Z</time>
        <cmt>speed: 0.2</cmt>
      </trkpt>
      <trkpt lat="47.360066" lon="8.561486">
        <ele>438</ele>
        <time>2024-10-18T21:04:28Z</time>
      </trkpt>
      <trkpt lat="47.360048" lon="8.561613">
        <ele>436</ele>
        <time>2024-10-18T21:14:28Z</time>
        <cmt>speed: 2.4</cmt>
      </trkpt>
      <trkpt lat="47.360048" lon="8.561613">
        <ele>436</ele>
        <time>2024-10-18T21:24:27Z</time>
      </trkpt>
      <trkpt lat="47.360066" lon="8.561389">
        <ele>413</ele>
        <time>2024-10-18T21:31:37Z</time>
        <cmt>speed: 0.2</cmt>
      </trkpt>
      <trkpt lat="47.360016" lon="8.561419">
        <ele>422</ele>
        <time>2024-10-18T21:41:32Z</time>
        <cmt>speed: 0.1</cmt>
      </trkpt>
      <trkpt lat="47.360014" lon="8.561435">
        <ele>428</ele>
        <time>2024-10-18T21:51:35Z</time>
        <cmt>speed: 0.0</cmt>
      </trkpt>
      <trkpt lat="47.360014" lon="8.561435">
        <ele>428</ele>
        <time>2024-10-18T21:51:35Z</time>
      </trkpt>
      <trkpt lat="47.360053" lon="8.561583">
        <ele>434</ele>
        <time>2024-10-18T22:01:33Z</time>
        <cmt>speed: 0.5</cmt>
      </trkpt>
      <trkpt lat="47.360066" lon="8.561397">
        <ele>433</ele>
        <time>2024-10-18T22:11:32Z</time>
        <cmt>speed: 0.0</cmt>
      </trkpt>
      <trkpt lat="47.360066" lon="8.561397">
        <ele>433</ele>
        <time>2024-10-18T22:11:32Z</time>
      </trkpt>
      <trkpt lat="47.359916" lon="8.561243">
        <ele>471</ele>
        <time>2024-10-18T22:21:37Z</time>
        <cmt>speed: 0.1</cmt>
      </trkpt>
      <trkpt lat="47.36" lon="8.561465">
        <ele>428</ele>
        <time>2024-10-18T22:31:38Z</time>
        <cmt>speed: 0.3</cmt>
      </trkpt>
      <trkpt lat="47.36" lon="8.561465">
        <ele>428</ele>
        <time>2024-10-18T22:31:38Z</time>
      </trkpt>
      <trkpt lat="47.36" lon="8.561465">
        <ele>428</ele>
        <time>2024-10-18T22:44:27Z</time>
      </trkpt>
      <trkpt lat="47.360046" lon="8.561407">
        <ele>427</ele>
        <time>2024-10-18T22:55:50Z</time>
        <cmt>speed: 0.1</cmt>
      </trkpt>
      <trkpt lat="47.359984" lon="8.561389">
        <ele>433</ele>
        <time>2024-10-18T23:05:46Z</time>
        <cmt>speed: 0.0</cmt>
      </trkpt>
      <trkpt lat="47.359984" lon="8.561389">
        <ele>433</ele>
        <time>2024-10-18T23:05:46Z</time>
      </trkpt>
      <trkpt lat="47.360044" lon="8.561545">
        <ele>440</ele>
        <time>2024-10-18T23:15:55Z</time>
        <cmt>speed: 0.4</cmt>
      </trkpt>
      <trkpt lat="47.360069" lon="8.561409">
        <ele>423</ele>
        <time>2024-10-18T23:25:43Z</time>
        <cmt>speed: 0.3</cmt>
      </trkpt>
      <trkpt lat="47.360069" lon="8.561409">
        <ele>423</ele>
        <time>2024-10-18T23:25:43Z</time>
      </trkpt>
      <trkpt lat="47.360048" lon="8.561754">
        <ele>396</ele>
        <time>2024-10-18T23:35:43Z</time>
        <cmt>speed: 0.1</cmt>
      </trkpt>
      <trkpt lat="47.360048" lon="8.561754">
        <ele>396</ele>
        <time>2024-10-18T23:45:45Z</time>
      </trkpt>
      <trkpt lat="47.360078" lon="8.561783">
        <ele>375</ele>
        <time>2024-10-18T23:45:46Z</time>
        <cmt>speed: 0.1</cmt>
      </trkpt>
      <trkpt lat="47.359814" lon="8.561664">
        <ele>438</ele>
        <time>2024-10-18T23:55:43Z</time>
        <cmt>speed: 0.0</cmt>
      </trkpt>
      <trkpt lat="47.359959" lon="8.561577">
        <ele>421</ele>
        <time>2024-10-19T00:05:44Z</time>
        <cmt>speed: 0.3</cmt>
      </trkpt>
      <trkpt lat="47.359959" lon="8.561577">
        <ele>421</ele>
        <time>2024-10-19T00:05:44Z</time>
      </trkpt>
      <trkpt lat="47.359805" lon="8.561777">
        <ele>437</ele>
        <time>2024-10-19T00:15:43Z</time>
        <cmt>speed: 0.7</cmt>
      </trkpt>
      <trkpt lat="47.359123" lon="8.561835">
        <ele>466</ele>
        <time>2024-10-19T00:25:45Z</time>
        <cmt>speed: 1.0</cmt>
      </trkpt>
      <trkpt lat="47.359109" lon="8.561132">
        <ele>448</ele>
        <time>2024-10-19T00:35:44Z</time>
        <cmt>speed: 0.5</cmt>
      </trkpt>
      <trkpt lat="47.359221" lon="8.560984">
        <ele>434</ele>
        <time>2024-10-19T00:45:42Z</time>
        <cmt>speed: 1.0</cmt>
      </trkpt>
      <trkpt lat="47.35891" lon="8.560564">
        <ele>481</ele>
        <time>2024-10-19T00:55:42Z</time>
        <cmt>speed: 0.1</cmt>
      </trkpt>
      <trkpt lat="47.357942" lon="8.561041">
        <ele>413</ele>
        <time>2024-10-19T01:05:43Z</time>
        <cmt>speed: 0.3</cmt>
      </trkpt>
      <trkpt lat="47.358234" lon="8.560779">
        <ele>440</ele>
        <time>2024-10-19T01:15:42Z</time>
        <cmt>speed: 0.8</cmt>
      </trkpt>
      <trkpt lat="47.358313" lon="8.560699">
        <ele>402</ele>
        <time>2024-10-19T01:25:42Z</time>
        <cmt>speed: 0.6</cmt>
      </trkpt>
      <trkpt lat="47.358313" lon="8.560699">
        <ele>402</ele>
        <time>2024-10-19T01:25:42Z</time>
      </trkpt>
      <trkpt lat="47.358008" lon="8.561075">
        <ele>445</ele>
        <time>2024-10-19T01:35:43Z</time>
        <cmt>speed: 0.8</cmt>
      </trkpt>
      <trkpt lat="47.358008" lon="8.561075">
        <ele>445</ele>
        <time>2024-10-19T01:45:43Z</time>
      </trkpt>
      <trkpt lat="47.358257" lon="8.560956">
        <ele>449</ele>
        <time>2024-10-19T01:45:44Z</time>
        <cmt>speed: 0.4</cmt>
      </trkpt>
      <trkpt lat="47.358145" lon="8.561192">
        <ele>485</ele>
        <time>2024-10-19T01:55:43Z</time>
        <cmt>speed: 0.6</cmt>
      </trkpt>
      <trkpt lat="47.358145" lon="8.561192">
        <ele>485</ele>
        <time>2024-10-19T02:05:42Z</time>
      </trkpt>
      <trkpt lat="47.358218" lon="8.56102">
        <ele>452</ele>
        <time>2024-10-19T02:05:43Z</time>
        <cmt>speed: 0.1</cmt>
      </trkpt>
      <trkpt lat="47.358369" lon="8.560872">
        <ele>441</ele>
        <time>2024-10-19T02:15:42Z</time>
        <cmt>speed: 0.1</cmt>
      </trkpt>
      <trkpt lat="47.35895" lon="8.560079">
        <ele>459</ele>
        <time>2024-10-19T02:25:42Z</time>
        <cmt>speed: 1.8</cmt>
      </trkpt>
      <trkpt lat="47.359686" lon="8.559829">
        <ele>449</ele>
        <time>2024-10-19T02:35:45Z</time>
        <cmt>speed: 0.1</cmt>
      </trkpt>
      <trkpt lat="47.360136" lon="8.559901">
        <ele>463</ele>
        <time>2024-10-19T02:45:47Z</time>
        <cmt>speed: 0.1</cmt>
      </trkpt>
      <trkpt lat="47.360134" lon="8.559835">
        <ele>432</ele>
        <time>2024-10-19T02:55:44Z</time>
        <cmt>speed: 0.5</cmt>
      </trkpt>
      <trkpt lat="47.359974" lon="8.560229">
        <ele>410</ele>
        <time>2024-10-19T03:05:43Z</time>
        <cmt>speed: 0.0</cmt>
      </trkpt>
      <trkpt lat="47.360165" lon="8.561951">
        <ele>472</ele>
        <time>2024-10-19T03:16:02Z</time>
        <cmt>speed: 0.3</cmt>
      </trkpt>
      <trkpt lat="47.360403" lon="8.561666">
        <ele>447</ele>
        <time>2024-10-19T10:13:55Z</time>
        <cmt>speed: 0.0</cmt>
      </trkpt>
      <trkpt lat="47.360074" lon="8.561914">
        <ele>428</ele>
        <time>2024-10-19T10:23:46Z</time>
        <cmt>speed: 0.1</cmt>
      </trkpt>
      <trkpt lat="47.359484" lon="8.562341">
        <ele>452</ele>
        <time>2024-10-19T10:33:46Z</time>
        <cmt>speed: 1.5</cmt>
      </trkpt>
      <trkpt lat="47.35906" lon="8.56168">
        <ele>399</ele>
        <time>2024-10-19T10:43:50Z</time>
        <cmt>speed: 0.3</cmt>
      </trkpt>
      <trkpt lat="47.358193" lon="8.562733">
        <ele>434</ele>
        <time>2024-10-19T10:53:46Z</time>
        <cmt>speed: 0.1</cmt>
      </trkpt>
      <trkpt lat="47.358193" lon="8.562733">
        <ele>434</ele>
        <time>2024-10-19T11:03:44Z</time>
      </trkpt>
      <trkpt lat="47.35833" lon="8.562919">
        <ele>440</ele>
        <time>2024-10-19T11:03:46Z</time>
        <cmt>speed: 0.5</cmt>
      </trkpt>
      <trkpt lat="47.3587" lon="8.563211">
        <ele>447</ele>
        <time>2024-10-19T11:13:45Z</time>
        <cmt>speed: 1.2</cmt>
      </trkpt>
      <trkpt lat="47.358156" lon="8.563617">
        <ele>461</ele>
        <time>2024-10-19T11:23:44Z</time>
        <cmt>speed: 2.3</cmt>
      </trkpt>
      <trkpt lat="47.358156" lon="8.563617">
        <ele>461</ele>
        <time>2024-10-19T11:23:44Z</time>
      </trkpt>
      <trkpt lat="47.358138" lon="8.563655">
        <ele>450</ele>
        <time>2024-10-19T11:33:45Z</time>
        <cmt>speed: 0.2</cmt>
      </trkpt>
      <trkpt lat="47.357622" lon="8.563993">
        <ele>466</ele>
        <time>2024-10-19T11:43:44Z</time>
        <cmt>speed: 0.8</cmt>
      </trkpt>
      <trkpt lat="47.357626" lon="8.56395">
        <ele>458</ele>
        <time>2024-10-19T11:53:44Z</time>
        <cmt>speed: 0.3</cmt>
      </trkpt>
      <trkpt lat="47.357626" lon="8.56395">
        <ele>458</ele>
        <time>2024-10-19T12:03:42Z</time>
      </trkpt>
      <trkpt lat="47.357581" lon="8.5639">
        <ele>439</ele>
        <time>2024-10-19T12:03:45Z</time>
        <cmt>speed: 0.6</cmt>
      </trkpt>
      <trkpt lat="47.357666" lon="8.563905">
        <ele>443</ele>
        <time>2024-10-19T12:13:44Z</time>
        <cmt>speed: 0.8</cmt>
      </trkpt>
      <trkpt lat="47.357666" lon="8.563905">
        <ele>443</ele>
        <time>2024-10-19T12:23:44Z</time>
      </trkpt>
      <trkpt lat="47.357549" lon="8.563981">
        <ele>473</ele>
        <time>2024-10-19T12:23:46Z</time>
        <cmt>speed: 0.1</cmt>
      </trkpt>
      <trkpt lat="47.35755" lon="8.563955">
        <ele>485</ele>
        <time>2024-10-19T12:33:46Z</time>
        <cmt>speed: 0.5</cmt>
      </trkpt>
      <trkpt lat="47.357456" lon="8.562519">
        <ele>449</ele>
        <time>2024-10-19T12:43:46Z</time>
        <cmt>speed: 0.6</cmt>
      </trkpt>
      <trkpt lat="47.359148" lon="8.561253">
        <ele>492</ele>
        <time>2024-10-19T12:53:46Z</time>
        <cmt>speed: 0.9</cmt>
      </trkpt>
      <trkpt lat="47.360342" lon="8.563261">
        <ele>448</ele>
        <time>2024-10-19T13:03:47Z</time>
        <cmt>speed: 0.8</cmt>
      </trkpt>
      <trkpt lat="47.359959" lon="8.563643">
        <ele>434</ele>
        <time>2024-10-19T13:05:21Z</time>
      </trkpt>
      <trkpt lat="47.359974" lon="8.56367">
        <ele>434</ele>
        <time>2024-10-19T13:13:20Z</time>
      </trkpt>
      <trkpt lat="47.359974" lon="8.56367">
        <ele>434</ele>
        <time>2024-10-19T13:13:57Z</time>
      </trkpt>
      <trkpt lat="47.359974" lon="8.56367">
        <ele>434</ele>
        <time>2024-10-19T13:23:57Z</time>
      </trkpt>
      <trkpt lat="47.359974" lon="8.56367">
        <ele>434</ele>
        <time>2024-10-19T13:33:57Z</time>
      </trkpt>
      <trkpt lat="47.359974" lon="8.56367">
        <ele>434</ele>
        <time>2024-10-19T13:43:57Z</time>
      </trkpt>
      <trkpt lat="47.359974" lon="8.56367">
        <ele>434</ele>
        <time>2024-10-19T13:53:57Z</time>
      </trkpt>
      <trkpt lat="47.359974" lon="8.56367">
        <ele>434</ele>
        <time>2024-10-19T14:03:57Z</time>
      </trkpt>
      <trkpt lat="47.359974" lon="8.56367">
        <ele>434</ele>
        <time>2024-10-19T14:08:28Z</time>
      </trkpt>
      <trkpt lat="47.360263" lon="8.56281">
        <ele>421</ele>
        <time>2024-10-19T14:15:00Z</time>
        <cmt>speed: 0.4</cmt>
      </trkpt>
      <trkpt lat="47.359952" lon="8.561401">
        <ele>435</ele>
        <time>2024-10-19T14:25:02Z</time>
        <cmt>speed: 29.3</cmt>
      </trkpt>
      <trkpt lat="47.359947" lon="8.559767">
        <ele>445</ele>
        <time>2024-10-19T14:34:58Z</time>
        <cmt>speed: 31.0</cmt>
      </trkpt>
      <trkpt lat="47.360615" lon="8.560659">
        <ele>437</ele>
        <time>2024-10-19T14:55:00Z</time>
        <cmt>speed: 0.9</cmt>
      </trkpt>
      <trkpt lat="47.360789" lon="8.560848">
        <ele>467</ele>
        <time>2024-10-19T15:04:58Z</time>
        <cmt>speed: 0.0</cmt>
      </trkpt>
      <trkpt lat="47.360245" lon="8.560259">
        <ele>427</ele>
        <time>2024-10-19T15:15:00Z</time>
        <cmt>speed: 3.6</cmt>
      </trkpt>
      <trkpt lat="47.359916" lon="8.559055">
        <ele>405</ele>
        <time>2024-10-19T15:25:06Z</time>
        <cmt>speed: 2.2</cmt>
      </trkpt>
      <trkpt lat="47.360356" lon="8.558554">
        <ele>380</ele>
        <time>2024-10-19T15:35:02Z</time>
        <cmt>speed: 0.4</cmt>
      </trkpt>
      <trkpt lat="47.359976" lon="8.557626">
        <ele>396</ele>
        <time>2024-10-19T15:44:57Z</time>
        <cmt>speed: 7.8</cmt>
      </trkpt>
      <trkpt lat="47.36051" lon="8.557749">
        <ele>456</ele>
        <time>2024-10-19T16:04:59Z</time>
        <cmt>speed: 4.2</cmt>
      </trkpt>
      <trkpt lat="47.360618" lon="8.558058">
        <ele>406</ele>
        <time>2024-10-19T16:15:11Z</time>
        <cmt>speed: 0.2</cmt>
      </trkpt>
      <trkpt lat="47.360347" lon="8.557735">
        <ele>486</ele>
        <time>2024-10-19T16:25:01Z</time>
        <cmt>speed: 1.0</cmt>
      </trkpt>
      <trkpt lat="47.360088" lon="8.558339">
        <ele>422</ele>
        <time>2024-10-19T16:35:08Z</time>
        <cmt>speed: 2.4</cmt>
      </trkpt>
      <trkpt lat="47.360215" lon="8.558946">
        <ele>440</ele>
        <time>2024-10-19T16:44:59Z</time>
        <cmt>speed: 0.7</cmt>
      </trkpt>
      <trkpt lat="47.360215" lon="8.558946">
        <ele>440</ele>
        <time>2024-10-19T16:55:03Z</time>
      </trkpt>
      <trkpt lat="47.360304" lon="8.559079">
        <ele>467</ele>
        <time>2024-10-19T16:55:06Z</time>
        <cmt>speed: 0.7</cmt>
      </trkpt>
      <trkpt lat="47.360357" lon="8.558731">
        <ele>460</ele>
        <time>2024-10-19T17:08:32Z</time>
        <cmt>speed: 2.4</cmt>
      </trkpt>
      <trkpt lat="47.360357" lon="8.558731">
        <ele>460</ele>
        <time>2024-10-19T17:18:33Z</time>
      </trkpt>
      <trkpt lat="47.360864" lon="8.558817">
        <ele>414</ele>
        <time>2024-10-19T17:18:37Z</time>
        <cmt>speed: 0.4</cmt>
      </trkpt>
      <trkpt lat="47.360282" lon="8.559138">
        <ele>469</ele>
        <time>2024-10-19T17:28:39Z</time>
        <cmt>speed: 0.5</cmt>
      </trkpt>
      <trkpt lat="47.360282" lon="8.559138">
        <ele>469</ele>
        <time>2024-10-19T17:38:41Z</time>
      </trkpt>
      <trkpt lat="47.360031" lon="8.56088">
        <ele>405</ele>
        <time>2024-10-19T17:38:44Z</time>
        <cmt>speed: 0.1</cmt>
      </trkpt>
      <trkpt lat="47.359992" lon="8.560974">
        <ele>454</ele>
        <time>2024-10-19T17:48:34Z</time>
        <cmt>speed: 1.2</cmt>
      </trkpt>
      <trkpt lat="47.359974" lon="8.56367">
        <ele>434</ele>
        <time>2024-10-19T17:58:30Z</time>
      </trkpt>
      <trkpt lat="47.359974" lon="8.56367">
        <ele>434</ele>
        <time>2024-10-19T18:13:30Z</time>
      </trkpt>
      <trkpt lat="47.359974" lon="8.56367">
        <ele>434</ele>
        <time>2024-10-19T18:32:11Z</time>
      </trkpt>
      <trkpt lat="47.359974" lon="8.56367">
        <ele>434</ele>
        <time>2024-10-19T18:33:23Z</time>
      </trkpt>
      <trkpt lat="47.359974" lon="8.56367">
        <ele>434</ele>
        <time>2024-10-19T18:48:23Z</time>
      </trkpt>
      <trkpt lat="47.359906" lon="8.563818">
        <ele>427</ele>
        <time>2024-10-19T23:37:42Z</time>
        <cmt>speed: 0.9</cmt>
      </trkpt>
      <trkpt lat="47.359418" lon="8.563754">
        <ele>418</ele>
        <time>2024-10-19T23:47:47Z</time>
        <cmt>speed: 0.2</cmt>
      </trkpt>
      <trkpt lat="47.359057" lon="8.562349">
        <ele>457</ele>
        <time>2024-10-19T23:57:36Z</time>
        <cmt>speed: 0.3</cmt>
      </trkpt>
      <trkpt lat="47.359238" lon="8.561255">
        <ele>437</ele>
        <time>2024-10-20T00:07:37Z</time>
        <cmt>speed: 0.4</cmt>
      </trkpt>
      <trkpt lat="47.35904" lon="8.56096">
        <ele>428</ele>
        <time>2024-10-20T00:17:35Z</time>
        <cmt>speed: 0.4</cmt>
      </trkpt>
      <trkpt lat="47.3593" lon="8.560661">
        <ele>399</ele>
        <time>2024-10-20T00:27:36Z</time>
        <cmt>speed: 0.0</cmt>
      </trkpt>
      <trkpt lat="47.3593" lon="8.560661">
        <ele>399</ele>
        <time>2024-10-20T00:37:32Z</time>
      </trkpt>
      <trkpt lat="47.35929" lon="8.561088">
        <ele>436</ele>
        <time>2024-10-20T00:37:36Z</time>
        <cmt>speed: 1.2</cmt>
      </trkpt>
      <trkpt lat="47.35994" lon="8.560628">
        <ele>447</ele>
        <time>2024-10-20T00:57:36Z</time>
        <cmt>speed: 0.5</cmt>
      </trkpt>
      <trkpt lat="47.359902" lon="8.558377">
        <ele>432</ele>
        <time>2024-10-20T01:07:43Z</time>
        <cmt>speed: 0.0</cmt>
      </trkpt>
      <trkpt lat="47.359902" lon="8.558377">
        <ele>432</ele>
        <time>2024-10-20T01:17:35Z</time>
      </trkpt>
      <trkpt lat="47.359967" lon="8.558462">
        <ele>421</ele>
        <time>2024-10-20T01:17:40Z</time>
        <cmt>speed: 0.1</cmt>
      </trkpt>
      <trkpt lat="47.359992" lon="8.558502">
        <ele>452</ele>
        <time>2024-10-20T01:27:42Z</time>
        <cmt>speed: 0.1</cmt>
      </trkpt>
      <trkpt lat="47.359992" lon="8.558502">
        <ele>452</ele>
        <time>2024-10-20T01:37:31Z</time>
      </trkpt>
      <trkpt lat="47.359509" lon="8.558798">
        <ele>393</ele>
        <time>2024-10-20T01:37:35Z</time>
        <cmt>speed: 0.3</cmt>
      </trkpt>
      <trkpt lat="47.359857" lon="8.557893">
        <ele>485</ele>
        <time>2024-10-20T01:47:39Z</time>
        <cmt>speed: 0.1</cmt>
      </trkpt>
      <trkpt lat="47.359857" lon="8.557893">
        <ele>485</ele>
        <time>2024-10-20T01:57:32Z</time>
      </trkpt>
      <trkpt lat="47.359688" lon="8.558363">
        <ele>483</ele>
        <time>2024-10-20T01:57:37Z</time>
        <cmt>speed: 0.6</cmt>
      </trkpt>
      <trkpt lat="47.360022" lon="8.55829">
        <ele>462</ele>
        <time>2024-10-20T02:07:37Z</time>
        <cmt>speed: 0.6</cmt>
      </trkpt>
      <trkpt lat="47.360022" lon="8.55829">
        <ele>462</ele>
        <time>2024-10-20T02:17:33Z</time>
      </trkpt>
      <trkpt lat="47.360104" lon="8.558812">
        <ele>461</ele>
        <time>2024-10-20T02:17:38Z</time>
        <cmt>speed: 0.4</cmt>
      </trkpt>
      <trkpt lat="47.360356" lon="8.558094">
        <ele>462</ele>
        <time>2024-10-20T02:27:37Z</time>
        <cmt>speed: 0.1</cmt>
      </trkpt>
      <trkpt lat="47.360437" lon="8.557981">
        <ele>441</ele>
        <time>2024-10-20T02:37:37Z</time>
        <cmt>speed: 2.0</cmt>
      </trkpt>
      <trkpt lat="47.360166" lon="8.557673">
        <ele>445</ele>
        <time>2024-10-20T02:47:36Z</time>
        <cmt>speed: 0.9</cmt>
      </trkpt>
      <trkpt lat="47.360166" lon="8.557673">
        <ele>445</ele>
        <time>2024-10-20T02:57:45Z</time>
      </trkpt>
      <trkpt lat="47.360604" lon="8.557537">
        <ele>417</ele>
        <time>2024-10-20T02:57:50Z</time>
        <cmt>speed: 0.7</cmt>
      </trkpt>
      <trkpt lat="47.360833" lon="8.556883">
        <ele>419</ele>
        <time>2024-10-20T03:07:36Z</time>
        <cmt>speed: 0.5</cmt>
      </trkpt>
      <trkpt lat="47.359624" lon="8.558518">
        <ele>448</ele>
        <time>2024-10-20T03:17:38Z</time>
        <cmt>speed: 1.0</cmt>
      </trkpt>
      <trkpt lat="47.360212" lon="8.560441">
        <ele>428</ele>
        <time>2024-10-20T03:27:37Z</time>
        <cmt>speed: 0.0</cmt>
      </trkpt>
      <trkpt lat="47.359983" lon="8.561937">
        <ele>448</ele>
        <time>2024-10-20T03:37:37Z</time>
        <cmt>speed: 2.6</cmt>
      </trkpt>
      <trkpt lat="47.359832" lon="8.56243">
        <ele>422</ele>
        <time>2024-10-20T03:47:38Z</time>
        <cmt>speed: 0.2</cmt>
      </trkpt>
      <trkpt lat="47.360158" lon="8.561325">
        <ele>393</ele>
        <time>2024-10-20T03:57:37Z</time>
        <cmt>speed: 0.7</cmt>
      </trkpt>
      <trkpt lat="47.359963" lon="8.561753">
        <ele>440</ele>
        <time>2024-10-20T04:07:38Z</time>
        <cmt>speed: 0.6</cmt>
      </trkpt>
      <trkpt lat="47.359963" lon="8.561753">
        <ele>440</ele>
        <time>2024-10-20T04:17:32Z</time>
      </trkpt>
      <trkpt lat="47.359538" lon="8.561813">
        <ele>486</ele>
        <time>2024-10-20T04:17:37Z</time>
        <cmt>speed: 0.7</cmt>
      </trkpt>
      <trkpt lat="47.359238" lon="8.561123">
        <ele>438</ele>
        <time>2024-10-20T04:27:35Z</time>
        <cmt>speed: 0.6</cmt>
      </trkpt>
      <trkpt lat="47.358899" lon="8.560841">
        <ele>470</ele>
        <time>2024-10-20T04:37:36Z</time>
        <cmt>speed: 1.6</cmt>
      </trkpt>
      <trkpt lat="47.360147" lon="8.561081">
        <ele>447</ele>
        <time>2024-10-20T04:47:39Z</time>
        <cmt>speed: 0.3</cmt>
      </trkpt>
      <trkpt lat="47.359995" lon="8.56062">
        <ele>444</ele>
        <time>2024-10-20T04:57:37Z</time>
        <cmt>speed: 0.6</cmt>
      </trkpt>
      <trkpt lat="47.359995" lon="8.56062">
        <ele>444</ele>
        <time>2024-10-20T05:17:35Z</time>
      </trkpt>
      <trkpt lat="47.35987" lon="8.560782">
        <ele>410</ele>
        <time>2024-10-20T05:17:40Z</time>
        <cmt>speed: 0.2</cmt>
      </trkpt>
      <trkpt lat="47.359871" lon="8.560627">
        <ele>473</ele>
        <time>2024-10-20T05:27:47Z</time>
        <cmt>speed: 0.5</cmt>
      </trkpt>
      <trkpt lat="47.359938" lon="8.56066">
        <ele>468</ele>
        <time>2024-10-20T05:37:37Z</time>
        <cmt>speed: 0.5</cmt>
      </trkpt>
      <trkpt lat="47.359879" lon="8.560714">
        <ele>429</ele>
        <time>2024-10-20T05:47:39Z</time>
        <cmt>speed: 0.2</cmt>
      </trkpt>
      <trkpt lat="47.359879" lon="8.560714">
        <ele>429</ele>
        <time>2024-10-20T05:57:35Z</time>
      </trkpt>
      <trkpt lat="47.359889" lon="8.560983">
        <ele>433</ele>
        <time>2024-10-20T05:57:40Z</time>
        <cmt>speed: 0.0</cmt>
      </trkpt>
      <trkpt lat="47.360114" lon="8.56094">
        <ele>460</ele>
        <time>2024-10-20T06:07:41Z</time>
        <cmt>speed: 0.6</cmt>
      </trkpt>
      <trkpt lat="47.360114" lon="8.56094">
        <ele>460</ele>
        <time>2024-10-20T06:17:34Z</time>
      </trkpt>
      <trkpt lat="47.35981" lon="8.560898">
        <ele>415</ele>
        <time>2024-10-20T06:17:39Z</time>
        <cmt>speed: 0.3</cmt>
      </trkpt>
      <trkpt lat="47.359963" lon="8.560916">
        <ele>453</ele>
        <time>2024-10-20T06:32:30Z</time>
        <cmt>speed: 0.2</cmt>
      </trkpt>
      <trkpt lat="47.359963" lon="8.560916">
        <ele>453</ele>
        <time>2024-10-20T06:42:21Z</time>
      </trkpt>
      <trkpt lat="47.360008" lon="8.560739">
        <ele>406</ele>
        <time>2024-10-20T06:42:26Z</time>
        <cmt>speed: 0.1</cmt>
      </trkpt>
      <trkpt lat="47.359962" lon="8.561028">
        <ele>403</ele>
        <time>2024-10-20T06:52:32Z</time>
        <cmt>speed: 0.2</cmt>
      </trkpt>
      <trkpt lat="47.359962" lon="8.561028">
        <ele>403</ele>
        <time>2024-10-20T06:57:31Z</time>
      </trkpt>
      <trkpt lat="47.359982" lon="8.560764">
        <ele>385</ele>
        <time>2024-10-20T07:02:28Z</time>
        <cmt>speed: 0.5</cmt>
      </trkpt>
      <trkpt lat="47.359913" lon="8.560709">
        <ele>428</ele>
        <time>2024-10-20T07:12:30Z</time>
        <cmt>speed: 2.2</cmt>
      </trkpt>
      <trkpt lat="47.359913" lon="8.560709">
        <ele>428</ele>
        <time>2024-10-20T07:22:21Z</time>
      </trkpt>
      <trkpt lat="47.360015" lon="8.560757">
        <ele>418</ele>
        <time>2024-10-20T07:22:26Z</time>
        <cmt>speed: 1.8</cmt>
      </trkpt>
      <trkpt lat="47.359921" lon="8.560839">
        <ele>436</ele>
        <time>2024-10-20T07:32:27Z</time>
        <cmt>speed: 0.1</cmt>
      </trkpt>
      <trkpt lat="47.359921" lon="8.560839">
        <ele>436</ele>
        <time>2024-10-20T07:37:31Z</time>
      </trkpt>
      <trkpt lat="47.359676" lon="8.560705">
        <ele>472</ele>
        <time>2024-10-20T07:42:27Z</time>
        <cmt>speed: 0.0</cmt>
      </trkpt>
      <trkpt lat="47.359878" lon="8.560828">
        <ele>434</ele>
        <time>2024-10-20T07:52:27Z</time>
        <cmt>speed: 0.4</cmt>
      </trkpt>
      <trkpt lat="47.359957" lon="8.56108">
        <ele>424</ele>
        <time>2024-10-20T08:02:27Z</time>
        <cmt>speed: 0.2</cmt>
      </trkpt>
      <trkpt lat="47.360239" lon="8.561184">
        <ele>456</ele>
        <time>2024-10-20T08:12:28Z</time>
        <cmt>speed: 0.7</cmt>
      </trkpt>
      <trkpt lat="47.359949" lon="8.560213">
        <ele>424</ele>
        <time>2024-10-20T08:22:25Z</time>
        <cmt>speed: 1.5</cmt>
      </trkpt>
      <trkpt lat="47.360216" lon="8.559747">
        <ele>428</ele>
        <time>2024-10-20T08:32:29Z</time>
        <cmt>speed: 1.1</cmt>
      </trkpt>
      <trkpt lat="47.360314" lon="8.561148">
        <ele>413</ele>
        <time>2024-10-20T08:42:27Z</time>
        <cmt>speed: 0.0</cmt>
      </trkpt>
      <trkpt lat="47.360161" lon="8.561066">
        <ele>440</ele>
        <time>2024-10-20T08:52:27Z</time>
        <cmt>speed: 0.3</cmt>
      </trkpt>
      <trkpt lat="47.360161" lon="8.561066">
        <ele>440</ele>
        <time>2024-10-20T09:02:29Z</time>
      </trkpt>
      <trkpt lat="47.360276" lon="8.561061">
        <ele>414</ele>
        <time>2024-10-20T09:02:35Z</time>
        <cmt>speed: 0.1</cmt>
      </trkpt>
      <trkpt lat="47.359801" lon="8.561197">
        <ele>496</ele>
        <time>2024-10-20T09:12:31Z</time>
        <cmt>speed: 0.2</cmt>
      </trkpt>
      <trkpt lat="47.359801" lon="8.561197">
        <ele>496</ele>
        <time>2024-10-20T09:22:29Z</time>
      </trkpt>
      <trkpt lat="47.360028" lon="8.561148">
        <ele>471</ele>
        <time>2024-10-20T09:22:35Z</time>
        <cmt>speed: 0.0</cmt>
      </trkpt>
      <trkpt lat="47.360237" lon="8.560322">
        <ele>449</ele>
        <time>2024-10-20T09:32:31Z</time>
        <cmt>speed: 0.2</cmt>
      </trkpt>
      <trkpt lat="47.360037" lon="8.560614">
        <ele>445</ele>
        <time>2024-10-20T09:42:37Z</time>
        <cmt>speed: 0.1</cmt>
      </trkpt>
      <trkpt lat="47.360062" lon="8.561629">
        <ele>381</ele>
        <time>2024-10-20T09:52:27Z</time>
        <cmt>speed: 0.3</cmt>
      </trkpt>
      <trkpt lat="47.359774" lon="8.562384">
        <ele>419</ele>
        <time>2024-10-20T10:02:25Z</time>
        <cmt>speed: 0.5</cmt>
      </trkpt>
      <trkpt lat="47.358952" lon="8.56208">
        <ele>434</ele>
        <time>2024-10-20T10:12:25Z</time>
        <cmt>speed: 0.2</cmt>
      </trkpt>
      <trkpt lat="47.358952" lon="8.56208">
        <ele>434</ele>
        <time>2024-10-20T10:22:21Z</time>
      </trkpt>
      <trkpt lat="47.357987" lon="8.562562">
        <ele>451</ele>
        <time>2024-10-20T10:22:27Z</time>
        <cmt>speed: 0.5</cmt>
      </trkpt>
      <trkpt lat="47.357987" lon="8.562562">
        <ele>451</ele>
        <time>2024-10-20T10:37:31Z</time>
      </trkpt>
      <trkpt lat="47.358082" lon="8.562422">
        <ele>457</ele>
        <time>2024-10-20T10:42:13Z</time>
        <cmt>speed: 0.2</cmt>
      </trkpt>
      <trkpt lat="47.35803" lon="8.56261">
        <ele>454</ele>
        <time>2024-10-20T10:52:14Z</time>
        <cmt>speed: 1.2</cmt>
      </trkpt>
      <trkpt lat="47.35803" lon="8.56261">
        <ele>454</ele>
        <time>2024-10-20T10:57:31Z</time>
      </trkpt>
      <trkpt lat="47.358161" lon="8.562652">
        <ele>413</ele>
        <time>2024-10-20T11:02:38Z</time>
        <cmt>speed: 0.6</cmt>
      </trkpt>
      <trkpt lat="47.357923" lon="8.562626">
        <ele>421</ele>
        <time>2024-10-20T11:12:39Z</time>
        <cmt>speed: 0.0</cmt>
      </trkpt>
      <trkpt lat="47.358009" lon="8.562559">
        <ele>428</ele>
        <time>2024-10-20T11:22:38Z</time>
        <cmt>speed: 0.2</cmt>
      </trkpt>
      <trkpt lat="47.357984" lon="8.562592">
        <ele>415</ele>
        <time>2024-10-20T11:32:39Z</time>
        <cmt>speed: 0.0</cmt>
      </trkpt>
      <trkpt lat="47.358052" lon="8.562563">
        <ele>467</ele>
        <time>2024-10-20T11:42:39Z</time>
        <cmt>speed: 0.0</cmt>
      </trkpt>
      <trkpt lat="47.35817" lon="8.562615">
        <ele>403</ele>
        <time>2024-10-20T11:52:39Z</time>
        <cmt>speed: 0.2</cmt>
      </trkpt>
      <trkpt lat="47.357853" lon="8.562963">
        <ele>460</ele>
        <time>2024-10-20T12:02:41Z</time>
        <cmt>speed: 0.7</cmt>
      </trkpt>
      <trkpt lat="47.357524" lon="8.563819">
        <ele>445</ele>
        <time>2024-10-20T12:12:37Z</time>
        <cmt>speed: 0.0</cmt>
      </trkpt>
      <trkpt lat="47.357524" lon="8.563819">
        <ele>445</ele>
        <time>2024-10-20T12:22:31Z</time>
      </trkpt>
      <trkpt lat="47.357706" lon="8.563806">
        <ele>449</ele>
        <time>2024-10-20T12:22:37Z</time>
        <cmt>speed: 0.0</cmt>
      </trkpt>
      <trkpt lat="47.357524" lon="8.564116">
        <ele>461</ele>
        <time>2024-10-20T12:32:37Z</time>
        <cmt>speed: 0.2</cmt>
      </trkpt>
      <trkpt lat="47.357524" lon="8.564116">
        <ele>461</ele>
        <time>2024-10-20T12:42:30Z</time>
      </trkpt>
      <trkpt lat="47.357527" lon="8.564255">
        <ele>456</ele>
        <time>2024-10-20T12:42:36Z</time>
        <cmt>speed: 0.4</cmt>
      </trkpt>
      <trkpt lat="47.357551" lon="8.56434">
        <ele>434</ele>
        <time>2024-10-20T12:52:37Z</time>
        <cmt>speed: 1.0</cmt>
      </trkpt>
      <trkpt lat="47.357551" lon="8.56434">
        <ele>434</ele>
        <time>2024-10-20T13:02:32Z</time>
      </trkpt>
      <trkpt lat="47.357541" lon="8.56438">
        <ele>468</ele>
        <time>2024-10-20T13:02:38Z</time>
        <cmt>speed: 0.0</cmt>
      </trkpt>
      <trkpt lat="47.35754" lon="8.564304">
        <ele>463</ele>
        <time>2024-10-20T13:12:36Z</time>
        <cmt>speed: 0.5</cmt>
      </trkpt>
      <trkpt lat="47.357568" lon="8.56466">
        <ele>429</ele>
        <time>2024-10-20T13:22:37Z</time>
        <cmt>speed: 0.7</cmt>
      </trkpt>
      <trkpt lat="47.357711" lon="8.564962">
        <ele>467</ele>
        <time>2024-10-20T13:32:38Z</time>
        <cmt>speed: 0.5</cmt>
      </trkpt>
      <trkpt lat="47.3576" lon="8.565092">
        <ele>463</ele>
        <time>2024-10-20T13:42:36Z</time>
        <cmt>speed: 0.5</cmt>
      </trkpt>
      <trkpt lat="47.357662" lon="8.565236">
        <ele>419</ele>
        <time>2024-10-20T13:52:38Z</time>
        <cmt>speed: 0.2</cmt>
      </trkpt>
      <trkpt lat="47.358005" lon="8.564582">
        <ele>453</ele>
        <time>2024-10-20T14:02:39Z</time>
        <cmt>speed: 0.0</cmt>
      </trkpt>
      <trkpt lat="47.357603" lon="8.563464">
        <ele>435</ele>
        <time>2024-10-20T14:12:37Z</time>
        <cmt>speed: 0.5</cmt>
      </trkpt>
      <trkpt lat="47.357511" lon="8.561897">
        <ele>443</ele>
        <time>2024-10-20T14:22:39Z</time>
        <cmt>speed: 0.5</cmt>
      </trkpt>
      <trkpt lat="47.357503" lon="8.561201">
        <ele>427</ele>
        <time>2024-10-20T14:32:42Z</time>
        <cmt>speed: 0.5</cmt>
      </trkpt>
      <trkpt lat="47.35797" lon="8.560978">
        <ele>432</ele>
        <time>2024-10-20T14:42:51Z</time>
        <cmt>speed: 0.5</cmt>
      </trkpt>
      <trkpt lat="47.357708" lon="8.560516">
        <ele>440</ele>
        <time>2024-10-20T14:52:41Z</time>
        <cmt>speed: 0.1</cmt>
      </trkpt>
      <trkpt lat="47.357708" lon="8.560516">
        <ele>440</ele>
        <time>2024-10-20T15:02:32Z</time>
      </trkpt>
      <trkpt lat="47.357759" lon="8.560569">
        <ele>439</ele>
        <time>2024-10-20T15:02:39Z</time>
        <cmt>speed: 0.4</cmt>
      </trkpt>
      <trkpt lat="47.358422" lon="8.559844">
        <ele>441</ele>
        <time>2024-10-20T15:12:39Z</time>
        <cmt>speed: 0.5</cmt>
      </trkpt>
      <trkpt lat="47.35896" lon="8.560322">
        <ele>445</ele>
        <time>2024-10-20T15:22:39Z</time>
        <cmt>speed: 0.0</cmt>
      </trkpt>
      <trkpt lat="47.359123" lon="8.560261">
        <ele>437</ele>
        <time>2024-10-20T15:32:38Z</time>
        <cmt>speed: 0.4</cmt>
      </trkpt>
      <trkpt lat="47.359189" lon="8.561329">
        <ele>421</ele>
        <time>2024-10-20T15:42:37Z</time>
        <cmt>speed: 0.0</cmt>
      </trkpt>
      <trkpt lat="47.35899" lon="8.560874">
        <ele>446</ele>
        <time>2024-10-20T15:52:38Z</time>
        <cmt>speed: 0.5</cmt>
      </trkpt>
      <trkpt lat="47.35899" lon="8.560874">
        <ele>446</ele>
        <time>2024-10-20T16:02:31Z</time>
      </trkpt>
      <trkpt lat="47.358399" lon="8.561238">
        <ele>433</ele>
        <time>2024-10-20T16:02:38Z</time>
        <cmt>speed: 0.4</cmt>
      </trkpt>
      <trkpt lat="47.358422" lon="8.560994">
        <ele>419</ele>
        <time>2024-10-20T16:12:37Z</time>
        <cmt>speed: 0.6</cmt>
      </trkpt>
      <trkpt lat="47.358422" lon="8.560994">
        <ele>419</ele>
        <time>2024-10-20T16:22:31Z</time>
      </trkpt>
      <trkpt lat="47.358423" lon="8.561184">
        <ele>413</ele>
        <time>2024-10-20T16:22:37Z</time>
        <cmt>speed: 0.3</cmt>
      </trkpt>
      <trkpt lat="47.358362" lon="8.561196">
        <ele>442</ele>
        <time>2024-10-20T16:32:37Z</time>
        <cmt>speed: 0.6</cmt>
      </trkpt>
      <trkpt lat="47.358843" lon="8.560905">
        <ele>406</ele>
        <time>2024-10-20T16:42:39Z</time>
        <cmt>speed: 1.1</cmt>
      </trkpt>
      <trkpt lat="47.359649" lon="8.561532">
        <ele>410</ele>
        <time>2024-10-20T16:52:38Z</time>
        <cmt>speed: 0.7</cmt>
      </trkpt>
      <trkpt lat="47.359947" lon="8.561582">
        <ele>417</ele>
        <time>2024-10-20T17:02:43Z</time>
        <cmt>speed: 0.3</cmt>
      </trkpt>
      <trkpt lat="47.359974" lon="8.56367">
        <ele>434</ele>
        <time>2024-10-20T17:05:21Z</time>
      </trkpt>
      <trkpt lat="47.360198" lon="8.563263">
        <ele>450</ele>
        <time>2024-10-20T17:07:16Z</time>
        <cmt>speed: 0.1</cmt>
      </trkpt>
      <trkpt lat="47.359974" lon="8.56367">
        <ele>434</ele>
        <time>2024-10-20T17:09:37Z</time>
      </trkpt>
      <trkpt lat="47.359974" lon="8.56367">
        <ele>434</ele>
        <time>2024-10-20T17:24:37Z</time>
      </trkpt>
      <trkpt lat="47.359974" lon="8.56367">
        <ele>434</ele>
        <time>2024-10-21T05:24:35Z</time>
      </trkpt>
      <trkpt lat="47.359974" lon="8.56367">
        <ele>434</ele>
        <time>2024-10-21T17:24:54Z</time>
      </trkpt>
      <trkpt lat="47.359974" lon="8.56367">
        <ele>434</ele>
        <time>2024-10-21T17:37:14Z</time>
      </trkpt>
      <trkpt lat="47.359974" lon="8.56367">
        <ele>434</ele>
        <time>2024-10-21T17:47:20Z</time>
      </trkpt>
      <trkpt lat="47.359974" lon="8.56367">
        <ele>434</ele>
        <time>2024-10-21T17:57:20Z</time>
      </trkpt>
      <trkpt lat="47.359974" lon="8.56367">
        <ele>434</ele>
        <time>2024-10-21T18:07:20Z</time>
      </trkpt>
      <trkpt lat="47.359974" lon="8.56367">
        <ele>434</ele>
        <time>2024-10-21T18:17:20Z</time>
      </trkpt>
      <trkpt lat="47.359974" lon="8.56367">
        <ele>434</ele>
        <time>2024-10-21T18:27:20Z</time>
      </trkpt>
      <trkpt lat="47.359974" lon="8.56367">
        <ele>434</ele>
        <time>2024-10-21T18:37:20Z</time>
      </trkpt>
      <trkpt lat="47.359974" lon="8.56367">
        <ele>434</ele>
        <time>2024-10-21T18:47:20Z</time>
      </trkpt>
      <trkpt lat="47.359974" lon="8.56367">
        <ele>434</ele>
        <time>2024-10-21T18:57:20Z</time>
      </trkpt>
      <trkpt lat="47.359974" lon="8.56367">
        <ele>434</ele>
        <time>2024-10-21T19:07:20Z</time>
      </trkpt>
      <trkpt lat="47.359974" lon="8.56367">
        <ele>434</ele>
        <time>2024-10-21T19:08:26Z</time>
      </trkpt>
      <trkpt lat="47.359974" lon="8.56367">
        <ele>434</ele>
        <time>2024-10-21T19:18:26Z</time>
      </trkpt>
      <trkpt lat="47.359974" lon="8.56367">
        <ele>434</ele>
        <time>2024-10-21T19:28:26Z</time>
      </trkpt>
      <trkpt lat="47.359974" lon="8.56367">
        <ele>434</ele>
        <time>2024-10-21T19:38:26Z</time>
      </trkpt>
      <trkpt lat="47.359974" lon="8.56367">
        <ele>434</ele>
        <time>2024-10-21T19:48:26Z</time>
      </trkpt>
      <trkpt lat="47.359974" lon="8.56367">
        <ele>434</ele>
        <time>2024-10-21T19:58:26Z</time>
      </trkpt>
      <trkpt lat="47.359974" lon="8.56367">
        <ele>434</ele>
        <time>2024-10-21T20:08:26Z</time>
      </trkpt>
      <trkpt lat="47.359974" lon="8.56367">
        <ele>434</ele>
        <time>2024-10-21T20:18:26Z</time>
      </trkpt>
      <trkpt lat="47.359974" lon="8.56367">
        <ele>434</ele>
        <time>2024-10-21T20:28:26Z</time>
      </trkpt>
      <trkpt lat="47.359974" lon="8.56367">
        <ele>434</ele>
        <time>2024-10-21T20:38:26Z</time>
      </trkpt>
      <trkpt lat="47.359974" lon="8.56367">
        <ele>434</ele>
        <time>2024-10-21T20:48:26Z</time>
      </trkpt>
      <trkpt lat="47.359974" lon="8.56367">
        <ele>434</ele>
        <time>2024-10-21T20:58:26Z</time>
      </trkpt>
      <trkpt lat="47.359974" lon="8.56367">
        <ele>434</ele>
        <time>2024-10-21T21:08:26Z</time>
      </trkpt>
      <trkpt lat="47.359974" lon="8.56367">
        <ele>434</ele>
        <time>2024-10-21T21:18:26Z</time>
      </trkpt>
      <trkpt lat="47.359974" lon="8.56367">
        <ele>434</ele>
        <time>2024-10-21T21:28:26Z</time>
      </trkpt>
      <trkpt lat="47.359974" lon="8.56367">
        <ele>434</ele>
        <time>2024-10-21T21:38:26Z</time>
      </trkpt>
      <trkpt lat="47.359974" lon="8.56367">
        <ele>434</ele>
        <time>2024-10-21T21:48:26Z</time>
      </trkpt>
      <trkpt lat="47.359974" lon="8.56367">
        <ele>434</ele>
        <time>2024-10-21T21:58:26Z</time>
      </trkpt>
      <trkpt lat="47.359974" lon="8.56367">
        <ele>434</ele>
        <time>2024-10-21T22:08:26Z</time>
      </trkpt>
      <trkpt lat="47.359974" lon="8.56367">
        <ele>434</ele>
        <time>2024-10-21T22:18:26Z</time>
      </trkpt>
      <trkpt lat="47.359974" lon="8.56367">
        <ele>434</ele>
        <time>2024-10-21T22:28:26Z</time>
      </trkpt>
      <trkpt lat="47.359974" lon="8.56367">
        <ele>434</ele>
        <time>2024-10-21T22:38:26Z</time>
      </trkpt>
      <trkpt lat="47.359974" lon="8.56367">
        <ele>434</ele>
        <time>2024-10-21T22:48:26Z</time>
      </trkpt>
      <trkpt lat="47.359974" lon="8.56367">
        <ele>434</ele>
        <time>2024-10-21T22:58:26Z</time>
      </trkpt>
      <trkpt lat="47.359974" lon="8.56367">
        <ele>434</ele>
        <time>2024-10-21T23:08:26Z</time>
      </trkpt>
      <trkpt lat="47.359974" lon="8.56367">
        <ele>434</ele>
        <time>2024-10-21T23:18:26Z</time>
      </trkpt>
      <trkpt lat="47.359974" lon="8.56367">
        <ele>434</ele>
        <time>2024-10-21T23:28:26Z</time>
      </trkpt>
      <trkpt lat="47.359974" lon="8.56367">
        <ele>434</ele>
        <time>2024-10-21T23:38:26Z</time>
      </trkpt>
      <trkpt lat="47.359974" lon="8.56367">
        <ele>434</ele>
        <time>2024-10-21T23:48:26Z</time>
      </trkpt>
      <trkpt lat="47.359974" lon="8.56367">
        <ele>434</ele>
        <time>2024-10-21T23:58:26Z</time>
      </trkpt>
      <trkpt lat="47.359974" lon="8.56367">
        <ele>434</ele>
        <time>2024-10-22T00:08:26Z</time>
      </trkpt>
      <trkpt lat="47.359974" lon="8.56367">
        <ele>434</ele>
        <time>2024-10-22T00:18:26Z</time>
      </trkpt>
      <trkpt lat="47.359974" lon="8.56367">
        <ele>434</ele>
        <time>2024-10-22T00:28:26Z</time>
      </trkpt>
      <trkpt lat="47.359974" lon="8.56367">
        <ele>434</ele>
        <time>2024-10-22T00:38:26Z</time>
      </trkpt>
      <trkpt lat="47.359974" lon="8.56367">
        <ele>434</ele>
        <time>2024-10-22T00:48:26Z</time>
      </trkpt>
      <trkpt lat="47.359974" lon="8.56367">
        <ele>434</ele>
        <time>2024-10-22T00:58:26Z</time>
      </trkpt>
      <trkpt lat="47.359974" lon="8.56367">
        <ele>434</ele>
        <time>2024-10-22T01:08:38Z</time>
      </trkpt>
      <trkpt lat="47.359974" lon="8.56367">
        <ele>434</ele>
        <time>2024-10-22T01:18:38Z</time>
      </trkpt>
      <trkpt lat="47.359974" lon="8.56367">
        <ele>434</ele>
        <time>2024-10-22T01:28:38Z</time>
      </trkpt>
      <trkpt lat="47.359974" lon="8.56367">
        <ele>434</ele>
        <time>2024-10-22T01:38:38Z</time>
      </trkpt>
      <trkpt lat="47.359974" lon="8.56367">
        <ele>434</ele>
        <time>2024-10-22T01:48:38Z</time>
      </trkpt>
      <trkpt lat="47.359974" lon="8.56367">
        <ele>434</ele>
        <time>2024-10-22T01:58:38Z</time>
      </trkpt>
      <trkpt lat="47.359974" lon="8.56367">
        <ele>434</ele>
        <time>2024-10-22T02:08:38Z</time>
      </trkpt>
      <trkpt lat="47.359974" lon="8.56367">
        <ele>434</ele>
        <time>2024-10-22T02:18:38Z</time>
      </trkpt>
      <trkpt lat="47.359974" lon="8.56367">
        <ele>434</ele>
        <time>2024-10-22T02:28:38Z</time>
      </trkpt>
      <trkpt lat="47.359974" lon="8.56367">
        <ele>434</ele>
        <time>2024-10-22T02:38:38Z</time>
      </trkpt>
      <trkpt lat="47.359974" lon="8.56367">
        <ele>434</ele>
        <time>2024-10-22T02:48:38Z</time>
      </trkpt>
      <trkpt lat="47.359974" lon="8.56367">
        <ele>434</ele>
        <time>2024-10-22T02:58:38Z</time>
      </trkpt>
      <trkpt lat="47.359974" lon="8.56367">
        <ele>434</ele>
        <time>2024-10-22T03:08:38Z</time>
      </trkpt>
      <trkpt lat="47.359974" lon="8.56367">
        <ele>434</ele>
        <time>2024-10-22T03:18:38Z</time>
      </trkpt>
      <trkpt lat="47.359974" lon="8.56367">
        <ele>434</ele>
        <time>2024-10-22T03:28:38Z</time>
      </trkpt>
      <trkpt lat="47.359974" lon="8.56367">
        <ele>434</ele>
        <time>2024-10-22T03:38:38Z</time>
      </trkpt>
      <trkpt lat="47.359974" lon="8.56367">
        <ele>434</ele>
        <time>2024-10-22T03:48:38Z</time>
      </trkpt>
      <trkpt lat="47.359974" lon="8.56367">
        <ele>434</ele>
        <time>2024-10-22T03:58:38Z</time>
      </trkpt>
      <trkpt lat="47.359974" lon="8.56367">
        <ele>434</ele>
        <time>2024-10-22T04:08:38Z</time>
      </trkpt>
      <trkpt lat="47.359974" lon="8.56367">
        <ele>434</ele>
        <time>2024-10-22T04:18:38Z</time>
      </trkpt>
      <trkpt lat="47.359974" lon="8.56367">
        <ele>434</ele>
        <time>2024-10-22T04:28:38Z</time>
      </trkpt>
      <trkpt lat="47.359974" lon="8.56367">
        <ele>434</ele>
        <time>2024-10-22T04:38:38Z</time>
      </trkpt>
      <trkpt lat="47.359974" lon="8.56367">
        <ele>434</ele>
        <time>2024-10-22T04:48:38Z</time>
      </trkpt>
      <trkpt lat="47.359974" lon="8.56367">
        <ele>434</ele>
        <time>2024-10-22T04:58:38Z</time>
      </trkpt>
      <trkpt lat="47.359974" lon="8.56367">
        <ele>434</ele>
        <time>2024-10-22T05:08:38Z</time>
      </trkpt>
      <trkpt lat="47.359974" lon="8.56367">
        <ele>434</ele>
        <time>2024-10-22T05:18:38Z</time>
      </trkpt>
      <trkpt lat="47.359974" lon="8.56367">
        <ele>434</ele>
        <time>2024-10-22T05:28:38Z</time>
      </trkpt>
      <trkpt lat="47.359974" lon="8.56367">
        <ele>434</ele>
        <time>2024-10-22T05:28:58Z</time>
      </trkpt>
      <trkpt lat="47.359974" lon="8.56367">
        <ele>434</ele>
        <time>2024-10-22T05:43:58Z</time>
      </trkpt>
      <trkpt lat="47.359959" lon="8.563643">
        <ele>434</ele>
        <time>2024-10-22T09:04:17Z</time>
      </trkpt>
      <trkpt lat="47.359938" lon="8.563493">
        <ele>439</ele>
        <time>2024-10-22T09:04:46Z</time>
        <cmt>speed: 0.0</cmt>
      </trkpt>
      <trkpt lat="47.359959" lon="8.563643">
        <ele>434</ele>
        <time>2024-10-22T09:06:48Z</time>
      </trkpt>
      <trkpt lat="47.360784" lon="8.561436">
        <ele>438</ele>
        <time>2024-10-22T09:14:22Z</time>
        <cmt>speed: 0.7</cmt>
      </trkpt>
      <trkpt lat="47.361285" lon="8.561142">
        <ele>473</ele>
        <time>2024-10-22T09:24:27Z</time>
        <cmt>speed: 0.4</cmt>
      </trkpt>
      <trkpt lat="47.361075" lon="8.56141">
        <ele>432</ele>
        <time>2024-10-22T09:34:25Z</time>
        <cmt>speed: 0.8</cmt>
      </trkpt>
      <trkpt lat="47.360461" lon="8.561508">
        <ele>452</ele>
        <time>2024-10-22T09:44:22Z</time>
        <cmt>speed: 0.5</cmt>
      </trkpt>
      <trkpt lat="47.360461" lon="8.561508">
        <ele>452</ele>
        <time>2024-10-22T09:54:21Z</time>
      </trkpt>
      <trkpt lat="47.360244" lon="8.561823">
        <ele>439</ele>
        <time>2024-10-22T09:54:22Z</time>
        <cmt>speed: 0.0</cmt>
      </trkpt>
      <trkpt lat="47.359151" lon="8.561441">
        <ele>455</ele>
        <time>2024-10-22T10:04:23Z</time>
        <cmt>speed: 0.0</cmt>
      </trkpt>
      <trkpt lat="47.358651" lon="8.561176">
        <ele>430</ele>
        <time>2024-10-22T10:14:22Z</time>
        <cmt>speed: 0.2</cmt>
      </trkpt>
      <trkpt lat="47.35837" lon="8.561185">
        <ele>444</ele>
        <time>2024-10-22T10:24:19Z</time>
        <cmt>speed: 0.8</cmt>
      </trkpt>
      <trkpt lat="47.358349" lon="8.560711">
        <ele>450</ele>
        <time>2024-10-22T10:34:22Z</time>
        <cmt>speed: 0.8</cmt>
      </trkpt>
      <trkpt lat="47.358365" lon="8.560601">
        <ele>424</ele>
        <time>2024-10-22T10:44:21Z</time>
        <cmt>speed: 0.2</cmt>
      </trkpt>
      <trkpt lat="47.358472" lon="8.560588">
        <ele>501</ele>
        <time>2024-10-22T10:54:28Z</time>
        <cmt>speed: 0.9</cmt>
      </trkpt>
      <trkpt lat="47.35835" lon="8.5608">
        <ele>425</ele>
        <time>2024-10-22T11:04:21Z</time>
        <cmt>speed: 0.1</cmt>
      </trkpt>
      <trkpt lat="47.35835" lon="8.5608">
        <ele>425</ele>
        <time>2024-10-22T11:14:28Z</time>
      </trkpt>
      <trkpt lat="47.358476" lon="8.560879">
        <ele>472</ele>
        <time>2024-10-22T11:14:29Z</time>
        <cmt>speed: 0.0</cmt>
      </trkpt>
      <trkpt lat="47.358338" lon="8.560799">
        <ele>440</ele>
        <time>2024-10-22T11:24:24Z</time>
        <cmt>speed: 0.4</cmt>
      </trkpt>
      <trkpt lat="47.357969" lon="8.560996">
        <ele>460</ele>
        <time>2024-10-22T11:34:22Z</time>
        <cmt>speed: 1.0</cmt>
      </trkpt>
      <trkpt lat="47.35783" lon="8.560672">
        <ele>443</ele>
        <time>2024-10-22T11:44:22Z</time>
        <cmt>speed: 0.7</cmt>
      </trkpt>
      <trkpt lat="47.35783" lon="8.560672">
        <ele>443</ele>
        <time>2024-10-22T11:54:26Z</time>
      </trkpt>
      <trkpt lat="47.357385" lon="8.560094">
        <ele>463</ele>
        <time>2024-10-22T11:54:28Z</time>
        <cmt>speed: 1.4</cmt>
      </trkpt>
      <trkpt lat="47.357779" lon="8.560555">
        <ele>461</ele>
        <time>2024-10-22T12:04:22Z</time>
        <cmt>speed: 0.6</cmt>
      </trkpt>
      <trkpt lat="47.358211" lon="8.560482">
        <ele>442</ele>
        <time>2024-10-22T12:14:20Z</time>
        <cmt>speed: 0.3</cmt>
      </trkpt>
      <trkpt lat="47.358211" lon="8.560482">
        <ele>442</ele>
        <time>2024-10-22T12:14:20Z</time>
      </trkpt>
      <trkpt lat="47.358774" lon="8.560823">
        <ele>431</ele>
        <time>2024-10-22T12:24:21Z</time>
        <cmt>speed: 2.9</cmt>
      </trkpt>
      <trkpt lat="47.359015" lon="8.562096">
        <ele>455</ele>
        <time>2024-10-22T12:34:26Z</time>
        <cmt>speed: 0.4</cmt>
      </trkpt>
      <trkpt lat="47.359021" lon="8.562966">
        <ele>450</ele>
        <time>2024-10-22T12:44:22Z</time>
        <cmt>speed: 0.1</cmt>
      </trkpt>
      <trkpt lat="47.358594" lon="8.564501">
        <ele>466</ele>
        <time>2024-10-22T12:54:22Z</time>
        <cmt>speed: 1.2</cmt>
      </trkpt>
      <trkpt lat="47.358523" lon="8.564351">
        <ele>489</ele>
        <time>2024-10-22T13:04:24Z</time>
        <cmt>speed: 0.0</cmt>
      </trkpt>
      <trkpt lat="47.358523" lon="8.564351">
        <ele>489</ele>
        <time>2024-10-22T13:14:20Z</time>
      </trkpt>
      <trkpt lat="47.358676" lon="8.564277">
        <ele>488</ele>
        <time>2024-10-22T13:14:22Z</time>
        <cmt>speed: 0.4</cmt>
      </trkpt>
      <trkpt lat="47.358573" lon="8.564515">
        <ele>477</ele>
        <time>2024-10-22T13:24:21Z</time>
        <cmt>speed: 1.1</cmt>
      </trkpt>
      <trkpt lat="47.35798" lon="8.564387">
        <ele>451</ele>
        <time>2024-10-22T13:34:20Z</time>
        <cmt>speed: 0.4</cmt>
      </trkpt>
      <trkpt lat="47.357974" lon="8.563838">
        <ele>452</ele>
        <time>2024-10-22T13:44:21Z</time>
        <cmt>speed: 0.5</cmt>
      </trkpt>
      <trkpt lat="47.357974" lon="8.563838">
        <ele>452</ele>
        <time>2024-10-22T13:54:20Z</time>
      </trkpt>
      <trkpt lat="47.358117" lon="8.563653">
        <ele>461</ele>
        <time>2024-10-22T13:54:22Z</time>
        <cmt>speed: 0.1</cmt>
      </trkpt>
      <trkpt lat="47.358175" lon="8.563565">
        <ele>420</ele>
        <time>2024-10-22T14:04:22Z</time>
        <cmt>speed: 0.2</cmt>
      </trkpt>
      <trkpt lat="47.358175" lon="8.563565">
        <ele>420</ele>
        <time>2024-10-22T14:14:20Z</time>
      </trkpt>
      <trkpt lat="47.35806" lon="8.56345">
        <ele>471</ele>
        <time>2024-10-22T14:14:22Z</time>
        <cmt>speed: 0.1</cmt>
      </trkpt>
      <trkpt lat="47.358123" lon="8.563691">
        <ele>438</ele>
        <time>2024-10-22T14:24:22Z</time>
        <cmt>speed: 0.1</cmt>
      </trkpt>
      <trkpt lat="47.358123" lon="8.563691">
        <ele>438</ele>
        <time>2024-10-22T14:34:19Z</time>
      </trkpt>
      <trkpt lat="47.358438" lon="8.56337">
        <ele>469</ele>
        <time>2024-10-22T14:34:21Z</time>
        <cmt>speed: 0.8</cmt>
      </trkpt>
      <trkpt lat="47.358356" lon="8.563401">
        <ele>464</ele>
        <time>2024-10-22T14:44:21Z</time>
        <cmt>speed: 0.0</cmt>
      </trkpt>
      <trkpt lat="47.358356" lon="8.563401">
        <ele>464</ele>
        <time>2024-10-22T14:54:19Z</time>
      </trkpt>
      <trkpt lat="47.358183" lon="8.563548">
        <ele>488</ele>
        <time>2024-10-22T14:54:21Z</time>
        <cmt>speed: 0.1</cmt>
      </trkpt>
      <trkpt lat="47.358326" lon="8.563438">
        <ele>459</ele>
        <time>2024-10-22T15:04:21Z</time>
        <cmt>speed: 0.1</cmt>
      </trkpt>
      <trkpt lat="47.358326" lon="8.563438">
        <ele>459</ele>
        <time>2024-10-22T15:14:20Z</time>
      </trkpt>
      <trkpt lat="47.35829" lon="8.563508">
        <ele>440</ele>
        <time>2024-10-22T15:14:22Z</time>
        <cmt>speed: 0.0</cmt>
      </trkpt>
      <trkpt lat="47.35821" lon="8.563567">
        <ele>457</ele>
        <time>2024-10-22T15:24:21Z</time>
        <cmt>speed: 0.2</cmt>
      </trkpt>
      <trkpt lat="47.35821" lon="8.563567">
        <ele>457</ele>
        <time>2024-10-22T15:34:19Z</time>
      </trkpt>
      <trkpt lat="47.358339" lon="8.563435">
        <ele>466</ele>
        <time>2024-10-22T15:34:21Z</time>
        <cmt>speed: 0.1</cmt>
      </trkpt>
      <trkpt lat="47.358662" lon="8.562797">
        <ele>461</ele>
        <time>2024-10-22T15:44:21Z</time>
        <cmt>speed: 0.2</cmt>
      </trkpt>
      <trkpt lat="47.358662" lon="8.562797">
        <ele>461</ele>
        <time>2024-10-22T15:54:18Z</time>
      </trkpt>
      <trkpt lat="47.358532" lon="8.562813">
        <ele>449</ele>
        <time>2024-10-22T15:54:20Z</time>
        <cmt>speed: 0.3</cmt>
      </trkpt>
      <trkpt lat="47.358634" lon="8.5627">
        <ele>427</ele>
        <time>2024-10-22T16:04:21Z</time>
        <cmt>speed: 0.5</cmt>
      </trkpt>
      <trkpt lat="47.359379" lon="8.560786">
        <ele>429</ele>
        <time>2024-10-22T16:14:24Z</time>
        <cmt>speed: 1.4</cmt>
      </trkpt>
      <trkpt lat="47.360497" lon="8.562978">
        <ele>470</ele>
        <time>2024-10-22T16:24:23Z</time>
        <cmt>speed: 3.6</cmt>
      </trkpt>
      <trkpt lat="47.359974" lon="8.56367">
        <ele>434</ele>
        <time>2024-10-22T16:27:22Z</time>
      </trkpt>
      <trkpt lat="47.359974" lon="8.56367">
        <ele>434</ele>
        <time>2024-10-22T16:42:22Z</time>
      </trkpt>
      <trkpt lat="47.359879" lon="8.563014">
        <ele>467</ele>
        <time>2024-10-22T16:46:47Z</time>
        <cmt>speed: 0.6</cmt>
      </trkpt>
      <trkpt lat="47.360331" lon="8.561045">
        <ele>455</ele>
        <time>2024-10-22T16:56:28Z</time>
        <cmt>speed: 0.6</cmt>
      </trkpt>
      <trkpt lat="47.360374" lon="8.559293">
        <ele>422</ele>
        <time>2024-10-22T17:06:32Z</time>
        <cmt>speed: 1.0</cmt>
      </trkpt>
      <trkpt lat="47.360512" lon="8.559178">
        <ele>425</ele>
        <time>2024-10-22T17:16:29Z</time>
        <cmt>speed: 0.9</cmt>
      </trkpt>
      <trkpt lat="47.360382" lon="8.557886">
        <ele>436</ele>
        <time>2024-10-22T17:26:27Z</time>
        <cmt>speed: 0.8</cmt>
      </trkpt>
      <trkpt lat="47.360438" lon="8.558069">
        <ele>422</ele>
        <time>2024-10-22T17:36:25Z</time>
        <cmt>speed: 1.0</cmt>
      </trkpt>
      <trkpt lat="47.360438" lon="8.558069">
        <ele>422</ele>
        <time>2024-10-22T17:46:33Z</time>
      </trkpt>
      <trkpt lat="47.360269" lon="8.557897">
        <ele>413</ele>
        <time>2024-10-22T17:46:36Z</time>
        <cmt>speed: 0.0</cmt>
      </trkpt>
      <trkpt lat="47.360302" lon="8.557417">
        <ele>462</ele>
        <time>2024-10-22T17:56:26Z</time>
        <cmt>speed: 0.1</cmt>
      </trkpt>
      <trkpt lat="47.360302" lon="8.557417">
        <ele>462</ele>
        <time>2024-10-22T18:06:24Z</time>
      </trkpt>
      <trkpt lat="47.360317" lon="8.557451">
        <ele>420</ele>
        <time>2024-10-22T18:06:27Z</time>
        <cmt>speed: 0.0</cmt>
      </trkpt>
      <trkpt lat="47.36053" lon="8.557448">
        <ele>431</ele>
        <time>2024-10-22T18:16:27Z</time>
        <cmt>speed: 0.2</cmt>
      </trkpt>
      <trkpt lat="47.360445" lon="8.558007">
        <ele>465</ele>
        <time>2024-10-22T18:26:34Z</time>
        <cmt>speed: 0.0</cmt>
      </trkpt>
      <trkpt lat="47.360142" lon="8.558903">
        <ele>442</ele>
        <time>2024-10-22T18:36:27Z</time>
        <cmt>speed: 0.6</cmt>
      </trkpt>
      <trkpt lat="47.360142" lon="8.558903">
        <ele>442</ele>
        <time>2024-10-22T18:46:24Z</time>
      </trkpt>
      <trkpt lat="47.36009" lon="8.55855">
        <ele>461</ele>
        <time>2024-10-22T18:46:27Z</time>
        <cmt>speed: 0.0</cmt>
      </trkpt>
      <trkpt lat="47.36009" lon="8.55855">
        <ele>461</ele>
        <time>2024-10-22T19:09:48Z</time>
      </trkpt>
      <trkpt lat="47.359937" lon="8.558861">
        <ele>462</ele>
        <time>2024-10-22T19:09:51Z</time>
        <cmt>speed: 0.8</cmt>
      </trkpt>
      <trkpt lat="47.360202" lon="8.559106">
        <ele>461</ele>
        <time>2024-10-22T19:19:48Z</time>
        <cmt>speed: 0.1</cmt>
      </trkpt>
      <trkpt lat="47.360202" lon="8.559106">
        <ele>461</ele>
        <time>2024-10-22T19:26:24Z</time>
      </trkpt>
      <trkpt lat="47.360357" lon="8.559076">
        <ele>418</ele>
        <time>2024-10-22T19:32:32Z</time>
        <cmt>speed: 0.6</cmt>
      </trkpt>
      <trkpt lat="47.359895" lon="8.558383">
        <ele>454</ele>
        <time>2024-10-22T19:42:27Z</time>
        <cmt>speed: 0.2</cmt>
      </trkpt>
      <trkpt lat="47.359845" lon="8.55863">
        <ele>425</ele>
        <time>2024-10-22T19:52:27Z</time>
        <cmt>speed: 0.1</cmt>
      </trkpt>
      <trkpt lat="47.35995" lon="8.560138">
        <ele>432</ele>
        <time>2024-10-22T20:02:33Z</time>
        <cmt>speed: 0.1</cmt>
      </trkpt>
      <trkpt lat="47.360106" lon="8.561018">
        <ele>441</ele>
        <time>2024-10-22T20:12:39Z</time>
        <cmt>speed: 0.0</cmt>
      </trkpt>
      <trkpt lat="47.359208" lon="8.561408">
        <ele>446</ele>
        <time>2024-10-22T20:22:27Z</time>
        <cmt>speed: 0.5</cmt>
      </trkpt>
      <trkpt lat="47.359208" lon="8.561408">
        <ele>446</ele>
        <time>2024-10-22T20:32:29Z</time>
      </trkpt>
      <trkpt lat="47.359079" lon="8.560199">
        <ele>421</ele>
        <time>2024-10-22T20:32:32Z</time>
        <cmt>speed: 0.6</cmt>
      </trkpt>
      <trkpt lat="47.361075" lon="8.558484">
        <ele>487</ele>
        <time>2024-10-22T20:42:37Z</time>
        <cmt>speed: 1.2</cmt>
      </trkpt>
      <trkpt lat="47.359073" lon="8.560661">
        <ele>454</ele>
        <time>2024-10-22T21:02:26Z</time>
        <cmt>speed: 0.1</cmt>
      </trkpt>
      <trkpt lat="47.359073" lon="8.560661">
        <ele>454</ele>
        <time>2024-10-22T21:12:26Z</time>
      </trkpt>
      <trkpt lat="47.359493" lon="8.560001">
        <ele>443</ele>
        <time>2024-10-22T21:12:29Z</time>
        <cmt>speed: 0.7</cmt>
      </trkpt>
      <trkpt lat="47.35975" lon="8.55998">
        <ele>417</ele>
        <time>2024-10-22T21:22:29Z</time>
        <cmt>speed: 1.0</cmt>
      </trkpt>
      <trkpt lat="47.359897" lon="8.561883">
        <ele>432</ele>
        <time>2024-10-22T21:32:27Z</time>
        <cmt>speed: 0.5</cmt>
      </trkpt>
      <trkpt lat="47.359597" lon="8.562197">
        <ele>388</ele>
        <time>2024-10-22T21:42:30Z</time>
        <cmt>speed: 0.1</cmt>
      </trkpt>
      <trkpt lat="47.359797" lon="8.562455">
        <ele>426</ele>
        <time>2024-10-22T21:52:45Z</time>
        <cmt>speed: 0.2</cmt>
      </trkpt>
      <trkpt lat="47.360094" lon="8.562708">
        <ele>438</ele>
        <time>2024-10-22T22:02:34Z</time>
        <cmt>speed: 0.8</cmt>
      </trkpt>
      <trkpt lat="47.360094" lon="8.562708">
        <ele>438</ele>
        <time>2024-10-22T22:12:41Z</time>
      </trkpt>
      <trkpt lat="47.359689" lon="8.562713">
        <ele>460</ele>
        <time>2024-10-22T22:12:44Z</time>
        <cmt>speed: 0.5</cmt>
      </trkpt>
      <trkpt lat="47.359925" lon="8.562035">
        <ele>436</ele>
        <time>2024-10-22T22:22:27Z</time>
        <cmt>speed: 0.0</cmt>
      </trkpt>
      <trkpt lat="47.360132" lon="8.562226">
        <ele>471</ele>
        <time>2024-10-22T22:32:56Z</time>
        <cmt>speed: 1.2</cmt>
      </trkpt>
      <trkpt lat="47.360397" lon="8.561872">
        <ele>442</ele>
        <time>2024-10-23T10:57:31Z</time>
        <cmt>speed: 0.1</cmt>
      </trkpt>
      <trkpt lat="47.359959" lon="8.563643">
        <ele>434</ele>
        <time>2024-10-23T11:01:36Z</time>
      </trkpt>
      <trkpt lat="47.359859" lon="8.563567">
        <ele>457</ele>
        <time>2024-10-23T11:11:40Z</time>
        <cmt>speed: 1.5</cmt>
      </trkpt>
      <trkpt lat="47.359959" lon="8.563643">
        <ele>434</ele>
        <time>2024-10-23T11:18:56Z</time>
      </trkpt>
      <trkpt lat="47.359185" lon="8.564339">
        <ele>437</ele>
        <time>2024-10-23T11:31:40Z</time>
        <cmt>speed: 0.2</cmt>
      </trkpt>
      <trkpt lat="47.358716" lon="8.56298">
        <ele>428</ele>
        <time>2024-10-23T11:41:34Z</time>
        <cmt>speed: 1.2</cmt>
      </trkpt>
      <trkpt lat="47.358629" lon="8.562881">
        <ele>439</ele>
        <time>2024-10-23T11:51:33Z</time>
        <cmt>speed: 0.3</cmt>
      </trkpt>
      <trkpt lat="47.358629" lon="8.562881">
        <ele>439</ele>
        <time>2024-10-23T12:01:29Z</time>
      </trkpt>
      <trkpt lat="47.358563" lon="8.562848">
        <ele>471</ele>
        <time>2024-10-23T12:01:33Z</time>
        <cmt>speed: 0.4</cmt>
      </trkpt>
      <trkpt lat="47.358628" lon="8.562916">
        <ele>436</ele>
        <time>2024-10-23T12:11:34Z</time>
        <cmt>speed: 0.9</cmt>
      </trkpt>
      <trkpt lat="47.358628" lon="8.562916">
        <ele>436</ele>
        <time>2024-10-23T12:21:29Z</time>
      </trkpt>
      <trkpt lat="47.358634" lon="8.562974">
        <ele>459</ele>
        <time>2024-10-23T12:21:33Z</time>
        <cmt>speed: 0.6</cmt>
      </trkpt>
      <trkpt lat="47.358179" lon="8.563547">
        <ele>447</ele>
        <time>2024-10-23T12:31:33Z</time>
        <cmt>speed: 1.6</cmt>
      </trkpt>
      <trkpt lat="47.358179" lon="8.563547">
        <ele>447</ele>
        <time>2024-10-23T12:41:29Z</time>
      </trkpt>
      <trkpt lat="47.358103" lon="8.563623">
        <ele>446</ele>
        <time>2024-10-23T12:41:34Z</time>
        <cmt>speed: 1.0</cmt>
      </trkpt>
      <trkpt lat="47.358292" lon="8.563759">
        <ele>466</ele>
        <time>2024-10-23T12:51:33Z</time>
        <cmt>speed: 0.4</cmt>
      </trkpt>
      <trkpt lat="47.358292" lon="8.563759">
        <ele>466</ele>
        <time>2024-10-23T13:01:29Z</time>
      </trkpt>
      <trkpt lat="47.358186" lon="8.563778">
        <ele>461</ele>
        <time>2024-10-23T13:01:35Z</time>
        <cmt>speed: 0.2</cmt>
      </trkpt>
      <trkpt lat="47.358049" lon="8.56364">
        <ele>463</ele>
        <time>2024-10-23T13:11:34Z</time>
        <cmt>speed: 0.8</cmt>
      </trkpt>
      <trkpt lat="47.358049" lon="8.56364">
        <ele>463</ele>
        <time>2024-10-23T13:21:29Z</time>
      </trkpt>
      <trkpt lat="47.35807" lon="8.563666">
        <ele>469</ele>
        <time>2024-10-23T13:21:35Z</time>
        <cmt>speed: 0.3</cmt>
      </trkpt>
      <trkpt lat="47.358081" lon="8.563475">
        <ele>508</ele>
        <time>2024-10-23T13:31:35Z</time>
        <cmt>speed: 1.6</cmt>
      </trkpt>
      <trkpt lat="47.358081" lon="8.563475">
        <ele>508</ele>
        <time>2024-10-23T13:41:29Z</time>
      </trkpt>
      <trkpt lat="47.358043" lon="8.563649">
        <ele>454</ele>
        <time>2024-10-23T13:41:34Z</time>
        <cmt>speed: 0.6</cmt>
      </trkpt>
      <trkpt lat="47.358239" lon="8.563697">
        <ele>462</ele>
        <time>2024-10-23T13:51:35Z</time>
        <cmt>speed: 1.3</cmt>
      </trkpt>
      <trkpt lat="47.358239" lon="8.563697">
        <ele>462</ele>
        <time>2024-10-23T14:01:29Z</time>
      </trkpt>
      <trkpt lat="47.35797" lon="8.564042">
        <ele>480</ele>
        <time>2024-10-23T14:01:34Z</time>
        <cmt>speed: 1.6</cmt>
      </trkpt>
      <trkpt lat="47.357978" lon="8.564256">
        <ele>465</ele>
        <time>2024-10-23T14:11:33Z</time>
        <cmt>speed: 0.4</cmt>
      </trkpt>
      <trkpt lat="47.357996" lon="8.564262">
        <ele>466</ele>
        <time>2024-10-23T14:21:33Z</time>
        <cmt>speed: 1.0</cmt>
      </trkpt>
      <trkpt lat="47.358863" lon="8.563868">
        <ele>485</ele>
        <time>2024-10-23T14:31:35Z</time>
        <cmt>speed: 1.8</cmt>
      </trkpt>
      <trkpt lat="47.359287" lon="8.56251">
        <ele>422</ele>
        <time>2024-10-23T14:41:35Z</time>
        <cmt>speed: 0.2</cmt>
      </trkpt>
      <trkpt lat="47.359974" lon="8.56367">
        <ele>434</ele>
        <time>2024-10-23T14:51:38Z</time>
      </trkpt>
      <trkpt lat="47.359974" lon="8.56367">
        <ele>434</ele>
        <time>2024-10-23T15:06:38Z</time>
      </trkpt>
      <trkpt lat="47.36017" lon="8.563387">
        <ele>400</ele>
        <time>2024-10-23T15:41:15Z</time>
        <cmt>speed: 0.3</cmt>
      </trkpt>
      <trkpt lat="47.360965" lon="8.561476">
        <ele>458</ele>
        <time>2024-10-23T15:51:19Z</time>
        <cmt>speed: 0.4</cmt>
      </trkpt>
      <trkpt lat="47.361006" lon="8.560789">
        <ele>481</ele>
        <time>2024-10-23T16:01:14Z</time>
        <cmt>speed: 0.5</cmt>
      </trkpt>
      <trkpt lat="47.359952" lon="8.560989">
        <ele>454</ele>
        <time>2024-10-23T16:11:14Z</time>
        <cmt>speed: 0.0</cmt>
      </trkpt>
      <trkpt lat="47.36018" lon="8.560556">
        <ele>447</ele>
        <time>2024-10-23T16:21:14Z</time>
        <cmt>speed: 0.3</cmt>
      </trkpt>
      <trkpt lat="47.359133" lon="8.561134">
        <ele>455</ele>
        <time>2024-10-23T16:31:18Z</time>
        <cmt>speed: 3.8</cmt>
      </trkpt>
      <trkpt lat="47.358198" lon="8.561072">
        <ele>414</ele>
        <time>2024-10-23T16:41:13Z</time>
        <cmt>speed: 0.2</cmt>
      </trkpt>
      <trkpt lat="47.358488" lon="8.560892">
        <ele>410</ele>
        <time>2024-10-23T16:51:13Z</time>
        <cmt>speed: 1.2</cmt>
      </trkpt>
      <trkpt lat="47.358488" lon="8.560892">
        <ele>410</ele>
        <time>2024-10-23T17:01:07Z</time>
      </trkpt>
      <trkpt lat="47.35869" lon="8.562825">
        <ele>451</ele>
        <time>2024-10-23T17:01:12Z</time>
        <cmt>speed: 0.5</cmt>
      </trkpt>
      <trkpt lat="47.358184" lon="8.563624">
        <ele>452</ele>
        <time>2024-10-23T17:11:13Z</time>
        <cmt>speed: 0.6</cmt>
      </trkpt>
      <trkpt lat="47.358184" lon="8.563624">
        <ele>452</ele>
        <time>2024-10-23T17:21:07Z</time>
      </trkpt>
      <trkpt lat="47.358212" lon="8.563578">
        <ele>472</ele>
        <time>2024-10-23T17:21:12Z</time>
        <cmt>speed: 0.9</cmt>
      </trkpt>
      <trkpt lat="47.358085" lon="8.563731">
        <ele>457</ele>
        <time>2024-10-23T17:31:13Z</time>
        <cmt>speed: 0.7</cmt>
      </trkpt>
      <trkpt lat="47.357983" lon="8.564428">
        <ele>454</ele>
        <time>2024-10-23T17:41:12Z</time>
        <cmt>speed: 0.5</cmt>
      </trkpt>
      <trkpt lat="47.357428" lon="8.565007">
        <ele>464</ele>
        <time>2024-10-23T17:51:12Z</time>
        <cmt>speed: 0.5</cmt>
      </trkpt>
      <trkpt lat="47.357428" lon="8.565007">
        <ele>464</ele>
        <time>2024-10-23T18:01:05Z</time>
      </trkpt>
      <trkpt lat="47.357754" lon="8.564669">
        <ele>446</ele>
        <time>2024-10-23T18:01:12Z</time>
        <cmt>speed: 0.2</cmt>
      </trkpt>
      <trkpt lat="47.358513" lon="8.56443">
        <ele>452</ele>
        <time>2024-10-23T18:11:13Z</time>
        <cmt>speed: 0.1</cmt>
      </trkpt>
      <trkpt lat="47.359765" lon="8.563311">
        <ele>432</ele>
        <time>2024-10-23T18:21:17Z</time>
        <cmt>speed: 1.5</cmt>
      </trkpt>
      <trkpt lat="47.359974" lon="8.56367">
        <ele>434</ele>
        <time>2024-10-23T18:28:15Z</time>
      </trkpt>
      <trkpt lat="47.360405" lon="8.562052">
        <ele>399</ele>
        <time>2024-10-23T18:31:12Z</time>
        <cmt>speed: 0.3</cmt>
      </trkpt>
      <trkpt lat="47.359831" lon="8.561374">
        <ele>436</ele>
        <time>2024-10-23T18:41:20Z</time>
        <cmt>speed: 0.6</cmt>
      </trkpt>
      <trkpt lat="47.359831" lon="8.561374">
        <ele>436</ele>
        <time>2024-10-23T18:51:10Z</time>
      </trkpt>
      <trkpt lat="47.3599" lon="8.561375">
        <ele>424</ele>
        <time>2024-10-23T18:51:17Z</time>
        <cmt>speed: 0.0</cmt>
      </trkpt>
      <trkpt lat="47.359625" lon="8.561551">
        <ele>446</ele>
        <time>2024-10-23T19:01:15Z</time>
        <cmt>speed: 0.4</cmt>
      </trkpt>
      <trkpt lat="47.359312" lon="8.560869">
        <ele>425</ele>
        <time>2024-10-23T19:11:16Z</time>
        <cmt>speed: 2.0</cmt>
      </trkpt>
      <trkpt lat="47.359248" lon="8.560994">
        <ele>468</ele>
        <time>2024-10-23T19:21:16Z</time>
        <cmt>speed: 1.5</cmt>
      </trkpt>
      <trkpt lat="47.359267" lon="8.560241">
        <ele>445</ele>
        <time>2024-10-23T19:31:15Z</time>
        <cmt>speed: 0.7</cmt>
      </trkpt>
      <trkpt lat="47.360053" lon="8.560832">
        <ele>428</ele>
        <time>2024-10-23T19:41:17Z</time>
        <cmt>speed: 0.1</cmt>
      </trkpt>
      <trkpt lat="47.359933" lon="8.560272">
        <ele>432</ele>
        <time>2024-10-23T19:51:15Z</time>
        <cmt>speed: 0.2</cmt>
      </trkpt>
      <trkpt lat="47.359875" lon="8.560766">
        <ele>427</ele>
        <time>2024-10-23T20:01:16Z</time>
        <cmt>speed: 2.2</cmt>
      </trkpt>
      <trkpt lat="47.359996" lon="8.560484">
        <ele>425</ele>
        <time>2024-10-23T20:11:12Z</time>
        <cmt>speed: 1.2</cmt>
      </trkpt>
      <trkpt lat="47.359957" lon="8.559044">
        <ele>453</ele>
        <time>2024-10-23T20:21:13Z</time>
        <cmt>speed: 1.0</cmt>
      </trkpt>
      <trkpt lat="47.359957" lon="8.559044">
        <ele>453</ele>
        <time>2024-10-23T20:31:07Z</time>
      </trkpt>
      <trkpt lat="47.359906" lon="8.558433">
        <ele>411</ele>
        <time>2024-10-23T20:31:14Z</time>
        <cmt>speed: 0.3</cmt>
      </trkpt>
      <trkpt lat="47.359781" lon="8.558591">
        <ele>420</ele>
        <time>2024-10-23T20:41:16Z</time>
        <cmt>speed: 0.0</cmt>
      </trkpt>
      <trkpt lat="47.359781" lon="8.558591">
        <ele>420</ele>
        <time>2024-10-23T20:51:08Z</time>
      </trkpt>
      <trkpt lat="47.360058" lon="8.558692">
        <ele>397</ele>
        <time>2024-10-23T20:51:15Z</time>
        <cmt>speed: 0.4</cmt>
      </trkpt>
      <trkpt lat="47.359807" lon="8.558394">
        <ele>442</ele>
        <time>2024-10-23T21:01:19Z</time>
        <cmt>speed: 0.5</cmt>
      </trkpt>
      <trkpt lat="47.359807" lon="8.558394">
        <ele>442</ele>
        <time>2024-10-23T21:11:13Z</time>
      </trkpt>
      <trkpt lat="47.360061" lon="8.558227">
        <ele>371</ele>
        <time>2024-10-23T21:11:20Z</time>
        <cmt>speed: 0.2</cmt>
      </trkpt>
      <trkpt lat="47.359655" lon="8.558186">
        <ele>470</ele>
        <time>2024-10-23T21:21:19Z</time>
        <cmt>speed: 0.1</cmt>
      </trkpt>
      <trkpt lat="47.359655" lon="8.558186">
        <ele>470</ele>
        <time>2024-10-23T21:31:13Z</time>
      </trkpt>
      <trkpt lat="47.36" lon="8.558607">
        <ele>399</ele>
        <time>2024-10-23T21:31:20Z</time>
        <cmt>speed: 0.2</cmt>
      </trkpt>
      <trkpt lat="47.359799" lon="8.558121">
        <ele>403</ele>
        <time>2024-10-23T21:41:18Z</time>
        <cmt>speed: 0.1</cmt>
      </trkpt>
      <trkpt lat="47.359951" lon="8.55845">
        <ele>442</ele>
        <time>2024-10-23T21:51:13Z</time>
        <cmt>speed: 1.0</cmt>
      </trkpt>
      <trkpt lat="47.360197" lon="8.5589">
        <ele>438</ele>
        <time>2024-10-23T22:01:15Z</time>
        <cmt>speed: 0.5</cmt>
      </trkpt>
      <trkpt lat="47.360197" lon="8.5589">
        <ele>438</ele>
        <time>2024-10-23T22:11:10Z</time>
      </trkpt>
      <trkpt lat="47.36022" lon="8.558898">
        <ele>433</ele>
        <time>2024-10-23T22:11:17Z</time>
        <cmt>speed: 0.0</cmt>
      </trkpt>
      <trkpt lat="47.360171" lon="8.558955">
        <ele>460</ele>
        <time>2024-10-23T22:21:14Z</time>
        <cmt>speed: 0.6</cmt>
      </trkpt>
      <trkpt lat="47.360021" lon="8.561122">
        <ele>413</ele>
        <time>2024-10-23T22:31:13Z</time>
        <cmt>speed: 0.6</cmt>
      </trkpt>
      <trkpt lat="47.359433" lon="8.561684">
        <ele>439</ele>
        <time>2024-10-23T22:41:15Z</time>
        <cmt>speed: 1.7</cmt>
      </trkpt>
      <trkpt lat="47.359433" lon="8.561684">
        <ele>439</ele>
        <time>2024-10-23T22:51:08Z</time>
      </trkpt>
      <trkpt lat="47.359565" lon="8.560356">
        <ele>417</ele>
        <time>2024-10-23T22:51:15Z</time>
        <cmt>speed: 0.1</cmt>
      </trkpt>
      <trkpt lat="47.359849" lon="8.560529">
        <ele>410</ele>
        <time>2024-10-23T23:01:14Z</time>
        <cmt>speed: 0.0</cmt>
      </trkpt>
      <trkpt lat="47.36042" lon="8.56109">
        <ele>457</ele>
        <time>2024-10-23T23:11:14Z</time>
        <cmt>speed: 0.0</cmt>
      </trkpt>
      <trkpt lat="47.360083" lon="8.561443">
        <ele>451</ele>
        <time>2024-10-23T23:21:15Z</time>
        <cmt>speed: 0.9</cmt>
      </trkpt>
      <trkpt lat="47.360344" lon="8.561707">
        <ele>424</ele>
        <time>2024-10-23T23:31:13Z</time>
        <cmt>speed: 0.8</cmt>
      </trkpt>
      <trkpt lat="47.360379" lon="8.562019">
        <ele>358</ele>
        <time>2024-10-23T23:41:39Z</time>
        <cmt>speed: 2.5</cmt>
      </trkpt>
      <trkpt lat="47.360025" lon="8.561916">
        <ele>429</ele>
        <time>2024-10-24T00:01:43Z</time>
        <cmt>speed: 0.0</cmt>
      </trkpt>
      <trkpt lat="47.360249" lon="8.56187">
        <ele>416</ele>
        <time>2024-10-24T00:21:46Z</time>
        <cmt>speed: 0.9</cmt>
      </trkpt>
      <trkpt lat="47.360011" lon="8.561894">
        <ele>452</ele>
        <time>2024-10-24T00:52:26Z</time>
        <cmt>speed: 0.9</cmt>
      </trkpt>
      <trkpt lat="47.360067" lon="8.56179">
        <ele>461</ele>
        <time>2024-10-24T06:26:33Z</time>
        <cmt>speed: 0.2</cmt>
      </trkpt>
      <trkpt lat="47.359974" lon="8.56367">
        <ele>434</ele>
        <time>2024-10-24T06:36:23Z</time>
      </trkpt>
      <trkpt lat="47.359974" lon="8.56367">
        <ele>434</ele>
        <time>2024-10-24T06:51:23Z</time>
      </trkpt>
      <trkpt lat="47.359959" lon="8.563643">
        <ele>434</ele>
        <time>2024-10-24T11:56:56Z</time>
      </trkpt>
      <trkpt lat="47.359786" lon="8.563922">
        <ele>466</ele>
        <time>2024-10-24T11:57:34Z</time>
        <cmt>speed: 0.9</cmt>
      </trkpt>
      <trkpt lat="47.359214" lon="8.563953">
        <ele>456</ele>
        <time>2024-10-24T12:07:08Z</time>
        <cmt>speed: 0.4</cmt>
      </trkpt>
      <trkpt lat="47.358756" lon="8.563756">
        <ele>451</ele>
        <time>2024-10-24T12:17:07Z</time>
        <cmt>speed: 1.7</cmt>
      </trkpt>
      <trkpt lat="47.358558" lon="8.562714">
        <ele>444</ele>
        <time>2024-10-24T12:27:11Z</time>
        <cmt>speed: 0.7</cmt>
      </trkpt>
      <trkpt lat="47.358321" lon="8.563013">
        <ele>460</ele>
        <time>2024-10-24T12:37:07Z</time>
        <cmt>speed: 0.2</cmt>
      </trkpt>
      <trkpt lat="47.358078" lon="8.562935">
        <ele>427</ele>
        <time>2024-10-24T12:47:07Z</time>
        <cmt>speed: 0.1</cmt>
      </trkpt>
      <trkpt lat="47.358187" lon="8.563264">
        <ele>462</ele>
        <time>2024-10-24T12:57:07Z</time>
        <cmt>speed: 1.4</cmt>
      </trkpt>
      <trkpt lat="47.358018" lon="8.564429">
        <ele>462</ele>
        <time>2024-10-24T13:07:07Z</time>
        <cmt>speed: 0.2</cmt>
      </trkpt>
      <trkpt lat="47.357862" lon="8.564351">
        <ele>471</ele>
        <time>2024-10-24T13:17:08Z</time>
        <cmt>speed: 1.2</cmt>
      </trkpt>
      <trkpt lat="47.35831" lon="8.565287">
        <ele>454</ele>
        <time>2024-10-24T13:27:08Z</time>
        <cmt>speed: 0.1</cmt>
      </trkpt>
      <trkpt lat="47.357975" lon="8.564446">
        <ele>467</ele>
        <time>2024-10-24T13:37:09Z</time>
        <cmt>speed: 0.5</cmt>
      </trkpt>
      <trkpt lat="47.357761" lon="8.564217">
        <ele>471</ele>
        <time>2024-10-24T13:47:08Z</time>
        <cmt>speed: 0.0</cmt>
      </trkpt>
      <trkpt lat="47.357761" lon="8.564217">
        <ele>471</ele>
        <time>2024-10-24T13:56:57Z</time>
      </trkpt>
      <trkpt lat="47.357593" lon="8.564582">
        <ele>457</ele>
        <time>2024-10-24T13:57:07Z</time>
        <cmt>speed: 1.2</cmt>
      </trkpt>
      <trkpt lat="47.357518" lon="8.563742">
        <ele>454</ele>
        <time>2024-10-24T14:07:09Z</time>
        <cmt>speed: 0.3</cmt>
      </trkpt>
      <trkpt lat="47.357806" lon="8.562989">
        <ele>445</ele>
        <time>2024-10-24T14:17:10Z</time>
        <cmt>speed: 0.8</cmt>
      </trkpt>
      <trkpt lat="47.358803" lon="8.561155">
        <ele>429</ele>
        <time>2024-10-24T14:27:09Z</time>
        <cmt>speed: 0.1</cmt>
      </trkpt>
      <trkpt lat="47.359023" lon="8.559758">
        <ele>387</ele>
        <time>2024-10-24T14:37:09Z</time>
        <cmt>speed: 0.6</cmt>
      </trkpt>
      <trkpt lat="47.35877" lon="8.56046">
        <ele>438</ele>
        <time>2024-10-24T14:47:16Z</time>
        <cmt>speed: 0.8</cmt>
      </trkpt>
      <trkpt lat="47.35877" lon="8.56046">
        <ele>438</ele>
        <time>2024-10-24T14:57:01Z</time>
      </trkpt>
      <trkpt lat="47.358938" lon="8.560742">
        <ele>445</ele>
        <time>2024-10-24T14:57:11Z</time>
        <cmt>speed: 0.1</cmt>
      </trkpt>
      <trkpt lat="47.358806" lon="8.560565">
        <ele>496</ele>
        <time>2024-10-24T15:17:16Z</time>
        <cmt>speed: 0.2</cmt>
      </trkpt>
      <trkpt lat="47.358917" lon="8.560461">
        <ele>467</ele>
        <time>2024-10-24T15:27:13Z</time>
        <cmt>speed: 0.8</cmt>
      </trkpt>
      <trkpt lat="47.358798" lon="8.560707">
        <ele>459</ele>
        <time>2024-10-24T15:37:14Z</time>
        <cmt>speed: 1.8</cmt>
      </trkpt>
      <trkpt lat="47.357802" lon="8.560143">
        <ele>446</ele>
        <time>2024-10-24T15:47:10Z</time>
        <cmt>speed: 0.7</cmt>
      </trkpt>
      <trkpt lat="47.357802" lon="8.560143">
        <ele>446</ele>
        <time>2024-10-24T15:57:01Z</time>
      </trkpt>
      <trkpt lat="47.35776" lon="8.560797">
        <ele>428</ele>
        <time>2024-10-24T15:57:11Z</time>
        <cmt>speed: 0.1</cmt>
      </trkpt>
      <trkpt lat="47.358702" lon="8.560895">
        <ele>467</ele>
        <time>2024-10-24T16:07:11Z</time>
        <cmt>speed: 0.6</cmt>
      </trkpt>
      <trkpt lat="47.358888" lon="8.560866">
        <ele>422</ele>
        <time>2024-10-24T16:17:09Z</time>
        <cmt>speed: 0.5</cmt>
      </trkpt>
      <trkpt lat="47.359269" lon="8.560743">
        <ele>416</ele>
        <time>2024-10-24T16:27:11Z</time>
        <cmt>speed: 0.2</cmt>
      </trkpt>
      <trkpt lat="47.36036" lon="8.562137">
        <ele>440</ele>
        <time>2024-10-24T16:37:11Z</time>
        <cmt>speed: 0.8</cmt>
      </trkpt>
      <trkpt lat="47.359959" lon="8.563643">
        <ele>434</ele>
        <time>2024-10-24T16:42:20Z</time>
      </trkpt>
      <trkpt lat="47.359959" lon="8.563643">
        <ele>434</ele>
        <time>2024-10-24T16:57:20Z</time>
      </trkpt>
      <trkpt lat="47.359959" lon="8.563643">
        <ele>434</ele>
        <time>2024-10-24T20:18:16Z</time>
      </trkpt>
      <trkpt lat="47.359959" lon="8.563643">
        <ele>434</ele>
        <time>2024-10-24T20:18:29Z</time>
      </trkpt>
      <trkpt lat="47.359959" lon="8.563643">
        <ele>434</ele>
        <time>2024-10-24T20:28:29Z</time>
      </trkpt>
      <trkpt lat="47.359959" lon="8.563643">
        <ele>434</ele>
        <time>2024-10-24T20:38:29Z</time>
      </trkpt>
      <trkpt lat="47.359959" lon="8.563643">
        <ele>434</ele>
        <time>2024-10-24T20:48:29Z</time>
      </trkpt>
      <trkpt lat="47.359959" lon="8.563643">
        <ele>434</ele>
        <time>2024-10-24T20:58:29Z</time>
      </trkpt>
      <trkpt lat="47.359959" lon="8.563643">
        <ele>434</ele>
        <time>2024-10-24T21:08:29Z</time>
      </trkpt>
      <trkpt lat="47.359959" lon="8.563643">
        <ele>434</ele>
        <time>2024-10-24T21:18:29Z</time>
      </trkpt>
      <trkpt lat="47.359959" lon="8.563643">
        <ele>434</ele>
        <time>2024-10-24T21:28:29Z</time>
      </trkpt>
      <trkpt lat="47.359959" lon="8.563643">
        <ele>434</ele>
        <time>2024-10-24T21:38:29Z</time>
      </trkpt>
      <trkpt lat="47.359959" lon="8.563643">
        <ele>434</ele>
        <time>2024-10-24T21:48:29Z</time>
      </trkpt>
      <trkpt lat="47.359959" lon="8.563643">
        <ele>434</ele>
        <time>2024-10-24T21:53:42Z</time>
      </trkpt>
      <trkpt lat="47.359959" lon="8.563643">
        <ele>434</ele>
        <time>2024-10-24T22:03:42Z</time>
      </trkpt>
      <trkpt lat="47.359959" lon="8.563643">
        <ele>434</ele>
        <time>2024-10-24T22:13:42Z</time>
      </trkpt>
      <trkpt lat="47.359959" lon="8.563643">
        <ele>434</ele>
        <time>2024-10-24T22:23:42Z</time>
      </trkpt>
      <trkpt lat="47.359959" lon="8.563643">
        <ele>434</ele>
        <time>2024-10-24T22:33:42Z</time>
      </trkpt>
      <trkpt lat="47.359959" lon="8.563643">
        <ele>434</ele>
        <time>2024-10-24T22:43:42Z</time>
      </trkpt>
      <trkpt lat="47.359959" lon="8.563643">
        <ele>434</ele>
        <time>2024-10-24T22:53:42Z</time>
      </trkpt>
      <trkpt lat="47.359959" lon="8.563643">
        <ele>434</ele>
        <time>2024-10-24T23:03:42Z</time>
      </trkpt>
      <trkpt lat="47.359959" lon="8.563643">
        <ele>434</ele>
        <time>2024-10-24T23:13:42Z</time>
      </trkpt>
      <trkpt lat="47.359959" lon="8.563643">
        <ele>434</ele>
        <time>2024-10-24T23:23:42Z</time>
      </trkpt>
      <trkpt lat="47.359959" lon="8.563643">
        <ele>434</ele>
        <time>2024-10-24T23:33:42Z</time>
      </trkpt>
      <trkpt lat="47.359959" lon="8.563643">
        <ele>434</ele>
        <time>2024-10-24T23:43:42Z</time>
      </trkpt>
      <trkpt lat="47.359959" lon="8.563643">
        <ele>434</ele>
        <time>2024-10-24T23:53:42Z</time>
      </trkpt>
      <trkpt lat="47.359959" lon="8.563643">
        <ele>434</ele>
        <time>2024-10-25T00:03:42Z</time>
      </trkpt>
      <trkpt lat="47.359959" lon="8.563643">
        <ele>434</ele>
        <time>2024-10-25T00:13:42Z</time>
      </trkpt>
      <trkpt lat="47.359959" lon="8.563643">
        <ele>434</ele>
        <time>2024-10-25T00:23:42Z</time>
      </trkpt>
      <trkpt lat="47.359959" lon="8.563643">
        <ele>434</ele>
        <time>2024-10-25T00:33:42Z</time>
      </trkpt>
      <trkpt lat="47.359959" lon="8.563643">
        <ele>434</ele>
        <time>2024-10-25T00:43:42Z</time>
      </trkpt>
      <trkpt lat="47.359959" lon="8.563643">
        <ele>434</ele>
        <time>2024-10-25T00:53:42Z</time>
      </trkpt>
      <trkpt lat="47.359959" lon="8.563643">
        <ele>434</ele>
        <time>2024-10-25T01:03:42Z</time>
      </trkpt>
      <trkpt lat="47.359959" lon="8.563643">
        <ele>434</ele>
        <time>2024-10-25T01:13:42Z</time>
      </trkpt>
      <trkpt lat="47.359959" lon="8.563643">
        <ele>434</ele>
        <time>2024-10-25T01:23:42Z</time>
      </trkpt>
      <trkpt lat="47.359959" lon="8.563643">
        <ele>434</ele>
        <time>2024-10-25T01:29:44Z</time>
      </trkpt>
      <trkpt lat="47.359449" lon="8.563507">
        <ele>487</ele>
        <time>2024-10-25T01:39:32Z</time>
        <cmt>speed: 1.6</cmt>
      </trkpt>
      <trkpt lat="47.359479" lon="8.561761">
        <ele>482</ele>
        <time>2024-10-25T01:49:30Z</time>
        <cmt>speed: 0.2</cmt>
      </trkpt>
      <trkpt lat="47.360291" lon="8.560662">
        <ele>434</ele>
        <time>2024-10-25T01:59:30Z</time>
        <cmt>speed: 0.7</cmt>
      </trkpt>
      <trkpt lat="47.36084" lon="8.561723">
        <ele>420</ele>
        <time>2024-10-25T02:19:35Z</time>
        <cmt>speed: 0.9</cmt>
      </trkpt>
      <trkpt lat="47.36076" lon="8.562511">
        <ele>414</ele>
        <time>2024-10-25T02:30:10Z</time>
        <cmt>speed: 8.3</cmt>
      </trkpt>
      <trkpt lat="47.360493" lon="8.562455">
        <ele>450</ele>
        <time>2024-10-25T02:39:34Z</time>
        <cmt>speed: 0.9</cmt>
      </trkpt>
      <trkpt lat="47.360069" lon="8.561709">
        <ele>463</ele>
        <time>2024-10-25T02:49:29Z</time>
        <cmt>speed: 0.0</cmt>
      </trkpt>
      <trkpt lat="47.360069" lon="8.561709">
        <ele>463</ele>
        <time>2024-10-25T02:59:29Z</time>
      </trkpt>
      <trkpt lat="47.360294" lon="8.561323">
        <ele>408</ele>
        <time>2024-10-25T02:59:30Z</time>
        <cmt>speed: 0.2</cmt>
      </trkpt>
      <trkpt lat="47.360304" lon="8.561487">
        <ele>442</ele>
        <time>2024-10-25T03:09:29Z</time>
        <cmt>speed: 0.2</cmt>
      </trkpt>
      <trkpt lat="47.360033" lon="8.56053">
        <ele>424</ele>
        <time>2024-10-25T03:19:31Z</time>
        <cmt>speed: 0.7</cmt>
      </trkpt>
      <trkpt lat="47.359608" lon="8.559293">
        <ele>456</ele>
        <time>2024-10-25T03:29:33Z</time>
        <cmt>speed: 0.4</cmt>
      </trkpt>
      <trkpt lat="47.359822" lon="8.558736">
        <ele>454</ele>
        <time>2024-10-25T03:39:29Z</time>
        <cmt>speed: 0.1</cmt>
      </trkpt>
      <trkpt lat="47.359885" lon="8.559055">
        <ele>426</ele>
        <time>2024-10-25T03:49:29Z</time>
        <cmt>speed: 0.0</cmt>
      </trkpt>
      <trkpt lat="47.359885" lon="8.559055">
        <ele>426</ele>
        <time>2024-10-25T03:59:41Z</time>
      </trkpt>
      <trkpt lat="47.360271" lon="8.558708">
        <ele>398</ele>
        <time>2024-10-25T03:59:42Z</time>
        <cmt>speed: 0.0</cmt>
      </trkpt>
      <trkpt lat="47.35965" lon="8.559992">
        <ele>451</ele>
        <time>2024-10-25T04:09:32Z</time>
        <cmt>speed: 0.5</cmt>
      </trkpt>
      <trkpt lat="47.35965" lon="8.559992">
        <ele>451</ele>
        <time>2024-10-25T04:19:31Z</time>
      </trkpt>
      <trkpt lat="47.359784" lon="8.559758">
        <ele>445</ele>
        <time>2024-10-25T04:19:32Z</time>
        <cmt>speed: 0.0</cmt>
      </trkpt>
      <trkpt lat="47.359282" lon="8.561266">
        <ele>429</ele>
        <time>2024-10-25T04:29:29Z</time>
        <cmt>speed: 3.3</cmt>
      </trkpt>
      <trkpt lat="47.35996" lon="8.561372">
        <ele>412</ele>
        <time>2024-10-25T04:39:31Z</time>
        <cmt>speed: 0.3</cmt>
      </trkpt>
      <trkpt lat="47.359927" lon="8.561419">
        <ele>432</ele>
        <time>2024-10-25T04:49:35Z</time>
        <cmt>speed: 0.7</cmt>
      </trkpt>
      <trkpt lat="47.359927" lon="8.561419">
        <ele>432</ele>
        <time>2024-10-25T04:59:39Z</time>
      </trkpt>
      <trkpt lat="47.359614" lon="8.560977">
        <ele>459</ele>
        <time>2024-10-25T04:59:40Z</time>
        <cmt>speed: 3.4</cmt>
      </trkpt>
      <trkpt lat="47.360053" lon="8.561502">
        <ele>429</ele>
        <time>2024-10-25T05:21:40Z</time>
        <cmt>speed: 0.0</cmt>
      </trkpt>
      <trkpt lat="47.359941" lon="8.561729">
        <ele>490</ele>
        <time>2024-10-25T05:31:45Z</time>
        <cmt>speed: 0.2</cmt>
      </trkpt>
      <trkpt lat="47.359909" lon="8.562069">
        <ele>433</ele>
        <time>2024-10-25T05:41:39Z</time>
        <cmt>speed: 1.1</cmt>
      </trkpt>
      <trkpt lat="47.360287" lon="8.562327">
        <ele>448</ele>
        <time>2024-10-25T05:51:46Z</time>
        <cmt>speed: 0.2</cmt>
      </trkpt>
      <trkpt lat="47.360287" lon="8.562327">
        <ele>448</ele>
        <time>2024-10-25T06:01:42Z</time>
      </trkpt>
      <trkpt lat="47.360061" lon="8.56222">
        <ele>416</ele>
        <time>2024-10-25T06:01:43Z</time>
        <cmt>speed: 0.2</cmt>
      </trkpt>
      <trkpt lat="47.359996" lon="8.561763">
        <ele>447</ele>
        <time>2024-10-25T06:12:06Z</time>
        <cmt>speed: 0.7</cmt>
      </trkpt>
      <trkpt lat="47.359996" lon="8.561763">
        <ele>447</ele>
        <time>2024-10-25T06:21:42Z</time>
      </trkpt>
      <trkpt lat="47.359987" lon="8.562196">
        <ele>440</ele>
        <time>2024-10-25T06:21:44Z</time>
        <cmt>speed: 0.2</cmt>
      </trkpt>
      <trkpt lat="47.360026" lon="8.562063">
        <ele>410</ele>
        <time>2024-10-25T06:31:49Z</time>
        <cmt>speed: 0.4</cmt>
      </trkpt>
      <trkpt lat="47.360026" lon="8.562063">
        <ele>410</ele>
        <time>2024-10-25T06:41:40Z</time>
      </trkpt>
      <trkpt lat="47.359956" lon="8.562121">
        <ele>453</ele>
        <time>2024-10-25T06:41:42Z</time>
        <cmt>speed: 0.6</cmt>
      </trkpt>
      <trkpt lat="47.359956" lon="8.562121">
        <ele>453</ele>
        <time>2024-10-25T07:04:37Z</time>
      </trkpt>
      <trkpt lat="47.360056" lon="8.562144">
        <ele>416</ele>
        <time>2024-10-25T07:04:39Z</time>
        <cmt>speed: 0.1</cmt>
      </trkpt>
      <trkpt lat="47.360056" lon="8.562144">
        <ele>416</ele>
        <time>2024-10-25T07:24:57Z</time>
      </trkpt>
      <trkpt lat="47.359924" lon="8.562133">
        <ele>406</ele>
        <time>2024-10-25T07:24:59Z</time>
        <cmt>speed: 0.7</cmt>
      </trkpt>
      <trkpt lat="47.360134" lon="8.562072">
        <ele>387</ele>
        <time>2024-10-25T07:34:32Z</time>
        <cmt>speed: 0.0</cmt>
      </trkpt>
      <trkpt lat="47.360134" lon="8.562072">
        <ele>387</ele>
        <time>2024-10-25T07:39:29Z</time>
      </trkpt>
      <trkpt lat="47.359688" lon="8.562015">
        <ele>424</ele>
        <time>2024-10-25T07:53:13Z</time>
        <cmt>speed: 0.1</cmt>
      </trkpt>
      <trkpt lat="47.359688" lon="8.562015">
        <ele>424</ele>
        <time>2024-10-25T07:59:29Z</time>
      </trkpt>
      <trkpt lat="47.359835" lon="8.561986">
        <ele>401</ele>
        <time>2024-10-25T08:02:44Z</time>
        <cmt>speed: 0.7</cmt>
      </trkpt>
      <trkpt lat="47.360181" lon="8.562227">
        <ele>426</ele>
        <time>2024-10-25T08:12:44Z</time>
        <cmt>speed: 0.5</cmt>
      </trkpt>
      <trkpt lat="47.360181" lon="8.562227">
        <ele>426</ele>
        <time>2024-10-25T08:19:29Z</time>
      </trkpt>
      <trkpt lat="47.36008" lon="8.562071">
        <ele>448</ele>
        <time>2024-10-25T08:25:10Z</time>
        <cmt>speed: 0.5</cmt>
      </trkpt>
      <trkpt lat="47.359746" lon="8.562064">
        <ele>418</ele>
        <time>2024-10-25T08:35:09Z</time>
        <cmt>speed: 0.2</cmt>
      </trkpt>
      <trkpt lat="47.359746" lon="8.562064">
        <ele>418</ele>
        <time>2024-10-25T08:39:29Z</time>
      </trkpt>
      <trkpt lat="47.360046" lon="8.562125">
        <ele>428</ele>
        <time>2024-10-25T08:52:38Z</time>
        <cmt>speed: 0.2</cmt>
      </trkpt>
      <trkpt lat="47.360046" lon="8.562125">
        <ele>428</ele>
        <time>2024-10-25T09:02:28Z</time>
      </trkpt>
      <trkpt lat="47.360054" lon="8.56194">
        <ele>458</ele>
        <time>2024-10-25T09:02:30Z</time>
        <cmt>speed: 0.3</cmt>
      </trkpt>
      <trkpt lat="47.360053" lon="8.562065">
        <ele>436</ele>
        <time>2024-10-25T09:12:37Z</time>
        <cmt>speed: 0.1</cmt>
      </trkpt>
      <trkpt lat="47.359141" lon="8.561221">
        <ele>376</ele>
        <time>2024-10-25T09:22:29Z</time>
        <cmt>speed: 0.0</cmt>
      </trkpt>
      <trkpt lat="47.359141" lon="8.561221">
        <ele>376</ele>
        <time>2024-10-25T09:42:23Z</time>
      </trkpt>
      <trkpt lat="47.358512" lon="8.561175">
        <ele>439</ele>
        <time>2024-10-25T09:42:25Z</time>
        <cmt>speed: 0.2</cmt>
      </trkpt>
      <trkpt lat="47.358433" lon="8.561166">
        <ele>447</ele>
        <time>2024-10-25T09:52:23Z</time>
        <cmt>speed: 0.4</cmt>
      </trkpt>
      <trkpt lat="47.358433" lon="8.561166">
        <ele>447</ele>
        <time>2024-10-25T10:02:22Z</time>
      </trkpt>
      <trkpt lat="47.358538" lon="8.561137">
        <ele>416</ele>
        <time>2024-10-25T10:02:24Z</time>
        <cmt>speed: 1.4</cmt>
      </trkpt>
      <trkpt lat="47.358533" lon="8.561029">
        <ele>426</ele>
        <time>2024-10-25T10:12:26Z</time>
        <cmt>speed: 0.4</cmt>
      </trkpt>
      <trkpt lat="47.358533" lon="8.561029">
        <ele>426</ele>
        <time>2024-10-25T10:22:24Z</time>
      </trkpt>
      <trkpt lat="47.358493" lon="8.561202">
        <ele>431</ele>
        <time>2024-10-25T10:22:26Z</time>
        <cmt>speed: 1.3</cmt>
      </trkpt>
      <trkpt lat="47.358963" lon="8.5608">
        <ele>462</ele>
        <time>2024-10-25T10:32:25Z</time>
        <cmt>speed: 0.4</cmt>
      </trkpt>
      <trkpt lat="47.358916" lon="8.559086">
        <ele>421</ele>
        <time>2024-10-25T10:42:24Z</time>
        <cmt>speed: 1.2</cmt>
      </trkpt>
      <trkpt lat="47.358812" lon="8.558355">
        <ele>435</ele>
        <time>2024-10-25T10:52:23Z</time>
        <cmt>speed: 1.4</cmt>
      </trkpt>
      <trkpt lat="47.358407" lon="8.560672">
        <ele>423</ele>
        <time>2024-10-25T11:02:25Z</time>
        <cmt>speed: 0.9</cmt>
      </trkpt>
      <trkpt lat="47.358359" lon="8.562353">
        <ele>438</ele>
        <time>2024-10-25T11:12:24Z</time>
        <cmt>speed: 0.0</cmt>
      </trkpt>
      <trkpt lat="47.358359" lon="8.562353">
        <ele>438</ele>
        <time>2024-10-25T11:22:22Z</time>
      </trkpt>
      <trkpt lat="47.358391" lon="8.561296">
        <ele>419</ele>
        <time>2024-10-25T11:22:24Z</time>
        <cmt>speed: 0.0</cmt>
      </trkpt>
      <trkpt lat="47.359657" lon="8.561462">
        <ele>452</ele>
        <time>2024-10-25T11:32:25Z</time>
        <cmt>speed: 1.9</cmt>
      </trkpt>
      <trkpt lat="47.359698" lon="8.560531">
        <ele>392</ele>
        <time>2024-10-25T11:42:24Z</time>
        <cmt>speed: 0.2</cmt>
      </trkpt>
      <trkpt lat="47.360037" lon="8.561163">
        <ele>415</ele>
        <time>2024-10-25T11:52:26Z</time>
        <cmt>speed: 1.1</cmt>
      </trkpt>
      <trkpt lat="47.359974" lon="8.56367">
        <ele>434</ele>
        <time>2024-10-25T12:00:59Z</time>
      </trkpt>
      <trkpt lat="47.359974" lon="8.56367">
        <ele>434</ele>
        <time>2024-10-25T12:15:59Z</time>
      </trkpt>
      <trkpt lat="47.359974" lon="8.56367">
        <ele>434</ele>
        <time>2024-10-25T12:24:48Z</time>
      </trkpt>
      <trkpt lat="47.359884" lon="8.563335">
        <ele>417</ele>
        <time>2024-10-25T12:25:00Z</time>
        <cmt>speed: 0.2</cmt>
      </trkpt>
      <trkpt lat="47.359959" lon="8.563643">
        <ele>434</ele>
        <time>2024-10-25T12:27:33Z</time>
      </trkpt>
      <trkpt lat="47.359959" lon="8.563643">
        <ele>434</ele>
        <time>2024-10-25T12:42:33Z</time>
      </trkpt>
      <trkpt lat="47.359974" lon="8.56367">
        <ele>434</ele>
        <time>2024-10-25T14:40:49Z</time>
      </trkpt>
      <trkpt lat="47.359974" lon="8.56367">
        <ele>434</ele>
        <time>2024-10-25T14:43:20Z</time>
      </trkpt>
      <trkpt lat="47.360047" lon="8.56318">
        <ele>439</ele>
        <time>2024-10-25T14:50:53Z</time>
        <cmt>speed: 1.0</cmt>
      </trkpt>
      <trkpt lat="47.360584" lon="8.56234">
        <ele>400</ele>
        <time>2024-10-25T15:00:58Z</time>
        <cmt>speed: 1.0</cmt>
      </trkpt>
      <trkpt lat="47.360584" lon="8.56234">
        <ele>400</ele>
        <time>2024-10-25T15:10:52Z</time>
      </trkpt>
      <trkpt lat="47.36001" lon="8.560502">
        <ele>438</ele>
        <time>2024-10-25T15:10:54Z</time>
        <cmt>speed: 0.0</cmt>
      </trkpt>
      <trkpt lat="47.359934" lon="8.561107">
        <ele>455</ele>
        <time>2024-10-25T15:20:56Z</time>
        <cmt>speed: 3.3</cmt>
      </trkpt>
      <trkpt lat="47.359934" lon="8.561107">
        <ele>455</ele>
        <time>2024-10-25T15:30:53Z</time>
      </trkpt>
      <trkpt lat="47.35935" lon="8.56134">
        <ele>408</ele>
        <time>2024-10-25T15:30:55Z</time>
        <cmt>speed: 0.1</cmt>
      </trkpt>
      <trkpt lat="47.359404" lon="8.561682">
        <ele>400</ele>
        <time>2024-10-25T15:40:58Z</time>
        <cmt>speed: 0.2</cmt>
      </trkpt>
      <trkpt lat="47.359404" lon="8.561682">
        <ele>400</ele>
        <time>2024-10-25T15:50:53Z</time>
      </trkpt>
      <trkpt lat="47.359115" lon="8.560642">
        <ele>399</ele>
        <time>2024-10-25T15:50:55Z</time>
        <cmt>speed: 0.3</cmt>
      </trkpt>
      <trkpt lat="47.360201" lon="8.562226">
        <ele>400</ele>
        <time>2024-10-25T16:11:08Z</time>
        <cmt>speed: 0.9</cmt>
      </trkpt>
      <trkpt lat="47.359974" lon="8.56367">
        <ele>434</ele>
        <time>2024-10-25T16:13:36Z</time>
      </trkpt>
      <trkpt lat="47.359821" lon="8.563746">
        <ele>425</ele>
        <time>2024-10-25T16:15:28Z</time>
        <cmt>speed: 0.1</cmt>
      </trkpt>
      <trkpt lat="47.359367" lon="8.564155">
        <ele>476</ele>
        <time>2024-10-25T16:25:32Z</time>
        <cmt>speed: 0.0</cmt>
      </trkpt>
      <trkpt lat="47.359974" lon="8.56367">
        <ele>434</ele>
        <time>2024-10-25T16:25:32Z</time>
      </trkpt>
      <trkpt lat="47.359818" lon="8.563542">
        <ele>438</ele>
        <time>2024-10-25T16:27:26Z</time>
        <cmt>speed: 0.1</cmt>
      </trkpt>
      <trkpt lat="47.359959" lon="8.563643">
        <ele>434</ele>
        <time>2024-10-25T16:32:19Z</time>
      </trkpt>
      <trkpt lat="47.359959" lon="8.563643">
        <ele>434</ele>
        <time>2024-10-25T16:47:19Z</time>
      </trkpt>
      <trkpt lat="47.359959" lon="8.563643">
        <ele>434</ele>
        <time>2024-10-26T04:47:17Z</time>
      </trkpt>
      <trkpt lat="47.360175" lon="8.562922">
        <ele>458</ele>
        <time>2024-10-26T06:39:20Z</time>
        <cmt>speed: 0.1</cmt>
      </trkpt>
      <trkpt lat="47.360196" lon="8.562266">
        <ele>401</ele>
        <time>2024-10-26T06:49:10Z</time>
        <cmt>speed: 0.0</cmt>
      </trkpt>
      <trkpt lat="47.360196" lon="8.562266">
        <ele>401</ele>
        <time>2024-10-26T06:59:15Z</time>
      </trkpt>
      <trkpt lat="47.360231" lon="8.562094">
        <ele>421</ele>
        <time>2024-10-26T06:59:16Z</time>
        <cmt>speed: 0.1</cmt>
      </trkpt>
      <trkpt lat="47.36016" lon="8.561961">
        <ele>457</ele>
        <time>2024-10-26T07:09:11Z</time>
        <cmt>speed: 0.9</cmt>
      </trkpt>
      <trkpt lat="47.358971" lon="8.561031">
        <ele>446</ele>
        <time>2024-10-26T07:19:06Z</time>
        <cmt>speed: 0.3</cmt>
      </trkpt>
      <trkpt lat="47.358673" lon="8.561253">
        <ele>455</ele>
        <time>2024-10-26T07:29:09Z</time>
        <cmt>speed: 0.2</cmt>
      </trkpt>
      <trkpt lat="47.358731" lon="8.561082">
        <ele>463</ele>
        <time>2024-10-26T07:49:06Z</time>
        <cmt>speed: 1.9</cmt>
      </trkpt>
      <trkpt lat="47.358486" lon="8.560173">
        <ele>446</ele>
        <time>2024-10-26T07:59:06Z</time>
        <cmt>speed: 0.1</cmt>
      </trkpt>
      <trkpt lat="47.357746" lon="8.559819">
        <ele>438</ele>
        <time>2024-10-26T08:09:07Z</time>
        <cmt>speed: 2.4</cmt>
      </trkpt>
      <trkpt lat="47.357848" lon="8.561025">
        <ele>427</ele>
        <time>2024-10-26T08:19:09Z</time>
        <cmt>speed: 0.7</cmt>
      </trkpt>
      <trkpt lat="47.357848" lon="8.561025">
        <ele>427</ele>
        <time>2024-10-26T08:39:01Z</time>
      </trkpt>
      <trkpt lat="47.357654" lon="8.563454">
        <ele>462</ele>
        <time>2024-10-26T08:39:06Z</time>
        <cmt>speed: 1.0</cmt>
      </trkpt>
      <trkpt lat="47.357931" lon="8.563269">
        <ele>440</ele>
        <time>2024-10-26T08:49:07Z</time>
        <cmt>speed: 0.1</cmt>
      </trkpt>
      <trkpt lat="47.357931" lon="8.563269">
        <ele>440</ele>
        <time>2024-10-26T08:59:01Z</time>
      </trkpt>
      <trkpt lat="47.357805" lon="8.563398">
        <ele>474</ele>
        <time>2024-10-26T08:59:06Z</time>
        <cmt>speed: 1.0</cmt>
      </trkpt>
      <trkpt lat="47.357718" lon="8.563365">
        <ele>453</ele>
        <time>2024-10-26T09:09:09Z</time>
        <cmt>speed: 0.0</cmt>
      </trkpt>
      <trkpt lat="47.357873" lon="8.563439">
        <ele>453</ele>
        <time>2024-10-26T09:19:06Z</time>
        <cmt>speed: 0.1</cmt>
      </trkpt>
      <trkpt lat="47.357764" lon="8.563927">
        <ele>471</ele>
        <time>2024-10-26T09:29:07Z</time>
        <cmt>speed: 0.0</cmt>
      </trkpt>
      <trkpt lat="47.357764" lon="8.563927">
        <ele>471</ele>
        <time>2024-10-26T09:39:01Z</time>
      </trkpt>
      <trkpt lat="47.357651" lon="8.563649">
        <ele>464</ele>
        <time>2024-10-26T09:39:07Z</time>
        <cmt>speed: 0.2</cmt>
      </trkpt>
      <trkpt lat="47.357689" lon="8.563773">
        <ele>457</ele>
        <time>2024-10-26T09:49:07Z</time>
        <cmt>speed: 0.1</cmt>
      </trkpt>
      <trkpt lat="47.357689" lon="8.563773">
        <ele>457</ele>
        <time>2024-10-26T09:59:01Z</time>
      </trkpt>
      <trkpt lat="47.357729" lon="8.563617">
        <ele>455</ele>
        <time>2024-10-26T09:59:05Z</time>
        <cmt>speed: 1.0</cmt>
      </trkpt>
      <trkpt lat="47.357687" lon="8.563862">
        <ele>467</ele>
        <time>2024-10-26T10:09:08Z</time>
        <cmt>speed: 0.0</cmt>
      </trkpt>
      <trkpt lat="47.357632" lon="8.563738">
        <ele>454</ele>
        <time>2024-10-26T10:19:06Z</time>
        <cmt>speed: 0.3</cmt>
      </trkpt>
      <trkpt lat="47.357742" lon="8.563798">
        <ele>465</ele>
        <time>2024-10-26T10:29:08Z</time>
        <cmt>speed: 0.2</cmt>
      </trkpt>
      <trkpt lat="47.357742" lon="8.563798">
        <ele>465</ele>
        <time>2024-10-26T10:39:01Z</time>
      </trkpt>
      <trkpt lat="47.357589" lon="8.563821">
        <ele>468</ele>
        <time>2024-10-26T10:39:07Z</time>
        <cmt>speed: 0.2</cmt>
      </trkpt>
      <trkpt lat="47.357526" lon="8.563958">
        <ele>465</ele>
        <time>2024-10-26T10:49:07Z</time>
        <cmt>speed: 0.1</cmt>
      </trkpt>
      <trkpt lat="47.357686" lon="8.563497">
        <ele>442</ele>
        <time>2024-10-26T10:59:07Z</time>
        <cmt>speed: 0.9</cmt>
      </trkpt>
      <trkpt lat="47.358728" lon="8.562128">
        <ele>442</ele>
        <time>2024-10-26T11:09:08Z</time>
        <cmt>speed: 0.4</cmt>
      </trkpt>
      <trkpt lat="47.358728" lon="8.562128">
        <ele>442</ele>
        <time>2024-10-26T11:19:07Z</time>
      </trkpt>
      <trkpt lat="47.359598" lon="8.560706">
        <ele>468</ele>
        <time>2024-10-26T11:19:13Z</time>
        <cmt>speed: 0.5</cmt>
      </trkpt>
      <trkpt lat="47.359295" lon="8.560668">
        <ele>441</ele>
        <time>2024-10-26T11:29:41Z</time>
        <cmt>speed: 1.7</cmt>
      </trkpt>
      <trkpt lat="47.359295" lon="8.560668">
        <ele>441</ele>
        <time>2024-10-26T11:39:10Z</time>
      </trkpt>
      <trkpt lat="47.359612" lon="8.560318">
        <ele>467</ele>
        <time>2024-10-26T11:39:15Z</time>
        <cmt>speed: 1.7</cmt>
      </trkpt>
      <trkpt lat="47.359612" lon="8.560318">
        <ele>467</ele>
        <time>2024-10-26T11:59:31Z</time>
      </trkpt>
      <trkpt lat="47.359327" lon="8.560568">
        <ele>426</ele>
        <time>2024-10-26T11:59:37Z</time>
        <cmt>speed: 0.4</cmt>
      </trkpt>
      <trkpt lat="47.359008" lon="8.560416">
        <ele>506</ele>
        <time>2024-10-26T12:09:33Z</time>
        <cmt>speed: 0.7</cmt>
      </trkpt>
      <trkpt lat="47.359008" lon="8.560416">
        <ele>506</ele>
        <time>2024-10-26T12:19:04Z</time>
      </trkpt>
      <trkpt lat="47.359338" lon="8.560517">
        <ele>424</ele>
        <time>2024-10-26T12:19:10Z</time>
        <cmt>speed: 0.0</cmt>
      </trkpt>
      <trkpt lat="47.359344" lon="8.560489">
        <ele>395</ele>
        <time>2024-10-26T12:39:19Z</time>
        <cmt>speed: 0.7</cmt>
      </trkpt>
      <trkpt lat="47.359489" lon="8.560381">
        <ele>395</ele>
        <time>2024-10-26T12:49:29Z</time>
        <cmt>speed: 0.4</cmt>
      </trkpt>
      <trkpt lat="47.359319" lon="8.560728">
        <ele>429</ele>
        <time>2024-10-26T12:59:09Z</time>
        <cmt>speed: 0.1</cmt>
      </trkpt>
      <trkpt lat="47.359396" lon="8.560598">
        <ele>463</ele>
        <time>2024-10-26T13:09:08Z</time>
        <cmt>speed: 0.3</cmt>
      </trkpt>
      <trkpt lat="47.359267" lon="8.561901">
        <ele>426</ele>
        <time>2024-10-26T13:19:06Z</time>
        <cmt>speed: 0.5</cmt>
      </trkpt>
      <trkpt lat="47.359251" lon="8.563002">
        <ele>436</ele>
        <time>2024-10-26T13:29:07Z</time>
        <cmt>speed: 0.5</cmt>
      </trkpt>
      <trkpt lat="47.358876" lon="8.563316">
        <ele>472</ele>
        <time>2024-10-26T13:39:07Z</time>
        <cmt>speed: 0.9</cmt>
      </trkpt>
      <trkpt lat="47.358575" lon="8.564054">
        <ele>474</ele>
        <time>2024-10-26T13:49:05Z</time>
        <cmt>speed: 0.5</cmt>
      </trkpt>
      <trkpt lat="47.358575" lon="8.564054">
        <ele>474</ele>
        <time>2024-10-26T13:59:00Z</time>
      </trkpt>
      <trkpt lat="47.35824" lon="8.564687">
        <ele>459</ele>
        <time>2024-10-26T13:59:06Z</time>
        <cmt>speed: 0.4</cmt>
      </trkpt>
      <trkpt lat="47.358543" lon="8.564482">
        <ele>467</ele>
        <time>2024-10-26T14:09:06Z</time>
        <cmt>speed: 0.5</cmt>
      </trkpt>
      <trkpt lat="47.358543" lon="8.564482">
        <ele>467</ele>
        <time>2024-10-26T14:19:01Z</time>
      </trkpt>
      <trkpt lat="47.358329" lon="8.564734">
        <ele>447</ele>
        <time>2024-10-26T14:19:07Z</time>
        <cmt>speed: 0.2</cmt>
      </trkpt>
      <trkpt lat="47.359721" lon="8.563859">
        <ele>438</ele>
        <time>2024-10-26T14:29:08Z</time>
        <cmt>speed: 0.7</cmt>
      </trkpt>
      <trkpt lat="47.359974" lon="8.56367">
        <ele>434</ele>
        <time>2024-10-26T14:32:28Z</time>
      </trkpt>
      <trkpt lat="47.359974" lon="8.56367">
        <ele>434</ele>
        <time>2024-10-26T14:47:28Z</time>
      </trkpt>
      <trkpt lat="47.360847" lon="8.562985">
        <ele>417</ele>
        <time>2024-10-26T17:47:18Z</time>
        <cmt>speed: 0.4</cmt>
      </trkpt>
      <trkpt lat="47.35914" lon="8.560796">
        <ele>486</ele>
        <time>2024-10-26T17:57:09Z</time>
        <cmt>speed: 0.6</cmt>
      </trkpt>
      <trkpt lat="47.359377" lon="8.560149">
        <ele>424</ele>
        <time>2024-10-26T18:07:04Z</time>
        <cmt>speed: 0.5</cmt>
      </trkpt>
      <trkpt lat="47.359534" lon="8.559276">
        <ele>452</ele>
        <time>2024-10-26T18:17:02Z</time>
        <cmt>speed: 0.3</cmt>
      </trkpt>
      <trkpt lat="47.359389" lon="8.560948">
        <ele>488</ele>
        <time>2024-10-26T18:27:07Z</time>
        <cmt>speed: 0.3</cmt>
      </trkpt>
      <trkpt lat="47.359048" lon="8.561166">
        <ele>447</ele>
        <time>2024-10-26T18:37:01Z</time>
        <cmt>speed: 1.2</cmt>
      </trkpt>
      <trkpt lat="47.359048" lon="8.561166">
        <ele>447</ele>
        <time>2024-10-26T18:46:57Z</time>
      </trkpt>
      <trkpt lat="47.359197" lon="8.561693">
        <ele>482</ele>
        <time>2024-10-26T18:47:01Z</time>
        <cmt>speed: 0.3</cmt>
      </trkpt>
      <trkpt lat="47.359695" lon="8.562074">
        <ele>430</ele>
        <time>2024-10-26T18:57:02Z</time>
        <cmt>speed: 0.1</cmt>
      </trkpt>
      <trkpt lat="47.359695" lon="8.562074">
        <ele>430</ele>
        <time>2024-10-26T19:06:57Z</time>
      </trkpt>
      <trkpt lat="47.359816" lon="8.561953">
        <ele>412</ele>
        <time>2024-10-26T19:07:00Z</time>
        <cmt>speed: 0.1</cmt>
      </trkpt>
      <trkpt lat="47.359785" lon="8.562008">
        <ele>426</ele>
        <time>2024-10-26T19:17:02Z</time>
        <cmt>speed: 1.4</cmt>
      </trkpt>
      <trkpt lat="47.360172" lon="8.560898">
        <ele>426</ele>
        <time>2024-10-26T19:27:03Z</time>
        <cmt>speed: 0.5</cmt>
      </trkpt>
      <trkpt lat="47.359714" lon="8.559132">
        <ele>449</ele>
        <time>2024-10-26T19:37:05Z</time>
        <cmt>speed: 1.5</cmt>
      </trkpt>
      <trkpt lat="47.359562" lon="8.559046">
        <ele>446</ele>
        <time>2024-10-26T19:47:02Z</time>
        <cmt>speed: 0.0</cmt>
      </trkpt>
      <trkpt lat="47.359853" lon="8.557793">
        <ele>435</ele>
        <time>2024-10-26T19:57:01Z</time>
        <cmt>speed: 3.6</cmt>
      </trkpt>
      <trkpt lat="47.359874" lon="8.558325">
        <ele>427</ele>
        <time>2024-10-26T20:07:02Z</time>
        <cmt>speed: 0.5</cmt>
      </trkpt>
      <trkpt lat="47.360158" lon="8.558716">
        <ele>437</ele>
        <time>2024-10-26T20:17:02Z</time>
        <cmt>speed: 0.0</cmt>
      </trkpt>
      <trkpt lat="47.360597" lon="8.559059">
        <ele>447</ele>
        <time>2024-10-26T20:27:03Z</time>
        <cmt>speed: 0.8</cmt>
      </trkpt>
      <trkpt lat="47.360758" lon="8.557748">
        <ele>440</ele>
        <time>2024-10-26T20:37:03Z</time>
        <cmt>speed: 0.7</cmt>
      </trkpt>
      <trkpt lat="47.360758" lon="8.557748">
        <ele>440</ele>
        <time>2024-10-26T20:47:01Z</time>
      </trkpt>
      <trkpt lat="47.36059" lon="8.557518">
        <ele>436</ele>
        <time>2024-10-26T20:47:08Z</time>
        <cmt>speed: 0.2</cmt>
      </trkpt>
      <trkpt lat="47.360644" lon="8.557408">
        <ele>448</ele>
        <time>2024-10-26T20:57:06Z</time>
        <cmt>speed: 0.0</cmt>
      </trkpt>
      <trkpt lat="47.360692" lon="8.557421">
        <ele>442</ele>
        <time>2024-10-26T21:07:09Z</time>
        <cmt>speed: 0.1</cmt>
      </trkpt>
      <trkpt lat="47.359847" lon="8.557356">
        <ele>425</ele>
        <time>2024-10-26T21:17:06Z</time>
        <cmt>speed: 1.2</cmt>
      </trkpt>
      <trkpt lat="47.360357" lon="8.558487">
        <ele>440</ele>
        <time>2024-10-26T21:27:01Z</time>
        <cmt>speed: 1.8</cmt>
      </trkpt>
      <trkpt lat="47.360243" lon="8.558928">
        <ele>445</ele>
        <time>2024-10-26T21:37:01Z</time>
        <cmt>speed: 1.6</cmt>
      </trkpt>
      <trkpt lat="47.360243" lon="8.558928">
        <ele>445</ele>
        <time>2024-10-26T21:46:54Z</time>
      </trkpt>
      <trkpt lat="47.360182" lon="8.559008">
        <ele>462</ele>
        <time>2024-10-26T21:47:02Z</time>
        <cmt>speed: 0.4</cmt>
      </trkpt>
      <trkpt lat="47.360235" lon="8.558784">
        <ele>439</ele>
        <time>2024-10-26T21:57:03Z</time>
        <cmt>speed: 0.6</cmt>
      </trkpt>
      <trkpt lat="47.360221" lon="8.558996">
        <ele>431</ele>
        <time>2024-10-26T22:07:05Z</time>
        <cmt>speed: 0.2</cmt>
      </trkpt>
      <trkpt lat="47.360187" lon="8.558918">
        <ele>443</ele>
        <time>2024-10-26T22:17:02Z</time>
        <cmt>speed: 1.5</cmt>
      </trkpt>
      <trkpt lat="47.360187" lon="8.558918">
        <ele>443</ele>
        <time>2024-10-26T22:27:01Z</time>
      </trkpt>
      <trkpt lat="47.360173" lon="8.558988">
        <ele>437</ele>
        <time>2024-10-26T22:27:08Z</time>
        <cmt>speed: 0.2</cmt>
      </trkpt>
      <trkpt lat="47.360275" lon="8.55917">
        <ele>476</ele>
        <time>2024-10-26T22:37:04Z</time>
        <cmt>speed: 0.0</cmt>
      </trkpt>
      <trkpt lat="47.360088" lon="8.561026">
        <ele>461</ele>
        <time>2024-10-26T22:47:07Z</time>
        <cmt>speed: 0.6</cmt>
      </trkpt>
      <trkpt lat="47.360489" lon="8.562107">
        <ele>467</ele>
        <time>2024-10-26T22:57:03Z</time>
        <cmt>speed: 0.5</cmt>
      </trkpt>
      <trkpt lat="47.360368" lon="8.562106">
        <ele>467</ele>
        <time>2024-10-26T23:17:02Z</time>
        <cmt>speed: 1.5</cmt>
      </trkpt>
      <trkpt lat="47.359812" lon="8.56214">
        <ele>460</ele>
        <time>2024-10-26T23:27:01Z</time>
        <cmt>speed: 0.5</cmt>
      </trkpt>
      <trkpt lat="47.359063" lon="8.564281">
        <ele>452</ele>
        <time>2024-10-26T23:37:02Z</time>
        <cmt>speed: 0.4</cmt>
      </trkpt>
      <trkpt lat="47.358936" lon="8.564512">
        <ele>497</ele>
        <time>2024-10-26T23:47:02Z</time>
        <cmt>speed: 0.3</cmt>
      </trkpt>
      <trkpt lat="47.358979" lon="8.564844">
        <ele>457</ele>
        <time>2024-10-26T23:57:00Z</time>
        <cmt>speed: 0.4</cmt>
      </trkpt>
      <trkpt lat="47.358979" lon="8.564844">
        <ele>457</ele>
        <time>2024-10-27T00:06:53Z</time>
      </trkpt>
      <trkpt lat="47.358723" lon="8.564865">
        <ele>440</ele>
        <time>2024-10-27T00:07:01Z</time>
        <cmt>speed: 1.3</cmt>
      </trkpt>
      <trkpt lat="47.35869" lon="8.564789">
        <ele>438</ele>
        <time>2024-10-27T00:17:03Z</time>
        <cmt>speed: 0.3</cmt>
      </trkpt>
      <trkpt lat="47.358956" lon="8.564791">
        <ele>458</ele>
        <time>2024-10-27T00:27:03Z</time>
        <cmt>speed: 0.8</cmt>
      </trkpt>
      <trkpt lat="47.358863" lon="8.564904">
        <ele>459</ele>
        <time>2024-10-27T00:37:02Z</time>
        <cmt>speed: 0.5</cmt>
      </trkpt>
      <trkpt lat="47.358672" lon="8.565229">
        <ele>462</ele>
        <time>2024-10-27T00:47:02Z</time>
        <cmt>speed: 0.8</cmt>
      </trkpt>
      <trkpt lat="47.359614" lon="8.561781">
        <ele>449</ele>
        <time>2024-10-27T00:57:02Z</time>
        <cmt>speed: 2.5</cmt>
      </trkpt>
      <trkpt lat="47.359266" lon="8.560553">
        <ele>466</ele>
        <time>2024-10-27T01:07:01Z</time>
        <cmt>speed: 1.2</cmt>
      </trkpt>
      <trkpt lat="47.359984" lon="8.560848">
        <ele>481</ele>
        <time>2024-10-27T01:17:02Z</time>
        <cmt>speed: 0.4</cmt>
      </trkpt>
      <trkpt lat="47.360072" lon="8.558178">
        <ele>456</ele>
        <time>2024-10-27T01:27:06Z</time>
        <cmt>speed: 0.8</cmt>
      </trkpt>
      <trkpt lat="47.359874" lon="8.558342">
        <ele>447</ele>
        <time>2024-10-27T01:37:02Z</time>
        <cmt>speed: 0.9</cmt>
      </trkpt>
      <trkpt lat="47.359908" lon="8.558402">
        <ele>444</ele>
        <time>2024-10-27T01:47:08Z</time>
        <cmt>speed: 1.0</cmt>
      </trkpt>
      <trkpt lat="47.359908" lon="8.558402">
        <ele>444</ele>
        <time>2024-10-27T02:47:07Z</time>
      </trkpt>
      <trkpt lat="47.3599" lon="8.558386">
        <ele>442</ele>
        <time>2024-10-27T02:47:16Z</time>
        <cmt>speed: 0.0</cmt>
      </trkpt>
      <trkpt lat="47.360084" lon="8.558359">
        <ele>436</ele>
        <time>2024-10-27T03:27:39Z</time>
        <cmt>speed: 0.1</cmt>
      </trkpt>
      <trkpt lat="47.359794" lon="8.558244">
        <ele>454</ele>
        <time>2024-10-27T03:37:41Z</time>
        <cmt>speed: 0.2</cmt>
      </trkpt>
      <trkpt lat="47.359974" lon="8.558337">
        <ele>451</ele>
        <time>2024-10-27T03:47:43Z</time>
        <cmt>speed: 0.3</cmt>
      </trkpt>
      <trkpt lat="47.359853" lon="8.55766">
        <ele>430</ele>
        <time>2024-10-27T03:57:33Z</time>
        <cmt>speed: 0.0</cmt>
      </trkpt>
      <trkpt lat="47.359857" lon="8.557972">
        <ele>386</ele>
        <time>2024-10-27T04:07:35Z</time>
        <cmt>speed: 0.1</cmt>
      </trkpt>
      <trkpt lat="47.359443" lon="8.558901">
        <ele>451</ele>
        <time>2024-10-27T04:17:35Z</time>
        <cmt>speed: 0.0</cmt>
      </trkpt>
      <trkpt lat="47.360085" lon="8.560844">
        <ele>437</ele>
        <time>2024-10-27T04:37:34Z</time>
        <cmt>speed: 0.2</cmt>
      </trkpt>
      <trkpt lat="47.359847" lon="8.561794">
        <ele>448</ele>
        <time>2024-10-27T04:47:33Z</time>
        <cmt>speed: 0.0</cmt>
      </trkpt>
      <trkpt lat="47.358783" lon="8.564598">
        <ele>421</ele>
        <time>2024-10-27T04:57:33Z</time>
        <cmt>speed: 0.1</cmt>
      </trkpt>
      <trkpt lat="47.358783" lon="8.564598">
        <ele>421</ele>
        <time>2024-10-27T05:07:24Z</time>
      </trkpt>
      <trkpt lat="47.358863" lon="8.564744">
        <ele>476</ele>
        <time>2024-10-27T05:07:33Z</time>
        <cmt>speed: 0.3</cmt>
      </trkpt>
      <trkpt lat="47.358778" lon="8.564802">
        <ele>470</ele>
        <time>2024-10-27T05:17:32Z</time>
        <cmt>speed: 0.6</cmt>
      </trkpt>
      <trkpt lat="47.358778" lon="8.564802">
        <ele>470</ele>
        <time>2024-10-27T05:27:23Z</time>
      </trkpt>
      <trkpt lat="47.358988" lon="8.564686">
        <ele>459</ele>
        <time>2024-10-27T05:27:32Z</time>
        <cmt>speed: 0.4</cmt>
      </trkpt>
      <trkpt lat="47.358921" lon="8.564768">
        <ele>489</ele>
        <time>2024-10-27T05:37:34Z</time>
        <cmt>speed: 0.1</cmt>
      </trkpt>
      <trkpt lat="47.358788" lon="8.564729">
        <ele>424</ele>
        <time>2024-10-27T05:47:35Z</time>
        <cmt>speed: 0.3</cmt>
      </trkpt>
      <trkpt lat="47.358962" lon="8.564709">
        <ele>445</ele>
        <time>2024-10-27T05:57:33Z</time>
        <cmt>speed: 0.2</cmt>
      </trkpt>
      <trkpt lat="47.358962" lon="8.564709">
        <ele>445</ele>
        <time>2024-10-27T06:07:24Z</time>
      </trkpt>
      <trkpt lat="47.359004" lon="8.564656">
        <ele>461</ele>
        <time>2024-10-27T06:07:33Z</time>
        <cmt>speed: 0.1</cmt>
      </trkpt>
      <trkpt lat="47.358888" lon="8.564664">
        <ele>439</ele>
        <time>2024-10-27T06:17:33Z</time>
        <cmt>speed: 0.3</cmt>
      </trkpt>
      <trkpt lat="47.358888" lon="8.564664">
        <ele>439</ele>
        <time>2024-10-27T06:27:26Z</time>
      </trkpt>
      <trkpt lat="47.358751" lon="8.564635">
        <ele>432</ele>
        <time>2024-10-27T06:27:35Z</time>
        <cmt>speed: 0.4</cmt>
      </trkpt>
      <trkpt lat="47.359011" lon="8.56462">
        <ele>456</ele>
        <time>2024-10-27T06:37:34Z</time>
        <cmt>speed: 0.0</cmt>
      </trkpt>
      <trkpt lat="47.359011" lon="8.56462">
        <ele>456</ele>
        <time>2024-10-27T06:47:24Z</time>
      </trkpt>
      <trkpt lat="47.358939" lon="8.564649">
        <ele>456</ele>
        <time>2024-10-27T06:47:33Z</time>
        <cmt>speed: 0.2</cmt>
      </trkpt>
      <trkpt lat="47.359186" lon="8.564555">
        <ele>441</ele>
        <time>2024-10-27T06:57:37Z</time>
        <cmt>speed: 0.7</cmt>
      </trkpt>
      <trkpt lat="47.358887" lon="8.564352">
        <ele>442</ele>
        <time>2024-10-27T07:07:35Z</time>
        <cmt>speed: 0.2</cmt>
      </trkpt>
      <trkpt lat="47.358896" lon="8.562979">
        <ele>460</ele>
        <time>2024-10-27T07:17:34Z</time>
        <cmt>speed: 0.6</cmt>
      </trkpt>
      <trkpt lat="47.358896" lon="8.562979">
        <ele>460</ele>
        <time>2024-10-27T07:27:27Z</time>
      </trkpt>
      <trkpt lat="47.358096" lon="8.561204">
        <ele>406</ele>
        <time>2024-10-27T07:27:36Z</time>
        <cmt>speed: 0.4</cmt>
      </trkpt>
      <trkpt lat="47.359275" lon="8.561248">
        <ele>447</ele>
        <time>2024-10-27T07:37:34Z</time>
        <cmt>speed: 1.1</cmt>
      </trkpt>
      <trkpt lat="47.360347" lon="8.56306">
        <ele>474</ele>
        <time>2024-10-27T07:47:35Z</time>
        <cmt>speed: 0.9</cmt>
      </trkpt>
      <trkpt lat="47.359974" lon="8.56367">
        <ele>434</ele>
        <time>2024-10-27T07:47:57Z</time>
      </trkpt>
      <trkpt lat="47.359974" lon="8.56367">
        <ele>434</ele>
        <time>2024-10-27T07:53:43Z</time>
      </trkpt>
      <trkpt lat="47.359974" lon="8.56367">
        <ele>434</ele>
        <time>2024-10-27T08:08:43Z</time>
      </trkpt>
      <trkpt lat="47.360151" lon="8.56301">
        <ele>441</ele>
        <time>2024-10-27T12:38:07Z</time>
        <cmt>speed: 1.3</cmt>
      </trkpt>
      <trkpt lat="47.359879" lon="8.560794">
        <ele>404</ele>
        <time>2024-10-27T12:57:58Z</time>
        <cmt>speed: 0.6</cmt>
      </trkpt>
      <trkpt lat="47.359795" lon="8.561231">
        <ele>374</ele>
        <time>2024-10-27T13:08:40Z</time>
        <cmt>speed: 0.3</cmt>
      </trkpt>
      <trkpt lat="47.359795" lon="8.561231">
        <ele>374</ele>
        <time>2024-10-27T13:17:55Z</time>
      </trkpt>
      <trkpt lat="47.360401" lon="8.560922">
        <ele>361</ele>
        <time>2024-10-27T13:18:05Z</time>
        <cmt>speed: 0.0</cmt>
      </trkpt>
      <trkpt lat="47.359908" lon="8.561017">
        <ele>463</ele>
        <time>2024-10-27T13:28:00Z</time>
        <cmt>speed: 0.1</cmt>
      </trkpt>
      <trkpt lat="47.359403" lon="8.562772">
        <ele>438</ele>
        <time>2024-10-27T13:37:57Z</time>
        <cmt>speed: 0.7</cmt>
      </trkpt>
      <trkpt lat="47.358748" lon="8.564564">
        <ele>416</ele>
        <time>2024-10-27T13:48:00Z</time>
        <cmt>speed: 0.3</cmt>
      </trkpt>
      <trkpt lat="47.358748" lon="8.564564">
        <ele>416</ele>
        <time>2024-10-27T13:57:47Z</time>
      </trkpt>
      <trkpt lat="47.358672" lon="8.56378">
        <ele>438</ele>
        <time>2024-10-27T13:57:57Z</time>
        <cmt>speed: 0.3</cmt>
      </trkpt>
      <trkpt lat="47.358425" lon="8.564503">
        <ele>466</ele>
        <time>2024-10-27T14:07:58Z</time>
        <cmt>speed: 0.1</cmt>
      </trkpt>
      <trkpt lat="47.358916" lon="8.564982">
        <ele>433</ele>
        <time>2024-10-27T14:17:59Z</time>
        <cmt>speed: 1.8</cmt>
      </trkpt>
      <trkpt lat="47.358999" lon="8.564693">
        <ele>446</ele>
        <time>2024-10-27T14:27:59Z</time>
        <cmt>speed: 0.1</cmt>
      </trkpt>
      <trkpt lat="47.358999" lon="8.564693">
        <ele>446</ele>
        <time>2024-10-27T14:37:47Z</time>
      </trkpt>
      <trkpt lat="47.358857" lon="8.564575">
        <ele>422</ele>
        <time>2024-10-27T14:37:56Z</time>
        <cmt>speed: 0.4</cmt>
      </trkpt>
      <trkpt lat="47.35858" lon="8.564632">
        <ele>413</ele>
        <time>2024-10-27T14:47:58Z</time>
        <cmt>speed: 4.0</cmt>
      </trkpt>
      <trkpt lat="47.358949" lon="8.564842">
        <ele>438</ele>
        <time>2024-10-27T14:57:58Z</time>
        <cmt>speed: 0.7</cmt>
      </trkpt>
      <trkpt lat="47.358878" lon="8.564608">
        <ele>442</ele>
        <time>2024-10-27T15:07:58Z</time>
        <cmt>speed: 1.3</cmt>
      </trkpt>
      <trkpt lat="47.358878" lon="8.564608">
        <ele>442</ele>
        <time>2024-10-27T15:17:47Z</time>
      </trkpt>
      <trkpt lat="47.358899" lon="8.564686">
        <ele>439</ele>
        <time>2024-10-27T15:17:57Z</time>
        <cmt>speed: 1.6</cmt>
      </trkpt>
      <trkpt lat="47.358959" lon="8.564766">
        <ele>417</ele>
        <time>2024-10-27T15:27:58Z</time>
        <cmt>speed: 0.1</cmt>
      </trkpt>
      <trkpt lat="47.358976" lon="8.564879">
        <ele>463</ele>
        <time>2024-10-27T15:37:59Z</time>
        <cmt>speed: 0.0</cmt>
      </trkpt>
      <trkpt lat="47.358954" lon="8.564932">
        <ele>461</ele>
        <time>2024-10-27T15:47:57Z</time>
        <cmt>speed: 1.2</cmt>
      </trkpt>
      <trkpt lat="47.359974" lon="8.56367">
        <ele>434</ele>
        <time>2024-10-27T15:57:25Z</time>
      </trkpt>
      <trkpt lat="47.359974" lon="8.56367">
        <ele>434</ele>
        <time>2024-10-27T16:12:25Z</time>
      </trkpt>
      <trkpt lat="47.359974" lon="8.56367">
        <ele>434</ele>
        <time>2024-10-27T18:29:51Z</time>
      </trkpt>
      <trkpt lat="47.359974" lon="8.56367">
        <ele>434</ele>
        <time>2024-10-28T04:12:35Z</time>
      </trkpt>
      <trkpt lat="47.360269" lon="8.564138">
        <ele>416</ele>
        <time>2024-10-28T05:27:45Z</time>
        <cmt>speed: 0.4</cmt>
      </trkpt>
      <trkpt lat="47.360125" lon="8.562157">
        <ele>422</ele>
        <time>2024-10-28T05:37:41Z</time>
        <cmt>speed: 0.7</cmt>
      </trkpt>
      <trkpt lat="47.360238" lon="8.561027">
        <ele>435</ele>
        <time>2024-10-28T05:47:40Z</time>
        <cmt>speed: 0.9</cmt>
      </trkpt>
      <trkpt lat="47.359205" lon="8.56119">
        <ele>464</ele>
        <time>2024-10-28T05:57:41Z</time>
        <cmt>speed: 0.6</cmt>
      </trkpt>
      <trkpt lat="47.359446" lon="8.560046">
        <ele>371</ele>
        <time>2024-10-28T06:07:37Z</time>
        <cmt>speed: 0.0</cmt>
      </trkpt>
      <trkpt lat="47.359446" lon="8.560046">
        <ele>371</ele>
        <time>2024-10-28T06:07:40Z</time>
      </trkpt>
      <trkpt lat="47.358769" lon="8.560755">
        <ele>495</ele>
        <time>2024-10-28T06:17:39Z</time>
        <cmt>speed: 0.2</cmt>
      </trkpt>
      <trkpt lat="47.359216" lon="8.560846">
        <ele>446</ele>
        <time>2024-10-28T06:27:38Z</time>
        <cmt>speed: 0.1</cmt>
      </trkpt>
      <trkpt lat="47.358677" lon="8.561362">
        <ele>429</ele>
        <time>2024-10-28T06:37:37Z</time>
        <cmt>speed: 0.1</cmt>
      </trkpt>
      <trkpt lat="47.358275" lon="8.561116">
        <ele>432</ele>
        <time>2024-10-28T06:47:37Z</time>
        <cmt>speed: 0.3</cmt>
      </trkpt>
      <trkpt lat="47.358275" lon="8.561116">
        <ele>432</ele>
        <time>2024-10-28T06:47:37Z</time>
      </trkpt>
      <trkpt lat="47.358229" lon="8.560743">
        <ele>405</ele>
        <time>2024-10-28T07:02:14Z</time>
        <cmt>speed: 0.6</cmt>
      </trkpt>
      <trkpt lat="47.358509" lon="8.561417">
        <ele>459</ele>
        <time>2024-10-28T07:12:11Z</time>
        <cmt>speed: 0.1</cmt>
      </trkpt>
      <trkpt lat="47.35845" lon="8.561187">
        <ele>440</ele>
        <time>2024-10-28T07:22:20Z</time>
        <cmt>speed: 0.2</cmt>
      </trkpt>
      <trkpt lat="47.35845" lon="8.561187">
        <ele>440</ele>
        <time>2024-10-28T07:32:10Z</time>
      </trkpt>
      <trkpt lat="47.358219" lon="8.560737">
        <ele>423</ele>
        <time>2024-10-28T07:32:11Z</time>
        <cmt>speed: 0.0</cmt>
      </trkpt>
      <trkpt lat="47.357841" lon="8.560995">
        <ele>439</ele>
        <time>2024-10-28T07:42:12Z</time>
        <cmt>speed: 0.3</cmt>
      </trkpt>
      <trkpt lat="47.357841" lon="8.560995">
        <ele>439</ele>
        <time>2024-10-28T07:52:11Z</time>
      </trkpt>
      <trkpt lat="47.358167" lon="8.560557">
        <ele>430</ele>
        <time>2024-10-28T07:52:12Z</time>
        <cmt>speed: 1.8</cmt>
      </trkpt>
      <trkpt lat="47.358602" lon="8.559201">
        <ele>465</ele>
        <time>2024-10-28T08:02:10Z</time>
        <cmt>speed: 0.3</cmt>
      </trkpt>
      <trkpt lat="47.358602" lon="8.559201">
        <ele>465</ele>
        <time>2024-10-28T08:12:10Z</time>
      </trkpt>
      <trkpt lat="47.359441" lon="8.559901">
        <ele>377</ele>
        <time>2024-10-28T08:12:11Z</time>
        <cmt>speed: 0.1</cmt>
      </trkpt>
      <trkpt lat="47.359329" lon="8.560096">
        <ele>440</ele>
        <time>2024-10-28T08:22:09Z</time>
        <cmt>speed: 0.7</cmt>
      </trkpt>
      <trkpt lat="47.359329" lon="8.560096">
        <ele>440</ele>
        <time>2024-10-28T08:32:09Z</time>
      </trkpt>
      <trkpt lat="47.359671" lon="8.560424">
        <ele>424</ele>
        <time>2024-10-28T08:32:10Z</time>
        <cmt>speed: 0.1</cmt>
      </trkpt>
      <trkpt lat="47.359204" lon="8.560592">
        <ele>420</ele>
        <time>2024-10-28T08:42:22Z</time>
        <cmt>speed: 0.1</cmt>
      </trkpt>
      <trkpt lat="47.359204" lon="8.560592">
        <ele>420</ele>
        <time>2024-10-28T08:52:30Z</time>
      </trkpt>
      <trkpt lat="47.359227" lon="8.560533">
        <ele>460</ele>
        <time>2024-10-28T08:52:31Z</time>
        <cmt>speed: 0.4</cmt>
      </trkpt>
      <trkpt lat="47.359469" lon="8.560303">
        <ele>456</ele>
        <time>2024-10-28T09:02:50Z</time>
        <cmt>speed: 0.4</cmt>
      </trkpt>
      <trkpt lat="47.359469" lon="8.560303">
        <ele>456</ele>
        <time>2024-10-28T09:12:17Z</time>
      </trkpt>
      <trkpt lat="47.359265" lon="8.560031">
        <ele>423</ele>
        <time>2024-10-28T09:12:18Z</time>
        <cmt>speed: 0.3</cmt>
      </trkpt>
      <trkpt lat="47.359265" lon="8.560031">
        <ele>423</ele>
        <time>2024-10-28T09:32:10Z</time>
      </trkpt>
      <trkpt lat="47.359157" lon="8.560243">
        <ele>453</ele>
        <time>2024-10-28T09:32:11Z</time>
        <cmt>speed: 0.0</cmt>
      </trkpt>
      <trkpt lat="47.357861" lon="8.563033">
        <ele>440</ele>
        <time>2024-10-28T09:52:11Z</time>
        <cmt>speed: 2.8</cmt>
      </trkpt>
      <trkpt lat="47.357528" lon="8.563425">
        <ele>447</ele>
        <time>2024-10-28T10:02:11Z</time>
        <cmt>speed: 0.3</cmt>
      </trkpt>
      <trkpt lat="47.357528" lon="8.563425">
        <ele>447</ele>
        <time>2024-10-28T10:12:10Z</time>
      </trkpt>
      <trkpt lat="47.357704" lon="8.563448">
        <ele>439</ele>
        <time>2024-10-28T10:12:11Z</time>
        <cmt>speed: 0.1</cmt>
      </trkpt>
      <trkpt lat="47.357824" lon="8.563628">
        <ele>461</ele>
        <time>2024-10-28T10:22:09Z</time>
        <cmt>speed: 1.2</cmt>
      </trkpt>
      <trkpt lat="47.35763" lon="8.564318">
        <ele>393</ele>
        <time>2024-10-28T10:32:12Z</time>
        <cmt>speed: 0.5</cmt>
      </trkpt>
      <trkpt lat="47.357566" lon="8.564008">
        <ele>463</ele>
        <time>2024-10-28T10:42:11Z</time>
        <cmt>speed: 0.3</cmt>
      </trkpt>
      <trkpt lat="47.357673" lon="8.563942">
        <ele>452</ele>
        <time>2024-10-28T10:52:10Z</time>
        <cmt>speed: 0.8</cmt>
      </trkpt>
      <trkpt lat="47.358501" lon="8.564998">
        <ele>473</ele>
        <time>2024-10-28T11:02:11Z</time>
        <cmt>speed: 1.1</cmt>
      </trkpt>
      <trkpt lat="47.359157" lon="8.564235">
        <ele>402</ele>
        <time>2024-10-28T11:12:09Z</time>
        <cmt>speed: 1.1</cmt>
      </trkpt>
      <trkpt lat="47.359027" lon="8.564585">
        <ele>438</ele>
        <time>2024-10-28T11:22:11Z</time>
        <cmt>speed: 0.1</cmt>
      </trkpt>
      <trkpt lat="47.359027" lon="8.564585">
        <ele>438</ele>
        <time>2024-10-28T11:32:07Z</time>
      </trkpt>
      <trkpt lat="47.358985" lon="8.564502">
        <ele>464</ele>
        <time>2024-10-28T11:32:08Z</time>
        <cmt>speed: 0.7</cmt>
      </trkpt>
      <trkpt lat="47.358912" lon="8.564678">
        <ele>427</ele>
        <time>2024-10-28T11:42:11Z</time>
        <cmt>speed: 0.4</cmt>
      </trkpt>
      <trkpt lat="47.359168" lon="8.564254">
        <ele>450</ele>
        <time>2024-10-28T11:52:09Z</time>
        <cmt>speed: 0.9</cmt>
      </trkpt>
      <trkpt lat="47.358845" lon="8.563154">
        <ele>444</ele>
        <time>2024-10-28T12:02:09Z</time>
        <cmt>speed: 2.4</cmt>
      </trkpt>
      <trkpt lat="47.358978" lon="8.561919">
        <ele>457</ele>
        <time>2024-10-28T12:12:12Z</time>
        <cmt>speed: 0.7</cmt>
      </trkpt>
      <trkpt lat="47.359507" lon="8.559947">
        <ele>480</ele>
        <time>2024-10-28T12:22:11Z</time>
        <cmt>speed: 0.1</cmt>
      </trkpt>
      <trkpt lat="47.358844" lon="8.561263">
        <ele>475</ele>
        <time>2024-10-28T12:32:10Z</time>
        <cmt>speed: 0.1</cmt>
      </trkpt>
      <trkpt lat="47.358959" lon="8.560983">
        <ele>448</ele>
        <time>2024-10-28T12:42:10Z</time>
        <cmt>speed: 0.4</cmt>
      </trkpt>
      <trkpt lat="47.360001" lon="8.561729">
        <ele>422</ele>
        <time>2024-10-28T12:52:11Z</time>
        <cmt>speed: 3.6</cmt>
      </trkpt>
      <trkpt lat="47.360146" lon="8.560421">
        <ele>454</ele>
        <time>2024-10-28T13:02:16Z</time>
        <cmt>speed: 0.9</cmt>
      </trkpt>
      <trkpt lat="47.360146" lon="8.560421">
        <ele>454</ele>
        <time>2024-10-28T13:12:14Z</time>
      </trkpt>
      <trkpt lat="47.359911" lon="8.558696">
        <ele>455</ele>
        <time>2024-10-28T13:12:16Z</time>
        <cmt>speed: 0.0</cmt>
      </trkpt>
      <trkpt lat="47.359984" lon="8.558781">
        <ele>421</ele>
        <time>2024-10-28T13:22:11Z</time>
        <cmt>speed: 0.1</cmt>
      </trkpt>
      <trkpt lat="47.359986" lon="8.558783">
        <ele>482</ele>
        <time>2024-10-28T13:32:11Z</time>
        <cmt>speed: 1.0</cmt>
      </trkpt>
      <trkpt lat="47.359984" lon="8.558022">
        <ele>431</ele>
        <time>2024-10-28T13:42:11Z</time>
        <cmt>speed: 0.6</cmt>
      </trkpt>
      <trkpt lat="47.36018" lon="8.557473">
        <ele>440</ele>
        <time>2024-10-28T13:52:10Z</time>
        <cmt>speed: 0.2</cmt>
      </trkpt>
      <trkpt lat="47.360688" lon="8.557851">
        <ele>432</ele>
        <time>2024-10-28T14:02:12Z</time>
        <cmt>speed: 1.4</cmt>
      </trkpt>
      <trkpt lat="47.360688" lon="8.557851">
        <ele>432</ele>
        <time>2024-10-28T14:12:33Z</time>
      </trkpt>
      <trkpt lat="47.360499" lon="8.557187">
        <ele>430</ele>
        <time>2024-10-28T14:12:35Z</time>
        <cmt>speed: 0.2</cmt>
      </trkpt>
      <trkpt lat="47.360468" lon="8.557208">
        <ele>433</ele>
        <time>2024-10-28T14:22:14Z</time>
        <cmt>speed: 0.4</cmt>
      </trkpt>
      <trkpt lat="47.360273" lon="8.558039">
        <ele>434</ele>
        <time>2024-10-28T14:32:11Z</time>
        <cmt>speed: 2.6</cmt>
      </trkpt>
      <trkpt lat="47.360168" lon="8.559016">
        <ele>473</ele>
        <time>2024-10-28T14:42:10Z</time>
        <cmt>speed: 0.8</cmt>
      </trkpt>
      <trkpt lat="47.360264" lon="8.560783">
        <ele>422</ele>
        <time>2024-10-28T14:52:12Z</time>
        <cmt>speed: 0.1</cmt>
      </trkpt>
      <trkpt lat="47.360561" lon="8.561578">
        <ele>453</ele>
        <time>2024-10-28T15:02:17Z</time>
        <cmt>speed: 0.3</cmt>
      </trkpt>
      <trkpt lat="47.360227" lon="8.563602">
        <ele>479</ele>
        <time>2024-10-28T15:12:10Z</time>
        <cmt>speed: 0.7</cmt>
      </trkpt>
      <trkpt lat="47.359959" lon="8.563643">
        <ele>434</ele>
        <time>2024-10-28T15:12:31Z</time>
      </trkpt>
      <trkpt lat="47.359974" lon="8.56367">
        <ele>434</ele>
        <time>2024-10-28T15:18:17Z</time>
      </trkpt>
      <trkpt lat="47.359974" lon="8.56367">
        <ele>434</ele>
        <time>2024-10-28T15:33:17Z</time>
      </trkpt>
      <trkpt lat="47.359481" lon="8.563837">
        <ele>469</ele>
        <time>2024-10-28T16:35:56Z</time>
        <cmt>speed: 0.2</cmt>
      </trkpt>
      <trkpt lat="47.359266" lon="8.561433">
        <ele>410</ele>
        <time>2024-10-28T16:45:53Z</time>
        <cmt>speed: 0.3</cmt>
      </trkpt>
      <trkpt lat="47.359867" lon="8.561047">
        <ele>452</ele>
        <time>2024-10-28T16:55:53Z</time>
        <cmt>speed: 2.6</cmt>
      </trkpt>
      <trkpt lat="47.358432" lon="8.560344">
        <ele>452</ele>
        <time>2024-10-28T17:05:53Z</time>
        <cmt>speed: 1.3</cmt>
      </trkpt>
      <trkpt lat="47.358432" lon="8.560344">
        <ele>452</ele>
        <time>2024-10-28T17:15:51Z</time>
      </trkpt>
      <trkpt lat="47.357989" lon="8.560865">
        <ele>398</ele>
        <time>2024-10-28T17:15:53Z</time>
        <cmt>speed: 0.4</cmt>
      </trkpt>
      <trkpt lat="47.35795" lon="8.560776">
        <ele>434</ele>
        <time>2024-10-28T17:25:53Z</time>
        <cmt>speed: 0.2</cmt>
      </trkpt>
      <trkpt lat="47.357948" lon="8.560616">
        <ele>463</ele>
        <time>2024-10-28T17:35:54Z</time>
        <cmt>speed: 0.3</cmt>
      </trkpt>
      <trkpt lat="47.357872" lon="8.560776">
        <ele>458</ele>
        <time>2024-10-28T17:45:53Z</time>
        <cmt>speed: 0.7</cmt>
      </trkpt>
      <trkpt lat="47.357756" lon="8.560157">
        <ele>444</ele>
        <time>2024-10-28T17:55:54Z</time>
        <cmt>speed: 0.8</cmt>
      </trkpt>
      <trkpt lat="47.35936" lon="8.5604">
        <ele>419</ele>
        <time>2024-10-28T18:05:54Z</time>
        <cmt>speed: 0.3</cmt>
      </trkpt>
      <trkpt lat="47.359441" lon="8.561219">
        <ele>409</ele>
        <time>2024-10-28T18:15:55Z</time>
        <cmt>speed: 0.3</cmt>
      </trkpt>
      <trkpt lat="47.360175" lon="8.561868">
        <ele>430</ele>
        <time>2024-10-28T18:25:52Z</time>
        <cmt>speed: 0.8</cmt>
      </trkpt>
      <trkpt lat="47.360175" lon="8.561868">
        <ele>430</ele>
        <time>2024-10-28T18:35:51Z</time>
      </trkpt>
      <trkpt lat="47.359949" lon="8.562525">
        <ele>416</ele>
        <time>2024-10-28T18:35:54Z</time>
        <cmt>speed: 0.6</cmt>
      </trkpt>
      <trkpt lat="47.360337" lon="8.561562">
        <ele>430</ele>
        <time>2024-10-28T18:45:52Z</time>
        <cmt>speed: 0.3</cmt>
      </trkpt>
      <trkpt lat="47.360013" lon="8.560621">
        <ele>425</ele>
        <time>2024-10-28T18:55:57Z</time>
        <cmt>speed: 0.0</cmt>
      </trkpt>
      <trkpt lat="47.359973" lon="8.561138">
        <ele>429</ele>
        <time>2024-10-28T19:05:54Z</time>
        <cmt>speed: 1.1</cmt>
      </trkpt>
      <trkpt lat="47.360282" lon="8.561941">
        <ele>441</ele>
        <time>2024-10-28T19:15:54Z</time>
        <cmt>speed: 0.1</cmt>
      </trkpt>
      <trkpt lat="47.360295" lon="8.562054">
        <ele>430</ele>
        <time>2024-10-28T19:25:53Z</time>
        <cmt>speed: 0.3</cmt>
      </trkpt>
      <trkpt lat="47.359718" lon="8.563463">
        <ele>451</ele>
        <time>2024-10-28T19:35:57Z</time>
        <cmt>speed: 0.3</cmt>
      </trkpt>
      <trkpt lat="47.359974" lon="8.56367">
        <ele>434</ele>
        <time>2024-10-28T19:36:19Z</time>
      </trkpt>
      <trkpt lat="47.359974" lon="8.56367">
        <ele>434</ele>
        <time>2024-10-28T19:51:19Z</time>
      </trkpt>
      <trkpt lat="47.359974" lon="8.56367">
        <ele>434</ele>
        <time>2024-10-29T07:51:19Z</time>
      </trkpt>
      <trkpt lat="47.359974" lon="8.56367">
        <ele>434</ele>
        <time>2024-10-29T19:51:38Z</time>
      </trkpt>
    </trkseg>
  </trk>
</gpx>
