<?xml version="1.0"?>
<gpx creator="Tractive GeoData Util" version="1.1" xmlns="http://www.topografix.com/GPX/1/1" xmlns:xsi="http://www.w3.org/2001/XMLSchema-instance" xsi:schemaLocation="http://www.topografix.com/GPX/1/1 http://www.topografix.com/GPX/1/1/gpx.xsd">
  <metadata>
    <link href="https://tractive.com">
      <text>Generated by Tractive Platform Service</text>
    </link>
  </metadata>
  <trk>
    <name>Tracker UDQAWWIU, 2024-11-01T06:57:20+00:00 2024-11-29T18:24:52+00:00</name>
    <trkseg>
      <trkpt lat="47.359836" lon="8.562998">
        <ele>470</ele>
        <time>2024-11-01T06:57:20Z</time>
        <cmt>speed: 0.1</cmt>
      </trkpt>
      <trkpt lat="47.35994" lon="8.5598">
        <ele>434</ele>
        <time>2024-11-01T07:07:15Z</time>
        <cmt>speed: 1.6</cmt>
      </trkpt>
      <trkpt lat="47.359789" lon="8.558898">
        <ele>463</ele>
        <time>2024-11-01T07:17:14Z</time>
        <cmt>speed: 0.1</cmt>
      </trkpt>
      <trkpt lat="47.360034" lon="8.558296">
        <ele>411</ele>
        <time>2024-11-01T07:27:14Z</time>
        <cmt>speed: 0.2</cmt>
      </trkpt>
      <trkpt lat="47.360034" lon="8.558296">
        <ele>411</ele>
        <time>2024-11-01T07:37:09Z</time>
      </trkpt>
      <trkpt lat="47.361016" lon="8.557527">
        <ele>462</ele>
        <time>2024-11-01T07:37:14Z</time>
        <cmt>speed: 1.7</cmt>
      </trkpt>
      <trkpt lat="47.360519" lon="8.558034">
        <ele>427</ele>
        <time>2024-11-01T07:47:14Z</time>
        <cmt>speed: 0.0</cmt>
      </trkpt>
      <trkpt lat="47.360519" lon="8.558034">
        <ele>427</ele>
        <time>2024-11-01T07:57:10Z</time>
      </trkpt>
      <trkpt lat="47.360551" lon="8.557735">
        <ele>457</ele>
        <time>2024-11-01T07:57:15Z</time>
        <cmt>speed: 0.6</cmt>
      </trkpt>
      <trkpt lat="47.359628" lon="8.557731">
        <ele>442</ele>
        <time>2024-11-01T08:07:15Z</time>
        <cmt>speed: 0.3</cmt>
      </trkpt>
      <trkpt lat="47.359953" lon="8.55766">
        <ele>455</ele>
        <time>2024-11-01T08:20:29Z</time>
        <cmt>speed: 0.3</cmt>
      </trkpt>
      <trkpt lat="47.359919" lon="8.557813">
        <ele>388</ele>
        <time>2024-11-01T08:30:30Z</time>
        <cmt>speed: 0.3</cmt>
      </trkpt>
      <trkpt lat="47.359919" lon="8.557813">
        <ele>388</ele>
        <time>2024-11-01T08:40:25Z</time>
      </trkpt>
      <trkpt lat="47.360009" lon="8.557679">
        <ele>422</ele>
        <time>2024-11-01T08:40:30Z</time>
        <cmt>speed: 0.0</cmt>
      </trkpt>
      <trkpt lat="47.359984" lon="8.558138">
        <ele>414</ele>
        <time>2024-11-01T08:50:27Z</time>
        <cmt>speed: 1.5</cmt>
      </trkpt>
      <trkpt lat="47.360388" lon="8.558035">
        <ele>413</ele>
        <time>2024-11-01T09:00:29Z</time>
        <cmt>speed: 0.4</cmt>
      </trkpt>
      <trkpt lat="47.360483" lon="8.558357">
        <ele>424</ele>
        <time>2024-11-01T09:10:27Z</time>
        <cmt>speed: 0.0</cmt>
      </trkpt>
      <trkpt lat="47.360131" lon="8.559006">
        <ele>428</ele>
        <time>2024-11-01T09:20:30Z</time>
        <cmt>speed: 0.2</cmt>
      </trkpt>
      <trkpt lat="47.360082" lon="8.559948">
        <ele>431</ele>
        <time>2024-11-01T09:30:27Z</time>
        <cmt>speed: 1.7</cmt>
      </trkpt>
      <trkpt lat="47.359944" lon="8.561203">
        <ele>429</ele>
        <time>2024-11-01T09:40:26Z</time>
        <cmt>speed: 3.5</cmt>
      </trkpt>
      <trkpt lat="47.359959" lon="8.563643">
        <ele>434</ele>
        <time>2024-11-01T09:49:19Z</time>
      </trkpt>
      <trkpt lat="47.359772" lon="8.563357">
        <ele>462</ele>
        <time>2024-11-01T09:54:16Z</time>
        <cmt>speed: 0.7</cmt>
      </trkpt>
      <trkpt lat="47.359487" lon="8.56397">
        <ele>443</ele>
        <time>2024-11-01T10:04:14Z</time>
        <cmt>speed: 0.1</cmt>
      </trkpt>
      <trkpt lat="47.359487" lon="8.56397">
        <ele>443</ele>
        <time>2024-11-01T10:14:10Z</time>
      </trkpt>
      <trkpt lat="47.359057" lon="8.564594">
        <ele>412</ele>
        <time>2024-11-01T10:14:12Z</time>
        <cmt>speed: 0.0</cmt>
      </trkpt>
      <trkpt lat="47.358948" lon="8.564411">
        <ele>436</ele>
        <time>2024-11-01T10:24:11Z</time>
        <cmt>speed: 1.2</cmt>
      </trkpt>
      <trkpt lat="47.358948" lon="8.564411">
        <ele>436</ele>
        <time>2024-11-01T10:34:10Z</time>
      </trkpt>
      <trkpt lat="47.359111" lon="8.564538">
        <ele>429</ele>
        <time>2024-11-01T10:34:13Z</time>
        <cmt>speed: 0.8</cmt>
      </trkpt>
      <trkpt lat="47.359006" lon="8.564759">
        <ele>439</ele>
        <time>2024-11-01T10:44:12Z</time>
        <cmt>speed: 0.1</cmt>
      </trkpt>
      <trkpt lat="47.358992" lon="8.5646">
        <ele>443</ele>
        <time>2024-11-01T10:54:12Z</time>
        <cmt>speed: 1.4</cmt>
      </trkpt>
      <trkpt lat="47.358715" lon="8.564728">
        <ele>427</ele>
        <time>2024-11-01T11:04:11Z</time>
        <cmt>speed: 0.5</cmt>
      </trkpt>
      <trkpt lat="47.358715" lon="8.564728">
        <ele>427</ele>
        <time>2024-11-01T11:14:10Z</time>
      </trkpt>
      <trkpt lat="47.358818" lon="8.564759">
        <ele>452</ele>
        <time>2024-11-01T11:14:11Z</time>
        <cmt>speed: 0.2</cmt>
      </trkpt>
      <trkpt lat="47.358692" lon="8.564604">
        <ele>435</ele>
        <time>2024-11-01T11:24:13Z</time>
        <cmt>speed: 0.2</cmt>
      </trkpt>
      <trkpt lat="47.358455" lon="8.564751">
        <ele>470</ele>
        <time>2024-11-01T11:34:12Z</time>
        <cmt>speed: 1.3</cmt>
      </trkpt>
      <trkpt lat="47.357644" lon="8.563979">
        <ele>461</ele>
        <time>2024-11-01T11:44:13Z</time>
        <cmt>speed: 0.2</cmt>
      </trkpt>
      <trkpt lat="47.357864" lon="8.56335">
        <ele>468</ele>
        <time>2024-11-01T11:54:13Z</time>
        <cmt>speed: 0.5</cmt>
      </trkpt>
      <trkpt lat="47.35804" lon="8.562427">
        <ele>437</ele>
        <time>2024-11-01T12:04:14Z</time>
        <cmt>speed: 0.5</cmt>
      </trkpt>
      <trkpt lat="47.359308" lon="8.560624">
        <ele>406</ele>
        <time>2024-11-01T12:24:18Z</time>
        <cmt>speed: 0.3</cmt>
      </trkpt>
      <trkpt lat="47.359465" lon="8.561411">
        <ele>414</ele>
        <time>2024-11-01T12:34:13Z</time>
        <cmt>speed: 0.8</cmt>
      </trkpt>
      <trkpt lat="47.360645" lon="8.561475">
        <ele>452</ele>
        <time>2024-11-01T12:44:14Z</time>
        <cmt>speed: 0.3</cmt>
      </trkpt>
      <trkpt lat="47.3605" lon="8.560793">
        <ele>438</ele>
        <time>2024-11-01T12:54:15Z</time>
        <cmt>speed: 0.3</cmt>
      </trkpt>
      <trkpt lat="47.360305" lon="8.560486">
        <ele>460</ele>
        <time>2024-11-01T13:04:13Z</time>
        <cmt>speed: 1.2</cmt>
      </trkpt>
      <trkpt lat="47.359886" lon="8.560474">
        <ele>432</ele>
        <time>2024-11-01T13:14:16Z</time>
        <cmt>speed: 0.7</cmt>
      </trkpt>
      <trkpt lat="47.360171" lon="8.558563">
        <ele>416</ele>
        <time>2024-11-01T13:24:13Z</time>
        <cmt>speed: 1.8</cmt>
      </trkpt>
      <trkpt lat="47.360171" lon="8.558563">
        <ele>416</ele>
        <time>2024-11-01T13:34:09Z</time>
      </trkpt>
      <trkpt lat="47.359968" lon="8.557717">
        <ele>432</ele>
        <time>2024-11-01T13:34:15Z</time>
        <cmt>speed: 0.4</cmt>
      </trkpt>
      <trkpt lat="47.359792" lon="8.558141">
        <ele>426</ele>
        <time>2024-11-01T13:44:16Z</time>
        <cmt>speed: 0.2</cmt>
      </trkpt>
      <trkpt lat="47.359792" lon="8.558141">
        <ele>426</ele>
        <time>2024-11-01T13:54:14Z</time>
      </trkpt>
      <trkpt lat="47.359785" lon="8.557678">
        <ele>433</ele>
        <time>2024-11-01T13:54:20Z</time>
        <cmt>speed: 0.0</cmt>
      </trkpt>
      <trkpt lat="47.360406" lon="8.55744">
        <ele>444</ele>
        <time>2024-11-01T14:04:13Z</time>
        <cmt>speed: 0.1</cmt>
      </trkpt>
      <trkpt lat="47.360406" lon="8.55744">
        <ele>444</ele>
        <time>2024-11-01T14:14:13Z</time>
      </trkpt>
      <trkpt lat="47.360541" lon="8.557765">
        <ele>455</ele>
        <time>2024-11-01T14:14:19Z</time>
        <cmt>speed: 0.1</cmt>
      </trkpt>
      <trkpt lat="47.360121" lon="8.558175">
        <ele>442</ele>
        <time>2024-11-01T14:24:16Z</time>
        <cmt>speed: 0.2</cmt>
      </trkpt>
      <trkpt lat="47.3599" lon="8.560424">
        <ele>428</ele>
        <time>2024-11-01T14:34:14Z</time>
        <cmt>speed: 0.8</cmt>
      </trkpt>
      <trkpt lat="47.360205" lon="8.563792">
        <ele>445</ele>
        <time>2024-11-01T14:44:13Z</time>
        <cmt>speed: 1.4</cmt>
      </trkpt>
      <trkpt lat="47.359406" lon="8.563865">
        <ele>416</ele>
        <time>2024-11-01T14:54:14Z</time>
        <cmt>speed: 0.6</cmt>
      </trkpt>
      <trkpt lat="47.359077" lon="8.564769">
        <ele>448</ele>
        <time>2024-11-01T15:04:13Z</time>
        <cmt>speed: 2.1</cmt>
      </trkpt>
      <trkpt lat="47.359202" lon="8.564544">
        <ele>447</ele>
        <time>2024-11-01T15:14:12Z</time>
        <cmt>speed: 0.7</cmt>
      </trkpt>
      <trkpt lat="47.358938" lon="8.564608">
        <ele>419</ele>
        <time>2024-11-01T15:24:13Z</time>
        <cmt>speed: 0.2</cmt>
      </trkpt>
      <trkpt lat="47.358938" lon="8.564608">
        <ele>419</ele>
        <time>2024-11-01T15:34:07Z</time>
      </trkpt>
      <trkpt lat="47.35914" lon="8.564652">
        <ele>439</ele>
        <time>2024-11-01T15:34:13Z</time>
        <cmt>speed: 0.6</cmt>
      </trkpt>
      <trkpt lat="47.359007" lon="8.564789">
        <ele>456</ele>
        <time>2024-11-01T15:44:13Z</time>
        <cmt>speed: 0.8</cmt>
      </trkpt>
      <trkpt lat="47.359007" lon="8.564789">
        <ele>456</ele>
        <time>2024-11-01T15:54:06Z</time>
      </trkpt>
      <trkpt lat="47.359061" lon="8.56483">
        <ele>445</ele>
        <time>2024-11-01T15:54:12Z</time>
        <cmt>speed: 2.0</cmt>
      </trkpt>
      <trkpt lat="47.358495" lon="8.564201">
        <ele>468</ele>
        <time>2024-11-01T16:04:12Z</time>
        <cmt>speed: 1.0</cmt>
      </trkpt>
      <trkpt lat="47.357897" lon="8.564845">
        <ele>435</ele>
        <time>2024-11-01T16:14:14Z</time>
        <cmt>speed: 0.8</cmt>
      </trkpt>
      <trkpt lat="47.357945" lon="8.564681">
        <ele>472</ele>
        <time>2024-11-01T16:24:13Z</time>
        <cmt>speed: 0.2</cmt>
      </trkpt>
      <trkpt lat="47.357945" lon="8.564681">
        <ele>472</ele>
        <time>2024-11-01T16:34:08Z</time>
      </trkpt>
      <trkpt lat="47.357898" lon="8.564534">
        <ele>485</ele>
        <time>2024-11-01T16:34:14Z</time>
        <cmt>speed: 0.1</cmt>
      </trkpt>
      <trkpt lat="47.358062" lon="8.564789">
        <ele>425</ele>
        <time>2024-11-01T16:44:15Z</time>
        <cmt>speed: 0.2</cmt>
      </trkpt>
      <trkpt lat="47.358077" lon="8.564557">
        <ele>442</ele>
        <time>2024-11-01T17:04:12Z</time>
        <cmt>speed: 0.3</cmt>
      </trkpt>
      <trkpt lat="47.358846" lon="8.564067">
        <ele>427</ele>
        <time>2024-11-01T17:14:12Z</time>
        <cmt>speed: 1.5</cmt>
      </trkpt>
      <trkpt lat="47.359208" lon="8.561988">
        <ele>449</ele>
        <time>2024-11-01T17:24:12Z</time>
        <cmt>speed: 0.1</cmt>
      </trkpt>
      <trkpt lat="47.359208" lon="8.561988">
        <ele>449</ele>
        <time>2024-11-01T17:34:17Z</time>
      </trkpt>
      <trkpt lat="47.357698" lon="8.560762">
        <ele>424</ele>
        <time>2024-11-01T17:34:23Z</time>
        <cmt>speed: 0.0</cmt>
      </trkpt>
      <trkpt lat="47.358199" lon="8.560745">
        <ele>442</ele>
        <time>2024-11-01T17:44:14Z</time>
        <cmt>speed: 2.9</cmt>
      </trkpt>
      <trkpt lat="47.358002" lon="8.560788">
        <ele>434</ele>
        <time>2024-11-01T17:54:14Z</time>
        <cmt>speed: 0.1</cmt>
      </trkpt>
      <trkpt lat="47.358065" lon="8.560602">
        <ele>427</ele>
        <time>2024-11-01T18:04:18Z</time>
        <cmt>speed: 0.2</cmt>
      </trkpt>
      <trkpt lat="47.35783" lon="8.560609">
        <ele>401</ele>
        <time>2024-11-01T18:14:15Z</time>
        <cmt>speed: 0.9</cmt>
      </trkpt>
      <trkpt lat="47.35781" lon="8.561077">
        <ele>432</ele>
        <time>2024-11-01T18:24:17Z</time>
        <cmt>speed: 0.1</cmt>
      </trkpt>
      <trkpt lat="47.357754" lon="8.560994">
        <ele>424</ele>
        <time>2024-11-01T18:34:13Z</time>
        <cmt>speed: 0.5</cmt>
      </trkpt>
      <trkpt lat="47.357928" lon="8.560739">
        <ele>444</ele>
        <time>2024-11-01T18:44:14Z</time>
        <cmt>speed: 1.1</cmt>
      </trkpt>
      <trkpt lat="47.357928" lon="8.560739">
        <ele>444</ele>
        <time>2024-11-01T18:54:06Z</time>
      </trkpt>
      <trkpt lat="47.358489" lon="8.560798">
        <ele>460</ele>
        <time>2024-11-01T18:54:13Z</time>
        <cmt>speed: 0.5</cmt>
      </trkpt>
      <trkpt lat="47.358405" lon="8.560611">
        <ele>436</ele>
        <time>2024-11-01T19:04:14Z</time>
        <cmt>speed: 0.3</cmt>
      </trkpt>
      <trkpt lat="47.358622" lon="8.560365">
        <ele>424</ele>
        <time>2024-11-01T19:14:15Z</time>
        <cmt>speed: 0.1</cmt>
      </trkpt>
      <trkpt lat="47.358381" lon="8.560705">
        <ele>444</ele>
        <time>2024-11-01T19:24:15Z</time>
        <cmt>speed: 0.4</cmt>
      </trkpt>
      <trkpt lat="47.358381" lon="8.560705">
        <ele>444</ele>
        <time>2024-11-01T19:34:08Z</time>
      </trkpt>
      <trkpt lat="47.358566" lon="8.560761">
        <ele>458</ele>
        <time>2024-11-01T19:34:15Z</time>
        <cmt>speed: 0.5</cmt>
      </trkpt>
      <trkpt lat="47.358078" lon="8.560708">
        <ele>450</ele>
        <time>2024-11-01T19:44:13Z</time>
        <cmt>speed: 0.4</cmt>
      </trkpt>
      <trkpt lat="47.35858" lon="8.560154">
        <ele>444</ele>
        <time>2024-11-01T19:54:13Z</time>
        <cmt>speed: 0.1</cmt>
      </trkpt>
      <trkpt lat="47.359239" lon="8.560921">
        <ele>467</ele>
        <time>2024-11-01T20:04:17Z</time>
        <cmt>speed: 0.1</cmt>
      </trkpt>
      <trkpt lat="47.359239" lon="8.560921">
        <ele>467</ele>
        <time>2024-11-01T20:14:08Z</time>
      </trkpt>
      <trkpt lat="47.359344" lon="8.561107">
        <ele>399</ele>
        <time>2024-11-01T20:14:15Z</time>
        <cmt>speed: 0.8</cmt>
      </trkpt>
      <trkpt lat="47.359362" lon="8.56103">
        <ele>425</ele>
        <time>2024-11-01T20:34:14Z</time>
        <cmt>speed: 0.9</cmt>
      </trkpt>
      <trkpt lat="47.360165" lon="8.560938">
        <ele>458</ele>
        <time>2024-11-01T20:44:20Z</time>
        <cmt>speed: 0.6</cmt>
      </trkpt>
      <trkpt lat="47.360005" lon="8.562808">
        <ele>430</ele>
        <time>2024-11-01T20:54:14Z</time>
        <cmt>speed: 1.0</cmt>
      </trkpt>
      <trkpt lat="47.359959" lon="8.563643">
        <ele>434</ele>
        <time>2024-11-01T20:55:13Z</time>
      </trkpt>
      <trkpt lat="47.360121" lon="8.561457">
        <ele>445</ele>
        <time>2024-11-01T21:03:37Z</time>
        <cmt>speed: 0.6</cmt>
      </trkpt>
      <trkpt lat="47.36009" lon="8.561565">
        <ele>449</ele>
        <time>2024-11-01T21:03:42Z</time>
        <cmt>speed: 0.0</cmt>
      </trkpt>
      <trkpt lat="47.36009" lon="8.561565">
        <ele>449</ele>
        <time>2024-11-01T21:03:46Z</time>
        <cmt>speed: 0.0</cmt>
      </trkpt>
      <trkpt lat="47.36009" lon="8.561565">
        <ele>449</ele>
        <time>2024-11-01T21:03:50Z</time>
        <cmt>speed: 0.0</cmt>
      </trkpt>
      <trkpt lat="47.360043" lon="8.561787">
        <ele>423</ele>
        <time>2024-11-01T21:07:47Z</time>
        <cmt>speed: 0.3</cmt>
      </trkpt>
      <trkpt lat="47.359907" lon="8.561593">
        <ele>408</ele>
        <time>2024-11-01T21:17:48Z</time>
        <cmt>speed: 1.8</cmt>
      </trkpt>
      <trkpt lat="47.359649" lon="8.558609">
        <ele>427</ele>
        <time>2024-11-01T21:27:46Z</time>
        <cmt>speed: 0.9</cmt>
      </trkpt>
      <trkpt lat="47.359893" lon="8.557815">
        <ele>416</ele>
        <time>2024-11-01T21:37:46Z</time>
        <cmt>speed: 0.9</cmt>
      </trkpt>
      <trkpt lat="47.360294" lon="8.55742">
        <ele>429</ele>
        <time>2024-11-01T21:47:46Z</time>
        <cmt>speed: 0.2</cmt>
      </trkpt>
      <trkpt lat="47.360729" lon="8.557586">
        <ele>441</ele>
        <time>2024-11-01T21:57:48Z</time>
        <cmt>speed: 0.1</cmt>
      </trkpt>
      <trkpt lat="47.360729" lon="8.557586">
        <ele>441</ele>
        <time>2024-11-01T22:07:39Z</time>
      </trkpt>
      <trkpt lat="47.360383" lon="8.557701">
        <ele>430</ele>
        <time>2024-11-01T22:07:46Z</time>
        <cmt>speed: 0.1</cmt>
      </trkpt>
      <trkpt lat="47.359991" lon="8.557939">
        <ele>455</ele>
        <time>2024-11-01T22:17:48Z</time>
        <cmt>speed: 0.2</cmt>
      </trkpt>
      <trkpt lat="47.360218" lon="8.55802">
        <ele>456</ele>
        <time>2024-11-01T22:27:47Z</time>
        <cmt>speed: 0.5</cmt>
      </trkpt>
      <trkpt lat="47.360245" lon="8.558002">
        <ele>417</ele>
        <time>2024-11-01T22:37:46Z</time>
        <cmt>speed: 0.8</cmt>
      </trkpt>
      <trkpt lat="47.35959" lon="8.559025">
        <ele>423</ele>
        <time>2024-11-01T22:47:46Z</time>
        <cmt>speed: 1.9</cmt>
      </trkpt>
      <trkpt lat="47.359561" lon="8.560338">
        <ele>424</ele>
        <time>2024-11-01T22:57:47Z</time>
        <cmt>speed: 0.6</cmt>
      </trkpt>
      <trkpt lat="47.359249" lon="8.561417">
        <ele>434</ele>
        <time>2024-11-01T23:07:46Z</time>
        <cmt>speed: 0.7</cmt>
      </trkpt>
      <trkpt lat="47.359214" lon="8.561658">
        <ele>420</ele>
        <time>2024-11-01T23:17:45Z</time>
        <cmt>speed: 2.2</cmt>
      </trkpt>
      <trkpt lat="47.358067" lon="8.560705">
        <ele>441</ele>
        <time>2024-11-01T23:27:55Z</time>
        <cmt>speed: 0.4</cmt>
      </trkpt>
      <trkpt lat="47.357988" lon="8.56074">
        <ele>440</ele>
        <time>2024-11-01T23:37:48Z</time>
        <cmt>speed: 0.3</cmt>
      </trkpt>
      <trkpt lat="47.358852" lon="8.56073">
        <ele>434</ele>
        <time>2024-11-01T23:47:48Z</time>
        <cmt>speed: 1.1</cmt>
      </trkpt>
      <trkpt lat="47.360163" lon="8.561593">
        <ele>423</ele>
        <time>2024-11-01T23:57:49Z</time>
        <cmt>speed: 0.8</cmt>
      </trkpt>
      <trkpt lat="47.360052" lon="8.5607">
        <ele>447</ele>
        <time>2024-11-02T00:17:48Z</time>
        <cmt>speed: 0.2</cmt>
      </trkpt>
      <trkpt lat="47.36012" lon="8.561208">
        <ele>458</ele>
        <time>2024-11-02T00:37:49Z</time>
        <cmt>speed: 1.6</cmt>
      </trkpt>
      <trkpt lat="47.360233" lon="8.56165">
        <ele>415</ele>
        <time>2024-11-02T00:47:48Z</time>
        <cmt>speed: 0.2</cmt>
      </trkpt>
      <trkpt lat="47.359554" lon="8.560972">
        <ele>471</ele>
        <time>2024-11-02T00:57:49Z</time>
        <cmt>speed: 1.7</cmt>
      </trkpt>
      <trkpt lat="47.359923" lon="8.55935">
        <ele>463</ele>
        <time>2024-11-02T01:07:57Z</time>
        <cmt>speed: 0.0</cmt>
      </trkpt>
      <trkpt lat="47.359811" lon="8.557668">
        <ele>426</ele>
        <time>2024-11-02T01:17:47Z</time>
        <cmt>speed: 0.3</cmt>
      </trkpt>
      <trkpt lat="47.359811" lon="8.557668">
        <ele>426</ele>
        <time>2024-11-02T01:23:26Z</time>
      </trkpt>
      <trkpt lat="47.359464" lon="8.557564">
        <ele>445</ele>
        <time>2024-11-02T01:36:36Z</time>
        <cmt>speed: 0.0</cmt>
      </trkpt>
      <trkpt lat="47.359723" lon="8.558089">
        <ele>417</ele>
        <time>2024-11-02T01:46:36Z</time>
        <cmt>speed: 1.0</cmt>
      </trkpt>
      <trkpt lat="47.360203" lon="8.557968">
        <ele>433</ele>
        <time>2024-11-02T01:56:35Z</time>
        <cmt>speed: 0.1</cmt>
      </trkpt>
      <trkpt lat="47.360203" lon="8.557968">
        <ele>433</ele>
        <time>2024-11-02T02:06:29Z</time>
      </trkpt>
      <trkpt lat="47.360712" lon="8.557803">
        <ele>378</ele>
        <time>2024-11-02T02:06:37Z</time>
        <cmt>speed: 1.0</cmt>
      </trkpt>
      <trkpt lat="47.359919" lon="8.557599">
        <ele>420</ele>
        <time>2024-11-02T02:16:36Z</time>
        <cmt>speed: 0.4</cmt>
      </trkpt>
      <trkpt lat="47.360041" lon="8.558137">
        <ele>456</ele>
        <time>2024-11-02T02:26:36Z</time>
        <cmt>speed: 0.6</cmt>
      </trkpt>
      <trkpt lat="47.360299" lon="8.558832">
        <ele>451</ele>
        <time>2024-11-02T02:36:36Z</time>
        <cmt>speed: 0.1</cmt>
      </trkpt>
      <trkpt lat="47.359869" lon="8.558236">
        <ele>460</ele>
        <time>2024-11-02T02:46:35Z</time>
        <cmt>speed: 0.2</cmt>
      </trkpt>
      <trkpt lat="47.359869" lon="8.558236">
        <ele>460</ele>
        <time>2024-11-02T05:06:47Z</time>
      </trkpt>
      <trkpt lat="47.359775" lon="8.558151">
        <ele>415</ele>
        <time>2024-11-02T05:06:55Z</time>
        <cmt>speed: 0.2</cmt>
      </trkpt>
      <trkpt lat="47.359729" lon="8.558039">
        <ele>440</ele>
        <time>2024-11-02T05:16:46Z</time>
        <cmt>speed: 0.3</cmt>
      </trkpt>
      <trkpt lat="47.360642" lon="8.557239">
        <ele>432</ele>
        <time>2024-11-02T05:26:48Z</time>
        <cmt>speed: 1.9</cmt>
      </trkpt>
      <trkpt lat="47.360759" lon="8.557266">
        <ele>396</ele>
        <time>2024-11-02T05:36:44Z</time>
        <cmt>speed: 0.8</cmt>
      </trkpt>
      <trkpt lat="47.360597" lon="8.556593">
        <ele>477</ele>
        <time>2024-11-02T05:46:42Z</time>
        <cmt>speed: 0.7</cmt>
      </trkpt>
      <trkpt lat="47.361341" lon="8.557204">
        <ele>424</ele>
        <time>2024-11-02T05:56:43Z</time>
        <cmt>speed: 1.1</cmt>
      </trkpt>
      <trkpt lat="47.361429" lon="8.556795">
        <ele>431</ele>
        <time>2024-11-02T06:06:45Z</time>
        <cmt>speed: 0.2</cmt>
      </trkpt>
      <trkpt lat="47.361002" lon="8.556974">
        <ele>409</ele>
        <time>2024-11-02T06:16:44Z</time>
        <cmt>speed: 0.2</cmt>
      </trkpt>
      <trkpt lat="47.359945" lon="8.557686">
        <ele>417</ele>
        <time>2024-11-02T06:26:44Z</time>
        <cmt>speed: 0.7</cmt>
      </trkpt>
      <trkpt lat="47.360214" lon="8.5605">
        <ele>445</ele>
        <time>2024-11-02T06:36:45Z</time>
        <cmt>speed: 0.4</cmt>
      </trkpt>
      <trkpt lat="47.360214" lon="8.5605">
        <ele>445</ele>
        <time>2024-11-02T06:46:45Z</time>
      </trkpt>
      <trkpt lat="47.360163" lon="8.561027">
        <ele>450</ele>
        <time>2024-11-02T06:46:53Z</time>
        <cmt>speed: 0.7</cmt>
      </trkpt>
      <trkpt lat="47.360163" lon="8.561027">
        <ele>450</ele>
        <time>2024-11-02T07:06:37Z</time>
      </trkpt>
      <trkpt lat="47.359965" lon="8.561115">
        <ele>416</ele>
        <time>2024-11-02T07:06:46Z</time>
        <cmt>speed: 0.5</cmt>
      </trkpt>
      <trkpt lat="47.359959" lon="8.563643">
        <ele>434</ele>
        <time>2024-11-02T07:12:12Z</time>
      </trkpt>
      <trkpt lat="47.359959" lon="8.563643">
        <ele>434</ele>
        <time>2024-11-02T07:14:18Z</time>
      </trkpt>
      <trkpt lat="47.359959" lon="8.563643">
        <ele>434</ele>
        <time>2024-11-02T07:14:21Z</time>
      </trkpt>
      <trkpt lat="47.359959" lon="8.563643">
        <ele>434</ele>
        <time>2024-11-02T07:14:26Z</time>
      </trkpt>
      <trkpt lat="47.359959" lon="8.563643">
        <ele>434</ele>
        <time>2024-11-02T07:24:26Z</time>
      </trkpt>
      <trkpt lat="47.359959" lon="8.563643">
        <ele>434</ele>
        <time>2024-11-02T07:34:26Z</time>
      </trkpt>
      <trkpt lat="47.359959" lon="8.563643">
        <ele>434</ele>
        <time>2024-11-02T07:44:26Z</time>
      </trkpt>
      <trkpt lat="47.359959" lon="8.563643">
        <ele>434</ele>
        <time>2024-11-02T07:54:26Z</time>
      </trkpt>
      <trkpt lat="47.359959" lon="8.563643">
        <ele>434</ele>
        <time>2024-11-02T08:04:26Z</time>
      </trkpt>
      <trkpt lat="47.359959" lon="8.563643">
        <ele>434</ele>
        <time>2024-11-02T08:14:26Z</time>
      </trkpt>
      <trkpt lat="47.359959" lon="8.563643">
        <ele>434</ele>
        <time>2024-11-02T08:24:26Z</time>
      </trkpt>
      <trkpt lat="47.359959" lon="8.563643">
        <ele>434</ele>
        <time>2024-11-02T08:34:26Z</time>
      </trkpt>
      <trkpt lat="47.359959" lon="8.563643">
        <ele>434</ele>
        <time>2024-11-02T08:44:26Z</time>
      </trkpt>
      <trkpt lat="47.359959" lon="8.563643">
        <ele>434</ele>
        <time>2024-11-02T08:54:26Z</time>
      </trkpt>
      <trkpt lat="47.359959" lon="8.563643">
        <ele>434</ele>
        <time>2024-11-02T09:04:26Z</time>
      </trkpt>
      <trkpt lat="47.359959" lon="8.563643">
        <ele>434</ele>
        <time>2024-11-02T09:08:19Z</time>
      </trkpt>
      <trkpt lat="47.359959" lon="8.563643">
        <ele>434</ele>
        <time>2024-11-02T09:18:19Z</time>
      </trkpt>
      <trkpt lat="47.359959" lon="8.563643">
        <ele>434</ele>
        <time>2024-11-02T09:28:19Z</time>
      </trkpt>
      <trkpt lat="47.359959" lon="8.563643">
        <ele>434</ele>
        <time>2024-11-02T09:38:19Z</time>
      </trkpt>
      <trkpt lat="47.359959" lon="8.563643">
        <ele>434</ele>
        <time>2024-11-02T09:48:19Z</time>
      </trkpt>
      <trkpt lat="47.359959" lon="8.563643">
        <ele>434</ele>
        <time>2024-11-02T09:58:19Z</time>
      </trkpt>
      <trkpt lat="47.359959" lon="8.563643">
        <ele>434</ele>
        <time>2024-11-02T10:08:19Z</time>
      </trkpt>
      <trkpt lat="47.359959" lon="8.563643">
        <ele>434</ele>
        <time>2024-11-02T10:18:19Z</time>
      </trkpt>
      <trkpt lat="47.359959" lon="8.563643">
        <ele>434</ele>
        <time>2024-11-02T10:28:19Z</time>
      </trkpt>
      <trkpt lat="47.359959" lon="8.563643">
        <ele>434</ele>
        <time>2024-11-02T10:38:19Z</time>
      </trkpt>
      <trkpt lat="47.359959" lon="8.563643">
        <ele>434</ele>
        <time>2024-11-02T10:48:19Z</time>
      </trkpt>
      <trkpt lat="47.359959" lon="8.563643">
        <ele>434</ele>
        <time>2024-11-02T10:58:19Z</time>
      </trkpt>
      <trkpt lat="47.359959" lon="8.563643">
        <ele>434</ele>
        <time>2024-11-02T11:08:19Z</time>
      </trkpt>
      <trkpt lat="47.359959" lon="8.563643">
        <ele>434</ele>
        <time>2024-11-02T11:18:19Z</time>
      </trkpt>
      <trkpt lat="47.359959" lon="8.563643">
        <ele>434</ele>
        <time>2024-11-02T11:28:19Z</time>
      </trkpt>
      <trkpt lat="47.359959" lon="8.563643">
        <ele>434</ele>
        <time>2024-11-02T11:38:19Z</time>
      </trkpt>
      <trkpt lat="47.359959" lon="8.563643">
        <ele>434</ele>
        <time>2024-11-02T11:48:19Z</time>
      </trkpt>
      <trkpt lat="47.359959" lon="8.563643">
        <ele>434</ele>
        <time>2024-11-02T11:58:19Z</time>
      </trkpt>
      <trkpt lat="47.359959" lon="8.563643">
        <ele>434</ele>
        <time>2024-11-02T12:08:19Z</time>
      </trkpt>
      <trkpt lat="47.359959" lon="8.563643">
        <ele>434</ele>
        <time>2024-11-02T12:18:19Z</time>
      </trkpt>
      <trkpt lat="47.359959" lon="8.563643">
        <ele>434</ele>
        <time>2024-11-02T12:28:19Z</time>
      </trkpt>
      <trkpt lat="47.359959" lon="8.563643">
        <ele>434</ele>
        <time>2024-11-02T12:38:19Z</time>
      </trkpt>
      <trkpt lat="47.359959" lon="8.563643">
        <ele>434</ele>
        <time>2024-11-02T12:48:19Z</time>
      </trkpt>
      <trkpt lat="47.359959" lon="8.563643">
        <ele>434</ele>
        <time>2024-11-02T12:58:19Z</time>
      </trkpt>
      <trkpt lat="47.359959" lon="8.563643">
        <ele>434</ele>
        <time>2024-11-02T13:08:19Z</time>
      </trkpt>
      <trkpt lat="47.359959" lon="8.563643">
        <ele>434</ele>
        <time>2024-11-02T13:18:19Z</time>
      </trkpt>
      <trkpt lat="47.359959" lon="8.563643">
        <ele>434</ele>
        <time>2024-11-02T13:28:19Z</time>
      </trkpt>
      <trkpt lat="47.359959" lon="8.563643">
        <ele>434</ele>
        <time>2024-11-02T13:38:19Z</time>
      </trkpt>
      <trkpt lat="47.359959" lon="8.563643">
        <ele>434</ele>
        <time>2024-11-02T13:48:19Z</time>
      </trkpt>
      <trkpt lat="47.359959" lon="8.563643">
        <ele>434</ele>
        <time>2024-11-02T13:58:19Z</time>
      </trkpt>
      <trkpt lat="47.359959" lon="8.563643">
        <ele>434</ele>
        <time>2024-11-02T14:08:19Z</time>
      </trkpt>
      <trkpt lat="47.359959" lon="8.563643">
        <ele>434</ele>
        <time>2024-11-02T14:18:19Z</time>
      </trkpt>
      <trkpt lat="47.359959" lon="8.563643">
        <ele>434</ele>
        <time>2024-11-02T14:28:19Z</time>
      </trkpt>
      <trkpt lat="47.359959" lon="8.563643">
        <ele>434</ele>
        <time>2024-11-02T14:38:19Z</time>
      </trkpt>
      <trkpt lat="47.359959" lon="8.563643">
        <ele>434</ele>
        <time>2024-11-02T14:48:19Z</time>
      </trkpt>
      <trkpt lat="47.359959" lon="8.563643">
        <ele>434</ele>
        <time>2024-11-02T14:58:19Z</time>
      </trkpt>
      <trkpt lat="47.359959" lon="8.563643">
        <ele>434</ele>
        <time>2024-11-02T15:08:19Z</time>
      </trkpt>
      <trkpt lat="47.359959" lon="8.563643">
        <ele>434</ele>
        <time>2024-11-02T15:18:19Z</time>
      </trkpt>
      <trkpt lat="47.359959" lon="8.563643">
        <ele>434</ele>
        <time>2024-11-02T15:28:19Z</time>
      </trkpt>
      <trkpt lat="47.359959" lon="8.563643">
        <ele>434</ele>
        <time>2024-11-02T15:38:19Z</time>
      </trkpt>
      <trkpt lat="47.359959" lon="8.563643">
        <ele>434</ele>
        <time>2024-11-02T15:40:48Z</time>
      </trkpt>
      <trkpt lat="47.359536" lon="8.563338">
        <ele>474</ele>
        <time>2024-11-02T15:44:53Z</time>
        <cmt>speed: 0.3</cmt>
      </trkpt>
      <trkpt lat="47.359925" lon="8.563335">
        <ele>432</ele>
        <time>2024-11-02T15:54:36Z</time>
        <cmt>speed: 0.3</cmt>
      </trkpt>
      <trkpt lat="47.360853" lon="8.561427">
        <ele>481</ele>
        <time>2024-11-02T16:04:35Z</time>
        <cmt>speed: 0.5</cmt>
      </trkpt>
      <trkpt lat="47.36031" lon="8.560504">
        <ele>428</ele>
        <time>2024-11-02T16:14:32Z</time>
        <cmt>speed: 0.3</cmt>
      </trkpt>
      <trkpt lat="47.360029" lon="8.559678">
        <ele>406</ele>
        <time>2024-11-02T16:24:38Z</time>
        <cmt>speed: 0.4</cmt>
      </trkpt>
      <trkpt lat="47.359714" lon="8.558063">
        <ele>419</ele>
        <time>2024-11-02T16:34:35Z</time>
        <cmt>speed: 0.9</cmt>
      </trkpt>
      <trkpt lat="47.36011" lon="8.557796">
        <ele>460</ele>
        <time>2024-11-02T16:44:33Z</time>
        <cmt>speed: 0.5</cmt>
      </trkpt>
      <trkpt lat="47.360709" lon="8.557739">
        <ele>437</ele>
        <time>2024-11-02T16:54:55Z</time>
        <cmt>speed: 0.2</cmt>
      </trkpt>
      <trkpt lat="47.360709" lon="8.557739">
        <ele>437</ele>
        <time>2024-11-02T17:04:23Z</time>
      </trkpt>
      <trkpt lat="47.360895" lon="8.55753">
        <ele>419</ele>
        <time>2024-11-02T17:04:33Z</time>
        <cmt>speed: 0.3</cmt>
      </trkpt>
      <trkpt lat="47.361458" lon="8.558756">
        <ele>416</ele>
        <time>2024-11-02T17:14:33Z</time>
        <cmt>speed: 1.2</cmt>
      </trkpt>
      <trkpt lat="47.361138" lon="8.558181">
        <ele>434</ele>
        <time>2024-11-02T17:24:35Z</time>
        <cmt>speed: 0.4</cmt>
      </trkpt>
      <trkpt lat="47.360722" lon="8.557514">
        <ele>443</ele>
        <time>2024-11-02T17:34:36Z</time>
        <cmt>speed: 0.2</cmt>
      </trkpt>
      <trkpt lat="47.360722" lon="8.557514">
        <ele>443</ele>
        <time>2024-11-02T17:44:24Z</time>
      </trkpt>
      <trkpt lat="47.360416" lon="8.557797">
        <ele>444</ele>
        <time>2024-11-02T17:44:34Z</time>
        <cmt>speed: 0.1</cmt>
      </trkpt>
      <trkpt lat="47.360784" lon="8.557409">
        <ele>426</ele>
        <time>2024-11-02T17:54:34Z</time>
        <cmt>speed: 0.4</cmt>
      </trkpt>
      <trkpt lat="47.360571" lon="8.557272">
        <ele>397</ele>
        <time>2024-11-02T18:04:32Z</time>
        <cmt>speed: 0.2</cmt>
      </trkpt>
      <trkpt lat="47.36049" lon="8.557628">
        <ele>423</ele>
        <time>2024-11-02T18:14:33Z</time>
        <cmt>speed: 0.1</cmt>
      </trkpt>
      <trkpt lat="47.36049" lon="8.557628">
        <ele>423</ele>
        <time>2024-11-02T18:24:23Z</time>
      </trkpt>
      <trkpt lat="47.360494" lon="8.557478">
        <ele>433</ele>
        <time>2024-11-02T18:24:33Z</time>
        <cmt>speed: 0.2</cmt>
      </trkpt>
      <trkpt lat="47.360222" lon="8.557366">
        <ele>429</ele>
        <time>2024-11-02T18:34:33Z</time>
        <cmt>speed: 0.4</cmt>
      </trkpt>
      <trkpt lat="47.360222" lon="8.557366">
        <ele>429</ele>
        <time>2024-11-02T18:44:23Z</time>
      </trkpt>
      <trkpt lat="47.360726" lon="8.557567">
        <ele>458</ele>
        <time>2024-11-02T18:44:33Z</time>
        <cmt>speed: 2.0</cmt>
      </trkpt>
      <trkpt lat="47.360098" lon="8.55759">
        <ele>442</ele>
        <time>2024-11-02T18:54:34Z</time>
        <cmt>speed: 2.0</cmt>
      </trkpt>
      <trkpt lat="47.360713" lon="8.557533">
        <ele>454</ele>
        <time>2024-11-02T19:04:34Z</time>
        <cmt>speed: 0.7</cmt>
      </trkpt>
      <trkpt lat="47.360628" lon="8.559706">
        <ele>407</ele>
        <time>2024-11-02T19:14:33Z</time>
        <cmt>speed: 0.5</cmt>
      </trkpt>
      <trkpt lat="47.360045" lon="8.561132">
        <ele>468</ele>
        <time>2024-11-02T19:24:34Z</time>
        <cmt>speed: 1.3</cmt>
      </trkpt>
      <trkpt lat="47.359943" lon="8.561481">
        <ele>427</ele>
        <time>2024-11-02T19:34:37Z</time>
        <cmt>speed: 0.2</cmt>
      </trkpt>
      <trkpt lat="47.358681" lon="8.562834">
        <ele>446</ele>
        <time>2024-11-02T19:54:34Z</time>
        <cmt>speed: 0.0</cmt>
      </trkpt>
      <trkpt lat="47.358485" lon="8.562866">
        <ele>448</ele>
        <time>2024-11-02T20:04:32Z</time>
        <cmt>speed: 0.2</cmt>
      </trkpt>
      <trkpt lat="47.358485" lon="8.562866">
        <ele>448</ele>
        <time>2024-11-02T20:04:32Z</time>
      </trkpt>
      <trkpt lat="47.358522" lon="8.562801">
        <ele>443</ele>
        <time>2024-11-02T20:14:33Z</time>
        <cmt>speed: 0.6</cmt>
      </trkpt>
      <trkpt lat="47.358484" lon="8.562782">
        <ele>452</ele>
        <time>2024-11-02T20:24:33Z</time>
        <cmt>speed: 0.7</cmt>
      </trkpt>
      <trkpt lat="47.358484" lon="8.562782">
        <ele>452</ele>
        <time>2024-11-02T20:24:33Z</time>
      </trkpt>
      <trkpt lat="47.35837" lon="8.563">
        <ele>459</ele>
        <time>2024-11-02T20:34:33Z</time>
        <cmt>speed: 0.4</cmt>
      </trkpt>
      <trkpt lat="47.358075" lon="8.562242">
        <ele>423</ele>
        <time>2024-11-02T20:44:35Z</time>
        <cmt>speed: 0.2</cmt>
      </trkpt>
      <trkpt lat="47.357734" lon="8.560642">
        <ele>453</ele>
        <time>2024-11-02T20:54:34Z</time>
        <cmt>speed: 0.1</cmt>
      </trkpt>
      <trkpt lat="47.358823" lon="8.560896">
        <ele>396</ele>
        <time>2024-11-02T21:04:33Z</time>
        <cmt>speed: 0.1</cmt>
      </trkpt>
      <trkpt lat="47.358823" lon="8.560896">
        <ele>396</ele>
        <time>2024-11-02T21:04:33Z</time>
      </trkpt>
      <trkpt lat="47.359571" lon="8.561154">
        <ele>464</ele>
        <time>2024-11-02T21:14:40Z</time>
        <cmt>speed: 3.9</cmt>
      </trkpt>
      <trkpt lat="47.360328" lon="8.561486">
        <ele>440</ele>
        <time>2024-11-02T21:24:34Z</time>
        <cmt>speed: 0.1</cmt>
      </trkpt>
      <trkpt lat="47.359745" lon="8.559154">
        <ele>459</ele>
        <time>2024-11-02T21:34:35Z</time>
        <cmt>speed: 0.0</cmt>
      </trkpt>
      <trkpt lat="47.359644" lon="8.5581">
        <ele>393</ele>
        <time>2024-11-02T21:44:32Z</time>
        <cmt>speed: 0.4</cmt>
      </trkpt>
      <trkpt lat="47.360145" lon="8.556747">
        <ele>463</ele>
        <time>2024-11-02T21:54:36Z</time>
        <cmt>speed: 0.6</cmt>
      </trkpt>
      <trkpt lat="47.359604" lon="8.555968">
        <ele>440</ele>
        <time>2024-11-02T22:04:36Z</time>
        <cmt>speed: 0.0</cmt>
      </trkpt>
      <trkpt lat="47.359647" lon="8.556197">
        <ele>432</ele>
        <time>2024-11-02T22:14:42Z</time>
        <cmt>speed: 0.2</cmt>
      </trkpt>
      <trkpt lat="47.359673" lon="8.556299">
        <ele>401</ele>
        <time>2024-11-02T22:17:01Z</time>
        <cmt>speed: 0.1</cmt>
      </trkpt>
      <trkpt lat="47.359647" lon="8.556223">
        <ele>418</ele>
        <time>2024-11-02T22:17:05Z</time>
        <cmt>speed: 0.2</cmt>
      </trkpt>
      <trkpt lat="47.359643" lon="8.556211">
        <ele>421</ele>
        <time>2024-11-02T22:17:09Z</time>
        <cmt>speed: 0.0</cmt>
      </trkpt>
      <trkpt lat="47.359643" lon="8.556211">
        <ele>421</ele>
        <time>2024-11-02T22:17:13Z</time>
        <cmt>speed: 0.0</cmt>
      </trkpt>
      <trkpt lat="47.359643" lon="8.556211">
        <ele>421</ele>
        <time>2024-11-02T22:17:17Z</time>
        <cmt>speed: 0.0</cmt>
      </trkpt>
      <trkpt lat="47.359672" lon="8.556251">
        <ele>423</ele>
        <time>2024-11-02T22:17:21Z</time>
        <cmt>speed: 0.0</cmt>
      </trkpt>
      <trkpt lat="47.359672" lon="8.556251">
        <ele>423</ele>
        <time>2024-11-02T22:17:25Z</time>
        <cmt>speed: 0.0</cmt>
      </trkpt>
      <trkpt lat="47.359672" lon="8.556251">
        <ele>423</ele>
        <time>2024-11-02T22:17:29Z</time>
        <cmt>speed: 0.0</cmt>
      </trkpt>
      <trkpt lat="47.359672" lon="8.556251">
        <ele>423</ele>
        <time>2024-11-02T22:17:33Z</time>
        <cmt>speed: 0.0</cmt>
      </trkpt>
      <trkpt lat="47.359672" lon="8.556251">
        <ele>423</ele>
        <time>2024-11-02T22:17:37Z</time>
        <cmt>speed: 0.0</cmt>
      </trkpt>
      <trkpt lat="47.359791" lon="8.555971">
        <ele>461</ele>
        <time>2024-11-02T22:24:07Z</time>
        <cmt>speed: 1.4</cmt>
      </trkpt>
      <trkpt lat="47.359755" lon="8.555825">
        <ele>434</ele>
        <time>2024-11-02T22:24:11Z</time>
        <cmt>speed: 1.9</cmt>
      </trkpt>
      <trkpt lat="47.359712" lon="8.555802">
        <ele>436</ele>
        <time>2024-11-02T22:24:15Z</time>
        <cmt>speed: 1.7</cmt>
      </trkpt>
      <trkpt lat="47.359664" lon="8.555674">
        <ele>422</ele>
        <time>2024-11-02T22:24:19Z</time>
        <cmt>speed: 0.5</cmt>
      </trkpt>
      <trkpt lat="47.359617" lon="8.555658">
        <ele>417</ele>
        <time>2024-11-02T22:24:23Z</time>
        <cmt>speed: 1.5</cmt>
      </trkpt>
      <trkpt lat="47.359599" lon="8.555593">
        <ele>418</ele>
        <time>2024-11-02T22:24:27Z</time>
        <cmt>speed: 0.3</cmt>
      </trkpt>
      <trkpt lat="47.359549" lon="8.555625">
        <ele>397</ele>
        <time>2024-11-02T22:24:33Z</time>
        <cmt>speed: 0.3</cmt>
      </trkpt>
      <trkpt lat="47.359915" lon="8.555159">
        <ele>413</ele>
        <time>2024-11-02T22:34:34Z</time>
        <cmt>speed: 1.0</cmt>
      </trkpt>
      <trkpt lat="47.361211" lon="8.556436">
        <ele>427</ele>
        <time>2024-11-02T22:44:34Z</time>
        <cmt>speed: 0.5</cmt>
      </trkpt>
      <trkpt lat="47.359597" lon="8.557765">
        <ele>443</ele>
        <time>2024-11-02T22:52:29Z</time>
        <cmt>speed: 0.3</cmt>
      </trkpt>
      <trkpt lat="47.359675" lon="8.557328">
        <ele>425</ele>
        <time>2024-11-02T22:52:33Z</time>
        <cmt>speed: 0.0</cmt>
      </trkpt>
      <trkpt lat="47.359692" lon="8.557411">
        <ele>427</ele>
        <time>2024-11-02T22:52:37Z</time>
        <cmt>speed: 0.5</cmt>
      </trkpt>
      <trkpt lat="47.359692" lon="8.557411">
        <ele>427</ele>
        <time>2024-11-02T22:52:41Z</time>
        <cmt>speed: 0.0</cmt>
      </trkpt>
      <trkpt lat="47.359692" lon="8.557411">
        <ele>427</ele>
        <time>2024-11-02T22:52:45Z</time>
        <cmt>speed: 0.0</cmt>
      </trkpt>
      <trkpt lat="47.359692" lon="8.557411">
        <ele>427</ele>
        <time>2024-11-02T22:52:49Z</time>
        <cmt>speed: 0.0</cmt>
      </trkpt>
      <trkpt lat="47.359692" lon="8.557411">
        <ele>427</ele>
        <time>2024-11-02T22:52:53Z</time>
        <cmt>speed: 0.0</cmt>
      </trkpt>
      <trkpt lat="47.359923" lon="8.557738">
        <ele>421</ele>
        <time>2024-11-02T22:54:34Z</time>
        <cmt>speed: 0.9</cmt>
      </trkpt>
      <trkpt lat="47.360691" lon="8.557654">
        <ele>423</ele>
        <time>2024-11-02T23:04:35Z</time>
        <cmt>speed: 0.2</cmt>
      </trkpt>
      <trkpt lat="47.360918" lon="8.557417">
        <ele>465</ele>
        <time>2024-11-02T23:11:46Z</time>
        <cmt>speed: 0.1</cmt>
      </trkpt>
      <trkpt lat="47.360918" lon="8.557417">
        <ele>465</ele>
        <time>2024-11-02T23:11:50Z</time>
        <cmt>speed: 0.0</cmt>
      </trkpt>
      <trkpt lat="47.360918" lon="8.557417">
        <ele>465</ele>
        <time>2024-11-02T23:11:54Z</time>
        <cmt>speed: 0.0</cmt>
      </trkpt>
      <trkpt lat="47.360918" lon="8.557417">
        <ele>465</ele>
        <time>2024-11-02T23:11:58Z</time>
        <cmt>speed: 0.0</cmt>
      </trkpt>
      <trkpt lat="47.360918" lon="8.557417">
        <ele>465</ele>
        <time>2024-11-02T23:12:02Z</time>
        <cmt>speed: 0.0</cmt>
      </trkpt>
      <trkpt lat="47.360918" lon="8.557417">
        <ele>465</ele>
        <time>2024-11-02T23:12:06Z</time>
        <cmt>speed: 0.0</cmt>
      </trkpt>
      <trkpt lat="47.3607" lon="8.557435">
        <ele>454</ele>
        <time>2024-11-02T23:14:37Z</time>
        <cmt>speed: 0.1</cmt>
      </trkpt>
      <trkpt lat="47.3607" lon="8.557435">
        <ele>454</ele>
        <time>2024-11-02T23:24:32Z</time>
      </trkpt>
      <trkpt lat="47.360696" lon="8.557481">
        <ele>400</ele>
        <time>2024-11-02T23:24:35Z</time>
        <cmt>speed: 0.4</cmt>
      </trkpt>
      <trkpt lat="47.360641" lon="8.557624">
        <ele>439</ele>
        <time>2024-11-02T23:24:39Z</time>
        <cmt>speed: 0.0</cmt>
      </trkpt>
      <trkpt lat="47.360641" lon="8.557624">
        <ele>439</ele>
        <time>2024-11-02T23:24:43Z</time>
        <cmt>speed: 0.0</cmt>
      </trkpt>
      <trkpt lat="47.360641" lon="8.557624">
        <ele>439</ele>
        <time>2024-11-02T23:24:47Z</time>
        <cmt>speed: 0.0</cmt>
      </trkpt>
      <trkpt lat="47.360641" lon="8.557624">
        <ele>439</ele>
        <time>2024-11-02T23:24:51Z</time>
        <cmt>speed: 0.0</cmt>
      </trkpt>
      <trkpt lat="47.360946" lon="8.557534">
        <ele>468</ele>
        <time>2024-11-02T23:34:40Z</time>
        <cmt>speed: 0.3</cmt>
      </trkpt>
      <trkpt lat="47.360604" lon="8.557552">
        <ele>430</ele>
        <time>2024-11-02T23:44:04Z</time>
        <cmt>speed: 0.1</cmt>
      </trkpt>
      <trkpt lat="47.360743" lon="8.5576">
        <ele>449</ele>
        <time>2024-11-02T23:44:08Z</time>
        <cmt>speed: 0.0</cmt>
      </trkpt>
      <trkpt lat="47.360742" lon="8.557638">
        <ele>447</ele>
        <time>2024-11-02T23:44:12Z</time>
        <cmt>speed: 0.1</cmt>
      </trkpt>
      <trkpt lat="47.360739" lon="8.557662">
        <ele>449</ele>
        <time>2024-11-02T23:44:16Z</time>
        <cmt>speed: 0.0</cmt>
      </trkpt>
      <trkpt lat="47.360739" lon="8.557662">
        <ele>449</ele>
        <time>2024-11-02T23:44:20Z</time>
        <cmt>speed: 0.0</cmt>
      </trkpt>
      <trkpt lat="47.360739" lon="8.557662">
        <ele>449</ele>
        <time>2024-11-02T23:44:24Z</time>
        <cmt>speed: 0.0</cmt>
      </trkpt>
      <trkpt lat="47.360739" lon="8.557662">
        <ele>449</ele>
        <time>2024-11-02T23:44:28Z</time>
        <cmt>speed: 0.0</cmt>
      </trkpt>
      <trkpt lat="47.360739" lon="8.557662">
        <ele>449</ele>
        <time>2024-11-02T23:44:32Z</time>
        <cmt>speed: 0.0</cmt>
      </trkpt>
      <trkpt lat="47.360739" lon="8.557662">
        <ele>449</ele>
        <time>2024-11-02T23:44:36Z</time>
        <cmt>speed: 0.0</cmt>
      </trkpt>
      <trkpt lat="47.360519" lon="8.5577">
        <ele>449</ele>
        <time>2024-11-02T23:46:47Z</time>
        <cmt>speed: 0.1</cmt>
      </trkpt>
      <trkpt lat="47.360553" lon="8.557785">
        <ele>421</ele>
        <time>2024-11-02T23:56:47Z</time>
        <cmt>speed: 0.2</cmt>
      </trkpt>
      <trkpt lat="47.360597" lon="8.557631">
        <ele>424</ele>
        <time>2024-11-03T00:06:26Z</time>
        <cmt>speed: 0.3</cmt>
      </trkpt>
      <trkpt lat="47.360541" lon="8.557623">
        <ele>430</ele>
        <time>2024-11-03T00:06:30Z</time>
        <cmt>speed: 0.0</cmt>
      </trkpt>
      <trkpt lat="47.360541" lon="8.557623">
        <ele>430</ele>
        <time>2024-11-03T00:06:34Z</time>
        <cmt>speed: 0.0</cmt>
      </trkpt>
      <trkpt lat="47.360541" lon="8.557623">
        <ele>430</ele>
        <time>2024-11-03T00:06:38Z</time>
        <cmt>speed: 0.0</cmt>
      </trkpt>
      <trkpt lat="47.360541" lon="8.557623">
        <ele>430</ele>
        <time>2024-11-03T00:06:42Z</time>
        <cmt>speed: 0.0</cmt>
      </trkpt>
      <trkpt lat="47.360541" lon="8.557623">
        <ele>430</ele>
        <time>2024-11-03T00:06:46Z</time>
        <cmt>speed: 0.0</cmt>
      </trkpt>
      <trkpt lat="47.360541" lon="8.557623">
        <ele>430</ele>
        <time>2024-11-03T00:06:51Z</time>
        <cmt>speed: 0.0</cmt>
      </trkpt>
      <trkpt lat="47.360541" lon="8.557623">
        <ele>430</ele>
        <time>2024-11-03T00:06:55Z</time>
        <cmt>speed: 0.0</cmt>
      </trkpt>
      <trkpt lat="47.360541" lon="8.557623">
        <ele>430</ele>
        <time>2024-11-03T00:06:59Z</time>
        <cmt>speed: 0.0</cmt>
      </trkpt>
      <trkpt lat="47.360541" lon="8.557623">
        <ele>430</ele>
        <time>2024-11-03T00:07:03Z</time>
        <cmt>speed: 0.0</cmt>
      </trkpt>
      <trkpt lat="47.360541" lon="8.557623">
        <ele>430</ele>
        <time>2024-11-03T00:07:07Z</time>
        <cmt>speed: 0.0</cmt>
      </trkpt>
      <trkpt lat="47.360541" lon="8.557623">
        <ele>430</ele>
        <time>2024-11-03T00:07:11Z</time>
        <cmt>speed: 0.0</cmt>
      </trkpt>
      <trkpt lat="47.360541" lon="8.557623">
        <ele>430</ele>
        <time>2024-11-03T00:07:16Z</time>
        <cmt>speed: 0.0</cmt>
      </trkpt>
      <trkpt lat="47.360541" lon="8.557623">
        <ele>430</ele>
        <time>2024-11-03T00:07:20Z</time>
        <cmt>speed: 0.0</cmt>
      </trkpt>
      <trkpt lat="47.360541" lon="8.557623">
        <ele>430</ele>
        <time>2024-11-03T00:07:24Z</time>
        <cmt>speed: 0.0</cmt>
      </trkpt>
      <trkpt lat="47.360541" lon="8.557623">
        <ele>430</ele>
        <time>2024-11-03T00:07:28Z</time>
        <cmt>speed: 0.0</cmt>
      </trkpt>
      <trkpt lat="47.360568" lon="8.5576">
        <ele>456</ele>
        <time>2024-11-03T00:07:42Z</time>
        <cmt>speed: 0.5</cmt>
      </trkpt>
      <trkpt lat="47.359896" lon="8.557928">
        <ele>406</ele>
        <time>2024-11-03T00:17:40Z</time>
        <cmt>speed: 0.1</cmt>
      </trkpt>
      <trkpt lat="47.35952" lon="8.558776">
        <ele>427</ele>
        <time>2024-11-03T00:27:41Z</time>
        <cmt>speed: 1.7</cmt>
      </trkpt>
      <trkpt lat="47.360157" lon="8.561581">
        <ele>449</ele>
        <time>2024-11-03T00:37:42Z</time>
        <cmt>speed: 0.0</cmt>
      </trkpt>
      <trkpt lat="47.35905" lon="8.564149">
        <ele>440</ele>
        <time>2024-11-03T00:47:41Z</time>
        <cmt>speed: 0.7</cmt>
      </trkpt>
      <trkpt lat="47.358611" lon="8.564898">
        <ele>439</ele>
        <time>2024-11-03T00:57:43Z</time>
        <cmt>speed: 0.1</cmt>
      </trkpt>
      <trkpt lat="47.358446" lon="8.563916">
        <ele>475</ele>
        <time>2024-11-03T01:07:40Z</time>
        <cmt>speed: 0.3</cmt>
      </trkpt>
      <trkpt lat="47.358446" lon="8.563916">
        <ele>475</ele>
        <time>2024-11-03T01:07:40Z</time>
      </trkpt>
      <trkpt lat="47.359224" lon="8.562999">
        <ele>467</ele>
        <time>2024-11-03T01:17:39Z</time>
        <cmt>speed: 2.1</cmt>
      </trkpt>
      <trkpt lat="47.35914" lon="8.561301">
        <ele>468</ele>
        <time>2024-11-03T01:27:41Z</time>
        <cmt>speed: 2.6</cmt>
      </trkpt>
      <trkpt lat="47.35903" lon="8.560628">
        <ele>424</ele>
        <time>2024-11-03T01:37:42Z</time>
        <cmt>speed: 0.0</cmt>
      </trkpt>
      <trkpt lat="47.359731" lon="8.561441">
        <ele>450</ele>
        <time>2024-11-03T01:47:44Z</time>
        <cmt>speed: 1.1</cmt>
      </trkpt>
      <trkpt lat="47.360042" lon="8.561991">
        <ele>423</ele>
        <time>2024-11-03T01:57:45Z</time>
        <cmt>speed: 0.5</cmt>
      </trkpt>
      <trkpt lat="47.36067" lon="8.561406">
        <ele>446</ele>
        <time>2024-11-03T02:07:39Z</time>
        <cmt>speed: 0.0</cmt>
      </trkpt>
      <trkpt lat="47.360815" lon="8.561533">
        <ele>434</ele>
        <time>2024-11-03T02:17:41Z</time>
        <cmt>speed: 0.0</cmt>
      </trkpt>
      <trkpt lat="47.360257" lon="8.561477">
        <ele>459</ele>
        <time>2024-11-03T02:27:41Z</time>
        <cmt>speed: 0.2</cmt>
      </trkpt>
      <trkpt lat="47.360027" lon="8.559164">
        <ele>460</ele>
        <time>2024-11-03T02:47:54Z</time>
        <cmt>speed: 0.2</cmt>
      </trkpt>
      <trkpt lat="47.359591" lon="8.558175">
        <ele>500</ele>
        <time>2024-11-03T02:57:41Z</time>
        <cmt>speed: 0.5</cmt>
      </trkpt>
      <trkpt lat="47.360178" lon="8.557325">
        <ele>422</ele>
        <time>2024-11-03T03:07:45Z</time>
        <cmt>speed: 0.2</cmt>
      </trkpt>
      <trkpt lat="47.3605" lon="8.557694">
        <ele>426</ele>
        <time>2024-11-03T03:17:46Z</time>
        <cmt>speed: 1.3</cmt>
      </trkpt>
      <trkpt lat="47.36014" lon="8.558669">
        <ele>438</ele>
        <time>2024-11-03T03:27:41Z</time>
        <cmt>speed: 0.9</cmt>
      </trkpt>
      <trkpt lat="47.36014" lon="8.558669">
        <ele>438</ele>
        <time>2024-11-03T03:27:41Z</time>
      </trkpt>
      <trkpt lat="47.359887" lon="8.561298">
        <ele>467</ele>
        <time>2024-11-03T03:37:44Z</time>
        <cmt>speed: 0.3</cmt>
      </trkpt>
      <trkpt lat="47.359585" lon="8.563425">
        <ele>438</ele>
        <time>2024-11-03T03:48:27Z</time>
        <cmt>speed: 1.7</cmt>
      </trkpt>
      <trkpt lat="47.359921" lon="8.563688">
        <ele>442</ele>
        <time>2024-11-03T03:57:45Z</time>
        <cmt>speed: 0.7</cmt>
      </trkpt>
      <trkpt lat="47.359974" lon="8.56367">
        <ele>434</ele>
        <time>2024-11-03T04:00:45Z</time>
      </trkpt>
      <trkpt lat="47.359974" lon="8.56367">
        <ele>434</ele>
        <time>2024-11-03T04:15:45Z</time>
      </trkpt>
      <trkpt lat="47.35949" lon="8.563359">
        <ele>483</ele>
        <time>2024-11-03T11:49:05Z</time>
        <cmt>speed: 0.5</cmt>
      </trkpt>
      <trkpt lat="47.359974" lon="8.56367">
        <ele>434</ele>
        <time>2024-11-03T11:51:17Z</time>
      </trkpt>
      <trkpt lat="47.359974" lon="8.56367">
        <ele>434</ele>
        <time>2024-11-03T12:02:11Z</time>
      </trkpt>
      <trkpt lat="47.359759" lon="8.563612">
        <ele>470</ele>
        <time>2024-11-03T12:02:18Z</time>
        <cmt>speed: 1.1</cmt>
      </trkpt>
      <trkpt lat="47.360456" lon="8.561533">
        <ele>446</ele>
        <time>2024-11-03T12:12:15Z</time>
        <cmt>speed: 0.5</cmt>
      </trkpt>
      <trkpt lat="47.358308" lon="8.560531">
        <ele>418</ele>
        <time>2024-11-03T12:22:15Z</time>
        <cmt>speed: 0.3</cmt>
      </trkpt>
      <trkpt lat="47.358308" lon="8.560531">
        <ele>418</ele>
        <time>2024-11-03T12:22:16Z</time>
      </trkpt>
      <trkpt lat="47.358928" lon="8.560996">
        <ele>458</ele>
        <time>2024-11-03T12:32:17Z</time>
        <cmt>speed: 0.2</cmt>
      </trkpt>
      <trkpt lat="47.358776" lon="8.56175">
        <ele>430</ele>
        <time>2024-11-03T12:42:16Z</time>
        <cmt>speed: 0.7</cmt>
      </trkpt>
      <trkpt lat="47.3578" lon="8.56329">
        <ele>461</ele>
        <time>2024-11-03T12:52:16Z</time>
        <cmt>speed: 0.6</cmt>
      </trkpt>
      <trkpt lat="47.3578" lon="8.56329">
        <ele>461</ele>
        <time>2024-11-03T13:02:14Z</time>
      </trkpt>
      <trkpt lat="47.357759" lon="8.563407">
        <ele>444</ele>
        <time>2024-11-03T13:02:16Z</time>
        <cmt>speed: 0.2</cmt>
      </trkpt>
      <trkpt lat="47.357917" lon="8.563454">
        <ele>414</ele>
        <time>2024-11-03T13:12:16Z</time>
        <cmt>speed: 1.1</cmt>
      </trkpt>
      <trkpt lat="47.357917" lon="8.563454">
        <ele>414</ele>
        <time>2024-11-03T13:22:14Z</time>
      </trkpt>
      <trkpt lat="47.357692" lon="8.563286">
        <ele>469</ele>
        <time>2024-11-03T13:22:16Z</time>
        <cmt>speed: 0.1</cmt>
      </trkpt>
      <trkpt lat="47.357685" lon="8.563432">
        <ele>487</ele>
        <time>2024-11-03T13:32:15Z</time>
        <cmt>speed: 1.1</cmt>
      </trkpt>
      <trkpt lat="47.358179" lon="8.563532">
        <ele>500</ele>
        <time>2024-11-03T13:42:14Z</time>
        <cmt>speed: 0.6</cmt>
      </trkpt>
      <trkpt lat="47.358179" lon="8.563532">
        <ele>500</ele>
        <time>2024-11-03T13:42:14Z</time>
      </trkpt>
      <trkpt lat="47.357865" lon="8.563107">
        <ele>432</ele>
        <time>2024-11-03T13:52:15Z</time>
        <cmt>speed: 3.1</cmt>
      </trkpt>
      <trkpt lat="47.358224" lon="8.562745">
        <ele>443</ele>
        <time>2024-11-03T14:02:16Z</time>
        <cmt>speed: 0.5</cmt>
      </trkpt>
      <trkpt lat="47.358745" lon="8.563068">
        <ele>436</ele>
        <time>2024-11-03T14:12:15Z</time>
        <cmt>speed: 0.6</cmt>
      </trkpt>
      <trkpt lat="47.358539" lon="8.563882">
        <ele>462</ele>
        <time>2024-11-03T14:22:15Z</time>
        <cmt>speed: 0.3</cmt>
      </trkpt>
      <trkpt lat="47.358116" lon="8.564276">
        <ele>452</ele>
        <time>2024-11-03T14:32:14Z</time>
        <cmt>speed: 1.3</cmt>
      </trkpt>
      <trkpt lat="47.358224" lon="8.56538">
        <ele>453</ele>
        <time>2024-11-03T14:42:14Z</time>
        <cmt>speed: 0.2</cmt>
      </trkpt>
      <trkpt lat="47.358189" lon="8.565462">
        <ele>446</ele>
        <time>2024-11-03T14:52:15Z</time>
        <cmt>speed: 0.1</cmt>
      </trkpt>
      <trkpt lat="47.358075" lon="8.565384">
        <ele>451</ele>
        <time>2024-11-03T15:02:16Z</time>
        <cmt>speed: 0.3</cmt>
      </trkpt>
      <trkpt lat="47.358597" lon="8.564905">
        <ele>455</ele>
        <time>2024-11-03T15:12:16Z</time>
        <cmt>speed: 1.2</cmt>
      </trkpt>
      <trkpt lat="47.357958" lon="8.564617">
        <ele>466</ele>
        <time>2024-11-03T15:22:16Z</time>
        <cmt>speed: 1.7</cmt>
      </trkpt>
      <trkpt lat="47.357723" lon="8.56502">
        <ele>443</ele>
        <time>2024-11-03T15:32:15Z</time>
        <cmt>speed: 0.4</cmt>
      </trkpt>
      <trkpt lat="47.357564" lon="8.565125">
        <ele>448</ele>
        <time>2024-11-03T15:42:15Z</time>
        <cmt>speed: 0.0</cmt>
      </trkpt>
      <trkpt lat="47.357612" lon="8.564764">
        <ele>411</ele>
        <time>2024-11-03T15:52:15Z</time>
        <cmt>speed: 0.1</cmt>
      </trkpt>
      <trkpt lat="47.357612" lon="8.564764">
        <ele>411</ele>
        <time>2024-11-03T16:02:12Z</time>
      </trkpt>
      <trkpt lat="47.357495" lon="8.563832">
        <ele>450</ele>
        <time>2024-11-03T16:02:15Z</time>
        <cmt>speed: 0.2</cmt>
      </trkpt>
      <trkpt lat="47.358296" lon="8.564839">
        <ele>458</ele>
        <time>2024-11-03T16:12:21Z</time>
        <cmt>speed: 0.7</cmt>
      </trkpt>
      <trkpt lat="47.35965" lon="8.563897">
        <ele>426</ele>
        <time>2024-11-03T16:22:19Z</time>
        <cmt>speed: 0.8</cmt>
      </trkpt>
      <trkpt lat="47.359974" lon="8.56367">
        <ele>434</ele>
        <time>2024-11-03T16:26:14Z</time>
      </trkpt>
      <trkpt lat="47.359959" lon="8.563643">
        <ele>434</ele>
        <time>2024-11-03T16:41:14Z</time>
      </trkpt>
      <trkpt lat="47.359959" lon="8.563643">
        <ele>434</ele>
        <time>2024-11-04T04:41:12Z</time>
      </trkpt>
      <trkpt lat="47.360033" lon="8.563664">
        <ele>431</ele>
        <time>2024-11-04T06:22:54Z</time>
        <cmt>speed: 0.9</cmt>
      </trkpt>
      <trkpt lat="47.359971" lon="8.561876">
        <ele>435</ele>
        <time>2024-11-04T06:32:45Z</time>
        <cmt>speed: 2.3</cmt>
      </trkpt>
      <trkpt lat="47.359971" lon="8.561876">
        <ele>435</ele>
        <time>2024-11-04T06:42:52Z</time>
      </trkpt>
      <trkpt lat="47.360082" lon="8.561154">
        <ele>426</ele>
        <time>2024-11-04T06:42:56Z</time>
        <cmt>speed: 0.3</cmt>
      </trkpt>
      <trkpt lat="47.35993" lon="8.561383">
        <ele>441</ele>
        <time>2024-11-04T06:52:50Z</time>
        <cmt>speed: 0.1</cmt>
      </trkpt>
      <trkpt lat="47.360331" lon="8.561431">
        <ele>457</ele>
        <time>2024-11-04T07:02:50Z</time>
        <cmt>speed: 0.9</cmt>
      </trkpt>
      <trkpt lat="47.360331" lon="8.561431">
        <ele>457</ele>
        <time>2024-11-04T07:02:50Z</time>
      </trkpt>
      <trkpt lat="47.360047" lon="8.561452">
        <ele>361</ele>
        <time>2024-11-04T07:13:05Z</time>
        <cmt>speed: 0.2</cmt>
      </trkpt>
      <trkpt lat="47.360032" lon="8.561532">
        <ele>485</ele>
        <time>2024-11-04T07:22:49Z</time>
        <cmt>speed: 0.1</cmt>
      </trkpt>
      <trkpt lat="47.360032" lon="8.561532">
        <ele>485</ele>
        <time>2024-11-04T07:22:50Z</time>
      </trkpt>
      <trkpt lat="47.360058" lon="8.56131">
        <ele>453</ele>
        <time>2024-11-04T07:32:51Z</time>
        <cmt>speed: 0.1</cmt>
      </trkpt>
      <trkpt lat="47.360058" lon="8.56131">
        <ele>453</ele>
        <time>2024-11-04T07:42:50Z</time>
      </trkpt>
      <trkpt lat="47.360136" lon="8.561498">
        <ele>453</ele>
        <time>2024-11-04T07:42:51Z</time>
        <cmt>speed: 0.7</cmt>
      </trkpt>
      <trkpt lat="47.360071" lon="8.561329">
        <ele>446</ele>
        <time>2024-11-04T07:52:49Z</time>
        <cmt>speed: 0.2</cmt>
      </trkpt>
      <trkpt lat="47.359988" lon="8.562192">
        <ele>450</ele>
        <time>2024-11-04T08:02:48Z</time>
        <cmt>speed: 0.1</cmt>
      </trkpt>
      <trkpt lat="47.359802" lon="8.562009">
        <ele>416</ele>
        <time>2024-11-04T08:12:55Z</time>
        <cmt>speed: 0.4</cmt>
      </trkpt>
      <trkpt lat="47.359802" lon="8.562009">
        <ele>416</ele>
        <time>2024-11-04T08:22:44Z</time>
      </trkpt>
      <trkpt lat="47.35999" lon="8.561984">
        <ele>442</ele>
        <time>2024-11-04T08:22:49Z</time>
        <cmt>speed: 0.4</cmt>
      </trkpt>
      <trkpt lat="47.360017" lon="8.561897">
        <ele>483</ele>
        <time>2024-11-04T08:32:49Z</time>
        <cmt>speed: 0.3</cmt>
      </trkpt>
      <trkpt lat="47.360017" lon="8.561897">
        <ele>483</ele>
        <time>2024-11-04T08:42:50Z</time>
      </trkpt>
      <trkpt lat="47.359994" lon="8.561929">
        <ele>463</ele>
        <time>2024-11-04T08:42:55Z</time>
        <cmt>speed: 0.0</cmt>
      </trkpt>
      <trkpt lat="47.359523" lon="8.561469">
        <ele>452</ele>
        <time>2024-11-04T08:52:56Z</time>
        <cmt>speed: 0.2</cmt>
      </trkpt>
      <trkpt lat="47.358243" lon="8.561056">
        <ele>412</ele>
        <time>2024-11-04T09:02:49Z</time>
        <cmt>speed: 0.3</cmt>
      </trkpt>
      <trkpt lat="47.358683" lon="8.560056">
        <ele>445</ele>
        <time>2024-11-04T09:12:45Z</time>
        <cmt>speed: 0.1</cmt>
      </trkpt>
      <trkpt lat="47.358683" lon="8.560056">
        <ele>445</ele>
        <time>2024-11-04T09:22:43Z</time>
      </trkpt>
      <trkpt lat="47.359085" lon="8.560467">
        <ele>465</ele>
        <time>2024-11-04T09:22:47Z</time>
        <cmt>speed: 0.2</cmt>
      </trkpt>
      <trkpt lat="47.359086" lon="8.560531">
        <ele>465</ele>
        <time>2024-11-04T09:32:56Z</time>
        <cmt>speed: 0.3</cmt>
      </trkpt>
      <trkpt lat="47.358885" lon="8.560319">
        <ele>427</ele>
        <time>2024-11-04T09:42:47Z</time>
        <cmt>speed: 1.3</cmt>
      </trkpt>
      <trkpt lat="47.359891" lon="8.560284">
        <ele>431</ele>
        <time>2024-11-04T09:52:49Z</time>
        <cmt>speed: 0.8</cmt>
      </trkpt>
      <trkpt lat="47.359891" lon="8.560284">
        <ele>431</ele>
        <time>2024-11-04T10:02:42Z</time>
      </trkpt>
      <trkpt lat="47.359516" lon="8.560199">
        <ele>391</ele>
        <time>2024-11-04T10:02:47Z</time>
        <cmt>speed: 0.3</cmt>
      </trkpt>
      <trkpt lat="47.359222" lon="8.559771">
        <ele>413</ele>
        <time>2024-11-04T10:12:47Z</time>
        <cmt>speed: 1.6</cmt>
      </trkpt>
      <trkpt lat="47.359222" lon="8.559771">
        <ele>413</ele>
        <time>2024-11-04T10:22:45Z</time>
      </trkpt>
      <trkpt lat="47.358934" lon="8.560311">
        <ele>433</ele>
        <time>2024-11-04T10:22:51Z</time>
        <cmt>speed: 0.0</cmt>
      </trkpt>
      <trkpt lat="47.358991" lon="8.560689">
        <ele>463</ele>
        <time>2024-11-04T10:32:56Z</time>
        <cmt>speed: 0.1</cmt>
      </trkpt>
      <trkpt lat="47.358991" lon="8.560689">
        <ele>463</ele>
        <time>2024-11-04T10:42:42Z</time>
      </trkpt>
      <trkpt lat="47.359103" lon="8.561021">
        <ele>411</ele>
        <time>2024-11-04T10:42:45Z</time>
        <cmt>speed: 0.5</cmt>
      </trkpt>
      <trkpt lat="47.358531" lon="8.560711">
        <ele>439</ele>
        <time>2024-11-04T10:52:48Z</time>
        <cmt>speed: 0.5</cmt>
      </trkpt>
      <trkpt lat="47.359109" lon="8.560385">
        <ele>443</ele>
        <time>2024-11-04T11:02:45Z</time>
        <cmt>speed: 1.5</cmt>
      </trkpt>
      <trkpt lat="47.358548" lon="8.562282">
        <ele>437</ele>
        <time>2024-11-04T11:12:46Z</time>
        <cmt>speed: 1.1</cmt>
      </trkpt>
      <trkpt lat="47.358548" lon="8.562282">
        <ele>437</ele>
        <time>2024-11-04T11:22:41Z</time>
      </trkpt>
      <trkpt lat="47.358683" lon="8.562239">
        <ele>447</ele>
        <time>2024-11-04T11:22:46Z</time>
        <cmt>speed: 0.0</cmt>
      </trkpt>
      <trkpt lat="47.358671" lon="8.5624">
        <ele>442</ele>
        <time>2024-11-04T11:37:06Z</time>
        <cmt>speed: 0.1</cmt>
      </trkpt>
      <trkpt lat="47.358601" lon="8.562383">
        <ele>449</ele>
        <time>2024-11-04T11:47:04Z</time>
        <cmt>speed: 0.5</cmt>
      </trkpt>
      <trkpt lat="47.358787" lon="8.562227">
        <ele>422</ele>
        <time>2024-11-04T11:57:03Z</time>
        <cmt>speed: 1.0</cmt>
      </trkpt>
      <trkpt lat="47.358787" lon="8.562227">
        <ele>422</ele>
        <time>2024-11-04T12:06:59Z</time>
      </trkpt>
      <trkpt lat="47.358733" lon="8.562446">
        <ele>395</ele>
        <time>2024-11-04T12:07:04Z</time>
        <cmt>speed: 0.4</cmt>
      </trkpt>
      <trkpt lat="47.358702" lon="8.562339">
        <ele>435</ele>
        <time>2024-11-04T12:17:05Z</time>
        <cmt>speed: 0.0</cmt>
      </trkpt>
      <trkpt lat="47.358622" lon="8.562322">
        <ele>430</ele>
        <time>2024-11-04T12:27:04Z</time>
        <cmt>speed: 0.0</cmt>
      </trkpt>
      <trkpt lat="47.358493" lon="8.56192">
        <ele>472</ele>
        <time>2024-11-04T12:37:04Z</time>
        <cmt>speed: 0.4</cmt>
      </trkpt>
      <trkpt lat="47.358493" lon="8.56192">
        <ele>472</ele>
        <time>2024-11-04T12:46:59Z</time>
      </trkpt>
      <trkpt lat="47.358491" lon="8.562216">
        <ele>431</ele>
        <time>2024-11-04T12:47:04Z</time>
        <cmt>speed: 1.0</cmt>
      </trkpt>
      <trkpt lat="47.358874" lon="8.562371">
        <ele>423</ele>
        <time>2024-11-04T13:01:18Z</time>
        <cmt>speed: 0.7</cmt>
      </trkpt>
      <trkpt lat="47.358874" lon="8.562371">
        <ele>423</ele>
        <time>2024-11-04T13:11:12Z</time>
      </trkpt>
      <trkpt lat="47.358478" lon="8.562343">
        <ele>444</ele>
        <time>2024-11-04T13:11:18Z</time>
        <cmt>speed: 0.6</cmt>
      </trkpt>
      <trkpt lat="47.358485" lon="8.562356">
        <ele>427</ele>
        <time>2024-11-04T13:21:18Z</time>
        <cmt>speed: 0.2</cmt>
      </trkpt>
      <trkpt lat="47.359304" lon="8.562746">
        <ele>448</ele>
        <time>2024-11-04T13:31:19Z</time>
        <cmt>speed: 0.4</cmt>
      </trkpt>
      <trkpt lat="47.358968" lon="8.561543">
        <ele>454</ele>
        <time>2024-11-04T13:41:20Z</time>
        <cmt>speed: 0.1</cmt>
      </trkpt>
      <trkpt lat="47.359189" lon="8.559328">
        <ele>434</ele>
        <time>2024-11-04T13:51:19Z</time>
        <cmt>speed: 1.4</cmt>
      </trkpt>
      <trkpt lat="47.358992" lon="8.558403">
        <ele>425</ele>
        <time>2024-11-04T14:01:21Z</time>
        <cmt>speed: 0.3</cmt>
      </trkpt>
      <trkpt lat="47.358455" lon="8.559631">
        <ele>477</ele>
        <time>2024-11-04T14:11:18Z</time>
        <cmt>speed: 2.4</cmt>
      </trkpt>
      <trkpt lat="47.358788" lon="8.560625">
        <ele>435</ele>
        <time>2024-11-04T14:21:19Z</time>
        <cmt>speed: 0.4</cmt>
      </trkpt>
      <trkpt lat="47.359901" lon="8.561796">
        <ele>413</ele>
        <time>2024-11-04T14:31:20Z</time>
        <cmt>speed: 0.6</cmt>
      </trkpt>
      <trkpt lat="47.360077" lon="8.559565">
        <ele>438</ele>
        <time>2024-11-04T14:41:33Z</time>
        <cmt>speed: 0.6</cmt>
      </trkpt>
      <trkpt lat="47.359962" lon="8.558116">
        <ele>428</ele>
        <time>2024-11-04T14:51:19Z</time>
        <cmt>speed: 0.9</cmt>
      </trkpt>
      <trkpt lat="47.360529" lon="8.557425">
        <ele>429</ele>
        <time>2024-11-04T15:01:19Z</time>
        <cmt>speed: 0.4</cmt>
      </trkpt>
      <trkpt lat="47.360529" lon="8.557425">
        <ele>429</ele>
        <time>2024-11-04T15:11:15Z</time>
      </trkpt>
      <trkpt lat="47.360857" lon="8.557657">
        <ele>450</ele>
        <time>2024-11-04T15:11:21Z</time>
        <cmt>speed: 0.5</cmt>
      </trkpt>
      <trkpt lat="47.360586" lon="8.557783">
        <ele>412</ele>
        <time>2024-11-04T15:21:21Z</time>
        <cmt>speed: 0.1</cmt>
      </trkpt>
      <trkpt lat="47.360586" lon="8.557783">
        <ele>412</ele>
        <time>2024-11-04T15:31:13Z</time>
      </trkpt>
      <trkpt lat="47.360175" lon="8.558212">
        <ele>429</ele>
        <time>2024-11-04T15:31:19Z</time>
        <cmt>speed: 0.3</cmt>
      </trkpt>
      <trkpt lat="47.360275" lon="8.558109">
        <ele>445</ele>
        <time>2024-11-04T16:01:32Z</time>
        <cmt>speed: 1.9</cmt>
      </trkpt>
      <trkpt lat="47.360346" lon="8.557949">
        <ele>421</ele>
        <time>2024-11-04T16:41:21Z</time>
        <cmt>speed: 0.1</cmt>
      </trkpt>
      <trkpt lat="47.36032" lon="8.557954">
        <ele>430</ele>
        <time>2024-11-04T16:51:20Z</time>
        <cmt>speed: 0.1</cmt>
      </trkpt>
      <trkpt lat="47.359612" lon="8.557611">
        <ele>450</ele>
        <time>2024-11-04T17:01:20Z</time>
        <cmt>speed: 0.1</cmt>
      </trkpt>
      <trkpt lat="47.359842" lon="8.557837">
        <ele>427</ele>
        <time>2024-11-04T17:11:19Z</time>
        <cmt>speed: 0.0</cmt>
      </trkpt>
      <trkpt lat="47.359842" lon="8.557837">
        <ele>427</ele>
        <time>2024-11-04T17:21:15Z</time>
      </trkpt>
      <trkpt lat="47.359853" lon="8.557886">
        <ele>425</ele>
        <time>2024-11-04T17:21:22Z</time>
        <cmt>speed: 0.0</cmt>
      </trkpt>
      <trkpt lat="47.359626" lon="8.558049">
        <ele>420</ele>
        <time>2024-11-04T17:31:23Z</time>
        <cmt>speed: 0.2</cmt>
      </trkpt>
      <trkpt lat="47.359626" lon="8.558049">
        <ele>420</ele>
        <time>2024-11-04T17:41:17Z</time>
      </trkpt>
      <trkpt lat="47.359687" lon="8.558003">
        <ele>387</ele>
        <time>2024-11-04T17:41:24Z</time>
        <cmt>speed: 0.1</cmt>
      </trkpt>
      <trkpt lat="47.359702" lon="8.558118">
        <ele>399</ele>
        <time>2024-11-04T17:51:23Z</time>
        <cmt>speed: 1.6</cmt>
      </trkpt>
      <trkpt lat="47.360488" lon="8.558969">
        <ele>429</ele>
        <time>2024-11-04T18:01:19Z</time>
        <cmt>speed: 0.6</cmt>
      </trkpt>
      <trkpt lat="47.359993" lon="8.560099">
        <ele>431</ele>
        <time>2024-11-04T18:11:22Z</time>
        <cmt>speed: 0.3</cmt>
      </trkpt>
      <trkpt lat="47.360162" lon="8.561299">
        <ele>426</ele>
        <time>2024-11-04T18:21:22Z</time>
        <cmt>speed: 0.3</cmt>
      </trkpt>
      <trkpt lat="47.359994" lon="8.561332">
        <ele>398</ele>
        <time>2024-11-04T18:31:33Z</time>
        <cmt>speed: 0.3</cmt>
      </trkpt>
      <trkpt lat="47.359974" lon="8.56367">
        <ele>434</ele>
        <time>2024-11-04T18:37:16Z</time>
      </trkpt>
      <trkpt lat="47.359974" lon="8.56367">
        <ele>434</ele>
        <time>2024-11-04T18:52:16Z</time>
      </trkpt>
      <trkpt lat="47.360321" lon="8.562372">
        <ele>417</ele>
        <time>2024-11-05T05:39:58Z</time>
        <cmt>speed: 0.4</cmt>
      </trkpt>
      <trkpt lat="47.360086" lon="8.560966">
        <ele>462</ele>
        <time>2024-11-05T05:49:48Z</time>
        <cmt>speed: 0.6</cmt>
      </trkpt>
      <trkpt lat="47.360626" lon="8.559237">
        <ele>431</ele>
        <time>2024-11-05T05:59:45Z</time>
        <cmt>speed: 0.1</cmt>
      </trkpt>
      <trkpt lat="47.360626" lon="8.559237">
        <ele>431</ele>
        <time>2024-11-05T05:59:50Z</time>
      </trkpt>
      <trkpt lat="47.360202" lon="8.55819">
        <ele>454</ele>
        <time>2024-11-05T06:09:45Z</time>
        <cmt>speed: 0.3</cmt>
      </trkpt>
      <trkpt lat="47.360406" lon="8.557436">
        <ele>372</ele>
        <time>2024-11-05T06:19:49Z</time>
        <cmt>speed: 0.7</cmt>
      </trkpt>
      <trkpt lat="47.360406" lon="8.557436">
        <ele>372</ele>
        <time>2024-11-05T06:19:50Z</time>
      </trkpt>
      <trkpt lat="47.360176" lon="8.557305">
        <ele>447</ele>
        <time>2024-11-05T06:29:46Z</time>
        <cmt>speed: 0.4</cmt>
      </trkpt>
      <trkpt lat="47.360125" lon="8.557535">
        <ele>450</ele>
        <time>2024-11-05T06:39:47Z</time>
        <cmt>speed: 0.1</cmt>
      </trkpt>
      <trkpt lat="47.360657" lon="8.557789">
        <ele>439</ele>
        <time>2024-11-05T06:49:47Z</time>
        <cmt>speed: 0.1</cmt>
      </trkpt>
      <trkpt lat="47.359965" lon="8.558079">
        <ele>481</ele>
        <time>2024-11-05T06:59:47Z</time>
        <cmt>speed: 0.2</cmt>
      </trkpt>
      <trkpt lat="47.360046" lon="8.557953">
        <ele>449</ele>
        <time>2024-11-05T07:09:46Z</time>
        <cmt>speed: 0.7</cmt>
      </trkpt>
      <trkpt lat="47.360095" lon="8.559088">
        <ele>428</ele>
        <time>2024-11-05T07:19:46Z</time>
        <cmt>speed: 2.3</cmt>
      </trkpt>
      <trkpt lat="47.359046" lon="8.561572">
        <ele>474</ele>
        <time>2024-11-05T07:29:46Z</time>
        <cmt>speed: 0.3</cmt>
      </trkpt>
      <trkpt lat="47.359046" lon="8.561572">
        <ele>474</ele>
        <time>2024-11-05T07:39:37Z</time>
      </trkpt>
      <trkpt lat="47.35856" lon="8.560993">
        <ele>444</ele>
        <time>2024-11-05T07:39:45Z</time>
        <cmt>speed: 0.1</cmt>
      </trkpt>
      <trkpt lat="47.358567" lon="8.561112">
        <ele>473</ele>
        <time>2024-11-05T07:49:46Z</time>
        <cmt>speed: 0.5</cmt>
      </trkpt>
      <trkpt lat="47.358567" lon="8.561112">
        <ele>473</ele>
        <time>2024-11-05T07:59:37Z</time>
      </trkpt>
      <trkpt lat="47.358572" lon="8.561157">
        <ele>462</ele>
        <time>2024-11-05T08:01:28Z</time>
        <cmt>speed: 0.4</cmt>
      </trkpt>
      <trkpt lat="47.358567" lon="8.561032">
        <ele>434</ele>
        <time>2024-11-05T08:11:27Z</time>
        <cmt>speed: 0.3</cmt>
      </trkpt>
      <trkpt lat="47.358567" lon="8.561032">
        <ele>434</ele>
        <time>2024-11-05T08:21:18Z</time>
      </trkpt>
      <trkpt lat="47.358478" lon="8.561005">
        <ele>423</ele>
        <time>2024-11-05T08:21:27Z</time>
        <cmt>speed: 1.7</cmt>
      </trkpt>
      <trkpt lat="47.358565" lon="8.561051">
        <ele>408</ele>
        <time>2024-11-05T08:31:25Z</time>
        <cmt>speed: 0.0</cmt>
      </trkpt>
      <trkpt lat="47.357824" lon="8.560798">
        <ele>458</ele>
        <time>2024-11-05T08:41:25Z</time>
        <cmt>speed: 0.1</cmt>
      </trkpt>
      <trkpt lat="47.358655" lon="8.560537">
        <ele>449</ele>
        <time>2024-11-05T08:51:27Z</time>
        <cmt>speed: 0.3</cmt>
      </trkpt>
      <trkpt lat="47.359168" lon="8.561117">
        <ele>427</ele>
        <time>2024-11-05T09:01:29Z</time>
        <cmt>speed: 0.4</cmt>
      </trkpt>
      <trkpt lat="47.359064" lon="8.561814">
        <ele>444</ele>
        <time>2024-11-05T09:11:29Z</time>
        <cmt>speed: 0.2</cmt>
      </trkpt>
      <trkpt lat="47.359064" lon="8.561814">
        <ele>444</ele>
        <time>2024-11-05T09:21:15Z</time>
      </trkpt>
      <trkpt lat="47.358525" lon="8.562015">
        <ele>434</ele>
        <time>2024-11-05T09:21:24Z</time>
        <cmt>speed: 0.1</cmt>
      </trkpt>
      <trkpt lat="47.358457" lon="8.562001">
        <ele>419</ele>
        <time>2024-11-05T09:31:24Z</time>
        <cmt>speed: 0.4</cmt>
      </trkpt>
      <trkpt lat="47.358088" lon="8.562554">
        <ele>446</ele>
        <time>2024-11-05T09:41:26Z</time>
        <cmt>speed: 1.0</cmt>
      </trkpt>
      <trkpt lat="47.357332" lon="8.563444">
        <ele>437</ele>
        <time>2024-11-05T09:51:25Z</time>
        <cmt>speed: 0.2</cmt>
      </trkpt>
      <trkpt lat="47.357332" lon="8.563444">
        <ele>437</ele>
        <time>2024-11-05T10:01:15Z</time>
      </trkpt>
      <trkpt lat="47.357612" lon="8.563477">
        <ele>481</ele>
        <time>2024-11-05T10:01:24Z</time>
        <cmt>speed: 1.3</cmt>
      </trkpt>
      <trkpt lat="47.357969" lon="8.563225">
        <ele>413</ele>
        <time>2024-11-05T10:11:28Z</time>
        <cmt>speed: 0.3</cmt>
      </trkpt>
      <trkpt lat="47.358066" lon="8.563373">
        <ele>445</ele>
        <time>2024-11-05T10:21:26Z</time>
        <cmt>speed: 0.3</cmt>
      </trkpt>
      <trkpt lat="47.358114" lon="8.563592">
        <ele>437</ele>
        <time>2024-11-05T10:31:25Z</time>
        <cmt>speed: 0.2</cmt>
      </trkpt>
      <trkpt lat="47.358114" lon="8.563592">
        <ele>437</ele>
        <time>2024-11-05T10:41:18Z</time>
      </trkpt>
      <trkpt lat="47.35818" lon="8.563522">
        <ele>446</ele>
        <time>2024-11-05T10:41:27Z</time>
        <cmt>speed: 0.3</cmt>
      </trkpt>
      <trkpt lat="47.358172" lon="8.56362">
        <ele>456</ele>
        <time>2024-11-05T10:51:26Z</time>
        <cmt>speed: 0.4</cmt>
      </trkpt>
      <trkpt lat="47.358172" lon="8.56362">
        <ele>456</ele>
        <time>2024-11-05T11:01:21Z</time>
      </trkpt>
      <trkpt lat="47.358153" lon="8.563536">
        <ele>447</ele>
        <time>2024-11-05T11:01:30Z</time>
        <cmt>speed: 0.1</cmt>
      </trkpt>
      <trkpt lat="47.358122" lon="8.563565">
        <ele>456</ele>
        <time>2024-11-05T11:11:26Z</time>
        <cmt>speed: 0.8</cmt>
      </trkpt>
      <trkpt lat="47.358122" lon="8.563565">
        <ele>456</ele>
        <time>2024-11-05T11:21:15Z</time>
      </trkpt>
      <trkpt lat="47.3582" lon="8.563703">
        <ele>473</ele>
        <time>2024-11-05T11:21:25Z</time>
        <cmt>speed: 0.3</cmt>
      </trkpt>
      <trkpt lat="47.358187" lon="8.563734">
        <ele>442</ele>
        <time>2024-11-05T11:31:26Z</time>
        <cmt>speed: 0.8</cmt>
      </trkpt>
      <trkpt lat="47.358187" lon="8.563734">
        <ele>442</ele>
        <time>2024-11-05T11:41:18Z</time>
      </trkpt>
      <trkpt lat="47.358152" lon="8.56407">
        <ele>486</ele>
        <time>2024-11-05T11:41:27Z</time>
        <cmt>speed: 0.1</cmt>
      </trkpt>
      <trkpt lat="47.358182" lon="8.564131">
        <ele>451</ele>
        <time>2024-11-05T11:51:26Z</time>
        <cmt>speed: 0.5</cmt>
      </trkpt>
      <trkpt lat="47.358453" lon="8.565265">
        <ele>470</ele>
        <time>2024-11-05T12:01:27Z</time>
        <cmt>speed: 0.4</cmt>
      </trkpt>
      <trkpt lat="47.358852" lon="8.56505">
        <ele>453</ele>
        <time>2024-11-05T12:11:27Z</time>
        <cmt>speed: 0.6</cmt>
      </trkpt>
      <trkpt lat="47.358776" lon="8.563753">
        <ele>446</ele>
        <time>2024-11-05T12:21:26Z</time>
        <cmt>speed: 0.3</cmt>
      </trkpt>
      <trkpt lat="47.358615" lon="8.563008">
        <ele>447</ele>
        <time>2024-11-05T12:31:26Z</time>
        <cmt>speed: 1.3</cmt>
      </trkpt>
      <trkpt lat="47.358746" lon="8.562738">
        <ele>456</ele>
        <time>2024-11-05T12:41:27Z</time>
        <cmt>speed: 1.9</cmt>
      </trkpt>
      <trkpt lat="47.358672" lon="8.562916">
        <ele>435</ele>
        <time>2024-11-05T12:51:26Z</time>
        <cmt>speed: 0.0</cmt>
      </trkpt>
      <trkpt lat="47.35861" lon="8.562948">
        <ele>435</ele>
        <time>2024-11-05T13:01:27Z</time>
        <cmt>speed: 0.0</cmt>
      </trkpt>
      <trkpt lat="47.359485" lon="8.561568">
        <ele>437</ele>
        <time>2024-11-05T13:11:26Z</time>
        <cmt>speed: 0.5</cmt>
      </trkpt>
      <trkpt lat="47.359886" lon="8.562007">
        <ele>413</ele>
        <time>2024-11-05T13:21:34Z</time>
        <cmt>speed: 0.6</cmt>
      </trkpt>
      <trkpt lat="47.36079" lon="8.561675">
        <ele>434</ele>
        <time>2024-11-05T13:31:30Z</time>
        <cmt>speed: 0.4</cmt>
      </trkpt>
      <trkpt lat="47.36085" lon="8.561379">
        <ele>449</ele>
        <time>2024-11-05T13:41:53Z</time>
        <cmt>speed: 1.2</cmt>
      </trkpt>
      <trkpt lat="47.36118" lon="8.560794">
        <ele>481</ele>
        <time>2024-11-05T13:51:30Z</time>
        <cmt>speed: 0.2</cmt>
      </trkpt>
      <trkpt lat="47.36118" lon="8.560794">
        <ele>481</ele>
        <time>2024-11-05T14:01:20Z</time>
      </trkpt>
      <trkpt lat="47.361261" lon="8.560435">
        <ele>494</ele>
        <time>2024-11-05T14:01:30Z</time>
        <cmt>speed: 1.3</cmt>
      </trkpt>
      <trkpt lat="47.36132" lon="8.559732">
        <ele>427</ele>
        <time>2024-11-05T14:11:28Z</time>
        <cmt>speed: 0.3</cmt>
      </trkpt>
      <trkpt lat="47.36108" lon="8.559468">
        <ele>437</ele>
        <time>2024-11-05T14:21:29Z</time>
        <cmt>speed: 0.5</cmt>
      </trkpt>
      <trkpt lat="47.360142" lon="8.559854">
        <ele>422</ele>
        <time>2024-11-05T14:31:27Z</time>
        <cmt>speed: 0.2</cmt>
      </trkpt>
      <trkpt lat="47.360169" lon="8.561056">
        <ele>435</ele>
        <time>2024-11-05T14:41:29Z</time>
        <cmt>speed: 3.2</cmt>
      </trkpt>
      <trkpt lat="47.360285" lon="8.562036">
        <ele>424</ele>
        <time>2024-11-05T14:51:27Z</time>
        <cmt>speed: 0.4</cmt>
      </trkpt>
      <trkpt lat="47.359974" lon="8.56367">
        <ele>434</ele>
        <time>2024-11-05T14:55:48Z</time>
      </trkpt>
      <trkpt lat="47.359974" lon="8.56367">
        <ele>434</ele>
        <time>2024-11-05T15:10:48Z</time>
      </trkpt>
      <trkpt lat="47.360068" lon="8.562324">
        <ele>387</ele>
        <time>2024-11-05T16:50:50Z</time>
        <cmt>speed: 0.1</cmt>
      </trkpt>
      <trkpt lat="47.358453" lon="8.560649">
        <ele>457</ele>
        <time>2024-11-05T17:10:42Z</time>
        <cmt>speed: 0.0</cmt>
      </trkpt>
      <trkpt lat="47.358592" lon="8.560696">
        <ele>450</ele>
        <time>2024-11-05T17:20:41Z</time>
        <cmt>speed: 0.5</cmt>
      </trkpt>
      <trkpt lat="47.35851" lon="8.561146">
        <ele>472</ele>
        <time>2024-11-05T17:40:47Z</time>
        <cmt>speed: 0.6</cmt>
      </trkpt>
      <trkpt lat="47.35773" lon="8.560229">
        <ele>443</ele>
        <time>2024-11-05T17:50:44Z</time>
        <cmt>speed: 1.4</cmt>
      </trkpt>
      <trkpt lat="47.358424" lon="8.560186">
        <ele>428</ele>
        <time>2024-11-05T18:00:40Z</time>
        <cmt>speed: 0.2</cmt>
      </trkpt>
      <trkpt lat="47.359378" lon="8.559774">
        <ele>390</ele>
        <time>2024-11-05T18:10:43Z</time>
        <cmt>speed: 1.1</cmt>
      </trkpt>
      <trkpt lat="47.359457" lon="8.55756">
        <ele>431</ele>
        <time>2024-11-05T18:20:41Z</time>
        <cmt>speed: 0.0</cmt>
      </trkpt>
      <trkpt lat="47.359791" lon="8.557662">
        <ele>415</ele>
        <time>2024-11-05T18:30:43Z</time>
        <cmt>speed: 0.1</cmt>
      </trkpt>
      <trkpt lat="47.359782" lon="8.558202">
        <ele>437</ele>
        <time>2024-11-05T18:40:42Z</time>
        <cmt>speed: 0.2</cmt>
      </trkpt>
      <trkpt lat="47.360607" lon="8.558117">
        <ele>439</ele>
        <time>2024-11-05T18:50:42Z</time>
        <cmt>speed: 0.8</cmt>
      </trkpt>
      <trkpt lat="47.360065" lon="8.559705">
        <ele>421</ele>
        <time>2024-11-05T19:00:56Z</time>
        <cmt>speed: 1.0</cmt>
      </trkpt>
      <trkpt lat="47.360287" lon="8.560199">
        <ele>420</ele>
        <time>2024-11-05T19:10:42Z</time>
        <cmt>speed: 0.0</cmt>
      </trkpt>
      <trkpt lat="47.360315" lon="8.560604">
        <ele>429</ele>
        <time>2024-11-05T19:30:45Z</time>
        <cmt>speed: 1.1</cmt>
      </trkpt>
      <trkpt lat="47.360189" lon="8.561802">
        <ele>416</ele>
        <time>2024-11-05T19:40:52Z</time>
        <cmt>speed: 0.1</cmt>
      </trkpt>
      <trkpt lat="47.360225" lon="8.560023">
        <ele>425</ele>
        <time>2024-11-05T19:50:47Z</time>
        <cmt>speed: 0.8</cmt>
      </trkpt>
      <trkpt lat="47.359823" lon="8.558867">
        <ele>428</ele>
        <time>2024-11-05T20:00:42Z</time>
        <cmt>speed: 0.1</cmt>
      </trkpt>
      <trkpt lat="47.360174" lon="8.559394">
        <ele>435</ele>
        <time>2024-11-05T20:10:50Z</time>
        <cmt>speed: 0.9</cmt>
      </trkpt>
      <trkpt lat="47.360174" lon="8.559394">
        <ele>435</ele>
        <time>2024-11-05T20:10:50Z</time>
      </trkpt>
      <trkpt lat="47.360463" lon="8.560762">
        <ele>429</ele>
        <time>2024-11-05T20:20:42Z</time>
        <cmt>speed: 0.0</cmt>
      </trkpt>
      <trkpt lat="47.360506" lon="8.560517">
        <ele>398</ele>
        <time>2024-11-05T20:30:42Z</time>
        <cmt>speed: 0.3</cmt>
      </trkpt>
      <trkpt lat="47.360506" lon="8.560517">
        <ele>398</ele>
        <time>2024-11-05T20:30:43Z</time>
      </trkpt>
      <trkpt lat="47.360363" lon="8.560514">
        <ele>422</ele>
        <time>2024-11-05T20:40:41Z</time>
        <cmt>speed: 1.0</cmt>
      </trkpt>
      <trkpt lat="47.360162" lon="8.560141">
        <ele>426</ele>
        <time>2024-11-05T20:50:42Z</time>
        <cmt>speed: 0.1</cmt>
      </trkpt>
      <trkpt lat="47.360162" lon="8.560141">
        <ele>426</ele>
        <time>2024-11-05T20:50:43Z</time>
      </trkpt>
      <trkpt lat="47.36033" lon="8.559062">
        <ele>433</ele>
        <time>2024-11-05T21:00:43Z</time>
        <cmt>speed: 0.1</cmt>
      </trkpt>
      <trkpt lat="47.360705" lon="8.557155">
        <ele>426</ele>
        <time>2024-11-05T21:10:41Z</time>
        <cmt>speed: 0.5</cmt>
      </trkpt>
      <trkpt lat="47.360705" lon="8.557155">
        <ele>426</ele>
        <time>2024-11-05T21:10:43Z</time>
      </trkpt>
      <trkpt lat="47.360543" lon="8.557393">
        <ele>421</ele>
        <time>2024-11-05T21:20:51Z</time>
        <cmt>speed: 0.5</cmt>
      </trkpt>
      <trkpt lat="47.360098" lon="8.557555">
        <ele>452</ele>
        <time>2024-11-05T21:30:43Z</time>
        <cmt>speed: 0.8</cmt>
      </trkpt>
      <trkpt lat="47.360098" lon="8.557555">
        <ele>452</ele>
        <time>2024-11-05T21:30:43Z</time>
      </trkpt>
      <trkpt lat="47.3604" lon="8.557944">
        <ele>432</ele>
        <time>2024-11-05T21:40:41Z</time>
        <cmt>speed: 1.7</cmt>
      </trkpt>
      <trkpt lat="47.360211" lon="8.557934">
        <ele>452</ele>
        <time>2024-11-05T21:50:47Z</time>
        <cmt>speed: 0.1</cmt>
      </trkpt>
      <trkpt lat="47.360221" lon="8.558154">
        <ele>428</ele>
        <time>2024-11-05T22:00:41Z</time>
        <cmt>speed: 1.1</cmt>
      </trkpt>
      <trkpt lat="47.35997" lon="8.557876">
        <ele>390</ele>
        <time>2024-11-05T22:10:41Z</time>
        <cmt>speed: 0.4</cmt>
      </trkpt>
      <trkpt lat="47.360314" lon="8.558552">
        <ele>409</ele>
        <time>2024-11-05T22:20:42Z</time>
        <cmt>speed: 0.6</cmt>
      </trkpt>
      <trkpt lat="47.360665" lon="8.559082">
        <ele>437</ele>
        <time>2024-11-05T22:40:45Z</time>
        <cmt>speed: 0.4</cmt>
      </trkpt>
      <trkpt lat="47.359119" lon="8.56137">
        <ele>475</ele>
        <time>2024-11-05T23:00:42Z</time>
        <cmt>speed: 0.3</cmt>
      </trkpt>
      <trkpt lat="47.358028" lon="8.561363">
        <ele>496</ele>
        <time>2024-11-05T23:10:43Z</time>
        <cmt>speed: 0.8</cmt>
      </trkpt>
      <trkpt lat="47.358138" lon="8.560719">
        <ele>471</ele>
        <time>2024-11-05T23:20:40Z</time>
        <cmt>speed: 0.3</cmt>
      </trkpt>
      <trkpt lat="47.359129" lon="8.560876">
        <ele>495</ele>
        <time>2024-11-05T23:30:43Z</time>
        <cmt>speed: 0.1</cmt>
      </trkpt>
      <trkpt lat="47.359129" lon="8.560876">
        <ele>495</ele>
        <time>2024-11-05T23:30:43Z</time>
      </trkpt>
      <trkpt lat="47.36005" lon="8.561657">
        <ele>451</ele>
        <time>2024-11-05T23:40:42Z</time>
        <cmt>speed: 1.3</cmt>
      </trkpt>
      <trkpt lat="47.36005" lon="8.561657">
        <ele>451</ele>
        <time>2024-11-05T23:50:53Z</time>
      </trkpt>
      <trkpt lat="47.360146" lon="8.562034">
        <ele>448</ele>
        <time>2024-11-05T23:50:54Z</time>
        <cmt>speed: 0.0</cmt>
      </trkpt>
      <trkpt lat="47.360146" lon="8.562034">
        <ele>448</ele>
        <time>2024-11-06T00:10:56Z</time>
      </trkpt>
      <trkpt lat="47.36018" lon="8.56205">
        <ele>441</ele>
        <time>2024-11-06T00:10:57Z</time>
        <cmt>speed: 1.1</cmt>
      </trkpt>
      <trkpt lat="47.359976" lon="8.561978">
        <ele>452</ele>
        <time>2024-11-06T05:48:14Z</time>
        <cmt>speed: 0.3</cmt>
      </trkpt>
      <trkpt lat="47.359976" lon="8.561978">
        <ele>452</ele>
        <time>2024-11-06T05:57:51Z</time>
      </trkpt>
      <trkpt lat="47.359904" lon="8.561379">
        <ele>456</ele>
        <time>2024-11-06T05:57:52Z</time>
        <cmt>speed: 0.1</cmt>
      </trkpt>
      <trkpt lat="47.359917" lon="8.561397">
        <ele>435</ele>
        <time>2024-11-06T06:07:53Z</time>
        <cmt>speed: 0.4</cmt>
      </trkpt>
      <trkpt lat="47.359875" lon="8.561258">
        <ele>451</ele>
        <time>2024-11-06T06:17:53Z</time>
        <cmt>speed: 0.1</cmt>
      </trkpt>
      <trkpt lat="47.35989" lon="8.56155">
        <ele>414</ele>
        <time>2024-11-06T06:27:54Z</time>
        <cmt>speed: 0.0</cmt>
      </trkpt>
      <trkpt lat="47.35989" lon="8.56155">
        <ele>414</ele>
        <time>2024-11-06T06:30:41Z</time>
      </trkpt>
      <trkpt lat="47.360093" lon="8.561504">
        <ele>413</ele>
        <time>2024-11-06T06:37:57Z</time>
        <cmt>speed: 0.5</cmt>
      </trkpt>
      <trkpt lat="47.360065" lon="8.561264">
        <ele>453</ele>
        <time>2024-11-06T06:47:56Z</time>
        <cmt>speed: 0.0</cmt>
      </trkpt>
      <trkpt lat="47.359937" lon="8.561533">
        <ele>427</ele>
        <time>2024-11-06T07:07:53Z</time>
        <cmt>speed: 0.1</cmt>
      </trkpt>
      <trkpt lat="47.359937" lon="8.561533">
        <ele>427</ele>
        <time>2024-11-06T07:10:41Z</time>
      </trkpt>
      <trkpt lat="47.360061" lon="8.561194">
        <ele>479</ele>
        <time>2024-11-06T07:17:53Z</time>
        <cmt>speed: 1.1</cmt>
      </trkpt>
      <trkpt lat="47.35966" lon="8.561342">
        <ele>405</ele>
        <time>2024-11-06T07:27:57Z</time>
        <cmt>speed: 0.1</cmt>
      </trkpt>
      <trkpt lat="47.360182" lon="8.562433">
        <ele>431</ele>
        <time>2024-11-06T07:47:55Z</time>
        <cmt>speed: 0.4</cmt>
      </trkpt>
      <trkpt lat="47.360334" lon="8.561591">
        <ele>431</ele>
        <time>2024-11-06T07:57:51Z</time>
        <cmt>speed: 0.8</cmt>
      </trkpt>
      <trkpt lat="47.359913" lon="8.56077">
        <ele>426</ele>
        <time>2024-11-06T08:07:51Z</time>
        <cmt>speed: 0.0</cmt>
      </trkpt>
      <trkpt lat="47.360249" lon="8.560154">
        <ele>425</ele>
        <time>2024-11-06T08:28:09Z</time>
        <cmt>speed: 0.1</cmt>
      </trkpt>
      <trkpt lat="47.360249" lon="8.560154">
        <ele>425</ele>
        <time>2024-11-06T08:30:41Z</time>
      </trkpt>
      <trkpt lat="47.360109" lon="8.560844">
        <ele>457</ele>
        <time>2024-11-06T08:37:57Z</time>
        <cmt>speed: 1.0</cmt>
      </trkpt>
      <trkpt lat="47.360131" lon="8.560783">
        <ele>445</ele>
        <time>2024-11-06T08:47:54Z</time>
        <cmt>speed: 0.5</cmt>
      </trkpt>
      <trkpt lat="47.360131" lon="8.560783">
        <ele>445</ele>
        <time>2024-11-06T08:50:41Z</time>
      </trkpt>
      <trkpt lat="47.360121" lon="8.560762">
        <ele>456</ele>
        <time>2024-11-06T08:58:00Z</time>
        <cmt>speed: 0.1</cmt>
      </trkpt>
      <trkpt lat="47.360186" lon="8.56103">
        <ele>420</ele>
        <time>2024-11-06T09:07:52Z</time>
        <cmt>speed: 0.1</cmt>
      </trkpt>
      <trkpt lat="47.360073" lon="8.561102">
        <ele>431</ele>
        <time>2024-11-06T09:27:54Z</time>
        <cmt>speed: 0.3</cmt>
      </trkpt>
      <trkpt lat="47.360073" lon="8.561102">
        <ele>431</ele>
        <time>2024-11-06T09:30:41Z</time>
      </trkpt>
      <trkpt lat="47.360191" lon="8.561462">
        <ele>417</ele>
        <time>2024-11-06T09:37:52Z</time>
        <cmt>speed: 1.6</cmt>
      </trkpt>
      <trkpt lat="47.35997" lon="8.561344">
        <ele>451</ele>
        <time>2024-11-06T09:48:01Z</time>
        <cmt>speed: 0.0</cmt>
      </trkpt>
      <trkpt lat="47.360253" lon="8.560028">
        <ele>440</ele>
        <time>2024-11-06T09:57:51Z</time>
        <cmt>speed: 1.1</cmt>
      </trkpt>
      <trkpt lat="47.360578" lon="8.559864">
        <ele>454</ele>
        <time>2024-11-06T10:07:55Z</time>
        <cmt>speed: 1.8</cmt>
      </trkpt>
      <trkpt lat="47.361298" lon="8.559538">
        <ele>460</ele>
        <time>2024-11-06T10:17:57Z</time>
        <cmt>speed: 0.6</cmt>
      </trkpt>
      <trkpt lat="47.360867" lon="8.561145">
        <ele>458</ele>
        <time>2024-11-06T10:27:54Z</time>
        <cmt>speed: 1.5</cmt>
      </trkpt>
      <trkpt lat="47.360806" lon="8.561043">
        <ele>452</ele>
        <time>2024-11-06T10:37:55Z</time>
        <cmt>speed: 0.1</cmt>
      </trkpt>
      <trkpt lat="47.361276" lon="8.56161">
        <ele>402</ele>
        <time>2024-11-06T10:47:59Z</time>
        <cmt>speed: 0.3</cmt>
      </trkpt>
      <trkpt lat="47.361276" lon="8.56161">
        <ele>402</ele>
        <time>2024-11-06T10:57:51Z</time>
      </trkpt>
      <trkpt lat="47.360008" lon="8.562041">
        <ele>455</ele>
        <time>2024-11-06T10:57:53Z</time>
        <cmt>speed: 0.4</cmt>
      </trkpt>
      <trkpt lat="47.360272" lon="8.562051">
        <ele>433</ele>
        <time>2024-11-06T11:08:17Z</time>
        <cmt>speed: 0.6</cmt>
      </trkpt>
      <trkpt lat="47.360272" lon="8.562051">
        <ele>433</ele>
        <time>2024-11-06T11:17:50Z</time>
      </trkpt>
      <trkpt lat="47.36018" lon="8.562127">
        <ele>414</ele>
        <time>2024-11-06T11:17:52Z</time>
        <cmt>speed: 0.7</cmt>
      </trkpt>
      <trkpt lat="47.360085" lon="8.561857">
        <ele>415</ele>
        <time>2024-11-06T11:27:52Z</time>
        <cmt>speed: 0.8</cmt>
      </trkpt>
      <trkpt lat="47.360085" lon="8.561857">
        <ele>415</ele>
        <time>2024-11-06T11:37:54Z</time>
      </trkpt>
      <trkpt lat="47.359997" lon="8.561402">
        <ele>424</ele>
        <time>2024-11-06T11:37:57Z</time>
        <cmt>speed: 0.3</cmt>
      </trkpt>
      <trkpt lat="47.359985" lon="8.561499">
        <ele>410</ele>
        <time>2024-11-06T11:57:53Z</time>
        <cmt>speed: 0.4</cmt>
      </trkpt>
      <trkpt lat="47.359974" lon="8.56367">
        <ele>434</ele>
        <time>2024-11-06T12:07:10Z</time>
      </trkpt>
      <trkpt lat="47.359867" lon="8.563686">
        <ele>436</ele>
        <time>2024-11-06T12:09:10Z</time>
        <cmt>speed: 0.3</cmt>
      </trkpt>
      <trkpt lat="47.359974" lon="8.56367">
        <ele>434</ele>
        <time>2024-11-06T12:13:56Z</time>
      </trkpt>
      <trkpt lat="47.359974" lon="8.56367">
        <ele>434</ele>
        <time>2024-11-06T12:28:56Z</time>
      </trkpt>
      <trkpt lat="47.359845" lon="8.563145">
        <ele>431</ele>
        <time>2024-11-06T12:35:27Z</time>
        <cmt>speed: 0.3</cmt>
      </trkpt>
      <trkpt lat="47.360394" lon="8.561605">
        <ele>438</ele>
        <time>2024-11-06T12:45:23Z</time>
        <cmt>speed: 0.3</cmt>
      </trkpt>
      <trkpt lat="47.360252" lon="8.559563">
        <ele>429</ele>
        <time>2024-11-06T12:55:28Z</time>
        <cmt>speed: 0.2</cmt>
      </trkpt>
      <trkpt lat="47.359907" lon="8.558678">
        <ele>455</ele>
        <time>2024-11-06T13:05:28Z</time>
        <cmt>speed: 2.4</cmt>
      </trkpt>
      <trkpt lat="47.359943" lon="8.558023">
        <ele>481</ele>
        <time>2024-11-06T13:15:29Z</time>
        <cmt>speed: 0.6</cmt>
      </trkpt>
      <trkpt lat="47.360627" lon="8.557682">
        <ele>464</ele>
        <time>2024-11-06T13:25:56Z</time>
        <cmt>speed: 1.3</cmt>
      </trkpt>
      <trkpt lat="47.360627" lon="8.557682">
        <ele>464</ele>
        <time>2024-11-06T13:36:00Z</time>
      </trkpt>
      <trkpt lat="47.360249" lon="8.557777">
        <ele>405</ele>
        <time>2024-11-06T13:36:03Z</time>
        <cmt>speed: 0.4</cmt>
      </trkpt>
      <trkpt lat="47.360428" lon="8.557715">
        <ele>466</ele>
        <time>2024-11-06T14:05:35Z</time>
        <cmt>speed: 0.2</cmt>
      </trkpt>
      <trkpt lat="47.360428" lon="8.557715">
        <ele>466</ele>
        <time>2024-11-06T14:15:27Z</time>
      </trkpt>
      <trkpt lat="47.36028" lon="8.557474">
        <ele>443</ele>
        <time>2024-11-06T14:15:30Z</time>
        <cmt>speed: 0.5</cmt>
      </trkpt>
      <trkpt lat="47.360374" lon="8.557777">
        <ele>413</ele>
        <time>2024-11-06T14:25:25Z</time>
        <cmt>speed: 0.1</cmt>
      </trkpt>
      <trkpt lat="47.360374" lon="8.557777">
        <ele>413</ele>
        <time>2024-11-06T14:35:26Z</time>
      </trkpt>
      <trkpt lat="47.360277" lon="8.55789">
        <ele>442</ele>
        <time>2024-11-06T14:35:29Z</time>
        <cmt>speed: 0.0</cmt>
      </trkpt>
      <trkpt lat="47.360146" lon="8.557559">
        <ele>466</ele>
        <time>2024-11-06T15:26:00Z</time>
        <cmt>speed: 1.2</cmt>
      </trkpt>
      <trkpt lat="47.360432" lon="8.557835">
        <ele>445</ele>
        <time>2024-11-06T15:49:51Z</time>
        <cmt>speed: 0.5</cmt>
      </trkpt>
      <trkpt lat="47.360432" lon="8.557835">
        <ele>445</ele>
        <time>2024-11-06T16:00:06Z</time>
      </trkpt>
      <trkpt lat="47.360573" lon="8.557718">
        <ele>425</ele>
        <time>2024-11-06T16:00:09Z</time>
        <cmt>speed: 0.3</cmt>
      </trkpt>
      <trkpt lat="47.360444" lon="8.557684">
        <ele>437</ele>
        <time>2024-11-06T16:19:55Z</time>
        <cmt>speed: 0.0</cmt>
      </trkpt>
      <trkpt lat="47.360228" lon="8.557571">
        <ele>391</ele>
        <time>2024-11-06T16:29:56Z</time>
        <cmt>speed: 1.2</cmt>
      </trkpt>
      <trkpt lat="47.360228" lon="8.557571">
        <ele>391</ele>
        <time>2024-11-06T16:39:59Z</time>
      </trkpt>
      <trkpt lat="47.360431" lon="8.557704">
        <ele>438</ele>
        <time>2024-11-06T16:40:02Z</time>
        <cmt>speed: 0.3</cmt>
      </trkpt>
      <trkpt lat="47.360538" lon="8.5576">
        <ele>461</ele>
        <time>2024-11-06T16:49:54Z</time>
        <cmt>speed: 0.0</cmt>
      </trkpt>
      <trkpt lat="47.360538" lon="8.5576">
        <ele>461</ele>
        <time>2024-11-06T16:59:49Z</time>
      </trkpt>
      <trkpt lat="47.360457" lon="8.55768">
        <ele>432</ele>
        <time>2024-11-06T16:59:52Z</time>
        <cmt>speed: 0.8</cmt>
      </trkpt>
      <trkpt lat="47.360375" lon="8.557597">
        <ele>432</ele>
        <time>2024-11-06T17:09:49Z</time>
        <cmt>speed: 0.2</cmt>
      </trkpt>
      <trkpt lat="47.361227" lon="8.558498">
        <ele>401</ele>
        <time>2024-11-06T17:19:53Z</time>
        <cmt>speed: 0.1</cmt>
      </trkpt>
      <trkpt lat="47.361268" lon="8.558593">
        <ele>430</ele>
        <time>2024-11-06T17:29:52Z</time>
        <cmt>speed: 0.0</cmt>
      </trkpt>
      <trkpt lat="47.360153" lon="8.558229">
        <ele>455</ele>
        <time>2024-11-06T17:39:52Z</time>
        <cmt>speed: 0.3</cmt>
      </trkpt>
      <trkpt lat="47.359693" lon="8.55788">
        <ele>412</ele>
        <time>2024-11-06T17:49:55Z</time>
        <cmt>speed: 0.2</cmt>
      </trkpt>
      <trkpt lat="47.359701" lon="8.559111">
        <ele>418</ele>
        <time>2024-11-06T17:59:51Z</time>
        <cmt>speed: 3.8</cmt>
      </trkpt>
      <trkpt lat="47.360435" lon="8.56086">
        <ele>410</ele>
        <time>2024-11-06T18:09:52Z</time>
        <cmt>speed: 0.4</cmt>
      </trkpt>
      <trkpt lat="47.359772" lon="8.562035">
        <ele>447</ele>
        <time>2024-11-06T18:19:51Z</time>
        <cmt>speed: 0.0</cmt>
      </trkpt>
      <trkpt lat="47.360158" lon="8.562407">
        <ele>436</ele>
        <time>2024-11-06T18:29:53Z</time>
        <cmt>speed: 4.5</cmt>
      </trkpt>
      <trkpt lat="47.359959" lon="8.563643">
        <ele>434</ele>
        <time>2024-11-06T18:32:18Z</time>
      </trkpt>
      <trkpt lat="47.359959" lon="8.563643">
        <ele>434</ele>
        <time>2024-11-06T18:47:18Z</time>
      </trkpt>
      <trkpt lat="47.359974" lon="8.56367">
        <ele>434</ele>
        <time>2024-11-07T01:25:21Z</time>
      </trkpt>
      <trkpt lat="47.359974" lon="8.56367">
        <ele>434</ele>
        <time>2024-11-07T01:35:39Z</time>
      </trkpt>
      <trkpt lat="47.359974" lon="8.56367">
        <ele>434</ele>
        <time>2024-11-07T01:45:39Z</time>
      </trkpt>
      <trkpt lat="47.359974" lon="8.56367">
        <ele>434</ele>
        <time>2024-11-07T01:55:39Z</time>
      </trkpt>
      <trkpt lat="47.359974" lon="8.56367">
        <ele>434</ele>
        <time>2024-11-07T02:05:39Z</time>
      </trkpt>
      <trkpt lat="47.359974" lon="8.56367">
        <ele>434</ele>
        <time>2024-11-07T02:15:39Z</time>
      </trkpt>
      <trkpt lat="47.359974" lon="8.56367">
        <ele>434</ele>
        <time>2024-11-07T02:25:39Z</time>
      </trkpt>
      <trkpt lat="47.359974" lon="8.56367">
        <ele>434</ele>
        <time>2024-11-07T02:35:39Z</time>
      </trkpt>
      <trkpt lat="47.359974" lon="8.56367">
        <ele>434</ele>
        <time>2024-11-07T02:45:39Z</time>
      </trkpt>
      <trkpt lat="47.359974" lon="8.56367">
        <ele>434</ele>
        <time>2024-11-07T02:55:39Z</time>
      </trkpt>
      <trkpt lat="47.359974" lon="8.56367">
        <ele>434</ele>
        <time>2024-11-07T03:04:10Z</time>
      </trkpt>
      <trkpt lat="47.359974" lon="8.56367">
        <ele>434</ele>
        <time>2024-11-07T03:14:10Z</time>
      </trkpt>
      <trkpt lat="47.359974" lon="8.56367">
        <ele>434</ele>
        <time>2024-11-07T03:24:10Z</time>
      </trkpt>
      <trkpt lat="47.359974" lon="8.56367">
        <ele>434</ele>
        <time>2024-11-07T03:34:10Z</time>
      </trkpt>
      <trkpt lat="47.359974" lon="8.56367">
        <ele>434</ele>
        <time>2024-11-07T03:44:10Z</time>
      </trkpt>
      <trkpt lat="47.359974" lon="8.56367">
        <ele>434</ele>
        <time>2024-11-07T03:54:10Z</time>
      </trkpt>
      <trkpt lat="47.359974" lon="8.56367">
        <ele>434</ele>
        <time>2024-11-07T04:04:10Z</time>
      </trkpt>
      <trkpt lat="47.359974" lon="8.56367">
        <ele>434</ele>
        <time>2024-11-07T04:14:10Z</time>
      </trkpt>
      <trkpt lat="47.359974" lon="8.56367">
        <ele>434</ele>
        <time>2024-11-07T04:24:10Z</time>
      </trkpt>
      <trkpt lat="47.359974" lon="8.56367">
        <ele>434</ele>
        <time>2024-11-07T04:34:10Z</time>
      </trkpt>
      <trkpt lat="47.359974" lon="8.56367">
        <ele>434</ele>
        <time>2024-11-07T04:44:10Z</time>
      </trkpt>
      <trkpt lat="47.359974" lon="8.56367">
        <ele>434</ele>
        <time>2024-11-07T04:54:10Z</time>
      </trkpt>
      <trkpt lat="47.359974" lon="8.56367">
        <ele>434</ele>
        <time>2024-11-07T05:04:10Z</time>
      </trkpt>
      <trkpt lat="47.359974" lon="8.56367">
        <ele>434</ele>
        <time>2024-11-07T05:14:10Z</time>
      </trkpt>
      <trkpt lat="47.359974" lon="8.56367">
        <ele>434</ele>
        <time>2024-11-07T05:24:10Z</time>
      </trkpt>
      <trkpt lat="47.359974" lon="8.56367">
        <ele>434</ele>
        <time>2024-11-07T05:34:10Z</time>
      </trkpt>
      <trkpt lat="47.359974" lon="8.56367">
        <ele>434</ele>
        <time>2024-11-07T05:35:19Z</time>
      </trkpt>
      <trkpt lat="47.359974" lon="8.56367">
        <ele>434</ele>
        <time>2024-11-07T05:35:38Z</time>
      </trkpt>
      <trkpt lat="47.359974" lon="8.56367">
        <ele>434</ele>
        <time>2024-11-07T05:45:38Z</time>
      </trkpt>
      <trkpt lat="47.359974" lon="8.56367">
        <ele>434</ele>
        <time>2024-11-07T05:55:38Z</time>
      </trkpt>
      <trkpt lat="47.359974" lon="8.56367">
        <ele>434</ele>
        <time>2024-11-07T06:03:27Z</time>
      </trkpt>
      <trkpt lat="47.359974" lon="8.56367">
        <ele>434</ele>
        <time>2024-11-07T06:03:30Z</time>
      </trkpt>
      <trkpt lat="47.359974" lon="8.56367">
        <ele>434</ele>
        <time>2024-11-07T06:03:31Z</time>
      </trkpt>
      <trkpt lat="47.359974" lon="8.56367">
        <ele>434</ele>
        <time>2024-11-07T06:13:31Z</time>
      </trkpt>
      <trkpt lat="47.359974" lon="8.56367">
        <ele>434</ele>
        <time>2024-11-07T06:23:31Z</time>
      </trkpt>
      <trkpt lat="47.359974" lon="8.56367">
        <ele>434</ele>
        <time>2024-11-07T06:33:31Z</time>
      </trkpt>
      <trkpt lat="47.359974" lon="8.56367">
        <ele>434</ele>
        <time>2024-11-07T06:43:31Z</time>
      </trkpt>
      <trkpt lat="47.359974" lon="8.56367">
        <ele>434</ele>
        <time>2024-11-07T06:48:03Z</time>
      </trkpt>
      <trkpt lat="47.359974" lon="8.56367">
        <ele>434</ele>
        <time>2024-11-07T07:03:03Z</time>
      </trkpt>
      <trkpt lat="47.359974" lon="8.56367">
        <ele>434</ele>
        <time>2024-11-07T07:20:19Z</time>
      </trkpt>
      <trkpt lat="47.359974" lon="8.56367">
        <ele>434</ele>
        <time>2024-11-07T07:21:08Z</time>
      </trkpt>
      <trkpt lat="47.359974" lon="8.56367">
        <ele>434</ele>
        <time>2024-11-07T07:31:08Z</time>
      </trkpt>
      <trkpt lat="47.359974" lon="8.56367">
        <ele>434</ele>
        <time>2024-11-07T07:41:08Z</time>
      </trkpt>
      <trkpt lat="47.359974" lon="8.56367">
        <ele>434</ele>
        <time>2024-11-07T07:51:08Z</time>
      </trkpt>
      <trkpt lat="47.359974" lon="8.56367">
        <ele>434</ele>
        <time>2024-11-07T08:01:08Z</time>
      </trkpt>
      <trkpt lat="47.359974" lon="8.56367">
        <ele>434</ele>
        <time>2024-11-07T08:11:08Z</time>
      </trkpt>
      <trkpt lat="47.359974" lon="8.56367">
        <ele>434</ele>
        <time>2024-11-07T08:21:08Z</time>
      </trkpt>
      <trkpt lat="47.359974" lon="8.56367">
        <ele>434</ele>
        <time>2024-11-07T08:31:08Z</time>
      </trkpt>
      <trkpt lat="47.359974" lon="8.56367">
        <ele>434</ele>
        <time>2024-11-07T08:41:08Z</time>
      </trkpt>
      <trkpt lat="47.359974" lon="8.56367">
        <ele>434</ele>
        <time>2024-11-07T08:51:08Z</time>
      </trkpt>
      <trkpt lat="47.359974" lon="8.56367">
        <ele>434</ele>
        <time>2024-11-07T09:01:08Z</time>
      </trkpt>
      <trkpt lat="47.359974" lon="8.56367">
        <ele>434</ele>
        <time>2024-11-07T09:11:08Z</time>
      </trkpt>
      <trkpt lat="47.359974" lon="8.56367">
        <ele>434</ele>
        <time>2024-11-07T09:21:08Z</time>
      </trkpt>
      <trkpt lat="47.359974" lon="8.56367">
        <ele>434</ele>
        <time>2024-11-07T09:31:08Z</time>
      </trkpt>
      <trkpt lat="47.359974" lon="8.56367">
        <ele>434</ele>
        <time>2024-11-07T09:41:08Z</time>
      </trkpt>
      <trkpt lat="47.359974" lon="8.56367">
        <ele>434</ele>
        <time>2024-11-07T09:51:08Z</time>
      </trkpt>
      <trkpt lat="47.359974" lon="8.56367">
        <ele>434</ele>
        <time>2024-11-07T10:01:08Z</time>
      </trkpt>
      <trkpt lat="47.359974" lon="8.56367">
        <ele>434</ele>
        <time>2024-11-07T10:11:08Z</time>
      </trkpt>
      <trkpt lat="47.359974" lon="8.56367">
        <ele>434</ele>
        <time>2024-11-07T10:21:08Z</time>
      </trkpt>
      <trkpt lat="47.359974" lon="8.56367">
        <ele>434</ele>
        <time>2024-11-07T10:31:08Z</time>
      </trkpt>
      <trkpt lat="47.359974" lon="8.56367">
        <ele>434</ele>
        <time>2024-11-07T10:41:08Z</time>
      </trkpt>
      <trkpt lat="47.359974" lon="8.56367">
        <ele>434</ele>
        <time>2024-11-07T10:51:08Z</time>
      </trkpt>
      <trkpt lat="47.359974" lon="8.56367">
        <ele>434</ele>
        <time>2024-11-07T11:01:08Z</time>
      </trkpt>
      <trkpt lat="47.359974" lon="8.56367">
        <ele>434</ele>
        <time>2024-11-07T11:11:08Z</time>
      </trkpt>
      <trkpt lat="47.359974" lon="8.56367">
        <ele>434</ele>
        <time>2024-11-07T11:21:08Z</time>
      </trkpt>
      <trkpt lat="47.359974" lon="8.56367">
        <ele>434</ele>
        <time>2024-11-07T11:31:08Z</time>
      </trkpt>
      <trkpt lat="47.359974" lon="8.56367">
        <ele>434</ele>
        <time>2024-11-07T11:41:08Z</time>
      </trkpt>
      <trkpt lat="47.359974" lon="8.56367">
        <ele>434</ele>
        <time>2024-11-07T11:51:08Z</time>
      </trkpt>
      <trkpt lat="47.359974" lon="8.56367">
        <ele>434</ele>
        <time>2024-11-07T12:01:08Z</time>
      </trkpt>
      <trkpt lat="47.359974" lon="8.56367">
        <ele>434</ele>
        <time>2024-11-07T12:11:08Z</time>
      </trkpt>
      <trkpt lat="47.359974" lon="8.56367">
        <ele>434</ele>
        <time>2024-11-07T12:21:08Z</time>
      </trkpt>
      <trkpt lat="47.359974" lon="8.56367">
        <ele>434</ele>
        <time>2024-11-07T12:31:08Z</time>
      </trkpt>
      <trkpt lat="47.359974" lon="8.56367">
        <ele>434</ele>
        <time>2024-11-07T12:41:08Z</time>
      </trkpt>
      <trkpt lat="47.359974" lon="8.56367">
        <ele>434</ele>
        <time>2024-11-07T12:51:08Z</time>
      </trkpt>
      <trkpt lat="47.359974" lon="8.56367">
        <ele>434</ele>
        <time>2024-11-07T13:01:08Z</time>
      </trkpt>
      <trkpt lat="47.359974" lon="8.56367">
        <ele>434</ele>
        <time>2024-11-07T13:11:08Z</time>
      </trkpt>
      <trkpt lat="47.359974" lon="8.56367">
        <ele>434</ele>
        <time>2024-11-07T13:21:08Z</time>
      </trkpt>
      <trkpt lat="47.359974" lon="8.56367">
        <ele>434</ele>
        <time>2024-11-07T13:31:08Z</time>
      </trkpt>
      <trkpt lat="47.359974" lon="8.56367">
        <ele>434</ele>
        <time>2024-11-07T13:41:08Z</time>
      </trkpt>
      <trkpt lat="47.359974" lon="8.56367">
        <ele>434</ele>
        <time>2024-11-07T13:51:08Z</time>
      </trkpt>
      <trkpt lat="47.359974" lon="8.56367">
        <ele>434</ele>
        <time>2024-11-07T14:01:08Z</time>
      </trkpt>
      <trkpt lat="47.359974" lon="8.56367">
        <ele>434</ele>
        <time>2024-11-07T14:11:08Z</time>
      </trkpt>
      <trkpt lat="47.359974" lon="8.56367">
        <ele>434</ele>
        <time>2024-11-07T14:21:08Z</time>
      </trkpt>
      <trkpt lat="47.359974" lon="8.56367">
        <ele>434</ele>
        <time>2024-11-07T14:31:08Z</time>
      </trkpt>
      <trkpt lat="47.359974" lon="8.56367">
        <ele>434</ele>
        <time>2024-11-07T14:41:08Z</time>
      </trkpt>
      <trkpt lat="47.359974" lon="8.56367">
        <ele>434</ele>
        <time>2024-11-07T14:51:08Z</time>
      </trkpt>
      <trkpt lat="47.359974" lon="8.56367">
        <ele>434</ele>
        <time>2024-11-07T15:01:08Z</time>
      </trkpt>
      <trkpt lat="47.359974" lon="8.56367">
        <ele>434</ele>
        <time>2024-11-07T15:11:08Z</time>
      </trkpt>
      <trkpt lat="47.359974" lon="8.56367">
        <ele>434</ele>
        <time>2024-11-07T15:21:08Z</time>
      </trkpt>
      <trkpt lat="47.359974" lon="8.56367">
        <ele>434</ele>
        <time>2024-11-07T15:31:08Z</time>
      </trkpt>
      <trkpt lat="47.359974" lon="8.56367">
        <ele>434</ele>
        <time>2024-11-07T15:41:08Z</time>
      </trkpt>
      <trkpt lat="47.359974" lon="8.56367">
        <ele>434</ele>
        <time>2024-11-07T15:51:08Z</time>
      </trkpt>
      <trkpt lat="47.359974" lon="8.56367">
        <ele>434</ele>
        <time>2024-11-07T16:01:08Z</time>
      </trkpt>
      <trkpt lat="47.359974" lon="8.56367">
        <ele>434</ele>
        <time>2024-11-07T16:11:08Z</time>
      </trkpt>
      <trkpt lat="47.359974" lon="8.56367">
        <ele>434</ele>
        <time>2024-11-07T16:21:08Z</time>
      </trkpt>
      <trkpt lat="47.359974" lon="8.56367">
        <ele>434</ele>
        <time>2024-11-07T16:31:08Z</time>
      </trkpt>
      <trkpt lat="47.359974" lon="8.56367">
        <ele>434</ele>
        <time>2024-11-07T16:41:08Z</time>
      </trkpt>
      <trkpt lat="47.359974" lon="8.56367">
        <ele>434</ele>
        <time>2024-11-07T16:51:08Z</time>
      </trkpt>
      <trkpt lat="47.359974" lon="8.56367">
        <ele>434</ele>
        <time>2024-11-07T16:52:33Z</time>
      </trkpt>
      <trkpt lat="47.359959" lon="8.563643">
        <ele>434</ele>
        <time>2024-11-07T17:07:33Z</time>
      </trkpt>
      <trkpt lat="47.36017" lon="8.562138">
        <ele>400</ele>
        <time>2024-11-07T17:10:39Z</time>
        <cmt>speed: 0.4</cmt>
      </trkpt>
      <trkpt lat="47.360029" lon="8.561447">
        <ele>421</ele>
        <time>2024-11-07T17:20:03Z</time>
        <cmt>speed: 0.5</cmt>
      </trkpt>
      <trkpt lat="47.360215" lon="8.560438">
        <ele>389</ele>
        <time>2024-11-07T17:30:03Z</time>
        <cmt>speed: 1.2</cmt>
      </trkpt>
      <trkpt lat="47.360425" lon="8.559546">
        <ele>440</ele>
        <time>2024-11-07T17:40:07Z</time>
        <cmt>speed: 0.0</cmt>
      </trkpt>
      <trkpt lat="47.359908" lon="8.557677">
        <ele>418</ele>
        <time>2024-11-07T17:50:02Z</time>
        <cmt>speed: 0.5</cmt>
      </trkpt>
      <trkpt lat="47.360342" lon="8.557875">
        <ele>431</ele>
        <time>2024-11-07T18:00:11Z</time>
        <cmt>speed: 0.3</cmt>
      </trkpt>
      <trkpt lat="47.360668" lon="8.557562">
        <ele>416</ele>
        <time>2024-11-07T18:10:04Z</time>
        <cmt>speed: 0.3</cmt>
      </trkpt>
      <trkpt lat="47.361384" lon="8.55877">
        <ele>423</ele>
        <time>2024-11-07T18:20:04Z</time>
        <cmt>speed: 0.6</cmt>
      </trkpt>
      <trkpt lat="47.361665" lon="8.559306">
        <ele>428</ele>
        <time>2024-11-07T18:30:03Z</time>
        <cmt>speed: 0.0</cmt>
      </trkpt>
      <trkpt lat="47.360976" lon="8.55955">
        <ele>431</ele>
        <time>2024-11-07T18:40:04Z</time>
        <cmt>speed: 0.5</cmt>
      </trkpt>
      <trkpt lat="47.359945" lon="8.560479">
        <ele>431</ele>
        <time>2024-11-07T18:50:05Z</time>
        <cmt>speed: 0.2</cmt>
      </trkpt>
      <trkpt lat="47.360024" lon="8.561585">
        <ele>435</ele>
        <time>2024-11-07T19:00:02Z</time>
        <cmt>speed: 2.7</cmt>
      </trkpt>
      <trkpt lat="47.360024" lon="8.561585">
        <ele>435</ele>
        <time>2024-11-07T19:09:56Z</time>
      </trkpt>
      <trkpt lat="47.360258" lon="8.562894">
        <ele>453</ele>
        <time>2024-11-07T19:10:03Z</time>
        <cmt>speed: 0.5</cmt>
      </trkpt>
      <trkpt lat="47.359459" lon="8.563355">
        <ele>448</ele>
        <time>2024-11-07T19:20:05Z</time>
        <cmt>speed: 0.4</cmt>
      </trkpt>
      <trkpt lat="47.35905" lon="8.56266">
        <ele>418</ele>
        <time>2024-11-07T19:30:02Z</time>
        <cmt>speed: 0.2</cmt>
      </trkpt>
      <trkpt lat="47.358742" lon="8.562678">
        <ele>444</ele>
        <time>2024-11-07T19:40:03Z</time>
        <cmt>speed: 0.6</cmt>
      </trkpt>
      <trkpt lat="47.358742" lon="8.562678">
        <ele>444</ele>
        <time>2024-11-07T19:49:56Z</time>
      </trkpt>
      <trkpt lat="47.358663" lon="8.562691">
        <ele>461</ele>
        <time>2024-11-07T19:50:03Z</time>
        <cmt>speed: 0.3</cmt>
      </trkpt>
      <trkpt lat="47.358587" lon="8.562735">
        <ele>441</ele>
        <time>2024-11-07T20:00:01Z</time>
        <cmt>speed: 0.4</cmt>
      </trkpt>
      <trkpt lat="47.358587" lon="8.562735">
        <ele>441</ele>
        <time>2024-11-07T20:09:55Z</time>
      </trkpt>
      <trkpt lat="47.358932" lon="8.56281">
        <ele>428</ele>
        <time>2024-11-07T20:10:03Z</time>
        <cmt>speed: 0.1</cmt>
      </trkpt>
      <trkpt lat="47.359246" lon="8.562986">
        <ele>468</ele>
        <time>2024-11-07T20:20:02Z</time>
        <cmt>speed: 0.5</cmt>
      </trkpt>
      <trkpt lat="47.359322" lon="8.561154">
        <ele>438</ele>
        <time>2024-11-07T20:30:05Z</time>
        <cmt>speed: 0.0</cmt>
      </trkpt>
      <trkpt lat="47.359005" lon="8.561289">
        <ele>503</ele>
        <time>2024-11-07T20:40:06Z</time>
        <cmt>speed: 0.0</cmt>
      </trkpt>
      <trkpt lat="47.359005" lon="8.561289">
        <ele>503</ele>
        <time>2024-11-07T20:49:55Z</time>
      </trkpt>
      <trkpt lat="47.358975" lon="8.561277">
        <ele>465</ele>
        <time>2024-11-07T20:50:02Z</time>
        <cmt>speed: 0.4</cmt>
      </trkpt>
      <trkpt lat="47.359086" lon="8.561201">
        <ele>433</ele>
        <time>2024-11-07T21:02:36Z</time>
        <cmt>speed: 0.4</cmt>
      </trkpt>
      <trkpt lat="47.359086" lon="8.561201">
        <ele>433</ele>
        <time>2024-11-07T21:12:28Z</time>
      </trkpt>
      <trkpt lat="47.359151" lon="8.561358">
        <ele>427</ele>
        <time>2024-11-07T21:12:35Z</time>
        <cmt>speed: 0.7</cmt>
      </trkpt>
      <trkpt lat="47.360017" lon="8.559381">
        <ele>430</ele>
        <time>2024-11-07T21:32:36Z</time>
        <cmt>speed: 0.3</cmt>
      </trkpt>
      <trkpt lat="47.35995" lon="8.55891">
        <ele>444</ele>
        <time>2024-11-07T21:42:46Z</time>
        <cmt>speed: 0.4</cmt>
      </trkpt>
      <trkpt lat="47.359622" lon="8.558045">
        <ele>426</ele>
        <time>2024-11-07T21:52:35Z</time>
        <cmt>speed: 2.9</cmt>
      </trkpt>
      <trkpt lat="47.359871" lon="8.557607">
        <ele>428</ele>
        <time>2024-11-07T22:02:52Z</time>
        <cmt>speed: 1.0</cmt>
      </trkpt>
      <trkpt lat="47.359871" lon="8.557607">
        <ele>428</ele>
        <time>2024-11-07T22:09:55Z</time>
      </trkpt>
      <trkpt lat="47.359794" lon="8.557689">
        <ele>432</ele>
        <time>2024-11-07T22:17:18Z</time>
        <cmt>speed: 0.0</cmt>
      </trkpt>
      <trkpt lat="47.359768" lon="8.557682">
        <ele>442</ele>
        <time>2024-11-07T22:27:14Z</time>
        <cmt>speed: 0.0</cmt>
      </trkpt>
      <trkpt lat="47.359768" lon="8.557682">
        <ele>442</ele>
        <time>2024-11-07T22:29:55Z</time>
      </trkpt>
      <trkpt lat="47.35979" lon="8.557864">
        <ele>402</ele>
        <time>2024-11-07T22:37:09Z</time>
        <cmt>speed: 0.2</cmt>
      </trkpt>
      <trkpt lat="47.359749" lon="8.557736">
        <ele>431</ele>
        <time>2024-11-07T22:47:14Z</time>
        <cmt>speed: 0.6</cmt>
      </trkpt>
      <trkpt lat="47.359689" lon="8.557369">
        <ele>408</ele>
        <time>2024-11-07T22:57:04Z</time>
        <cmt>speed: 0.6</cmt>
      </trkpt>
      <trkpt lat="47.359682" lon="8.557336">
        <ele>451</ele>
        <time>2024-11-07T23:07:11Z</time>
        <cmt>speed: 0.1</cmt>
      </trkpt>
      <trkpt lat="47.360456" lon="8.557086">
        <ele>448</ele>
        <time>2024-11-07T23:17:03Z</time>
        <cmt>speed: 1.3</cmt>
      </trkpt>
      <trkpt lat="47.360757" lon="8.557574">
        <ele>411</ele>
        <time>2024-11-07T23:27:04Z</time>
        <cmt>speed: 0.3</cmt>
      </trkpt>
      <trkpt lat="47.360814" lon="8.558894">
        <ele>444</ele>
        <time>2024-11-07T23:37:03Z</time>
        <cmt>speed: 0.7</cmt>
      </trkpt>
      <trkpt lat="47.360643" lon="8.559027">
        <ele>461</ele>
        <time>2024-11-07T23:47:03Z</time>
        <cmt>speed: 0.0</cmt>
      </trkpt>
      <trkpt lat="47.360711" lon="8.558703">
        <ele>472</ele>
        <time>2024-11-07T23:57:05Z</time>
        <cmt>speed: 0.7</cmt>
      </trkpt>
      <trkpt lat="47.360382" lon="8.557721">
        <ele>476</ele>
        <time>2024-11-08T00:07:03Z</time>
        <cmt>speed: 0.0</cmt>
      </trkpt>
      <trkpt lat="47.360528" lon="8.557829">
        <ele>416</ele>
        <time>2024-11-08T00:17:04Z</time>
        <cmt>speed: 1.5</cmt>
      </trkpt>
      <trkpt lat="47.360221" lon="8.55763">
        <ele>448</ele>
        <time>2024-11-08T00:27:04Z</time>
        <cmt>speed: 0.4</cmt>
      </trkpt>
      <trkpt lat="47.359586" lon="8.559134">
        <ele>456</ele>
        <time>2024-11-08T00:37:04Z</time>
        <cmt>speed: 0.8</cmt>
      </trkpt>
      <trkpt lat="47.360345" lon="8.561564">
        <ele>440</ele>
        <time>2024-11-08T00:47:03Z</time>
        <cmt>speed: 0.6</cmt>
      </trkpt>
      <trkpt lat="47.360441" lon="8.562236">
        <ele>402</ele>
        <time>2024-11-08T02:30:22Z</time>
        <cmt>speed: 0.1</cmt>
      </trkpt>
      <trkpt lat="47.360441" lon="8.562236">
        <ele>402</ele>
        <time>2024-11-08T02:50:22Z</time>
      </trkpt>
      <trkpt lat="47.360115" lon="8.562066">
        <ele>448</ele>
        <time>2024-11-08T02:50:30Z</time>
        <cmt>speed: 0.2</cmt>
      </trkpt>
      <trkpt lat="47.36014" lon="8.561967">
        <ele>445</ele>
        <time>2024-11-08T05:53:51Z</time>
        <cmt>speed: 0.7</cmt>
      </trkpt>
      <trkpt lat="47.360316" lon="8.56224">
        <ele>459</ele>
        <time>2024-11-08T06:04:01Z</time>
        <cmt>speed: 0.1</cmt>
      </trkpt>
      <trkpt lat="47.36009" lon="8.561523">
        <ele>379</ele>
        <time>2024-11-08T06:13:51Z</time>
        <cmt>speed: 1.6</cmt>
      </trkpt>
      <trkpt lat="47.360143" lon="8.562173">
        <ele>445</ele>
        <time>2024-11-08T06:24:00Z</time>
        <cmt>speed: 0.2</cmt>
      </trkpt>
      <trkpt lat="47.360143" lon="8.562173">
        <ele>445</ele>
        <time>2024-11-08T06:33:47Z</time>
      </trkpt>
      <trkpt lat="47.360134" lon="8.562202">
        <ele>443</ele>
        <time>2024-11-08T06:33:56Z</time>
        <cmt>speed: 0.2</cmt>
      </trkpt>
      <trkpt lat="47.360051" lon="8.562147">
        <ele>428</ele>
        <time>2024-11-08T06:43:53Z</time>
        <cmt>speed: 0.3</cmt>
      </trkpt>
      <trkpt lat="47.360084" lon="8.562153">
        <ele>438</ele>
        <time>2024-11-08T06:53:56Z</time>
        <cmt>speed: 0.0</cmt>
      </trkpt>
      <trkpt lat="47.360105" lon="8.56223">
        <ele>444</ele>
        <time>2024-11-08T07:03:57Z</time>
        <cmt>speed: 0.1</cmt>
      </trkpt>
      <trkpt lat="47.360105" lon="8.56223">
        <ele>444</ele>
        <time>2024-11-08T07:14:05Z</time>
      </trkpt>
      <trkpt lat="47.360042" lon="8.561978">
        <ele>478</ele>
        <time>2024-11-08T07:14:15Z</time>
        <cmt>speed: 0.2</cmt>
      </trkpt>
      <trkpt lat="47.359561" lon="8.561679">
        <ele>450</ele>
        <time>2024-11-08T07:23:52Z</time>
        <cmt>speed: 0.8</cmt>
      </trkpt>
      <trkpt lat="47.358801" lon="8.561785">
        <ele>426</ele>
        <time>2024-11-08T07:33:51Z</time>
        <cmt>speed: 0.2</cmt>
      </trkpt>
      <trkpt lat="47.358401" lon="8.561767">
        <ele>488</ele>
        <time>2024-11-08T07:43:52Z</time>
        <cmt>speed: 0.1</cmt>
      </trkpt>
      <trkpt lat="47.358851" lon="8.561287">
        <ele>423</ele>
        <time>2024-11-08T07:53:51Z</time>
        <cmt>speed: 0.1</cmt>
      </trkpt>
      <trkpt lat="47.358568" lon="8.56252">
        <ele>465</ele>
        <time>2024-11-08T08:03:49Z</time>
        <cmt>speed: 0.0</cmt>
      </trkpt>
      <trkpt lat="47.358558" lon="8.562262">
        <ele>408</ele>
        <time>2024-11-08T08:13:51Z</time>
        <cmt>speed: 0.9</cmt>
      </trkpt>
      <trkpt lat="47.358368" lon="8.562395">
        <ele>411</ele>
        <time>2024-11-08T08:23:51Z</time>
        <cmt>speed: 1.1</cmt>
      </trkpt>
      <trkpt lat="47.358368" lon="8.562395">
        <ele>411</ele>
        <time>2024-11-08T08:33:41Z</time>
      </trkpt>
      <trkpt lat="47.358482" lon="8.56238">
        <ele>423</ele>
        <time>2024-11-08T08:33:50Z</time>
        <cmt>speed: 0.4</cmt>
      </trkpt>
      <trkpt lat="47.358598" lon="8.562343">
        <ele>449</ele>
        <time>2024-11-08T08:43:51Z</time>
        <cmt>speed: 0.5</cmt>
      </trkpt>
      <trkpt lat="47.358598" lon="8.562343">
        <ele>449</ele>
        <time>2024-11-08T08:53:49Z</time>
      </trkpt>
      <trkpt lat="47.35855" lon="8.56231">
        <ele>447</ele>
        <time>2024-11-08T08:53:58Z</time>
        <cmt>speed: 0.1</cmt>
      </trkpt>
      <trkpt lat="47.358487" lon="8.562397">
        <ele>495</ele>
        <time>2024-11-08T09:03:52Z</time>
        <cmt>speed: 0.8</cmt>
      </trkpt>
      <trkpt lat="47.35826" lon="8.5628">
        <ele>455</ele>
        <time>2024-11-08T09:13:50Z</time>
        <cmt>speed: 2.0</cmt>
      </trkpt>
      <trkpt lat="47.358589" lon="8.562911">
        <ele>441</ele>
        <time>2024-11-08T09:23:52Z</time>
        <cmt>speed: 0.1</cmt>
      </trkpt>
      <trkpt lat="47.358589" lon="8.562911">
        <ele>441</ele>
        <time>2024-11-08T09:33:40Z</time>
      </trkpt>
      <trkpt lat="47.358606" lon="8.562966">
        <ele>423</ele>
        <time>2024-11-08T09:33:50Z</time>
        <cmt>speed: 0.3</cmt>
      </trkpt>
      <trkpt lat="47.358902" lon="8.562538">
        <ele>453</ele>
        <time>2024-11-08T09:43:49Z</time>
        <cmt>speed: 0.0</cmt>
      </trkpt>
      <trkpt lat="47.359299" lon="8.56116">
        <ele>419</ele>
        <time>2024-11-08T09:53:52Z</time>
        <cmt>speed: 0.1</cmt>
      </trkpt>
      <trkpt lat="47.359501" lon="8.560157">
        <ele>423</ele>
        <time>2024-11-08T10:03:51Z</time>
        <cmt>speed: 0.8</cmt>
      </trkpt>
      <trkpt lat="47.359289" lon="8.559566">
        <ele>451</ele>
        <time>2024-11-08T10:13:54Z</time>
        <cmt>speed: 0.1</cmt>
      </trkpt>
      <trkpt lat="47.35925" lon="8.55903">
        <ele>429</ele>
        <time>2024-11-08T10:23:54Z</time>
        <cmt>speed: 0.6</cmt>
      </trkpt>
      <trkpt lat="47.358903" lon="8.55929">
        <ele>437</ele>
        <time>2024-11-08T10:33:52Z</time>
        <cmt>speed: 1.3</cmt>
      </trkpt>
      <trkpt lat="47.358903" lon="8.55929">
        <ele>437</ele>
        <time>2024-11-08T10:53:43Z</time>
      </trkpt>
      <trkpt lat="47.358651" lon="8.560782">
        <ele>482</ele>
        <time>2024-11-08T10:53:52Z</time>
        <cmt>speed: 0.7</cmt>
      </trkpt>
      <trkpt lat="47.358833" lon="8.561001">
        <ele>435</ele>
        <time>2024-11-08T11:03:57Z</time>
        <cmt>speed: 0.0</cmt>
      </trkpt>
      <trkpt lat="47.35872" lon="8.560924">
        <ele>436</ele>
        <time>2024-11-08T11:13:57Z</time>
        <cmt>speed: 0.9</cmt>
      </trkpt>
      <trkpt lat="47.358861" lon="8.561146">
        <ele>472</ele>
        <time>2024-11-08T11:23:53Z</time>
        <cmt>speed: 0.3</cmt>
      </trkpt>
      <trkpt lat="47.358861" lon="8.561146">
        <ele>472</ele>
        <time>2024-11-08T11:33:42Z</time>
      </trkpt>
      <trkpt lat="47.358716" lon="8.560932">
        <ele>487</ele>
        <time>2024-11-08T11:33:51Z</time>
        <cmt>speed: 0.7</cmt>
      </trkpt>
      <trkpt lat="47.35891" lon="8.561152">
        <ele>420</ele>
        <time>2024-11-08T11:43:56Z</time>
        <cmt>speed: 0.0</cmt>
      </trkpt>
      <trkpt lat="47.35891" lon="8.561152">
        <ele>420</ele>
        <time>2024-11-08T11:53:43Z</time>
      </trkpt>
      <trkpt lat="47.359094" lon="8.561267">
        <ele>477</ele>
        <time>2024-11-08T11:53:53Z</time>
        <cmt>speed: 0.5</cmt>
      </trkpt>
      <trkpt lat="47.358833" lon="8.560996">
        <ele>430</ele>
        <time>2024-11-08T12:03:54Z</time>
        <cmt>speed: 0.1</cmt>
      </trkpt>
      <trkpt lat="47.358772" lon="8.561111">
        <ele>412</ele>
        <time>2024-11-08T12:13:54Z</time>
        <cmt>speed: 0.0</cmt>
      </trkpt>
      <trkpt lat="47.35924" lon="8.561264">
        <ele>429</ele>
        <time>2024-11-08T12:23:53Z</time>
        <cmt>speed: 0.4</cmt>
      </trkpt>
      <trkpt lat="47.359791" lon="8.561754">
        <ele>437</ele>
        <time>2024-11-08T12:33:53Z</time>
        <cmt>speed: 2.2</cmt>
      </trkpt>
      <trkpt lat="47.360144" lon="8.562007">
        <ele>443</ele>
        <time>2024-11-08T12:43:52Z</time>
        <cmt>speed: 0.4</cmt>
      </trkpt>
      <trkpt lat="47.360167" lon="8.560052">
        <ele>444</ele>
        <time>2024-11-08T12:53:54Z</time>
        <cmt>speed: 0.9</cmt>
      </trkpt>
      <trkpt lat="47.359996" lon="8.558698">
        <ele>422</ele>
        <time>2024-11-08T13:04:02Z</time>
        <cmt>speed: 0.9</cmt>
      </trkpt>
      <trkpt lat="47.359633" lon="8.55779">
        <ele>438</ele>
        <time>2024-11-08T13:13:53Z</time>
        <cmt>speed: 0.0</cmt>
      </trkpt>
      <trkpt lat="47.360409" lon="8.557695">
        <ele>449</ele>
        <time>2024-11-08T13:23:56Z</time>
        <cmt>speed: 0.5</cmt>
      </trkpt>
      <trkpt lat="47.360494" lon="8.55766">
        <ele>412</ele>
        <time>2024-11-08T13:34:01Z</time>
      </trkpt>
      <trkpt lat="47.360494" lon="8.55766">
        <ele>412</ele>
        <time>2024-11-08T13:34:01Z</time>
        <cmt>speed: 0.1</cmt>
      </trkpt>
      <trkpt lat="47.360459" lon="8.557852">
        <ele>417</ele>
        <time>2024-11-08T15:37:39Z</time>
        <cmt>speed: 0.1</cmt>
      </trkpt>
      <trkpt lat="47.36024" lon="8.557823">
        <ele>438</ele>
        <time>2024-11-08T15:47:34Z</time>
        <cmt>speed: 0.9</cmt>
      </trkpt>
      <trkpt lat="47.360412" lon="8.557885">
        <ele>416</ele>
        <time>2024-11-08T15:57:23Z</time>
        <cmt>speed: 1.4</cmt>
      </trkpt>
      <trkpt lat="47.35993" lon="8.558123">
        <ele>394</ele>
        <time>2024-11-08T16:07:25Z</time>
        <cmt>speed: 0.4</cmt>
      </trkpt>
      <trkpt lat="47.360005" lon="8.560013">
        <ele>434</ele>
        <time>2024-11-08T16:17:23Z</time>
        <cmt>speed: 2.0</cmt>
      </trkpt>
      <trkpt lat="47.359959" lon="8.563643">
        <ele>434</ele>
        <time>2024-11-08T16:26:10Z</time>
      </trkpt>
      <trkpt lat="47.359959" lon="8.563643">
        <ele>434</ele>
        <time>2024-11-08T16:41:10Z</time>
      </trkpt>
      <trkpt lat="47.359796" lon="8.562071">
        <ele>481</ele>
        <time>2024-11-08T20:39:29Z</time>
        <cmt>speed: 1.7</cmt>
      </trkpt>
      <trkpt lat="47.359498" lon="8.560769">
        <ele>442</ele>
        <time>2024-11-08T20:49:42Z</time>
        <cmt>speed: 0.4</cmt>
      </trkpt>
      <trkpt lat="47.359791" lon="8.558843">
        <ele>447</ele>
        <time>2024-11-08T20:59:20Z</time>
        <cmt>speed: 0.1</cmt>
      </trkpt>
      <trkpt lat="47.359996" lon="8.558989">
        <ele>458</ele>
        <time>2024-11-08T21:09:23Z</time>
        <cmt>speed: 0.3</cmt>
      </trkpt>
      <trkpt lat="47.359996" lon="8.558989">
        <ele>458</ele>
        <time>2024-11-08T21:19:23Z</time>
      </trkpt>
      <trkpt lat="47.359767" lon="8.558541">
        <ele>439</ele>
        <time>2024-11-08T21:19:25Z</time>
        <cmt>speed: 0.1</cmt>
      </trkpt>
      <trkpt lat="47.359744" lon="8.55886">
        <ele>475</ele>
        <time>2024-11-08T21:29:51Z</time>
        <cmt>speed: 0.7</cmt>
      </trkpt>
      <trkpt lat="47.36019" lon="8.559974">
        <ele>455</ele>
        <time>2024-11-08T21:39:21Z</time>
        <cmt>speed: 0.3</cmt>
      </trkpt>
      <trkpt lat="47.360247" lon="8.560767">
        <ele>434</ele>
        <time>2024-11-08T21:43:02Z</time>
        <cmt>speed: 0.4</cmt>
      </trkpt>
      <trkpt lat="47.360148" lon="8.560664">
        <ele>433</ele>
        <time>2024-11-08T21:43:06Z</time>
        <cmt>speed: 3.9</cmt>
      </trkpt>
      <trkpt lat="47.360114" lon="8.560467">
        <ele>431</ele>
        <time>2024-11-08T21:43:10Z</time>
        <cmt>speed: 1.8</cmt>
      </trkpt>
      <trkpt lat="47.359959" lon="8.563643">
        <ele>434</ele>
        <time>2024-11-08T21:48:19Z</time>
      </trkpt>
      <trkpt lat="47.359959" lon="8.563643">
        <ele>434</ele>
        <time>2024-11-08T22:03:19Z</time>
      </trkpt>
      <trkpt lat="47.359959" lon="8.563643">
        <ele>434</ele>
        <time>2024-11-09T08:23:02Z</time>
      </trkpt>
      <trkpt lat="47.359849" lon="8.561595">
        <ele>425</ele>
        <time>2024-11-09T08:33:08Z</time>
        <cmt>speed: 0.5</cmt>
      </trkpt>
      <trkpt lat="47.358677" lon="8.561148">
        <ele>427</ele>
        <time>2024-11-09T08:43:09Z</time>
        <cmt>speed: 0.1</cmt>
      </trkpt>
      <trkpt lat="47.358429" lon="8.560205">
        <ele>435</ele>
        <time>2024-11-09T08:53:07Z</time>
        <cmt>speed: 0.7</cmt>
      </trkpt>
      <trkpt lat="47.358442" lon="8.560074">
        <ele>430</ele>
        <time>2024-11-09T09:03:08Z</time>
        <cmt>speed: 0.2</cmt>
      </trkpt>
      <trkpt lat="47.357977" lon="8.559267">
        <ele>399</ele>
        <time>2024-11-09T09:13:08Z</time>
        <cmt>speed: 1.3</cmt>
      </trkpt>
      <trkpt lat="47.358925" lon="8.558494">
        <ele>439</ele>
        <time>2024-11-09T09:23:08Z</time>
        <cmt>speed: 0.5</cmt>
      </trkpt>
      <trkpt lat="47.359362" lon="8.55959">
        <ele>456</ele>
        <time>2024-11-09T09:33:07Z</time>
        <cmt>speed: 1.0</cmt>
      </trkpt>
      <trkpt lat="47.359299" lon="8.561746">
        <ele>432</ele>
        <time>2024-11-09T09:43:08Z</time>
        <cmt>speed: 0.2</cmt>
      </trkpt>
      <trkpt lat="47.359411" lon="8.561895">
        <ele>453</ele>
        <time>2024-11-09T09:53:07Z</time>
        <cmt>speed: 0.2</cmt>
      </trkpt>
      <trkpt lat="47.359411" lon="8.561895">
        <ele>453</ele>
        <time>2024-11-09T10:03:05Z</time>
      </trkpt>
      <trkpt lat="47.359272" lon="8.561888">
        <ele>438</ele>
        <time>2024-11-09T10:03:58Z</time>
        <cmt>speed: 0.2</cmt>
      </trkpt>
      <trkpt lat="47.359389" lon="8.561872">
        <ele>439</ele>
        <time>2024-11-09T10:14:00Z</time>
        <cmt>speed: 0.5</cmt>
      </trkpt>
      <trkpt lat="47.359389" lon="8.561872">
        <ele>439</ele>
        <time>2024-11-09T10:23:05Z</time>
      </trkpt>
      <trkpt lat="47.359357" lon="8.561904">
        <ele>441</ele>
        <time>2024-11-09T10:24:00Z</time>
        <cmt>speed: 0.2</cmt>
      </trkpt>
      <trkpt lat="47.359268" lon="8.561853">
        <ele>463</ele>
        <time>2024-11-09T10:33:59Z</time>
        <cmt>speed: 0.2</cmt>
      </trkpt>
      <trkpt lat="47.359268" lon="8.561853">
        <ele>463</ele>
        <time>2024-11-09T10:43:56Z</time>
      </trkpt>
      <trkpt lat="47.359407" lon="8.561961">
        <ele>433</ele>
        <time>2024-11-09T10:44:00Z</time>
        <cmt>speed: 0.0</cmt>
      </trkpt>
      <trkpt lat="47.359379" lon="8.561863">
        <ele>432</ele>
        <time>2024-11-09T10:53:58Z</time>
        <cmt>speed: 0.3</cmt>
      </trkpt>
      <trkpt lat="47.359379" lon="8.561863">
        <ele>432</ele>
        <time>2024-11-09T11:03:05Z</time>
      </trkpt>
      <trkpt lat="47.359213" lon="8.561704">
        <ele>440</ele>
        <time>2024-11-09T11:05:43Z</time>
        <cmt>speed: 1.8</cmt>
      </trkpt>
      <trkpt lat="47.359347" lon="8.561709">
        <ele>471</ele>
        <time>2024-11-09T11:15:41Z</time>
        <cmt>speed: 0.5</cmt>
      </trkpt>
      <trkpt lat="47.359458" lon="8.561869">
        <ele>462</ele>
        <time>2024-11-09T12:00:00Z</time>
        <cmt>speed: 0.0</cmt>
      </trkpt>
      <trkpt lat="47.359458" lon="8.561869">
        <ele>462</ele>
        <time>2024-11-09T12:09:12Z</time>
      </trkpt>
      <trkpt lat="47.359301" lon="8.561947">
        <ele>439</ele>
        <time>2024-11-09T12:09:16Z</time>
        <cmt>speed: 0.4</cmt>
      </trkpt>
      <trkpt lat="47.359342" lon="8.561751">
        <ele>444</ele>
        <time>2024-11-09T12:39:14Z</time>
        <cmt>speed: 0.0</cmt>
      </trkpt>
      <trkpt lat="47.359295" lon="8.561839">
        <ele>433</ele>
        <time>2024-11-09T12:49:17Z</time>
        <cmt>speed: 0.2</cmt>
      </trkpt>
      <trkpt lat="47.359118" lon="8.562521">
        <ele>429</ele>
        <time>2024-11-09T12:59:13Z</time>
        <cmt>speed: 0.8</cmt>
      </trkpt>
      <trkpt lat="47.358665" lon="8.562578">
        <ele>447</ele>
        <time>2024-11-09T13:09:13Z</time>
        <cmt>speed: 0.0</cmt>
      </trkpt>
      <trkpt lat="47.358798" lon="8.563197">
        <ele>437</ele>
        <time>2024-11-09T13:19:13Z</time>
        <cmt>speed: 0.6</cmt>
      </trkpt>
      <trkpt lat="47.358798" lon="8.563197">
        <ele>437</ele>
        <time>2024-11-09T13:29:09Z</time>
      </trkpt>
      <trkpt lat="47.358657" lon="8.563954">
        <ele>455</ele>
        <time>2024-11-09T13:29:13Z</time>
        <cmt>speed: 0.7</cmt>
      </trkpt>
      <trkpt lat="47.358683" lon="8.563919">
        <ele>443</ele>
        <time>2024-11-09T13:39:13Z</time>
        <cmt>speed: 0.4</cmt>
      </trkpt>
      <trkpt lat="47.358683" lon="8.563919">
        <ele>443</ele>
        <time>2024-11-09T13:49:08Z</time>
      </trkpt>
      <trkpt lat="47.358632" lon="8.56427">
        <ele>435</ele>
        <time>2024-11-09T13:49:12Z</time>
        <cmt>speed: 0.7</cmt>
      </trkpt>
      <trkpt lat="47.358549" lon="8.564134">
        <ele>468</ele>
        <time>2024-11-09T13:59:13Z</time>
        <cmt>speed: 0.1</cmt>
      </trkpt>
      <trkpt lat="47.358218" lon="8.564634">
        <ele>455</ele>
        <time>2024-11-09T14:09:12Z</time>
        <cmt>speed: 0.4</cmt>
      </trkpt>
      <trkpt lat="47.357818" lon="8.564499">
        <ele>464</ele>
        <time>2024-11-09T14:19:13Z</time>
        <cmt>speed: 0.2</cmt>
      </trkpt>
      <trkpt lat="47.357645" lon="8.563746">
        <ele>443</ele>
        <time>2024-11-09T14:29:12Z</time>
        <cmt>speed: 0.7</cmt>
      </trkpt>
      <trkpt lat="47.358693" lon="8.562097">
        <ele>420</ele>
        <time>2024-11-09T14:39:13Z</time>
        <cmt>speed: 0.8</cmt>
      </trkpt>
      <trkpt lat="47.360224" lon="8.561847">
        <ele>425</ele>
        <time>2024-11-09T14:49:16Z</time>
        <cmt>speed: 0.1</cmt>
      </trkpt>
      <trkpt lat="47.361219" lon="8.560084">
        <ele>450</ele>
        <time>2024-11-09T15:09:13Z</time>
        <cmt>speed: 0.1</cmt>
      </trkpt>
      <trkpt lat="47.361096" lon="8.560872">
        <ele>464</ele>
        <time>2024-11-09T15:19:16Z</time>
        <cmt>speed: 0.9</cmt>
      </trkpt>
      <trkpt lat="47.361096" lon="8.560872">
        <ele>464</ele>
        <time>2024-11-09T15:29:14Z</time>
      </trkpt>
      <trkpt lat="47.361284" lon="8.560755">
        <ele>497</ele>
        <time>2024-11-09T15:29:19Z</time>
        <cmt>speed: 0.0</cmt>
      </trkpt>
      <trkpt lat="47.360051" lon="8.559928">
        <ele>484</ele>
        <time>2024-11-09T15:39:15Z</time>
        <cmt>speed: 0.7</cmt>
      </trkpt>
      <trkpt lat="47.359974" lon="8.56367">
        <ele>434</ele>
        <time>2024-11-09T15:45:34Z</time>
      </trkpt>
      <trkpt lat="47.359974" lon="8.56367">
        <ele>434</ele>
        <time>2024-11-09T16:00:34Z</time>
      </trkpt>
      <trkpt lat="47.359953" lon="8.563614">
        <ele>442</ele>
        <time>2024-11-09T16:08:12Z</time>
        <cmt>speed: 3.5</cmt>
      </trkpt>
      <trkpt lat="47.359136" lon="8.561311">
        <ele>378</ele>
        <time>2024-11-09T16:18:20Z</time>
        <cmt>speed: 1.2</cmt>
      </trkpt>
      <trkpt lat="47.359199" lon="8.56123">
        <ele>430</ele>
        <time>2024-11-09T16:28:10Z</time>
        <cmt>speed: 0.4</cmt>
      </trkpt>
      <trkpt lat="47.358224" lon="8.560663">
        <ele>457</ele>
        <time>2024-11-09T16:38:10Z</time>
        <cmt>speed: 0.6</cmt>
      </trkpt>
      <trkpt lat="47.358224" lon="8.560663">
        <ele>457</ele>
        <time>2024-11-09T16:48:05Z</time>
      </trkpt>
      <trkpt lat="47.358244" lon="8.561076">
        <ele>436</ele>
        <time>2024-11-09T16:48:09Z</time>
        <cmt>speed: 0.4</cmt>
      </trkpt>
      <trkpt lat="47.358423" lon="8.56103">
        <ele>447</ele>
        <time>2024-11-09T16:58:08Z</time>
        <cmt>speed: 0.5</cmt>
      </trkpt>
      <trkpt lat="47.359013" lon="8.561268">
        <ele>428</ele>
        <time>2024-11-09T17:08:08Z</time>
        <cmt>speed: 1.2</cmt>
      </trkpt>
      <trkpt lat="47.359763" lon="8.560267">
        <ele>426</ele>
        <time>2024-11-09T17:18:09Z</time>
        <cmt>speed: 0.3</cmt>
      </trkpt>
      <trkpt lat="47.359788" lon="8.561279">
        <ele>418</ele>
        <time>2024-11-09T17:28:10Z</time>
        <cmt>speed: 0.9</cmt>
      </trkpt>
      <trkpt lat="47.360083" lon="8.562177">
        <ele>437</ele>
        <time>2024-11-09T17:38:11Z</time>
        <cmt>speed: 0.1</cmt>
      </trkpt>
      <trkpt lat="47.360522" lon="8.562684">
        <ele>462</ele>
        <time>2024-11-09T17:48:15Z</time>
        <cmt>speed: 1.9</cmt>
      </trkpt>
      <trkpt lat="47.359959" lon="8.563643">
        <ele>434</ele>
        <time>2024-11-09T17:51:56Z</time>
      </trkpt>
      <trkpt lat="47.359974" lon="8.56367">
        <ele>434</ele>
        <time>2024-11-09T18:06:56Z</time>
      </trkpt>
      <trkpt lat="47.359739" lon="8.563314">
        <ele>460</ele>
        <time>2024-11-09T21:31:34Z</time>
        <cmt>speed: 3.2</cmt>
      </trkpt>
      <trkpt lat="47.359959" lon="8.563643">
        <ele>434</ele>
        <time>2024-11-09T21:33:50Z</time>
      </trkpt>
      <trkpt lat="47.360256" lon="8.561425">
        <ele>431</ele>
        <time>2024-11-09T21:41:29Z</time>
        <cmt>speed: 0.4</cmt>
      </trkpt>
      <trkpt lat="47.360159" lon="8.559581">
        <ele>435</ele>
        <time>2024-11-09T21:51:47Z</time>
        <cmt>speed: 0.0</cmt>
      </trkpt>
      <trkpt lat="47.360159" lon="8.559581">
        <ele>435</ele>
        <time>2024-11-09T22:01:25Z</time>
      </trkpt>
      <trkpt lat="47.360229" lon="8.55959">
        <ele>430</ele>
        <time>2024-11-09T22:01:31Z</time>
        <cmt>speed: 0.0</cmt>
      </trkpt>
      <trkpt lat="47.360039" lon="8.55947">
        <ele>383</ele>
        <time>2024-11-09T22:11:40Z</time>
        <cmt>speed: 0.1</cmt>
      </trkpt>
      <trkpt lat="47.360039" lon="8.55947">
        <ele>383</ele>
        <time>2024-11-09T22:21:24Z</time>
      </trkpt>
      <trkpt lat="47.36041" lon="8.560727">
        <ele>450</ele>
        <time>2024-11-09T22:21:29Z</time>
        <cmt>speed: 0.1</cmt>
      </trkpt>
      <trkpt lat="47.360704" lon="8.560222">
        <ele>440</ele>
        <time>2024-11-09T22:31:28Z</time>
        <cmt>speed: 0.6</cmt>
      </trkpt>
      <trkpt lat="47.361534" lon="8.560276">
        <ele>414</ele>
        <time>2024-11-09T22:35:01Z</time>
        <cmt>speed: 2.9</cmt>
      </trkpt>
      <trkpt lat="47.361409" lon="8.559867">
        <ele>434</ele>
        <time>2024-11-09T22:35:04Z</time>
        <cmt>speed: 0.7</cmt>
      </trkpt>
      <trkpt lat="47.361403" lon="8.559859">
        <ele>438</ele>
        <time>2024-11-09T22:35:09Z</time>
        <cmt>speed: 0.6</cmt>
      </trkpt>
      <trkpt lat="47.361405" lon="8.559825">
        <ele>434</ele>
        <time>2024-11-09T22:35:12Z</time>
        <cmt>speed: 0.3</cmt>
      </trkpt>
      <trkpt lat="47.361524" lon="8.558806">
        <ele>423</ele>
        <time>2024-11-09T22:41:29Z</time>
        <cmt>speed: 0.0</cmt>
      </trkpt>
      <trkpt lat="47.360646" lon="8.558038">
        <ele>407</ele>
        <time>2024-11-09T22:50:50Z</time>
        <cmt>speed: 0.0</cmt>
      </trkpt>
      <trkpt lat="47.360505" lon="8.557926">
        <ele>446</ele>
        <time>2024-11-09T22:51:28Z</time>
        <cmt>speed: 0.4</cmt>
      </trkpt>
      <trkpt lat="47.360534" lon="8.557627">
        <ele>464</ele>
        <time>2024-11-09T23:01:30Z</time>
        <cmt>speed: 0.3</cmt>
      </trkpt>
      <trkpt lat="47.360534" lon="8.557627">
        <ele>464</ele>
        <time>2024-11-09T23:11:24Z</time>
      </trkpt>
      <trkpt lat="47.360503" lon="8.557723">
        <ele>427</ele>
        <time>2024-11-09T23:11:30Z</time>
        <cmt>speed: 0.0</cmt>
      </trkpt>
      <trkpt lat="47.360496" lon="8.55768">
        <ele>425</ele>
        <time>2024-11-09T23:21:31Z</time>
        <cmt>speed: 0.6</cmt>
      </trkpt>
      <trkpt lat="47.360253" lon="8.557529">
        <ele>417</ele>
        <time>2024-11-09T23:31:28Z</time>
        <cmt>speed: 0.0</cmt>
      </trkpt>
      <trkpt lat="47.360259" lon="8.557633">
        <ele>413</ele>
        <time>2024-11-09T23:41:29Z</time>
        <cmt>speed: 0.6</cmt>
      </trkpt>
      <trkpt lat="47.360139" lon="8.557577">
        <ele>423</ele>
        <time>2024-11-09T23:51:29Z</time>
        <cmt>speed: 0.0</cmt>
      </trkpt>
      <trkpt lat="47.36038" lon="8.557711">
        <ele>433</ele>
        <time>2024-11-10T00:01:30Z</time>
        <cmt>speed: 0.1</cmt>
      </trkpt>
      <trkpt lat="47.360318" lon="8.557551">
        <ele>463</ele>
        <time>2024-11-10T00:11:29Z</time>
        <cmt>speed: 0.1</cmt>
      </trkpt>
      <trkpt lat="47.36032" lon="8.557726">
        <ele>443</ele>
        <time>2024-11-10T00:21:32Z</time>
        <cmt>speed: 0.1</cmt>
      </trkpt>
      <trkpt lat="47.36032" lon="8.557726">
        <ele>443</ele>
        <time>2024-11-10T00:31:22Z</time>
      </trkpt>
      <trkpt lat="47.360718" lon="8.557697">
        <ele>422</ele>
        <time>2024-11-10T00:31:28Z</time>
        <cmt>speed: 2.1</cmt>
      </trkpt>
      <trkpt lat="47.360638" lon="8.557488">
        <ele>444</ele>
        <time>2024-11-10T00:51:19Z</time>
        <cmt>speed: 1.8</cmt>
      </trkpt>
      <trkpt lat="47.361659" lon="8.559661">
        <ele>455</ele>
        <time>2024-11-10T01:01:15Z</time>
        <cmt>speed: 0.1</cmt>
      </trkpt>
      <trkpt lat="47.361404" lon="8.559541">
        <ele>495</ele>
        <time>2024-11-10T01:11:22Z</time>
        <cmt>speed: 0.1</cmt>
      </trkpt>
      <trkpt lat="47.362044" lon="8.559012">
        <ele>423</ele>
        <time>2024-11-10T01:21:28Z</time>
        <cmt>speed: 0.5</cmt>
      </trkpt>
      <trkpt lat="47.361635" lon="8.558813">
        <ele>455</ele>
        <time>2024-11-10T01:31:18Z</time>
        <cmt>speed: 0.7</cmt>
      </trkpt>
      <trkpt lat="47.360406" lon="8.559805">
        <ele>435</ele>
        <time>2024-11-10T01:41:19Z</time>
        <cmt>speed: 1.3</cmt>
      </trkpt>
      <trkpt lat="47.3596" lon="8.559296">
        <ele>377</ele>
        <time>2024-11-10T01:51:17Z</time>
        <cmt>speed: 0.6</cmt>
      </trkpt>
      <trkpt lat="47.359642" lon="8.559955">
        <ele>448</ele>
        <time>2024-11-10T02:01:19Z</time>
        <cmt>speed: 0.0</cmt>
      </trkpt>
      <trkpt lat="47.359642" lon="8.559955">
        <ele>448</ele>
        <time>2024-11-10T02:11:22Z</time>
      </trkpt>
      <trkpt lat="47.359621" lon="8.559865">
        <ele>440</ele>
        <time>2024-11-10T02:11:28Z</time>
        <cmt>speed: 0.4</cmt>
      </trkpt>
      <trkpt lat="47.359813" lon="8.559726">
        <ele>429</ele>
        <time>2024-11-10T02:21:33Z</time>
        <cmt>speed: 0.0</cmt>
      </trkpt>
      <trkpt lat="47.359813" lon="8.559726">
        <ele>429</ele>
        <time>2024-11-10T02:31:09Z</time>
      </trkpt>
      <trkpt lat="47.359513" lon="8.560089">
        <ele>472</ele>
        <time>2024-11-10T02:42:14Z</time>
        <cmt>speed: 0.5</cmt>
      </trkpt>
      <trkpt lat="47.359618" lon="8.560022">
        <ele>443</ele>
        <time>2024-11-10T03:14:29Z</time>
        <cmt>speed: 0.2</cmt>
      </trkpt>
      <trkpt lat="47.360058" lon="8.561057">
        <ele>433</ele>
        <time>2024-11-10T03:23:53Z</time>
        <cmt>speed: 0.3</cmt>
      </trkpt>
      <trkpt lat="47.35927" lon="8.561843">
        <ele>441</ele>
        <time>2024-11-10T03:33:51Z</time>
        <cmt>speed: 0.5</cmt>
      </trkpt>
      <trkpt lat="47.359369" lon="8.562014">
        <ele>429</ele>
        <time>2024-11-10T03:43:51Z</time>
        <cmt>speed: 0.9</cmt>
      </trkpt>
      <trkpt lat="47.360749" lon="8.561467">
        <ele>441</ele>
        <time>2024-11-10T03:53:52Z</time>
        <cmt>speed: 0.4</cmt>
      </trkpt>
      <trkpt lat="47.361617" lon="8.561601">
        <ele>442</ele>
        <time>2024-11-10T04:04:03Z</time>
        <cmt>speed: 0.4</cmt>
      </trkpt>
      <trkpt lat="47.362122" lon="8.560073">
        <ele>481</ele>
        <time>2024-11-10T04:13:55Z</time>
        <cmt>speed: 1.3</cmt>
      </trkpt>
      <trkpt lat="47.362075" lon="8.559831">
        <ele>480</ele>
        <time>2024-11-10T04:23:53Z</time>
        <cmt>speed: 0.1</cmt>
      </trkpt>
      <trkpt lat="47.36253" lon="8.558933">
        <ele>426</ele>
        <time>2024-11-10T04:33:51Z</time>
        <cmt>speed: 0.5</cmt>
      </trkpt>
      <trkpt lat="47.361415" lon="8.558639">
        <ele>467</ele>
        <time>2024-11-10T04:43:53Z</time>
        <cmt>speed: 0.9</cmt>
      </trkpt>
      <trkpt lat="47.361415" lon="8.558639">
        <ele>467</ele>
        <time>2024-11-10T04:53:47Z</time>
      </trkpt>
      <trkpt lat="47.36051" lon="8.557276">
        <ele>447</ele>
        <time>2024-11-10T04:53:53Z</time>
        <cmt>speed: 0.0</cmt>
      </trkpt>
      <trkpt lat="47.36051" lon="8.557735">
        <ele>436</ele>
        <time>2024-11-10T05:03:55Z</time>
        <cmt>speed: 0.0</cmt>
      </trkpt>
      <trkpt lat="47.36051" lon="8.557735">
        <ele>436</ele>
        <time>2024-11-10T05:13:47Z</time>
      </trkpt>
      <trkpt lat="47.360555" lon="8.557909">
        <ele>434</ele>
        <time>2024-11-10T05:13:54Z</time>
        <cmt>speed: 0.2</cmt>
      </trkpt>
      <trkpt lat="47.360467" lon="8.55797">
        <ele>436</ele>
        <time>2024-11-10T05:23:56Z</time>
        <cmt>speed: 0.3</cmt>
      </trkpt>
      <trkpt lat="47.360467" lon="8.55797">
        <ele>436</ele>
        <time>2024-11-10T05:33:46Z</time>
      </trkpt>
      <trkpt lat="47.360567" lon="8.557574">
        <ele>443</ele>
        <time>2024-11-10T05:33:53Z</time>
        <cmt>speed: 0.6</cmt>
      </trkpt>
      <trkpt lat="47.360476" lon="8.557443">
        <ele>436</ele>
        <time>2024-11-10T05:43:53Z</time>
        <cmt>speed: 1.0</cmt>
      </trkpt>
      <trkpt lat="47.360476" lon="8.557443">
        <ele>436</ele>
        <time>2024-11-10T05:53:47Z</time>
      </trkpt>
      <trkpt lat="47.360553" lon="8.557769">
        <ele>399</ele>
        <time>2024-11-10T05:53:54Z</time>
        <cmt>speed: 0.3</cmt>
      </trkpt>
      <trkpt lat="47.36024" lon="8.557924">
        <ele>434</ele>
        <time>2024-11-10T06:03:52Z</time>
        <cmt>speed: 0.3</cmt>
      </trkpt>
      <trkpt lat="47.36012" lon="8.558364">
        <ele>421</ele>
        <time>2024-11-10T06:13:52Z</time>
        <cmt>speed: 0.6</cmt>
      </trkpt>
      <trkpt lat="47.359591" lon="8.56101">
        <ele>424</ele>
        <time>2024-11-10T06:23:54Z</time>
        <cmt>speed: 0.6</cmt>
      </trkpt>
      <trkpt lat="47.359951" lon="8.561959">
        <ele>449</ele>
        <time>2024-11-10T06:33:53Z</time>
        <cmt>speed: 0.3</cmt>
      </trkpt>
      <trkpt lat="47.360029" lon="8.561606">
        <ele>427</ele>
        <time>2024-11-10T06:43:58Z</time>
        <cmt>speed: 1.0</cmt>
      </trkpt>
      <trkpt lat="47.360376" lon="8.56165">
        <ele>396</ele>
        <time>2024-11-10T06:54:02Z</time>
        <cmt>speed: 1.6</cmt>
      </trkpt>
      <trkpt lat="47.359956" lon="8.561361">
        <ele>437</ele>
        <time>2024-11-10T07:29:35Z</time>
        <cmt>speed: 0.8</cmt>
      </trkpt>
      <trkpt lat="47.359956" lon="8.561361">
        <ele>437</ele>
        <time>2024-11-10T07:31:35Z</time>
      </trkpt>
      <trkpt lat="47.359788" lon="8.561367">
        <ele>420</ele>
        <time>2024-11-10T07:39:37Z</time>
        <cmt>speed: 0.2</cmt>
      </trkpt>
      <trkpt lat="47.360259" lon="8.561611">
        <ele>432</ele>
        <time>2024-11-10T07:49:39Z</time>
        <cmt>speed: 0.2</cmt>
      </trkpt>
      <trkpt lat="47.360259" lon="8.561611">
        <ele>432</ele>
        <time>2024-11-10T07:51:35Z</time>
      </trkpt>
      <trkpt lat="47.36015" lon="8.561324">
        <ele>484</ele>
        <time>2024-11-10T08:13:25Z</time>
        <cmt>speed: 0.0</cmt>
      </trkpt>
      <trkpt lat="47.36015" lon="8.561324">
        <ele>484</ele>
        <time>2024-11-10T08:33:05Z</time>
      </trkpt>
      <trkpt lat="47.360002" lon="8.561662">
        <ele>432</ele>
        <time>2024-11-10T08:34:24Z</time>
        <cmt>speed: 0.3</cmt>
      </trkpt>
      <trkpt lat="47.359919" lon="8.561618">
        <ele>415</ele>
        <time>2024-11-10T08:44:24Z</time>
        <cmt>speed: 0.2</cmt>
      </trkpt>
      <trkpt lat="47.359907" lon="8.561491">
        <ele>436</ele>
        <time>2024-11-10T08:54:29Z</time>
        <cmt>speed: 0.1</cmt>
      </trkpt>
      <trkpt lat="47.360035" lon="8.561518">
        <ele>443</ele>
        <time>2024-11-10T09:04:33Z</time>
        <cmt>speed: 0.9</cmt>
      </trkpt>
      <trkpt lat="47.359959" lon="8.563643">
        <ele>434</ele>
        <time>2024-11-10T09:14:00Z</time>
      </trkpt>
      <trkpt lat="47.359959" lon="8.563643">
        <ele>434</ele>
        <time>2024-11-10T09:29:00Z</time>
      </trkpt>
      <trkpt lat="47.359959" lon="8.563643">
        <ele>434</ele>
        <time>2024-11-10T18:50:19Z</time>
      </trkpt>
      <trkpt lat="47.360293" lon="8.562814">
        <ele>449</ele>
        <time>2024-11-10T19:00:24Z</time>
        <cmt>speed: 1.0</cmt>
      </trkpt>
      <trkpt lat="47.359014" lon="8.56113">
        <ele>398</ele>
        <time>2024-11-10T19:10:21Z</time>
        <cmt>speed: 0.2</cmt>
      </trkpt>
      <trkpt lat="47.358982" lon="8.561134">
        <ele>453</ele>
        <time>2024-11-10T19:20:22Z</time>
        <cmt>speed: 0.4</cmt>
      </trkpt>
      <trkpt lat="47.359074" lon="8.562066">
        <ele>453</ele>
        <time>2024-11-10T19:30:21Z</time>
        <cmt>speed: 1.1</cmt>
      </trkpt>
      <trkpt lat="47.359074" lon="8.562066">
        <ele>453</ele>
        <time>2024-11-10T19:40:14Z</time>
      </trkpt>
      <trkpt lat="47.35885" lon="8.562481">
        <ele>442</ele>
        <time>2024-11-10T19:40:21Z</time>
        <cmt>speed: 0.1</cmt>
      </trkpt>
      <trkpt lat="47.358742" lon="8.562871">
        <ele>468</ele>
        <time>2024-11-10T19:50:21Z</time>
        <cmt>speed: 0.6</cmt>
      </trkpt>
      <trkpt lat="47.357797" lon="8.562954">
        <ele>503</ele>
        <time>2024-11-10T20:00:20Z</time>
        <cmt>speed: 0.1</cmt>
      </trkpt>
      <trkpt lat="47.358678" lon="8.562842">
        <ele>446</ele>
        <time>2024-11-10T20:10:20Z</time>
        <cmt>speed: 0.5</cmt>
      </trkpt>
      <trkpt lat="47.35869" lon="8.563855">
        <ele>450</ele>
        <time>2024-11-10T20:20:20Z</time>
        <cmt>speed: 0.4</cmt>
      </trkpt>
      <trkpt lat="47.359421" lon="8.56208">
        <ele>464</ele>
        <time>2024-11-10T20:30:20Z</time>
        <cmt>speed: 0.6</cmt>
      </trkpt>
      <trkpt lat="47.359421" lon="8.56208">
        <ele>464</ele>
        <time>2024-11-10T20:40:15Z</time>
      </trkpt>
      <trkpt lat="47.359063" lon="8.561182">
        <ele>478</ele>
        <time>2024-11-10T20:40:23Z</time>
        <cmt>speed: 0.3</cmt>
      </trkpt>
      <trkpt lat="47.359194" lon="8.561123">
        <ele>455</ele>
        <time>2024-11-10T20:50:32Z</time>
        <cmt>speed: 0.1</cmt>
      </trkpt>
      <trkpt lat="47.359451" lon="8.560601">
        <ele>453</ele>
        <time>2024-11-10T21:00:27Z</time>
        <cmt>speed: 0.4</cmt>
      </trkpt>
      <trkpt lat="47.359441" lon="8.557613">
        <ele>426</ele>
        <time>2024-11-10T21:10:21Z</time>
        <cmt>speed: 0.4</cmt>
      </trkpt>
      <trkpt lat="47.36007" lon="8.557649">
        <ele>451</ele>
        <time>2024-11-10T21:20:20Z</time>
        <cmt>speed: 0.5</cmt>
      </trkpt>
      <trkpt lat="47.360868" lon="8.557329">
        <ele>391</ele>
        <time>2024-11-10T21:30:33Z</time>
        <cmt>speed: 0.0</cmt>
      </trkpt>
      <trkpt lat="47.360868" lon="8.557329">
        <ele>391</ele>
        <time>2024-11-10T21:40:12Z</time>
      </trkpt>
      <trkpt lat="47.360744" lon="8.55772">
        <ele>438</ele>
        <time>2024-11-10T21:40:20Z</time>
        <cmt>speed: 0.5</cmt>
      </trkpt>
      <trkpt lat="47.360089" lon="8.557945">
        <ele>484</ele>
        <time>2024-11-10T21:50:29Z</time>
        <cmt>speed: 0.5</cmt>
      </trkpt>
      <trkpt lat="47.360278" lon="8.558202">
        <ele>447</ele>
        <time>2024-11-10T22:00:23Z</time>
        <cmt>speed: 0.0</cmt>
      </trkpt>
      <trkpt lat="47.360657" lon="8.558023">
        <ele>430</ele>
        <time>2024-11-10T22:10:22Z</time>
        <cmt>speed: 0.0</cmt>
      </trkpt>
      <trkpt lat="47.361355" lon="8.559529">
        <ele>448</ele>
        <time>2024-11-10T22:20:24Z</time>
        <cmt>speed: 0.8</cmt>
      </trkpt>
      <trkpt lat="47.36071" lon="8.560462">
        <ele>399</ele>
        <time>2024-11-10T22:31:00Z</time>
        <cmt>speed: 0.0</cmt>
      </trkpt>
      <trkpt lat="47.36071" lon="8.560462">
        <ele>399</ele>
        <time>2024-11-10T22:40:24Z</time>
      </trkpt>
      <trkpt lat="47.360862" lon="8.561301">
        <ele>466</ele>
        <time>2024-11-10T22:40:33Z</time>
        <cmt>speed: 0.0</cmt>
      </trkpt>
      <trkpt lat="47.360557" lon="8.560584">
        <ele>465</ele>
        <time>2024-11-10T22:50:21Z</time>
        <cmt>speed: 0.6</cmt>
      </trkpt>
      <trkpt lat="47.359907" lon="8.561147">
        <ele>473</ele>
        <time>2024-11-10T23:00:22Z</time>
        <cmt>speed: 0.8</cmt>
      </trkpt>
      <trkpt lat="47.360135" lon="8.561516">
        <ele>432</ele>
        <time>2024-11-10T23:10:22Z</time>
        <cmt>speed: 0.3</cmt>
      </trkpt>
      <trkpt lat="47.358911" lon="8.56489">
        <ele>468</ele>
        <time>2024-11-10T23:20:20Z</time>
        <cmt>speed: 1.1</cmt>
      </trkpt>
      <trkpt lat="47.358674" lon="8.565448">
        <ele>445</ele>
        <time>2024-11-10T23:30:20Z</time>
        <cmt>speed: 0.1</cmt>
      </trkpt>
      <trkpt lat="47.359082" lon="8.564002">
        <ele>418</ele>
        <time>2024-11-10T23:40:19Z</time>
        <cmt>speed: 0.6</cmt>
      </trkpt>
      <trkpt lat="47.35854" lon="8.562856">
        <ele>418</ele>
        <time>2024-11-10T23:50:20Z</time>
        <cmt>speed: 0.4</cmt>
      </trkpt>
      <trkpt lat="47.359111" lon="8.561424">
        <ele>417</ele>
        <time>2024-11-11T00:00:20Z</time>
        <cmt>speed: 0.3</cmt>
      </trkpt>
      <trkpt lat="47.359737" lon="8.560571">
        <ele>464</ele>
        <time>2024-11-11T00:10:22Z</time>
        <cmt>speed: 0.9</cmt>
      </trkpt>
      <trkpt lat="47.360076" lon="8.561115">
        <ele>421</ele>
        <time>2024-11-11T00:20:23Z</time>
        <cmt>speed: 0.1</cmt>
      </trkpt>
      <trkpt lat="47.359967" lon="8.56041">
        <ele>422</ele>
        <time>2024-11-11T00:30:23Z</time>
        <cmt>speed: 0.1</cmt>
      </trkpt>
      <trkpt lat="47.360444" lon="8.5612">
        <ele>422</ele>
        <time>2024-11-11T00:50:21Z</time>
        <cmt>speed: 0.0</cmt>
      </trkpt>
      <trkpt lat="47.361369" lon="8.560926">
        <ele>446</ele>
        <time>2024-11-11T01:00:24Z</time>
        <cmt>speed: 0.5</cmt>
      </trkpt>
      <trkpt lat="47.361541" lon="8.560508">
        <ele>456</ele>
        <time>2024-11-11T01:10:23Z</time>
        <cmt>speed: 2.1</cmt>
      </trkpt>
      <trkpt lat="47.361349" lon="8.558823">
        <ele>436</ele>
        <time>2024-11-11T01:20:23Z</time>
        <cmt>speed: 0.8</cmt>
      </trkpt>
      <trkpt lat="47.359745" lon="8.557511">
        <ele>443</ele>
        <time>2024-11-11T01:30:20Z</time>
        <cmt>speed: 0.3</cmt>
      </trkpt>
      <trkpt lat="47.360503" lon="8.557555">
        <ele>424</ele>
        <time>2024-11-11T01:40:23Z</time>
        <cmt>speed: 0.7</cmt>
      </trkpt>
      <trkpt lat="47.359866" lon="8.557669">
        <ele>434</ele>
        <time>2024-11-11T01:50:22Z</time>
        <cmt>speed: 0.5</cmt>
      </trkpt>
      <trkpt lat="47.359762" lon="8.559042">
        <ele>477</ele>
        <time>2024-11-11T02:00:38Z</time>
        <cmt>speed: 0.3</cmt>
      </trkpt>
      <trkpt lat="47.359716" lon="8.558928">
        <ele>434</ele>
        <time>2024-11-11T02:40:31Z</time>
        <cmt>speed: 0.0</cmt>
      </trkpt>
      <trkpt lat="47.35982" lon="8.558431">
        <ele>463</ele>
        <time>2024-11-11T05:40:32Z</time>
        <cmt>speed: 0.1</cmt>
      </trkpt>
      <trkpt lat="47.359773" lon="8.558821">
        <ele>480</ele>
        <time>2024-11-11T05:50:36Z</time>
        <cmt>speed: 0.0</cmt>
      </trkpt>
      <trkpt lat="47.360147" lon="8.557957">
        <ele>432</ele>
        <time>2024-11-11T06:00:32Z</time>
        <cmt>speed: 0.1</cmt>
      </trkpt>
      <trkpt lat="47.360008" lon="8.557924">
        <ele>424</ele>
        <time>2024-11-11T06:10:31Z</time>
        <cmt>speed: 0.0</cmt>
      </trkpt>
      <trkpt lat="47.360367" lon="8.557541">
        <ele>455</ele>
        <time>2024-11-11T06:20:29Z</time>
        <cmt>speed: 0.6</cmt>
      </trkpt>
      <trkpt lat="47.360194" lon="8.557683">
        <ele>469</ele>
        <time>2024-11-11T06:30:31Z</time>
        <cmt>speed: 0.2</cmt>
      </trkpt>
      <trkpt lat="47.359562" lon="8.5577">
        <ele>390</ele>
        <time>2024-11-11T06:40:35Z</time>
        <cmt>speed: 0.2</cmt>
      </trkpt>
      <trkpt lat="47.360328" lon="8.558906">
        <ele>468</ele>
        <time>2024-11-11T06:50:32Z</time>
        <cmt>speed: 0.0</cmt>
      </trkpt>
      <trkpt lat="47.360354" lon="8.559082">
        <ele>447</ele>
        <time>2024-11-11T07:00:32Z</time>
        <cmt>speed: 0.1</cmt>
      </trkpt>
      <trkpt lat="47.360245" lon="8.558863">
        <ele>459</ele>
        <time>2024-11-11T07:10:32Z</time>
        <cmt>speed: 0.3</cmt>
      </trkpt>
      <trkpt lat="47.360162" lon="8.560643">
        <ele>495</ele>
        <time>2024-11-11T07:20:30Z</time>
        <cmt>speed: 0.2</cmt>
      </trkpt>
      <trkpt lat="47.360006" lon="8.560873">
        <ele>428</ele>
        <time>2024-11-11T07:30:55Z</time>
        <cmt>speed: 0.2</cmt>
      </trkpt>
      <trkpt lat="47.359974" lon="8.56367">
        <ele>434</ele>
        <time>2024-11-11T07:40:00Z</time>
      </trkpt>
      <trkpt lat="47.359974" lon="8.56367">
        <ele>434</ele>
        <time>2024-11-11T07:55:00Z</time>
      </trkpt>
      <trkpt lat="47.359974" lon="8.56367">
        <ele>434</ele>
        <time>2024-11-11T08:18:36Z</time>
      </trkpt>
      <trkpt lat="47.359974" lon="8.56367">
        <ele>434</ele>
        <time>2024-11-11T08:28:44Z</time>
      </trkpt>
      <trkpt lat="47.359974" lon="8.56367">
        <ele>434</ele>
        <time>2024-11-11T08:38:44Z</time>
      </trkpt>
      <trkpt lat="47.359974" lon="8.56367">
        <ele>434</ele>
        <time>2024-11-11T08:48:44Z</time>
      </trkpt>
      <trkpt lat="47.359974" lon="8.56367">
        <ele>434</ele>
        <time>2024-11-11T08:58:44Z</time>
      </trkpt>
      <trkpt lat="47.359974" lon="8.56367">
        <ele>434</ele>
        <time>2024-11-11T09:08:44Z</time>
      </trkpt>
      <trkpt lat="47.359974" lon="8.56367">
        <ele>434</ele>
        <time>2024-11-11T09:18:44Z</time>
      </trkpt>
      <trkpt lat="47.359974" lon="8.56367">
        <ele>434</ele>
        <time>2024-11-11T09:28:44Z</time>
      </trkpt>
      <trkpt lat="47.359974" lon="8.56367">
        <ele>434</ele>
        <time>2024-11-11T09:38:44Z</time>
      </trkpt>
      <trkpt lat="47.359974" lon="8.56367">
        <ele>434</ele>
        <time>2024-11-11T09:48:44Z</time>
      </trkpt>
      <trkpt lat="47.359974" lon="8.56367">
        <ele>434</ele>
        <time>2024-11-11T09:51:31Z</time>
      </trkpt>
      <trkpt lat="47.359974" lon="8.56367">
        <ele>434</ele>
        <time>2024-11-11T10:01:31Z</time>
      </trkpt>
      <trkpt lat="47.359974" lon="8.56367">
        <ele>434</ele>
        <time>2024-11-11T10:11:31Z</time>
      </trkpt>
      <trkpt lat="47.359974" lon="8.56367">
        <ele>434</ele>
        <time>2024-11-11T10:21:31Z</time>
      </trkpt>
      <trkpt lat="47.359974" lon="8.56367">
        <ele>434</ele>
        <time>2024-11-11T10:31:31Z</time>
      </trkpt>
      <trkpt lat="47.359974" lon="8.56367">
        <ele>434</ele>
        <time>2024-11-11T10:41:31Z</time>
      </trkpt>
      <trkpt lat="47.359974" lon="8.56367">
        <ele>434</ele>
        <time>2024-11-11T10:51:31Z</time>
      </trkpt>
      <trkpt lat="47.359974" lon="8.56367">
        <ele>434</ele>
        <time>2024-11-11T11:01:31Z</time>
      </trkpt>
      <trkpt lat="47.359974" lon="8.56367">
        <ele>434</ele>
        <time>2024-11-11T11:11:31Z</time>
      </trkpt>
      <trkpt lat="47.359974" lon="8.56367">
        <ele>434</ele>
        <time>2024-11-11T11:21:31Z</time>
      </trkpt>
      <trkpt lat="47.359974" lon="8.56367">
        <ele>434</ele>
        <time>2024-11-11T11:31:31Z</time>
      </trkpt>
      <trkpt lat="47.359974" lon="8.56367">
        <ele>434</ele>
        <time>2024-11-11T11:35:25Z</time>
      </trkpt>
      <trkpt lat="47.359974" lon="8.56367">
        <ele>434</ele>
        <time>2024-11-11T11:45:36Z</time>
      </trkpt>
      <trkpt lat="47.359802" lon="8.563478">
        <ele>461</ele>
        <time>2024-11-11T11:45:45Z</time>
        <cmt>speed: 1.1</cmt>
      </trkpt>
      <trkpt lat="47.359959" lon="8.563643">
        <ele>434</ele>
        <time>2024-11-11T11:48:06Z</time>
      </trkpt>
      <trkpt lat="47.360082" lon="8.562284">
        <ele>422</ele>
        <time>2024-11-11T11:55:50Z</time>
        <cmt>speed: 0.1</cmt>
      </trkpt>
      <trkpt lat="47.358889" lon="8.561247">
        <ele>451</ele>
        <time>2024-11-11T12:05:41Z</time>
        <cmt>speed: 1.0</cmt>
      </trkpt>
      <trkpt lat="47.358886" lon="8.561237">
        <ele>394</ele>
        <time>2024-11-11T12:15:41Z</time>
        <cmt>speed: 0.3</cmt>
      </trkpt>
      <trkpt lat="47.358886" lon="8.561237">
        <ele>394</ele>
        <time>2024-11-11T12:15:48Z</time>
      </trkpt>
      <trkpt lat="47.35899" lon="8.561217">
        <ele>427</ele>
        <time>2024-11-11T12:25:41Z</time>
        <cmt>speed: 0.8</cmt>
      </trkpt>
      <trkpt lat="47.359072" lon="8.562344">
        <ele>444</ele>
        <time>2024-11-11T12:35:41Z</time>
        <cmt>speed: 0.0</cmt>
      </trkpt>
      <trkpt lat="47.359072" lon="8.562344">
        <ele>444</ele>
        <time>2024-11-11T12:35:48Z</time>
      </trkpt>
      <trkpt lat="47.359063" lon="8.562034">
        <ele>491</ele>
        <time>2024-11-11T12:45:40Z</time>
        <cmt>speed: 1.7</cmt>
      </trkpt>
      <trkpt lat="47.359022" lon="8.562521">
        <ele>431</ele>
        <time>2024-11-11T12:55:40Z</time>
        <cmt>speed: 0.6</cmt>
      </trkpt>
      <trkpt lat="47.359022" lon="8.562521">
        <ele>431</ele>
        <time>2024-11-11T12:55:48Z</time>
      </trkpt>
      <trkpt lat="47.358882" lon="8.562678">
        <ele>463</ele>
        <time>2024-11-11T13:05:39Z</time>
        <cmt>speed: 0.3</cmt>
      </trkpt>
      <trkpt lat="47.358644" lon="8.562757">
        <ele>420</ele>
        <time>2024-11-11T13:15:40Z</time>
        <cmt>speed: 0.0</cmt>
      </trkpt>
      <trkpt lat="47.358644" lon="8.562757">
        <ele>420</ele>
        <time>2024-11-11T13:15:48Z</time>
      </trkpt>
      <trkpt lat="47.358129" lon="8.563003">
        <ele>408</ele>
        <time>2024-11-11T13:25:40Z</time>
        <cmt>speed: 0.0</cmt>
      </trkpt>
      <trkpt lat="47.358411" lon="8.563065">
        <ele>475</ele>
        <time>2024-11-11T13:35:40Z</time>
        <cmt>speed: 0.2</cmt>
      </trkpt>
      <trkpt lat="47.358324" lon="8.562831">
        <ele>412</ele>
        <time>2024-11-11T13:45:39Z</time>
        <cmt>speed: 0.8</cmt>
      </trkpt>
      <trkpt lat="47.35827" lon="8.562898">
        <ele>433</ele>
        <time>2024-11-11T13:55:40Z</time>
        <cmt>speed: 0.6</cmt>
      </trkpt>
      <trkpt lat="47.35827" lon="8.562898">
        <ele>433</ele>
        <time>2024-11-11T13:55:48Z</time>
      </trkpt>
      <trkpt lat="47.358292" lon="8.562786">
        <ele>419</ele>
        <time>2024-11-11T14:05:40Z</time>
        <cmt>speed: 0.4</cmt>
      </trkpt>
      <trkpt lat="47.358376" lon="8.562978">
        <ele>414</ele>
        <time>2024-11-11T14:15:42Z</time>
        <cmt>speed: 0.3</cmt>
      </trkpt>
      <trkpt lat="47.358376" lon="8.562978">
        <ele>414</ele>
        <time>2024-11-11T14:15:48Z</time>
      </trkpt>
      <trkpt lat="47.358433" lon="8.562886">
        <ele>451</ele>
        <time>2024-11-11T14:25:40Z</time>
        <cmt>speed: 0.3</cmt>
      </trkpt>
      <trkpt lat="47.358737" lon="8.562935">
        <ele>437</ele>
        <time>2024-11-11T14:35:39Z</time>
        <cmt>speed: 0.8</cmt>
      </trkpt>
      <trkpt lat="47.358775" lon="8.56288">
        <ele>437</ele>
        <time>2024-11-11T14:45:40Z</time>
        <cmt>speed: 0.3</cmt>
      </trkpt>
      <trkpt lat="47.360031" lon="8.5621">
        <ele>446</ele>
        <time>2024-11-11T14:55:46Z</time>
        <cmt>speed: 0.5</cmt>
      </trkpt>
      <trkpt lat="47.359974" lon="8.56367">
        <ele>434</ele>
        <time>2024-11-11T15:03:12Z</time>
      </trkpt>
      <trkpt lat="47.359974" lon="8.56367">
        <ele>434</ele>
        <time>2024-11-11T15:18:12Z</time>
      </trkpt>
      <trkpt lat="47.360336" lon="8.561874">
        <ele>437</ele>
        <time>2024-11-11T18:44:28Z</time>
        <cmt>speed: 0.4</cmt>
      </trkpt>
      <trkpt lat="47.360373" lon="8.559629">
        <ele>446</ele>
        <time>2024-11-11T18:54:35Z</time>
        <cmt>speed: 0.2</cmt>
      </trkpt>
      <trkpt lat="47.360326" lon="8.558797">
        <ele>431</ele>
        <time>2024-11-11T19:04:21Z</time>
        <cmt>speed: 1.4</cmt>
      </trkpt>
      <trkpt lat="47.360501" lon="8.557688">
        <ele>447</ele>
        <time>2024-11-11T19:14:24Z</time>
        <cmt>speed: 0.1</cmt>
      </trkpt>
      <trkpt lat="47.360501" lon="8.557688">
        <ele>447</ele>
        <time>2024-11-11T19:24:23Z</time>
      </trkpt>
      <trkpt lat="47.36051" lon="8.557676">
        <ele>412</ele>
        <time>2024-11-11T19:24:26Z</time>
        <cmt>speed: 1.8</cmt>
      </trkpt>
      <trkpt lat="47.360595" lon="8.557638">
        <ele>422</ele>
        <time>2024-11-11T19:34:22Z</time>
        <cmt>speed: 1.5</cmt>
      </trkpt>
      <trkpt lat="47.360597" lon="8.557596">
        <ele>418</ele>
        <time>2024-11-11T19:44:23Z</time>
        <cmt>speed: 0.2</cmt>
      </trkpt>
      <trkpt lat="47.360642" lon="8.55747">
        <ele>436</ele>
        <time>2024-11-11T19:54:25Z</time>
        <cmt>speed: 1.1</cmt>
      </trkpt>
      <trkpt lat="47.360642" lon="8.55747">
        <ele>436</ele>
        <time>2024-11-11T20:04:22Z</time>
      </trkpt>
      <trkpt lat="47.360597" lon="8.557377">
        <ele>451</ele>
        <time>2024-11-11T20:04:25Z</time>
        <cmt>speed: 0.0</cmt>
      </trkpt>
      <trkpt lat="47.360366" lon="8.557925">
        <ele>452</ele>
        <time>2024-11-11T20:14:27Z</time>
        <cmt>speed: 0.1</cmt>
      </trkpt>
      <trkpt lat="47.360366" lon="8.557925">
        <ele>452</ele>
        <time>2024-11-11T20:24:22Z</time>
      </trkpt>
      <trkpt lat="47.360379" lon="8.558198">
        <ele>407</ele>
        <time>2024-11-11T20:24:25Z</time>
        <cmt>speed: 0.7</cmt>
      </trkpt>
      <trkpt lat="47.359822" lon="8.559004">
        <ele>407</ele>
        <time>2024-11-11T20:34:25Z</time>
        <cmt>speed: 0.2</cmt>
      </trkpt>
      <trkpt lat="47.360001" lon="8.560698">
        <ele>497</ele>
        <time>2024-11-11T20:44:25Z</time>
        <cmt>speed: 1.1</cmt>
      </trkpt>
      <trkpt lat="47.359974" lon="8.56367">
        <ele>434</ele>
        <time>2024-11-11T20:52:14Z</time>
      </trkpt>
      <trkpt lat="47.359974" lon="8.56367">
        <ele>434</ele>
        <time>2024-11-11T21:07:14Z</time>
      </trkpt>
      <trkpt lat="47.359974" lon="8.56367">
        <ele>434</ele>
        <time>2024-11-12T09:07:12Z</time>
      </trkpt>
      <trkpt lat="47.359974" lon="8.56367">
        <ele>434</ele>
        <time>2024-11-12T21:07:31Z</time>
      </trkpt>
      <trkpt lat="47.360568" lon="8.56303">
        <ele>458</ele>
        <time>2024-11-13T04:02:46Z</time>
        <cmt>speed: 0.0</cmt>
      </trkpt>
      <trkpt lat="47.360168" lon="8.56017">
        <ele>452</ele>
        <time>2024-11-13T04:12:39Z</time>
        <cmt>speed: 0.3</cmt>
      </trkpt>
      <trkpt lat="47.360168" lon="8.56017">
        <ele>452</ele>
        <time>2024-11-13T04:22:38Z</time>
      </trkpt>
      <trkpt lat="47.359775" lon="8.558503">
        <ele>431</ele>
        <time>2024-11-13T04:22:45Z</time>
        <cmt>speed: 6.1</cmt>
      </trkpt>
      <trkpt lat="47.35966" lon="8.557507">
        <ele>468</ele>
        <time>2024-11-13T04:32:33Z</time>
        <cmt>speed: 0.0</cmt>
      </trkpt>
      <trkpt lat="47.360236" lon="8.557066">
        <ele>428</ele>
        <time>2024-11-13T04:42:32Z</time>
        <cmt>speed: 1.0</cmt>
      </trkpt>
      <trkpt lat="47.360124" lon="8.555763">
        <ele>418</ele>
        <time>2024-11-13T04:52:33Z</time>
        <cmt>speed: 0.6</cmt>
      </trkpt>
      <trkpt lat="47.361015" lon="8.556436">
        <ele>438</ele>
        <time>2024-11-13T05:02:35Z</time>
        <cmt>speed: 0.5</cmt>
      </trkpt>
      <trkpt lat="47.360246" lon="8.557762">
        <ele>449</ele>
        <time>2024-11-13T05:12:32Z</time>
        <cmt>speed: 0.5</cmt>
      </trkpt>
      <trkpt lat="47.360378" lon="8.557955">
        <ele>440</ele>
        <time>2024-11-13T05:22:34Z</time>
        <cmt>speed: 0.8</cmt>
      </trkpt>
      <trkpt lat="47.360058" lon="8.557456">
        <ele>442</ele>
        <time>2024-11-13T05:32:33Z</time>
        <cmt>speed: 1.2</cmt>
      </trkpt>
      <trkpt lat="47.360058" lon="8.557456">
        <ele>442</ele>
        <time>2024-11-13T05:42:27Z</time>
      </trkpt>
      <trkpt lat="47.360902" lon="8.557504">
        <ele>460</ele>
        <time>2024-11-13T05:42:35Z</time>
        <cmt>speed: 0.0</cmt>
      </trkpt>
      <trkpt lat="47.360331" lon="8.558737">
        <ele>441</ele>
        <time>2024-11-13T05:52:33Z</time>
        <cmt>speed: 2.2</cmt>
      </trkpt>
      <trkpt lat="47.359794" lon="8.558626">
        <ele>461</ele>
        <time>2024-11-13T06:02:31Z</time>
        <cmt>speed: 0.5</cmt>
      </trkpt>
      <trkpt lat="47.359866" lon="8.557717">
        <ele>434</ele>
        <time>2024-11-13T06:12:33Z</time>
        <cmt>speed: 0.4</cmt>
      </trkpt>
      <trkpt lat="47.359922" lon="8.557774">
        <ele>438</ele>
        <time>2024-11-13T06:16:33Z</time>
        <cmt>speed: 0.0</cmt>
      </trkpt>
      <trkpt lat="47.359929" lon="8.557743">
        <ele>437</ele>
        <time>2024-11-13T06:16:38Z</time>
        <cmt>speed: 0.0</cmt>
      </trkpt>
      <trkpt lat="47.359929" lon="8.557743">
        <ele>437</ele>
        <time>2024-11-13T06:16:42Z</time>
        <cmt>speed: 0.0</cmt>
      </trkpt>
      <trkpt lat="47.359929" lon="8.557743">
        <ele>437</ele>
        <time>2024-11-13T06:16:47Z</time>
        <cmt>speed: 0.0</cmt>
      </trkpt>
      <trkpt lat="47.359929" lon="8.557743">
        <ele>437</ele>
        <time>2024-11-13T06:16:51Z</time>
        <cmt>speed: 0.0</cmt>
      </trkpt>
      <trkpt lat="47.359929" lon="8.557743">
        <ele>437</ele>
        <time>2024-11-13T06:16:56Z</time>
        <cmt>speed: 0.0</cmt>
      </trkpt>
      <trkpt lat="47.360712" lon="8.55768">
        <ele>417</ele>
        <time>2024-11-13T06:22:34Z</time>
        <cmt>speed: 0.2</cmt>
      </trkpt>
      <trkpt lat="47.360089" lon="8.557643">
        <ele>447</ele>
        <time>2024-11-13T06:32:33Z</time>
        <cmt>speed: 0.6</cmt>
      </trkpt>
      <trkpt lat="47.360676" lon="8.557666">
        <ele>468</ele>
        <time>2024-11-13T06:52:36Z</time>
        <cmt>speed: 0.1</cmt>
      </trkpt>
      <trkpt lat="47.360131" lon="8.559696">
        <ele>471</ele>
        <time>2024-11-13T07:02:35Z</time>
        <cmt>speed: 0.3</cmt>
      </trkpt>
      <trkpt lat="47.360194" lon="8.560854">
        <ele>436</ele>
        <time>2024-11-13T07:12:49Z</time>
        <cmt>speed: 0.8</cmt>
      </trkpt>
      <trkpt lat="47.36001" lon="8.560583">
        <ele>404</ele>
        <time>2024-11-13T07:22:44Z</time>
        <cmt>speed: 1.0</cmt>
      </trkpt>
      <trkpt lat="47.359817" lon="8.56108">
        <ele>495</ele>
        <time>2024-11-13T08:12:46Z</time>
        <cmt>speed: 0.1</cmt>
      </trkpt>
      <trkpt lat="47.359988" lon="8.561337">
        <ele>406</ele>
        <time>2024-11-13T08:22:35Z</time>
        <cmt>speed: 0.5</cmt>
      </trkpt>
      <trkpt lat="47.359974" lon="8.56367">
        <ele>434</ele>
        <time>2024-11-13T08:31:27Z</time>
      </trkpt>
      <trkpt lat="47.359974" lon="8.56367">
        <ele>434</ele>
        <time>2024-11-13T08:46:27Z</time>
      </trkpt>
      <trkpt lat="47.360326" lon="8.562183">
        <ele>430</ele>
        <time>2024-11-13T09:24:30Z</time>
        <cmt>speed: 0.7</cmt>
      </trkpt>
      <trkpt lat="47.359016" lon="8.561387">
        <ele>458</ele>
        <time>2024-11-13T09:34:22Z</time>
        <cmt>speed: 0.1</cmt>
      </trkpt>
      <trkpt lat="47.359016" lon="8.561387">
        <ele>458</ele>
        <time>2024-11-13T09:44:21Z</time>
      </trkpt>
      <trkpt lat="47.358632" lon="8.562161">
        <ele>437</ele>
        <time>2024-11-13T09:44:23Z</time>
        <cmt>speed: 0.1</cmt>
      </trkpt>
      <trkpt lat="47.358797" lon="8.562344">
        <ele>435</ele>
        <time>2024-11-13T09:54:23Z</time>
        <cmt>speed: 0.2</cmt>
      </trkpt>
      <trkpt lat="47.358797" lon="8.562344">
        <ele>435</ele>
        <time>2024-11-13T10:04:21Z</time>
      </trkpt>
      <trkpt lat="47.358792" lon="8.562391">
        <ele>413</ele>
        <time>2024-11-13T10:04:22Z</time>
        <cmt>speed: 1.2</cmt>
      </trkpt>
      <trkpt lat="47.358694" lon="8.562333">
        <ele>433</ele>
        <time>2024-11-13T10:16:54Z</time>
        <cmt>speed: 0.9</cmt>
      </trkpt>
      <trkpt lat="47.358694" lon="8.562333">
        <ele>433</ele>
        <time>2024-11-13T10:26:46Z</time>
      </trkpt>
      <trkpt lat="47.358842" lon="8.562194">
        <ele>425</ele>
        <time>2024-11-13T10:26:55Z</time>
        <cmt>speed: 0.3</cmt>
      </trkpt>
      <trkpt lat="47.358714" lon="8.562235">
        <ele>430</ele>
        <time>2024-11-13T10:36:54Z</time>
        <cmt>speed: 0.1</cmt>
      </trkpt>
      <trkpt lat="47.358714" lon="8.562235">
        <ele>430</ele>
        <time>2024-11-13T10:46:46Z</time>
      </trkpt>
      <trkpt lat="47.358803" lon="8.562218">
        <ele>432</ele>
        <time>2024-11-13T10:46:55Z</time>
        <cmt>speed: 0.0</cmt>
      </trkpt>
      <trkpt lat="47.358831" lon="8.562245">
        <ele>422</ele>
        <time>2024-11-13T10:56:54Z</time>
        <cmt>speed: 0.4</cmt>
      </trkpt>
      <trkpt lat="47.358775" lon="8.562142">
        <ele>436</ele>
        <time>2024-11-13T11:16:55Z</time>
        <cmt>speed: 0.0</cmt>
      </trkpt>
      <trkpt lat="47.358775" lon="8.562142">
        <ele>436</ele>
        <time>2024-11-13T11:24:21Z</time>
      </trkpt>
      <trkpt lat="47.358842" lon="8.562198">
        <ele>434</ele>
        <time>2024-11-13T11:30:24Z</time>
        <cmt>speed: 0.0</cmt>
      </trkpt>
      <trkpt lat="47.358842" lon="8.562306">
        <ele>466</ele>
        <time>2024-11-13T11:40:22Z</time>
        <cmt>speed: 0.3</cmt>
      </trkpt>
      <trkpt lat="47.358842" lon="8.562306">
        <ele>466</ele>
        <time>2024-11-13T11:44:21Z</time>
      </trkpt>
      <trkpt lat="47.358724" lon="8.562185">
        <ele>414</ele>
        <time>2024-11-13T11:50:25Z</time>
        <cmt>speed: 0.2</cmt>
      </trkpt>
      <trkpt lat="47.358713" lon="8.56245">
        <ele>422</ele>
        <time>2024-11-13T12:00:24Z</time>
        <cmt>speed: 0.8</cmt>
      </trkpt>
      <trkpt lat="47.359099" lon="8.561969">
        <ele>437</ele>
        <time>2024-11-13T12:10:22Z</time>
        <cmt>speed: 0.2</cmt>
      </trkpt>
      <trkpt lat="47.359927" lon="8.561996">
        <ele>437</ele>
        <time>2024-11-13T12:20:22Z</time>
        <cmt>speed: 0.4</cmt>
      </trkpt>
      <trkpt lat="47.359927" lon="8.561996">
        <ele>437</ele>
        <time>2024-11-13T12:30:20Z</time>
      </trkpt>
      <trkpt lat="47.359892" lon="8.561456">
        <ele>457</ele>
        <time>2024-11-13T12:30:29Z</time>
        <cmt>speed: 0.0</cmt>
      </trkpt>
      <trkpt lat="47.359905" lon="8.561292">
        <ele>445</ele>
        <time>2024-11-13T12:40:27Z</time>
        <cmt>speed: 0.1</cmt>
      </trkpt>
      <trkpt lat="47.359932" lon="8.561323">
        <ele>467</ele>
        <time>2024-11-13T12:50:23Z</time>
        <cmt>speed: 0.1</cmt>
      </trkpt>
      <trkpt lat="47.359354" lon="8.560483">
        <ele>464</ele>
        <time>2024-11-13T13:00:26Z</time>
        <cmt>speed: 0.5</cmt>
      </trkpt>
      <trkpt lat="47.359124" lon="8.559489">
        <ele>414</ele>
        <time>2024-11-13T13:10:23Z</time>
        <cmt>speed: 1.0</cmt>
      </trkpt>
      <trkpt lat="47.35929" lon="8.55781">
        <ele>422</ele>
        <time>2024-11-13T13:20:28Z</time>
        <cmt>speed: 0.5</cmt>
      </trkpt>
      <trkpt lat="47.359617" lon="8.556848">
        <ele>431</ele>
        <time>2024-11-13T13:30:33Z</time>
        <cmt>speed: 1.7</cmt>
      </trkpt>
      <trkpt lat="47.359793" lon="8.556617">
        <ele>419</ele>
        <time>2024-11-13T13:40:26Z</time>
        <cmt>speed: 0.5</cmt>
      </trkpt>
      <trkpt lat="47.36009" lon="8.556717">
        <ele>450</ele>
        <time>2024-11-13T13:50:34Z</time>
        <cmt>speed: 0.7</cmt>
      </trkpt>
      <trkpt lat="47.360323" lon="8.557022">
        <ele>442</ele>
        <time>2024-11-13T14:00:21Z</time>
        <cmt>speed: 0.2</cmt>
      </trkpt>
      <trkpt lat="47.359688" lon="8.5579">
        <ele>389</ele>
        <time>2024-11-13T14:10:24Z</time>
        <cmt>speed: 0.3</cmt>
      </trkpt>
      <trkpt lat="47.359953" lon="8.558288">
        <ele>433</ele>
        <time>2024-11-13T14:20:25Z</time>
        <cmt>speed: 0.9</cmt>
      </trkpt>
      <trkpt lat="47.359953" lon="8.558288">
        <ele>433</ele>
        <time>2024-11-13T14:30:14Z</time>
      </trkpt>
      <trkpt lat="47.360485" lon="8.557719">
        <ele>453</ele>
        <time>2024-11-13T14:30:23Z</time>
        <cmt>speed: 1.2</cmt>
      </trkpt>
      <trkpt lat="47.360622" lon="8.557913">
        <ele>419</ele>
        <time>2024-11-13T14:40:24Z</time>
        <cmt>speed: 1.1</cmt>
      </trkpt>
      <trkpt lat="47.360622" lon="8.557913">
        <ele>419</ele>
        <time>2024-11-13T14:44:21Z</time>
      </trkpt>
      <trkpt lat="47.36061" lon="8.557845">
        <ele>438</ele>
        <time>2024-11-13T14:50:24Z</time>
        <cmt>speed: 0.9</cmt>
      </trkpt>
      <trkpt lat="47.360226" lon="8.557929">
        <ele>437</ele>
        <time>2024-11-13T15:00:26Z</time>
        <cmt>speed: 1.2</cmt>
      </trkpt>
      <trkpt lat="47.360225" lon="8.559176">
        <ele>469</ele>
        <time>2024-11-13T15:10:23Z</time>
        <cmt>speed: 1.3</cmt>
      </trkpt>
      <trkpt lat="47.35995" lon="8.561054">
        <ele>431</ele>
        <time>2024-11-13T15:20:27Z</time>
        <cmt>speed: 0.1</cmt>
      </trkpt>
      <trkpt lat="47.359959" lon="8.563643">
        <ele>434</ele>
        <time>2024-11-13T15:29:37Z</time>
      </trkpt>
      <trkpt lat="47.359959" lon="8.563643">
        <ele>434</ele>
        <time>2024-11-13T15:44:37Z</time>
      </trkpt>
      <trkpt lat="47.360038" lon="8.563616">
        <ele>422</ele>
        <time>2024-11-13T21:27:16Z</time>
        <cmt>speed: 0.8</cmt>
      </trkpt>
      <trkpt lat="47.359632" lon="8.561622">
        <ele>404</ele>
        <time>2024-11-13T21:37:17Z</time>
        <cmt>speed: 0.9</cmt>
      </trkpt>
      <trkpt lat="47.359879" lon="8.560604">
        <ele>397</ele>
        <time>2024-11-13T21:47:16Z</time>
        <cmt>speed: 0.6</cmt>
      </trkpt>
      <trkpt lat="47.35991" lon="8.558577">
        <ele>412</ele>
        <time>2024-11-13T21:57:14Z</time>
        <cmt>speed: 1.2</cmt>
      </trkpt>
      <trkpt lat="47.359769" lon="8.558918">
        <ele>452</ele>
        <time>2024-11-13T22:02:27Z</time>
        <cmt>speed: 0.1</cmt>
      </trkpt>
      <trkpt lat="47.359697" lon="8.558972">
        <ele>436</ele>
        <time>2024-11-13T22:02:32Z</time>
        <cmt>speed: 0.0</cmt>
      </trkpt>
      <trkpt lat="47.359959" lon="8.558966">
        <ele>438</ele>
        <time>2024-11-13T22:02:36Z</time>
        <cmt>speed: 0.0</cmt>
      </trkpt>
      <trkpt lat="47.359959" lon="8.558966">
        <ele>438</ele>
        <time>2024-11-13T22:02:40Z</time>
        <cmt>speed: 0.0</cmt>
      </trkpt>
      <trkpt lat="47.359959" lon="8.558966">
        <ele>438</ele>
        <time>2024-11-13T22:02:44Z</time>
        <cmt>speed: 0.0</cmt>
      </trkpt>
      <trkpt lat="47.359959" lon="8.558966">
        <ele>438</ele>
        <time>2024-11-13T22:02:48Z</time>
        <cmt>speed: 0.0</cmt>
      </trkpt>
      <trkpt lat="47.359959" lon="8.558966">
        <ele>438</ele>
        <time>2024-11-13T22:02:52Z</time>
        <cmt>speed: 0.0</cmt>
      </trkpt>
      <trkpt lat="47.359959" lon="8.558966">
        <ele>438</ele>
        <time>2024-11-13T22:02:56Z</time>
        <cmt>speed: 0.0</cmt>
      </trkpt>
      <trkpt lat="47.359959" lon="8.558966">
        <ele>438</ele>
        <time>2024-11-13T22:03:00Z</time>
        <cmt>speed: 0.0</cmt>
      </trkpt>
      <trkpt lat="47.359715" lon="8.557802">
        <ele>441</ele>
        <time>2024-11-13T22:07:17Z</time>
        <cmt>speed: 0.0</cmt>
      </trkpt>
      <trkpt lat="47.35966" lon="8.55768">
        <ele>438</ele>
        <time>2024-11-13T22:17:16Z</time>
        <cmt>speed: 0.0</cmt>
      </trkpt>
      <trkpt lat="47.36041" lon="8.557255">
        <ele>406</ele>
        <time>2024-11-13T22:27:14Z</time>
        <cmt>speed: 0.9</cmt>
      </trkpt>
      <trkpt lat="47.360691" lon="8.557619">
        <ele>431</ele>
        <time>2024-11-13T22:37:14Z</time>
        <cmt>speed: 0.2</cmt>
      </trkpt>
      <trkpt lat="47.360254" lon="8.558979">
        <ele>457</ele>
        <time>2024-11-13T22:47:15Z</time>
        <cmt>speed: 0.0</cmt>
      </trkpt>
      <trkpt lat="47.360254" lon="8.558979">
        <ele>457</ele>
        <time>2024-11-13T22:47:15Z</time>
      </trkpt>
      <trkpt lat="47.360279" lon="8.558834">
        <ele>444</ele>
        <time>2024-11-13T22:57:16Z</time>
        <cmt>speed: 0.0</cmt>
      </trkpt>
      <trkpt lat="47.360244" lon="8.558902">
        <ele>445</ele>
        <time>2024-11-13T23:07:15Z</time>
        <cmt>speed: 0.2</cmt>
      </trkpt>
      <trkpt lat="47.36026" lon="8.559639">
        <ele>448</ele>
        <time>2024-11-13T23:27:13Z</time>
        <cmt>speed: 0.4</cmt>
      </trkpt>
      <trkpt lat="47.360438" lon="8.560953">
        <ele>433</ele>
        <time>2024-11-13T23:37:17Z</time>
        <cmt>speed: 0.0</cmt>
      </trkpt>
      <trkpt lat="47.360155" lon="8.561467">
        <ele>431</ele>
        <time>2024-11-13T23:47:17Z</time>
        <cmt>speed: 0.0</cmt>
      </trkpt>
      <trkpt lat="47.360155" lon="8.561467">
        <ele>431</ele>
        <time>2024-11-13T23:47:17Z</time>
      </trkpt>
      <trkpt lat="47.360403" lon="8.560335">
        <ele>444</ele>
        <time>2024-11-13T23:57:16Z</time>
        <cmt>speed: 0.0</cmt>
      </trkpt>
      <trkpt lat="47.359989" lon="8.560876">
        <ele>415</ele>
        <time>2024-11-14T00:07:15Z</time>
        <cmt>speed: 0.1</cmt>
      </trkpt>
      <trkpt lat="47.360329" lon="8.559869">
        <ele>440</ele>
        <time>2024-11-14T00:17:16Z</time>
        <cmt>speed: 0.2</cmt>
      </trkpt>
      <trkpt lat="47.361089" lon="8.560032">
        <ele>461</ele>
        <time>2024-11-14T00:27:18Z</time>
        <cmt>speed: 3.2</cmt>
      </trkpt>
      <trkpt lat="47.360772" lon="8.561375">
        <ele>418</ele>
        <time>2024-11-14T00:37:16Z</time>
        <cmt>speed: 0.0</cmt>
      </trkpt>
      <trkpt lat="47.359613" lon="8.562397">
        <ele>437</ele>
        <time>2024-11-14T00:47:13Z</time>
        <cmt>speed: 0.8</cmt>
      </trkpt>
      <trkpt lat="47.358671" lon="8.564101">
        <ele>464</ele>
        <time>2024-11-14T00:57:15Z</time>
        <cmt>speed: 0.5</cmt>
      </trkpt>
      <trkpt lat="47.359008" lon="8.562959">
        <ele>466</ele>
        <time>2024-11-14T01:07:15Z</time>
        <cmt>speed: 0.9</cmt>
      </trkpt>
      <trkpt lat="47.359008" lon="8.562959">
        <ele>466</ele>
        <time>2024-11-14T01:07:15Z</time>
      </trkpt>
      <trkpt lat="47.358759" lon="8.562269">
        <ele>391</ele>
        <time>2024-11-14T01:17:14Z</time>
        <cmt>speed: 1.2</cmt>
      </trkpt>
      <trkpt lat="47.357992" lon="8.562375">
        <ele>448</ele>
        <time>2024-11-14T01:27:14Z</time>
        <cmt>speed: 0.0</cmt>
      </trkpt>
      <trkpt lat="47.357992" lon="8.562375">
        <ele>448</ele>
        <time>2024-11-14T01:27:14Z</time>
      </trkpt>
      <trkpt lat="47.357842" lon="8.562668">
        <ele>444</ele>
        <time>2024-11-14T01:37:14Z</time>
        <cmt>speed: 0.8</cmt>
      </trkpt>
      <trkpt lat="47.357695" lon="8.561495">
        <ele>477</ele>
        <time>2024-11-14T01:47:14Z</time>
        <cmt>speed: 1.9</cmt>
      </trkpt>
      <trkpt lat="47.35773" lon="8.561047">
        <ele>424</ele>
        <time>2024-11-14T01:57:22Z</time>
        <cmt>speed: 1.2</cmt>
      </trkpt>
      <trkpt lat="47.357801" lon="8.561003">
        <ele>406</ele>
        <time>2024-11-14T02:07:16Z</time>
        <cmt>speed: 0.4</cmt>
      </trkpt>
      <trkpt lat="47.357801" lon="8.561003">
        <ele>406</ele>
        <time>2024-11-14T02:07:16Z</time>
      </trkpt>
      <trkpt lat="47.357829" lon="8.561171">
        <ele>431</ele>
        <time>2024-11-14T02:17:17Z</time>
        <cmt>speed: 0.1</cmt>
      </trkpt>
      <trkpt lat="47.357829" lon="8.561171">
        <ele>431</ele>
        <time>2024-11-14T02:27:16Z</time>
      </trkpt>
      <trkpt lat="47.357899" lon="8.561283">
        <ele>472</ele>
        <time>2024-11-14T02:27:17Z</time>
        <cmt>speed: 0.2</cmt>
      </trkpt>
      <trkpt lat="47.358599" lon="8.560621">
        <ele>435</ele>
        <time>2024-11-14T02:37:15Z</time>
        <cmt>speed: 3.2</cmt>
      </trkpt>
      <trkpt lat="47.359636" lon="8.560749">
        <ele>413</ele>
        <time>2024-11-14T02:47:14Z</time>
        <cmt>speed: 1.1</cmt>
      </trkpt>
      <trkpt lat="47.360212" lon="8.559613">
        <ele>439</ele>
        <time>2024-11-14T02:57:23Z</time>
        <cmt>speed: 0.8</cmt>
      </trkpt>
      <trkpt lat="47.3605" lon="8.560595">
        <ele>431</ele>
        <time>2024-11-14T05:26:46Z</time>
        <cmt>speed: 0.1</cmt>
      </trkpt>
      <trkpt lat="47.359878" lon="8.561467">
        <ele>448</ele>
        <time>2024-11-14T05:36:46Z</time>
        <cmt>speed: 0.5</cmt>
      </trkpt>
      <trkpt lat="47.358648" lon="8.561296">
        <ele>407</ele>
        <time>2024-11-14T05:46:44Z</time>
        <cmt>speed: 0.1</cmt>
      </trkpt>
      <trkpt lat="47.358648" lon="8.561296">
        <ele>407</ele>
        <time>2024-11-14T05:46:44Z</time>
      </trkpt>
      <trkpt lat="47.358694" lon="8.561105">
        <ele>447</ele>
        <time>2024-11-14T05:56:46Z</time>
        <cmt>speed: 0.8</cmt>
      </trkpt>
      <trkpt lat="47.358709" lon="8.561251">
        <ele>423</ele>
        <time>2024-11-14T06:06:45Z</time>
        <cmt>speed: 0.2</cmt>
      </trkpt>
      <trkpt lat="47.358709" lon="8.561251">
        <ele>423</ele>
        <time>2024-11-14T06:06:45Z</time>
      </trkpt>
      <trkpt lat="47.358788" lon="8.561306">
        <ele>369</ele>
        <time>2024-11-14T06:16:46Z</time>
        <cmt>speed: 0.2</cmt>
      </trkpt>
      <trkpt lat="47.358642" lon="8.56132">
        <ele>404</ele>
        <time>2024-11-14T06:26:49Z</time>
      </trkpt>
      <trkpt lat="47.358642" lon="8.56132">
        <ele>404</ele>
        <time>2024-11-14T06:26:49Z</time>
        <cmt>speed: 0.1</cmt>
      </trkpt>
      <trkpt lat="47.358682" lon="8.561167">
        <ele>447</ele>
        <time>2024-11-14T06:36:45Z</time>
        <cmt>speed: 0.2</cmt>
      </trkpt>
      <trkpt lat="47.358733" lon="8.560954">
        <ele>441</ele>
        <time>2024-11-14T06:46:45Z</time>
        <cmt>speed: 1.0</cmt>
      </trkpt>
      <trkpt lat="47.358733" lon="8.560954">
        <ele>441</ele>
        <time>2024-11-14T06:46:45Z</time>
      </trkpt>
      <trkpt lat="47.358733" lon="8.560954">
        <ele>441</ele>
        <time>2024-11-14T07:02:19Z</time>
      </trkpt>
      <trkpt lat="47.358755" lon="8.561128">
        <ele>438</ele>
        <time>2024-11-14T07:04:34Z</time>
        <cmt>speed: 0.1</cmt>
      </trkpt>
      <trkpt lat="47.358785" lon="8.561305">
        <ele>430</ele>
        <time>2024-11-14T07:14:34Z</time>
        <cmt>speed: 0.1</cmt>
      </trkpt>
      <trkpt lat="47.3586" lon="8.561225">
        <ele>432</ele>
        <time>2024-11-14T07:24:34Z</time>
        <cmt>speed: 0.1</cmt>
      </trkpt>
      <trkpt lat="47.3586" lon="8.561225">
        <ele>432</ele>
        <time>2024-11-14T07:24:34Z</time>
      </trkpt>
      <trkpt lat="47.358638" lon="8.561193">
        <ele>420</ele>
        <time>2024-11-14T07:34:34Z</time>
        <cmt>speed: 0.1</cmt>
      </trkpt>
      <trkpt lat="47.358638" lon="8.561193">
        <ele>420</ele>
        <time>2024-11-14T07:44:33Z</time>
      </trkpt>
      <trkpt lat="47.358596" lon="8.561189">
        <ele>412</ele>
        <time>2024-11-14T07:44:34Z</time>
        <cmt>speed: 0.2</cmt>
      </trkpt>
      <trkpt lat="47.357814" lon="8.563025">
        <ele>429</ele>
        <time>2024-11-14T07:54:34Z</time>
        <cmt>speed: 0.6</cmt>
      </trkpt>
      <trkpt lat="47.357814" lon="8.563025">
        <ele>429</ele>
        <time>2024-11-14T08:04:34Z</time>
      </trkpt>
      <trkpt lat="47.357126" lon="8.563146">
        <ele>475</ele>
        <time>2024-11-14T08:04:35Z</time>
        <cmt>speed: 0.0</cmt>
      </trkpt>
      <trkpt lat="47.356884" lon="8.563057">
        <ele>431</ele>
        <time>2024-11-14T08:14:33Z</time>
        <cmt>speed: 0.1</cmt>
      </trkpt>
      <trkpt lat="47.35703" lon="8.563083">
        <ele>436</ele>
        <time>2024-11-14T08:24:35Z</time>
        <cmt>speed: 0.1</cmt>
      </trkpt>
      <trkpt lat="47.358358" lon="8.562157">
        <ele>441</ele>
        <time>2024-11-14T08:34:34Z</time>
        <cmt>speed: 0.0</cmt>
      </trkpt>
      <trkpt lat="47.359346" lon="8.561233">
        <ele>424</ele>
        <time>2024-11-14T08:44:38Z</time>
        <cmt>speed: 1.1</cmt>
      </trkpt>
      <trkpt lat="47.359974" lon="8.56367">
        <ele>434</ele>
        <time>2024-11-14T08:53:25Z</time>
      </trkpt>
      <trkpt lat="47.359736" lon="8.563692">
        <ele>486</ele>
        <time>2024-11-14T08:56:59Z</time>
        <cmt>speed: 0.1</cmt>
      </trkpt>
      <trkpt lat="47.359974" lon="8.56367">
        <ele>434</ele>
        <time>2024-11-14T09:04:19Z</time>
      </trkpt>
      <trkpt lat="47.359999" lon="8.562896">
        <ele>473</ele>
        <time>2024-11-14T09:09:17Z</time>
        <cmt>speed: 0.2</cmt>
      </trkpt>
      <trkpt lat="47.360103" lon="8.562013">
        <ele>435</ele>
        <time>2024-11-14T09:19:18Z</time>
        <cmt>speed: 0.3</cmt>
      </trkpt>
      <trkpt lat="47.360103" lon="8.562013">
        <ele>435</ele>
        <time>2024-11-14T09:31:27Z</time>
      </trkpt>
      <trkpt lat="47.360243" lon="8.559743">
        <ele>456</ele>
        <time>2024-11-14T09:31:28Z</time>
        <cmt>speed: 0.0</cmt>
      </trkpt>
      <trkpt lat="47.360332" lon="8.559588">
        <ele>463</ele>
        <time>2024-11-14T09:41:29Z</time>
        <cmt>speed: 0.0</cmt>
      </trkpt>
      <trkpt lat="47.360103" lon="8.55878">
        <ele>405</ele>
        <time>2024-11-14T09:51:25Z</time>
        <cmt>speed: 0.1</cmt>
      </trkpt>
      <trkpt lat="47.360039" lon="8.558486">
        <ele>448</ele>
        <time>2024-11-14T10:01:26Z</time>
        <cmt>speed: 0.4</cmt>
      </trkpt>
      <trkpt lat="47.359857" lon="8.557715">
        <ele>438</ele>
        <time>2024-11-14T10:11:26Z</time>
        <cmt>speed: 0.4</cmt>
      </trkpt>
      <trkpt lat="47.360247" lon="8.558012">
        <ele>428</ele>
        <time>2024-11-14T10:21:25Z</time>
        <cmt>speed: 0.1</cmt>
      </trkpt>
      <trkpt lat="47.360318" lon="8.557977">
        <ele>407</ele>
        <time>2024-11-14T10:31:25Z</time>
        <cmt>speed: 1.2</cmt>
      </trkpt>
      <trkpt lat="47.360058" lon="8.557888">
        <ele>405</ele>
        <time>2024-11-14T10:41:27Z</time>
        <cmt>speed: 2.2</cmt>
      </trkpt>
      <trkpt lat="47.360058" lon="8.557888">
        <ele>405</ele>
        <time>2024-11-14T10:51:25Z</time>
      </trkpt>
      <trkpt lat="47.360189" lon="8.55794">
        <ele>424</ele>
        <time>2024-11-14T10:52:18Z</time>
        <cmt>speed: 0.2</cmt>
      </trkpt>
      <trkpt lat="47.360158" lon="8.557967">
        <ele>446</ele>
        <time>2024-11-14T11:02:27Z</time>
        <cmt>speed: 2.1</cmt>
      </trkpt>
      <trkpt lat="47.360164" lon="8.558065">
        <ele>458</ele>
        <time>2024-11-14T11:22:20Z</time>
        <cmt>speed: 0.0</cmt>
      </trkpt>
      <trkpt lat="47.360149" lon="8.557908">
        <ele>424</ele>
        <time>2024-11-14T12:50:21Z</time>
        <cmt>speed: 0.1</cmt>
      </trkpt>
      <trkpt lat="47.360149" lon="8.557908">
        <ele>424</ele>
        <time>2024-11-14T12:50:21Z</time>
      </trkpt>
      <trkpt lat="47.360182" lon="8.558066">
        <ele>432</ele>
        <time>2024-11-14T13:00:17Z</time>
        <cmt>speed: 0.0</cmt>
      </trkpt>
      <trkpt lat="47.360232" lon="8.557867">
        <ele>448</ele>
        <time>2024-11-14T13:10:20Z</time>
        <cmt>speed: 0.1</cmt>
      </trkpt>
      <trkpt lat="47.360232" lon="8.557867">
        <ele>448</ele>
        <time>2024-11-14T13:10:20Z</time>
      </trkpt>
      <trkpt lat="47.360318" lon="8.557935">
        <ele>441</ele>
        <time>2024-11-14T13:20:43Z</time>
        <cmt>speed: 0.0</cmt>
      </trkpt>
      <trkpt lat="47.360157" lon="8.557721">
        <ele>456</ele>
        <time>2024-11-14T13:50:15Z</time>
      </trkpt>
      <trkpt lat="47.360157" lon="8.557721">
        <ele>456</ele>
        <time>2024-11-14T13:50:15Z</time>
        <cmt>speed: 0.3</cmt>
      </trkpt>
      <trkpt lat="47.360106" lon="8.557932">
        <ele>425</ele>
        <time>2024-11-14T14:00:17Z</time>
        <cmt>speed: 0.2</cmt>
      </trkpt>
      <trkpt lat="47.360212" lon="8.558004">
        <ele>425</ele>
        <time>2024-11-14T14:10:13Z</time>
        <cmt>speed: 0.3</cmt>
      </trkpt>
      <trkpt lat="47.360212" lon="8.558004">
        <ele>425</ele>
        <time>2024-11-14T14:10:13Z</time>
      </trkpt>
      <trkpt lat="47.360291" lon="8.557966">
        <ele>436</ele>
        <time>2024-11-14T14:20:13Z</time>
        <cmt>speed: 0.8</cmt>
      </trkpt>
      <trkpt lat="47.360151" lon="8.557766">
        <ele>386</ele>
        <time>2024-11-14T14:30:17Z</time>
        <cmt>speed: 0.9</cmt>
      </trkpt>
      <trkpt lat="47.360554" lon="8.558041">
        <ele>433</ele>
        <time>2024-11-14T14:40:14Z</time>
        <cmt>speed: 0.6</cmt>
      </trkpt>
      <trkpt lat="47.359961" lon="8.559786">
        <ele>461</ele>
        <time>2024-11-14T14:50:35Z</time>
        <cmt>speed: 0.0</cmt>
      </trkpt>
      <trkpt lat="47.3597" lon="8.562769">
        <ele>447</ele>
        <time>2024-11-14T15:00:20Z</time>
        <cmt>speed: 0.8</cmt>
      </trkpt>
      <trkpt lat="47.359504" lon="8.562581">
        <ele>463</ele>
        <time>2024-11-14T15:10:14Z</time>
        <cmt>speed: 0.3</cmt>
      </trkpt>
      <trkpt lat="47.358857" lon="8.562795">
        <ele>433</ele>
        <time>2024-11-14T15:20:12Z</time>
        <cmt>speed: 0.6</cmt>
      </trkpt>
      <trkpt lat="47.358857" lon="8.562795">
        <ele>433</ele>
        <time>2024-11-14T15:30:11Z</time>
      </trkpt>
      <trkpt lat="47.358469" lon="8.562874">
        <ele>454</ele>
        <time>2024-11-14T15:30:12Z</time>
        <cmt>speed: 0.7</cmt>
      </trkpt>
      <trkpt lat="47.35837" lon="8.562455">
        <ele>423</ele>
        <time>2024-11-14T15:40:12Z</time>
        <cmt>speed: 0.7</cmt>
      </trkpt>
      <trkpt lat="47.357792" lon="8.562379">
        <ele>408</ele>
        <time>2024-11-14T15:50:37Z</time>
        <cmt>speed: 0.6</cmt>
      </trkpt>
      <trkpt lat="47.358473" lon="8.562761">
        <ele>454</ele>
        <time>2024-11-14T16:00:12Z</time>
        <cmt>speed: 0.2</cmt>
      </trkpt>
      <trkpt lat="47.358473" lon="8.562761">
        <ele>454</ele>
        <time>2024-11-14T16:10:13Z</time>
      </trkpt>
      <trkpt lat="47.358231" lon="8.562595">
        <ele>427</ele>
        <time>2024-11-14T16:10:14Z</time>
        <cmt>speed: 0.1</cmt>
      </trkpt>
      <trkpt lat="47.358173" lon="8.56265">
        <ele>439</ele>
        <time>2024-11-14T16:20:14Z</time>
        <cmt>speed: 0.3</cmt>
      </trkpt>
      <trkpt lat="47.358311" lon="8.56226">
        <ele>437</ele>
        <time>2024-11-14T16:30:13Z</time>
        <cmt>speed: 0.4</cmt>
      </trkpt>
      <trkpt lat="47.35811" lon="8.561227">
        <ele>408</ele>
        <time>2024-11-14T16:40:14Z</time>
        <cmt>speed: 0.0</cmt>
      </trkpt>
      <trkpt lat="47.35968" lon="8.559993">
        <ele>463</ele>
        <time>2024-11-14T16:50:14Z</time>
        <cmt>speed: 0.7</cmt>
      </trkpt>
      <trkpt lat="47.359395" lon="8.56114">
        <ele>412</ele>
        <time>2024-11-14T17:00:14Z</time>
        <cmt>speed: 0.0</cmt>
      </trkpt>
      <trkpt lat="47.359639" lon="8.56129">
        <ele>442</ele>
        <time>2024-11-14T17:10:14Z</time>
        <cmt>speed: 1.5</cmt>
      </trkpt>
      <trkpt lat="47.359974" lon="8.56367">
        <ele>434</ele>
        <time>2024-11-14T17:20:36Z</time>
      </trkpt>
      <trkpt lat="47.359974" lon="8.56367">
        <ele>434</ele>
        <time>2024-11-14T17:35:36Z</time>
      </trkpt>
      <trkpt lat="47.359974" lon="8.56367">
        <ele>434</ele>
        <time>2024-11-15T05:30:01Z</time>
      </trkpt>
      <trkpt lat="47.359599" lon="8.561079">
        <ele>433</ele>
        <time>2024-11-15T05:40:07Z</time>
        <cmt>speed: 0.4</cmt>
      </trkpt>
      <trkpt lat="47.358389" lon="8.561393">
        <ele>427</ele>
        <time>2024-11-15T05:50:08Z</time>
        <cmt>speed: 0.0</cmt>
      </trkpt>
      <trkpt lat="47.358389" lon="8.561393">
        <ele>427</ele>
        <time>2024-11-15T05:50:13Z</time>
      </trkpt>
      <trkpt lat="47.358728" lon="8.561172">
        <ele>400</ele>
        <time>2024-11-15T06:00:09Z</time>
        <cmt>speed: 0.1</cmt>
      </trkpt>
      <trkpt lat="47.358544" lon="8.561096">
        <ele>408</ele>
        <time>2024-11-15T06:10:06Z</time>
        <cmt>speed: 0.2</cmt>
      </trkpt>
      <trkpt lat="47.358544" lon="8.561096">
        <ele>408</ele>
        <time>2024-11-15T06:10:13Z</time>
      </trkpt>
      <trkpt lat="47.358616" lon="8.561159">
        <ele>438</ele>
        <time>2024-11-15T06:20:06Z</time>
        <cmt>speed: 1.5</cmt>
      </trkpt>
      <trkpt lat="47.358727" lon="8.561249">
        <ele>432</ele>
        <time>2024-11-15T06:30:08Z</time>
        <cmt>speed: 0.1</cmt>
      </trkpt>
      <trkpt lat="47.358727" lon="8.561249">
        <ele>432</ele>
        <time>2024-11-15T06:30:13Z</time>
      </trkpt>
      <trkpt lat="47.358725" lon="8.561142">
        <ele>451</ele>
        <time>2024-11-15T06:40:06Z</time>
        <cmt>speed: 1.5</cmt>
      </trkpt>
      <trkpt lat="47.358605" lon="8.561263">
        <ele>441</ele>
        <time>2024-11-15T06:50:06Z</time>
        <cmt>speed: 0.3</cmt>
      </trkpt>
      <trkpt lat="47.358605" lon="8.561263">
        <ele>441</ele>
        <time>2024-11-15T06:50:13Z</time>
      </trkpt>
      <trkpt lat="47.358647" lon="8.561347">
        <ele>419</ele>
        <time>2024-11-15T07:00:05Z</time>
        <cmt>speed: 0.5</cmt>
      </trkpt>
      <trkpt lat="47.358447" lon="8.561258">
        <ele>409</ele>
        <time>2024-11-15T07:10:05Z</time>
        <cmt>speed: 0.3</cmt>
      </trkpt>
      <trkpt lat="47.358615" lon="8.561237">
        <ele>407</ele>
        <time>2024-11-15T07:20:05Z</time>
        <cmt>speed: 1.7</cmt>
      </trkpt>
      <trkpt lat="47.358315" lon="8.560929">
        <ele>451</ele>
        <time>2024-11-15T07:30:05Z</time>
        <cmt>speed: 0.2</cmt>
      </trkpt>
      <trkpt lat="47.358486" lon="8.561046">
        <ele>438</ele>
        <time>2024-11-15T07:40:06Z</time>
        <cmt>speed: 0.9</cmt>
      </trkpt>
      <trkpt lat="47.358814" lon="8.56195">
        <ele>421</ele>
        <time>2024-11-15T08:00:09Z</time>
        <cmt>speed: 0.3</cmt>
      </trkpt>
      <trkpt lat="47.358814" lon="8.56195">
        <ele>421</ele>
        <time>2024-11-15T08:10:03Z</time>
      </trkpt>
      <trkpt lat="47.358609" lon="8.56218">
        <ele>450</ele>
        <time>2024-11-15T08:10:06Z</time>
        <cmt>speed: 0.0</cmt>
      </trkpt>
      <trkpt lat="47.358614" lon="8.562321">
        <ele>419</ele>
        <time>2024-11-15T08:20:06Z</time>
        <cmt>speed: 0.3</cmt>
      </trkpt>
      <trkpt lat="47.358987" lon="8.562868">
        <ele>463</ele>
        <time>2024-11-15T08:30:08Z</time>
        <cmt>speed: 0.4</cmt>
      </trkpt>
      <trkpt lat="47.358756" lon="8.562665">
        <ele>465</ele>
        <time>2024-11-15T08:40:07Z</time>
        <cmt>speed: 0.9</cmt>
      </trkpt>
      <trkpt lat="47.358756" lon="8.562665">
        <ele>465</ele>
        <time>2024-11-15T08:50:04Z</time>
      </trkpt>
      <trkpt lat="47.359402" lon="8.561795">
        <ele>463</ele>
        <time>2024-11-15T08:50:07Z</time>
        <cmt>speed: 0.1</cmt>
      </trkpt>
      <trkpt lat="47.359438" lon="8.561913">
        <ele>471</ele>
        <time>2024-11-15T09:00:13Z</time>
        <cmt>speed: 0.1</cmt>
      </trkpt>
      <trkpt lat="47.359438" lon="8.561913">
        <ele>471</ele>
        <time>2024-11-15T09:10:06Z</time>
      </trkpt>
      <trkpt lat="47.359404" lon="8.561697">
        <ele>426</ele>
        <time>2024-11-15T09:10:09Z</time>
        <cmt>speed: 0.1</cmt>
      </trkpt>
      <trkpt lat="47.359515" lon="8.561762">
        <ele>449</ele>
        <time>2024-11-15T09:20:08Z</time>
        <cmt>speed: 0.1</cmt>
      </trkpt>
      <trkpt lat="47.359515" lon="8.561762">
        <ele>449</ele>
        <time>2024-11-15T10:10:10Z</time>
      </trkpt>
      <trkpt lat="47.359391" lon="8.561753">
        <ele>429</ele>
        <time>2024-11-15T10:10:13Z</time>
        <cmt>speed: 0.2</cmt>
      </trkpt>
      <trkpt lat="47.359393" lon="8.561885">
        <ele>447</ele>
        <time>2024-11-15T10:20:08Z</time>
        <cmt>speed: 0.0</cmt>
      </trkpt>
      <trkpt lat="47.359349" lon="8.561791">
        <ele>448</ele>
        <time>2024-11-15T10:30:10Z</time>
        <cmt>speed: 0.0</cmt>
      </trkpt>
      <trkpt lat="47.359315" lon="8.562093">
        <ele>444</ele>
        <time>2024-11-15T10:40:07Z</time>
        <cmt>speed: 0.3</cmt>
      </trkpt>
      <trkpt lat="47.359079" lon="8.56109">
        <ele>422</ele>
        <time>2024-11-15T10:50:09Z</time>
        <cmt>speed: 0.0</cmt>
      </trkpt>
      <trkpt lat="47.358668" lon="8.560989">
        <ele>420</ele>
        <time>2024-11-15T11:00:07Z</time>
        <cmt>speed: 0.3</cmt>
      </trkpt>
      <trkpt lat="47.35766" lon="8.561235">
        <ele>413</ele>
        <time>2024-11-15T11:10:09Z</time>
        <cmt>speed: 0.2</cmt>
      </trkpt>
      <trkpt lat="47.358272" lon="8.562122">
        <ele>413</ele>
        <time>2024-11-15T11:20:07Z</time>
        <cmt>speed: 0.8</cmt>
      </trkpt>
      <trkpt lat="47.358272" lon="8.562122">
        <ele>413</ele>
        <time>2024-11-15T11:30:02Z</time>
      </trkpt>
      <trkpt lat="47.358276" lon="8.562714">
        <ele>430</ele>
        <time>2024-11-15T11:30:06Z</time>
        <cmt>speed: 0.3</cmt>
      </trkpt>
      <trkpt lat="47.358329" lon="8.562579">
        <ele>445</ele>
        <time>2024-11-15T11:40:06Z</time>
        <cmt>speed: 0.3</cmt>
      </trkpt>
      <trkpt lat="47.358329" lon="8.562579">
        <ele>445</ele>
        <time>2024-11-15T11:50:04Z</time>
      </trkpt>
      <trkpt lat="47.358265" lon="8.562636">
        <ele>433</ele>
        <time>2024-11-15T11:50:08Z</time>
        <cmt>speed: 0.1</cmt>
      </trkpt>
      <trkpt lat="47.358284" lon="8.562702">
        <ele>449</ele>
        <time>2024-11-15T12:00:06Z</time>
        <cmt>speed: 0.6</cmt>
      </trkpt>
      <trkpt lat="47.358254" lon="8.562854">
        <ele>419</ele>
        <time>2024-11-15T12:10:07Z</time>
        <cmt>speed: 2.2</cmt>
      </trkpt>
      <trkpt lat="47.359319" lon="8.561143">
        <ele>422</ele>
        <time>2024-11-15T12:20:11Z</time>
        <cmt>speed: 0.3</cmt>
      </trkpt>
      <trkpt lat="47.359319" lon="8.561143">
        <ele>422</ele>
        <time>2024-11-15T12:30:04Z</time>
      </trkpt>
      <trkpt lat="47.359259" lon="8.560625">
        <ele>451</ele>
        <time>2024-11-15T12:30:08Z</time>
        <cmt>speed: 0.2</cmt>
      </trkpt>
      <trkpt lat="47.359319" lon="8.560861">
        <ele>433</ele>
        <time>2024-11-15T12:40:09Z</time>
        <cmt>speed: 3.1</cmt>
      </trkpt>
      <trkpt lat="47.358477" lon="8.560399">
        <ele>421</ele>
        <time>2024-11-15T12:50:07Z</time>
        <cmt>speed: 0.1</cmt>
      </trkpt>
      <trkpt lat="47.359092" lon="8.559212">
        <ele>449</ele>
        <time>2024-11-15T13:00:08Z</time>
        <cmt>speed: 1.3</cmt>
      </trkpt>
      <trkpt lat="47.359049" lon="8.559231">
        <ele>438</ele>
        <time>2024-11-15T13:10:08Z</time>
        <cmt>speed: 1.1</cmt>
      </trkpt>
      <trkpt lat="47.359147" lon="8.561465">
        <ele>440</ele>
        <time>2024-11-15T13:20:07Z</time>
        <cmt>speed: 0.5</cmt>
      </trkpt>
      <trkpt lat="47.359598" lon="8.561887">
        <ele>413</ele>
        <time>2024-11-15T13:30:07Z</time>
        <cmt>speed: 0.6</cmt>
      </trkpt>
      <trkpt lat="47.359611" lon="8.561697">
        <ele>413</ele>
        <time>2024-11-15T13:40:08Z</time>
        <cmt>speed: 0.1</cmt>
      </trkpt>
      <trkpt lat="47.359611" lon="8.561697">
        <ele>413</ele>
        <time>2024-11-15T13:50:03Z</time>
      </trkpt>
      <trkpt lat="47.35983" lon="8.561741">
        <ele>458</ele>
        <time>2024-11-15T13:50:07Z</time>
        <cmt>speed: 0.7</cmt>
      </trkpt>
      <trkpt lat="47.35955" lon="8.561844">
        <ele>429</ele>
        <time>2024-11-15T14:00:07Z</time>
        <cmt>speed: 1.3</cmt>
      </trkpt>
      <trkpt lat="47.359643" lon="8.562038">
        <ele>448</ele>
        <time>2024-11-15T14:10:06Z</time>
        <cmt>speed: 0.8</cmt>
      </trkpt>
      <trkpt lat="47.359443" lon="8.562218">
        <ele>443</ele>
        <time>2024-11-15T14:20:07Z</time>
        <cmt>speed: 0.0</cmt>
      </trkpt>
      <trkpt lat="47.360191" lon="8.562142">
        <ele>452</ele>
        <time>2024-11-15T14:30:09Z</time>
        <cmt>speed: 0.1</cmt>
      </trkpt>
      <trkpt lat="47.359932" lon="8.563668">
        <ele>446</ele>
        <time>2024-11-15T14:40:14Z</time>
        <cmt>speed: 0.1</cmt>
      </trkpt>
      <trkpt lat="47.359959" lon="8.563643">
        <ele>434</ele>
        <time>2024-11-15T14:47:59Z</time>
      </trkpt>
      <trkpt lat="47.359974" lon="8.56367">
        <ele>434</ele>
        <time>2024-11-15T15:02:59Z</time>
      </trkpt>
      <trkpt lat="47.359959" lon="8.563643">
        <ele>434</ele>
        <time>2024-11-15T15:07:26Z</time>
      </trkpt>
      <trkpt lat="47.360603" lon="8.561583">
        <ele>435</ele>
        <time>2024-11-15T15:15:03Z</time>
        <cmt>speed: 0.1</cmt>
      </trkpt>
      <trkpt lat="47.36046" lon="8.560509">
        <ele>453</ele>
        <time>2024-11-15T15:25:04Z</time>
        <cmt>speed: 0.4</cmt>
      </trkpt>
      <trkpt lat="47.360224" lon="8.559639">
        <ele>452</ele>
        <time>2024-11-15T15:35:13Z</time>
        <cmt>speed: 0.5</cmt>
      </trkpt>
      <trkpt lat="47.359776" lon="8.557551">
        <ele>420</ele>
        <time>2024-11-15T15:45:03Z</time>
        <cmt>speed: 0.5</cmt>
      </trkpt>
      <trkpt lat="47.360527" lon="8.557912">
        <ele>395</ele>
        <time>2024-11-15T15:55:03Z</time>
        <cmt>speed: 0.1</cmt>
      </trkpt>
      <trkpt lat="47.360722" lon="8.55829">
        <ele>440</ele>
        <time>2024-11-15T16:05:04Z</time>
        <cmt>speed: 0.8</cmt>
      </trkpt>
      <trkpt lat="47.360262" lon="8.559385">
        <ele>413</ele>
        <time>2024-11-15T16:15:02Z</time>
        <cmt>speed: 0.3</cmt>
      </trkpt>
      <trkpt lat="47.361631" lon="8.559737">
        <ele>442</ele>
        <time>2024-11-15T16:25:03Z</time>
        <cmt>speed: 0.4</cmt>
      </trkpt>
      <trkpt lat="47.360181" lon="8.560006">
        <ele>427</ele>
        <time>2024-11-15T16:35:05Z</time>
        <cmt>speed: 0.4</cmt>
      </trkpt>
      <trkpt lat="47.359974" lon="8.56367">
        <ele>434</ele>
        <time>2024-11-15T16:46:25Z</time>
      </trkpt>
      <trkpt lat="47.359974" lon="8.56367">
        <ele>434</ele>
        <time>2024-11-15T17:01:25Z</time>
      </trkpt>
      <trkpt lat="47.359974" lon="8.56367">
        <ele>434</ele>
        <time>2024-11-16T05:01:23Z</time>
      </trkpt>
      <trkpt lat="47.360305" lon="8.562283">
        <ele>492</ele>
        <time>2024-11-16T07:53:23Z</time>
        <cmt>speed: 1.1</cmt>
      </trkpt>
      <trkpt lat="47.359932" lon="8.560694">
        <ele>451</ele>
        <time>2024-11-16T08:03:14Z</time>
        <cmt>speed: 1.5</cmt>
      </trkpt>
      <trkpt lat="47.360378" lon="8.560034">
        <ele>443</ele>
        <time>2024-11-16T08:13:18Z</time>
        <cmt>speed: 0.0</cmt>
      </trkpt>
      <trkpt lat="47.360281" lon="8.559608">
        <ele>424</ele>
        <time>2024-11-16T08:23:14Z</time>
        <cmt>speed: 0.5</cmt>
      </trkpt>
      <trkpt lat="47.359875" lon="8.557879">
        <ele>430</ele>
        <time>2024-11-16T08:33:13Z</time>
        <cmt>speed: 0.6</cmt>
      </trkpt>
      <trkpt lat="47.360204" lon="8.557938">
        <ele>455</ele>
        <time>2024-11-16T08:43:18Z</time>
        <cmt>speed: 0.0</cmt>
      </trkpt>
      <trkpt lat="47.360204" lon="8.557938">
        <ele>455</ele>
        <time>2024-11-16T08:53:06Z</time>
      </trkpt>
      <trkpt lat="47.360172" lon="8.557855">
        <ele>459</ele>
        <time>2024-11-16T08:55:18Z</time>
        <cmt>speed: 0.7</cmt>
      </trkpt>
      <trkpt lat="47.360545" lon="8.557616">
        <ele>447</ele>
        <time>2024-11-16T09:05:13Z</time>
        <cmt>speed: 0.6</cmt>
      </trkpt>
      <trkpt lat="47.360545" lon="8.557616">
        <ele>447</ele>
        <time>2024-11-16T09:15:06Z</time>
      </trkpt>
      <trkpt lat="47.360591" lon="8.55749">
        <ele>433</ele>
        <time>2024-11-16T09:15:13Z</time>
        <cmt>speed: 1.3</cmt>
      </trkpt>
      <trkpt lat="47.360949" lon="8.558539">
        <ele>427</ele>
        <time>2024-11-16T09:25:12Z</time>
        <cmt>speed: 2.1</cmt>
      </trkpt>
      <trkpt lat="47.360949" lon="8.558539">
        <ele>427</ele>
        <time>2024-11-16T09:35:09Z</time>
      </trkpt>
      <trkpt lat="47.360955" lon="8.558567">
        <ele>480</ele>
        <time>2024-11-16T09:35:16Z</time>
        <cmt>speed: 0.1</cmt>
      </trkpt>
      <trkpt lat="47.36188" lon="8.55962">
        <ele>418</ele>
        <time>2024-11-16T09:45:11Z</time>
        <cmt>speed: 0.7</cmt>
      </trkpt>
      <trkpt lat="47.360679" lon="8.56194">
        <ele>450</ele>
        <time>2024-11-16T09:55:13Z</time>
        <cmt>speed: 0.6</cmt>
      </trkpt>
      <trkpt lat="47.359834" lon="8.561579">
        <ele>407</ele>
        <time>2024-11-16T10:05:11Z</time>
        <cmt>speed: 0.2</cmt>
      </trkpt>
      <trkpt lat="47.358587" lon="8.562234">
        <ele>440</ele>
        <time>2024-11-16T10:15:11Z</time>
        <cmt>speed: 0.3</cmt>
      </trkpt>
      <trkpt lat="47.358301" lon="8.562825">
        <ele>448</ele>
        <time>2024-11-16T10:25:13Z</time>
        <cmt>speed: 0.1</cmt>
      </trkpt>
      <trkpt lat="47.358301" lon="8.562825">
        <ele>448</ele>
        <time>2024-11-16T10:35:05Z</time>
      </trkpt>
      <trkpt lat="47.358147" lon="8.562667">
        <ele>436</ele>
        <time>2024-11-16T10:35:12Z</time>
        <cmt>speed: 0.2</cmt>
      </trkpt>
      <trkpt lat="47.358485" lon="8.562585">
        <ele>439</ele>
        <time>2024-11-16T10:45:11Z</time>
        <cmt>speed: 0.2</cmt>
      </trkpt>
      <trkpt lat="47.358693" lon="8.56291">
        <ele>455</ele>
        <time>2024-11-16T10:55:10Z</time>
        <cmt>speed: 0.0</cmt>
      </trkpt>
      <trkpt lat="47.359031" lon="8.562706">
        <ele>456</ele>
        <time>2024-11-16T11:05:13Z</time>
        <cmt>speed: 0.1</cmt>
      </trkpt>
      <trkpt lat="47.359557" lon="8.561334">
        <ele>442</ele>
        <time>2024-11-16T11:15:15Z</time>
        <cmt>speed: 0.3</cmt>
      </trkpt>
      <trkpt lat="47.359959" lon="8.563643">
        <ele>434</ele>
        <time>2024-11-16T11:22:17Z</time>
      </trkpt>
      <trkpt lat="47.360311" lon="8.561934">
        <ele>444</ele>
        <time>2024-11-16T11:25:13Z</time>
        <cmt>speed: 4.3</cmt>
      </trkpt>
      <trkpt lat="47.359984" lon="8.561539">
        <ele>423</ele>
        <time>2024-11-16T11:28:24Z</time>
        <cmt>speed: 0.3</cmt>
      </trkpt>
      <trkpt lat="47.360224" lon="8.561634">
        <ele>450</ele>
        <time>2024-11-16T11:28:29Z</time>
        <cmt>speed: 0.0</cmt>
      </trkpt>
      <trkpt lat="47.360224" lon="8.561634">
        <ele>450</ele>
        <time>2024-11-16T11:28:32Z</time>
        <cmt>speed: 0.0</cmt>
      </trkpt>
      <trkpt lat="47.360224" lon="8.561634">
        <ele>450</ele>
        <time>2024-11-16T11:28:37Z</time>
        <cmt>speed: 0.0</cmt>
      </trkpt>
      <trkpt lat="47.360224" lon="8.561634">
        <ele>450</ele>
        <time>2024-11-16T11:28:40Z</time>
        <cmt>speed: 0.0</cmt>
      </trkpt>
      <trkpt lat="47.360224" lon="8.561634">
        <ele>450</ele>
        <time>2024-11-16T11:28:45Z</time>
        <cmt>speed: 0.0</cmt>
      </trkpt>
      <trkpt lat="47.36031" lon="8.561632">
        <ele>424</ele>
        <time>2024-11-16T11:34:36Z</time>
        <cmt>speed: 0.3</cmt>
      </trkpt>
      <trkpt lat="47.360399" lon="8.561559">
        <ele>430</ele>
        <time>2024-11-16T11:34:39Z</time>
        <cmt>speed: 0.1</cmt>
      </trkpt>
      <trkpt lat="47.360334" lon="8.561504">
        <ele>432</ele>
        <time>2024-11-16T11:34:44Z</time>
        <cmt>speed: 1.6</cmt>
      </trkpt>
      <trkpt lat="47.360292" lon="8.561467">
        <ele>432</ele>
        <time>2024-11-16T11:34:47Z</time>
        <cmt>speed: 1.6</cmt>
      </trkpt>
      <trkpt lat="47.360252" lon="8.561442">
        <ele>430</ele>
        <time>2024-11-16T11:34:52Z</time>
        <cmt>speed: 0.8</cmt>
      </trkpt>
      <trkpt lat="47.360252" lon="8.561442">
        <ele>430</ele>
        <time>2024-11-16T11:34:55Z</time>
        <cmt>speed: 0.0</cmt>
      </trkpt>
      <trkpt lat="47.360231" lon="8.561397">
        <ele>431</ele>
        <time>2024-11-16T11:35:00Z</time>
        <cmt>speed: 1.9</cmt>
      </trkpt>
      <trkpt lat="47.360167" lon="8.561279">
        <ele>433</ele>
        <time>2024-11-16T11:35:04Z</time>
        <cmt>speed: 1.6</cmt>
      </trkpt>
      <trkpt lat="47.360159" lon="8.561204">
        <ele>432</ele>
        <time>2024-11-16T11:35:09Z</time>
        <cmt>speed: 0.0</cmt>
      </trkpt>
      <trkpt lat="47.360161" lon="8.561159">
        <ele>432</ele>
        <time>2024-11-16T11:35:13Z</time>
        <cmt>speed: 0.9</cmt>
      </trkpt>
      <trkpt lat="47.360141" lon="8.561108">
        <ele>431</ele>
        <time>2024-11-16T11:35:18Z</time>
        <cmt>speed: 0.6</cmt>
      </trkpt>
      <trkpt lat="47.360141" lon="8.561108">
        <ele>431</ele>
        <time>2024-11-16T11:35:21Z</time>
        <cmt>speed: 0.0</cmt>
      </trkpt>
      <trkpt lat="47.360139" lon="8.561082">
        <ele>431</ele>
        <time>2024-11-16T11:35:26Z</time>
        <cmt>speed: 0.0</cmt>
      </trkpt>
      <trkpt lat="47.360139" lon="8.561082">
        <ele>431</ele>
        <time>2024-11-16T11:35:30Z</time>
        <cmt>speed: 0.0</cmt>
      </trkpt>
      <trkpt lat="47.360139" lon="8.561082">
        <ele>431</ele>
        <time>2024-11-16T11:35:35Z</time>
        <cmt>speed: 0.0</cmt>
      </trkpt>
      <trkpt lat="47.360139" lon="8.561082">
        <ele>431</ele>
        <time>2024-11-16T11:35:38Z</time>
        <cmt>speed: 0.0</cmt>
      </trkpt>
      <trkpt lat="47.360139" lon="8.561082">
        <ele>431</ele>
        <time>2024-11-16T11:35:43Z</time>
        <cmt>speed: 0.0</cmt>
      </trkpt>
      <trkpt lat="47.360139" lon="8.561082">
        <ele>431</ele>
        <time>2024-11-16T11:35:46Z</time>
        <cmt>speed: 0.0</cmt>
      </trkpt>
      <trkpt lat="47.360139" lon="8.561017">
        <ele>430</ele>
        <time>2024-11-16T11:35:51Z</time>
        <cmt>speed: 0.5</cmt>
      </trkpt>
      <trkpt lat="47.360123" lon="8.560938">
        <ele>430</ele>
        <time>2024-11-16T11:35:54Z</time>
        <cmt>speed: 1.4</cmt>
      </trkpt>
      <trkpt lat="47.360098" lon="8.560874">
        <ele>430</ele>
        <time>2024-11-16T11:35:59Z</time>
        <cmt>speed: 0.0</cmt>
      </trkpt>
      <trkpt lat="47.360098" lon="8.560874">
        <ele>430</ele>
        <time>2024-11-16T11:36:00Z</time>
        <cmt>speed: 0.0</cmt>
      </trkpt>
      <trkpt lat="47.360331" lon="8.560019">
        <ele>426</ele>
        <time>2024-11-16T11:41:56Z</time>
        <cmt>speed: 0.2</cmt>
      </trkpt>
      <trkpt lat="47.360384" lon="8.560066">
        <ele>433</ele>
        <time>2024-11-16T11:42:01Z</time>
        <cmt>speed: 0.0</cmt>
      </trkpt>
      <trkpt lat="47.360356" lon="8.559275">
        <ele>411</ele>
        <time>2024-11-16T11:46:08Z</time>
        <cmt>speed: 0.8</cmt>
      </trkpt>
      <trkpt lat="47.35996" lon="8.558824">
        <ele>395</ele>
        <time>2024-11-16T11:56:09Z</time>
        <cmt>speed: 0.1</cmt>
      </trkpt>
      <trkpt lat="47.35996" lon="8.558824">
        <ele>395</ele>
        <time>2024-11-16T12:26:03Z</time>
      </trkpt>
      <trkpt lat="47.360026" lon="8.558994">
        <ele>434</ele>
        <time>2024-11-16T12:26:10Z</time>
        <cmt>speed: 0.0</cmt>
      </trkpt>
      <trkpt lat="47.359946" lon="8.55895">
        <ele>430</ele>
        <time>2024-11-16T12:36:04Z</time>
        <cmt>speed: 0.9</cmt>
      </trkpt>
      <trkpt lat="47.360082" lon="8.560514">
        <ele>427</ele>
        <time>2024-11-16T12:46:04Z</time>
        <cmt>speed: 1.8</cmt>
      </trkpt>
      <trkpt lat="47.359974" lon="8.56367">
        <ele>434</ele>
        <time>2024-11-16T12:52:56Z</time>
      </trkpt>
      <trkpt lat="47.359865" lon="8.563704">
        <ele>439</ele>
        <time>2024-11-16T12:56:04Z</time>
        <cmt>speed: 0.7</cmt>
      </trkpt>
      <trkpt lat="47.359959" lon="8.563643">
        <ele>434</ele>
        <time>2024-11-16T13:04:42Z</time>
      </trkpt>
      <trkpt lat="47.359959" lon="8.563643">
        <ele>434</ele>
        <time>2024-11-16T13:18:40Z</time>
      </trkpt>
      <trkpt lat="47.359959" lon="8.563643">
        <ele>434</ele>
        <time>2024-11-16T13:24:27Z</time>
      </trkpt>
      <trkpt lat="47.359959" lon="8.563643">
        <ele>434</ele>
        <time>2024-11-16T13:39:27Z</time>
      </trkpt>
      <trkpt lat="47.359959" lon="8.563643">
        <ele>434</ele>
        <time>2024-11-16T14:21:48Z</time>
      </trkpt>
      <trkpt lat="47.359974" lon="8.56367">
        <ele>434</ele>
        <time>2024-11-16T14:24:19Z</time>
      </trkpt>
      <trkpt lat="47.359959" lon="8.563643">
        <ele>434</ele>
        <time>2024-11-16T14:39:19Z</time>
      </trkpt>
      <trkpt lat="47.360033" lon="8.562844">
        <ele>443</ele>
        <time>2024-11-16T14:57:03Z</time>
        <cmt>speed: 0.4</cmt>
      </trkpt>
      <trkpt lat="47.359974" lon="8.56367">
        <ele>434</ele>
        <time>2024-11-16T15:01:49Z</time>
      </trkpt>
      <trkpt lat="47.360183" lon="8.564132">
        <ele>440</ele>
        <time>2024-11-16T15:07:05Z</time>
        <cmt>speed: 0.0</cmt>
      </trkpt>
      <trkpt lat="47.359959" lon="8.563643">
        <ele>434</ele>
        <time>2024-11-16T15:12:40Z</time>
      </trkpt>
      <trkpt lat="47.36038" lon="8.562373">
        <ele>435</ele>
        <time>2024-11-16T15:17:54Z</time>
        <cmt>speed: 2.6</cmt>
      </trkpt>
      <trkpt lat="47.360349" lon="8.559811">
        <ele>388</ele>
        <time>2024-11-16T15:27:56Z</time>
        <cmt>speed: 0.6</cmt>
      </trkpt>
      <trkpt lat="47.359885" lon="8.561075">
        <ele>467</ele>
        <time>2024-11-16T15:38:01Z</time>
        <cmt>speed: 0.3</cmt>
      </trkpt>
      <trkpt lat="47.358745" lon="8.560768">
        <ele>441</ele>
        <time>2024-11-16T15:47:55Z</time>
        <cmt>speed: 0.3</cmt>
      </trkpt>
      <trkpt lat="47.358107" lon="8.562493">
        <ele>473</ele>
        <time>2024-11-16T15:58:09Z</time>
        <cmt>speed: 0.8</cmt>
      </trkpt>
      <trkpt lat="47.357219" lon="8.563217">
        <ele>474</ele>
        <time>2024-11-16T16:07:55Z</time>
        <cmt>speed: 0.2</cmt>
      </trkpt>
      <trkpt lat="47.357233" lon="8.563247">
        <ele>456</ele>
        <time>2024-11-16T16:27:54Z</time>
        <cmt>speed: 0.4</cmt>
      </trkpt>
      <trkpt lat="47.357127" lon="8.5634">
        <ele>452</ele>
        <time>2024-11-16T16:37:55Z</time>
        <cmt>speed: 0.3</cmt>
      </trkpt>
      <trkpt lat="47.357305" lon="8.562855">
        <ele>425</ele>
        <time>2024-11-16T16:47:55Z</time>
        <cmt>speed: 0.0</cmt>
      </trkpt>
      <trkpt lat="47.357232" lon="8.563">
        <ele>438</ele>
        <time>2024-11-16T16:57:55Z</time>
        <cmt>speed: 0.1</cmt>
      </trkpt>
      <trkpt lat="47.357479" lon="8.562885">
        <ele>430</ele>
        <time>2024-11-16T17:07:54Z</time>
        <cmt>speed: 0.4</cmt>
      </trkpt>
      <trkpt lat="47.357479" lon="8.562885">
        <ele>430</ele>
        <time>2024-11-16T17:17:48Z</time>
      </trkpt>
      <trkpt lat="47.357383" lon="8.562908">
        <ele>445</ele>
        <time>2024-11-16T17:17:56Z</time>
        <cmt>speed: 0.3</cmt>
      </trkpt>
      <trkpt lat="47.357342" lon="8.561822">
        <ele>454</ele>
        <time>2024-11-16T17:27:56Z</time>
        <cmt>speed: 0.4</cmt>
      </trkpt>
      <trkpt lat="47.357342" lon="8.561822">
        <ele>454</ele>
        <time>2024-11-16T17:37:46Z</time>
      </trkpt>
      <trkpt lat="47.35884" lon="8.560876">
        <ele>423</ele>
        <time>2024-11-16T17:37:54Z</time>
        <cmt>speed: 0.1</cmt>
      </trkpt>
      <trkpt lat="47.359185" lon="8.560775">
        <ele>438</ele>
        <time>2024-11-16T17:47:56Z</time>
        <cmt>speed: 1.0</cmt>
      </trkpt>
      <trkpt lat="47.35999" lon="8.561151">
        <ele>433</ele>
        <time>2024-11-16T17:57:55Z</time>
        <cmt>speed: 0.6</cmt>
      </trkpt>
      <trkpt lat="47.359974" lon="8.56367">
        <ele>434</ele>
        <time>2024-11-16T18:05:59Z</time>
      </trkpt>
      <trkpt lat="47.359974" lon="8.56367">
        <ele>434</ele>
        <time>2024-11-16T18:20:59Z</time>
      </trkpt>
      <trkpt lat="47.359974" lon="8.56367">
        <ele>434</ele>
        <time>2024-11-16T22:56:54Z</time>
      </trkpt>
      <trkpt lat="47.359974" lon="8.56367">
        <ele>434</ele>
        <time>2024-11-16T23:07:12Z</time>
      </trkpt>
      <trkpt lat="47.359974" lon="8.56367">
        <ele>434</ele>
        <time>2024-11-16T23:17:12Z</time>
      </trkpt>
      <trkpt lat="47.359974" lon="8.56367">
        <ele>434</ele>
        <time>2024-11-16T23:27:12Z</time>
      </trkpt>
      <trkpt lat="47.359974" lon="8.56367">
        <ele>434</ele>
        <time>2024-11-16T23:37:12Z</time>
      </trkpt>
      <trkpt lat="47.359974" lon="8.56367">
        <ele>434</ele>
        <time>2024-11-16T23:47:12Z</time>
      </trkpt>
      <trkpt lat="47.359974" lon="8.56367">
        <ele>434</ele>
        <time>2024-11-16T23:57:12Z</time>
      </trkpt>
      <trkpt lat="47.359974" lon="8.56367">
        <ele>434</ele>
        <time>2024-11-17T00:07:12Z</time>
      </trkpt>
      <trkpt lat="47.359974" lon="8.56367">
        <ele>434</ele>
        <time>2024-11-17T00:17:12Z</time>
      </trkpt>
      <trkpt lat="47.359974" lon="8.56367">
        <ele>434</ele>
        <time>2024-11-17T00:27:12Z</time>
      </trkpt>
      <trkpt lat="47.359974" lon="8.56367">
        <ele>434</ele>
        <time>2024-11-17T00:28:33Z</time>
      </trkpt>
      <trkpt lat="47.359974" lon="8.56367">
        <ele>434</ele>
        <time>2024-11-17T00:38:33Z</time>
      </trkpt>
      <trkpt lat="47.359974" lon="8.56367">
        <ele>434</ele>
        <time>2024-11-17T00:48:33Z</time>
      </trkpt>
      <trkpt lat="47.359974" lon="8.56367">
        <ele>434</ele>
        <time>2024-11-17T00:58:33Z</time>
      </trkpt>
      <trkpt lat="47.359974" lon="8.56367">
        <ele>434</ele>
        <time>2024-11-17T01:08:33Z</time>
      </trkpt>
      <trkpt lat="47.359974" lon="8.56367">
        <ele>434</ele>
        <time>2024-11-17T01:18:33Z</time>
      </trkpt>
      <trkpt lat="47.359974" lon="8.56367">
        <ele>434</ele>
        <time>2024-11-17T01:28:33Z</time>
      </trkpt>
      <trkpt lat="47.359974" lon="8.56367">
        <ele>434</ele>
        <time>2024-11-17T01:38:33Z</time>
      </trkpt>
      <trkpt lat="47.359974" lon="8.56367">
        <ele>434</ele>
        <time>2024-11-17T01:48:33Z</time>
      </trkpt>
      <trkpt lat="47.359974" lon="8.56367">
        <ele>434</ele>
        <time>2024-11-17T01:58:33Z</time>
      </trkpt>
      <trkpt lat="47.359974" lon="8.56367">
        <ele>434</ele>
        <time>2024-11-17T02:08:33Z</time>
      </trkpt>
      <trkpt lat="47.359974" lon="8.56367">
        <ele>434</ele>
        <time>2024-11-17T02:18:33Z</time>
      </trkpt>
      <trkpt lat="47.359974" lon="8.56367">
        <ele>434</ele>
        <time>2024-11-17T02:28:33Z</time>
      </trkpt>
      <trkpt lat="47.359974" lon="8.56367">
        <ele>434</ele>
        <time>2024-11-17T02:38:33Z</time>
      </trkpt>
      <trkpt lat="47.359974" lon="8.56367">
        <ele>434</ele>
        <time>2024-11-17T02:48:33Z</time>
      </trkpt>
      <trkpt lat="47.359974" lon="8.56367">
        <ele>434</ele>
        <time>2024-11-17T02:58:33Z</time>
      </trkpt>
      <trkpt lat="47.359974" lon="8.56367">
        <ele>434</ele>
        <time>2024-11-17T03:08:33Z</time>
      </trkpt>
      <trkpt lat="47.359974" lon="8.56367">
        <ele>434</ele>
        <time>2024-11-17T03:18:33Z</time>
      </trkpt>
      <trkpt lat="47.359974" lon="8.56367">
        <ele>434</ele>
        <time>2024-11-17T03:28:33Z</time>
      </trkpt>
      <trkpt lat="47.359974" lon="8.56367">
        <ele>434</ele>
        <time>2024-11-17T03:38:33Z</time>
      </trkpt>
      <trkpt lat="47.359974" lon="8.56367">
        <ele>434</ele>
        <time>2024-11-17T03:48:33Z</time>
      </trkpt>
      <trkpt lat="47.359974" lon="8.56367">
        <ele>434</ele>
        <time>2024-11-17T03:58:33Z</time>
      </trkpt>
      <trkpt lat="47.359974" lon="8.56367">
        <ele>434</ele>
        <time>2024-11-17T04:08:33Z</time>
      </trkpt>
      <trkpt lat="47.359974" lon="8.56367">
        <ele>434</ele>
        <time>2024-11-17T04:18:33Z</time>
      </trkpt>
      <trkpt lat="47.359974" lon="8.56367">
        <ele>434</ele>
        <time>2024-11-17T04:28:33Z</time>
      </trkpt>
      <trkpt lat="47.359974" lon="8.56367">
        <ele>434</ele>
        <time>2024-11-17T04:38:33Z</time>
      </trkpt>
      <trkpt lat="47.359974" lon="8.56367">
        <ele>434</ele>
        <time>2024-11-17T04:48:33Z</time>
      </trkpt>
      <trkpt lat="47.359974" lon="8.56367">
        <ele>434</ele>
        <time>2024-11-17T04:58:33Z</time>
      </trkpt>
      <trkpt lat="47.359974" lon="8.56367">
        <ele>434</ele>
        <time>2024-11-17T05:08:33Z</time>
      </trkpt>
      <trkpt lat="47.359974" lon="8.56367">
        <ele>434</ele>
        <time>2024-11-17T05:18:33Z</time>
      </trkpt>
      <trkpt lat="47.359974" lon="8.56367">
        <ele>434</ele>
        <time>2024-11-17T05:28:33Z</time>
      </trkpt>
      <trkpt lat="47.359974" lon="8.56367">
        <ele>434</ele>
        <time>2024-11-17T05:38:33Z</time>
      </trkpt>
      <trkpt lat="47.359974" lon="8.56367">
        <ele>434</ele>
        <time>2024-11-17T05:48:33Z</time>
      </trkpt>
      <trkpt lat="47.359974" lon="8.56367">
        <ele>434</ele>
        <time>2024-11-17T05:58:33Z</time>
      </trkpt>
      <trkpt lat="47.359974" lon="8.56367">
        <ele>434</ele>
        <time>2024-11-17T06:08:33Z</time>
      </trkpt>
      <trkpt lat="47.359974" lon="8.56367">
        <ele>434</ele>
        <time>2024-11-17T06:18:33Z</time>
      </trkpt>
      <trkpt lat="47.359974" lon="8.56367">
        <ele>434</ele>
        <time>2024-11-17T06:28:33Z</time>
      </trkpt>
      <trkpt lat="47.359974" lon="8.56367">
        <ele>434</ele>
        <time>2024-11-17T06:38:33Z</time>
      </trkpt>
      <trkpt lat="47.359974" lon="8.56367">
        <ele>434</ele>
        <time>2024-11-17T06:48:33Z</time>
      </trkpt>
      <trkpt lat="47.359974" lon="8.56367">
        <ele>434</ele>
        <time>2024-11-17T06:58:33Z</time>
      </trkpt>
      <trkpt lat="47.359974" lon="8.56367">
        <ele>434</ele>
        <time>2024-11-17T07:08:33Z</time>
      </trkpt>
      <trkpt lat="47.359974" lon="8.56367">
        <ele>434</ele>
        <time>2024-11-17T07:18:33Z</time>
      </trkpt>
      <trkpt lat="47.359974" lon="8.56367">
        <ele>434</ele>
        <time>2024-11-17T07:28:33Z</time>
      </trkpt>
      <trkpt lat="47.359974" lon="8.56367">
        <ele>434</ele>
        <time>2024-11-17T07:38:33Z</time>
      </trkpt>
      <trkpt lat="47.359974" lon="8.56367">
        <ele>434</ele>
        <time>2024-11-17T07:48:33Z</time>
      </trkpt>
      <trkpt lat="47.359974" lon="8.56367">
        <ele>434</ele>
        <time>2024-11-17T07:58:33Z</time>
      </trkpt>
      <trkpt lat="47.359974" lon="8.56367">
        <ele>434</ele>
        <time>2024-11-17T08:08:33Z</time>
      </trkpt>
      <trkpt lat="47.359974" lon="8.56367">
        <ele>434</ele>
        <time>2024-11-17T08:18:33Z</time>
      </trkpt>
      <trkpt lat="47.359974" lon="8.56367">
        <ele>434</ele>
        <time>2024-11-17T08:28:33Z</time>
      </trkpt>
      <trkpt lat="47.359974" lon="8.56367">
        <ele>434</ele>
        <time>2024-11-17T08:38:33Z</time>
      </trkpt>
      <trkpt lat="47.359974" lon="8.56367">
        <ele>434</ele>
        <time>2024-11-17T08:48:33Z</time>
      </trkpt>
      <trkpt lat="47.359974" lon="8.56367">
        <ele>434</ele>
        <time>2024-11-17T08:58:33Z</time>
      </trkpt>
      <trkpt lat="47.359974" lon="8.56367">
        <ele>434</ele>
        <time>2024-11-17T09:08:33Z</time>
      </trkpt>
      <trkpt lat="47.359974" lon="8.56367">
        <ele>434</ele>
        <time>2024-11-17T09:18:33Z</time>
      </trkpt>
      <trkpt lat="47.359974" lon="8.56367">
        <ele>434</ele>
        <time>2024-11-17T09:28:33Z</time>
      </trkpt>
      <trkpt lat="47.359974" lon="8.56367">
        <ele>434</ele>
        <time>2024-11-17T09:29:16Z</time>
      </trkpt>
      <trkpt lat="47.359974" lon="8.56367">
        <ele>434</ele>
        <time>2024-11-17T09:44:16Z</time>
      </trkpt>
      <trkpt lat="47.359974" lon="8.56367">
        <ele>434</ele>
        <time>2024-11-17T21:44:14Z</time>
      </trkpt>
      <trkpt lat="47.359974" lon="8.56367">
        <ele>434</ele>
        <time>2024-11-18T09:44:46Z</time>
      </trkpt>
      <trkpt lat="47.360186" lon="8.562832">
        <ele>412</ele>
        <time>2024-11-18T17:10:35Z</time>
        <cmt>speed: 0.0</cmt>
      </trkpt>
      <trkpt lat="47.359009" lon="8.561668">
        <ele>432</ele>
        <time>2024-11-18T17:20:23Z</time>
        <cmt>speed: 0.8</cmt>
      </trkpt>
      <trkpt lat="47.358598" lon="8.562323">
        <ele>437</ele>
        <time>2024-11-18T17:30:22Z</time>
        <cmt>speed: 0.4</cmt>
      </trkpt>
      <trkpt lat="47.358598" lon="8.562323">
        <ele>437</ele>
        <time>2024-11-18T17:30:33Z</time>
      </trkpt>
      <trkpt lat="47.358363" lon="8.562812">
        <ele>426</ele>
        <time>2024-11-18T17:40:22Z</time>
        <cmt>speed: 0.1</cmt>
      </trkpt>
      <trkpt lat="47.359023" lon="8.562332">
        <ele>463</ele>
        <time>2024-11-18T17:50:22Z</time>
        <cmt>speed: 0.0</cmt>
      </trkpt>
      <trkpt lat="47.359023" lon="8.562332">
        <ele>463</ele>
        <time>2024-11-18T17:50:33Z</time>
      </trkpt>
      <trkpt lat="47.358806" lon="8.56256">
        <ele>459</ele>
        <time>2024-11-18T18:00:24Z</time>
        <cmt>speed: 0.0</cmt>
      </trkpt>
      <trkpt lat="47.358185" lon="8.563096">
        <ele>451</ele>
        <time>2024-11-18T18:10:23Z</time>
        <cmt>speed: 0.0</cmt>
      </trkpt>
      <trkpt lat="47.358276" lon="8.56454">
        <ele>487</ele>
        <time>2024-11-18T18:20:23Z</time>
        <cmt>speed: 0.2</cmt>
      </trkpt>
      <trkpt lat="47.357473" lon="8.56383">
        <ele>457</ele>
        <time>2024-11-18T18:30:25Z</time>
        <cmt>speed: 0.0</cmt>
      </trkpt>
      <trkpt lat="47.357401" lon="8.56347">
        <ele>454</ele>
        <time>2024-11-18T18:40:25Z</time>
        <cmt>speed: 0.2</cmt>
      </trkpt>
      <trkpt lat="47.356948" lon="8.563132">
        <ele>448</ele>
        <time>2024-11-18T19:00:25Z</time>
        <cmt>speed: 0.2</cmt>
      </trkpt>
      <trkpt lat="47.35769" lon="8.562099">
        <ele>503</ele>
        <time>2024-11-18T19:10:26Z</time>
        <cmt>speed: 1.1</cmt>
      </trkpt>
      <trkpt lat="47.35981" lon="8.561341">
        <ele>472</ele>
        <time>2024-11-18T19:20:32Z</time>
        <cmt>speed: 0.1</cmt>
      </trkpt>
      <trkpt lat="47.360111" lon="8.561045">
        <ele>447</ele>
        <time>2024-11-18T19:30:26Z</time>
        <cmt>speed: 0.5</cmt>
      </trkpt>
      <trkpt lat="47.360422" lon="8.560949">
        <ele>494</ele>
        <time>2024-11-18T19:40:23Z</time>
        <cmt>speed: 0.5</cmt>
      </trkpt>
      <trkpt lat="47.360563" lon="8.560414">
        <ele>451</ele>
        <time>2024-11-18T20:00:29Z</time>
        <cmt>speed: 0.1</cmt>
      </trkpt>
      <trkpt lat="47.360563" lon="8.560414">
        <ele>451</ele>
        <time>2024-11-18T20:10:24Z</time>
      </trkpt>
      <trkpt lat="47.360782" lon="8.560912">
        <ele>447</ele>
        <time>2024-11-18T20:10:25Z</time>
        <cmt>speed: 0.1</cmt>
      </trkpt>
      <trkpt lat="47.361261" lon="8.560384">
        <ele>447</ele>
        <time>2024-11-18T20:20:30Z</time>
        <cmt>speed: 2.3</cmt>
      </trkpt>
      <trkpt lat="47.360494" lon="8.561601">
        <ele>438</ele>
        <time>2024-11-18T20:30:24Z</time>
        <cmt>speed: 0.5</cmt>
      </trkpt>
      <trkpt lat="47.359988" lon="8.561342">
        <ele>434</ele>
        <time>2024-11-18T20:40:25Z</time>
        <cmt>speed: 1.1</cmt>
      </trkpt>
      <trkpt lat="47.360561" lon="8.558514">
        <ele>486</ele>
        <time>2024-11-18T20:50:26Z</time>
        <cmt>speed: 0.3</cmt>
      </trkpt>
      <trkpt lat="47.359646" lon="8.559098">
        <ele>434</ele>
        <time>2024-11-18T21:00:32Z</time>
        <cmt>speed: 0.8</cmt>
      </trkpt>
      <trkpt lat="47.359827" lon="8.557129">
        <ele>470</ele>
        <time>2024-11-18T21:10:23Z</time>
        <cmt>speed: 0.3</cmt>
      </trkpt>
      <trkpt lat="47.360214" lon="8.557619">
        <ele>455</ele>
        <time>2024-11-18T21:20:30Z</time>
        <cmt>speed: 2.1</cmt>
      </trkpt>
      <trkpt lat="47.359807" lon="8.557592">
        <ele>430</ele>
        <time>2024-11-18T21:30:23Z</time>
        <cmt>speed: 1.2</cmt>
      </trkpt>
      <trkpt lat="47.359761" lon="8.558636">
        <ele>455</ele>
        <time>2024-11-18T21:40:27Z</time>
        <cmt>speed: 0.9</cmt>
      </trkpt>
      <trkpt lat="47.359681" lon="8.561003">
        <ele>443</ele>
        <time>2024-11-18T22:00:24Z</time>
        <cmt>speed: 0.0</cmt>
      </trkpt>
      <trkpt lat="47.359999" lon="8.561156">
        <ele>453</ele>
        <time>2024-11-18T22:10:26Z</time>
        <cmt>speed: 1.3</cmt>
      </trkpt>
      <trkpt lat="47.360386" lon="8.560563">
        <ele>462</ele>
        <time>2024-11-18T22:20:26Z</time>
        <cmt>speed: 0.6</cmt>
      </trkpt>
      <trkpt lat="47.359603" lon="8.559267">
        <ele>427</ele>
        <time>2024-11-18T22:30:23Z</time>
        <cmt>speed: 0.9</cmt>
      </trkpt>
      <trkpt lat="47.359244" lon="8.557468">
        <ele>436</ele>
        <time>2024-11-18T22:40:25Z</time>
        <cmt>speed: 1.1</cmt>
      </trkpt>
      <trkpt lat="47.358135" lon="8.556466">
        <ele>432</ele>
        <time>2024-11-18T22:50:29Z</time>
        <cmt>speed: 0.3</cmt>
      </trkpt>
      <trkpt lat="47.357615" lon="8.555931">
        <ele>405</ele>
        <time>2024-11-18T23:00:25Z</time>
        <cmt>speed: 0.5</cmt>
      </trkpt>
      <trkpt lat="47.357882" lon="8.556448">
        <ele>463</ele>
        <time>2024-11-18T23:10:23Z</time>
        <cmt>speed: 0.3</cmt>
      </trkpt>
      <trkpt lat="47.36022" lon="8.558262">
        <ele>437</ele>
        <time>2024-11-18T23:20:25Z</time>
        <cmt>speed: 1.7</cmt>
      </trkpt>
      <trkpt lat="47.36022" lon="8.558262">
        <ele>437</ele>
        <time>2024-11-18T23:30:21Z</time>
      </trkpt>
      <trkpt lat="47.360479" lon="8.559231">
        <ele>466</ele>
        <time>2024-11-18T23:30:24Z</time>
        <cmt>speed: 0.0</cmt>
      </trkpt>
      <trkpt lat="47.360449" lon="8.559567">
        <ele>430</ele>
        <time>2024-11-18T23:51:07Z</time>
        <cmt>speed: 0.4</cmt>
      </trkpt>
      <trkpt lat="47.360692" lon="8.558987">
        <ele>435</ele>
        <time>2024-11-19T00:01:06Z</time>
        <cmt>speed: 1.0</cmt>
      </trkpt>
      <trkpt lat="47.36061" lon="8.559834">
        <ele>469</ele>
        <time>2024-11-19T00:11:08Z</time>
        <cmt>speed: 0.2</cmt>
      </trkpt>
      <trkpt lat="47.35951" lon="8.562233">
        <ele>437</ele>
        <time>2024-11-19T00:21:06Z</time>
        <cmt>speed: 0.1</cmt>
      </trkpt>
      <trkpt lat="47.358392" lon="8.562711">
        <ele>450</ele>
        <time>2024-11-19T00:31:07Z</time>
        <cmt>speed: 0.3</cmt>
      </trkpt>
      <trkpt lat="47.358201" lon="8.562722">
        <ele>429</ele>
        <time>2024-11-19T00:41:07Z</time>
        <cmt>speed: 1.5</cmt>
      </trkpt>
      <trkpt lat="47.358201" lon="8.562722">
        <ele>429</ele>
        <time>2024-11-19T00:51:03Z</time>
      </trkpt>
      <trkpt lat="47.35854" lon="8.56288">
        <ele>480</ele>
        <time>2024-11-19T00:51:06Z</time>
        <cmt>speed: 0.2</cmt>
      </trkpt>
      <trkpt lat="47.358175" lon="8.562557">
        <ele>493</ele>
        <time>2024-11-19T01:01:07Z</time>
        <cmt>speed: 0.3</cmt>
      </trkpt>
      <trkpt lat="47.358264" lon="8.562864">
        <ele>440</ele>
        <time>2024-11-19T01:11:07Z</time>
        <cmt>speed: 0.7</cmt>
      </trkpt>
      <trkpt lat="47.358059" lon="8.56291">
        <ele>455</ele>
        <time>2024-11-19T01:21:08Z</time>
        <cmt>speed: 0.0</cmt>
      </trkpt>
      <trkpt lat="47.358092" lon="8.563085">
        <ele>405</ele>
        <time>2024-11-19T01:31:06Z</time>
        <cmt>speed: 0.1</cmt>
      </trkpt>
      <trkpt lat="47.35811" lon="8.562978">
        <ele>442</ele>
        <time>2024-11-19T01:41:09Z</time>
        <cmt>speed: 0.3</cmt>
      </trkpt>
      <trkpt lat="47.35757" lon="8.561315">
        <ele>434</ele>
        <time>2024-11-19T01:51:09Z</time>
        <cmt>speed: 0.2</cmt>
      </trkpt>
      <trkpt lat="47.358258" lon="8.560384">
        <ele>454</ele>
        <time>2024-11-19T02:01:07Z</time>
        <cmt>speed: 0.4</cmt>
      </trkpt>
      <trkpt lat="47.359579" lon="8.558933">
        <ele>387</ele>
        <time>2024-11-19T02:11:09Z</time>
        <cmt>speed: 0.2</cmt>
      </trkpt>
      <trkpt lat="47.359765" lon="8.557732">
        <ele>417</ele>
        <time>2024-11-19T02:21:09Z</time>
        <cmt>speed: 0.0</cmt>
      </trkpt>
      <trkpt lat="47.359765" lon="8.557732">
        <ele>417</ele>
        <time>2024-11-19T02:31:06Z</time>
      </trkpt>
      <trkpt lat="47.359684" lon="8.55742">
        <ele>448</ele>
        <time>2024-11-19T02:31:09Z</time>
        <cmt>speed: 1.0</cmt>
      </trkpt>
      <trkpt lat="47.359712" lon="8.55769">
        <ele>423</ele>
        <time>2024-11-19T02:41:09Z</time>
        <cmt>speed: 0.0</cmt>
      </trkpt>
      <trkpt lat="47.359642" lon="8.557523">
        <ele>449</ele>
        <time>2024-11-19T02:51:07Z</time>
        <cmt>speed: 1.0</cmt>
      </trkpt>
      <trkpt lat="47.359642" lon="8.557523">
        <ele>449</ele>
        <time>2024-11-19T03:11:04Z</time>
      </trkpt>
      <trkpt lat="47.360367" lon="8.560876">
        <ele>381</ele>
        <time>2024-11-19T03:11:07Z</time>
        <cmt>speed: 0.2</cmt>
      </trkpt>
      <trkpt lat="47.359974" lon="8.56367">
        <ele>434</ele>
        <time>2024-11-19T03:21:44Z</time>
      </trkpt>
      <trkpt lat="47.359974" lon="8.56367">
        <ele>434</ele>
        <time>2024-11-19T03:36:44Z</time>
      </trkpt>
      <trkpt lat="47.359974" lon="8.56367">
        <ele>434</ele>
        <time>2024-11-19T15:36:42Z</time>
      </trkpt>
      <trkpt lat="47.360123" lon="8.562432">
        <ele>436</ele>
        <time>2024-11-19T16:26:14Z</time>
        <cmt>speed: 0.6</cmt>
      </trkpt>
      <trkpt lat="47.358589" lon="8.561287">
        <ele>479</ele>
        <time>2024-11-19T16:36:04Z</time>
        <cmt>speed: 0.0</cmt>
      </trkpt>
      <trkpt lat="47.358247" lon="8.560971">
        <ele>443</ele>
        <time>2024-11-19T16:46:09Z</time>
        <cmt>speed: 0.7</cmt>
      </trkpt>
      <trkpt lat="47.358098" lon="8.562571">
        <ele>451</ele>
        <time>2024-11-19T17:06:06Z</time>
        <cmt>speed: 0.0</cmt>
      </trkpt>
      <trkpt lat="47.358083" lon="8.563355">
        <ele>427</ele>
        <time>2024-11-19T17:16:03Z</time>
        <cmt>speed: 0.6</cmt>
      </trkpt>
      <trkpt lat="47.357674" lon="8.563706">
        <ele>459</ele>
        <time>2024-11-19T17:26:04Z</time>
        <cmt>speed: 0.1</cmt>
      </trkpt>
      <trkpt lat="47.357704" lon="8.56373">
        <ele>457</ele>
        <time>2024-11-19T17:36:04Z</time>
        <cmt>speed: 0.0</cmt>
      </trkpt>
      <trkpt lat="47.357704" lon="8.56373">
        <ele>457</ele>
        <time>2024-11-19T17:45:59Z</time>
      </trkpt>
      <trkpt lat="47.35782" lon="8.563666">
        <ele>463</ele>
        <time>2024-11-19T17:46:04Z</time>
        <cmt>speed: 0.8</cmt>
      </trkpt>
      <trkpt lat="47.357572" lon="8.5638">
        <ele>476</ele>
        <time>2024-11-19T17:56:04Z</time>
        <cmt>speed: 0.7</cmt>
      </trkpt>
      <trkpt lat="47.35711" lon="8.563638">
        <ele>462</ele>
        <time>2024-11-19T18:06:05Z</time>
        <cmt>speed: 0.2</cmt>
      </trkpt>
      <trkpt lat="47.356991" lon="8.563271">
        <ele>411</ele>
        <time>2024-11-19T18:16:03Z</time>
        <cmt>speed: 0.7</cmt>
      </trkpt>
      <trkpt lat="47.356991" lon="8.563271">
        <ele>411</ele>
        <time>2024-11-19T18:25:59Z</time>
      </trkpt>
      <trkpt lat="47.35679" lon="8.562962">
        <ele>454</ele>
        <time>2024-11-19T18:26:05Z</time>
        <cmt>speed: 0.0</cmt>
      </trkpt>
      <trkpt lat="47.356895" lon="8.56421">
        <ele>455</ele>
        <time>2024-11-19T18:36:04Z</time>
        <cmt>speed: 0.7</cmt>
      </trkpt>
      <trkpt lat="47.358278" lon="8.564101">
        <ele>471</ele>
        <time>2024-11-19T18:46:04Z</time>
        <cmt>speed: 0.4</cmt>
      </trkpt>
      <trkpt lat="47.358688" lon="8.56266">
        <ele>443</ele>
        <time>2024-11-19T18:56:04Z</time>
        <cmt>speed: 0.0</cmt>
      </trkpt>
      <trkpt lat="47.358688" lon="8.56266">
        <ele>443</ele>
        <time>2024-11-19T19:05:58Z</time>
      </trkpt>
      <trkpt lat="47.358663" lon="8.562594">
        <ele>440</ele>
        <time>2024-11-19T19:06:04Z</time>
        <cmt>speed: 0.9</cmt>
      </trkpt>
      <trkpt lat="47.359717" lon="8.562392">
        <ele>450</ele>
        <time>2024-11-19T19:16:05Z</time>
        <cmt>speed: 0.9</cmt>
      </trkpt>
      <trkpt lat="47.359887" lon="8.560994">
        <ele>460</ele>
        <time>2024-11-19T19:26:09Z</time>
        <cmt>speed: 0.1</cmt>
      </trkpt>
      <trkpt lat="47.360406" lon="8.561019">
        <ele>432</ele>
        <time>2024-11-19T19:36:05Z</time>
        <cmt>speed: 0.4</cmt>
      </trkpt>
      <trkpt lat="47.35999" lon="8.562676">
        <ele>458</ele>
        <time>2024-11-19T19:46:06Z</time>
        <cmt>speed: 1.1</cmt>
      </trkpt>
      <trkpt lat="47.359959" lon="8.563643">
        <ele>434</ele>
        <time>2024-11-19T19:48:58Z</time>
      </trkpt>
      <trkpt lat="47.359959" lon="8.563643">
        <ele>434</ele>
        <time>2024-11-19T20:03:58Z</time>
      </trkpt>
      <trkpt lat="47.360518" lon="8.561857">
        <ele>454</ele>
        <time>2024-11-19T21:08:24Z</time>
        <cmt>speed: 2.9</cmt>
      </trkpt>
      <trkpt lat="47.360032" lon="8.56111">
        <ele>466</ele>
        <time>2024-11-19T21:18:18Z</time>
        <cmt>speed: 3.1</cmt>
      </trkpt>
      <trkpt lat="47.359952" lon="8.559804">
        <ele>420</ele>
        <time>2024-11-19T21:28:19Z</time>
        <cmt>speed: 0.9</cmt>
      </trkpt>
      <trkpt lat="47.360039" lon="8.558551">
        <ele>431</ele>
        <time>2024-11-19T21:38:20Z</time>
        <cmt>speed: 0.8</cmt>
      </trkpt>
      <trkpt lat="47.359825" lon="8.557235">
        <ele>422</ele>
        <time>2024-11-19T21:48:22Z</time>
        <cmt>speed: 0.9</cmt>
      </trkpt>
      <trkpt lat="47.360072" lon="8.556372">
        <ele>433</ele>
        <time>2024-11-19T21:58:17Z</time>
        <cmt>speed: 0.0</cmt>
      </trkpt>
      <trkpt lat="47.360635" lon="8.557864">
        <ele>439</ele>
        <time>2024-11-19T22:08:20Z</time>
        <cmt>speed: 0.9</cmt>
      </trkpt>
      <trkpt lat="47.36036" lon="8.558069">
        <ele>444</ele>
        <time>2024-11-19T22:18:18Z</time>
        <cmt>speed: 1.1</cmt>
      </trkpt>
      <trkpt lat="47.360325" lon="8.560865">
        <ele>410</ele>
        <time>2024-11-19T22:28:22Z</time>
        <cmt>speed: 0.8</cmt>
      </trkpt>
      <trkpt lat="47.359702" lon="8.561032">
        <ele>422</ele>
        <time>2024-11-19T22:38:16Z</time>
        <cmt>speed: 2.2</cmt>
      </trkpt>
      <trkpt lat="47.359702" lon="8.561032">
        <ele>422</ele>
        <time>2024-11-19T22:48:19Z</time>
      </trkpt>
      <trkpt lat="47.360154" lon="8.561042">
        <ele>463</ele>
        <time>2024-11-19T22:48:26Z</time>
        <cmt>speed: 3.2</cmt>
      </trkpt>
      <trkpt lat="47.360241" lon="8.560856">
        <ele>442</ele>
        <time>2024-11-19T22:58:18Z</time>
        <cmt>speed: 0.1</cmt>
      </trkpt>
      <trkpt lat="47.360279" lon="8.560779">
        <ele>431</ele>
        <time>2024-11-19T23:38:31Z</time>
        <cmt>speed: 0.4</cmt>
      </trkpt>
      <trkpt lat="47.359962" lon="8.561278">
        <ele>438</ele>
        <time>2024-11-20T00:41:39Z</time>
        <cmt>speed: 0.2</cmt>
      </trkpt>
      <trkpt lat="47.360112" lon="8.561401">
        <ele>420</ele>
        <time>2024-11-20T00:51:36Z</time>
        <cmt>speed: 0.0</cmt>
      </trkpt>
      <trkpt lat="47.360079" lon="8.561488">
        <ele>397</ele>
        <time>2024-11-20T01:01:51Z</time>
        <cmt>speed: 0.0</cmt>
      </trkpt>
      <trkpt lat="47.360079" lon="8.561488">
        <ele>397</ele>
        <time>2024-11-20T01:11:28Z</time>
      </trkpt>
      <trkpt lat="47.360173" lon="8.561319">
        <ele>392</ele>
        <time>2024-11-20T01:11:35Z</time>
        <cmt>speed: 0.1</cmt>
      </trkpt>
      <trkpt lat="47.360084" lon="8.561449">
        <ele>464</ele>
        <time>2024-11-20T01:21:39Z</time>
        <cmt>speed: 0.0</cmt>
      </trkpt>
      <trkpt lat="47.360031" lon="8.561485">
        <ele>430</ele>
        <time>2024-11-20T01:31:28Z</time>
        <cmt>speed: 0.6</cmt>
      </trkpt>
      <trkpt lat="47.360254" lon="8.561575">
        <ele>444</ele>
        <time>2024-11-20T01:41:29Z</time>
        <cmt>speed: 1.3</cmt>
      </trkpt>
      <trkpt lat="47.359914" lon="8.563274">
        <ele>471</ele>
        <time>2024-11-20T01:51:28Z</time>
        <cmt>speed: 0.4</cmt>
      </trkpt>
      <trkpt lat="47.359974" lon="8.56367">
        <ele>434</ele>
        <time>2024-11-20T01:53:24Z</time>
      </trkpt>
      <trkpt lat="47.360221" lon="8.56125">
        <ele>442</ele>
        <time>2024-11-20T02:01:28Z</time>
        <cmt>speed: 0.2</cmt>
      </trkpt>
      <trkpt lat="47.359784" lon="8.559011">
        <ele>492</ele>
        <time>2024-11-20T02:11:29Z</time>
        <cmt>speed: 0.3</cmt>
      </trkpt>
      <trkpt lat="47.359995" lon="8.559987">
        <ele>497</ele>
        <time>2024-11-20T02:21:58Z</time>
        <cmt>speed: 0.7</cmt>
      </trkpt>
      <trkpt lat="47.35975" lon="8.558869">
        <ele>437</ele>
        <time>2024-11-20T02:31:59Z</time>
        <cmt>speed: 0.7</cmt>
      </trkpt>
      <trkpt lat="47.359891" lon="8.558803">
        <ele>457</ele>
        <time>2024-11-20T04:53:28Z</time>
        <cmt>speed: 0.2</cmt>
      </trkpt>
      <trkpt lat="47.359966" lon="8.558147">
        <ele>418</ele>
        <time>2024-11-20T05:13:22Z</time>
        <cmt>speed: 0.4</cmt>
      </trkpt>
      <trkpt lat="47.36131" lon="8.558652">
        <ele>402</ele>
        <time>2024-11-20T05:23:24Z</time>
        <cmt>speed: 4.7</cmt>
      </trkpt>
      <trkpt lat="47.361351" lon="8.559766">
        <ele>429</ele>
        <time>2024-11-20T05:33:46Z</time>
        <cmt>speed: 3.0</cmt>
      </trkpt>
      <trkpt lat="47.360642" lon="8.560406">
        <ele>455</ele>
        <time>2024-11-20T05:43:39Z</time>
        <cmt>speed: 0.0</cmt>
      </trkpt>
      <trkpt lat="47.359977" lon="8.561637">
        <ele>430</ele>
        <time>2024-11-20T05:53:20Z</time>
        <cmt>speed: 0.1</cmt>
      </trkpt>
      <trkpt lat="47.359977" lon="8.561637">
        <ele>430</ele>
        <time>2024-11-20T06:03:16Z</time>
      </trkpt>
      <trkpt lat="47.358616" lon="8.56122">
        <ele>415</ele>
        <time>2024-11-20T06:03:23Z</time>
        <cmt>speed: 0.3</cmt>
      </trkpt>
      <trkpt lat="47.358662" lon="8.560273">
        <ele>407</ele>
        <time>2024-11-20T06:13:19Z</time>
        <cmt>speed: 0.3</cmt>
      </trkpt>
      <trkpt lat="47.358662" lon="8.560273">
        <ele>407</ele>
        <time>2024-11-20T06:23:18Z</time>
      </trkpt>
      <trkpt lat="47.359166" lon="8.561049">
        <ele>441</ele>
        <time>2024-11-20T06:23:26Z</time>
        <cmt>speed: 0.8</cmt>
      </trkpt>
      <trkpt lat="47.359974" lon="8.56367">
        <ele>434</ele>
        <time>2024-11-20T06:33:14Z</time>
      </trkpt>
      <trkpt lat="47.359758" lon="8.563505">
        <ele>451</ele>
        <time>2024-11-20T06:35:22Z</time>
        <cmt>speed: 0.0</cmt>
      </trkpt>
      <trkpt lat="47.359974" lon="8.56367">
        <ele>434</ele>
        <time>2024-11-20T06:37:35Z</time>
      </trkpt>
      <trkpt lat="47.359974" lon="8.56367">
        <ele>434</ele>
        <time>2024-11-20T06:52:35Z</time>
      </trkpt>
      <trkpt lat="47.360379" lon="8.561818">
        <ele>447</ele>
        <time>2024-11-20T16:32:20Z</time>
        <cmt>speed: 1.2</cmt>
      </trkpt>
      <trkpt lat="47.359799" lon="8.562018">
        <ele>407</ele>
        <time>2024-11-20T16:42:04Z</time>
        <cmt>speed: 0.8</cmt>
      </trkpt>
      <trkpt lat="47.358527" lon="8.562145">
        <ele>422</ele>
        <time>2024-11-20T16:49:48Z</time>
        <cmt>speed: 0.3</cmt>
      </trkpt>
      <trkpt lat="47.358474" lon="8.562235">
        <ele>438</ele>
        <time>2024-11-20T16:49:53Z</time>
        <cmt>speed: 0.6</cmt>
      </trkpt>
      <trkpt lat="47.358348" lon="8.561776">
        <ele>419</ele>
        <time>2024-11-20T16:52:02Z</time>
        <cmt>speed: 0.0</cmt>
      </trkpt>
      <trkpt lat="47.35791" lon="8.562704">
        <ele>450</ele>
        <time>2024-11-20T17:02:04Z</time>
        <cmt>speed: 0.2</cmt>
      </trkpt>
      <trkpt lat="47.35791" lon="8.562704">
        <ele>450</ele>
        <time>2024-11-20T17:11:55Z</time>
      </trkpt>
      <trkpt lat="47.357835" lon="8.563048">
        <ele>417</ele>
        <time>2024-11-20T17:12:04Z</time>
        <cmt>speed: 0.0</cmt>
      </trkpt>
      <trkpt lat="47.357622" lon="8.563152">
        <ele>450</ele>
        <time>2024-11-20T17:22:05Z</time>
        <cmt>speed: 0.5</cmt>
      </trkpt>
      <trkpt lat="47.357525" lon="8.561508">
        <ele>433</ele>
        <time>2024-11-20T17:32:05Z</time>
        <cmt>speed: 3.4</cmt>
      </trkpt>
      <trkpt lat="47.358813" lon="8.558439">
        <ele>459</ele>
        <time>2024-11-20T17:42:11Z</time>
        <cmt>speed: 0.9</cmt>
      </trkpt>
      <trkpt lat="47.359275" lon="8.561052">
        <ele>445</ele>
        <time>2024-11-20T17:52:07Z</time>
        <cmt>speed: 1.4</cmt>
      </trkpt>
      <trkpt lat="47.358855" lon="8.562393">
        <ele>406</ele>
        <time>2024-11-20T18:02:03Z</time>
        <cmt>speed: 0.4</cmt>
      </trkpt>
      <trkpt lat="47.35863" lon="8.562555">
        <ele>449</ele>
        <time>2024-11-20T18:12:05Z</time>
        <cmt>speed: 0.0</cmt>
      </trkpt>
      <trkpt lat="47.35871" lon="8.562431">
        <ele>432</ele>
        <time>2024-11-20T18:22:04Z</time>
        <cmt>speed: 0.4</cmt>
      </trkpt>
      <trkpt lat="47.358851" lon="8.562134">
        <ele>436</ele>
        <time>2024-11-20T18:32:03Z</time>
        <cmt>speed: 0.7</cmt>
      </trkpt>
      <trkpt lat="47.359529" lon="8.561493">
        <ele>439</ele>
        <time>2024-11-20T18:42:07Z</time>
        <cmt>speed: 0.4</cmt>
      </trkpt>
      <trkpt lat="47.360308" lon="8.560451">
        <ele>432</ele>
        <time>2024-11-20T18:52:06Z</time>
        <cmt>speed: 0.0</cmt>
      </trkpt>
      <trkpt lat="47.360048" lon="8.563302">
        <ele>443</ele>
        <time>2024-11-20T19:02:04Z</time>
        <cmt>speed: 2.1</cmt>
      </trkpt>
      <trkpt lat="47.359974" lon="8.56367">
        <ele>434</ele>
        <time>2024-11-20T19:03:14Z</time>
      </trkpt>
      <trkpt lat="47.360336" lon="8.562035">
        <ele>430</ele>
        <time>2024-11-20T19:12:04Z</time>
        <cmt>speed: 1.7</cmt>
      </trkpt>
      <trkpt lat="47.359391" lon="8.561088">
        <ele>415</ele>
        <time>2024-11-20T19:19:46Z</time>
        <cmt>speed: 0.0</cmt>
      </trkpt>
      <trkpt lat="47.359384" lon="8.560981">
        <ele>440</ele>
        <time>2024-11-20T19:19:50Z</time>
        <cmt>speed: 0.6</cmt>
      </trkpt>
      <trkpt lat="47.359384" lon="8.560981">
        <ele>440</ele>
        <time>2024-11-20T19:19:54Z</time>
        <cmt>speed: 0.0</cmt>
      </trkpt>
      <trkpt lat="47.359384" lon="8.560981">
        <ele>440</ele>
        <time>2024-11-20T19:19:58Z</time>
        <cmt>speed: 0.0</cmt>
      </trkpt>
      <trkpt lat="47.359585" lon="8.560875">
        <ele>413</ele>
        <time>2024-11-20T19:22:06Z</time>
        <cmt>speed: 0.4</cmt>
      </trkpt>
      <trkpt lat="47.359973" lon="8.559304">
        <ele>429</ele>
        <time>2024-11-20T19:32:05Z</time>
        <cmt>speed: 1.8</cmt>
      </trkpt>
      <trkpt lat="47.359673" lon="8.557893">
        <ele>427</ele>
        <time>2024-11-20T19:42:07Z</time>
        <cmt>speed: 0.1</cmt>
      </trkpt>
      <trkpt lat="47.360611" lon="8.557693">
        <ele>444</ele>
        <time>2024-11-20T19:52:08Z</time>
        <cmt>speed: 0.3</cmt>
      </trkpt>
      <trkpt lat="47.360611" lon="8.557693">
        <ele>444</ele>
        <time>2024-11-20T20:01:55Z</time>
      </trkpt>
      <trkpt lat="47.360787" lon="8.557564">
        <ele>437</ele>
        <time>2024-11-20T20:02:05Z</time>
        <cmt>speed: 0.1</cmt>
      </trkpt>
      <trkpt lat="47.360568" lon="8.557865">
        <ele>415</ele>
        <time>2024-11-20T20:12:08Z</time>
        <cmt>speed: 0.2</cmt>
      </trkpt>
      <trkpt lat="47.360568" lon="8.557865">
        <ele>415</ele>
        <time>2024-11-20T20:22:07Z</time>
      </trkpt>
      <trkpt lat="47.361266" lon="8.559456">
        <ele>425</ele>
        <time>2024-11-20T20:22:17Z</time>
        <cmt>speed: 0.4</cmt>
      </trkpt>
      <trkpt lat="47.361282" lon="8.56065">
        <ele>464</ele>
        <time>2024-11-20T20:32:05Z</time>
        <cmt>speed: 0.9</cmt>
      </trkpt>
      <trkpt lat="47.360392" lon="8.56216">
        <ele>427</ele>
        <time>2024-11-20T20:42:08Z</time>
        <cmt>speed: 1.9</cmt>
      </trkpt>
      <trkpt lat="47.359974" lon="8.56367">
        <ele>434</ele>
        <time>2024-11-20T20:45:54Z</time>
      </trkpt>
      <trkpt lat="47.359974" lon="8.56367">
        <ele>434</ele>
        <time>2024-11-20T21:00:54Z</time>
      </trkpt>
      <trkpt lat="47.359978" lon="8.56228">
        <ele>440</ele>
        <time>2024-11-21T05:14:22Z</time>
        <cmt>speed: 0.1</cmt>
      </trkpt>
      <trkpt lat="47.359806" lon="8.55992">
        <ele>489</ele>
        <time>2024-11-21T05:24:08Z</time>
        <cmt>speed: 1.4</cmt>
      </trkpt>
      <trkpt lat="47.359124" lon="8.560346">
        <ele>457</ele>
        <time>2024-11-21T05:34:10Z</time>
        <cmt>speed: 1.1</cmt>
      </trkpt>
      <trkpt lat="47.358539" lon="8.561077">
        <ele>455</ele>
        <time>2024-11-21T05:44:08Z</time>
        <cmt>speed: 0.1</cmt>
      </trkpt>
      <trkpt lat="47.358129" lon="8.562105">
        <ele>444</ele>
        <time>2024-11-21T05:54:08Z</time>
        <cmt>speed: 0.1</cmt>
      </trkpt>
      <trkpt lat="47.358531" lon="8.562333">
        <ele>436</ele>
        <time>2024-11-21T06:04:08Z</time>
        <cmt>speed: 0.1</cmt>
      </trkpt>
      <trkpt lat="47.359201" lon="8.560953">
        <ele>466</ele>
        <time>2024-11-21T06:14:08Z</time>
        <cmt>speed: 0.9</cmt>
      </trkpt>
      <trkpt lat="47.359689" lon="8.561386">
        <ele>390</ele>
        <time>2024-11-21T06:24:11Z</time>
        <cmt>speed: 0.9</cmt>
      </trkpt>
      <trkpt lat="47.359799" lon="8.560557">
        <ele>448</ele>
        <time>2024-11-21T06:34:12Z</time>
        <cmt>speed: 1.2</cmt>
      </trkpt>
      <trkpt lat="47.359807" lon="8.561334">
        <ele>414</ele>
        <time>2024-11-21T06:44:09Z</time>
        <cmt>speed: 0.9</cmt>
      </trkpt>
      <trkpt lat="47.359807" lon="8.561334">
        <ele>414</ele>
        <time>2024-11-21T06:54:12Z</time>
      </trkpt>
      <trkpt lat="47.359915" lon="8.561201">
        <ele>473</ele>
        <time>2024-11-21T06:54:13Z</time>
        <cmt>speed: 0.0</cmt>
      </trkpt>
      <trkpt lat="47.360035" lon="8.561253">
        <ele>484</ele>
        <time>2024-11-21T07:04:14Z</time>
        <cmt>speed: 0.6</cmt>
      </trkpt>
      <trkpt lat="47.360035" lon="8.561253">
        <ele>484</ele>
        <time>2024-11-21T07:14:10Z</time>
      </trkpt>
      <trkpt lat="47.359884" lon="8.561295">
        <ele>459</ele>
        <time>2024-11-21T07:14:11Z</time>
        <cmt>speed: 0.6</cmt>
      </trkpt>
      <trkpt lat="47.359753" lon="8.561441">
        <ele>400</ele>
        <time>2024-11-21T07:24:22Z</time>
        <cmt>speed: 0.3</cmt>
      </trkpt>
      <trkpt lat="47.359753" lon="8.561441">
        <ele>400</ele>
        <time>2024-11-21T07:34:11Z</time>
      </trkpt>
      <trkpt lat="47.360003" lon="8.561458">
        <ele>445</ele>
        <time>2024-11-21T07:34:12Z</time>
        <cmt>speed: 0.1</cmt>
      </trkpt>
      <trkpt lat="47.359893" lon="8.56133">
        <ele>454</ele>
        <time>2024-11-21T07:44:22Z</time>
        <cmt>speed: 0.1</cmt>
      </trkpt>
      <trkpt lat="47.359893" lon="8.56133">
        <ele>454</ele>
        <time>2024-11-21T07:54:38Z</time>
      </trkpt>
      <trkpt lat="47.360217" lon="8.561332">
        <ele>451</ele>
        <time>2024-11-21T07:54:39Z</time>
        <cmt>speed: 0.4</cmt>
      </trkpt>
      <trkpt lat="47.35999" lon="8.562692">
        <ele>432</ele>
        <time>2024-11-21T08:04:12Z</time>
        <cmt>speed: 0.1</cmt>
      </trkpt>
      <trkpt lat="47.36009" lon="8.563021">
        <ele>460</ele>
        <time>2024-11-21T08:14:09Z</time>
        <cmt>speed: 0.5</cmt>
      </trkpt>
      <trkpt lat="47.360443" lon="8.56048">
        <ele>430</ele>
        <time>2024-11-21T08:24:08Z</time>
        <cmt>speed: 1.6</cmt>
      </trkpt>
      <trkpt lat="47.360177" lon="8.56011">
        <ele>448</ele>
        <time>2024-11-21T08:34:11Z</time>
        <cmt>speed: 0.8</cmt>
      </trkpt>
      <trkpt lat="47.359764" lon="8.56224">
        <ele>392</ele>
        <time>2024-11-21T08:44:08Z</time>
        <cmt>speed: 0.2</cmt>
      </trkpt>
      <trkpt lat="47.358801" lon="8.562232">
        <ele>425</ele>
        <time>2024-11-21T08:54:08Z</time>
        <cmt>speed: 0.0</cmt>
      </trkpt>
      <trkpt lat="47.358801" lon="8.562232">
        <ele>425</ele>
        <time>2024-11-21T08:54:08Z</time>
      </trkpt>
      <trkpt lat="47.358795" lon="8.56228">
        <ele>438</ele>
        <time>2024-11-21T09:04:09Z</time>
        <cmt>speed: 0.0</cmt>
      </trkpt>
      <trkpt lat="47.358795" lon="8.56228">
        <ele>438</ele>
        <time>2024-11-21T09:14:08Z</time>
      </trkpt>
      <trkpt lat="47.35867" lon="8.562389">
        <ele>439</ele>
        <time>2024-11-21T09:14:09Z</time>
        <cmt>speed: 0.3</cmt>
      </trkpt>
      <trkpt lat="47.358663" lon="8.562376">
        <ele>445</ele>
        <time>2024-11-21T09:24:08Z</time>
        <cmt>speed: 0.0</cmt>
      </trkpt>
      <trkpt lat="47.358702" lon="8.56227">
        <ele>435</ele>
        <time>2024-11-21T09:34:08Z</time>
        <cmt>speed: 0.3</cmt>
      </trkpt>
      <trkpt lat="47.358702" lon="8.56227">
        <ele>435</ele>
        <time>2024-11-21T09:34:08Z</time>
      </trkpt>
      <trkpt lat="47.358653" lon="8.56264">
        <ele>442</ele>
        <time>2024-11-21T09:44:09Z</time>
        <cmt>speed: 0.1</cmt>
      </trkpt>
      <trkpt lat="47.358631" lon="8.562694">
        <ele>430</ele>
        <time>2024-11-21T09:54:07Z</time>
        <cmt>speed: 0.9</cmt>
      </trkpt>
      <trkpt lat="47.358631" lon="8.562694">
        <ele>430</ele>
        <time>2024-11-21T09:54:08Z</time>
      </trkpt>
      <trkpt lat="47.358635" lon="8.56276">
        <ele>440</ele>
        <time>2024-11-21T10:04:08Z</time>
        <cmt>speed: 0.1</cmt>
      </trkpt>
      <trkpt lat="47.35867" lon="8.562641">
        <ele>443</ele>
        <time>2024-11-21T10:14:08Z</time>
        <cmt>speed: 0.1</cmt>
      </trkpt>
      <trkpt lat="47.35867" lon="8.562641">
        <ele>443</ele>
        <time>2024-11-21T10:14:08Z</time>
      </trkpt>
      <trkpt lat="47.358606" lon="8.562703">
        <ele>444</ele>
        <time>2024-11-21T10:24:08Z</time>
        <cmt>speed: 0.0</cmt>
      </trkpt>
      <trkpt lat="47.358332" lon="8.562976">
        <ele>446</ele>
        <time>2024-11-21T10:34:08Z</time>
        <cmt>speed: 0.1</cmt>
      </trkpt>
      <trkpt lat="47.358332" lon="8.562976">
        <ele>446</ele>
        <time>2024-11-21T10:34:08Z</time>
      </trkpt>
      <trkpt lat="47.357074" lon="8.563448">
        <ele>447</ele>
        <time>2024-11-21T10:44:07Z</time>
        <cmt>speed: 0.1</cmt>
      </trkpt>
      <trkpt lat="47.357074" lon="8.563448">
        <ele>447</ele>
        <time>2024-11-21T10:54:08Z</time>
      </trkpt>
      <trkpt lat="47.357122" lon="8.563542">
        <ele>433</ele>
        <time>2024-11-21T10:54:09Z</time>
        <cmt>speed: 0.3</cmt>
      </trkpt>
      <trkpt lat="47.357091" lon="8.563692">
        <ele>454</ele>
        <time>2024-11-21T11:04:09Z</time>
        <cmt>speed: 0.1</cmt>
      </trkpt>
      <trkpt lat="47.356896" lon="8.563435">
        <ele>421</ele>
        <time>2024-11-21T11:14:08Z</time>
        <cmt>speed: 0.5</cmt>
      </trkpt>
      <trkpt lat="47.35702" lon="8.563672">
        <ele>450</ele>
        <time>2024-11-21T11:24:08Z</time>
        <cmt>speed: 0.0</cmt>
      </trkpt>
      <trkpt lat="47.356912" lon="8.563645">
        <ele>454</ele>
        <time>2024-11-21T11:34:09Z</time>
        <cmt>speed: 1.3</cmt>
      </trkpt>
      <trkpt lat="47.356798" lon="8.563642">
        <ele>453</ele>
        <time>2024-11-21T11:44:08Z</time>
        <cmt>speed: 1.1</cmt>
      </trkpt>
      <trkpt lat="47.357041" lon="8.563316">
        <ele>403</ele>
        <time>2024-11-21T11:54:08Z</time>
        <cmt>speed: 0.6</cmt>
      </trkpt>
      <trkpt lat="47.357329" lon="8.563592">
        <ele>447</ele>
        <time>2024-11-21T12:04:09Z</time>
        <cmt>speed: 0.1</cmt>
      </trkpt>
      <trkpt lat="47.357329" lon="8.563592">
        <ele>447</ele>
        <time>2024-11-21T12:14:06Z</time>
      </trkpt>
      <trkpt lat="47.357527" lon="8.56366">
        <ele>445</ele>
        <time>2024-11-21T12:14:08Z</time>
        <cmt>speed: 0.4</cmt>
      </trkpt>
      <trkpt lat="47.357458" lon="8.563695">
        <ele>443</ele>
        <time>2024-11-21T12:24:30Z</time>
        <cmt>speed: 0.0</cmt>
      </trkpt>
      <trkpt lat="47.357342" lon="8.563643">
        <ele>468</ele>
        <time>2024-11-21T12:34:08Z</time>
        <cmt>speed: 0.0</cmt>
      </trkpt>
      <trkpt lat="47.357265" lon="8.563922">
        <ele>440</ele>
        <time>2024-11-21T12:44:08Z</time>
        <cmt>speed: 0.4</cmt>
      </trkpt>
      <trkpt lat="47.357265" lon="8.563922">
        <ele>440</ele>
        <time>2024-11-21T12:54:07Z</time>
      </trkpt>
      <trkpt lat="47.35725" lon="8.563813">
        <ele>458</ele>
        <time>2024-11-21T12:54:08Z</time>
        <cmt>speed: 0.2</cmt>
      </trkpt>
      <trkpt lat="47.357702" lon="8.563679">
        <ele>448</ele>
        <time>2024-11-21T13:04:08Z</time>
        <cmt>speed: 0.3</cmt>
      </trkpt>
      <trkpt lat="47.357702" lon="8.563679">
        <ele>448</ele>
        <time>2024-11-21T13:14:08Z</time>
      </trkpt>
      <trkpt lat="47.357609" lon="8.563662">
        <ele>468</ele>
        <time>2024-11-21T13:14:09Z</time>
        <cmt>speed: 0.0</cmt>
      </trkpt>
      <trkpt lat="47.357718" lon="8.563713">
        <ele>441</ele>
        <time>2024-11-21T13:24:08Z</time>
        <cmt>speed: 0.2</cmt>
      </trkpt>
      <trkpt lat="47.357718" lon="8.563713">
        <ele>441</ele>
        <time>2024-11-21T13:34:06Z</time>
      </trkpt>
      <trkpt lat="47.35771" lon="8.563804">
        <ele>428</ele>
        <time>2024-11-21T13:34:08Z</time>
        <cmt>speed: 0.5</cmt>
      </trkpt>
      <trkpt lat="47.359851" lon="8.561511">
        <ele>428</ele>
        <time>2024-11-21T13:44:09Z</time>
        <cmt>speed: 2.9</cmt>
      </trkpt>
      <trkpt lat="47.359974" lon="8.56367">
        <ele>434</ele>
        <time>2024-11-21T13:53:17Z</time>
      </trkpt>
      <trkpt lat="47.359974" lon="8.56367">
        <ele>434</ele>
        <time>2024-11-21T14:08:17Z</time>
      </trkpt>
      <trkpt lat="47.359974" lon="8.56367">
        <ele>434</ele>
        <time>2024-11-22T02:08:15Z</time>
      </trkpt>
      <trkpt lat="47.359974" lon="8.56367">
        <ele>434</ele>
        <time>2024-11-22T06:39:53Z</time>
      </trkpt>
      <trkpt lat="47.360012" lon="8.563589">
        <ele>424</ele>
        <time>2024-11-22T06:40:12Z</time>
        <cmt>speed: 0.6</cmt>
      </trkpt>
      <trkpt lat="47.359974" lon="8.56367">
        <ele>434</ele>
        <time>2024-11-22T06:42:24Z</time>
      </trkpt>
      <trkpt lat="47.359974" lon="8.56367">
        <ele>434</ele>
        <time>2024-11-22T06:48:15Z</time>
      </trkpt>
      <trkpt lat="47.360033" lon="8.562986">
        <ele>443</ele>
        <time>2024-11-22T06:50:15Z</time>
        <cmt>speed: 0.4</cmt>
      </trkpt>
      <trkpt lat="47.360274" lon="8.562017">
        <ele>422</ele>
        <time>2024-11-22T07:00:14Z</time>
        <cmt>speed: 0.8</cmt>
      </trkpt>
      <trkpt lat="47.359552" lon="8.561625">
        <ele>446</ele>
        <time>2024-11-22T07:20:29Z</time>
        <cmt>speed: 0.0</cmt>
      </trkpt>
      <trkpt lat="47.359552" lon="8.561625">
        <ele>446</ele>
        <time>2024-11-22T07:30:26Z</time>
      </trkpt>
      <trkpt lat="47.359501" lon="8.561689">
        <ele>405</ele>
        <time>2024-11-22T07:30:31Z</time>
        <cmt>speed: 0.0</cmt>
      </trkpt>
      <trkpt lat="47.359668" lon="8.561602">
        <ele>438</ele>
        <time>2024-11-22T07:40:34Z</time>
        <cmt>speed: 0.1</cmt>
      </trkpt>
      <trkpt lat="47.359668" lon="8.561602">
        <ele>438</ele>
        <time>2024-11-22T07:50:11Z</time>
      </trkpt>
      <trkpt lat="47.359153" lon="8.56161">
        <ele>467</ele>
        <time>2024-11-22T07:50:14Z</time>
        <cmt>speed: 0.7</cmt>
      </trkpt>
      <trkpt lat="47.359184" lon="8.561748">
        <ele>452</ele>
        <time>2024-11-22T08:00:22Z</time>
        <cmt>speed: 1.2</cmt>
      </trkpt>
      <trkpt lat="47.359267" lon="8.561685">
        <ele>427</ele>
        <time>2024-11-22T08:11:32Z</time>
        <cmt>speed: 0.5</cmt>
      </trkpt>
      <trkpt lat="47.359035" lon="8.561918">
        <ele>429</ele>
        <time>2024-11-22T08:21:31Z</time>
        <cmt>speed: 0.1</cmt>
      </trkpt>
      <trkpt lat="47.35887" lon="8.562046">
        <ele>461</ele>
        <time>2024-11-22T08:31:29Z</time>
        <cmt>speed: 0.6</cmt>
      </trkpt>
      <trkpt lat="47.359468" lon="8.561459">
        <ele>430</ele>
        <time>2024-11-22T08:41:29Z</time>
        <cmt>speed: 0.3</cmt>
      </trkpt>
      <trkpt lat="47.359468" lon="8.561459">
        <ele>430</ele>
        <time>2024-11-22T08:51:27Z</time>
      </trkpt>
      <trkpt lat="47.359313" lon="8.560619">
        <ele>409</ele>
        <time>2024-11-22T08:51:32Z</time>
        <cmt>speed: 0.0</cmt>
      </trkpt>
      <trkpt lat="47.359313" lon="8.560619">
        <ele>409</ele>
        <time>2024-11-22T09:11:26Z</time>
      </trkpt>
      <trkpt lat="47.359789" lon="8.560532">
        <ele>483</ele>
        <time>2024-11-22T09:11:31Z</time>
        <cmt>speed: 0.4</cmt>
      </trkpt>
      <trkpt lat="47.358976" lon="8.560747">
        <ele>440</ele>
        <time>2024-11-22T09:21:34Z</time>
        <cmt>speed: 0.8</cmt>
      </trkpt>
      <trkpt lat="47.359291" lon="8.561005">
        <ele>469</ele>
        <time>2024-11-22T09:41:38Z</time>
        <cmt>speed: 0.2</cmt>
      </trkpt>
      <trkpt lat="47.359291" lon="8.561005">
        <ele>469</ele>
        <time>2024-11-22T09:51:31Z</time>
      </trkpt>
      <trkpt lat="47.359313" lon="8.560974">
        <ele>448</ele>
        <time>2024-11-22T09:51:36Z</time>
        <cmt>speed: 0.1</cmt>
      </trkpt>
      <trkpt lat="47.359304" lon="8.560736">
        <ele>383</ele>
        <time>2024-11-22T10:01:34Z</time>
        <cmt>speed: 0.0</cmt>
      </trkpt>
      <trkpt lat="47.359304" lon="8.560736">
        <ele>383</ele>
        <time>2024-11-22T10:11:31Z</time>
      </trkpt>
      <trkpt lat="47.359521" lon="8.560468">
        <ele>393</ele>
        <time>2024-11-22T10:11:36Z</time>
        <cmt>speed: 0.6</cmt>
      </trkpt>
      <trkpt lat="47.359521" lon="8.560468">
        <ele>393</ele>
        <time>2024-11-22T10:31:32Z</time>
      </trkpt>
      <trkpt lat="47.359276" lon="8.560644">
        <ele>396</ele>
        <time>2024-11-22T10:31:37Z</time>
        <cmt>speed: 0.5</cmt>
      </trkpt>
      <trkpt lat="47.359288" lon="8.560351">
        <ele>421</ele>
        <time>2024-11-22T10:41:29Z</time>
        <cmt>speed: 0.5</cmt>
      </trkpt>
      <trkpt lat="47.359288" lon="8.560351">
        <ele>421</ele>
        <time>2024-11-22T10:51:32Z</time>
      </trkpt>
      <trkpt lat="47.359376" lon="8.561374">
        <ele>481</ele>
        <time>2024-11-22T10:51:37Z</time>
        <cmt>speed: 0.9</cmt>
      </trkpt>
      <trkpt lat="47.360076" lon="8.562569">
        <ele>420</ele>
        <time>2024-11-22T11:21:30Z</time>
        <cmt>speed: 0.6</cmt>
      </trkpt>
      <trkpt lat="47.359974" lon="8.56367">
        <ele>434</ele>
        <time>2024-11-22T11:24:31Z</time>
      </trkpt>
      <trkpt lat="47.359974" lon="8.56367">
        <ele>434</ele>
        <time>2024-11-22T11:39:31Z</time>
      </trkpt>
      <trkpt lat="47.360065" lon="8.563454">
        <ele>450</ele>
        <time>2024-11-22T16:24:26Z</time>
        <cmt>speed: 0.1</cmt>
      </trkpt>
      <trkpt lat="47.359974" lon="8.56367">
        <ele>434</ele>
        <time>2024-11-22T16:26:32Z</time>
      </trkpt>
      <trkpt lat="47.360183" lon="8.561589">
        <ele>461</ele>
        <time>2024-11-22T16:34:29Z</time>
        <cmt>speed: 0.2</cmt>
      </trkpt>
      <trkpt lat="47.36042" lon="8.562024">
        <ele>423</ele>
        <time>2024-11-22T16:44:10Z</time>
        <cmt>speed: 0.2</cmt>
      </trkpt>
      <trkpt lat="47.359992" lon="8.563039">
        <ele>424</ele>
        <time>2024-11-22T16:54:22Z</time>
        <cmt>speed: 0.3</cmt>
      </trkpt>
      <trkpt lat="47.359974" lon="8.56367">
        <ele>434</ele>
        <time>2024-11-22T16:58:30Z</time>
      </trkpt>
      <trkpt lat="47.359974" lon="8.56367">
        <ele>434</ele>
        <time>2024-11-22T17:13:30Z</time>
      </trkpt>
      <trkpt lat="47.360065" lon="8.563889">
        <ele>405</ele>
        <time>2024-11-23T02:05:49Z</time>
        <cmt>speed: 0.1</cmt>
      </trkpt>
      <trkpt lat="47.3591" lon="8.559977">
        <ele>458</ele>
        <time>2024-11-23T02:15:42Z</time>
        <cmt>speed: 0.1</cmt>
      </trkpt>
      <trkpt lat="47.35883" lon="8.561064">
        <ele>410</ele>
        <time>2024-11-23T02:25:38Z</time>
        <cmt>speed: 0.1</cmt>
      </trkpt>
      <trkpt lat="47.35883" lon="8.561064">
        <ele>410</ele>
        <time>2024-11-23T02:25:42Z</time>
      </trkpt>
      <trkpt lat="47.35902" lon="8.560317">
        <ele>422</ele>
        <time>2024-11-23T02:35:42Z</time>
        <cmt>speed: 0.1</cmt>
      </trkpt>
      <trkpt lat="47.358537" lon="8.562144">
        <ele>471</ele>
        <time>2024-11-23T02:45:40Z</time>
        <cmt>speed: 0.0</cmt>
      </trkpt>
      <trkpt lat="47.359199" lon="8.56106">
        <ele>447</ele>
        <time>2024-11-23T02:55:41Z</time>
        <cmt>speed: 0.2</cmt>
      </trkpt>
      <trkpt lat="47.359199" lon="8.56106">
        <ele>447</ele>
        <time>2024-11-23T03:05:34Z</time>
      </trkpt>
      <trkpt lat="47.358787" lon="8.560665">
        <ele>392</ele>
        <time>2024-11-23T03:05:41Z</time>
        <cmt>speed: 0.1</cmt>
      </trkpt>
      <trkpt lat="47.359067" lon="8.560671">
        <ele>498</ele>
        <time>2024-11-23T03:15:42Z</time>
        <cmt>speed: 0.3</cmt>
      </trkpt>
      <trkpt lat="47.359708" lon="8.562209">
        <ele>372</ele>
        <time>2024-11-23T05:16:39Z</time>
        <cmt>speed: 1.4</cmt>
      </trkpt>
      <trkpt lat="47.359972" lon="8.561347">
        <ele>396</ele>
        <time>2024-11-23T05:25:57Z</time>
        <cmt>speed: 1.4</cmt>
      </trkpt>
      <trkpt lat="47.359533" lon="8.56265">
        <ele>449</ele>
        <time>2024-11-23T05:35:54Z</time>
        <cmt>speed: 0.7</cmt>
      </trkpt>
      <trkpt lat="47.359074" lon="8.561892">
        <ele>453</ele>
        <time>2024-11-23T05:45:54Z</time>
        <cmt>speed: 0.1</cmt>
      </trkpt>
      <trkpt lat="47.359126" lon="8.561768">
        <ele>470</ele>
        <time>2024-11-23T06:05:56Z</time>
        <cmt>speed: 0.4</cmt>
      </trkpt>
      <trkpt lat="47.358889" lon="8.561056">
        <ele>448</ele>
        <time>2024-11-23T06:15:51Z</time>
        <cmt>speed: 0.6</cmt>
      </trkpt>
      <trkpt lat="47.359187" lon="8.561014">
        <ele>426</ele>
        <time>2024-11-23T06:25:55Z</time>
        <cmt>speed: 0.2</cmt>
      </trkpt>
      <trkpt lat="47.359187" lon="8.561014">
        <ele>426</ele>
        <time>2024-11-23T06:35:48Z</time>
      </trkpt>
      <trkpt lat="47.359056" lon="8.561252">
        <ele>457</ele>
        <time>2024-11-23T06:35:56Z</time>
        <cmt>speed: 0.0</cmt>
      </trkpt>
      <trkpt lat="47.359056" lon="8.561252">
        <ele>457</ele>
        <time>2024-11-23T06:51:33Z</time>
      </trkpt>
      <trkpt lat="47.359256" lon="8.56097">
        <ele>436</ele>
        <time>2024-11-23T06:55:23Z</time>
        <cmt>speed: 0.3</cmt>
      </trkpt>
      <trkpt lat="47.359959" lon="8.563643">
        <ele>434</ele>
        <time>2024-11-23T07:02:51Z</time>
      </trkpt>
      <trkpt lat="47.359974" lon="8.56367">
        <ele>434</ele>
        <time>2024-11-23T07:17:51Z</time>
      </trkpt>
      <trkpt lat="47.35989" lon="8.563324">
        <ele>458</ele>
        <time>2024-11-23T09:04:40Z</time>
        <cmt>speed: 0.1</cmt>
      </trkpt>
      <trkpt lat="47.359959" lon="8.563643">
        <ele>434</ele>
        <time>2024-11-23T09:06:54Z</time>
      </trkpt>
      <trkpt lat="47.359959" lon="8.563643">
        <ele>434</ele>
        <time>2024-11-23T09:18:02Z</time>
      </trkpt>
      <trkpt lat="47.360107" lon="8.563667">
        <ele>426</ele>
        <time>2024-11-23T09:18:46Z</time>
        <cmt>speed: 1.5</cmt>
      </trkpt>
      <trkpt lat="47.360384" lon="8.562401">
        <ele>451</ele>
        <time>2024-11-23T09:28:13Z</time>
        <cmt>speed: 0.5</cmt>
      </trkpt>
      <trkpt lat="47.360339" lon="8.561823">
        <ele>409</ele>
        <time>2024-11-23T09:38:13Z</time>
        <cmt>speed: 1.4</cmt>
      </trkpt>
      <trkpt lat="47.359231" lon="8.561205">
        <ele>441</ele>
        <time>2024-11-23T09:48:16Z</time>
        <cmt>speed: 0.4</cmt>
      </trkpt>
      <trkpt lat="47.359231" lon="8.561205">
        <ele>441</ele>
        <time>2024-11-23T09:51:25Z</time>
      </trkpt>
      <trkpt lat="47.359147" lon="8.561233">
        <ele>452</ele>
        <time>2024-11-23T09:51:41Z</time>
        <cmt>speed: 0.5</cmt>
      </trkpt>
      <trkpt lat="47.359104" lon="8.561179">
        <ele>456</ele>
        <time>2024-11-23T09:51:45Z</time>
        <cmt>speed: 0.0</cmt>
      </trkpt>
      <trkpt lat="47.359104" lon="8.561179">
        <ele>456</ele>
        <time>2024-11-23T09:51:49Z</time>
        <cmt>speed: 0.0</cmt>
      </trkpt>
      <trkpt lat="47.359088" lon="8.559719">
        <ele>438</ele>
        <time>2024-11-23T09:58:12Z</time>
        <cmt>speed: 0.7</cmt>
      </trkpt>
      <trkpt lat="47.358618" lon="8.559832">
        <ele>472</ele>
        <time>2024-11-23T10:18:29Z</time>
        <cmt>speed: 0.0</cmt>
      </trkpt>
      <trkpt lat="47.358778" lon="8.559809">
        <ele>470</ele>
        <time>2024-11-23T10:28:16Z</time>
        <cmt>speed: 1.4</cmt>
      </trkpt>
      <trkpt lat="47.359206" lon="8.560552">
        <ele>419</ele>
        <time>2024-11-23T10:38:15Z</time>
        <cmt>speed: 1.1</cmt>
      </trkpt>
      <trkpt lat="47.360294" lon="8.563606">
        <ele>444</ele>
        <time>2024-11-23T10:48:14Z</time>
        <cmt>speed: 0.4</cmt>
      </trkpt>
      <trkpt lat="47.360015" lon="8.563422">
        <ele>447</ele>
        <time>2024-11-23T10:58:15Z</time>
        <cmt>speed: 0.2</cmt>
      </trkpt>
      <trkpt lat="47.359959" lon="8.563643">
        <ele>434</ele>
        <time>2024-11-23T10:59:21Z</time>
      </trkpt>
      <trkpt lat="47.359959" lon="8.563643">
        <ele>434</ele>
        <time>2024-11-23T11:14:21Z</time>
      </trkpt>
      <trkpt lat="47.359974" lon="8.56367">
        <ele>434</ele>
        <time>2024-11-23T16:11:23Z</time>
      </trkpt>
      <trkpt lat="47.359974" lon="8.56367">
        <ele>434</ele>
        <time>2024-11-23T16:19:14Z</time>
      </trkpt>
      <trkpt lat="47.359974" lon="8.56367">
        <ele>434</ele>
        <time>2024-11-23T16:27:23Z</time>
      </trkpt>
      <trkpt lat="47.359974" lon="8.56367">
        <ele>434</ele>
        <time>2024-11-23T16:28:43Z</time>
      </trkpt>
      <trkpt lat="47.359974" lon="8.56367">
        <ele>434</ele>
        <time>2024-11-23T16:34:14Z</time>
      </trkpt>
      <trkpt lat="47.359974" lon="8.56367">
        <ele>434</ele>
        <time>2024-11-24T04:34:23Z</time>
      </trkpt>
      <trkpt lat="47.360335" lon="8.56341">
        <ele>452</ele>
        <time>2024-11-24T05:38:09Z</time>
        <cmt>speed: 0.5</cmt>
      </trkpt>
      <trkpt lat="47.360297" lon="8.56328">
        <ele>464</ele>
        <time>2024-11-24T05:47:51Z</time>
        <cmt>speed: 0.2</cmt>
      </trkpt>
      <trkpt lat="47.360173" lon="8.559919">
        <ele>460</ele>
        <time>2024-11-24T05:57:48Z</time>
        <cmt>speed: 0.9</cmt>
      </trkpt>
      <trkpt lat="47.35995" lon="8.557778">
        <ele>435</ele>
        <time>2024-11-24T06:07:46Z</time>
        <cmt>speed: 0.7</cmt>
      </trkpt>
      <trkpt lat="47.360411" lon="8.557837">
        <ele>486</ele>
        <time>2024-11-24T06:17:47Z</time>
        <cmt>speed: 0.5</cmt>
      </trkpt>
      <trkpt lat="47.360411" lon="8.557837">
        <ele>486</ele>
        <time>2024-11-24T06:17:47Z</time>
      </trkpt>
      <trkpt lat="47.360634" lon="8.557112">
        <ele>462</ele>
        <time>2024-11-24T06:27:46Z</time>
        <cmt>speed: 0.3</cmt>
      </trkpt>
      <trkpt lat="47.360201" lon="8.559961">
        <ele>450</ele>
        <time>2024-11-24T06:37:45Z</time>
        <cmt>speed: 1.0</cmt>
      </trkpt>
      <trkpt lat="47.36012" lon="8.56374">
        <ele>446</ele>
        <time>2024-11-24T06:47:47Z</time>
        <cmt>speed: 0.8</cmt>
      </trkpt>
      <trkpt lat="47.359974" lon="8.56367">
        <ele>434</ele>
        <time>2024-11-24T06:50:05Z</time>
      </trkpt>
      <trkpt lat="47.359974" lon="8.56367">
        <ele>434</ele>
        <time>2024-11-24T07:01:25Z</time>
      </trkpt>
      <trkpt lat="47.359974" lon="8.56367">
        <ele>434</ele>
        <time>2024-11-24T07:04:13Z</time>
      </trkpt>
      <trkpt lat="47.359959" lon="8.563643">
        <ele>434</ele>
        <time>2024-11-24T07:19:13Z</time>
      </trkpt>
      <trkpt lat="47.360239" lon="8.56297">
        <ele>468</ele>
        <time>2024-11-24T07:49:28Z</time>
        <cmt>speed: 0.0</cmt>
      </trkpt>
      <trkpt lat="47.359974" lon="8.55987">
        <ele>442</ele>
        <time>2024-11-24T07:59:25Z</time>
        <cmt>speed: 0.1</cmt>
      </trkpt>
      <trkpt lat="47.359986" lon="8.558869">
        <ele>457</ele>
        <time>2024-11-24T08:09:29Z</time>
        <cmt>speed: 0.1</cmt>
      </trkpt>
      <trkpt lat="47.360092" lon="8.558462">
        <ele>438</ele>
        <time>2024-11-24T08:20:05Z</time>
        <cmt>speed: 0.4</cmt>
      </trkpt>
      <trkpt lat="47.359756" lon="8.557937">
        <ele>416</ele>
        <time>2024-11-24T08:29:27Z</time>
        <cmt>speed: 0.7</cmt>
      </trkpt>
      <trkpt lat="47.359834" lon="8.558057">
        <ele>430</ele>
        <time>2024-11-24T08:39:29Z</time>
        <cmt>speed: 0.2</cmt>
      </trkpt>
      <trkpt lat="47.359834" lon="8.558057">
        <ele>430</ele>
        <time>2024-11-24T08:49:26Z</time>
      </trkpt>
      <trkpt lat="47.359799" lon="8.558201">
        <ele>401</ele>
        <time>2024-11-24T08:51:09Z</time>
        <cmt>speed: 0.1</cmt>
      </trkpt>
      <trkpt lat="47.359828" lon="8.55818">
        <ele>412</ele>
        <time>2024-11-24T09:01:04Z</time>
        <cmt>speed: 0.3</cmt>
      </trkpt>
      <trkpt lat="47.359828" lon="8.55818">
        <ele>412</ele>
        <time>2024-11-24T09:11:01Z</time>
      </trkpt>
      <trkpt lat="47.3601" lon="8.558892">
        <ele>462</ele>
        <time>2024-11-24T09:11:02Z</time>
        <cmt>speed: 0.8</cmt>
      </trkpt>
      <trkpt lat="47.360236" lon="8.560876">
        <ele>416</ele>
        <time>2024-11-24T09:21:01Z</time>
        <cmt>speed: 0.4</cmt>
      </trkpt>
      <trkpt lat="47.359988" lon="8.561521">
        <ele>415</ele>
        <time>2024-11-24T09:31:03Z</time>
        <cmt>speed: 0.4</cmt>
      </trkpt>
      <trkpt lat="47.359974" lon="8.56367">
        <ele>434</ele>
        <time>2024-11-24T09:35:57Z</time>
      </trkpt>
      <trkpt lat="47.359974" lon="8.56367">
        <ele>434</ele>
        <time>2024-11-24T09:50:57Z</time>
      </trkpt>
      <trkpt lat="47.360712" lon="8.562603">
        <ele>385</ele>
        <time>2024-11-24T11:20:59Z</time>
        <cmt>speed: 1.6</cmt>
      </trkpt>
      <trkpt lat="47.360759" lon="8.560543">
        <ele>454</ele>
        <time>2024-11-24T11:30:56Z</time>
        <cmt>speed: 0.3</cmt>
      </trkpt>
      <trkpt lat="47.360601" lon="8.559332">
        <ele>492</ele>
        <time>2024-11-24T11:40:57Z</time>
        <cmt>speed: 0.7</cmt>
      </trkpt>
      <trkpt lat="47.360601" lon="8.559332">
        <ele>492</ele>
        <time>2024-11-24T11:40:58Z</time>
      </trkpt>
      <trkpt lat="47.359948" lon="8.560808">
        <ele>429</ele>
        <time>2024-11-24T11:50:56Z</time>
        <cmt>speed: 0.9</cmt>
      </trkpt>
      <trkpt lat="47.35931" lon="8.561084">
        <ele>427</ele>
        <time>2024-11-24T12:01:03Z</time>
        <cmt>speed: 0.5</cmt>
      </trkpt>
      <trkpt lat="47.358993" lon="8.561544">
        <ele>410</ele>
        <time>2024-11-24T12:10:59Z</time>
        <cmt>speed: 0.0</cmt>
      </trkpt>
      <trkpt lat="47.358992" lon="8.561629">
        <ele>459</ele>
        <time>2024-11-24T12:20:56Z</time>
        <cmt>speed: 0.3</cmt>
      </trkpt>
      <trkpt lat="47.358538" lon="8.55994">
        <ele>447</ele>
        <time>2024-11-24T12:40:56Z</time>
        <cmt>speed: 0.8</cmt>
      </trkpt>
      <trkpt lat="47.358765" lon="8.559175">
        <ele>460</ele>
        <time>2024-11-24T12:50:56Z</time>
        <cmt>speed: 0.8</cmt>
      </trkpt>
      <trkpt lat="47.359534" lon="8.560632">
        <ele>458</ele>
        <time>2024-11-24T13:00:58Z</time>
        <cmt>speed: 0.3</cmt>
      </trkpt>
      <trkpt lat="47.358408" lon="8.560974">
        <ele>419</ele>
        <time>2024-11-24T13:10:59Z</time>
        <cmt>speed: 0.0</cmt>
      </trkpt>
      <trkpt lat="47.358408" lon="8.560974">
        <ele>419</ele>
        <time>2024-11-24T13:20:59Z</time>
      </trkpt>
      <trkpt lat="47.357967" lon="8.561195">
        <ele>407</ele>
        <time>2024-11-24T13:21:01Z</time>
        <cmt>speed: 0.1</cmt>
      </trkpt>
      <trkpt lat="47.358023" lon="8.5613">
        <ele>416</ele>
        <time>2024-11-24T13:30:57Z</time>
        <cmt>speed: 0.0</cmt>
      </trkpt>
      <trkpt lat="47.358023" lon="8.5613">
        <ele>416</ele>
        <time>2024-11-24T13:40:55Z</time>
      </trkpt>
      <trkpt lat="47.357955" lon="8.56095">
        <ele>436</ele>
        <time>2024-11-24T13:46:23Z</time>
        <cmt>speed: 1.6</cmt>
      </trkpt>
      <trkpt lat="47.359167" lon="8.5607">
        <ele>428</ele>
        <time>2024-11-24T13:56:21Z</time>
        <cmt>speed: 0.8</cmt>
      </trkpt>
      <trkpt lat="47.359959" lon="8.563643">
        <ele>434</ele>
        <time>2024-11-24T14:06:23Z</time>
      </trkpt>
      <trkpt lat="47.359974" lon="8.56367">
        <ele>434</ele>
        <time>2024-11-24T14:21:23Z</time>
      </trkpt>
      <trkpt lat="47.359802" lon="8.563623">
        <ele>436</ele>
        <time>2024-11-24T14:46:14Z</time>
        <cmt>speed: 0.0</cmt>
      </trkpt>
      <trkpt lat="47.359974" lon="8.56367">
        <ele>434</ele>
        <time>2024-11-24T14:48:29Z</time>
      </trkpt>
      <trkpt lat="47.359974" lon="8.56367">
        <ele>434</ele>
        <time>2024-11-24T15:03:29Z</time>
      </trkpt>
      <trkpt lat="47.360437" lon="8.561716">
        <ele>456</ele>
        <time>2024-11-24T17:09:12Z</time>
        <cmt>speed: 0.4</cmt>
      </trkpt>
      <trkpt lat="47.359441" lon="8.56014">
        <ele>472</ele>
        <time>2024-11-24T17:19:16Z</time>
        <cmt>speed: 0.7</cmt>
      </trkpt>
      <trkpt lat="47.361183" lon="8.559813">
        <ele>416</ele>
        <time>2024-11-24T17:29:05Z</time>
        <cmt>speed: 1.5</cmt>
      </trkpt>
      <trkpt lat="47.360376" lon="8.561651">
        <ele>425</ele>
        <time>2024-11-24T17:39:01Z</time>
        <cmt>speed: 0.5</cmt>
      </trkpt>
      <trkpt lat="47.359974" lon="8.56367">
        <ele>434</ele>
        <time>2024-11-24T17:46:27Z</time>
      </trkpt>
      <trkpt lat="47.359815" lon="8.563744">
        <ele>421</ele>
        <time>2024-11-24T17:49:00Z</time>
        <cmt>speed: 0.9</cmt>
      </trkpt>
      <trkpt lat="47.359974" lon="8.56367">
        <ele>434</ele>
        <time>2024-11-24T17:55:43Z</time>
      </trkpt>
      <trkpt lat="47.359974" lon="8.56367">
        <ele>434</ele>
        <time>2024-11-24T18:10:43Z</time>
      </trkpt>
      <trkpt lat="47.359974" lon="8.56367">
        <ele>434</ele>
        <time>2024-11-25T06:10:41Z</time>
      </trkpt>
      <trkpt lat="47.360016" lon="8.563787">
        <ele>450</ele>
        <time>2024-11-25T08:16:26Z</time>
        <cmt>speed: 0.2</cmt>
      </trkpt>
      <trkpt lat="47.36042" lon="8.562256">
        <ele>435</ele>
        <time>2024-11-25T08:26:32Z</time>
        <cmt>speed: 1.0</cmt>
      </trkpt>
      <trkpt lat="47.361138" lon="8.561326">
        <ele>425</ele>
        <time>2024-11-25T08:36:26Z</time>
        <cmt>speed: 1.2</cmt>
      </trkpt>
      <trkpt lat="47.361064" lon="8.560155">
        <ele>441</ele>
        <time>2024-11-25T08:46:25Z</time>
        <cmt>speed: 1.0</cmt>
      </trkpt>
      <trkpt lat="47.361064" lon="8.560155">
        <ele>441</ele>
        <time>2024-11-25T08:56:34Z</time>
      </trkpt>
      <trkpt lat="47.361463" lon="8.560014">
        <ele>475</ele>
        <time>2024-11-25T08:56:38Z</time>
        <cmt>speed: 0.5</cmt>
      </trkpt>
      <trkpt lat="47.361361" lon="8.56008">
        <ele>478</ele>
        <time>2024-11-25T09:06:37Z</time>
        <cmt>speed: 0.1</cmt>
      </trkpt>
      <trkpt lat="47.36115" lon="8.560445">
        <ele>413</ele>
        <time>2024-11-25T09:16:30Z</time>
        <cmt>speed: 0.7</cmt>
      </trkpt>
      <trkpt lat="47.360197" lon="8.55964">
        <ele>416</ele>
        <time>2024-11-25T09:26:28Z</time>
        <cmt>speed: 0.2</cmt>
      </trkpt>
      <trkpt lat="47.360248" lon="8.559732">
        <ele>415</ele>
        <time>2024-11-25T09:36:25Z</time>
        <cmt>speed: 1.1</cmt>
      </trkpt>
      <trkpt lat="47.360105" lon="8.559258">
        <ele>419</ele>
        <time>2024-11-25T09:46:37Z</time>
        <cmt>speed: 1.0</cmt>
      </trkpt>
      <trkpt lat="47.360158" lon="8.559111">
        <ele>430</ele>
        <time>2024-11-25T09:56:26Z</time>
        <cmt>speed: 0.6</cmt>
      </trkpt>
      <trkpt lat="47.360032" lon="8.558671">
        <ele>420</ele>
        <time>2024-11-25T10:06:27Z</time>
        <cmt>speed: 0.0</cmt>
      </trkpt>
      <trkpt lat="47.360038" lon="8.558439">
        <ele>442</ele>
        <time>2024-11-25T10:16:24Z</time>
        <cmt>speed: 0.2</cmt>
      </trkpt>
      <trkpt lat="47.360048" lon="8.558336">
        <ele>440</ele>
        <time>2024-11-25T10:26:24Z</time>
        <cmt>speed: 0.7</cmt>
      </trkpt>
      <trkpt lat="47.361344" lon="8.558176">
        <ele>428</ele>
        <time>2024-11-25T10:36:32Z</time>
        <cmt>speed: 1.3</cmt>
      </trkpt>
      <trkpt lat="47.36052" lon="8.557651">
        <ele>447</ele>
        <time>2024-11-25T10:46:25Z</time>
        <cmt>speed: 0.9</cmt>
      </trkpt>
      <trkpt lat="47.36023" lon="8.558569">
        <ele>443</ele>
        <time>2024-11-25T10:56:25Z</time>
        <cmt>speed: 0.0</cmt>
      </trkpt>
      <trkpt lat="47.360247" lon="8.559856">
        <ele>420</ele>
        <time>2024-11-25T11:06:29Z</time>
        <cmt>speed: 0.4</cmt>
      </trkpt>
      <trkpt lat="47.360247" lon="8.559856">
        <ele>420</ele>
        <time>2024-11-25T11:16:25Z</time>
      </trkpt>
      <trkpt lat="47.360053" lon="8.560874">
        <ele>369</ele>
        <time>2024-11-25T11:16:30Z</time>
        <cmt>speed: 0.0</cmt>
      </trkpt>
      <trkpt lat="47.359886" lon="8.560753">
        <ele>397</ele>
        <time>2024-11-25T11:26:28Z</time>
        <cmt>speed: 0.8</cmt>
      </trkpt>
      <trkpt lat="47.359881" lon="8.560857">
        <ele>428</ele>
        <time>2024-11-25T11:36:26Z</time>
        <cmt>speed: 0.3</cmt>
      </trkpt>
      <trkpt lat="47.358496" lon="8.562303">
        <ele>451</ele>
        <time>2024-11-25T11:46:24Z</time>
        <cmt>speed: 0.9</cmt>
      </trkpt>
      <trkpt lat="47.35785" lon="8.562792">
        <ele>448</ele>
        <time>2024-11-25T11:56:26Z</time>
        <cmt>speed: 2.4</cmt>
      </trkpt>
      <trkpt lat="47.357745" lon="8.561625">
        <ele>449</ele>
        <time>2024-11-25T12:06:24Z</time>
        <cmt>speed: 0.9</cmt>
      </trkpt>
      <trkpt lat="47.357848" lon="8.56099">
        <ele>438</ele>
        <time>2024-11-25T12:16:24Z</time>
        <cmt>speed: 1.3</cmt>
      </trkpt>
      <trkpt lat="47.358463" lon="8.559998">
        <ele>439</ele>
        <time>2024-11-25T12:26:25Z</time>
        <cmt>speed: 0.6</cmt>
      </trkpt>
      <trkpt lat="47.358865" lon="8.561847">
        <ele>413</ele>
        <time>2024-11-25T12:36:24Z</time>
        <cmt>speed: 0.6</cmt>
      </trkpt>
      <trkpt lat="47.358768" lon="8.562296">
        <ele>438</ele>
        <time>2024-11-25T12:46:28Z</time>
        <cmt>speed: 0.3</cmt>
      </trkpt>
      <trkpt lat="47.358782" lon="8.562314">
        <ele>429</ele>
        <time>2024-11-25T12:56:27Z</time>
        <cmt>speed: 0.1</cmt>
      </trkpt>
      <trkpt lat="47.359132" lon="8.561822">
        <ele>382</ele>
        <time>2024-11-25T13:06:25Z</time>
        <cmt>speed: 0.8</cmt>
      </trkpt>
      <trkpt lat="47.358739" lon="8.561836">
        <ele>435</ele>
        <time>2024-11-25T13:16:32Z</time>
        <cmt>speed: 1.5</cmt>
      </trkpt>
      <trkpt lat="47.358632" lon="8.562387">
        <ele>447</ele>
        <time>2024-11-25T13:26:25Z</time>
        <cmt>speed: 0.0</cmt>
      </trkpt>
      <trkpt lat="47.358632" lon="8.562387">
        <ele>447</ele>
        <time>2024-11-25T13:36:19Z</time>
      </trkpt>
      <trkpt lat="47.358635" lon="8.562522">
        <ele>436</ele>
        <time>2024-11-25T13:36:25Z</time>
        <cmt>speed: 0.0</cmt>
      </trkpt>
      <trkpt lat="47.358697" lon="8.562791">
        <ele>459</ele>
        <time>2024-11-25T13:46:25Z</time>
        <cmt>speed: 0.0</cmt>
      </trkpt>
      <trkpt lat="47.358854" lon="8.563432">
        <ele>461</ele>
        <time>2024-11-25T13:56:24Z</time>
        <cmt>speed: 0.3</cmt>
      </trkpt>
      <trkpt lat="47.358707" lon="8.56395">
        <ele>449</ele>
        <time>2024-11-25T14:06:24Z</time>
        <cmt>speed: 0.2</cmt>
      </trkpt>
      <trkpt lat="47.358707" lon="8.56395">
        <ele>449</ele>
        <time>2024-11-25T14:16:18Z</time>
      </trkpt>
      <trkpt lat="47.358514" lon="8.564072">
        <ele>444</ele>
        <time>2024-11-25T14:16:24Z</time>
        <cmt>speed: 0.4</cmt>
      </trkpt>
      <trkpt lat="47.358549" lon="8.563988">
        <ele>450</ele>
        <time>2024-11-25T14:26:24Z</time>
        <cmt>speed: 1.2</cmt>
      </trkpt>
      <trkpt lat="47.358549" lon="8.563988">
        <ele>450</ele>
        <time>2024-11-25T14:36:19Z</time>
      </trkpt>
      <trkpt lat="47.35855" lon="8.564039">
        <ele>445</ele>
        <time>2024-11-25T14:36:25Z</time>
        <cmt>speed: 0.2</cmt>
      </trkpt>
      <trkpt lat="47.358498" lon="8.564036">
        <ele>442</ele>
        <time>2024-11-25T14:52:13Z</time>
        <cmt>speed: 0.2</cmt>
      </trkpt>
      <trkpt lat="47.358498" lon="8.564036">
        <ele>442</ele>
        <time>2024-11-25T15:02:06Z</time>
      </trkpt>
      <trkpt lat="47.358575" lon="8.564017">
        <ele>437</ele>
        <time>2024-11-25T15:02:12Z</time>
        <cmt>speed: 0.1</cmt>
      </trkpt>
      <trkpt lat="47.358528" lon="8.564026">
        <ele>442</ele>
        <time>2024-11-25T15:12:12Z</time>
        <cmt>speed: 0.1</cmt>
      </trkpt>
      <trkpt lat="47.358528" lon="8.564026">
        <ele>442</ele>
        <time>2024-11-25T15:22:06Z</time>
      </trkpt>
      <trkpt lat="47.358438" lon="8.564086">
        <ele>473</ele>
        <time>2024-11-25T15:22:12Z</time>
        <cmt>speed: 8.8</cmt>
      </trkpt>
      <trkpt lat="47.358468" lon="8.564039">
        <ele>456</ele>
        <time>2024-11-25T15:32:12Z</time>
        <cmt>speed: 0.3</cmt>
      </trkpt>
      <trkpt lat="47.358637" lon="8.56404">
        <ele>435</ele>
        <time>2024-11-25T15:42:11Z</time>
        <cmt>speed: 0.6</cmt>
      </trkpt>
      <trkpt lat="47.358743" lon="8.563227">
        <ele>451</ele>
        <time>2024-11-25T15:52:12Z</time>
        <cmt>speed: 1.7</cmt>
      </trkpt>
      <trkpt lat="47.358831" lon="8.562386">
        <ele>445</ele>
        <time>2024-11-25T16:02:11Z</time>
        <cmt>speed: 0.1</cmt>
      </trkpt>
      <trkpt lat="47.358808" lon="8.562494">
        <ele>416</ele>
        <time>2024-11-25T16:12:12Z</time>
        <cmt>speed: 0.6</cmt>
      </trkpt>
      <trkpt lat="47.358986" lon="8.561628">
        <ele>433</ele>
        <time>2024-11-25T16:22:12Z</time>
        <cmt>speed: 0.1</cmt>
      </trkpt>
      <trkpt lat="47.359204" lon="8.56111">
        <ele>411</ele>
        <time>2024-11-25T16:32:12Z</time>
        <cmt>speed: 0.6</cmt>
      </trkpt>
      <trkpt lat="47.359151" lon="8.560455">
        <ele>479</ele>
        <time>2024-11-25T16:42:15Z</time>
        <cmt>speed: 0.1</cmt>
      </trkpt>
      <trkpt lat="47.360322" lon="8.561466">
        <ele>414</ele>
        <time>2024-11-25T16:52:13Z</time>
        <cmt>speed: 0.9</cmt>
      </trkpt>
      <trkpt lat="47.359974" lon="8.56367">
        <ele>434</ele>
        <time>2024-11-25T16:56:35Z</time>
      </trkpt>
      <trkpt lat="47.359974" lon="8.56367">
        <ele>434</ele>
        <time>2024-11-25T17:11:35Z</time>
      </trkpt>
      <trkpt lat="47.359974" lon="8.56367">
        <ele>434</ele>
        <time>2024-11-25T18:52:32Z</time>
      </trkpt>
      <trkpt lat="47.359974" lon="8.56367">
        <ele>434</ele>
        <time>2024-11-25T19:02:51Z</time>
      </trkpt>
      <trkpt lat="47.359974" lon="8.56367">
        <ele>434</ele>
        <time>2024-11-25T19:12:51Z</time>
      </trkpt>
      <trkpt lat="47.359974" lon="8.56367">
        <ele>434</ele>
        <time>2024-11-25T19:22:51Z</time>
      </trkpt>
      <trkpt lat="47.359974" lon="8.56367">
        <ele>434</ele>
        <time>2024-11-25T19:32:51Z</time>
      </trkpt>
      <trkpt lat="47.359974" lon="8.56367">
        <ele>434</ele>
        <time>2024-11-25T19:42:51Z</time>
      </trkpt>
      <trkpt lat="47.359974" lon="8.56367">
        <ele>434</ele>
        <time>2024-11-25T19:52:51Z</time>
      </trkpt>
      <trkpt lat="47.359974" lon="8.56367">
        <ele>434</ele>
        <time>2024-11-25T20:02:51Z</time>
      </trkpt>
      <trkpt lat="47.359974" lon="8.56367">
        <ele>434</ele>
        <time>2024-11-25T20:12:51Z</time>
      </trkpt>
      <trkpt lat="47.359974" lon="8.56367">
        <ele>434</ele>
        <time>2024-11-25T20:22:51Z</time>
      </trkpt>
      <trkpt lat="47.359974" lon="8.56367">
        <ele>434</ele>
        <time>2024-11-25T20:32:51Z</time>
      </trkpt>
      <trkpt lat="47.359974" lon="8.56367">
        <ele>434</ele>
        <time>2024-11-25T20:42:51Z</time>
      </trkpt>
      <trkpt lat="47.359974" lon="8.56367">
        <ele>434</ele>
        <time>2024-11-25T20:52:51Z</time>
      </trkpt>
      <trkpt lat="47.359974" lon="8.56367">
        <ele>434</ele>
        <time>2024-11-25T20:58:28Z</time>
      </trkpt>
      <trkpt lat="47.359974" lon="8.56367">
        <ele>434</ele>
        <time>2024-11-25T21:08:29Z</time>
      </trkpt>
      <trkpt lat="47.359974" lon="8.56367">
        <ele>434</ele>
        <time>2024-11-25T21:18:29Z</time>
      </trkpt>
      <trkpt lat="47.359974" lon="8.56367">
        <ele>434</ele>
        <time>2024-11-25T21:28:29Z</time>
      </trkpt>
      <trkpt lat="47.359974" lon="8.56367">
        <ele>434</ele>
        <time>2024-11-25T21:38:29Z</time>
      </trkpt>
      <trkpt lat="47.359974" lon="8.56367">
        <ele>434</ele>
        <time>2024-11-25T21:48:29Z</time>
      </trkpt>
      <trkpt lat="47.359974" lon="8.56367">
        <ele>434</ele>
        <time>2024-11-25T21:58:29Z</time>
      </trkpt>
      <trkpt lat="47.359974" lon="8.56367">
        <ele>434</ele>
        <time>2024-11-25T22:08:29Z</time>
      </trkpt>
      <trkpt lat="47.359974" lon="8.56367">
        <ele>434</ele>
        <time>2024-11-25T22:18:29Z</time>
      </trkpt>
      <trkpt lat="47.359974" lon="8.56367">
        <ele>434</ele>
        <time>2024-11-25T22:28:29Z</time>
      </trkpt>
      <trkpt lat="47.359974" lon="8.56367">
        <ele>434</ele>
        <time>2024-11-25T22:38:29Z</time>
      </trkpt>
      <trkpt lat="47.359974" lon="8.56367">
        <ele>434</ele>
        <time>2024-11-25T22:48:29Z</time>
      </trkpt>
      <trkpt lat="47.359974" lon="8.56367">
        <ele>434</ele>
        <time>2024-11-25T22:58:29Z</time>
      </trkpt>
      <trkpt lat="47.359974" lon="8.56367">
        <ele>434</ele>
        <time>2024-11-25T23:08:29Z</time>
      </trkpt>
      <trkpt lat="47.359974" lon="8.56367">
        <ele>434</ele>
        <time>2024-11-25T23:18:29Z</time>
      </trkpt>
      <trkpt lat="47.359974" lon="8.56367">
        <ele>434</ele>
        <time>2024-11-25T23:28:29Z</time>
      </trkpt>
      <trkpt lat="47.359974" lon="8.56367">
        <ele>434</ele>
        <time>2024-11-25T23:38:29Z</time>
      </trkpt>
      <trkpt lat="47.359974" lon="8.56367">
        <ele>434</ele>
        <time>2024-11-25T23:48:29Z</time>
      </trkpt>
      <trkpt lat="47.359974" lon="8.56367">
        <ele>434</ele>
        <time>2024-11-25T23:58:29Z</time>
      </trkpt>
      <trkpt lat="47.359974" lon="8.56367">
        <ele>434</ele>
        <time>2024-11-26T00:08:29Z</time>
      </trkpt>
      <trkpt lat="47.359974" lon="8.56367">
        <ele>434</ele>
        <time>2024-11-26T00:18:29Z</time>
      </trkpt>
      <trkpt lat="47.359974" lon="8.56367">
        <ele>434</ele>
        <time>2024-11-26T00:28:29Z</time>
      </trkpt>
      <trkpt lat="47.359974" lon="8.56367">
        <ele>434</ele>
        <time>2024-11-26T00:38:29Z</time>
      </trkpt>
      <trkpt lat="47.359974" lon="8.56367">
        <ele>434</ele>
        <time>2024-11-26T00:48:29Z</time>
      </trkpt>
      <trkpt lat="47.359974" lon="8.56367">
        <ele>434</ele>
        <time>2024-11-26T00:58:29Z</time>
      </trkpt>
      <trkpt lat="47.359974" lon="8.56367">
        <ele>434</ele>
        <time>2024-11-26T01:08:29Z</time>
      </trkpt>
      <trkpt lat="47.359974" lon="8.56367">
        <ele>434</ele>
        <time>2024-11-26T01:18:29Z</time>
      </trkpt>
      <trkpt lat="47.359974" lon="8.56367">
        <ele>434</ele>
        <time>2024-11-26T01:28:29Z</time>
      </trkpt>
      <trkpt lat="47.359974" lon="8.56367">
        <ele>434</ele>
        <time>2024-11-26T01:38:29Z</time>
      </trkpt>
      <trkpt lat="47.359974" lon="8.56367">
        <ele>434</ele>
        <time>2024-11-26T01:48:29Z</time>
      </trkpt>
      <trkpt lat="47.359974" lon="8.56367">
        <ele>434</ele>
        <time>2024-11-26T01:58:29Z</time>
      </trkpt>
      <trkpt lat="47.359974" lon="8.56367">
        <ele>434</ele>
        <time>2024-11-26T02:04:24Z</time>
      </trkpt>
      <trkpt lat="47.360331" lon="8.562043">
        <ele>445</ele>
        <time>2024-11-26T02:10:02Z</time>
        <cmt>speed: 0.0</cmt>
      </trkpt>
      <trkpt lat="47.359258" lon="8.562606">
        <ele>458</ele>
        <time>2024-11-26T02:19:48Z</time>
        <cmt>speed: 0.0</cmt>
      </trkpt>
      <trkpt lat="47.359273" lon="8.562647">
        <ele>426</ele>
        <time>2024-11-26T02:29:43Z</time>
        <cmt>speed: 1.2</cmt>
      </trkpt>
      <trkpt lat="47.359273" lon="8.562647">
        <ele>426</ele>
        <time>2024-11-26T02:29:55Z</time>
      </trkpt>
      <trkpt lat="47.359054" lon="8.56303">
        <ele>432</ele>
        <time>2024-11-26T02:39:40Z</time>
        <cmt>speed: 1.0</cmt>
      </trkpt>
      <trkpt lat="47.358956" lon="8.56323">
        <ele>451</ele>
        <time>2024-11-26T02:49:43Z</time>
        <cmt>speed: 0.3</cmt>
      </trkpt>
      <trkpt lat="47.358926" lon="8.563248">
        <ele>438</ele>
        <time>2024-11-26T02:59:41Z</time>
        <cmt>speed: 0.1</cmt>
      </trkpt>
      <trkpt lat="47.358926" lon="8.563248">
        <ele>438</ele>
        <time>2024-11-26T03:09:35Z</time>
      </trkpt>
      <trkpt lat="47.358821" lon="8.563292">
        <ele>465</ele>
        <time>2024-11-26T03:13:20Z</time>
        <cmt>speed: 0.2</cmt>
      </trkpt>
      <trkpt lat="47.358958" lon="8.56335">
        <ele>473</ele>
        <time>2024-11-26T03:23:17Z</time>
        <cmt>speed: 0.2</cmt>
      </trkpt>
      <trkpt lat="47.358958" lon="8.56335">
        <ele>473</ele>
        <time>2024-11-26T03:33:10Z</time>
      </trkpt>
      <trkpt lat="47.358297" lon="8.563814">
        <ele>508</ele>
        <time>2024-11-26T03:33:18Z</time>
        <cmt>speed: 0.0</cmt>
      </trkpt>
      <trkpt lat="47.358857" lon="8.563786">
        <ele>479</ele>
        <time>2024-11-26T03:43:15Z</time>
        <cmt>speed: 0.9</cmt>
      </trkpt>
      <trkpt lat="47.358857" lon="8.563786">
        <ele>479</ele>
        <time>2024-11-26T03:53:08Z</time>
      </trkpt>
      <trkpt lat="47.358548" lon="8.56406">
        <ele>467</ele>
        <time>2024-11-26T03:53:16Z</time>
        <cmt>speed: 0.1</cmt>
      </trkpt>
      <trkpt lat="47.359003" lon="8.564114">
        <ele>435</ele>
        <time>2024-11-26T04:03:18Z</time>
        <cmt>speed: 1.2</cmt>
      </trkpt>
      <trkpt lat="47.360021" lon="8.561094">
        <ele>452</ele>
        <time>2024-11-26T04:13:19Z</time>
        <cmt>speed: 0.5</cmt>
      </trkpt>
      <trkpt lat="47.359705" lon="8.558582">
        <ele>433</ele>
        <time>2024-11-26T04:23:17Z</time>
        <cmt>speed: 0.1</cmt>
      </trkpt>
      <trkpt lat="47.359757" lon="8.557604">
        <ele>454</ele>
        <time>2024-11-26T04:33:18Z</time>
        <cmt>speed: 0.2</cmt>
      </trkpt>
      <trkpt lat="47.359663" lon="8.557488">
        <ele>422</ele>
        <time>2024-11-26T04:43:16Z</time>
        <cmt>speed: 0.7</cmt>
      </trkpt>
      <trkpt lat="47.359663" lon="8.557488">
        <ele>422</ele>
        <time>2024-11-26T04:53:11Z</time>
      </trkpt>
      <trkpt lat="47.359756" lon="8.556716">
        <ele>433</ele>
        <time>2024-11-26T04:53:19Z</time>
        <cmt>speed: 0.0</cmt>
      </trkpt>
      <trkpt lat="47.360127" lon="8.557399">
        <ele>404</ele>
        <time>2024-11-26T05:03:17Z</time>
        <cmt>speed: 0.5</cmt>
      </trkpt>
      <trkpt lat="47.360378" lon="8.557816">
        <ele>426</ele>
        <time>2024-11-26T05:13:19Z</time>
        <cmt>speed: 1.0</cmt>
      </trkpt>
      <trkpt lat="47.36066" lon="8.559224">
        <ele>486</ele>
        <time>2024-11-26T05:23:16Z</time>
        <cmt>speed: 3.0</cmt>
      </trkpt>
      <trkpt lat="47.361081" lon="8.560212">
        <ele>439</ele>
        <time>2024-11-26T05:33:17Z</time>
        <cmt>speed: 1.8</cmt>
      </trkpt>
      <trkpt lat="47.359413" lon="8.56053">
        <ele>414</ele>
        <time>2024-11-26T05:43:18Z</time>
        <cmt>speed: 0.3</cmt>
      </trkpt>
      <trkpt lat="47.358687" lon="8.562375">
        <ele>443</ele>
        <time>2024-11-26T05:53:17Z</time>
        <cmt>speed: 0.2</cmt>
      </trkpt>
      <trkpt lat="47.358453" lon="8.563273">
        <ele>432</ele>
        <time>2024-11-26T06:03:16Z</time>
        <cmt>speed: 0.3</cmt>
      </trkpt>
      <trkpt lat="47.358592" lon="8.561378">
        <ele>476</ele>
        <time>2024-11-26T06:13:17Z</time>
        <cmt>speed: 0.2</cmt>
      </trkpt>
      <trkpt lat="47.358612" lon="8.562659">
        <ele>429</ele>
        <time>2024-11-26T06:23:18Z</time>
        <cmt>speed: 0.2</cmt>
      </trkpt>
      <trkpt lat="47.358665" lon="8.562632">
        <ele>456</ele>
        <time>2024-11-26T06:33:16Z</time>
        <cmt>speed: 0.1</cmt>
      </trkpt>
      <trkpt lat="47.358665" lon="8.562444">
        <ele>443</ele>
        <time>2024-11-26T06:43:17Z</time>
        <cmt>speed: 0.9</cmt>
      </trkpt>
      <trkpt lat="47.358602" lon="8.562895">
        <ele>438</ele>
        <time>2024-11-26T06:53:16Z</time>
        <cmt>speed: 0.3</cmt>
      </trkpt>
      <trkpt lat="47.358266" lon="8.563392">
        <ele>439</ele>
        <time>2024-11-26T07:03:17Z</time>
        <cmt>speed: 0.0</cmt>
      </trkpt>
      <trkpt lat="47.358266" lon="8.563392">
        <ele>439</ele>
        <time>2024-11-26T07:13:09Z</time>
      </trkpt>
      <trkpt lat="47.358211" lon="8.563783">
        <ele>444</ele>
        <time>2024-11-26T07:13:17Z</time>
        <cmt>speed: 0.2</cmt>
      </trkpt>
      <trkpt lat="47.358184" lon="8.563338">
        <ele>465</ele>
        <time>2024-11-26T07:23:17Z</time>
        <cmt>speed: 0.5</cmt>
      </trkpt>
      <trkpt lat="47.358184" lon="8.563338">
        <ele>465</ele>
        <time>2024-11-26T07:29:35Z</time>
      </trkpt>
      <trkpt lat="47.358285" lon="8.563525">
        <ele>480</ele>
        <time>2024-11-26T07:34:37Z</time>
        <cmt>speed: 0.2</cmt>
      </trkpt>
      <trkpt lat="47.357739" lon="8.563885">
        <ele>443</ele>
        <time>2024-11-26T07:44:37Z</time>
        <cmt>speed: 0.2</cmt>
      </trkpt>
      <trkpt lat="47.357739" lon="8.563885">
        <ele>443</ele>
        <time>2024-11-26T07:49:35Z</time>
      </trkpt>
      <trkpt lat="47.357744" lon="8.563882">
        <ele>430</ele>
        <time>2024-11-26T08:03:25Z</time>
        <cmt>speed: 0.2</cmt>
      </trkpt>
      <trkpt lat="47.357744" lon="8.563882">
        <ele>430</ele>
        <time>2024-11-26T08:13:15Z</time>
      </trkpt>
      <trkpt lat="47.357729" lon="8.56371">
        <ele>425</ele>
        <time>2024-11-26T08:13:24Z</time>
        <cmt>speed: 1.0</cmt>
      </trkpt>
      <trkpt lat="47.357925" lon="8.563831">
        <ele>449</ele>
        <time>2024-11-26T08:23:25Z</time>
        <cmt>speed: 0.3</cmt>
      </trkpt>
      <trkpt lat="47.357925" lon="8.563831">
        <ele>449</ele>
        <time>2024-11-26T08:33:16Z</time>
      </trkpt>
      <trkpt lat="47.357852" lon="8.563747">
        <ele>452</ele>
        <time>2024-11-26T08:33:25Z</time>
        <cmt>speed: 0.4</cmt>
      </trkpt>
      <trkpt lat="47.357449" lon="8.563958">
        <ele>471</ele>
        <time>2024-11-26T08:43:25Z</time>
        <cmt>speed: 0.7</cmt>
      </trkpt>
      <trkpt lat="47.357479" lon="8.563554">
        <ele>452</ele>
        <time>2024-11-26T08:53:26Z</time>
        <cmt>speed: 0.4</cmt>
      </trkpt>
      <trkpt lat="47.357861" lon="8.563837">
        <ele>427</ele>
        <time>2024-11-26T09:03:25Z</time>
        <cmt>speed: 0.7</cmt>
      </trkpt>
      <trkpt lat="47.357861" lon="8.563837">
        <ele>427</ele>
        <time>2024-11-26T09:13:16Z</time>
      </trkpt>
      <trkpt lat="47.357729" lon="8.563762">
        <ele>450</ele>
        <time>2024-11-26T09:13:25Z</time>
        <cmt>speed: 0.2</cmt>
      </trkpt>
      <trkpt lat="47.357081" lon="8.563719">
        <ele>471</ele>
        <time>2024-11-26T09:23:24Z</time>
        <cmt>speed: 0.3</cmt>
      </trkpt>
      <trkpt lat="47.357012" lon="8.563683">
        <ele>442</ele>
        <time>2024-11-26T09:33:25Z</time>
        <cmt>speed: 0.2</cmt>
      </trkpt>
      <trkpt lat="47.35775" lon="8.563853">
        <ele>445</ele>
        <time>2024-11-26T09:43:25Z</time>
        <cmt>speed: 1.4</cmt>
      </trkpt>
      <trkpt lat="47.357655" lon="8.563884">
        <ele>448</ele>
        <time>2024-11-26T09:53:25Z</time>
        <cmt>speed: 3.5</cmt>
      </trkpt>
      <trkpt lat="47.357539" lon="8.564057">
        <ele>458</ele>
        <time>2024-11-26T10:03:25Z</time>
        <cmt>speed: 1.2</cmt>
      </trkpt>
      <trkpt lat="47.357608" lon="8.563865">
        <ele>455</ele>
        <time>2024-11-26T10:13:25Z</time>
        <cmt>speed: 0.2</cmt>
      </trkpt>
      <trkpt lat="47.357461" lon="8.563784">
        <ele>438</ele>
        <time>2024-11-26T10:23:24Z</time>
        <cmt>speed: 0.0</cmt>
      </trkpt>
      <trkpt lat="47.357461" lon="8.563784">
        <ele>438</ele>
        <time>2024-11-26T10:33:16Z</time>
      </trkpt>
      <trkpt lat="47.357107" lon="8.563746">
        <ele>439</ele>
        <time>2024-11-26T10:33:25Z</time>
        <cmt>speed: 0.1</cmt>
      </trkpt>
      <trkpt lat="47.357293" lon="8.56322">
        <ele>402</ele>
        <time>2024-11-26T10:43:25Z</time>
        <cmt>speed: 0.0</cmt>
      </trkpt>
      <trkpt lat="47.357293" lon="8.56322">
        <ele>402</ele>
        <time>2024-11-26T10:53:16Z</time>
      </trkpt>
      <trkpt lat="47.357825" lon="8.563724">
        <ele>432</ele>
        <time>2024-11-26T10:53:25Z</time>
        <cmt>speed: 1.4</cmt>
      </trkpt>
      <trkpt lat="47.357868" lon="8.563695">
        <ele>451</ele>
        <time>2024-11-26T11:03:26Z</time>
        <cmt>speed: 0.1</cmt>
      </trkpt>
      <trkpt lat="47.357868" lon="8.563695">
        <ele>451</ele>
        <time>2024-11-26T11:13:16Z</time>
      </trkpt>
      <trkpt lat="47.357828" lon="8.563816">
        <ele>447</ele>
        <time>2024-11-26T11:13:25Z</time>
        <cmt>speed: 0.3</cmt>
      </trkpt>
      <trkpt lat="47.357938" lon="8.56383">
        <ele>447</ele>
        <time>2024-11-26T11:23:27Z</time>
        <cmt>speed: 0.1</cmt>
      </trkpt>
      <trkpt lat="47.357938" lon="8.56383">
        <ele>447</ele>
        <time>2024-11-26T11:33:17Z</time>
      </trkpt>
      <trkpt lat="47.358071" lon="8.563908">
        <ele>444</ele>
        <time>2024-11-26T11:33:26Z</time>
        <cmt>speed: 0.1</cmt>
      </trkpt>
      <trkpt lat="47.357812" lon="8.563544">
        <ele>459</ele>
        <time>2024-11-26T11:43:26Z</time>
        <cmt>speed: 0.0</cmt>
      </trkpt>
      <trkpt lat="47.357812" lon="8.563544">
        <ele>459</ele>
        <time>2024-11-26T11:53:15Z</time>
      </trkpt>
      <trkpt lat="47.357538" lon="8.563801">
        <ele>505</ele>
        <time>2024-11-26T11:53:25Z</time>
        <cmt>speed: 0.3</cmt>
      </trkpt>
      <trkpt lat="47.357456" lon="8.563748">
        <ele>440</ele>
        <time>2024-11-26T12:03:54Z</time>
        <cmt>speed: 0.0</cmt>
      </trkpt>
      <trkpt lat="47.357914" lon="8.563499">
        <ele>447</ele>
        <time>2024-11-26T12:13:25Z</time>
        <cmt>speed: 0.2</cmt>
      </trkpt>
      <trkpt lat="47.358331" lon="8.56413">
        <ele>439</ele>
        <time>2024-11-26T12:23:25Z</time>
        <cmt>speed: 0.5</cmt>
      </trkpt>
      <trkpt lat="47.358716" lon="8.564499">
        <ele>447</ele>
        <time>2024-11-26T12:33:28Z</time>
        <cmt>speed: 0.3</cmt>
      </trkpt>
      <trkpt lat="47.358408" lon="8.56462">
        <ele>468</ele>
        <time>2024-11-26T12:43:25Z</time>
        <cmt>speed: 0.9</cmt>
      </trkpt>
      <trkpt lat="47.358408" lon="8.56462">
        <ele>468</ele>
        <time>2024-11-26T12:53:15Z</time>
      </trkpt>
      <trkpt lat="47.358455" lon="8.564601">
        <ele>426</ele>
        <time>2024-11-26T12:53:25Z</time>
        <cmt>speed: 0.5</cmt>
      </trkpt>
      <trkpt lat="47.358504" lon="8.564672">
        <ele>418</ele>
        <time>2024-11-26T13:03:25Z</time>
        <cmt>speed: 0.7</cmt>
      </trkpt>
      <trkpt lat="47.358504" lon="8.564672">
        <ele>418</ele>
        <time>2024-11-26T13:13:16Z</time>
      </trkpt>
      <trkpt lat="47.358244" lon="8.564852">
        <ele>412</ele>
        <time>2024-11-26T13:13:25Z</time>
        <cmt>speed: 1.9</cmt>
      </trkpt>
      <trkpt lat="47.358301" lon="8.564584">
        <ele>434</ele>
        <time>2024-11-26T13:23:26Z</time>
        <cmt>speed: 0.5</cmt>
      </trkpt>
      <trkpt lat="47.358301" lon="8.564584">
        <ele>434</ele>
        <time>2024-11-26T13:33:15Z</time>
      </trkpt>
      <trkpt lat="47.358505" lon="8.564774">
        <ele>442</ele>
        <time>2024-11-26T13:33:25Z</time>
        <cmt>speed: 0.3</cmt>
      </trkpt>
      <trkpt lat="47.358521" lon="8.564567">
        <ele>441</ele>
        <time>2024-11-26T13:43:25Z</time>
        <cmt>speed: 0.3</cmt>
      </trkpt>
      <trkpt lat="47.358361" lon="8.564586">
        <ele>459</ele>
        <time>2024-11-26T13:53:26Z</time>
        <cmt>speed: 0.4</cmt>
      </trkpt>
      <trkpt lat="47.358339" lon="8.564919">
        <ele>458</ele>
        <time>2024-11-26T14:03:28Z</time>
        <cmt>speed: 0.2</cmt>
      </trkpt>
      <trkpt lat="47.358739" lon="8.564884">
        <ele>442</ele>
        <time>2024-11-26T14:13:42Z</time>
        <cmt>speed: 0.5</cmt>
      </trkpt>
      <trkpt lat="47.358379" lon="8.564357">
        <ele>424</ele>
        <time>2024-11-26T14:23:25Z</time>
        <cmt>speed: 0.1</cmt>
      </trkpt>
      <trkpt lat="47.358379" lon="8.564357">
        <ele>424</ele>
        <time>2024-11-26T14:33:15Z</time>
      </trkpt>
      <trkpt lat="47.35847" lon="8.564544">
        <ele>448</ele>
        <time>2024-11-26T14:33:25Z</time>
        <cmt>speed: 0.1</cmt>
      </trkpt>
      <trkpt lat="47.358976" lon="8.563033">
        <ele>425</ele>
        <time>2024-11-26T14:43:27Z</time>
        <cmt>speed: 1.0</cmt>
      </trkpt>
      <trkpt lat="47.358976" lon="8.563033">
        <ele>425</ele>
        <time>2024-11-26T14:53:16Z</time>
      </trkpt>
      <trkpt lat="47.358897" lon="8.562476">
        <ele>419</ele>
        <time>2024-11-26T14:53:26Z</time>
        <cmt>speed: 0.2</cmt>
      </trkpt>
      <trkpt lat="47.358778" lon="8.562585">
        <ele>415</ele>
        <time>2024-11-26T15:03:25Z</time>
        <cmt>speed: 0.4</cmt>
      </trkpt>
      <trkpt lat="47.358778" lon="8.562585">
        <ele>415</ele>
        <time>2024-11-26T15:13:16Z</time>
      </trkpt>
      <trkpt lat="47.358741" lon="8.562823">
        <ele>452</ele>
        <time>2024-11-26T15:13:26Z</time>
        <cmt>speed: 0.1</cmt>
      </trkpt>
      <trkpt lat="47.360264" lon="8.562945">
        <ele>421</ele>
        <time>2024-11-26T15:23:29Z</time>
        <cmt>speed: 1.8</cmt>
      </trkpt>
      <trkpt lat="47.359974" lon="8.56367">
        <ele>434</ele>
        <time>2024-11-26T15:23:38Z</time>
      </trkpt>
      <trkpt lat="47.359959" lon="8.563643">
        <ele>434</ele>
        <time>2024-11-26T15:30:49Z</time>
      </trkpt>
      <trkpt lat="47.359959" lon="8.563643">
        <ele>434</ele>
        <time>2024-11-26T15:45:49Z</time>
      </trkpt>
      <trkpt lat="47.359959" lon="8.563643">
        <ele>434</ele>
        <time>2024-11-26T18:07:33Z</time>
      </trkpt>
      <trkpt lat="47.359927" lon="8.562215">
        <ele>465</ele>
        <time>2024-11-26T18:07:58Z</time>
        <cmt>speed: 0.2</cmt>
      </trkpt>
      <trkpt lat="47.360169" lon="8.559934">
        <ele>437</ele>
        <time>2024-11-26T18:17:40Z</time>
        <cmt>speed: 2.9</cmt>
      </trkpt>
      <trkpt lat="47.359703" lon="8.558113">
        <ele>422</ele>
        <time>2024-11-26T18:27:39Z</time>
        <cmt>speed: 0.6</cmt>
      </trkpt>
      <trkpt lat="47.360422" lon="8.55802">
        <ele>414</ele>
        <time>2024-11-26T18:37:40Z</time>
        <cmt>speed: 0.1</cmt>
      </trkpt>
      <trkpt lat="47.360422" lon="8.55802">
        <ele>414</ele>
        <time>2024-11-26T18:47:40Z</time>
      </trkpt>
      <trkpt lat="47.360273" lon="8.55796">
        <ele>420</ele>
        <time>2024-11-26T18:47:41Z</time>
        <cmt>speed: 0.0</cmt>
      </trkpt>
      <trkpt lat="47.36032" lon="8.557828">
        <ele>430</ele>
        <time>2024-11-26T18:57:38Z</time>
        <cmt>speed: 0.0</cmt>
      </trkpt>
      <trkpt lat="47.360258" lon="8.557669">
        <ele>446</ele>
        <time>2024-11-26T19:07:39Z</time>
        <cmt>speed: 0.9</cmt>
      </trkpt>
      <trkpt lat="47.360799" lon="8.557781">
        <ele>431</ele>
        <time>2024-11-26T19:17:40Z</time>
        <cmt>speed: 0.1</cmt>
      </trkpt>
      <trkpt lat="47.360412" lon="8.560178">
        <ele>417</ele>
        <time>2024-11-26T19:27:38Z</time>
        <cmt>speed: 0.1</cmt>
      </trkpt>
      <trkpt lat="47.359936" lon="8.561226">
        <ele>411</ele>
        <time>2024-11-26T19:37:37Z</time>
        <cmt>speed: 0.4</cmt>
      </trkpt>
      <trkpt lat="47.360207" lon="8.562251">
        <ele>435</ele>
        <time>2024-11-26T19:47:49Z</time>
        <cmt>speed: 1.4</cmt>
      </trkpt>
      <trkpt lat="47.359974" lon="8.56367">
        <ele>434</ele>
        <time>2024-11-26T19:53:28Z</time>
      </trkpt>
      <trkpt lat="47.359974" lon="8.56367">
        <ele>434</ele>
        <time>2024-11-26T20:08:28Z</time>
      </trkpt>
      <trkpt lat="47.360562" lon="8.562544">
        <ele>438</ele>
        <time>2024-11-27T04:31:35Z</time>
        <cmt>speed: 2.3</cmt>
      </trkpt>
      <trkpt lat="47.359763" lon="8.558658">
        <ele>445</ele>
        <time>2024-11-27T04:41:34Z</time>
        <cmt>speed: 0.2</cmt>
      </trkpt>
      <trkpt lat="47.360497" lon="8.557668">
        <ele>423</ele>
        <time>2024-11-27T04:51:35Z</time>
        <cmt>speed: 0.0</cmt>
      </trkpt>
      <trkpt lat="47.360886" lon="8.557674">
        <ele>458</ele>
        <time>2024-11-27T05:01:40Z</time>
        <cmt>speed: 0.1</cmt>
      </trkpt>
      <trkpt lat="47.360429" lon="8.558774">
        <ele>405</ele>
        <time>2024-11-27T05:11:34Z</time>
        <cmt>speed: 0.7</cmt>
      </trkpt>
      <trkpt lat="47.359874" lon="8.56163">
        <ele>424</ele>
        <time>2024-11-27T05:21:33Z</time>
        <cmt>speed: 1.2</cmt>
      </trkpt>
      <trkpt lat="47.359354" lon="8.562424">
        <ele>452</ele>
        <time>2024-11-27T05:31:34Z</time>
        <cmt>speed: 0.6</cmt>
      </trkpt>
      <trkpt lat="47.358741" lon="8.56105">
        <ele>494</ele>
        <time>2024-11-27T05:41:33Z</time>
        <cmt>speed: 0.1</cmt>
      </trkpt>
      <trkpt lat="47.359639" lon="8.561404">
        <ele>436</ele>
        <time>2024-11-27T05:51:39Z</time>
        <cmt>speed: 1.6</cmt>
      </trkpt>
      <trkpt lat="47.360093" lon="8.561619">
        <ele>463</ele>
        <time>2024-11-27T06:01:40Z</time>
        <cmt>speed: 0.1</cmt>
      </trkpt>
      <trkpt lat="47.360093" lon="8.561619">
        <ele>463</ele>
        <time>2024-11-27T06:11:40Z</time>
      </trkpt>
      <trkpt lat="47.359891" lon="8.561486">
        <ele>452</ele>
        <time>2024-11-27T06:11:46Z</time>
        <cmt>speed: 0.0</cmt>
      </trkpt>
      <trkpt lat="47.359877" lon="8.56159">
        <ele>409</ele>
        <time>2024-11-27T06:21:40Z</time>
        <cmt>speed: 0.6</cmt>
      </trkpt>
      <trkpt lat="47.360101" lon="8.561337">
        <ele>456</ele>
        <time>2024-11-27T06:41:55Z</time>
        <cmt>speed: 0.1</cmt>
      </trkpt>
      <trkpt lat="47.360101" lon="8.561337">
        <ele>456</ele>
        <time>2024-11-27T06:51:36Z</time>
      </trkpt>
      <trkpt lat="47.360076" lon="8.561436">
        <ele>433</ele>
        <time>2024-11-27T06:51:42Z</time>
        <cmt>speed: 0.3</cmt>
      </trkpt>
      <trkpt lat="47.360085" lon="8.561274">
        <ele>485</ele>
        <time>2024-11-27T07:01:59Z</time>
        <cmt>speed: 0.6</cmt>
      </trkpt>
      <trkpt lat="47.360085" lon="8.561274">
        <ele>485</ele>
        <time>2024-11-27T07:11:42Z</time>
      </trkpt>
      <trkpt lat="47.360101" lon="8.561566">
        <ele>419</ele>
        <time>2024-11-27T07:11:48Z</time>
        <cmt>speed: 0.1</cmt>
      </trkpt>
      <trkpt lat="47.360101" lon="8.561566">
        <ele>419</ele>
        <time>2024-11-27T07:31:36Z</time>
      </trkpt>
      <trkpt lat="47.360091" lon="8.56148">
        <ele>410</ele>
        <time>2024-11-27T07:31:42Z</time>
        <cmt>speed: 0.2</cmt>
      </trkpt>
      <trkpt lat="47.360054" lon="8.561304">
        <ele>453</ele>
        <time>2024-11-27T07:42:07Z</time>
        <cmt>speed: 0.7</cmt>
      </trkpt>
      <trkpt lat="47.359959" lon="8.562752">
        <ele>492</ele>
        <time>2024-11-27T07:51:36Z</time>
        <cmt>speed: 2.0</cmt>
      </trkpt>
      <trkpt lat="47.359959" lon="8.563643">
        <ele>434</ele>
        <time>2024-11-27T07:52:49Z</time>
      </trkpt>
      <trkpt lat="47.359887" lon="8.563443">
        <ele>448</ele>
        <time>2024-11-27T08:01:50Z</time>
        <cmt>speed: 0.0</cmt>
      </trkpt>
      <trkpt lat="47.359468" lon="8.563538">
        <ele>481</ele>
        <time>2024-11-27T08:11:34Z</time>
        <cmt>speed: 0.4</cmt>
      </trkpt>
      <trkpt lat="47.358567" lon="8.563876">
        <ele>447</ele>
        <time>2024-11-27T08:21:34Z</time>
        <cmt>speed: 0.0</cmt>
      </trkpt>
      <trkpt lat="47.358567" lon="8.563876">
        <ele>447</ele>
        <time>2024-11-27T08:21:44Z</time>
      </trkpt>
      <trkpt lat="47.358657" lon="8.563803">
        <ele>443</ele>
        <time>2024-11-27T08:31:36Z</time>
        <cmt>speed: 0.5</cmt>
      </trkpt>
      <trkpt lat="47.358461" lon="8.563997">
        <ele>459</ele>
        <time>2024-11-27T08:41:34Z</time>
        <cmt>speed: 0.5</cmt>
      </trkpt>
      <trkpt lat="47.358335" lon="8.563951">
        <ele>439</ele>
        <time>2024-11-27T08:51:33Z</time>
        <cmt>speed: 0.6</cmt>
      </trkpt>
      <trkpt lat="47.358267" lon="8.564327">
        <ele>471</ele>
        <time>2024-11-27T09:01:35Z</time>
        <cmt>speed: 0.2</cmt>
      </trkpt>
      <trkpt lat="47.358267" lon="8.564327">
        <ele>471</ele>
        <time>2024-11-27T09:01:44Z</time>
      </trkpt>
      <trkpt lat="47.357821" lon="8.563826">
        <ele>459</ele>
        <time>2024-11-27T09:11:34Z</time>
        <cmt>speed: 0.4</cmt>
      </trkpt>
      <trkpt lat="47.357695" lon="8.563402">
        <ele>448</ele>
        <time>2024-11-27T09:21:33Z</time>
        <cmt>speed: 1.2</cmt>
      </trkpt>
      <trkpt lat="47.35787" lon="8.562545">
        <ele>414</ele>
        <time>2024-11-27T09:31:45Z</time>
        <cmt>speed: 0.6</cmt>
      </trkpt>
      <trkpt lat="47.358266" lon="8.560432">
        <ele>463</ele>
        <time>2024-11-27T09:41:35Z</time>
        <cmt>speed: 4.4</cmt>
      </trkpt>
      <trkpt lat="47.359094" lon="8.560952">
        <ele>445</ele>
        <time>2024-11-27T09:51:35Z</time>
        <cmt>speed: 0.0</cmt>
      </trkpt>
      <trkpt lat="47.359094" lon="8.560952">
        <ele>445</ele>
        <time>2024-11-27T10:01:27Z</time>
      </trkpt>
      <trkpt lat="47.358865" lon="8.562517">
        <ele>428</ele>
        <time>2024-11-27T10:01:34Z</time>
        <cmt>speed: 0.7</cmt>
      </trkpt>
      <trkpt lat="47.358671" lon="8.56234">
        <ele>432</ele>
        <time>2024-11-27T10:11:34Z</time>
        <cmt>speed: 1.4</cmt>
      </trkpt>
      <trkpt lat="47.358671" lon="8.56234">
        <ele>432</ele>
        <time>2024-11-27T10:21:28Z</time>
      </trkpt>
      <trkpt lat="47.358718" lon="8.562414">
        <ele>432</ele>
        <time>2024-11-27T10:21:35Z</time>
        <cmt>speed: 0.6</cmt>
      </trkpt>
      <trkpt lat="47.35876" lon="8.562352">
        <ele>430</ele>
        <time>2024-11-27T10:34:47Z</time>
        <cmt>speed: 0.3</cmt>
      </trkpt>
      <trkpt lat="47.35847" lon="8.562543">
        <ele>397</ele>
        <time>2024-11-27T10:44:46Z</time>
        <cmt>speed: 0.4</cmt>
      </trkpt>
      <trkpt lat="47.358476" lon="8.562668">
        <ele>401</ele>
        <time>2024-11-27T10:54:46Z</time>
        <cmt>speed: 0.1</cmt>
      </trkpt>
      <trkpt lat="47.35883" lon="8.563372">
        <ele>458</ele>
        <time>2024-11-27T11:04:50Z</time>
        <cmt>speed: 0.2</cmt>
      </trkpt>
      <trkpt lat="47.359015" lon="8.562625">
        <ele>442</ele>
        <time>2024-11-27T11:14:51Z</time>
        <cmt>speed: 2.0</cmt>
      </trkpt>
      <trkpt lat="47.359375" lon="8.561587">
        <ele>465</ele>
        <time>2024-11-27T11:24:56Z</time>
        <cmt>speed: 0.6</cmt>
      </trkpt>
      <trkpt lat="47.359161" lon="8.561615">
        <ele>458</ele>
        <time>2024-11-27T11:35:03Z</time>
        <cmt>speed: 0.3</cmt>
      </trkpt>
      <trkpt lat="47.359161" lon="8.561615">
        <ele>458</ele>
        <time>2024-11-27T11:44:48Z</time>
      </trkpt>
      <trkpt lat="47.359329" lon="8.561859">
        <ele>433</ele>
        <time>2024-11-27T11:44:55Z</time>
        <cmt>speed: 1.2</cmt>
      </trkpt>
      <trkpt lat="47.359618" lon="8.561501">
        <ele>474</ele>
        <time>2024-11-27T11:55:12Z</time>
        <cmt>speed: 1.6</cmt>
      </trkpt>
      <trkpt lat="47.359417" lon="8.562258">
        <ele>465</ele>
        <time>2024-11-27T12:15:30Z</time>
        <cmt>speed: 0.2</cmt>
      </trkpt>
      <trkpt lat="47.359417" lon="8.562258">
        <ele>465</ele>
        <time>2024-11-27T12:24:46Z</time>
      </trkpt>
      <trkpt lat="47.359384" lon="8.56191">
        <ele>444</ele>
        <time>2024-11-27T12:24:54Z</time>
        <cmt>speed: 1.9</cmt>
      </trkpt>
      <trkpt lat="47.359269" lon="8.561972">
        <ele>449</ele>
        <time>2024-11-27T12:34:55Z</time>
        <cmt>speed: 0.3</cmt>
      </trkpt>
      <trkpt lat="47.359269" lon="8.561972">
        <ele>449</ele>
        <time>2024-11-27T12:44:39Z</time>
      </trkpt>
      <trkpt lat="47.359352" lon="8.561851">
        <ele>455</ele>
        <time>2024-11-27T12:44:47Z</time>
        <cmt>speed: 0.2</cmt>
      </trkpt>
      <trkpt lat="47.359353" lon="8.561874">
        <ele>418</ele>
        <time>2024-11-27T13:14:54Z</time>
        <cmt>speed: 0.1</cmt>
      </trkpt>
      <trkpt lat="47.359353" lon="8.561874">
        <ele>418</ele>
        <time>2024-11-27T13:24:47Z</time>
      </trkpt>
      <trkpt lat="47.359332" lon="8.56201">
        <ele>475</ele>
        <time>2024-11-27T13:24:55Z</time>
        <cmt>speed: 0.1</cmt>
      </trkpt>
      <trkpt lat="47.359045" lon="8.56165">
        <ele>455</ele>
        <time>2024-11-27T13:34:47Z</time>
        <cmt>speed: 0.1</cmt>
      </trkpt>
      <trkpt lat="47.358603" lon="8.562478">
        <ele>448</ele>
        <time>2024-11-27T13:44:47Z</time>
        <cmt>speed: 0.1</cmt>
      </trkpt>
      <trkpt lat="47.358558" lon="8.562384">
        <ele>430</ele>
        <time>2024-11-27T13:54:47Z</time>
        <cmt>speed: 0.2</cmt>
      </trkpt>
      <trkpt lat="47.358558" lon="8.562384">
        <ele>430</ele>
        <time>2024-11-27T14:04:38Z</time>
      </trkpt>
      <trkpt lat="47.358237" lon="8.562766">
        <ele>412</ele>
        <time>2024-11-27T14:04:46Z</time>
        <cmt>speed: 0.3</cmt>
      </trkpt>
      <trkpt lat="47.358533" lon="8.562924">
        <ele>429</ele>
        <time>2024-11-27T14:14:46Z</time>
        <cmt>speed: 0.5</cmt>
      </trkpt>
      <trkpt lat="47.358437" lon="8.564642">
        <ele>443</ele>
        <time>2024-11-27T14:24:49Z</time>
        <cmt>speed: 0.9</cmt>
      </trkpt>
      <trkpt lat="47.358439" lon="8.56482">
        <ele>434</ele>
        <time>2024-11-27T14:34:47Z</time>
        <cmt>speed: 0.2</cmt>
      </trkpt>
      <trkpt lat="47.358433" lon="8.564609">
        <ele>456</ele>
        <time>2024-11-27T14:44:48Z</time>
        <cmt>speed: 0.4</cmt>
      </trkpt>
      <trkpt lat="47.358429" lon="8.564703">
        <ele>464</ele>
        <time>2024-11-27T14:54:48Z</time>
        <cmt>speed: 0.5</cmt>
      </trkpt>
      <trkpt lat="47.35825" lon="8.564182">
        <ele>450</ele>
        <time>2024-11-27T15:04:46Z</time>
        <cmt>speed: 0.2</cmt>
      </trkpt>
      <trkpt lat="47.358231" lon="8.563476">
        <ele>427</ele>
        <time>2024-11-27T15:14:48Z</time>
        <cmt>speed: 0.0</cmt>
      </trkpt>
      <trkpt lat="47.358231" lon="8.563476">
        <ele>427</ele>
        <time>2024-11-27T15:21:27Z</time>
      </trkpt>
      <trkpt lat="47.357854" lon="8.563711">
        <ele>452</ele>
        <time>2024-11-27T15:24:46Z</time>
        <cmt>speed: 0.2</cmt>
      </trkpt>
      <trkpt lat="47.357707" lon="8.563596">
        <ele>443</ele>
        <time>2024-11-27T15:34:47Z</time>
        <cmt>speed: 0.2</cmt>
      </trkpt>
      <trkpt lat="47.357707" lon="8.563596">
        <ele>443</ele>
        <time>2024-11-27T15:44:38Z</time>
      </trkpt>
      <trkpt lat="47.357664" lon="8.563463">
        <ele>460</ele>
        <time>2024-11-27T15:44:47Z</time>
        <cmt>speed: 0.3</cmt>
      </trkpt>
      <trkpt lat="47.35766" lon="8.563688">
        <ele>454</ele>
        <time>2024-11-27T15:54:48Z</time>
        <cmt>speed: 0.0</cmt>
      </trkpt>
      <trkpt lat="47.35766" lon="8.563688">
        <ele>454</ele>
        <time>2024-11-27T16:04:37Z</time>
      </trkpt>
      <trkpt lat="47.357733" lon="8.563437">
        <ele>444</ele>
        <time>2024-11-27T16:04:46Z</time>
        <cmt>speed: 0.2</cmt>
      </trkpt>
      <trkpt lat="47.35774" lon="8.563436">
        <ele>445</ele>
        <time>2024-11-27T16:15:09Z</time>
        <cmt>speed: 0.0</cmt>
      </trkpt>
      <trkpt lat="47.35774" lon="8.563436">
        <ele>445</ele>
        <time>2024-11-27T16:24:58Z</time>
      </trkpt>
      <trkpt lat="47.357723" lon="8.563459">
        <ele>443</ele>
        <time>2024-11-27T16:25:07Z</time>
        <cmt>speed: 0.4</cmt>
      </trkpt>
      <trkpt lat="47.357493" lon="8.561184">
        <ele>476</ele>
        <time>2024-11-27T16:35:10Z</time>
        <cmt>speed: 1.4</cmt>
      </trkpt>
      <trkpt lat="47.359505" lon="8.559699">
        <ele>411</ele>
        <time>2024-11-27T16:45:19Z</time>
        <cmt>speed: 0.4</cmt>
      </trkpt>
      <trkpt lat="47.360307" lon="8.561682">
        <ele>436</ele>
        <time>2024-11-27T16:55:08Z</time>
        <cmt>speed: 0.2</cmt>
      </trkpt>
      <trkpt lat="47.359974" lon="8.56367">
        <ele>434</ele>
        <time>2024-11-27T16:57:49Z</time>
      </trkpt>
      <trkpt lat="47.359974" lon="8.56367">
        <ele>434</ele>
        <time>2024-11-27T17:12:49Z</time>
      </trkpt>
      <trkpt lat="47.359974" lon="8.56367">
        <ele>434</ele>
        <time>2024-11-28T05:13:00Z</time>
      </trkpt>
      <trkpt lat="47.360459" lon="8.563268">
        <ele>389</ele>
        <time>2024-11-28T05:48:59Z</time>
        <cmt>speed: 2.3</cmt>
      </trkpt>
      <trkpt lat="47.360364" lon="8.561455">
        <ele>422</ele>
        <time>2024-11-28T05:56:22Z</time>
        <cmt>speed: 2.7</cmt>
      </trkpt>
      <trkpt lat="47.360374" lon="8.561552">
        <ele>426</ele>
        <time>2024-11-28T05:56:26Z</time>
        <cmt>speed: 0.0</cmt>
      </trkpt>
      <trkpt lat="47.360378" lon="8.561464">
        <ele>425</ele>
        <time>2024-11-28T05:56:30Z</time>
        <cmt>speed: 0.8</cmt>
      </trkpt>
      <trkpt lat="47.360337" lon="8.561431">
        <ele>432</ele>
        <time>2024-11-28T05:56:34Z</time>
        <cmt>speed: 1.4</cmt>
      </trkpt>
      <trkpt lat="47.360004" lon="8.561149">
        <ele>420</ele>
        <time>2024-11-28T05:58:51Z</time>
        <cmt>speed: 0.7</cmt>
      </trkpt>
      <trkpt lat="47.359761" lon="8.558">
        <ele>444</ele>
        <time>2024-11-28T06:08:52Z</time>
        <cmt>speed: 0.2</cmt>
      </trkpt>
      <trkpt lat="47.360509" lon="8.557752">
        <ele>441</ele>
        <time>2024-11-28T06:18:54Z</time>
        <cmt>speed: 0.8</cmt>
      </trkpt>
      <trkpt lat="47.36056" lon="8.557804">
        <ele>425</ele>
        <time>2024-11-28T06:28:51Z</time>
        <cmt>speed: 0.2</cmt>
      </trkpt>
      <trkpt lat="47.36056" lon="8.557804">
        <ele>425</ele>
        <time>2024-11-28T06:38:55Z</time>
      </trkpt>
      <trkpt lat="47.360237" lon="8.55763">
        <ele>428</ele>
        <time>2024-11-28T06:38:57Z</time>
        <cmt>speed: 0.3</cmt>
      </trkpt>
      <trkpt lat="47.36035" lon="8.558003">
        <ele>450</ele>
        <time>2024-11-28T06:48:59Z</time>
        <cmt>speed: 0.2</cmt>
      </trkpt>
      <trkpt lat="47.36035" lon="8.558003">
        <ele>450</ele>
        <time>2024-11-28T06:58:57Z</time>
      </trkpt>
      <trkpt lat="47.360299" lon="8.557564">
        <ele>408</ele>
        <time>2024-11-28T06:58:59Z</time>
        <cmt>speed: 1.1</cmt>
      </trkpt>
      <trkpt lat="47.360411" lon="8.557935">
        <ele>430</ele>
        <time>2024-11-28T07:09:00Z</time>
        <cmt>speed: 0.3</cmt>
      </trkpt>
      <trkpt lat="47.360411" lon="8.557935">
        <ele>430</ele>
        <time>2024-11-28T07:16:15Z</time>
      </trkpt>
      <trkpt lat="47.360393" lon="8.557926">
        <ele>434</ele>
        <time>2024-11-28T07:19:02Z</time>
        <cmt>speed: 0.0</cmt>
      </trkpt>
      <trkpt lat="47.360367" lon="8.558145">
        <ele>410</ele>
        <time>2024-11-28T07:29:02Z</time>
        <cmt>speed: 0.1</cmt>
      </trkpt>
      <trkpt lat="47.360367" lon="8.558145">
        <ele>410</ele>
        <time>2024-11-28T07:38:59Z</time>
      </trkpt>
      <trkpt lat="47.360217" lon="8.55891">
        <ele>425</ele>
        <time>2024-11-28T07:39:01Z</time>
        <cmt>speed: 0.2</cmt>
      </trkpt>
      <trkpt lat="47.360337" lon="8.560606">
        <ele>458</ele>
        <time>2024-11-28T07:49:00Z</time>
        <cmt>speed: 0.3</cmt>
      </trkpt>
      <trkpt lat="47.360107" lon="8.561137">
        <ele>433</ele>
        <time>2024-11-28T07:58:57Z</time>
        <cmt>speed: 0.4</cmt>
      </trkpt>
      <trkpt lat="47.360119" lon="8.56194">
        <ele>470</ele>
        <time>2024-11-28T08:09:17Z</time>
        <cmt>speed: 0.0</cmt>
      </trkpt>
      <trkpt lat="47.360172" lon="8.561529">
        <ele>439</ele>
        <time>2024-11-28T08:21:21Z</time>
        <cmt>speed: 0.3</cmt>
      </trkpt>
      <trkpt lat="47.360195" lon="8.561572">
        <ele>437</ele>
        <time>2024-11-28T08:31:26Z</time>
        <cmt>speed: 0.0</cmt>
      </trkpt>
      <trkpt lat="47.360195" lon="8.561572">
        <ele>437</ele>
        <time>2024-11-28T08:36:15Z</time>
      </trkpt>
      <trkpt lat="47.360211" lon="8.561477">
        <ele>418</ele>
        <time>2024-11-28T08:41:03Z</time>
        <cmt>speed: 0.1</cmt>
      </trkpt>
      <trkpt lat="47.360161" lon="8.561405">
        <ele>408</ele>
        <time>2024-11-28T08:51:17Z</time>
        <cmt>speed: 0.0</cmt>
      </trkpt>
      <trkpt lat="47.360161" lon="8.561405">
        <ele>408</ele>
        <time>2024-11-28T09:01:10Z</time>
      </trkpt>
      <trkpt lat="47.360176" lon="8.561507">
        <ele>436</ele>
        <time>2024-11-28T09:01:12Z</time>
        <cmt>speed: 0.6</cmt>
      </trkpt>
      <trkpt lat="47.360167" lon="8.561453">
        <ele>426</ele>
        <time>2024-11-28T09:11:02Z</time>
        <cmt>speed: 0.1</cmt>
      </trkpt>
      <trkpt lat="47.360167" lon="8.561453">
        <ele>426</ele>
        <time>2024-11-28T09:21:01Z</time>
      </trkpt>
      <trkpt lat="47.360123" lon="8.561451">
        <ele>414</ele>
        <time>2024-11-28T09:21:03Z</time>
        <cmt>speed: 0.0</cmt>
      </trkpt>
      <trkpt lat="47.360141" lon="8.561422">
        <ele>420</ele>
        <time>2024-11-28T09:30:59Z</time>
        <cmt>speed: 0.3</cmt>
      </trkpt>
      <trkpt lat="47.360075" lon="8.561645">
        <ele>419</ele>
        <time>2024-11-28T09:41:06Z</time>
        <cmt>speed: 0.7</cmt>
      </trkpt>
      <trkpt lat="47.36026" lon="8.5619">
        <ele>393</ele>
        <time>2024-11-28T09:51:05Z</time>
        <cmt>speed: 0.3</cmt>
      </trkpt>
      <trkpt lat="47.360121" lon="8.561786">
        <ele>449</ele>
        <time>2024-11-28T10:01:19Z</time>
        <cmt>speed: 0.4</cmt>
      </trkpt>
      <trkpt lat="47.360231" lon="8.561704">
        <ele>429</ele>
        <time>2024-11-28T10:11:25Z</time>
        <cmt>speed: 0.7</cmt>
      </trkpt>
      <trkpt lat="47.359959" lon="8.563643">
        <ele>434</ele>
        <time>2024-11-28T10:16:08Z</time>
      </trkpt>
      <trkpt lat="47.359959" lon="8.563643">
        <ele>434</ele>
        <time>2024-11-28T10:31:08Z</time>
      </trkpt>
      <trkpt lat="47.359815" lon="8.562471">
        <ele>461</ele>
        <time>2024-11-28T16:31:37Z</time>
        <cmt>speed: 0.2</cmt>
      </trkpt>
      <trkpt lat="47.359207" lon="8.562068">
        <ele>426</ele>
        <time>2024-11-28T16:41:28Z</time>
        <cmt>speed: 0.0</cmt>
      </trkpt>
      <trkpt lat="47.35908" lon="8.562026">
        <ele>441</ele>
        <time>2024-11-28T16:51:28Z</time>
        <cmt>speed: 3.0</cmt>
      </trkpt>
      <trkpt lat="47.357857" lon="8.563336">
        <ele>461</ele>
        <time>2024-11-28T17:01:29Z</time>
        <cmt>speed: 0.4</cmt>
      </trkpt>
      <trkpt lat="47.357857" lon="8.563336">
        <ele>461</ele>
        <time>2024-11-28T17:11:24Z</time>
      </trkpt>
      <trkpt lat="47.357693" lon="8.563111">
        <ele>503</ele>
        <time>2024-11-28T17:11:29Z</time>
        <cmt>speed: 0.9</cmt>
      </trkpt>
      <trkpt lat="47.357826" lon="8.56313">
        <ele>420</ele>
        <time>2024-11-28T17:21:29Z</time>
        <cmt>speed: 0.1</cmt>
      </trkpt>
      <trkpt lat="47.35763" lon="8.563971">
        <ele>423</ele>
        <time>2024-11-28T17:31:30Z</time>
        <cmt>speed: 0.0</cmt>
      </trkpt>
      <trkpt lat="47.357505" lon="8.561871">
        <ele>452</ele>
        <time>2024-11-28T17:41:30Z</time>
        <cmt>speed: 1.8</cmt>
      </trkpt>
      <trkpt lat="47.357505" lon="8.561871">
        <ele>452</ele>
        <time>2024-11-28T17:51:23Z</time>
      </trkpt>
      <trkpt lat="47.358323" lon="8.560601">
        <ele>444</ele>
        <time>2024-11-28T17:51:28Z</time>
        <cmt>speed: 1.2</cmt>
      </trkpt>
      <trkpt lat="47.358706" lon="8.560761">
        <ele>404</ele>
        <time>2024-11-28T18:01:30Z</time>
        <cmt>speed: 0.2</cmt>
      </trkpt>
      <trkpt lat="47.358748" lon="8.560688">
        <ele>431</ele>
        <time>2024-11-28T18:11:38Z</time>
        <cmt>speed: 1.2</cmt>
      </trkpt>
      <trkpt lat="47.359292" lon="8.559699">
        <ele>454</ele>
        <time>2024-11-28T18:21:34Z</time>
        <cmt>speed: 0.6</cmt>
      </trkpt>
      <trkpt lat="47.360063" lon="8.55916">
        <ele>372</ele>
        <time>2024-11-28T18:31:29Z</time>
        <cmt>speed: 0.1</cmt>
      </trkpt>
      <trkpt lat="47.359797" lon="8.559043">
        <ele>435</ele>
        <time>2024-11-28T18:41:30Z</time>
        <cmt>speed: 0.1</cmt>
      </trkpt>
      <trkpt lat="47.35987" lon="8.556898">
        <ele>418</ele>
        <time>2024-11-28T18:51:30Z</time>
        <cmt>speed: 0.3</cmt>
      </trkpt>
      <trkpt lat="47.359546" lon="8.55693">
        <ele>436</ele>
        <time>2024-11-28T19:01:30Z</time>
        <cmt>speed: 1.0</cmt>
      </trkpt>
      <trkpt lat="47.360741" lon="8.557862">
        <ele>398</ele>
        <time>2024-11-28T19:11:35Z</time>
        <cmt>speed: 0.3</cmt>
      </trkpt>
      <trkpt lat="47.360577" lon="8.557674">
        <ele>432</ele>
        <time>2024-11-28T19:21:35Z</time>
        <cmt>speed: 0.0</cmt>
      </trkpt>
      <trkpt lat="47.360577" lon="8.557674">
        <ele>432</ele>
        <time>2024-11-28T19:31:32Z</time>
      </trkpt>
      <trkpt lat="47.360651" lon="8.557733">
        <ele>433</ele>
        <time>2024-11-28T19:31:39Z</time>
        <cmt>speed: 0.1</cmt>
      </trkpt>
      <trkpt lat="47.360328" lon="8.557668">
        <ele>458</ele>
        <time>2024-11-28T19:41:37Z</time>
        <cmt>speed: 1.0</cmt>
      </trkpt>
      <trkpt lat="47.36017" lon="8.5594">
        <ele>422</ele>
        <time>2024-11-28T19:51:32Z</time>
        <cmt>speed: 0.5</cmt>
      </trkpt>
      <trkpt lat="47.360226" lon="8.561034">
        <ele>455</ele>
        <time>2024-11-28T20:01:32Z</time>
        <cmt>speed: 0.2</cmt>
      </trkpt>
      <trkpt lat="47.360447" lon="8.561952">
        <ele>459</ele>
        <time>2024-11-28T20:11:31Z</time>
        <cmt>speed: 0.7</cmt>
      </trkpt>
      <trkpt lat="47.359677" lon="8.563395">
        <ele>411</ele>
        <time>2024-11-28T20:21:34Z</time>
        <cmt>speed: 0.1</cmt>
      </trkpt>
      <trkpt lat="47.359974" lon="8.56367">
        <ele>434</ele>
        <time>2024-11-28T20:26:02Z</time>
      </trkpt>
      <trkpt lat="47.359974" lon="8.56367">
        <ele>434</ele>
        <time>2024-11-28T20:41:02Z</time>
      </trkpt>
      <trkpt lat="47.359974" lon="8.56367">
        <ele>434</ele>
        <time>2024-11-29T07:25:41Z</time>
      </trkpt>
      <trkpt lat="47.359974" lon="8.56367">
        <ele>434</ele>
        <time>2024-11-29T07:36:02Z</time>
      </trkpt>
      <trkpt lat="47.360652" lon="8.561677">
        <ele>464</ele>
        <time>2024-11-29T07:36:03Z</time>
        <cmt>speed: 0.7</cmt>
      </trkpt>
      <trkpt lat="47.36004" lon="8.561808">
        <ele>453</ele>
        <time>2024-11-29T07:46:01Z</time>
        <cmt>speed: 0.2</cmt>
      </trkpt>
      <trkpt lat="47.360161" lon="8.56151">
        <ele>437</ele>
        <time>2024-11-29T07:55:57Z</time>
        <cmt>speed: 0.1</cmt>
      </trkpt>
      <trkpt lat="47.360161" lon="8.56151">
        <ele>437</ele>
        <time>2024-11-29T07:56:02Z</time>
      </trkpt>
      <trkpt lat="47.359947" lon="8.56206">
        <ele>472</ele>
        <time>2024-11-29T08:05:53Z</time>
        <cmt>speed: 1.1</cmt>
      </trkpt>
      <trkpt lat="47.359947" lon="8.56206">
        <ele>472</ele>
        <time>2024-11-29T08:16:06Z</time>
      </trkpt>
      <trkpt lat="47.360089" lon="8.561749">
        <ele>449</ele>
        <time>2024-11-29T08:16:07Z</time>
        <cmt>speed: 0.2</cmt>
      </trkpt>
      <trkpt lat="47.360143" lon="8.561773">
        <ele>450</ele>
        <time>2024-11-29T08:25:55Z</time>
        <cmt>speed: 0.9</cmt>
      </trkpt>
      <trkpt lat="47.360084" lon="8.561669">
        <ele>444</ele>
        <time>2024-11-29T08:35:59Z</time>
        <cmt>speed: 0.0</cmt>
      </trkpt>
      <trkpt lat="47.360137" lon="8.561735">
        <ele>437</ele>
        <time>2024-11-29T08:46:02Z</time>
        <cmt>speed: 0.0</cmt>
      </trkpt>
      <trkpt lat="47.360269" lon="8.559355">
        <ele>430</ele>
        <time>2024-11-29T08:55:49Z</time>
        <cmt>speed: 0.1</cmt>
      </trkpt>
      <trkpt lat="47.360638" lon="8.558867">
        <ele>475</ele>
        <time>2024-11-29T09:05:46Z</time>
        <cmt>speed: 0.5</cmt>
      </trkpt>
      <trkpt lat="47.360406" lon="8.558087">
        <ele>418</ele>
        <time>2024-11-29T09:15:48Z</time>
      </trkpt>
      <trkpt lat="47.360406" lon="8.558087">
        <ele>418</ele>
        <time>2024-11-29T09:15:48Z</time>
        <cmt>speed: 0.2</cmt>
      </trkpt>
      <trkpt lat="47.360212" lon="8.557593">
        <ele>431</ele>
        <time>2024-11-29T09:35:52Z</time>
        <cmt>speed: 0.3</cmt>
      </trkpt>
      <trkpt lat="47.360687" lon="8.557606">
        <ele>411</ele>
        <time>2024-11-29T09:46:11Z</time>
        <cmt>speed: 0.9</cmt>
      </trkpt>
      <trkpt lat="47.360687" lon="8.557606">
        <ele>411</ele>
        <time>2024-11-29T09:56:00Z</time>
      </trkpt>
      <trkpt lat="47.360698" lon="8.557836">
        <ele>435</ele>
        <time>2024-11-29T09:56:01Z</time>
        <cmt>speed: 0.2</cmt>
      </trkpt>
      <trkpt lat="47.360833" lon="8.557845">
        <ele>434</ele>
        <time>2024-11-29T10:06:19Z</time>
        <cmt>speed: 0.4</cmt>
      </trkpt>
      <trkpt lat="47.360361" lon="8.558085">
        <ele>405</ele>
        <time>2024-11-29T10:25:47Z</time>
        <cmt>speed: 0.5</cmt>
      </trkpt>
      <trkpt lat="47.360361" lon="8.558085">
        <ele>405</ele>
        <time>2024-11-29T10:36:02Z</time>
      </trkpt>
      <trkpt lat="47.359926" lon="8.558532">
        <ele>464</ele>
        <time>2024-11-29T10:36:03Z</time>
        <cmt>speed: 0.6</cmt>
      </trkpt>
      <trkpt lat="47.359969" lon="8.558711">
        <ele>465</ele>
        <time>2024-11-29T10:45:48Z</time>
        <cmt>speed: 0.3</cmt>
      </trkpt>
      <trkpt lat="47.360108" lon="8.55877">
        <ele>430</ele>
        <time>2024-11-29T11:46:05Z</time>
        <cmt>speed: 0.7</cmt>
      </trkpt>
      <trkpt lat="47.360315" lon="8.55885">
        <ele>383</ele>
        <time>2024-11-29T11:56:00Z</time>
        <cmt>speed: 0.9</cmt>
      </trkpt>
      <trkpt lat="47.36011" lon="8.559347">
        <ele>449</ele>
        <time>2024-11-29T14:37:21Z</time>
        <cmt>speed: 1.0</cmt>
      </trkpt>
      <trkpt lat="47.360629" lon="8.561096">
        <ele>426</ele>
        <time>2024-11-29T14:47:03Z</time>
        <cmt>speed: 0.7</cmt>
      </trkpt>
      <trkpt lat="47.359779" lon="8.563577">
        <ele>478</ele>
        <time>2024-11-29T14:57:04Z</time>
        <cmt>speed: 1.3</cmt>
      </trkpt>
      <trkpt lat="47.358829" lon="8.563779">
        <ele>484</ele>
        <time>2024-11-29T15:06:58Z</time>
        <cmt>speed: 0.1</cmt>
      </trkpt>
      <trkpt lat="47.358829" lon="8.563779">
        <ele>484</ele>
        <time>2024-11-29T15:16:45Z</time>
      </trkpt>
      <trkpt lat="47.358611" lon="8.564581">
        <ele>471</ele>
        <time>2024-11-29T15:16:48Z</time>
        <cmt>speed: 0.3</cmt>
      </trkpt>
      <trkpt lat="47.358448" lon="8.56469">
        <ele>487</ele>
        <time>2024-11-29T15:27:25Z</time>
        <cmt>speed: 0.2</cmt>
      </trkpt>
      <trkpt lat="47.35844" lon="8.564793">
        <ele>447</ele>
        <time>2024-11-29T15:37:29Z</time>
        <cmt>speed: 0.0</cmt>
      </trkpt>
      <trkpt lat="47.358425" lon="8.565027">
        <ele>448</ele>
        <time>2024-11-29T15:46:50Z</time>
        <cmt>speed: 0.8</cmt>
      </trkpt>
      <trkpt lat="47.358425" lon="8.565027">
        <ele>448</ele>
        <time>2024-11-29T15:56:55Z</time>
      </trkpt>
      <trkpt lat="47.358481" lon="8.564939">
        <ele>438</ele>
        <time>2024-11-29T15:56:58Z</time>
        <cmt>speed: 0.3</cmt>
      </trkpt>
      <trkpt lat="47.358447" lon="8.565086">
        <ele>453</ele>
        <time>2024-11-29T16:06:49Z</time>
        <cmt>speed: 1.0</cmt>
      </trkpt>
      <trkpt lat="47.358174" lon="8.56502">
        <ele>446</ele>
        <time>2024-11-29T16:17:27Z</time>
        <cmt>speed: 1.6</cmt>
      </trkpt>
      <trkpt lat="47.358321" lon="8.565147">
        <ele>442</ele>
        <time>2024-11-29T16:37:09Z</time>
        <cmt>speed: 0.4</cmt>
      </trkpt>
      <trkpt lat="47.357914" lon="8.564402">
        <ele>462</ele>
        <time>2024-11-29T16:46:51Z</time>
        <cmt>speed: 0.5</cmt>
      </trkpt>
      <trkpt lat="47.357453" lon="8.564836">
        <ele>445</ele>
        <time>2024-11-29T16:56:50Z</time>
        <cmt>speed: 0.2</cmt>
      </trkpt>
      <trkpt lat="47.357792" lon="8.564297">
        <ele>491</ele>
        <time>2024-11-29T17:06:50Z</time>
        <cmt>speed: 0.3</cmt>
      </trkpt>
      <trkpt lat="47.357496" lon="8.564891">
        <ele>466</ele>
        <time>2024-11-29T17:16:49Z</time>
        <cmt>speed: 0.2</cmt>
      </trkpt>
      <trkpt lat="47.357097" lon="8.563811">
        <ele>446</ele>
        <time>2024-11-29T17:26:57Z</time>
        <cmt>speed: 0.4</cmt>
      </trkpt>
      <trkpt lat="47.358177" lon="8.563057">
        <ele>457</ele>
        <time>2024-11-29T17:36:51Z</time>
        <cmt>speed: 0.1</cmt>
      </trkpt>
      <trkpt lat="47.357964" lon="8.562963">
        <ele>430</ele>
        <time>2024-11-29T17:46:51Z</time>
        <cmt>speed: 0.1</cmt>
      </trkpt>
      <trkpt lat="47.357964" lon="8.562963">
        <ele>430</ele>
        <time>2024-11-29T17:56:58Z</time>
      </trkpt>
      <trkpt lat="47.357972" lon="8.563057">
        <ele>424</ele>
        <time>2024-11-29T17:57:02Z</time>
        <cmt>speed: 2.0</cmt>
      </trkpt>
      <trkpt lat="47.359841" lon="8.56178">
        <ele>410</ele>
        <time>2024-11-29T18:06:51Z</time>
        <cmt>speed: 0.1</cmt>
      </trkpt>
      <trkpt lat="47.359974" lon="8.56367">
        <ele>434</ele>
        <time>2024-11-29T18:09:52Z</time>
      </trkpt>
      <trkpt lat="47.359974" lon="8.56367">
        <ele>434</ele>
        <time>2024-11-29T18:24:52Z</time>
      </trkpt>
    </trkseg>
  </trk>
</gpx>
