<?xml version="1.0"?>
<gpx creator="Tractive GeoData Util" version="1.1" xmlns="http://www.topografix.com/GPX/1/1" xmlns:xsi="http://www.w3.org/2001/XMLSchema-instance" xsi:schemaLocation="http://www.topografix.com/GPX/1/1 http://www.topografix.com/GPX/1/1/gpx.xsd">
  <metadata>
    <link href="https://tractive.com">
      <text>Generated by Tractive Platform Service</text>
    </link>
  </metadata>
  <trk>
    <name>Tracker UDQAWWIU, 2024-07-31T22:03:19+00:00 2024-08-30T20:13:29+00:00</name>
    <trkseg>
      <trkpt lat="47.359958" lon="8.559888">
        <ele>425</ele>
        <time>2024-07-31T22:03:19Z</time>
        <cmt>speed: 0.3</cmt>
      </trkpt>
      <trkpt lat="47.360255" lon="8.560955">
        <ele>425</ele>
        <time>2024-07-31T22:13:36Z</time>
        <cmt>speed: 2.2</cmt>
      </trkpt>
      <trkpt lat="47.360255" lon="8.560955">
        <ele>425</ele>
        <time>2024-07-31T22:23:15Z</time>
      </trkpt>
      <trkpt lat="47.359056" lon="8.562971">
        <ele>441</ele>
        <time>2024-07-31T22:23:18Z</time>
        <cmt>speed: 0.2</cmt>
      </trkpt>
      <trkpt lat="47.358631" lon="8.563129">
        <ele>436</ele>
        <time>2024-07-31T22:33:17Z</time>
        <cmt>speed: 3.3</cmt>
      </trkpt>
      <trkpt lat="47.358631" lon="8.563129">
        <ele>436</ele>
        <time>2024-07-31T22:43:14Z</time>
      </trkpt>
      <trkpt lat="47.35864" lon="8.563248">
        <ele>458</ele>
        <time>2024-07-31T22:43:18Z</time>
        <cmt>speed: 0.2</cmt>
      </trkpt>
      <trkpt lat="47.358797" lon="8.563232">
        <ele>449</ele>
        <time>2024-07-31T22:53:17Z</time>
        <cmt>speed: 2.2</cmt>
      </trkpt>
      <trkpt lat="47.358276" lon="8.563188">
        <ele>446</ele>
        <time>2024-07-31T23:03:18Z</time>
        <cmt>speed: 0.2</cmt>
      </trkpt>
      <trkpt lat="47.358515" lon="8.563485">
        <ele>486</ele>
        <time>2024-07-31T23:13:18Z</time>
        <cmt>speed: 0.6</cmt>
      </trkpt>
      <trkpt lat="47.358532" lon="8.563404">
        <ele>457</ele>
        <time>2024-07-31T23:23:17Z</time>
        <cmt>speed: 0.8</cmt>
      </trkpt>
      <trkpt lat="47.358668" lon="8.563351">
        <ele>446</ele>
        <time>2024-07-31T23:33:19Z</time>
        <cmt>speed: 0.5</cmt>
      </trkpt>
      <trkpt lat="47.358668" lon="8.563351">
        <ele>446</ele>
        <time>2024-07-31T23:43:15Z</time>
      </trkpt>
      <trkpt lat="47.358602" lon="8.565341">
        <ele>429</ele>
        <time>2024-07-31T23:43:19Z</time>
        <cmt>speed: 0.5</cmt>
      </trkpt>
      <trkpt lat="47.358697" lon="8.566016">
        <ele>427</ele>
        <time>2024-07-31T23:53:24Z</time>
        <cmt>speed: 0.2</cmt>
      </trkpt>
      <trkpt lat="47.359974" lon="8.56367">
        <ele>434</ele>
        <time>2024-08-01T00:02:31Z</time>
      </trkpt>
      <trkpt lat="47.359974" lon="8.56367">
        <ele>434</ele>
        <time>2024-08-01T00:17:31Z</time>
      </trkpt>
      <trkpt lat="47.359974" lon="8.56367">
        <ele>434</ele>
        <time>2024-08-01T02:46:49Z</time>
      </trkpt>
      <trkpt lat="47.359769" lon="8.564459">
        <ele>457</ele>
        <time>2024-08-01T02:47:17Z</time>
        <cmt>speed: 0.1</cmt>
      </trkpt>
      <trkpt lat="47.358915" lon="8.565331">
        <ele>440</ele>
        <time>2024-08-01T02:56:55Z</time>
        <cmt>speed: 0.1</cmt>
      </trkpt>
      <trkpt lat="47.358576" lon="8.566177">
        <ele>470</ele>
        <time>2024-08-01T03:06:55Z</time>
        <cmt>speed: 0.2</cmt>
      </trkpt>
      <trkpt lat="47.358576" lon="8.566177">
        <ele>470</ele>
        <time>2024-08-01T03:07:13Z</time>
      </trkpt>
      <trkpt lat="47.358423" lon="8.565824">
        <ele>458</ele>
        <time>2024-08-01T03:16:56Z</time>
        <cmt>speed: 0.0</cmt>
      </trkpt>
      <trkpt lat="47.357826" lon="8.565932">
        <ele>468</ele>
        <time>2024-08-01T03:26:59Z</time>
        <cmt>speed: 1.1</cmt>
      </trkpt>
      <trkpt lat="47.357747" lon="8.565868">
        <ele>462</ele>
        <time>2024-08-01T03:36:55Z</time>
        <cmt>speed: 1.1</cmt>
      </trkpt>
      <trkpt lat="47.357747" lon="8.565868">
        <ele>462</ele>
        <time>2024-08-01T03:46:54Z</time>
      </trkpt>
      <trkpt lat="47.358388" lon="8.565995">
        <ele>457</ele>
        <time>2024-08-01T03:46:56Z</time>
        <cmt>speed: 0.3</cmt>
      </trkpt>
      <trkpt lat="47.358813" lon="8.565405">
        <ele>452</ele>
        <time>2024-08-01T03:56:56Z</time>
        <cmt>speed: 0.1</cmt>
      </trkpt>
      <trkpt lat="47.358247" lon="8.565799">
        <ele>456</ele>
        <time>2024-08-01T04:06:56Z</time>
        <cmt>speed: 0.5</cmt>
      </trkpt>
      <trkpt lat="47.357339" lon="8.565952">
        <ele>447</ele>
        <time>2024-08-01T04:16:56Z</time>
        <cmt>speed: 0.2</cmt>
      </trkpt>
      <trkpt lat="47.357481" lon="8.565594">
        <ele>455</ele>
        <time>2024-08-01T04:26:56Z</time>
        <cmt>speed: 0.0</cmt>
      </trkpt>
      <trkpt lat="47.357344" lon="8.565731">
        <ele>448</ele>
        <time>2024-08-01T04:36:56Z</time>
        <cmt>speed: 0.9</cmt>
      </trkpt>
      <trkpt lat="47.357344" lon="8.565731">
        <ele>448</ele>
        <time>2024-08-01T04:46:52Z</time>
      </trkpt>
      <trkpt lat="47.357387" lon="8.565576">
        <ele>472</ele>
        <time>2024-08-01T04:46:56Z</time>
        <cmt>speed: 0.6</cmt>
      </trkpt>
      <trkpt lat="47.357848" lon="8.565396">
        <ele>481</ele>
        <time>2024-08-01T04:56:58Z</time>
        <cmt>speed: 1.3</cmt>
      </trkpt>
      <trkpt lat="47.357848" lon="8.565396">
        <ele>481</ele>
        <time>2024-08-01T05:06:53Z</time>
      </trkpt>
      <trkpt lat="47.357514" lon="8.565519">
        <ele>456</ele>
        <time>2024-08-01T05:06:58Z</time>
        <cmt>speed: 0.6</cmt>
      </trkpt>
      <trkpt lat="47.357622" lon="8.565486">
        <ele>477</ele>
        <time>2024-08-01T05:17:00Z</time>
        <cmt>speed: 0.2</cmt>
      </trkpt>
      <trkpt lat="47.357622" lon="8.565486">
        <ele>477</ele>
        <time>2024-08-01T05:26:55Z</time>
      </trkpt>
      <trkpt lat="47.357449" lon="8.565421">
        <ele>457</ele>
        <time>2024-08-01T05:26:59Z</time>
        <cmt>speed: 0.3</cmt>
      </trkpt>
      <trkpt lat="47.357456" lon="8.565418">
        <ele>427</ele>
        <time>2024-08-01T05:36:56Z</time>
        <cmt>speed: 0.0</cmt>
      </trkpt>
      <trkpt lat="47.357479" lon="8.56552">
        <ele>460</ele>
        <time>2024-08-01T05:46:57Z</time>
        <cmt>speed: 0.2</cmt>
      </trkpt>
      <trkpt lat="47.35718" lon="8.565446">
        <ele>436</ele>
        <time>2024-08-01T05:56:56Z</time>
        <cmt>speed: 0.4</cmt>
      </trkpt>
      <trkpt lat="47.357176" lon="8.565371">
        <ele>437</ele>
        <time>2024-08-01T06:06:56Z</time>
        <cmt>speed: 0.0</cmt>
      </trkpt>
      <trkpt lat="47.357315" lon="8.565987">
        <ele>442</ele>
        <time>2024-08-01T06:17:00Z</time>
        <cmt>speed: 0.5</cmt>
      </trkpt>
      <trkpt lat="47.357315" lon="8.565987">
        <ele>442</ele>
        <time>2024-08-01T06:26:52Z</time>
      </trkpt>
      <trkpt lat="47.357515" lon="8.565537">
        <ele>462</ele>
        <time>2024-08-01T06:26:57Z</time>
        <cmt>speed: 0.0</cmt>
      </trkpt>
      <trkpt lat="47.357976" lon="8.56547">
        <ele>455</ele>
        <time>2024-08-01T06:36:57Z</time>
        <cmt>speed: 0.9</cmt>
      </trkpt>
      <trkpt lat="47.358683" lon="8.565035">
        <ele>436</ele>
        <time>2024-08-01T06:46:55Z</time>
        <cmt>speed: 1.2</cmt>
      </trkpt>
      <trkpt lat="47.359586" lon="8.562082">
        <ele>449</ele>
        <time>2024-08-01T06:56:56Z</time>
        <cmt>speed: 0.7</cmt>
      </trkpt>
      <trkpt lat="47.358159" lon="8.560574">
        <ele>443</ele>
        <time>2024-08-01T07:06:59Z</time>
        <cmt>speed: 0.7</cmt>
      </trkpt>
      <trkpt lat="47.357807" lon="8.560799">
        <ele>446</ele>
        <time>2024-08-01T07:17:00Z</time>
        <cmt>speed: 0.1</cmt>
      </trkpt>
      <trkpt lat="47.357807" lon="8.560799">
        <ele>446</ele>
        <time>2024-08-01T07:27:01Z</time>
      </trkpt>
      <trkpt lat="47.357961" lon="8.560557">
        <ele>476</ele>
        <time>2024-08-01T07:27:06Z</time>
        <cmt>speed: 0.4</cmt>
      </trkpt>
      <trkpt lat="47.357961" lon="8.560557">
        <ele>476</ele>
        <time>2024-08-01T08:07:12Z</time>
      </trkpt>
      <trkpt lat="47.357994" lon="8.560836">
        <ele>400</ele>
        <time>2024-08-01T08:07:17Z</time>
        <cmt>speed: 0.7</cmt>
      </trkpt>
      <trkpt lat="47.357888" lon="8.560756">
        <ele>475</ele>
        <time>2024-08-01T08:17:04Z</time>
        <cmt>speed: 0.3</cmt>
      </trkpt>
      <trkpt lat="47.357888" lon="8.560756">
        <ele>475</ele>
        <time>2024-08-01T08:27:03Z</time>
      </trkpt>
      <trkpt lat="47.357785" lon="8.560849">
        <ele>442</ele>
        <time>2024-08-01T08:27:08Z</time>
        <cmt>speed: 1.1</cmt>
      </trkpt>
      <trkpt lat="47.357957" lon="8.560826">
        <ele>483</ele>
        <time>2024-08-01T08:37:05Z</time>
        <cmt>speed: 0.2</cmt>
      </trkpt>
      <trkpt lat="47.358003" lon="8.560967">
        <ele>456</ele>
        <time>2024-08-01T09:17:05Z</time>
        <cmt>speed: 2.6</cmt>
      </trkpt>
      <trkpt lat="47.357775" lon="8.560881">
        <ele>449</ele>
        <time>2024-08-01T09:37:26Z</time>
        <cmt>speed: 0.3</cmt>
      </trkpt>
      <trkpt lat="47.357801" lon="8.560677">
        <ele>448</ele>
        <time>2024-08-01T09:47:00Z</time>
        <cmt>speed: 0.0</cmt>
      </trkpt>
      <trkpt lat="47.357925" lon="8.560733">
        <ele>430</ele>
        <time>2024-08-01T09:56:59Z</time>
        <cmt>speed: 0.3</cmt>
      </trkpt>
      <trkpt lat="47.357744" lon="8.560911">
        <ele>446</ele>
        <time>2024-08-01T10:28:01Z</time>
        <cmt>speed: 0.6</cmt>
      </trkpt>
      <trkpt lat="47.357744" lon="8.560911">
        <ele>446</ele>
        <time>2024-08-01T12:29:29Z</time>
      </trkpt>
      <trkpt lat="47.357775" lon="8.560807">
        <ele>418</ele>
        <time>2024-08-01T12:29:35Z</time>
        <cmt>speed: 0.3</cmt>
      </trkpt>
      <trkpt lat="47.357858" lon="8.56072">
        <ele>434</ele>
        <time>2024-08-01T12:39:19Z</time>
        <cmt>speed: 0.7</cmt>
      </trkpt>
      <trkpt lat="47.357858" lon="8.56072">
        <ele>434</ele>
        <time>2024-08-01T12:49:14Z</time>
      </trkpt>
      <trkpt lat="47.357911" lon="8.560901">
        <ele>438</ele>
        <time>2024-08-01T12:49:20Z</time>
        <cmt>speed: 0.5</cmt>
      </trkpt>
      <trkpt lat="47.357846" lon="8.560836">
        <ele>472</ele>
        <time>2024-08-01T12:59:24Z</time>
        <cmt>speed: 0.0</cmt>
      </trkpt>
      <trkpt lat="47.357846" lon="8.560836">
        <ele>472</ele>
        <time>2024-08-01T13:09:17Z</time>
      </trkpt>
      <trkpt lat="47.357886" lon="8.560873">
        <ele>485</ele>
        <time>2024-08-01T13:09:23Z</time>
        <cmt>speed: 0.1</cmt>
      </trkpt>
      <trkpt lat="47.357783" lon="8.560793">
        <ele>406</ele>
        <time>2024-08-01T13:19:29Z</time>
        <cmt>speed: 0.3</cmt>
      </trkpt>
      <trkpt lat="47.357783" lon="8.560793">
        <ele>406</ele>
        <time>2024-08-01T13:29:27Z</time>
      </trkpt>
      <trkpt lat="47.358012" lon="8.560781">
        <ele>480</ele>
        <time>2024-08-01T13:29:33Z</time>
        <cmt>speed: 0.5</cmt>
      </trkpt>
      <trkpt lat="47.357806" lon="8.561112">
        <ele>414</ele>
        <time>2024-08-01T13:39:33Z</time>
        <cmt>speed: 0.4</cmt>
      </trkpt>
      <trkpt lat="47.357806" lon="8.561112">
        <ele>414</ele>
        <time>2024-08-01T13:49:15Z</time>
      </trkpt>
      <trkpt lat="47.357705" lon="8.560707">
        <ele>477</ele>
        <time>2024-08-01T13:49:21Z</time>
        <cmt>speed: 0.3</cmt>
      </trkpt>
      <trkpt lat="47.357783" lon="8.56133">
        <ele>463</ele>
        <time>2024-08-01T13:59:20Z</time>
        <cmt>speed: 0.6</cmt>
      </trkpt>
      <trkpt lat="47.357783" lon="8.56133">
        <ele>463</ele>
        <time>2024-08-01T14:09:22Z</time>
      </trkpt>
      <trkpt lat="47.357849" lon="8.561116">
        <ele>457</ele>
        <time>2024-08-01T14:09:28Z</time>
        <cmt>speed: 0.0</cmt>
      </trkpt>
      <trkpt lat="47.357744" lon="8.560818">
        <ele>439</ele>
        <time>2024-08-01T14:19:22Z</time>
        <cmt>speed: 0.8</cmt>
      </trkpt>
      <trkpt lat="47.357744" lon="8.560818">
        <ele>439</ele>
        <time>2024-08-01T14:29:22Z</time>
      </trkpt>
      <trkpt lat="47.357789" lon="8.56113">
        <ele>468</ele>
        <time>2024-08-01T14:29:28Z</time>
        <cmt>speed: 0.1</cmt>
      </trkpt>
      <trkpt lat="47.357848" lon="8.560808">
        <ele>455</ele>
        <time>2024-08-01T14:39:27Z</time>
        <cmt>speed: 0.1</cmt>
      </trkpt>
      <trkpt lat="47.357848" lon="8.560808">
        <ele>455</ele>
        <time>2024-08-01T14:49:18Z</time>
      </trkpt>
      <trkpt lat="47.357782" lon="8.560868">
        <ele>430</ele>
        <time>2024-08-01T14:49:24Z</time>
        <cmt>speed: 0.2</cmt>
      </trkpt>
      <trkpt lat="47.35772" lon="8.560803">
        <ele>448</ele>
        <time>2024-08-01T14:59:35Z</time>
        <cmt>speed: 0.5</cmt>
      </trkpt>
      <trkpt lat="47.35772" lon="8.560803">
        <ele>448</ele>
        <time>2024-08-01T15:06:51Z</time>
      </trkpt>
      <trkpt lat="47.357889" lon="8.560719">
        <ele>455</ele>
        <time>2024-08-01T17:49:54Z</time>
        <cmt>speed: 1.6</cmt>
      </trkpt>
      <trkpt lat="47.357815" lon="8.560731">
        <ele>429</ele>
        <time>2024-08-01T17:59:23Z</time>
        <cmt>speed: 0.4</cmt>
      </trkpt>
      <trkpt lat="47.357777" lon="8.56079">
        <ele>434</ele>
        <time>2024-08-01T18:19:27Z</time>
        <cmt>speed: 0.2</cmt>
      </trkpt>
      <trkpt lat="47.357774" lon="8.560849">
        <ele>437</ele>
        <time>2024-08-01T18:29:55Z</time>
        <cmt>speed: 0.2</cmt>
      </trkpt>
      <trkpt lat="47.357912" lon="8.560957">
        <ele>435</ele>
        <time>2024-08-01T18:49:23Z</time>
        <cmt>speed: 0.0</cmt>
      </trkpt>
      <trkpt lat="47.358556" lon="8.560143">
        <ele>464</ele>
        <time>2024-08-01T18:59:22Z</time>
        <cmt>speed: 0.2</cmt>
      </trkpt>
      <trkpt lat="47.358688" lon="8.559852">
        <ele>422</ele>
        <time>2024-08-01T19:02:11Z</time>
        <cmt>speed: 0.0</cmt>
      </trkpt>
      <trkpt lat="47.358656" lon="8.559841">
        <ele>456</ele>
        <time>2024-08-01T19:02:15Z</time>
        <cmt>speed: 0.0</cmt>
      </trkpt>
      <trkpt lat="47.358654" lon="8.559843">
        <ele>458</ele>
        <time>2024-08-01T19:02:19Z</time>
        <cmt>speed: 0.0</cmt>
      </trkpt>
      <trkpt lat="47.358654" lon="8.559843">
        <ele>458</ele>
        <time>2024-08-01T19:02:23Z</time>
        <cmt>speed: 0.0</cmt>
      </trkpt>
      <trkpt lat="47.358627" lon="8.559436">
        <ele>446</ele>
        <time>2024-08-01T19:09:22Z</time>
        <cmt>speed: 0.1</cmt>
      </trkpt>
      <trkpt lat="47.35929" lon="8.560509">
        <ele>461</ele>
        <time>2024-08-01T19:19:24Z</time>
        <cmt>speed: 0.9</cmt>
      </trkpt>
      <trkpt lat="47.358914" lon="8.5611">
        <ele>424</ele>
        <time>2024-08-01T19:29:21Z</time>
        <cmt>speed: 0.3</cmt>
      </trkpt>
      <trkpt lat="47.359974" lon="8.56367">
        <ele>434</ele>
        <time>2024-08-01T19:37:35Z</time>
      </trkpt>
      <trkpt lat="47.359974" lon="8.56367">
        <ele>434</ele>
        <time>2024-08-01T19:52:35Z</time>
      </trkpt>
      <trkpt lat="47.360341" lon="8.56192">
        <ele>408</ele>
        <time>2024-08-02T00:38:10Z</time>
        <cmt>speed: 1.3</cmt>
      </trkpt>
      <trkpt lat="47.360059" lon="8.561808">
        <ele>451</ele>
        <time>2024-08-02T00:48:01Z</time>
        <cmt>speed: 1.3</cmt>
      </trkpt>
      <trkpt lat="47.357969" lon="8.562484">
        <ele>466</ele>
        <time>2024-08-02T00:58:00Z</time>
        <cmt>speed: 0.4</cmt>
      </trkpt>
      <trkpt lat="47.357969" lon="8.562484">
        <ele>466</ele>
        <time>2024-08-02T00:58:07Z</time>
      </trkpt>
      <trkpt lat="47.358087" lon="8.562811">
        <ele>425</ele>
        <time>2024-08-02T01:07:59Z</time>
        <cmt>speed: 0.4</cmt>
      </trkpt>
      <trkpt lat="47.358234" lon="8.562861">
        <ele>489</ele>
        <time>2024-08-02T01:17:59Z</time>
        <cmt>speed: 0.1</cmt>
      </trkpt>
      <trkpt lat="47.358819" lon="8.562084">
        <ele>421</ele>
        <time>2024-08-02T01:27:59Z</time>
        <cmt>speed: 0.5</cmt>
      </trkpt>
      <trkpt lat="47.359133" lon="8.562765">
        <ele>444</ele>
        <time>2024-08-02T01:38:00Z</time>
        <cmt>speed: 0.0</cmt>
      </trkpt>
      <trkpt lat="47.359538" lon="8.564043">
        <ele>447</ele>
        <time>2024-08-02T01:48:01Z</time>
        <cmt>speed: 0.0</cmt>
      </trkpt>
      <trkpt lat="47.359538" lon="8.564043">
        <ele>447</ele>
        <time>2024-08-02T01:57:53Z</time>
      </trkpt>
      <trkpt lat="47.359452" lon="8.563903">
        <ele>425</ele>
        <time>2024-08-02T01:58:01Z</time>
        <cmt>speed: 0.1</cmt>
      </trkpt>
      <trkpt lat="47.359414" lon="8.563793">
        <ele>429</ele>
        <time>2024-08-02T02:08:00Z</time>
        <cmt>speed: 0.2</cmt>
      </trkpt>
      <trkpt lat="47.359538" lon="8.563318">
        <ele>440</ele>
        <time>2024-08-02T02:18:00Z</time>
        <cmt>speed: 0.7</cmt>
      </trkpt>
      <trkpt lat="47.360229" lon="8.56113">
        <ele>433</ele>
        <time>2024-08-02T02:28:00Z</time>
        <cmt>speed: 1.4</cmt>
      </trkpt>
      <trkpt lat="47.360134" lon="8.561212">
        <ele>460</ele>
        <time>2024-08-02T02:38:06Z</time>
        <cmt>speed: 0.3</cmt>
      </trkpt>
      <trkpt lat="47.359687" lon="8.560032">
        <ele>413</ele>
        <time>2024-08-02T02:48:02Z</time>
        <cmt>speed: 0.7</cmt>
      </trkpt>
      <trkpt lat="47.358779" lon="8.561614">
        <ele>417</ele>
        <time>2024-08-02T02:57:58Z</time>
        <cmt>speed: 0.8</cmt>
      </trkpt>
      <trkpt lat="47.357644" lon="8.56233">
        <ele>406</ele>
        <time>2024-08-02T03:08:16Z</time>
        <cmt>speed: 1.2</cmt>
      </trkpt>
      <trkpt lat="47.357792" lon="8.561823">
        <ele>457</ele>
        <time>2024-08-02T03:17:58Z</time>
        <cmt>speed: 1.9</cmt>
      </trkpt>
      <trkpt lat="47.35754" lon="8.56114">
        <ele>433</ele>
        <time>2024-08-02T03:28:09Z</time>
        <cmt>speed: 0.1</cmt>
      </trkpt>
      <trkpt lat="47.357613" lon="8.561086">
        <ele>422</ele>
        <time>2024-08-02T03:38:00Z</time>
        <cmt>speed: 0.3</cmt>
      </trkpt>
      <trkpt lat="47.357045" lon="8.561635">
        <ele>410</ele>
        <time>2024-08-02T03:48:15Z</time>
        <cmt>speed: 0.2</cmt>
      </trkpt>
      <trkpt lat="47.357045" lon="8.561635">
        <ele>410</ele>
        <time>2024-08-02T03:57:53Z</time>
      </trkpt>
      <trkpt lat="47.357144" lon="8.56197">
        <ele>440</ele>
        <time>2024-08-02T03:58:02Z</time>
        <cmt>speed: 0.2</cmt>
      </trkpt>
      <trkpt lat="47.358508" lon="8.562283">
        <ele>466</ele>
        <time>2024-08-02T04:07:57Z</time>
        <cmt>speed: 0.4</cmt>
      </trkpt>
      <trkpt lat="47.358508" lon="8.562283">
        <ele>466</ele>
        <time>2024-08-02T04:17:53Z</time>
      </trkpt>
      <trkpt lat="47.359445" lon="8.56182">
        <ele>447</ele>
        <time>2024-08-02T04:18:01Z</time>
        <cmt>speed: 0.8</cmt>
      </trkpt>
      <trkpt lat="47.359692" lon="8.562305">
        <ele>433</ele>
        <time>2024-08-02T04:27:59Z</time>
        <cmt>speed: 1.1</cmt>
      </trkpt>
      <trkpt lat="47.360241" lon="8.563335">
        <ele>477</ele>
        <time>2024-08-02T04:38:01Z</time>
        <cmt>speed: 0.1</cmt>
      </trkpt>
      <trkpt lat="47.359974" lon="8.56367">
        <ele>434</ele>
        <time>2024-08-02T04:47:19Z</time>
      </trkpt>
      <trkpt lat="47.360204" lon="8.563166">
        <ele>454</ele>
        <time>2024-08-02T04:54:12Z</time>
        <cmt>speed: 0.1</cmt>
      </trkpt>
      <trkpt lat="47.359974" lon="8.56367">
        <ele>434</ele>
        <time>2024-08-02T04:58:52Z</time>
      </trkpt>
      <trkpt lat="47.359974" lon="8.56367">
        <ele>434</ele>
        <time>2024-08-02T05:13:50Z</time>
      </trkpt>
      <trkpt lat="47.359974" lon="8.56367">
        <ele>434</ele>
        <time>2024-08-02T05:13:52Z</time>
      </trkpt>
      <trkpt lat="47.360188" lon="8.563255">
        <ele>443</ele>
        <time>2024-08-02T05:27:58Z</time>
        <cmt>speed: 0.0</cmt>
      </trkpt>
      <trkpt lat="47.359587" lon="8.561381">
        <ele>436</ele>
        <time>2024-08-02T05:37:54Z</time>
        <cmt>speed: 0.6</cmt>
      </trkpt>
      <trkpt lat="47.358867" lon="8.560974">
        <ele>438</ele>
        <time>2024-08-02T05:45:17Z</time>
        <cmt>speed: 0.4</cmt>
      </trkpt>
      <trkpt lat="47.358891" lon="8.560954">
        <ele>447</ele>
        <time>2024-08-02T05:45:21Z</time>
        <cmt>speed: 0.0</cmt>
      </trkpt>
      <trkpt lat="47.358891" lon="8.560954">
        <ele>447</ele>
        <time>2024-08-02T05:45:25Z</time>
        <cmt>speed: 0.0</cmt>
      </trkpt>
      <trkpt lat="47.35883" lon="8.561022">
        <ele>466</ele>
        <time>2024-08-02T05:47:53Z</time>
        <cmt>speed: 0.1</cmt>
      </trkpt>
      <trkpt lat="47.358659" lon="8.560415">
        <ele>475</ele>
        <time>2024-08-02T05:57:55Z</time>
        <cmt>speed: 0.2</cmt>
      </trkpt>
      <trkpt lat="47.358659" lon="8.560415">
        <ele>475</ele>
        <time>2024-08-02T06:07:44Z</time>
      </trkpt>
      <trkpt lat="47.357846" lon="8.560492">
        <ele>436</ele>
        <time>2024-08-02T06:07:53Z</time>
        <cmt>speed: 0.0</cmt>
      </trkpt>
      <trkpt lat="47.357765" lon="8.560471">
        <ele>450</ele>
        <time>2024-08-02T06:30:31Z</time>
        <cmt>speed: 0.7</cmt>
      </trkpt>
      <trkpt lat="47.357607" lon="8.56031">
        <ele>446</ele>
        <time>2024-08-02T06:40:58Z</time>
        <cmt>speed: 1.1</cmt>
      </trkpt>
      <trkpt lat="47.357745" lon="8.560605">
        <ele>438</ele>
        <time>2024-08-02T07:29:00Z</time>
        <cmt>speed: 0.1</cmt>
      </trkpt>
      <trkpt lat="47.357745" lon="8.560605">
        <ele>438</ele>
        <time>2024-08-02T07:49:11Z</time>
      </trkpt>
      <trkpt lat="47.357772" lon="8.560452">
        <ele>437</ele>
        <time>2024-08-02T07:49:20Z</time>
        <cmt>speed: 0.4</cmt>
      </trkpt>
      <trkpt lat="47.35778" lon="8.560598">
        <ele>430</ele>
        <time>2024-08-02T07:59:20Z</time>
        <cmt>speed: 0.3</cmt>
      </trkpt>
      <trkpt lat="47.357891" lon="8.56062">
        <ele>479</ele>
        <time>2024-08-02T08:47:05Z</time>
        <cmt>speed: 1.0</cmt>
      </trkpt>
      <trkpt lat="47.357682" lon="8.560236">
        <ele>451</ele>
        <time>2024-08-02T08:57:06Z</time>
        <cmt>speed: 0.3</cmt>
      </trkpt>
      <trkpt lat="47.357682" lon="8.560236">
        <ele>451</ele>
        <time>2024-08-02T09:06:36Z</time>
      </trkpt>
      <trkpt lat="47.357769" lon="8.560456">
        <ele>443</ele>
        <time>2024-08-02T09:06:45Z</time>
        <cmt>speed: 0.4</cmt>
      </trkpt>
      <trkpt lat="47.357855" lon="8.560407">
        <ele>451</ele>
        <time>2024-08-02T09:16:48Z</time>
        <cmt>speed: 0.1</cmt>
      </trkpt>
      <trkpt lat="47.357855" lon="8.560407">
        <ele>451</ele>
        <time>2024-08-02T09:26:46Z</time>
      </trkpt>
      <trkpt lat="47.357711" lon="8.560242">
        <ele>484</ele>
        <time>2024-08-02T09:26:55Z</time>
        <cmt>speed: 0.2</cmt>
      </trkpt>
      <trkpt lat="47.357711" lon="8.560242">
        <ele>484</ele>
        <time>2024-08-02T09:46:41Z</time>
      </trkpt>
      <trkpt lat="47.357788" lon="8.560379">
        <ele>436</ele>
        <time>2024-08-02T09:46:50Z</time>
        <cmt>speed: 0.9</cmt>
      </trkpt>
      <trkpt lat="47.357871" lon="8.560318">
        <ele>463</ele>
        <time>2024-08-02T09:56:49Z</time>
        <cmt>speed: 0.0</cmt>
      </trkpt>
      <trkpt lat="47.357773" lon="8.560499">
        <ele>453</ele>
        <time>2024-08-02T10:16:55Z</time>
        <cmt>speed: 1.1</cmt>
      </trkpt>
      <trkpt lat="47.358011" lon="8.560693">
        <ele>440</ele>
        <time>2024-08-02T10:36:57Z</time>
        <cmt>speed: 1.1</cmt>
      </trkpt>
      <trkpt lat="47.358011" lon="8.560693">
        <ele>440</ele>
        <time>2024-08-02T10:46:37Z</time>
      </trkpt>
      <trkpt lat="47.357841" lon="8.560555">
        <ele>469</ele>
        <time>2024-08-02T10:46:47Z</time>
        <cmt>speed: 0.9</cmt>
      </trkpt>
      <trkpt lat="47.357697" lon="8.560453">
        <ele>445</ele>
        <time>2024-08-02T10:56:59Z</time>
        <cmt>speed: 0.0</cmt>
      </trkpt>
      <trkpt lat="47.35781" lon="8.560456">
        <ele>478</ele>
        <time>2024-08-02T11:06:47Z</time>
        <cmt>speed: 0.8</cmt>
      </trkpt>
      <trkpt lat="47.35745" lon="8.559823">
        <ele>436</ele>
        <time>2024-08-02T11:16:47Z</time>
        <cmt>speed: 0.2</cmt>
      </trkpt>
      <trkpt lat="47.35745" lon="8.559823">
        <ele>436</ele>
        <time>2024-08-02T11:26:36Z</time>
      </trkpt>
      <trkpt lat="47.357888" lon="8.559405">
        <ele>415</ele>
        <time>2024-08-02T11:26:45Z</time>
        <cmt>speed: 1.5</cmt>
      </trkpt>
      <trkpt lat="47.358097" lon="8.560188">
        <ele>414</ele>
        <time>2024-08-02T11:36:49Z</time>
        <cmt>speed: 0.2</cmt>
      </trkpt>
      <trkpt lat="47.358097" lon="8.560188">
        <ele>414</ele>
        <time>2024-08-02T11:46:39Z</time>
      </trkpt>
      <trkpt lat="47.357796" lon="8.560232">
        <ele>437</ele>
        <time>2024-08-02T11:46:49Z</time>
        <cmt>speed: 0.0</cmt>
      </trkpt>
      <trkpt lat="47.357821" lon="8.560765">
        <ele>405</ele>
        <time>2024-08-02T11:56:47Z</time>
        <cmt>speed: 0.5</cmt>
      </trkpt>
      <trkpt lat="47.357821" lon="8.560765">
        <ele>405</ele>
        <time>2024-08-02T12:06:41Z</time>
      </trkpt>
      <trkpt lat="47.357614" lon="8.561192">
        <ele>435</ele>
        <time>2024-08-02T12:06:50Z</time>
        <cmt>speed: 0.1</cmt>
      </trkpt>
      <trkpt lat="47.357293" lon="8.561649">
        <ele>449</ele>
        <time>2024-08-02T12:16:47Z</time>
        <cmt>speed: 0.5</cmt>
      </trkpt>
      <trkpt lat="47.357293" lon="8.561649">
        <ele>449</ele>
        <time>2024-08-02T12:26:43Z</time>
      </trkpt>
      <trkpt lat="47.357919" lon="8.56292">
        <ele>433</ele>
        <time>2024-08-02T12:26:53Z</time>
        <cmt>speed: 0.0</cmt>
      </trkpt>
      <trkpt lat="47.35793" lon="8.562954">
        <ele>446</ele>
        <time>2024-08-02T13:36:47Z</time>
        <cmt>speed: 0.1</cmt>
      </trkpt>
      <trkpt lat="47.357537" lon="8.563056">
        <ele>472</ele>
        <time>2024-08-02T13:46:47Z</time>
        <cmt>speed: 1.3</cmt>
      </trkpt>
      <trkpt lat="47.357716" lon="8.563164">
        <ele>424</ele>
        <time>2024-08-02T13:56:48Z</time>
        <cmt>speed: 0.4</cmt>
      </trkpt>
      <trkpt lat="47.357716" lon="8.563164">
        <ele>424</ele>
        <time>2024-08-02T14:06:50Z</time>
      </trkpt>
      <trkpt lat="47.357631" lon="8.563274">
        <ele>440</ele>
        <time>2024-08-02T14:07:00Z</time>
        <cmt>speed: 0.1</cmt>
      </trkpt>
      <trkpt lat="47.357631" lon="8.563274">
        <ele>440</ele>
        <time>2024-08-02T14:46:40Z</time>
      </trkpt>
      <trkpt lat="47.357611" lon="8.563085">
        <ele>442</ele>
        <time>2024-08-02T14:46:50Z</time>
        <cmt>speed: 0.0</cmt>
      </trkpt>
      <trkpt lat="47.356941" lon="8.56313">
        <ele>458</ele>
        <time>2024-08-02T14:56:45Z</time>
        <cmt>speed: 0.4</cmt>
      </trkpt>
      <trkpt lat="47.358754" lon="8.561766">
        <ele>455</ele>
        <time>2024-08-02T15:06:46Z</time>
        <cmt>speed: 3.2</cmt>
      </trkpt>
      <trkpt lat="47.359974" lon="8.56367">
        <ele>434</ele>
        <time>2024-08-02T15:14:29Z</time>
      </trkpt>
      <trkpt lat="47.359959" lon="8.563643">
        <ele>434</ele>
        <time>2024-08-02T15:29:29Z</time>
      </trkpt>
      <trkpt lat="47.360321" lon="8.562846">
        <ele>449</ele>
        <time>2024-08-02T15:46:38Z</time>
        <cmt>speed: 0.1</cmt>
      </trkpt>
      <trkpt lat="47.359959" lon="8.563643">
        <ele>434</ele>
        <time>2024-08-02T15:51:26Z</time>
      </trkpt>
      <trkpt lat="47.359919" lon="8.563478">
        <ele>472</ele>
        <time>2024-08-02T15:56:29Z</time>
        <cmt>speed: 1.3</cmt>
      </trkpt>
      <trkpt lat="47.359876" lon="8.563792">
        <ele>439</ele>
        <time>2024-08-02T16:06:29Z</time>
        <cmt>speed: 2.0</cmt>
      </trkpt>
      <trkpt lat="47.359974" lon="8.56367">
        <ele>434</ele>
        <time>2024-08-02T16:09:47Z</time>
      </trkpt>
      <trkpt lat="47.359974" lon="8.56367">
        <ele>434</ele>
        <time>2024-08-02T16:24:46Z</time>
      </trkpt>
      <trkpt lat="47.359817" lon="8.563599">
        <ele>453</ele>
        <time>2024-08-02T16:44:57Z</time>
        <cmt>speed: 0.5</cmt>
      </trkpt>
      <trkpt lat="47.359912" lon="8.563512">
        <ele>442</ele>
        <time>2024-08-02T16:54:56Z</time>
        <cmt>speed: 0.4</cmt>
      </trkpt>
      <trkpt lat="47.359944" lon="8.563582">
        <ele>437</ele>
        <time>2024-08-02T17:04:58Z</time>
        <cmt>speed: 0.1</cmt>
      </trkpt>
      <trkpt lat="47.359944" lon="8.563582">
        <ele>437</ele>
        <time>2024-08-02T17:05:14Z</time>
      </trkpt>
      <trkpt lat="47.359974" lon="8.56367">
        <ele>434</ele>
        <time>2024-08-02T17:06:07Z</time>
      </trkpt>
      <trkpt lat="47.359974" lon="8.56367">
        <ele>434</ele>
        <time>2024-08-02T17:16:17Z</time>
      </trkpt>
      <trkpt lat="47.359751" lon="8.563613">
        <ele>438</ele>
        <time>2024-08-02T17:16:23Z</time>
        <cmt>speed: 0.3</cmt>
      </trkpt>
      <trkpt lat="47.359675" lon="8.563844">
        <ele>399</ele>
        <time>2024-08-02T17:26:21Z</time>
        <cmt>speed: 2.8</cmt>
      </trkpt>
      <trkpt lat="47.359796" lon="8.563805">
        <ele>442</ele>
        <time>2024-08-02T17:36:19Z</time>
        <cmt>speed: 0.2</cmt>
      </trkpt>
      <trkpt lat="47.359796" lon="8.563805">
        <ele>442</ele>
        <time>2024-08-02T17:36:22Z</time>
      </trkpt>
      <trkpt lat="47.359717" lon="8.564062">
        <ele>476</ele>
        <time>2024-08-02T17:46:19Z</time>
        <cmt>speed: 0.2</cmt>
      </trkpt>
      <trkpt lat="47.3597" lon="8.563782">
        <ele>433</ele>
        <time>2024-08-02T17:56:21Z</time>
        <cmt>speed: 0.4</cmt>
      </trkpt>
      <trkpt lat="47.3598" lon="8.563831">
        <ele>428</ele>
        <time>2024-08-02T18:06:21Z</time>
        <cmt>speed: 0.0</cmt>
      </trkpt>
      <trkpt lat="47.3598" lon="8.563831">
        <ele>428</ele>
        <time>2024-08-02T18:16:20Z</time>
      </trkpt>
      <trkpt lat="47.359772" lon="8.5635">
        <ele>428</ele>
        <time>2024-08-02T18:16:21Z</time>
        <cmt>speed: 0.0</cmt>
      </trkpt>
      <trkpt lat="47.359858" lon="8.56352">
        <ele>441</ele>
        <time>2024-08-02T18:34:07Z</time>
        <cmt>speed: 0.3</cmt>
      </trkpt>
      <trkpt lat="47.359959" lon="8.563643">
        <ele>434</ele>
        <time>2024-08-02T18:41:37Z</time>
      </trkpt>
      <trkpt lat="47.359974" lon="8.56367">
        <ele>434</ele>
        <time>2024-08-02T18:56:37Z</time>
      </trkpt>
      <trkpt lat="47.360328" lon="8.563581">
        <ele>405</ele>
        <time>2024-08-02T18:59:08Z</time>
        <cmt>speed: 0.0</cmt>
      </trkpt>
      <trkpt lat="47.359176" lon="8.561436">
        <ele>462</ele>
        <time>2024-08-02T19:09:02Z</time>
        <cmt>speed: 0.0</cmt>
      </trkpt>
      <trkpt lat="47.358666" lon="8.561047">
        <ele>472</ele>
        <time>2024-08-02T19:19:01Z</time>
        <cmt>speed: 0.1</cmt>
      </trkpt>
      <trkpt lat="47.358287" lon="8.56141">
        <ele>430</ele>
        <time>2024-08-02T19:29:01Z</time>
        <cmt>speed: 0.2</cmt>
      </trkpt>
      <trkpt lat="47.358711" lon="8.561856">
        <ele>446</ele>
        <time>2024-08-02T19:39:08Z</time>
        <cmt>speed: 0.3</cmt>
      </trkpt>
      <trkpt lat="47.358711" lon="8.561856">
        <ele>446</ele>
        <time>2024-08-02T19:39:17Z</time>
      </trkpt>
      <trkpt lat="47.358189" lon="8.562347">
        <ele>443</ele>
        <time>2024-08-02T19:49:03Z</time>
        <cmt>speed: 0.1</cmt>
      </trkpt>
      <trkpt lat="47.357989" lon="8.562306">
        <ele>404</ele>
        <time>2024-08-02T19:59:02Z</time>
        <cmt>speed: 0.1</cmt>
      </trkpt>
      <trkpt lat="47.358357" lon="8.561877">
        <ele>498</ele>
        <time>2024-08-02T20:09:05Z</time>
        <cmt>speed: 1.9</cmt>
      </trkpt>
      <trkpt lat="47.358357" lon="8.561877">
        <ele>498</ele>
        <time>2024-08-02T20:19:07Z</time>
      </trkpt>
      <trkpt lat="47.358159" lon="8.562449">
        <ele>450</ele>
        <time>2024-08-02T20:19:08Z</time>
        <cmt>speed: 0.2</cmt>
      </trkpt>
      <trkpt lat="47.358063" lon="8.562196">
        <ele>425</ele>
        <time>2024-08-02T20:29:07Z</time>
        <cmt>speed: 0.5</cmt>
      </trkpt>
      <trkpt lat="47.359078" lon="8.561666">
        <ele>430</ele>
        <time>2024-08-02T20:39:04Z</time>
        <cmt>speed: 0.5</cmt>
      </trkpt>
      <trkpt lat="47.35911" lon="8.562536">
        <ele>461</ele>
        <time>2024-08-02T20:49:07Z</time>
        <cmt>speed: 0.3</cmt>
      </trkpt>
      <trkpt lat="47.358792" lon="8.563293">
        <ele>453</ele>
        <time>2024-08-02T20:59:00Z</time>
        <cmt>speed: 0.6</cmt>
      </trkpt>
      <trkpt lat="47.358823" lon="8.563314">
        <ele>470</ele>
        <time>2024-08-02T21:09:00Z</time>
        <cmt>speed: 0.4</cmt>
      </trkpt>
      <trkpt lat="47.360096" lon="8.563033">
        <ele>468</ele>
        <time>2024-08-02T21:19:01Z</time>
        <cmt>speed: 0.3</cmt>
      </trkpt>
      <trkpt lat="47.359811" lon="8.563418">
        <ele>453</ele>
        <time>2024-08-02T21:28:59Z</time>
        <cmt>speed: 0.4</cmt>
      </trkpt>
      <trkpt lat="47.359974" lon="8.56367">
        <ele>434</ele>
        <time>2024-08-02T21:30:47Z</time>
      </trkpt>
      <trkpt lat="47.359974" lon="8.56367">
        <ele>434</ele>
        <time>2024-08-02T21:45:47Z</time>
      </trkpt>
      <trkpt lat="47.359759" lon="8.564102">
        <ele>478</ele>
        <time>2024-08-03T03:36:54Z</time>
        <cmt>speed: 0.2</cmt>
      </trkpt>
      <trkpt lat="47.358879" lon="8.565309">
        <ele>490</ele>
        <time>2024-08-03T03:46:36Z</time>
        <cmt>speed: 0.3</cmt>
      </trkpt>
      <trkpt lat="47.358426" lon="8.565979">
        <ele>472</ele>
        <time>2024-08-03T03:56:36Z</time>
        <cmt>speed: 0.1</cmt>
      </trkpt>
      <trkpt lat="47.358648" lon="8.565089">
        <ele>459</ele>
        <time>2024-08-03T04:06:37Z</time>
        <cmt>speed: 0.4</cmt>
      </trkpt>
      <trkpt lat="47.35873" lon="8.565222">
        <ele>438</ele>
        <time>2024-08-03T04:16:35Z</time>
        <cmt>speed: 0.4</cmt>
      </trkpt>
      <trkpt lat="47.358676" lon="8.565294">
        <ele>460</ele>
        <time>2024-08-03T04:26:34Z</time>
        <cmt>speed: 0.2</cmt>
      </trkpt>
      <trkpt lat="47.358676" lon="8.565294">
        <ele>460</ele>
        <time>2024-08-03T04:36:34Z</time>
      </trkpt>
      <trkpt lat="47.358725" lon="8.565582">
        <ele>480</ele>
        <time>2024-08-03T04:36:35Z</time>
        <cmt>speed: 2.6</cmt>
      </trkpt>
      <trkpt lat="47.358801" lon="8.565272">
        <ele>439</ele>
        <time>2024-08-03T04:46:36Z</time>
        <cmt>speed: 0.9</cmt>
      </trkpt>
      <trkpt lat="47.358801" lon="8.565272">
        <ele>439</ele>
        <time>2024-08-03T04:56:34Z</time>
      </trkpt>
      <trkpt lat="47.358754" lon="8.565286">
        <ele>432</ele>
        <time>2024-08-03T04:56:36Z</time>
        <cmt>speed: 0.2</cmt>
      </trkpt>
      <trkpt lat="47.358847" lon="8.565265">
        <ele>444</ele>
        <time>2024-08-03T05:06:37Z</time>
        <cmt>speed: 0.5</cmt>
      </trkpt>
      <trkpt lat="47.358128" lon="8.565953">
        <ele>464</ele>
        <time>2024-08-03T05:16:38Z</time>
        <cmt>speed: 0.6</cmt>
      </trkpt>
      <trkpt lat="47.358029" lon="8.564946">
        <ele>500</ele>
        <time>2024-08-03T05:26:36Z</time>
        <cmt>speed: 1.3</cmt>
      </trkpt>
      <trkpt lat="47.358448" lon="8.565047">
        <ele>467</ele>
        <time>2024-08-03T05:36:37Z</time>
        <cmt>speed: 0.1</cmt>
      </trkpt>
      <trkpt lat="47.358406" lon="8.565848">
        <ele>457</ele>
        <time>2024-08-03T05:46:36Z</time>
        <cmt>speed: 0.0</cmt>
      </trkpt>
      <trkpt lat="47.358406" lon="8.565848">
        <ele>457</ele>
        <time>2024-08-03T05:56:34Z</time>
      </trkpt>
      <trkpt lat="47.358449" lon="8.565678">
        <ele>459</ele>
        <time>2024-08-03T05:56:37Z</time>
        <cmt>speed: 0.6</cmt>
      </trkpt>
      <trkpt lat="47.358534" lon="8.565885">
        <ele>449</ele>
        <time>2024-08-03T06:06:36Z</time>
        <cmt>speed: 0.1</cmt>
      </trkpt>
      <trkpt lat="47.359056" lon="8.565332">
        <ele>498</ele>
        <time>2024-08-03T06:16:37Z</time>
        <cmt>speed: 1.0</cmt>
      </trkpt>
      <trkpt lat="47.358847" lon="8.565169">
        <ele>456</ele>
        <time>2024-08-03T06:26:35Z</time>
        <cmt>speed: 0.2</cmt>
      </trkpt>
      <trkpt lat="47.358847" lon="8.565169">
        <ele>456</ele>
        <time>2024-08-03T06:36:34Z</time>
      </trkpt>
      <trkpt lat="47.358856" lon="8.565142">
        <ele>441</ele>
        <time>2024-08-03T06:36:35Z</time>
        <cmt>speed: 0.3</cmt>
      </trkpt>
      <trkpt lat="47.358539" lon="8.565506">
        <ele>455</ele>
        <time>2024-08-03T06:46:37Z</time>
        <cmt>speed: 0.5</cmt>
      </trkpt>
      <trkpt lat="47.359211" lon="8.563236">
        <ele>448</ele>
        <time>2024-08-03T06:56:37Z</time>
        <cmt>speed: 0.6</cmt>
      </trkpt>
      <trkpt lat="47.360124" lon="8.563309">
        <ele>475</ele>
        <time>2024-08-03T07:06:37Z</time>
        <cmt>speed: 0.2</cmt>
      </trkpt>
      <trkpt lat="47.359959" lon="8.563643">
        <ele>434</ele>
        <time>2024-08-03T07:09:22Z</time>
      </trkpt>
      <trkpt lat="47.359959" lon="8.563643">
        <ele>434</ele>
        <time>2024-08-03T07:24:21Z</time>
      </trkpt>
      <trkpt lat="47.360275" lon="8.563453">
        <ele>409</ele>
        <time>2024-08-03T08:24:02Z</time>
        <cmt>speed: 1.7</cmt>
      </trkpt>
      <trkpt lat="47.35923" lon="8.561163">
        <ele>450</ele>
        <time>2024-08-03T08:33:58Z</time>
        <cmt>speed: 0.6</cmt>
      </trkpt>
      <trkpt lat="47.357581" lon="8.56144">
        <ele>446</ele>
        <time>2024-08-03T08:53:55Z</time>
        <cmt>speed: 0.4</cmt>
      </trkpt>
      <trkpt lat="47.357308" lon="8.56173">
        <ele>437</ele>
        <time>2024-08-03T09:03:58Z</time>
        <cmt>speed: 0.0</cmt>
      </trkpt>
      <trkpt lat="47.356584" lon="8.561753">
        <ele>417</ele>
        <time>2024-08-03T09:13:54Z</time>
        <cmt>speed: 0.5</cmt>
      </trkpt>
      <trkpt lat="47.357029" lon="8.56315">
        <ele>455</ele>
        <time>2024-08-03T09:23:54Z</time>
        <cmt>speed: 0.3</cmt>
      </trkpt>
      <trkpt lat="47.357996" lon="8.56251">
        <ele>447</ele>
        <time>2024-08-03T09:33:58Z</time>
        <cmt>speed: 0.5</cmt>
      </trkpt>
      <trkpt lat="47.357676" lon="8.56108">
        <ele>437</ele>
        <time>2024-08-03T09:43:58Z</time>
        <cmt>speed: 0.3</cmt>
      </trkpt>
      <trkpt lat="47.357662" lon="8.561114">
        <ele>433</ele>
        <time>2024-08-03T09:54:36Z</time>
        <cmt>speed: 0.1</cmt>
      </trkpt>
      <trkpt lat="47.357766" lon="8.560927">
        <ele>453</ele>
        <time>2024-08-03T10:03:56Z</time>
        <cmt>speed: 0.2</cmt>
      </trkpt>
      <trkpt lat="47.357766" lon="8.560927">
        <ele>453</ele>
        <time>2024-08-03T10:44:06Z</time>
      </trkpt>
      <trkpt lat="47.35785" lon="8.560859">
        <ele>427</ele>
        <time>2024-08-03T10:44:09Z</time>
        <cmt>speed: 0.0</cmt>
      </trkpt>
      <trkpt lat="47.35785" lon="8.560859">
        <ele>427</ele>
        <time>2024-08-03T11:44:15Z</time>
      </trkpt>
      <trkpt lat="47.3577" lon="8.560662">
        <ele>468</ele>
        <time>2024-08-03T11:44:19Z</time>
        <cmt>speed: 1.3</cmt>
      </trkpt>
      <trkpt lat="47.357913" lon="8.560806">
        <ele>450</ele>
        <time>2024-08-03T11:53:55Z</time>
        <cmt>speed: 0.6</cmt>
      </trkpt>
      <trkpt lat="47.357913" lon="8.560806">
        <ele>450</ele>
        <time>2024-08-03T12:03:54Z</time>
      </trkpt>
      <trkpt lat="47.357761" lon="8.560784">
        <ele>465</ele>
        <time>2024-08-03T12:03:57Z</time>
        <cmt>speed: 0.0</cmt>
      </trkpt>
      <trkpt lat="47.357761" lon="8.560784">
        <ele>465</ele>
        <time>2024-08-03T12:44:12Z</time>
      </trkpt>
      <trkpt lat="47.357811" lon="8.560863">
        <ele>450</ele>
        <time>2024-08-03T12:44:16Z</time>
        <cmt>speed: 0.3</cmt>
      </trkpt>
      <trkpt lat="47.357636" lon="8.560883">
        <ele>447</ele>
        <time>2024-08-03T12:54:18Z</time>
        <cmt>speed: 1.4</cmt>
      </trkpt>
      <trkpt lat="47.357636" lon="8.560883">
        <ele>447</ele>
        <time>2024-08-03T14:03:53Z</time>
      </trkpt>
      <trkpt lat="47.357739" lon="8.560907">
        <ele>434</ele>
        <time>2024-08-03T14:03:57Z</time>
        <cmt>speed: 0.3</cmt>
      </trkpt>
      <trkpt lat="47.35804" lon="8.560859">
        <ele>456</ele>
        <time>2024-08-03T14:13:58Z</time>
        <cmt>speed: 0.9</cmt>
      </trkpt>
      <trkpt lat="47.357911" lon="8.560969">
        <ele>460</ele>
        <time>2024-08-03T14:24:01Z</time>
        <cmt>speed: 0.3</cmt>
      </trkpt>
      <trkpt lat="47.357426" lon="8.560696">
        <ele>431</ele>
        <time>2024-08-03T14:33:56Z</time>
        <cmt>speed: 0.6</cmt>
      </trkpt>
      <trkpt lat="47.358173" lon="8.559826">
        <ele>458</ele>
        <time>2024-08-03T14:43:57Z</time>
        <cmt>speed: 0.4</cmt>
      </trkpt>
      <trkpt lat="47.358654" lon="8.558734">
        <ele>451</ele>
        <time>2024-08-03T14:53:54Z</time>
        <cmt>speed: 0.4</cmt>
      </trkpt>
      <trkpt lat="47.360221" lon="8.561788">
        <ele>440</ele>
        <time>2024-08-03T15:23:55Z</time>
        <cmt>speed: 0.4</cmt>
      </trkpt>
      <trkpt lat="47.36033" lon="8.563929">
        <ele>432</ele>
        <time>2024-08-03T15:34:01Z</time>
        <cmt>speed: 0.1</cmt>
      </trkpt>
      <trkpt lat="47.359974" lon="8.56367">
        <ele>434</ele>
        <time>2024-08-03T15:37:44Z</time>
      </trkpt>
      <trkpt lat="47.359974" lon="8.56367">
        <ele>434</ele>
        <time>2024-08-03T15:52:43Z</time>
      </trkpt>
      <trkpt lat="47.359974" lon="8.56367">
        <ele>434</ele>
        <time>2024-08-03T16:48:48Z</time>
      </trkpt>
      <trkpt lat="47.360047" lon="8.562998">
        <ele>433</ele>
        <time>2024-08-03T16:49:19Z</time>
        <cmt>speed: 0.0</cmt>
      </trkpt>
      <trkpt lat="47.359655" lon="8.561622">
        <ele>479</ele>
        <time>2024-08-03T16:58:55Z</time>
        <cmt>speed: 0.8</cmt>
      </trkpt>
      <trkpt lat="47.357984" lon="8.562299">
        <ele>430</ele>
        <time>2024-08-03T17:08:55Z</time>
        <cmt>speed: 0.3</cmt>
      </trkpt>
      <trkpt lat="47.357411" lon="8.562463">
        <ele>475</ele>
        <time>2024-08-03T17:18:56Z</time>
        <cmt>speed: 0.1</cmt>
      </trkpt>
      <trkpt lat="47.357802" lon="8.562224">
        <ele>396</ele>
        <time>2024-08-03T17:28:59Z</time>
        <cmt>speed: 0.1</cmt>
      </trkpt>
      <trkpt lat="47.35778" lon="8.562296">
        <ele>395</ele>
        <time>2024-08-03T17:39:07Z</time>
        <cmt>speed: 0.1</cmt>
      </trkpt>
      <trkpt lat="47.35778" lon="8.562296">
        <ele>395</ele>
        <time>2024-08-03T17:48:51Z</time>
      </trkpt>
      <trkpt lat="47.357774" lon="8.562362">
        <ele>428</ele>
        <time>2024-08-03T17:48:56Z</time>
        <cmt>speed: 0.2</cmt>
      </trkpt>
      <trkpt lat="47.357777" lon="8.561354">
        <ele>449</ele>
        <time>2024-08-03T17:58:54Z</time>
        <cmt>speed: 0.6</cmt>
      </trkpt>
      <trkpt lat="47.357777" lon="8.561354">
        <ele>449</ele>
        <time>2024-08-03T18:08:50Z</time>
      </trkpt>
      <trkpt lat="47.35859" lon="8.560863">
        <ele>471</ele>
        <time>2024-08-03T18:08:54Z</time>
        <cmt>speed: 0.1</cmt>
      </trkpt>
      <trkpt lat="47.358798" lon="8.560895">
        <ele>454</ele>
        <time>2024-08-03T18:18:57Z</time>
        <cmt>speed: 0.0</cmt>
      </trkpt>
      <trkpt lat="47.358696" lon="8.561189">
        <ele>446</ele>
        <time>2024-08-03T18:28:56Z</time>
        <cmt>speed: 0.6</cmt>
      </trkpt>
      <trkpt lat="47.35871" lon="8.561138">
        <ele>405</ele>
        <time>2024-08-03T18:38:59Z</time>
        <cmt>speed: 0.1</cmt>
      </trkpt>
      <trkpt lat="47.35871" lon="8.561138">
        <ele>405</ele>
        <time>2024-08-03T18:48:50Z</time>
      </trkpt>
      <trkpt lat="47.358571" lon="8.561092">
        <ele>429</ele>
        <time>2024-08-03T18:48:55Z</time>
        <cmt>speed: 0.2</cmt>
      </trkpt>
      <trkpt lat="47.358583" lon="8.56116">
        <ele>436</ele>
        <time>2024-08-03T18:58:56Z</time>
        <cmt>speed: 0.1</cmt>
      </trkpt>
      <trkpt lat="47.35797" lon="8.560651">
        <ele>381</ele>
        <time>2024-08-03T19:08:55Z</time>
        <cmt>speed: 0.1</cmt>
      </trkpt>
      <trkpt lat="47.357269" lon="8.561495">
        <ele>436</ele>
        <time>2024-08-03T19:18:56Z</time>
        <cmt>speed: 1.9</cmt>
      </trkpt>
      <trkpt lat="47.357269" lon="8.561495">
        <ele>436</ele>
        <time>2024-08-03T19:28:52Z</time>
      </trkpt>
      <trkpt lat="47.357164" lon="8.561383">
        <ele>439</ele>
        <time>2024-08-03T19:28:57Z</time>
        <cmt>speed: 0.6</cmt>
      </trkpt>
      <trkpt lat="47.357139" lon="8.561451">
        <ele>441</ele>
        <time>2024-08-03T19:38:57Z</time>
        <cmt>speed: 0.0</cmt>
      </trkpt>
      <trkpt lat="47.357139" lon="8.561451">
        <ele>441</ele>
        <time>2024-08-03T19:48:52Z</time>
      </trkpt>
      <trkpt lat="47.357183" lon="8.561404">
        <ele>444</ele>
        <time>2024-08-03T19:48:56Z</time>
        <cmt>speed: 0.1</cmt>
      </trkpt>
      <trkpt lat="47.3577" lon="8.561055">
        <ele>445</ele>
        <time>2024-08-03T19:58:57Z</time>
        <cmt>speed: 0.5</cmt>
      </trkpt>
      <trkpt lat="47.359249" lon="8.559487">
        <ele>499</ele>
        <time>2024-08-03T20:08:55Z</time>
        <cmt>speed: 0.0</cmt>
      </trkpt>
      <trkpt lat="47.359005" lon="8.561536">
        <ele>433</ele>
        <time>2024-08-03T20:18:59Z</time>
        <cmt>speed: 0.1</cmt>
      </trkpt>
      <trkpt lat="47.358682" lon="8.562677">
        <ele>440</ele>
        <time>2024-08-03T20:28:56Z</time>
        <cmt>speed: 1.1</cmt>
      </trkpt>
      <trkpt lat="47.358692" lon="8.562768">
        <ele>409</ele>
        <time>2024-08-03T20:38:55Z</time>
        <cmt>speed: 1.8</cmt>
      </trkpt>
      <trkpt lat="47.358692" lon="8.562768">
        <ele>409</ele>
        <time>2024-08-03T20:48:51Z</time>
      </trkpt>
      <trkpt lat="47.358736" lon="8.562574">
        <ele>473</ele>
        <time>2024-08-03T20:48:56Z</time>
        <cmt>speed: 0.4</cmt>
      </trkpt>
      <trkpt lat="47.35873" lon="8.562489">
        <ele>472</ele>
        <time>2024-08-03T20:58:54Z</time>
        <cmt>speed: 0.6</cmt>
      </trkpt>
      <trkpt lat="47.358622" lon="8.562498">
        <ele>455</ele>
        <time>2024-08-03T21:08:56Z</time>
        <cmt>speed: 0.1</cmt>
      </trkpt>
      <trkpt lat="47.3587" lon="8.562591">
        <ele>453</ele>
        <time>2024-08-03T21:18:56Z</time>
        <cmt>speed: 0.2</cmt>
      </trkpt>
      <trkpt lat="47.360152" lon="8.561329">
        <ele>402</ele>
        <time>2024-08-03T21:28:58Z</time>
        <cmt>speed: 0.8</cmt>
      </trkpt>
      <trkpt lat="47.359931" lon="8.559974">
        <ele>392</ele>
        <time>2024-08-03T21:39:04Z</time>
        <cmt>speed: 1.4</cmt>
      </trkpt>
      <trkpt lat="47.358676" lon="8.559932">
        <ele>447</ele>
        <time>2024-08-03T21:45:45Z</time>
        <cmt>speed: 0.8</cmt>
      </trkpt>
      <trkpt lat="47.358577" lon="8.559983">
        <ele>453</ele>
        <time>2024-08-03T21:45:49Z</time>
        <cmt>speed: 0.8</cmt>
      </trkpt>
      <trkpt lat="47.358572" lon="8.560003">
        <ele>451</ele>
        <time>2024-08-03T21:45:53Z</time>
        <cmt>speed: 0.0</cmt>
      </trkpt>
      <trkpt lat="47.358723" lon="8.560769">
        <ele>438</ele>
        <time>2024-08-03T21:48:55Z</time>
        <cmt>speed: 0.4</cmt>
      </trkpt>
      <trkpt lat="47.359188" lon="8.560923">
        <ele>487</ele>
        <time>2024-08-03T21:58:55Z</time>
        <cmt>speed: 0.7</cmt>
      </trkpt>
      <trkpt lat="47.359188" lon="8.560923">
        <ele>487</ele>
        <time>2024-08-03T22:08:53Z</time>
      </trkpt>
      <trkpt lat="47.358271" lon="8.561548">
        <ele>440</ele>
        <time>2024-08-03T22:08:58Z</time>
        <cmt>speed: 0.0</cmt>
      </trkpt>
      <trkpt lat="47.358361" lon="8.561686">
        <ele>460</ele>
        <time>2024-08-03T22:18:54Z</time>
        <cmt>speed: 0.2</cmt>
      </trkpt>
      <trkpt lat="47.35773" lon="8.562094">
        <ele>450</ele>
        <time>2024-08-03T22:28:59Z</time>
        <cmt>speed: 0.0</cmt>
      </trkpt>
      <trkpt lat="47.357715" lon="8.562132">
        <ele>434</ele>
        <time>2024-08-03T22:38:58Z</time>
        <cmt>speed: 0.1</cmt>
      </trkpt>
      <trkpt lat="47.35771" lon="8.562104">
        <ele>445</ele>
        <time>2024-08-03T22:48:59Z</time>
        <cmt>speed: 0.7</cmt>
      </trkpt>
      <trkpt lat="47.357442" lon="8.562562">
        <ele>448</ele>
        <time>2024-08-03T22:58:57Z</time>
        <cmt>speed: 0.7</cmt>
      </trkpt>
      <trkpt lat="47.358455" lon="8.562852">
        <ele>445</ele>
        <time>2024-08-03T23:08:55Z</time>
        <cmt>speed: 1.2</cmt>
      </trkpt>
      <trkpt lat="47.358381" lon="8.562976">
        <ele>447</ele>
        <time>2024-08-03T23:18:55Z</time>
        <cmt>speed: 0.3</cmt>
      </trkpt>
      <trkpt lat="47.35835" lon="8.563112">
        <ele>450</ele>
        <time>2024-08-03T23:28:56Z</time>
        <cmt>speed: 0.2</cmt>
      </trkpt>
      <trkpt lat="47.358668" lon="8.563422">
        <ele>435</ele>
        <time>2024-08-03T23:38:57Z</time>
        <cmt>speed: 0.5</cmt>
      </trkpt>
      <trkpt lat="47.358668" lon="8.563422">
        <ele>435</ele>
        <time>2024-08-03T23:48:49Z</time>
      </trkpt>
      <trkpt lat="47.358512" lon="8.563249">
        <ele>438</ele>
        <time>2024-08-03T23:48:54Z</time>
        <cmt>speed: 0.5</cmt>
      </trkpt>
      <trkpt lat="47.358489" lon="8.563201">
        <ele>426</ele>
        <time>2024-08-03T23:58:56Z</time>
        <cmt>speed: 0.6</cmt>
      </trkpt>
      <trkpt lat="47.358446" lon="8.563568">
        <ele>456</ele>
        <time>2024-08-04T00:08:56Z</time>
        <cmt>speed: 0.5</cmt>
      </trkpt>
      <trkpt lat="47.358917" lon="8.563205">
        <ele>444</ele>
        <time>2024-08-04T00:18:58Z</time>
        <cmt>speed: 0.5</cmt>
      </trkpt>
      <trkpt lat="47.359763" lon="8.561947">
        <ele>446</ele>
        <time>2024-08-04T00:28:56Z</time>
        <cmt>speed: 0.0</cmt>
      </trkpt>
      <trkpt lat="47.359693" lon="8.560198">
        <ele>430</ele>
        <time>2024-08-04T00:38:57Z</time>
        <cmt>speed: 1.0</cmt>
      </trkpt>
      <trkpt lat="47.358618" lon="8.560116">
        <ele>456</ele>
        <time>2024-08-04T00:48:57Z</time>
        <cmt>speed: 0.7</cmt>
      </trkpt>
      <trkpt lat="47.358354" lon="8.560813">
        <ele>410</ele>
        <time>2024-08-04T00:58:56Z</time>
        <cmt>speed: 0.5</cmt>
      </trkpt>
      <trkpt lat="47.358354" lon="8.560813">
        <ele>410</ele>
        <time>2024-08-04T01:08:52Z</time>
      </trkpt>
      <trkpt lat="47.358135" lon="8.560928">
        <ele>452</ele>
        <time>2024-08-04T01:08:58Z</time>
        <cmt>speed: 1.6</cmt>
      </trkpt>
      <trkpt lat="47.357983" lon="8.560842">
        <ele>377</ele>
        <time>2024-08-04T01:19:00Z</time>
        <cmt>speed: 0.6</cmt>
      </trkpt>
      <trkpt lat="47.358382" lon="8.560872">
        <ele>435</ele>
        <time>2024-08-04T01:29:02Z</time>
        <cmt>speed: 0.1</cmt>
      </trkpt>
      <trkpt lat="47.358599" lon="8.560954">
        <ele>419</ele>
        <time>2024-08-04T01:39:07Z</time>
        <cmt>speed: 0.1</cmt>
      </trkpt>
      <trkpt lat="47.358599" lon="8.560954">
        <ele>419</ele>
        <time>2024-08-04T01:48:53Z</time>
      </trkpt>
      <trkpt lat="47.358202" lon="8.560836">
        <ele>450</ele>
        <time>2024-08-04T01:48:59Z</time>
        <cmt>speed: 0.2</cmt>
      </trkpt>
      <trkpt lat="47.358346" lon="8.560906">
        <ele>449</ele>
        <time>2024-08-04T01:58:58Z</time>
        <cmt>speed: 2.6</cmt>
      </trkpt>
      <trkpt lat="47.358134" lon="8.560925">
        <ele>415</ele>
        <time>2024-08-04T02:19:19Z</time>
        <cmt>speed: 0.8</cmt>
      </trkpt>
      <trkpt lat="47.35838" lon="8.560509">
        <ele>434</ele>
        <time>2024-08-04T02:29:01Z</time>
        <cmt>speed: 0.3</cmt>
      </trkpt>
      <trkpt lat="47.357808" lon="8.562141">
        <ele>443</ele>
        <time>2024-08-04T02:48:58Z</time>
        <cmt>speed: 0.8</cmt>
      </trkpt>
      <trkpt lat="47.357498" lon="8.563401">
        <ele>456</ele>
        <time>2024-08-04T02:58:56Z</time>
        <cmt>speed: 0.6</cmt>
      </trkpt>
      <trkpt lat="47.357461" lon="8.563693">
        <ele>446</ele>
        <time>2024-08-04T03:08:58Z</time>
        <cmt>speed: 0.0</cmt>
      </trkpt>
      <trkpt lat="47.357478" lon="8.563669">
        <ele>438</ele>
        <time>2024-08-04T03:18:56Z</time>
        <cmt>speed: 0.0</cmt>
      </trkpt>
      <trkpt lat="47.357478" lon="8.563669">
        <ele>438</ele>
        <time>2024-08-04T03:28:51Z</time>
      </trkpt>
      <trkpt lat="47.356864" lon="8.563759">
        <ele>474</ele>
        <time>2024-08-04T03:28:57Z</time>
        <cmt>speed: 0.2</cmt>
      </trkpt>
      <trkpt lat="47.356694" lon="8.56556">
        <ele>479</ele>
        <time>2024-08-04T03:38:55Z</time>
        <cmt>speed: 1.1</cmt>
      </trkpt>
      <trkpt lat="47.358808" lon="8.565501">
        <ele>455</ele>
        <time>2024-08-04T03:48:57Z</time>
        <cmt>speed: 0.3</cmt>
      </trkpt>
      <trkpt lat="47.358432" lon="8.564628">
        <ele>455</ele>
        <time>2024-08-04T03:58:56Z</time>
        <cmt>speed: 0.5</cmt>
      </trkpt>
      <trkpt lat="47.358326" lon="8.564301">
        <ele>448</ele>
        <time>2024-08-04T04:08:57Z</time>
        <cmt>speed: 0.0</cmt>
      </trkpt>
      <trkpt lat="47.357588" lon="8.563768">
        <ele>471</ele>
        <time>2024-08-04T04:18:56Z</time>
        <cmt>speed: 0.5</cmt>
      </trkpt>
      <trkpt lat="47.356574" lon="8.563833">
        <ele>441</ele>
        <time>2024-08-04T04:28:57Z</time>
        <cmt>speed: 1.9</cmt>
      </trkpt>
      <trkpt lat="47.357713" lon="8.562129">
        <ele>457</ele>
        <time>2024-08-04T04:38:59Z</time>
        <cmt>speed: 0.6</cmt>
      </trkpt>
      <trkpt lat="47.358669" lon="8.561202">
        <ele>440</ele>
        <time>2024-08-04T04:48:56Z</time>
        <cmt>speed: 0.3</cmt>
      </trkpt>
      <trkpt lat="47.358763" lon="8.5612">
        <ele>429</ele>
        <time>2024-08-04T05:04:49Z</time>
        <cmt>speed: 0.7</cmt>
      </trkpt>
      <trkpt lat="47.358661" lon="8.56121">
        <ele>413</ele>
        <time>2024-08-04T05:25:20Z</time>
        <cmt>speed: 0.1</cmt>
      </trkpt>
      <trkpt lat="47.358661" lon="8.56121">
        <ele>413</ele>
        <time>2024-08-04T05:25:35Z</time>
      </trkpt>
      <trkpt lat="47.358729" lon="8.561264">
        <ele>426</ele>
        <time>2024-08-04T05:35:15Z</time>
        <cmt>speed: 1.5</cmt>
      </trkpt>
      <trkpt lat="47.358684" lon="8.56123">
        <ele>421</ele>
        <time>2024-08-04T05:44:55Z</time>
        <cmt>speed: 0.3</cmt>
      </trkpt>
      <trkpt lat="47.358684" lon="8.56123">
        <ele>421</ele>
        <time>2024-08-04T05:45:35Z</time>
      </trkpt>
      <trkpt lat="47.358713" lon="8.561137">
        <ele>395</ele>
        <time>2024-08-04T06:05:01Z</time>
        <cmt>speed: 0.0</cmt>
      </trkpt>
      <trkpt lat="47.358756" lon="8.561239">
        <ele>434</ele>
        <time>2024-08-04T06:14:48Z</time>
        <cmt>speed: 0.1</cmt>
      </trkpt>
      <trkpt lat="47.357766" lon="8.560894">
        <ele>463</ele>
        <time>2024-08-04T06:34:53Z</time>
        <cmt>speed: 2.2</cmt>
      </trkpt>
      <trkpt lat="47.357766" lon="8.560894">
        <ele>463</ele>
        <time>2024-08-04T06:44:42Z</time>
      </trkpt>
      <trkpt lat="47.357882" lon="8.560787">
        <ele>447</ele>
        <time>2024-08-04T06:44:48Z</time>
        <cmt>speed: 0.1</cmt>
      </trkpt>
      <trkpt lat="47.357774" lon="8.56106">
        <ele>419</ele>
        <time>2024-08-04T06:54:48Z</time>
        <cmt>speed: 0.9</cmt>
      </trkpt>
      <trkpt lat="47.357774" lon="8.56106">
        <ele>419</ele>
        <time>2024-08-04T07:04:42Z</time>
      </trkpt>
      <trkpt lat="47.357817" lon="8.560826">
        <ele>445</ele>
        <time>2024-08-04T07:04:48Z</time>
        <cmt>speed: 0.3</cmt>
      </trkpt>
      <trkpt lat="47.357925" lon="8.560797">
        <ele>477</ele>
        <time>2024-08-04T07:16:15Z</time>
        <cmt>speed: 0.0</cmt>
      </trkpt>
      <trkpt lat="47.357925" lon="8.560797">
        <ele>477</ele>
        <time>2024-08-04T07:26:08Z</time>
      </trkpt>
      <trkpt lat="47.357806" lon="8.560677">
        <ele>471</ele>
        <time>2024-08-04T07:26:15Z</time>
        <cmt>speed: 0.1</cmt>
      </trkpt>
      <trkpt lat="47.357824" lon="8.560915">
        <ele>467</ele>
        <time>2024-08-04T07:36:14Z</time>
        <cmt>speed: 0.2</cmt>
      </trkpt>
      <trkpt lat="47.357824" lon="8.560915">
        <ele>467</ele>
        <time>2024-08-04T07:46:06Z</time>
      </trkpt>
      <trkpt lat="47.357683" lon="8.560807">
        <ele>443</ele>
        <time>2024-08-04T07:46:13Z</time>
        <cmt>speed: 0.0</cmt>
      </trkpt>
      <trkpt lat="47.357713" lon="8.560718">
        <ele>464</ele>
        <time>2024-08-04T07:56:14Z</time>
        <cmt>speed: 0.0</cmt>
      </trkpt>
      <trkpt lat="47.357713" lon="8.560718">
        <ele>464</ele>
        <time>2024-08-04T08:06:21Z</time>
      </trkpt>
      <trkpt lat="47.357851" lon="8.560841">
        <ele>419</ele>
        <time>2024-08-04T08:06:28Z</time>
        <cmt>speed: 0.1</cmt>
      </trkpt>
      <trkpt lat="47.357765" lon="8.560683">
        <ele>419</ele>
        <time>2024-08-04T08:17:01Z</time>
        <cmt>speed: 0.8</cmt>
      </trkpt>
      <trkpt lat="47.357765" lon="8.560683">
        <ele>419</ele>
        <time>2024-08-04T08:26:12Z</time>
      </trkpt>
      <trkpt lat="47.35785" lon="8.560821">
        <ele>442</ele>
        <time>2024-08-04T08:26:19Z</time>
        <cmt>speed: 0.2</cmt>
      </trkpt>
      <trkpt lat="47.357877" lon="8.560592">
        <ele>431</ele>
        <time>2024-08-04T08:56:38Z</time>
        <cmt>speed: 0.5</cmt>
      </trkpt>
      <trkpt lat="47.357877" lon="8.560592">
        <ele>431</ele>
        <time>2024-08-04T09:04:42Z</time>
      </trkpt>
      <trkpt lat="47.357824" lon="8.560819">
        <ele>452</ele>
        <time>2024-08-04T09:08:14Z</time>
        <cmt>speed: 0.2</cmt>
      </trkpt>
      <trkpt lat="47.357732" lon="8.561262">
        <ele>478</ele>
        <time>2024-08-04T09:18:12Z</time>
        <cmt>speed: 0.0</cmt>
      </trkpt>
      <trkpt lat="47.357732" lon="8.561262">
        <ele>478</ele>
        <time>2024-08-04T09:28:37Z</time>
      </trkpt>
      <trkpt lat="47.357744" lon="8.561026">
        <ele>421</ele>
        <time>2024-08-04T09:28:44Z</time>
        <cmt>speed: 0.2</cmt>
      </trkpt>
      <trkpt lat="47.357866" lon="8.560854">
        <ele>402</ele>
        <time>2024-08-04T09:53:38Z</time>
        <cmt>speed: 0.3</cmt>
      </trkpt>
      <trkpt lat="47.357866" lon="8.560854">
        <ele>402</ele>
        <time>2024-08-04T10:04:42Z</time>
      </trkpt>
      <trkpt lat="47.357712" lon="8.560664">
        <ele>490</ele>
        <time>2024-08-04T10:05:09Z</time>
        <cmt>speed: 0.7</cmt>
      </trkpt>
      <trkpt lat="47.35763" lon="8.560953">
        <ele>426</ele>
        <time>2024-08-04T10:15:09Z</time>
        <cmt>speed: 0.0</cmt>
      </trkpt>
      <trkpt lat="47.35763" lon="8.560953">
        <ele>426</ele>
        <time>2024-08-04T10:45:24Z</time>
      </trkpt>
      <trkpt lat="47.357914" lon="8.560923">
        <ele>429</ele>
        <time>2024-08-04T10:45:31Z</time>
        <cmt>speed: 2.4</cmt>
      </trkpt>
      <trkpt lat="47.357914" lon="8.560923">
        <ele>429</ele>
        <time>2024-08-04T11:05:02Z</time>
      </trkpt>
      <trkpt lat="47.357797" lon="8.560724">
        <ele>446</ele>
        <time>2024-08-04T11:05:10Z</time>
        <cmt>speed: 0.2</cmt>
      </trkpt>
      <trkpt lat="47.357772" lon="8.560849">
        <ele>436</ele>
        <time>2024-08-04T11:35:31Z</time>
        <cmt>speed: 0.5</cmt>
      </trkpt>
      <trkpt lat="47.35788" lon="8.560884">
        <ele>436</ele>
        <time>2024-08-04T11:45:28Z</time>
        <cmt>speed: 2.0</cmt>
      </trkpt>
      <trkpt lat="47.35782" lon="8.560774">
        <ele>447</ele>
        <time>2024-08-04T11:55:15Z</time>
        <cmt>speed: 0.5</cmt>
      </trkpt>
      <trkpt lat="47.35782" lon="8.560774">
        <ele>447</ele>
        <time>2024-08-04T12:05:00Z</time>
      </trkpt>
      <trkpt lat="47.357771" lon="8.561028">
        <ele>462</ele>
        <time>2024-08-04T12:05:07Z</time>
        <cmt>speed: 0.2</cmt>
      </trkpt>
      <trkpt lat="47.357788" lon="8.560905">
        <ele>470</ele>
        <time>2024-08-04T12:15:52Z</time>
        <cmt>speed: 1.2</cmt>
      </trkpt>
      <trkpt lat="47.357847" lon="8.560794">
        <ele>449</ele>
        <time>2024-08-04T12:35:30Z</time>
        <cmt>speed: 0.0</cmt>
      </trkpt>
      <trkpt lat="47.357693" lon="8.56082">
        <ele>421</ele>
        <time>2024-08-04T13:15:30Z</time>
        <cmt>speed: 0.6</cmt>
      </trkpt>
      <trkpt lat="47.357392" lon="8.561979">
        <ele>447</ele>
        <time>2024-08-04T13:25:38Z</time>
        <cmt>speed: 0.1</cmt>
      </trkpt>
      <trkpt lat="47.357171" lon="8.563128">
        <ele>433</ele>
        <time>2024-08-04T13:35:30Z</time>
        <cmt>speed: 0.2</cmt>
      </trkpt>
      <trkpt lat="47.357171" lon="8.563128">
        <ele>433</ele>
        <time>2024-08-04T13:45:20Z</time>
      </trkpt>
      <trkpt lat="47.357011" lon="8.562446">
        <ele>456</ele>
        <time>2024-08-04T13:45:28Z</time>
        <cmt>speed: 0.3</cmt>
      </trkpt>
      <trkpt lat="47.357079" lon="8.563528">
        <ele>432</ele>
        <time>2024-08-04T13:55:27Z</time>
        <cmt>speed: 0.3</cmt>
      </trkpt>
      <trkpt lat="47.357079" lon="8.563528">
        <ele>432</ele>
        <time>2024-08-04T14:05:42Z</time>
      </trkpt>
      <trkpt lat="47.357137" lon="8.563274">
        <ele>443</ele>
        <time>2024-08-04T14:05:50Z</time>
        <cmt>speed: 1.5</cmt>
      </trkpt>
      <trkpt lat="47.356944" lon="8.563238">
        <ele>475</ele>
        <time>2024-08-04T14:15:28Z</time>
        <cmt>speed: 0.4</cmt>
      </trkpt>
      <trkpt lat="47.356944" lon="8.563238">
        <ele>475</ele>
        <time>2024-08-04T14:25:19Z</time>
      </trkpt>
      <trkpt lat="47.35716" lon="8.563258">
        <ele>434</ele>
        <time>2024-08-04T14:25:27Z</time>
        <cmt>speed: 0.6</cmt>
      </trkpt>
      <trkpt lat="47.356749" lon="8.563329">
        <ele>449</ele>
        <time>2024-08-04T14:35:28Z</time>
        <cmt>speed: 0.2</cmt>
      </trkpt>
      <trkpt lat="47.356749" lon="8.563329">
        <ele>449</ele>
        <time>2024-08-04T14:45:20Z</time>
      </trkpt>
      <trkpt lat="47.356883" lon="8.563476">
        <ele>442</ele>
        <time>2024-08-04T14:45:28Z</time>
        <cmt>speed: 0.0</cmt>
      </trkpt>
      <trkpt lat="47.357285" lon="8.563453">
        <ele>440</ele>
        <time>2024-08-04T14:55:28Z</time>
        <cmt>speed: 0.6</cmt>
      </trkpt>
      <trkpt lat="47.357285" lon="8.563453">
        <ele>440</ele>
        <time>2024-08-04T15:05:20Z</time>
      </trkpt>
      <trkpt lat="47.35746" lon="8.563626">
        <ele>441</ele>
        <time>2024-08-04T15:05:28Z</time>
        <cmt>speed: 0.2</cmt>
      </trkpt>
      <trkpt lat="47.357347" lon="8.563682">
        <ele>423</ele>
        <time>2024-08-04T15:15:28Z</time>
        <cmt>speed: 0.2</cmt>
      </trkpt>
      <trkpt lat="47.357347" lon="8.563682">
        <ele>423</ele>
        <time>2024-08-04T15:25:20Z</time>
      </trkpt>
      <trkpt lat="47.357285" lon="8.563658">
        <ele>463</ele>
        <time>2024-08-04T15:25:28Z</time>
        <cmt>speed: 0.1</cmt>
      </trkpt>
      <trkpt lat="47.357508" lon="8.563652">
        <ele>456</ele>
        <time>2024-08-04T15:35:28Z</time>
        <cmt>speed: 0.0</cmt>
      </trkpt>
      <trkpt lat="47.358149" lon="8.563311">
        <ele>450</ele>
        <time>2024-08-04T15:45:26Z</time>
        <cmt>speed: 0.1</cmt>
      </trkpt>
      <trkpt lat="47.358086" lon="8.563241">
        <ele>436</ele>
        <time>2024-08-04T15:55:28Z</time>
        <cmt>speed: 0.1</cmt>
      </trkpt>
      <trkpt lat="47.358086" lon="8.563241">
        <ele>436</ele>
        <time>2024-08-04T16:05:20Z</time>
      </trkpt>
      <trkpt lat="47.358192" lon="8.563278">
        <ele>399</ele>
        <time>2024-08-04T16:05:28Z</time>
        <cmt>speed: 0.3</cmt>
      </trkpt>
      <trkpt lat="47.358503" lon="8.56326">
        <ele>453</ele>
        <time>2024-08-04T16:15:28Z</time>
        <cmt>speed: 0.2</cmt>
      </trkpt>
      <trkpt lat="47.358503" lon="8.56326">
        <ele>453</ele>
        <time>2024-08-04T16:25:21Z</time>
      </trkpt>
      <trkpt lat="47.358438" lon="8.563077">
        <ele>463</ele>
        <time>2024-08-04T16:25:29Z</time>
        <cmt>speed: 0.1</cmt>
      </trkpt>
      <trkpt lat="47.358426" lon="8.563085">
        <ele>459</ele>
        <time>2024-08-04T16:35:03Z</time>
        <cmt>speed: 0.1</cmt>
      </trkpt>
      <trkpt lat="47.35842" lon="8.563088">
        <ele>459</ele>
        <time>2024-08-04T16:35:06Z</time>
        <cmt>speed: 0.0</cmt>
      </trkpt>
      <trkpt lat="47.35842" lon="8.563088">
        <ele>459</ele>
        <time>2024-08-04T16:35:10Z</time>
        <cmt>speed: 0.0</cmt>
      </trkpt>
      <trkpt lat="47.35842" lon="8.563088">
        <ele>459</ele>
        <time>2024-08-04T16:35:14Z</time>
        <cmt>speed: 0.0</cmt>
      </trkpt>
      <trkpt lat="47.35842" lon="8.563088">
        <ele>459</ele>
        <time>2024-08-04T16:35:18Z</time>
        <cmt>speed: 0.0</cmt>
      </trkpt>
      <trkpt lat="47.35842" lon="8.563088">
        <ele>459</ele>
        <time>2024-08-04T16:35:22Z</time>
        <cmt>speed: 0.0</cmt>
      </trkpt>
      <trkpt lat="47.358426" lon="8.563084">
        <ele>459</ele>
        <time>2024-08-04T16:35:26Z</time>
        <cmt>speed: 2.2</cmt>
      </trkpt>
      <trkpt lat="47.35844" lon="8.563087">
        <ele>459</ele>
        <time>2024-08-04T16:35:27Z</time>
        <cmt>speed: 1.9</cmt>
      </trkpt>
      <trkpt lat="47.359899" lon="8.561876">
        <ele>438</ele>
        <time>2024-08-04T16:45:31Z</time>
        <cmt>speed: 0.0</cmt>
      </trkpt>
      <trkpt lat="47.359974" lon="8.56367">
        <ele>434</ele>
        <time>2024-08-04T16:55:23Z</time>
      </trkpt>
      <trkpt lat="47.359974" lon="8.56367">
        <ele>434</ele>
        <time>2024-08-04T17:05:23Z</time>
      </trkpt>
      <trkpt lat="47.359974" lon="8.56367">
        <ele>434</ele>
        <time>2024-08-04T17:15:23Z</time>
      </trkpt>
      <trkpt lat="47.359974" lon="8.56367">
        <ele>434</ele>
        <time>2024-08-04T17:25:23Z</time>
      </trkpt>
      <trkpt lat="47.359974" lon="8.56367">
        <ele>434</ele>
        <time>2024-08-04T17:35:23Z</time>
      </trkpt>
      <trkpt lat="47.359974" lon="8.56367">
        <ele>434</ele>
        <time>2024-08-04T17:45:23Z</time>
      </trkpt>
      <trkpt lat="47.359974" lon="8.56367">
        <ele>434</ele>
        <time>2024-08-04T17:55:23Z</time>
      </trkpt>
      <trkpt lat="47.359974" lon="8.56367">
        <ele>434</ele>
        <time>2024-08-04T18:05:23Z</time>
      </trkpt>
      <trkpt lat="47.359974" lon="8.56367">
        <ele>434</ele>
        <time>2024-08-04T18:15:23Z</time>
      </trkpt>
      <trkpt lat="47.359974" lon="8.56367">
        <ele>434</ele>
        <time>2024-08-04T18:25:23Z</time>
      </trkpt>
      <trkpt lat="47.359974" lon="8.56367">
        <ele>434</ele>
        <time>2024-08-04T18:35:23Z</time>
      </trkpt>
      <trkpt lat="47.359974" lon="8.56367">
        <ele>434</ele>
        <time>2024-08-04T18:40:46Z</time>
      </trkpt>
      <trkpt lat="47.359974" lon="8.56367">
        <ele>434</ele>
        <time>2024-08-05T01:54:14Z</time>
      </trkpt>
      <trkpt lat="47.359749" lon="8.563692">
        <ele>423</ele>
        <time>2024-08-05T01:54:54Z</time>
        <cmt>speed: 1.3</cmt>
      </trkpt>
      <trkpt lat="47.359082" lon="8.562544">
        <ele>493</ele>
        <time>2024-08-05T02:04:26Z</time>
        <cmt>speed: 0.2</cmt>
      </trkpt>
      <trkpt lat="47.358741" lon="8.562403">
        <ele>446</ele>
        <time>2024-08-05T02:14:27Z</time>
        <cmt>speed: 0.0</cmt>
      </trkpt>
      <trkpt lat="47.358741" lon="8.562403">
        <ele>446</ele>
        <time>2024-08-05T02:14:44Z</time>
      </trkpt>
      <trkpt lat="47.3589" lon="8.562535">
        <ele>471</ele>
        <time>2024-08-05T02:24:26Z</time>
        <cmt>speed: 0.2</cmt>
      </trkpt>
      <trkpt lat="47.358777" lon="8.562784">
        <ele>464</ele>
        <time>2024-08-05T02:34:28Z</time>
        <cmt>speed: 0.2</cmt>
      </trkpt>
      <trkpt lat="47.358777" lon="8.562784">
        <ele>464</ele>
        <time>2024-08-05T02:34:44Z</time>
      </trkpt>
      <trkpt lat="47.358776" lon="8.562302">
        <ele>441</ele>
        <time>2024-08-05T02:44:27Z</time>
        <cmt>speed: 0.3</cmt>
      </trkpt>
      <trkpt lat="47.358785" lon="8.561114">
        <ele>465</ele>
        <time>2024-08-05T02:54:28Z</time>
        <cmt>speed: 0.1</cmt>
      </trkpt>
      <trkpt lat="47.358683" lon="8.560761">
        <ele>425</ele>
        <time>2024-08-05T03:04:30Z</time>
        <cmt>speed: 0.0</cmt>
      </trkpt>
      <trkpt lat="47.358026" lon="8.561196">
        <ele>444</ele>
        <time>2024-08-05T03:14:28Z</time>
        <cmt>speed: 0.3</cmt>
      </trkpt>
      <trkpt lat="47.359389" lon="8.562341">
        <ele>440</ele>
        <time>2024-08-05T03:24:28Z</time>
        <cmt>speed: 0.1</cmt>
      </trkpt>
      <trkpt lat="47.35926" lon="8.564146">
        <ele>452</ele>
        <time>2024-08-05T03:34:27Z</time>
        <cmt>speed: 0.1</cmt>
      </trkpt>
      <trkpt lat="47.359058" lon="8.565252">
        <ele>474</ele>
        <time>2024-08-05T03:44:40Z</time>
        <cmt>speed: 1.1</cmt>
      </trkpt>
      <trkpt lat="47.35855" lon="8.565958">
        <ele>434</ele>
        <time>2024-08-05T03:54:26Z</time>
        <cmt>speed: 2.9</cmt>
      </trkpt>
      <trkpt lat="47.35837" lon="8.564903">
        <ele>463</ele>
        <time>2024-08-05T04:04:27Z</time>
        <cmt>speed: 0.2</cmt>
      </trkpt>
      <trkpt lat="47.35837" lon="8.564903">
        <ele>463</ele>
        <time>2024-08-05T04:14:16Z</time>
      </trkpt>
      <trkpt lat="47.358486" lon="8.564685">
        <ele>470</ele>
        <time>2024-08-05T04:14:26Z</time>
        <cmt>speed: 1.0</cmt>
      </trkpt>
      <trkpt lat="47.358489" lon="8.564724">
        <ele>444</ele>
        <time>2024-08-05T04:24:27Z</time>
        <cmt>speed: 0.1</cmt>
      </trkpt>
      <trkpt lat="47.358489" lon="8.564724">
        <ele>444</ele>
        <time>2024-08-05T04:34:18Z</time>
      </trkpt>
      <trkpt lat="47.358414" lon="8.564743">
        <ele>447</ele>
        <time>2024-08-05T04:34:28Z</time>
        <cmt>speed: 0.3</cmt>
      </trkpt>
      <trkpt lat="47.358297" lon="8.56477">
        <ele>445</ele>
        <time>2024-08-05T04:44:30Z</time>
        <cmt>speed: 0.3</cmt>
      </trkpt>
      <trkpt lat="47.358386" lon="8.565632">
        <ele>438</ele>
        <time>2024-08-05T04:54:25Z</time>
        <cmt>speed: 1.2</cmt>
      </trkpt>
      <trkpt lat="47.35845" lon="8.564762">
        <ele>467</ele>
        <time>2024-08-05T05:04:27Z</time>
        <cmt>speed: 1.0</cmt>
      </trkpt>
      <trkpt lat="47.359893" lon="8.563891">
        <ele>447</ele>
        <time>2024-08-05T05:14:04Z</time>
        <cmt>speed: 0.3</cmt>
      </trkpt>
      <trkpt lat="47.359869" lon="8.563988">
        <ele>461</ele>
        <time>2024-08-05T05:14:07Z</time>
        <cmt>speed: 0.5</cmt>
      </trkpt>
      <trkpt lat="47.359854" lon="8.563978">
        <ele>464</ele>
        <time>2024-08-05T05:14:12Z</time>
        <cmt>speed: 0.0</cmt>
      </trkpt>
      <trkpt lat="47.359854" lon="8.563978">
        <ele>464</ele>
        <time>2024-08-05T05:14:16Z</time>
        <cmt>speed: 0.0</cmt>
      </trkpt>
      <trkpt lat="47.359854" lon="8.563978">
        <ele>464</ele>
        <time>2024-08-05T05:14:19Z</time>
        <cmt>speed: 0.0</cmt>
      </trkpt>
      <trkpt lat="47.359854" lon="8.563978">
        <ele>464</ele>
        <time>2024-08-05T05:14:24Z</time>
        <cmt>speed: 0.0</cmt>
      </trkpt>
      <trkpt lat="47.359854" lon="8.563978">
        <ele>464</ele>
        <time>2024-08-05T05:14:27Z</time>
        <cmt>speed: 0.0</cmt>
      </trkpt>
      <trkpt lat="47.359854" lon="8.563978">
        <ele>464</ele>
        <time>2024-08-05T05:14:32Z</time>
        <cmt>speed: 0.0</cmt>
      </trkpt>
      <trkpt lat="47.359854" lon="8.563978">
        <ele>464</ele>
        <time>2024-08-05T05:14:35Z</time>
        <cmt>speed: 0.0</cmt>
      </trkpt>
      <trkpt lat="47.359854" lon="8.563978">
        <ele>464</ele>
        <time>2024-08-05T05:14:40Z</time>
        <cmt>speed: 0.0</cmt>
      </trkpt>
      <trkpt lat="47.359974" lon="8.56367">
        <ele>434</ele>
        <time>2024-08-05T05:17:51Z</time>
      </trkpt>
      <trkpt lat="47.359974" lon="8.56367">
        <ele>434</ele>
        <time>2024-08-05T05:32:49Z</time>
      </trkpt>
      <trkpt lat="47.359974" lon="8.56367">
        <ele>434</ele>
        <time>2024-08-05T05:32:51Z</time>
      </trkpt>
      <trkpt lat="47.360566" lon="8.562415">
        <ele>407</ele>
        <time>2024-08-05T09:05:36Z</time>
        <cmt>speed: 0.4</cmt>
      </trkpt>
      <trkpt lat="47.360237" lon="8.562298">
        <ele>427</ele>
        <time>2024-08-05T09:15:31Z</time>
        <cmt>speed: 1.6</cmt>
      </trkpt>
      <trkpt lat="47.359649" lon="8.561372">
        <ele>412</ele>
        <time>2024-08-05T09:25:31Z</time>
        <cmt>speed: 0.5</cmt>
      </trkpt>
      <trkpt lat="47.359127" lon="8.561865">
        <ele>500</ele>
        <time>2024-08-05T09:35:31Z</time>
        <cmt>speed: 0.6</cmt>
      </trkpt>
      <trkpt lat="47.358812" lon="8.562343">
        <ele>477</ele>
        <time>2024-08-05T09:45:29Z</time>
        <cmt>speed: 0.0</cmt>
      </trkpt>
      <trkpt lat="47.358812" lon="8.562343">
        <ele>477</ele>
        <time>2024-08-05T09:45:31Z</time>
      </trkpt>
      <trkpt lat="47.358172" lon="8.562562">
        <ele>453</ele>
        <time>2024-08-05T09:55:33Z</time>
        <cmt>speed: 0.0</cmt>
      </trkpt>
      <trkpt lat="47.358152" lon="8.562828">
        <ele>416</ele>
        <time>2024-08-05T10:05:35Z</time>
        <cmt>speed: 0.0</cmt>
      </trkpt>
      <trkpt lat="47.358152" lon="8.562828">
        <ele>416</ele>
        <time>2024-08-05T10:05:35Z</time>
      </trkpt>
      <trkpt lat="47.357774" lon="8.562632">
        <ele>429</ele>
        <time>2024-08-05T10:15:59Z</time>
        <cmt>speed: 0.4</cmt>
      </trkpt>
      <trkpt lat="47.357774" lon="8.562632">
        <ele>429</ele>
        <time>2024-08-05T10:25:49Z</time>
      </trkpt>
      <trkpt lat="47.358001" lon="8.562699">
        <ele>411</ele>
        <time>2024-08-05T10:25:50Z</time>
        <cmt>speed: 0.6</cmt>
      </trkpt>
      <trkpt lat="47.357819" lon="8.56254">
        <ele>436</ele>
        <time>2024-08-05T10:45:47Z</time>
        <cmt>speed: 0.5</cmt>
      </trkpt>
      <trkpt lat="47.357819" lon="8.56254">
        <ele>436</ele>
        <time>2024-08-05T10:45:47Z</time>
      </trkpt>
      <trkpt lat="47.357713" lon="8.562296">
        <ele>484</ele>
        <time>2024-08-05T10:55:35Z</time>
        <cmt>speed: 0.1</cmt>
      </trkpt>
      <trkpt lat="47.357792" lon="8.562166">
        <ele>453</ele>
        <time>2024-08-05T11:05:31Z</time>
        <cmt>speed: 0.0</cmt>
      </trkpt>
      <trkpt lat="47.357792" lon="8.562166">
        <ele>453</ele>
        <time>2024-08-05T11:05:31Z</time>
      </trkpt>
      <trkpt lat="47.358037" lon="8.562477">
        <ele>475</ele>
        <time>2024-08-05T11:15:33Z</time>
        <cmt>speed: 0.0</cmt>
      </trkpt>
      <trkpt lat="47.358198" lon="8.562405">
        <ele>430</ele>
        <time>2024-08-05T11:25:41Z</time>
        <cmt>speed: 0.2</cmt>
      </trkpt>
      <trkpt lat="47.358063" lon="8.562747">
        <ele>400</ele>
        <time>2024-08-05T11:45:53Z</time>
        <cmt>speed: 0.4</cmt>
      </trkpt>
      <trkpt lat="47.357947" lon="8.562481">
        <ele>456</ele>
        <time>2024-08-05T13:45:28Z</time>
        <cmt>speed: 0.1</cmt>
      </trkpt>
      <trkpt lat="47.357947" lon="8.562481">
        <ele>456</ele>
        <time>2024-08-05T13:45:31Z</time>
      </trkpt>
      <trkpt lat="47.357998" lon="8.56274">
        <ele>431</ele>
        <time>2024-08-05T14:16:51Z</time>
        <cmt>speed: 0.1</cmt>
      </trkpt>
      <trkpt lat="47.358076" lon="8.562522">
        <ele>499</ele>
        <time>2024-08-05T14:26:18Z</time>
        <cmt>speed: 0.5</cmt>
      </trkpt>
      <trkpt lat="47.359053" lon="8.561832">
        <ele>431</ele>
        <time>2024-08-05T14:36:19Z</time>
        <cmt>speed: 0.1</cmt>
      </trkpt>
      <trkpt lat="47.35989" lon="8.5615">
        <ele>426</ele>
        <time>2024-08-05T14:46:15Z</time>
        <cmt>speed: 0.2</cmt>
      </trkpt>
      <trkpt lat="47.359701" lon="8.561754">
        <ele>422</ele>
        <time>2024-08-05T14:56:14Z</time>
        <cmt>speed: 0.1</cmt>
      </trkpt>
      <trkpt lat="47.359701" lon="8.561754">
        <ele>422</ele>
        <time>2024-08-05T15:06:36Z</time>
      </trkpt>
      <trkpt lat="47.360008" lon="8.563415">
        <ele>455</ele>
        <time>2024-08-05T15:06:37Z</time>
        <cmt>speed: 0.7</cmt>
      </trkpt>
      <trkpt lat="47.359974" lon="8.56367">
        <ele>434</ele>
        <time>2024-08-05T15:08:49Z</time>
      </trkpt>
      <trkpt lat="47.359943" lon="8.563636">
        <ele>444</ele>
        <time>2024-08-05T15:13:44Z</time>
        <cmt>speed: 0.8</cmt>
      </trkpt>
      <trkpt lat="47.359974" lon="8.56367">
        <ele>434</ele>
        <time>2024-08-05T15:16:02Z</time>
      </trkpt>
      <trkpt lat="47.359974" lon="8.56367">
        <ele>434</ele>
        <time>2024-08-05T15:31:02Z</time>
      </trkpt>
      <trkpt lat="47.359307" lon="8.563799">
        <ele>494</ele>
        <time>2024-08-05T20:33:20Z</time>
        <cmt>speed: 0.3</cmt>
      </trkpt>
      <trkpt lat="47.359229" lon="8.562009">
        <ele>461</ele>
        <time>2024-08-05T20:43:02Z</time>
        <cmt>speed: 0.5</cmt>
      </trkpt>
      <trkpt lat="47.358773" lon="8.560771">
        <ele>436</ele>
        <time>2024-08-05T20:53:04Z</time>
        <cmt>speed: 0.4</cmt>
      </trkpt>
      <trkpt lat="47.359235" lon="8.561273">
        <ele>420</ele>
        <time>2024-08-05T21:03:02Z</time>
        <cmt>speed: 0.7</cmt>
      </trkpt>
      <trkpt lat="47.359523" lon="8.56204">
        <ele>474</ele>
        <time>2024-08-05T21:13:03Z</time>
        <cmt>speed: 0.6</cmt>
      </trkpt>
      <trkpt lat="47.359523" lon="8.56204">
        <ele>474</ele>
        <time>2024-08-05T21:13:03Z</time>
      </trkpt>
      <trkpt lat="47.358837" lon="8.56307">
        <ele>453</ele>
        <time>2024-08-05T21:33:05Z</time>
        <cmt>speed: 0.5</cmt>
      </trkpt>
      <trkpt lat="47.358146" lon="8.563164">
        <ele>447</ele>
        <time>2024-08-05T21:43:04Z</time>
        <cmt>speed: 0.1</cmt>
      </trkpt>
      <trkpt lat="47.35849" lon="8.562974">
        <ele>454</ele>
        <time>2024-08-05T21:53:06Z</time>
        <cmt>speed: 0.2</cmt>
      </trkpt>
      <trkpt lat="47.358311" lon="8.563158">
        <ele>423</ele>
        <time>2024-08-05T22:03:02Z</time>
        <cmt>speed: 0.0</cmt>
      </trkpt>
      <trkpt lat="47.358426" lon="8.5631">
        <ele>447</ele>
        <time>2024-08-05T22:13:02Z</time>
        <cmt>speed: 0.1</cmt>
      </trkpt>
      <trkpt lat="47.358426" lon="8.5631">
        <ele>447</ele>
        <time>2024-08-05T22:13:03Z</time>
      </trkpt>
      <trkpt lat="47.358182" lon="8.563468">
        <ele>379</ele>
        <time>2024-08-05T22:23:02Z</time>
        <cmt>speed: 0.2</cmt>
      </trkpt>
      <trkpt lat="47.358182" lon="8.563468">
        <ele>379</ele>
        <time>2024-08-05T22:33:03Z</time>
      </trkpt>
      <trkpt lat="47.358337" lon="8.563173">
        <ele>425</ele>
        <time>2024-08-05T22:34:50Z</time>
        <cmt>speed: 0.2</cmt>
      </trkpt>
      <trkpt lat="47.358143" lon="8.563094">
        <ele>421</ele>
        <time>2024-08-05T22:44:50Z</time>
        <cmt>speed: 0.5</cmt>
      </trkpt>
      <trkpt lat="47.358143" lon="8.563094">
        <ele>421</ele>
        <time>2024-08-05T22:53:03Z</time>
      </trkpt>
      <trkpt lat="47.358253" lon="8.563059">
        <ele>429</ele>
        <time>2024-08-05T22:54:50Z</time>
        <cmt>speed: 0.1</cmt>
      </trkpt>
      <trkpt lat="47.358303" lon="8.563011">
        <ele>444</ele>
        <time>2024-08-05T23:04:53Z</time>
        <cmt>speed: 0.4</cmt>
      </trkpt>
      <trkpt lat="47.358303" lon="8.563011">
        <ele>444</ele>
        <time>2024-08-05T23:14:52Z</time>
      </trkpt>
      <trkpt lat="47.358323" lon="8.562986">
        <ele>441</ele>
        <time>2024-08-05T23:14:54Z</time>
        <cmt>speed: 0.1</cmt>
      </trkpt>
      <trkpt lat="47.35829" lon="8.563034">
        <ele>448</ele>
        <time>2024-08-05T23:24:53Z</time>
        <cmt>speed: 0.8</cmt>
      </trkpt>
      <trkpt lat="47.35829" lon="8.563034">
        <ele>448</ele>
        <time>2024-08-05T23:34:51Z</time>
      </trkpt>
      <trkpt lat="47.358256" lon="8.563124">
        <ele>450</ele>
        <time>2024-08-05T23:34:53Z</time>
        <cmt>speed: 0.5</cmt>
      </trkpt>
      <trkpt lat="47.358525" lon="8.563144">
        <ele>443</ele>
        <time>2024-08-05T23:44:53Z</time>
        <cmt>speed: 0.8</cmt>
      </trkpt>
      <trkpt lat="47.359121" lon="8.563697">
        <ele>461</ele>
        <time>2024-08-05T23:54:56Z</time>
        <cmt>speed: 0.6</cmt>
      </trkpt>
      <trkpt lat="47.358714" lon="8.565457">
        <ele>431</ele>
        <time>2024-08-06T00:04:53Z</time>
        <cmt>speed: 0.2</cmt>
      </trkpt>
      <trkpt lat="47.358714" lon="8.565457">
        <ele>431</ele>
        <time>2024-08-06T00:14:50Z</time>
      </trkpt>
      <trkpt lat="47.358755" lon="8.565458">
        <ele>440</ele>
        <time>2024-08-06T00:14:52Z</time>
        <cmt>speed: 0.2</cmt>
      </trkpt>
      <trkpt lat="47.358642" lon="8.565487">
        <ele>455</ele>
        <time>2024-08-06T00:24:52Z</time>
        <cmt>speed: 0.4</cmt>
      </trkpt>
      <trkpt lat="47.359959" lon="8.563643">
        <ele>434</ele>
        <time>2024-08-06T00:35:42Z</time>
      </trkpt>
      <trkpt lat="47.359959" lon="8.563643">
        <ele>434</ele>
        <time>2024-08-06T00:50:42Z</time>
      </trkpt>
      <trkpt lat="47.359805" lon="8.563885">
        <ele>469</ele>
        <time>2024-08-06T02:08:15Z</time>
        <cmt>speed: 0.0</cmt>
      </trkpt>
      <trkpt lat="47.359373" lon="8.564132">
        <ele>440</ele>
        <time>2024-08-06T02:18:34Z</time>
        <cmt>speed: 0.1</cmt>
      </trkpt>
      <trkpt lat="47.358665" lon="8.566365">
        <ele>418</ele>
        <time>2024-08-06T02:28:02Z</time>
        <cmt>speed: 0.6</cmt>
      </trkpt>
      <trkpt lat="47.358782" lon="8.566863">
        <ele>451</ele>
        <time>2024-08-06T02:38:04Z</time>
        <cmt>speed: 0.1</cmt>
      </trkpt>
      <trkpt lat="47.358782" lon="8.566863">
        <ele>451</ele>
        <time>2024-08-06T02:48:00Z</time>
      </trkpt>
      <trkpt lat="47.358658" lon="8.566539">
        <ele>447</ele>
        <time>2024-08-06T02:48:03Z</time>
        <cmt>speed: 0.2</cmt>
      </trkpt>
      <trkpt lat="47.358594" lon="8.566453">
        <ele>388</ele>
        <time>2024-08-06T03:06:45Z</time>
        <cmt>speed: 0.2</cmt>
      </trkpt>
      <trkpt lat="47.358334" lon="8.566426">
        <ele>420</ele>
        <time>2024-08-06T03:16:44Z</time>
        <cmt>speed: 0.1</cmt>
      </trkpt>
      <trkpt lat="47.358367" lon="8.566167">
        <ele>456</ele>
        <time>2024-08-06T03:26:45Z</time>
        <cmt>speed: 1.0</cmt>
      </trkpt>
      <trkpt lat="47.358149" lon="8.566108">
        <ele>454</ele>
        <time>2024-08-06T03:36:46Z</time>
        <cmt>speed: 1.5</cmt>
      </trkpt>
      <trkpt lat="47.35899" lon="8.564939">
        <ele>444</ele>
        <time>2024-08-06T03:46:43Z</time>
        <cmt>speed: 0.4</cmt>
      </trkpt>
      <trkpt lat="47.358764" lon="8.56513">
        <ele>458</ele>
        <time>2024-08-06T03:56:45Z</time>
        <cmt>speed: 0.3</cmt>
      </trkpt>
      <trkpt lat="47.358849" lon="8.564975">
        <ele>450</ele>
        <time>2024-08-06T04:06:43Z</time>
        <cmt>speed: 0.0</cmt>
      </trkpt>
      <trkpt lat="47.358868" lon="8.565004">
        <ele>470</ele>
        <time>2024-08-06T04:16:42Z</time>
        <cmt>speed: 0.5</cmt>
      </trkpt>
      <trkpt lat="47.358988" lon="8.56494">
        <ele>395</ele>
        <time>2024-08-06T04:26:42Z</time>
        <cmt>speed: 0.1</cmt>
      </trkpt>
      <trkpt lat="47.359138" lon="8.564706">
        <ele>432</ele>
        <time>2024-08-06T04:36:45Z</time>
        <cmt>speed: 0.6</cmt>
      </trkpt>
      <trkpt lat="47.359995" lon="8.562891">
        <ele>437</ele>
        <time>2024-08-06T04:56:46Z</time>
        <cmt>speed: 0.3</cmt>
      </trkpt>
      <trkpt lat="47.359974" lon="8.56367">
        <ele>434</ele>
        <time>2024-08-06T04:59:38Z</time>
      </trkpt>
      <trkpt lat="47.359911" lon="8.563636">
        <ele>411</ele>
        <time>2024-08-06T05:03:03Z</time>
        <cmt>speed: 0.0</cmt>
      </trkpt>
      <trkpt lat="47.359974" lon="8.56367">
        <ele>434</ele>
        <time>2024-08-06T05:05:22Z</time>
      </trkpt>
      <trkpt lat="47.359974" lon="8.56367">
        <ele>434</ele>
        <time>2024-08-06T05:20:22Z</time>
      </trkpt>
      <trkpt lat="47.36046" lon="8.563519">
        <ele>456</ele>
        <time>2024-08-06T08:20:17Z</time>
        <cmt>speed: 0.1</cmt>
      </trkpt>
      <trkpt lat="47.360318" lon="8.561663">
        <ele>410</ele>
        <time>2024-08-06T08:29:58Z</time>
        <cmt>speed: 0.3</cmt>
      </trkpt>
      <trkpt lat="47.360121" lon="8.561884">
        <ele>486</ele>
        <time>2024-08-06T08:40:01Z</time>
        <cmt>speed: 0.0</cmt>
      </trkpt>
      <trkpt lat="47.359517" lon="8.560022">
        <ele>410</ele>
        <time>2024-08-06T08:50:03Z</time>
        <cmt>speed: 2.4</cmt>
      </trkpt>
      <trkpt lat="47.359517" lon="8.560022">
        <ele>410</ele>
        <time>2024-08-06T08:59:58Z</time>
      </trkpt>
      <trkpt lat="47.359776" lon="8.559873">
        <ele>446</ele>
        <time>2024-08-06T08:59:59Z</time>
        <cmt>speed: 0.1</cmt>
      </trkpt>
      <trkpt lat="47.358623" lon="8.558627">
        <ele>414</ele>
        <time>2024-08-06T09:09:59Z</time>
        <cmt>speed: 0.4</cmt>
      </trkpt>
      <trkpt lat="47.357812" lon="8.560079">
        <ele>432</ele>
        <time>2024-08-06T09:20:02Z</time>
        <cmt>speed: 0.2</cmt>
      </trkpt>
      <trkpt lat="47.357735" lon="8.560341">
        <ele>468</ele>
        <time>2024-08-06T09:30:20Z</time>
        <cmt>speed: 0.2</cmt>
      </trkpt>
      <trkpt lat="47.357735" lon="8.560341">
        <ele>468</ele>
        <time>2024-08-06T09:39:58Z</time>
      </trkpt>
      <trkpt lat="47.357596" lon="8.560268">
        <ele>456</ele>
        <time>2024-08-06T09:40:01Z</time>
        <cmt>speed: 0.1</cmt>
      </trkpt>
      <trkpt lat="47.357662" lon="8.560318">
        <ele>431</ele>
        <time>2024-08-06T09:50:10Z</time>
        <cmt>speed: 0.5</cmt>
      </trkpt>
      <trkpt lat="47.357662" lon="8.560318">
        <ele>431</ele>
        <time>2024-08-06T09:59:59Z</time>
      </trkpt>
      <trkpt lat="47.357795" lon="8.560323">
        <ele>411</ele>
        <time>2024-08-06T10:00:03Z</time>
        <cmt>speed: 0.2</cmt>
      </trkpt>
      <trkpt lat="47.357869" lon="8.560565">
        <ele>399</ele>
        <time>2024-08-06T10:10:05Z</time>
        <cmt>speed: 0.5</cmt>
      </trkpt>
      <trkpt lat="47.357679" lon="8.560328">
        <ele>425</ele>
        <time>2024-08-06T10:30:31Z</time>
        <cmt>speed: 1.2</cmt>
      </trkpt>
      <trkpt lat="47.357679" lon="8.560328">
        <ele>425</ele>
        <time>2024-08-06T10:40:08Z</time>
      </trkpt>
      <trkpt lat="47.35747" lon="8.560299">
        <ele>469</ele>
        <time>2024-08-06T10:40:12Z</time>
        <cmt>speed: 0.2</cmt>
      </trkpt>
      <trkpt lat="47.357571" lon="8.560341">
        <ele>467</ele>
        <time>2024-08-06T11:11:54Z</time>
        <cmt>speed: 0.0</cmt>
      </trkpt>
      <trkpt lat="47.357565" lon="8.560154">
        <ele>448</ele>
        <time>2024-08-06T11:22:25Z</time>
        <cmt>speed: 0.9</cmt>
      </trkpt>
      <trkpt lat="47.35764" lon="8.560308">
        <ele>441</ele>
        <time>2024-08-06T11:59:08Z</time>
        <cmt>speed: 0.2</cmt>
      </trkpt>
      <trkpt lat="47.35764" lon="8.560308">
        <ele>441</ele>
        <time>2024-08-06T11:59:58Z</time>
      </trkpt>
      <trkpt lat="47.357648" lon="8.560164">
        <ele>481</ele>
        <time>2024-08-06T12:19:07Z</time>
        <cmt>speed: 1.5</cmt>
      </trkpt>
      <trkpt lat="47.357648" lon="8.560164">
        <ele>481</ele>
        <time>2024-08-06T12:19:58Z</time>
      </trkpt>
      <trkpt lat="47.357651" lon="8.560264">
        <ele>451</ele>
        <time>2024-08-06T12:29:01Z</time>
        <cmt>speed: 0.0</cmt>
      </trkpt>
      <trkpt lat="47.357595" lon="8.559919">
        <ele>484</ele>
        <time>2024-08-06T12:39:17Z</time>
        <cmt>speed: 0.3</cmt>
      </trkpt>
      <trkpt lat="47.357627" lon="8.560166">
        <ele>440</ele>
        <time>2024-08-06T12:49:06Z</time>
        <cmt>speed: 0.0</cmt>
      </trkpt>
      <trkpt lat="47.35775" lon="8.560286">
        <ele>444</ele>
        <time>2024-08-06T12:59:02Z</time>
        <cmt>speed: 0.1</cmt>
      </trkpt>
      <trkpt lat="47.357749" lon="8.560104">
        <ele>464</ele>
        <time>2024-08-06T13:09:01Z</time>
        <cmt>speed: 0.1</cmt>
      </trkpt>
      <trkpt lat="47.357749" lon="8.560104">
        <ele>464</ele>
        <time>2024-08-06T13:18:58Z</time>
      </trkpt>
      <trkpt lat="47.357761" lon="8.56001">
        <ele>440</ele>
        <time>2024-08-06T13:19:03Z</time>
        <cmt>speed: 0.1</cmt>
      </trkpt>
      <trkpt lat="47.358417" lon="8.560449">
        <ele>450</ele>
        <time>2024-08-06T13:39:00Z</time>
        <cmt>speed: 0.6</cmt>
      </trkpt>
      <trkpt lat="47.358042" lon="8.560773">
        <ele>431</ele>
        <time>2024-08-06T13:49:14Z</time>
        <cmt>speed: 1.0</cmt>
      </trkpt>
      <trkpt lat="47.357549" lon="8.561409">
        <ele>487</ele>
        <time>2024-08-06T14:39:13Z</time>
        <cmt>speed: 0.1</cmt>
      </trkpt>
      <trkpt lat="47.357658" lon="8.561191">
        <ele>433</ele>
        <time>2024-08-06T14:59:00Z</time>
        <cmt>speed: 0.6</cmt>
      </trkpt>
      <trkpt lat="47.357471" lon="8.561774">
        <ele>440</ele>
        <time>2024-08-06T15:09:43Z</time>
        <cmt>speed: 0.1</cmt>
      </trkpt>
      <trkpt lat="47.357693" lon="8.562383">
        <ele>440</ele>
        <time>2024-08-06T15:19:08Z</time>
        <cmt>speed: 0.0</cmt>
      </trkpt>
      <trkpt lat="47.357656" lon="8.562439">
        <ele>442</ele>
        <time>2024-08-06T15:29:05Z</time>
        <cmt>speed: 0.6</cmt>
      </trkpt>
      <trkpt lat="47.357866" lon="8.562731">
        <ele>448</ele>
        <time>2024-08-06T15:39:00Z</time>
        <cmt>speed: 0.1</cmt>
      </trkpt>
      <trkpt lat="47.357727" lon="8.563059">
        <ele>463</ele>
        <time>2024-08-06T15:49:05Z</time>
        <cmt>speed: 0.5</cmt>
      </trkpt>
      <trkpt lat="47.357727" lon="8.563059">
        <ele>463</ele>
        <time>2024-08-06T15:58:55Z</time>
      </trkpt>
      <trkpt lat="47.357625" lon="8.563595">
        <ele>467</ele>
        <time>2024-08-06T15:59:00Z</time>
        <cmt>speed: 0.4</cmt>
      </trkpt>
      <trkpt lat="47.357754" lon="8.563531">
        <ele>499</ele>
        <time>2024-08-06T16:09:03Z</time>
        <cmt>speed: 0.2</cmt>
      </trkpt>
      <trkpt lat="47.357593" lon="8.563618">
        <ele>464</ele>
        <time>2024-08-06T16:19:01Z</time>
        <cmt>speed: 0.4</cmt>
      </trkpt>
      <trkpt lat="47.35754" lon="8.563545">
        <ele>435</ele>
        <time>2024-08-06T16:29:01Z</time>
        <cmt>speed: 0.1</cmt>
      </trkpt>
      <trkpt lat="47.35754" lon="8.563545">
        <ele>435</ele>
        <time>2024-08-06T16:38:55Z</time>
      </trkpt>
      <trkpt lat="47.357548" lon="8.563416">
        <ele>455</ele>
        <time>2024-08-06T16:38:58Z</time>
        <cmt>speed: 0.2</cmt>
      </trkpt>
      <trkpt lat="47.357524" lon="8.563702">
        <ele>440</ele>
        <time>2024-08-06T16:48:59Z</time>
        <cmt>speed: 0.3</cmt>
      </trkpt>
      <trkpt lat="47.357524" lon="8.563702">
        <ele>440</ele>
        <time>2024-08-06T16:58:56Z</time>
      </trkpt>
      <trkpt lat="47.357683" lon="8.563609">
        <ele>464</ele>
        <time>2024-08-06T16:59:01Z</time>
        <cmt>speed: 0.2</cmt>
      </trkpt>
      <trkpt lat="47.358576" lon="8.563586">
        <ele>450</ele>
        <time>2024-08-06T17:09:00Z</time>
        <cmt>speed: 0.2</cmt>
      </trkpt>
      <trkpt lat="47.358576" lon="8.563586">
        <ele>450</ele>
        <time>2024-08-06T17:18:55Z</time>
      </trkpt>
      <trkpt lat="47.359992" lon="8.563841">
        <ele>431</ele>
        <time>2024-08-06T17:19:00Z</time>
        <cmt>speed: 0.6</cmt>
      </trkpt>
      <trkpt lat="47.359959" lon="8.563643">
        <ele>434</ele>
        <time>2024-08-06T17:27:24Z</time>
      </trkpt>
      <trkpt lat="47.359959" lon="8.563643">
        <ele>434</ele>
        <time>2024-08-06T17:42:24Z</time>
      </trkpt>
      <trkpt lat="47.359403" lon="8.563988">
        <ele>425</ele>
        <time>2024-08-06T20:19:09Z</time>
        <cmt>speed: 0.3</cmt>
      </trkpt>
      <trkpt lat="47.359484" lon="8.562958">
        <ele>470</ele>
        <time>2024-08-06T20:28:59Z</time>
        <cmt>speed: 0.1</cmt>
      </trkpt>
      <trkpt lat="47.358598" lon="8.561741">
        <ele>445</ele>
        <time>2024-08-06T20:38:57Z</time>
        <cmt>speed: 0.9</cmt>
      </trkpt>
      <trkpt lat="47.35809" lon="8.561948">
        <ele>407</ele>
        <time>2024-08-06T20:48:58Z</time>
        <cmt>speed: 0.1</cmt>
      </trkpt>
      <trkpt lat="47.35814" lon="8.56101">
        <ele>416</ele>
        <time>2024-08-06T20:59:01Z</time>
        <cmt>speed: 1.0</cmt>
      </trkpt>
      <trkpt lat="47.358212" lon="8.561034">
        <ele>466</ele>
        <time>2024-08-06T21:08:57Z</time>
        <cmt>speed: 0.3</cmt>
      </trkpt>
      <trkpt lat="47.358212" lon="8.561034">
        <ele>466</ele>
        <time>2024-08-06T21:18:54Z</time>
      </trkpt>
      <trkpt lat="47.358348" lon="8.560911">
        <ele>462</ele>
        <time>2024-08-06T21:19:00Z</time>
        <cmt>speed: 0.1</cmt>
      </trkpt>
      <trkpt lat="47.357952" lon="8.561301">
        <ele>444</ele>
        <time>2024-08-06T21:29:05Z</time>
        <cmt>speed: 0.9</cmt>
      </trkpt>
      <trkpt lat="47.357952" lon="8.561301">
        <ele>444</ele>
        <time>2024-08-06T21:39:06Z</time>
      </trkpt>
      <trkpt lat="47.358141" lon="8.561122">
        <ele>419</ele>
        <time>2024-08-06T21:39:12Z</time>
        <cmt>speed: 0.1</cmt>
      </trkpt>
      <trkpt lat="47.358112" lon="8.560908">
        <ele>433</ele>
        <time>2024-08-06T21:49:02Z</time>
        <cmt>speed: 0.3</cmt>
      </trkpt>
      <trkpt lat="47.358112" lon="8.560908">
        <ele>433</ele>
        <time>2024-08-06T21:58:52Z</time>
      </trkpt>
      <trkpt lat="47.358226" lon="8.561093">
        <ele>463</ele>
        <time>2024-08-06T21:58:58Z</time>
        <cmt>speed: 0.3</cmt>
      </trkpt>
      <trkpt lat="47.358406" lon="8.560889">
        <ele>447</ele>
        <time>2024-08-06T22:08:59Z</time>
        <cmt>speed: 0.1</cmt>
      </trkpt>
      <trkpt lat="47.358406" lon="8.560889">
        <ele>447</ele>
        <time>2024-08-06T22:19:37Z</time>
      </trkpt>
      <trkpt lat="47.357888" lon="8.560607">
        <ele>403</ele>
        <time>2024-08-06T22:19:43Z</time>
        <cmt>speed: 0.5</cmt>
      </trkpt>
      <trkpt lat="47.358273" lon="8.560909">
        <ele>438</ele>
        <time>2024-08-06T22:29:05Z</time>
        <cmt>speed: 0.4</cmt>
      </trkpt>
      <trkpt lat="47.359708" lon="8.559939">
        <ele>416</ele>
        <time>2024-08-06T22:49:00Z</time>
        <cmt>speed: 0.8</cmt>
      </trkpt>
      <trkpt lat="47.360186" lon="8.561049">
        <ele>430</ele>
        <time>2024-08-06T22:59:05Z</time>
        <cmt>speed: 0.4</cmt>
      </trkpt>
      <trkpt lat="47.360178" lon="8.561337">
        <ele>407</ele>
        <time>2024-08-06T23:08:58Z</time>
        <cmt>speed: 1.2</cmt>
      </trkpt>
      <trkpt lat="47.357827" lon="8.562276">
        <ele>471</ele>
        <time>2024-08-06T23:18:59Z</time>
        <cmt>speed: 0.0</cmt>
      </trkpt>
      <trkpt lat="47.356789" lon="8.563205">
        <ele>398</ele>
        <time>2024-08-06T23:28:57Z</time>
        <cmt>speed: 1.3</cmt>
      </trkpt>
      <trkpt lat="47.357062" lon="8.563566">
        <ele>457</ele>
        <time>2024-08-06T23:38:58Z</time>
        <cmt>speed: 1.6</cmt>
      </trkpt>
      <trkpt lat="47.357135" lon="8.56355">
        <ele>434</ele>
        <time>2024-08-06T23:48:58Z</time>
        <cmt>speed: 0.4</cmt>
      </trkpt>
      <trkpt lat="47.357135" lon="8.56355">
        <ele>434</ele>
        <time>2024-08-06T23:58:51Z</time>
      </trkpt>
      <trkpt lat="47.357057" lon="8.563643">
        <ele>441</ele>
        <time>2024-08-06T23:58:58Z</time>
        <cmt>speed: 0.9</cmt>
      </trkpt>
      <trkpt lat="47.35707" lon="8.563788">
        <ele>455</ele>
        <time>2024-08-07T00:08:59Z</time>
        <cmt>speed: 0.3</cmt>
      </trkpt>
      <trkpt lat="47.35707" lon="8.563788">
        <ele>455</ele>
        <time>2024-08-07T00:18:51Z</time>
      </trkpt>
      <trkpt lat="47.357075" lon="8.563771">
        <ele>478</ele>
        <time>2024-08-07T00:18:58Z</time>
        <cmt>speed: 0.2</cmt>
      </trkpt>
      <trkpt lat="47.357129" lon="8.563784">
        <ele>450</ele>
        <time>2024-08-07T00:28:57Z</time>
        <cmt>speed: 0.6</cmt>
      </trkpt>
      <trkpt lat="47.357129" lon="8.563784">
        <ele>450</ele>
        <time>2024-08-07T00:38:52Z</time>
      </trkpt>
      <trkpt lat="47.357167" lon="8.563692">
        <ele>459</ele>
        <time>2024-08-07T00:38:59Z</time>
        <cmt>speed: 0.4</cmt>
      </trkpt>
      <trkpt lat="47.35706" lon="8.563704">
        <ele>448</ele>
        <time>2024-08-07T00:48:58Z</time>
        <cmt>speed: 0.2</cmt>
      </trkpt>
      <trkpt lat="47.35706" lon="8.563704">
        <ele>448</ele>
        <time>2024-08-07T00:58:51Z</time>
      </trkpt>
      <trkpt lat="47.35693" lon="8.563591">
        <ele>445</ele>
        <time>2024-08-07T00:59:19Z</time>
        <cmt>speed: 0.6</cmt>
      </trkpt>
      <trkpt lat="47.357028" lon="8.56374">
        <ele>453</ele>
        <time>2024-08-07T01:09:18Z</time>
        <cmt>speed: 0.2</cmt>
      </trkpt>
      <trkpt lat="47.357028" lon="8.56374">
        <ele>453</ele>
        <time>2024-08-07T01:19:22Z</time>
      </trkpt>
      <trkpt lat="47.357005" lon="8.563736">
        <ele>457</ele>
        <time>2024-08-07T01:19:29Z</time>
        <cmt>speed: 0.4</cmt>
      </trkpt>
      <trkpt lat="47.357076" lon="8.563704">
        <ele>454</ele>
        <time>2024-08-07T01:29:18Z</time>
        <cmt>speed: 0.4</cmt>
      </trkpt>
      <trkpt lat="47.358344" lon="8.562394">
        <ele>421</ele>
        <time>2024-08-07T01:39:19Z</time>
        <cmt>speed: 0.8</cmt>
      </trkpt>
      <trkpt lat="47.359416" lon="8.56359">
        <ele>471</ele>
        <time>2024-08-07T01:49:39Z</time>
        <cmt>speed: 1.5</cmt>
      </trkpt>
      <trkpt lat="47.359494" lon="8.563812">
        <ele>448</ele>
        <time>2024-08-07T01:59:18Z</time>
        <cmt>speed: 0.3</cmt>
      </trkpt>
      <trkpt lat="47.35952" lon="8.563831">
        <ele>401</ele>
        <time>2024-08-07T02:09:18Z</time>
        <cmt>speed: 1.0</cmt>
      </trkpt>
      <trkpt lat="47.359406" lon="8.563897">
        <ele>477</ele>
        <time>2024-08-07T02:19:19Z</time>
        <cmt>speed: 0.7</cmt>
      </trkpt>
      <trkpt lat="47.358707" lon="8.565703">
        <ele>482</ele>
        <time>2024-08-07T02:29:16Z</time>
        <cmt>speed: 0.6</cmt>
      </trkpt>
      <trkpt lat="47.358697" lon="8.565524">
        <ele>444</ele>
        <time>2024-08-07T02:39:18Z</time>
        <cmt>speed: 0.2</cmt>
      </trkpt>
      <trkpt lat="47.358713" lon="8.56553">
        <ele>434</ele>
        <time>2024-08-07T02:49:17Z</time>
        <cmt>speed: 0.1</cmt>
      </trkpt>
      <trkpt lat="47.358755" lon="8.565496">
        <ele>450</ele>
        <time>2024-08-07T02:59:18Z</time>
        <cmt>speed: 0.0</cmt>
      </trkpt>
      <trkpt lat="47.358738" lon="8.565358">
        <ele>460</ele>
        <time>2024-08-07T03:09:16Z</time>
        <cmt>speed: 1.0</cmt>
      </trkpt>
      <trkpt lat="47.35875" lon="8.565377">
        <ele>442</ele>
        <time>2024-08-07T03:19:17Z</time>
        <cmt>speed: 0.1</cmt>
      </trkpt>
      <trkpt lat="47.358733" lon="8.563957">
        <ele>461</ele>
        <time>2024-08-07T03:29:20Z</time>
        <cmt>speed: 0.1</cmt>
      </trkpt>
      <trkpt lat="47.358733" lon="8.563957">
        <ele>461</ele>
        <time>2024-08-07T03:39:10Z</time>
      </trkpt>
      <trkpt lat="47.358821" lon="8.565163">
        <ele>444</ele>
        <time>2024-08-07T03:39:17Z</time>
        <cmt>speed: 0.2</cmt>
      </trkpt>
      <trkpt lat="47.358763" lon="8.565464">
        <ele>454</ele>
        <time>2024-08-07T03:49:19Z</time>
        <cmt>speed: 0.0</cmt>
      </trkpt>
      <trkpt lat="47.359974" lon="8.56367">
        <ele>434</ele>
        <time>2024-08-07T03:56:23Z</time>
      </trkpt>
      <trkpt lat="47.359974" lon="8.56367">
        <ele>434</ele>
        <time>2024-08-07T04:11:21Z</time>
      </trkpt>
      <trkpt lat="47.359974" lon="8.56367">
        <ele>434</ele>
        <time>2024-08-07T04:11:23Z</time>
      </trkpt>
      <trkpt lat="47.359959" lon="8.563643">
        <ele>434</ele>
        <time>2024-08-07T15:19:56Z</time>
      </trkpt>
      <trkpt lat="47.360128" lon="8.562535">
        <ele>443</ele>
        <time>2024-08-07T15:20:52Z</time>
        <cmt>speed: 0.5</cmt>
      </trkpt>
      <trkpt lat="47.359977" lon="8.561654">
        <ele>412</ele>
        <time>2024-08-07T15:30:09Z</time>
        <cmt>speed: 0.4</cmt>
      </trkpt>
      <trkpt lat="47.358725" lon="8.560339">
        <ele>434</ele>
        <time>2024-08-07T15:40:11Z</time>
        <cmt>speed: 0.2</cmt>
      </trkpt>
      <trkpt lat="47.357655" lon="8.560997">
        <ele>443</ele>
        <time>2024-08-07T15:50:22Z</time>
        <cmt>speed: 0.2</cmt>
      </trkpt>
      <trkpt lat="47.357744" lon="8.560658">
        <ele>453</ele>
        <time>2024-08-07T16:00:10Z</time>
        <cmt>speed: 0.1</cmt>
      </trkpt>
      <trkpt lat="47.357758" lon="8.560783">
        <ele>453</ele>
        <time>2024-08-07T16:10:09Z</time>
        <cmt>speed: 1.0</cmt>
      </trkpt>
      <trkpt lat="47.357758" lon="8.560783">
        <ele>453</ele>
        <time>2024-08-07T16:20:06Z</time>
      </trkpt>
      <trkpt lat="47.357892" lon="8.560583">
        <ele>419</ele>
        <time>2024-08-07T16:20:15Z</time>
        <cmt>speed: 0.0</cmt>
      </trkpt>
      <trkpt lat="47.35791" lon="8.560744">
        <ele>464</ele>
        <time>2024-08-07T16:30:17Z</time>
        <cmt>speed: 1.6</cmt>
      </trkpt>
      <trkpt lat="47.357724" lon="8.560762">
        <ele>433</ele>
        <time>2024-08-07T16:50:18Z</time>
        <cmt>speed: 0.0</cmt>
      </trkpt>
      <trkpt lat="47.357823" lon="8.559987">
        <ele>462</ele>
        <time>2024-08-07T17:00:11Z</time>
        <cmt>speed: 0.1</cmt>
      </trkpt>
      <trkpt lat="47.358174" lon="8.560174">
        <ele>436</ele>
        <time>2024-08-07T17:10:09Z</time>
        <cmt>speed: 0.2</cmt>
      </trkpt>
      <trkpt lat="47.358566" lon="8.560303">
        <ele>491</ele>
        <time>2024-08-07T17:20:13Z</time>
        <cmt>speed: 0.7</cmt>
      </trkpt>
      <trkpt lat="47.358667" lon="8.561197">
        <ele>465</ele>
        <time>2024-08-07T17:30:07Z</time>
        <cmt>speed: 0.7</cmt>
      </trkpt>
      <trkpt lat="47.358923" lon="8.562028">
        <ele>421</ele>
        <time>2024-08-07T17:40:11Z</time>
        <cmt>speed: 0.6</cmt>
      </trkpt>
      <trkpt lat="47.357595" lon="8.562436">
        <ele>439</ele>
        <time>2024-08-07T17:50:11Z</time>
        <cmt>speed: 0.0</cmt>
      </trkpt>
      <trkpt lat="47.357595" lon="8.562436">
        <ele>439</ele>
        <time>2024-08-07T18:00:01Z</time>
      </trkpt>
      <trkpt lat="47.357549" lon="8.562449">
        <ele>445</ele>
        <time>2024-08-07T18:01:13Z</time>
        <cmt>speed: 0.9</cmt>
      </trkpt>
      <trkpt lat="47.357655" lon="8.56262">
        <ele>446</ele>
        <time>2024-08-07T18:11:09Z</time>
        <cmt>speed: 0.1</cmt>
      </trkpt>
      <trkpt lat="47.357799" lon="8.56221">
        <ele>459</ele>
        <time>2024-08-07T18:31:16Z</time>
        <cmt>speed: 0.2</cmt>
      </trkpt>
      <trkpt lat="47.35809" lon="8.562351">
        <ele>458</ele>
        <time>2024-08-07T18:41:31Z</time>
        <cmt>speed: 0.2</cmt>
      </trkpt>
      <trkpt lat="47.357986" lon="8.562492">
        <ele>466</ele>
        <time>2024-08-07T18:51:11Z</time>
        <cmt>speed: 0.0</cmt>
      </trkpt>
      <trkpt lat="47.358457" lon="8.562482">
        <ele>441</ele>
        <time>2024-08-07T19:11:09Z</time>
        <cmt>speed: 0.9</cmt>
      </trkpt>
      <trkpt lat="47.358674" lon="8.561983">
        <ele>421</ele>
        <time>2024-08-07T19:21:13Z</time>
        <cmt>speed: 0.2</cmt>
      </trkpt>
      <trkpt lat="47.358479" lon="8.561137">
        <ele>477</ele>
        <time>2024-08-07T19:31:10Z</time>
        <cmt>speed: 0.4</cmt>
      </trkpt>
      <trkpt lat="47.358864" lon="8.561064">
        <ele>427</ele>
        <time>2024-08-07T19:41:07Z</time>
        <cmt>speed: 0.3</cmt>
      </trkpt>
      <trkpt lat="47.358889" lon="8.561262">
        <ele>433</ele>
        <time>2024-08-07T19:51:08Z</time>
        <cmt>speed: 1.2</cmt>
      </trkpt>
      <trkpt lat="47.359227" lon="8.562097">
        <ele>447</ele>
        <time>2024-08-07T20:01:08Z</time>
        <cmt>speed: 0.6</cmt>
      </trkpt>
      <trkpt lat="47.359094" lon="8.562545">
        <ele>472</ele>
        <time>2024-08-07T20:11:09Z</time>
        <cmt>speed: 0.3</cmt>
      </trkpt>
      <trkpt lat="47.359081" lon="8.562504">
        <ele>455</ele>
        <time>2024-08-07T20:21:08Z</time>
        <cmt>speed: 0.8</cmt>
      </trkpt>
      <trkpt lat="47.358928" lon="8.564274">
        <ele>449</ele>
        <time>2024-08-07T20:31:11Z</time>
        <cmt>speed: 0.9</cmt>
      </trkpt>
      <trkpt lat="47.3582" lon="8.565538">
        <ele>467</ele>
        <time>2024-08-07T20:41:12Z</time>
        <cmt>speed: 0.6</cmt>
      </trkpt>
      <trkpt lat="47.358452" lon="8.565578">
        <ele>437</ele>
        <time>2024-08-07T20:51:07Z</time>
        <cmt>speed: 1.4</cmt>
      </trkpt>
      <trkpt lat="47.357635" lon="8.566148">
        <ele>455</ele>
        <time>2024-08-07T21:01:07Z</time>
        <cmt>speed: 0.0</cmt>
      </trkpt>
      <trkpt lat="47.357626" lon="8.566188">
        <ele>475</ele>
        <time>2024-08-07T21:11:09Z</time>
        <cmt>speed: 0.4</cmt>
      </trkpt>
      <trkpt lat="47.357626" lon="8.566188">
        <ele>475</ele>
        <time>2024-08-07T21:20:58Z</time>
      </trkpt>
      <trkpt lat="47.357585" lon="8.56616">
        <ele>455</ele>
        <time>2024-08-07T21:21:08Z</time>
        <cmt>speed: 0.1</cmt>
      </trkpt>
      <trkpt lat="47.357757" lon="8.566168">
        <ele>460</ele>
        <time>2024-08-07T21:31:08Z</time>
        <cmt>speed: 0.2</cmt>
      </trkpt>
      <trkpt lat="47.357757" lon="8.566168">
        <ele>460</ele>
        <time>2024-08-07T21:41:01Z</time>
      </trkpt>
      <trkpt lat="47.358607" lon="8.566439">
        <ele>439</ele>
        <time>2024-08-07T21:41:11Z</time>
        <cmt>speed: 0.1</cmt>
      </trkpt>
      <trkpt lat="47.358495" lon="8.566565">
        <ele>441</ele>
        <time>2024-08-07T21:51:10Z</time>
        <cmt>speed: 0.0</cmt>
      </trkpt>
      <trkpt lat="47.358495" lon="8.566565">
        <ele>441</ele>
        <time>2024-08-07T22:01:00Z</time>
      </trkpt>
      <trkpt lat="47.358513" lon="8.566589">
        <ele>441</ele>
        <time>2024-08-07T22:01:10Z</time>
        <cmt>speed: 0.2</cmt>
      </trkpt>
      <trkpt lat="47.358488" lon="8.565905">
        <ele>451</ele>
        <time>2024-08-07T22:11:10Z</time>
        <cmt>speed: 0.1</cmt>
      </trkpt>
      <trkpt lat="47.358524" lon="8.565895">
        <ele>415</ele>
        <time>2024-08-07T22:21:08Z</time>
        <cmt>speed: 1.0</cmt>
      </trkpt>
      <trkpt lat="47.358321" lon="8.565633">
        <ele>452</ele>
        <time>2024-08-07T22:31:13Z</time>
        <cmt>speed: 0.3</cmt>
      </trkpt>
      <trkpt lat="47.359959" lon="8.563643">
        <ele>434</ele>
        <time>2024-08-07T22:40:10Z</time>
      </trkpt>
      <trkpt lat="47.359959" lon="8.563643">
        <ele>434</ele>
        <time>2024-08-07T22:55:10Z</time>
      </trkpt>
      <trkpt lat="47.359959" lon="8.563643">
        <ele>434</ele>
        <time>2024-08-08T02:35:52Z</time>
      </trkpt>
      <trkpt lat="47.359461" lon="8.564364">
        <ele>446</ele>
        <time>2024-08-08T02:43:34Z</time>
        <cmt>speed: 0.0</cmt>
      </trkpt>
      <trkpt lat="47.35966" lon="8.564108">
        <ele>445</ele>
        <time>2024-08-08T02:53:34Z</time>
        <cmt>speed: 0.5</cmt>
      </trkpt>
      <trkpt lat="47.359262" lon="8.564111">
        <ele>425</ele>
        <time>2024-08-08T03:03:33Z</time>
        <cmt>speed: 0.8</cmt>
      </trkpt>
      <trkpt lat="47.359262" lon="8.564111">
        <ele>425</ele>
        <time>2024-08-08T03:03:45Z</time>
      </trkpt>
      <trkpt lat="47.359341" lon="8.56375">
        <ele>417</ele>
        <time>2024-08-08T03:13:31Z</time>
        <cmt>speed: 0.4</cmt>
      </trkpt>
      <trkpt lat="47.358845" lon="8.565712">
        <ele>446</ele>
        <time>2024-08-08T03:23:30Z</time>
        <cmt>speed: 0.2</cmt>
      </trkpt>
      <trkpt lat="47.358903" lon="8.566028">
        <ele>441</ele>
        <time>2024-08-08T03:33:32Z</time>
        <cmt>speed: 0.5</cmt>
      </trkpt>
      <trkpt lat="47.357831" lon="8.565947">
        <ele>453</ele>
        <time>2024-08-08T03:43:30Z</time>
        <cmt>speed: 1.3</cmt>
      </trkpt>
      <trkpt lat="47.357813" lon="8.565517">
        <ele>468</ele>
        <time>2024-08-08T03:53:31Z</time>
        <cmt>speed: 0.5</cmt>
      </trkpt>
      <trkpt lat="47.357536" lon="8.565475">
        <ele>476</ele>
        <time>2024-08-08T04:03:33Z</time>
        <cmt>speed: 0.3</cmt>
      </trkpt>
      <trkpt lat="47.35786" lon="8.566004">
        <ele>452</ele>
        <time>2024-08-08T04:13:32Z</time>
        <cmt>speed: 0.0</cmt>
      </trkpt>
      <trkpt lat="47.35777" lon="8.565999">
        <ele>503</ele>
        <time>2024-08-08T04:23:30Z</time>
        <cmt>speed: 1.3</cmt>
      </trkpt>
      <trkpt lat="47.357801" lon="8.566321">
        <ele>473</ele>
        <time>2024-08-08T04:33:31Z</time>
        <cmt>speed: 0.1</cmt>
      </trkpt>
      <trkpt lat="47.357824" lon="8.56629">
        <ele>457</ele>
        <time>2024-08-08T04:53:32Z</time>
        <cmt>speed: 0.1</cmt>
      </trkpt>
      <trkpt lat="47.357881" lon="8.566195">
        <ele>493</ele>
        <time>2024-08-08T05:03:32Z</time>
        <cmt>speed: 0.3</cmt>
      </trkpt>
      <trkpt lat="47.357881" lon="8.566195">
        <ele>493</ele>
        <time>2024-08-08T05:03:32Z</time>
      </trkpt>
      <trkpt lat="47.357809" lon="8.566081">
        <ele>476</ele>
        <time>2024-08-08T05:13:33Z</time>
        <cmt>speed: 0.0</cmt>
      </trkpt>
      <trkpt lat="47.357809" lon="8.566081">
        <ele>476</ele>
        <time>2024-08-08T05:23:30Z</time>
      </trkpt>
      <trkpt lat="47.357798" lon="8.56624">
        <ele>434</ele>
        <time>2024-08-08T05:24:35Z</time>
        <cmt>speed: 0.1</cmt>
      </trkpt>
      <trkpt lat="47.357839" lon="8.566183">
        <ele>468</ele>
        <time>2024-08-08T05:34:37Z</time>
        <cmt>speed: 7.1</cmt>
      </trkpt>
      <trkpt lat="47.357666" lon="8.566212">
        <ele>475</ele>
        <time>2024-08-08T05:44:36Z</time>
        <cmt>speed: 1.4</cmt>
      </trkpt>
      <trkpt lat="47.359123" lon="8.563645">
        <ele>459</ele>
        <time>2024-08-08T05:54:38Z</time>
        <cmt>speed: 0.6</cmt>
      </trkpt>
      <trkpt lat="47.359959" lon="8.563643">
        <ele>434</ele>
        <time>2024-08-08T06:13:10Z</time>
      </trkpt>
      <trkpt lat="47.359959" lon="8.563643">
        <ele>434</ele>
        <time>2024-08-08T06:28:10Z</time>
      </trkpt>
      <trkpt lat="47.360081" lon="8.563338">
        <ele>453</ele>
        <time>2024-08-08T10:53:06Z</time>
        <cmt>speed: 0.2</cmt>
      </trkpt>
      <trkpt lat="47.359974" lon="8.56367">
        <ele>434</ele>
        <time>2024-08-08T10:57:58Z</time>
      </trkpt>
      <trkpt lat="47.359823" lon="8.563719">
        <ele>447</ele>
        <time>2024-08-08T11:03:09Z</time>
        <cmt>speed: 0.1</cmt>
      </trkpt>
      <trkpt lat="47.358289" lon="8.564926">
        <ele>458</ele>
        <time>2024-08-08T11:23:26Z</time>
        <cmt>speed: 0.4</cmt>
      </trkpt>
      <trkpt lat="47.357713" lon="8.564435">
        <ele>446</ele>
        <time>2024-08-08T11:33:02Z</time>
        <cmt>speed: 0.3</cmt>
      </trkpt>
      <trkpt lat="47.357376" lon="8.563533">
        <ele>465</ele>
        <time>2024-08-08T11:43:01Z</time>
        <cmt>speed: 0.1</cmt>
      </trkpt>
      <trkpt lat="47.357916" lon="8.562925">
        <ele>438</ele>
        <time>2024-08-08T11:53:19Z</time>
        <cmt>speed: 0.0</cmt>
      </trkpt>
      <trkpt lat="47.357916" lon="8.562925">
        <ele>438</ele>
        <time>2024-08-08T12:03:08Z</time>
      </trkpt>
      <trkpt lat="47.357928" lon="8.563011">
        <ele>491</ele>
        <time>2024-08-08T12:03:09Z</time>
        <cmt>speed: 0.2</cmt>
      </trkpt>
      <trkpt lat="47.357896" lon="8.562904">
        <ele>434</ele>
        <time>2024-08-08T12:13:06Z</time>
        <cmt>speed: 0.1</cmt>
      </trkpt>
      <trkpt lat="47.35758" lon="8.562373">
        <ele>455</ele>
        <time>2024-08-08T12:23:03Z</time>
        <cmt>speed: 1.2</cmt>
      </trkpt>
      <trkpt lat="47.357831" lon="8.560946">
        <ele>439</ele>
        <time>2024-08-08T12:33:03Z</time>
        <cmt>speed: 1.2</cmt>
      </trkpt>
      <trkpt lat="47.357831" lon="8.560946">
        <ele>439</ele>
        <time>2024-08-08T12:43:02Z</time>
      </trkpt>
      <trkpt lat="47.357868" lon="8.56018">
        <ele>446</ele>
        <time>2024-08-08T12:43:04Z</time>
        <cmt>speed: 0.6</cmt>
      </trkpt>
      <trkpt lat="47.357824" lon="8.560289">
        <ele>483</ele>
        <time>2024-08-08T12:53:01Z</time>
        <cmt>speed: 0.0</cmt>
      </trkpt>
      <trkpt lat="47.357824" lon="8.560289">
        <ele>483</ele>
        <time>2024-08-08T13:03:01Z</time>
      </trkpt>
      <trkpt lat="47.35769" lon="8.560321">
        <ele>415</ele>
        <time>2024-08-08T13:03:03Z</time>
        <cmt>speed: 0.8</cmt>
      </trkpt>
      <trkpt lat="47.357919" lon="8.560231">
        <ele>447</ele>
        <time>2024-08-08T13:13:06Z</time>
        <cmt>speed: 0.1</cmt>
      </trkpt>
      <trkpt lat="47.357919" lon="8.560231">
        <ele>447</ele>
        <time>2024-08-08T13:23:03Z</time>
      </trkpt>
      <trkpt lat="47.357903" lon="8.560369">
        <ele>451</ele>
        <time>2024-08-08T13:23:04Z</time>
        <cmt>speed: 0.2</cmt>
      </trkpt>
      <trkpt lat="47.357705" lon="8.559897">
        <ele>426</ele>
        <time>2024-08-08T13:33:05Z</time>
        <cmt>speed: 0.1</cmt>
      </trkpt>
      <trkpt lat="47.357825" lon="8.560124">
        <ele>446</ele>
        <time>2024-08-08T13:43:03Z</time>
        <cmt>speed: 0.2</cmt>
      </trkpt>
      <trkpt lat="47.357877" lon="8.560049">
        <ele>460</ele>
        <time>2024-08-08T13:53:03Z</time>
        <cmt>speed: 1.6</cmt>
      </trkpt>
      <trkpt lat="47.357953" lon="8.56026">
        <ele>475</ele>
        <time>2024-08-08T14:03:04Z</time>
        <cmt>speed: 0.2</cmt>
      </trkpt>
      <trkpt lat="47.358107" lon="8.560065">
        <ele>505</ele>
        <time>2024-08-08T14:13:06Z</time>
        <cmt>speed: 0.1</cmt>
      </trkpt>
      <trkpt lat="47.358107" lon="8.560065">
        <ele>505</ele>
        <time>2024-08-08T14:23:00Z</time>
      </trkpt>
      <trkpt lat="47.358128" lon="8.560362">
        <ele>447</ele>
        <time>2024-08-08T14:23:02Z</time>
        <cmt>speed: 0.7</cmt>
      </trkpt>
      <trkpt lat="47.358088" lon="8.560232">
        <ele>438</ele>
        <time>2024-08-08T14:33:09Z</time>
        <cmt>speed: 0.7</cmt>
      </trkpt>
      <trkpt lat="47.358088" lon="8.560232">
        <ele>438</ele>
        <time>2024-08-08T14:43:11Z</time>
      </trkpt>
      <trkpt lat="47.357597" lon="8.560037">
        <ele>394</ele>
        <time>2024-08-08T14:43:13Z</time>
        <cmt>speed: 0.0</cmt>
      </trkpt>
      <trkpt lat="47.358107" lon="8.560096">
        <ele>473</ele>
        <time>2024-08-08T15:03:35Z</time>
        <cmt>speed: 0.0</cmt>
      </trkpt>
      <trkpt lat="47.35797" lon="8.559923">
        <ele>466</ele>
        <time>2024-08-08T15:13:30Z</time>
        <cmt>speed: 2.7</cmt>
      </trkpt>
      <trkpt lat="47.35797" lon="8.559923">
        <ele>466</ele>
        <time>2024-08-08T15:23:27Z</time>
      </trkpt>
      <trkpt lat="47.358147" lon="8.560309">
        <ele>435</ele>
        <time>2024-08-08T15:23:29Z</time>
        <cmt>speed: 0.5</cmt>
      </trkpt>
      <trkpt lat="47.358289" lon="8.560149">
        <ele>478</ele>
        <time>2024-08-08T15:33:36Z</time>
        <cmt>speed: 0.0</cmt>
      </trkpt>
      <trkpt lat="47.358218" lon="8.560366">
        <ele>469</ele>
        <time>2024-08-08T15:43:28Z</time>
        <cmt>speed: 1.0</cmt>
      </trkpt>
      <trkpt lat="47.357455" lon="8.561128">
        <ele>440</ele>
        <time>2024-08-08T15:53:30Z</time>
        <cmt>speed: 0.7</cmt>
      </trkpt>
      <trkpt lat="47.357623" lon="8.561366">
        <ele>454</ele>
        <time>2024-08-08T16:03:36Z</time>
        <cmt>speed: 2.2</cmt>
      </trkpt>
      <trkpt lat="47.357914" lon="8.561649">
        <ele>442</ele>
        <time>2024-08-08T16:13:30Z</time>
        <cmt>speed: 0.0</cmt>
      </trkpt>
      <trkpt lat="47.358112" lon="8.56198">
        <ele>446</ele>
        <time>2024-08-08T16:23:28Z</time>
        <cmt>speed: 0.3</cmt>
      </trkpt>
      <trkpt lat="47.357959" lon="8.562973">
        <ele>436</ele>
        <time>2024-08-08T16:33:33Z</time>
        <cmt>speed: 0.1</cmt>
      </trkpt>
      <trkpt lat="47.357959" lon="8.562973">
        <ele>436</ele>
        <time>2024-08-08T16:43:25Z</time>
      </trkpt>
      <trkpt lat="47.358127" lon="8.5631">
        <ele>428</ele>
        <time>2024-08-08T16:43:27Z</time>
        <cmt>speed: 0.1</cmt>
      </trkpt>
      <trkpt lat="47.358157" lon="8.563058">
        <ele>450</ele>
        <time>2024-08-08T16:53:27Z</time>
        <cmt>speed: 0.6</cmt>
      </trkpt>
      <trkpt lat="47.358157" lon="8.563058">
        <ele>450</ele>
        <time>2024-08-08T17:03:25Z</time>
      </trkpt>
      <trkpt lat="47.358112" lon="8.563085">
        <ele>453</ele>
        <time>2024-08-08T17:03:27Z</time>
        <cmt>speed: 0.0</cmt>
      </trkpt>
      <trkpt lat="47.358238" lon="8.56298">
        <ele>449</ele>
        <time>2024-08-08T17:13:50Z</time>
        <cmt>speed: 0.3</cmt>
      </trkpt>
      <trkpt lat="47.358281" lon="8.563056">
        <ele>460</ele>
        <time>2024-08-08T17:23:35Z</time>
        <cmt>speed: 1.2</cmt>
      </trkpt>
      <trkpt lat="47.358249" lon="8.563137">
        <ele>450</ele>
        <time>2024-08-08T17:33:29Z</time>
        <cmt>speed: 0.6</cmt>
      </trkpt>
      <trkpt lat="47.358249" lon="8.563137">
        <ele>450</ele>
        <time>2024-08-08T17:43:26Z</time>
      </trkpt>
      <trkpt lat="47.358169" lon="8.563091">
        <ele>450</ele>
        <time>2024-08-08T17:43:28Z</time>
        <cmt>speed: 0.7</cmt>
      </trkpt>
      <trkpt lat="47.358258" lon="8.56304">
        <ele>440</ele>
        <time>2024-08-08T17:53:28Z</time>
        <cmt>speed: 0.2</cmt>
      </trkpt>
      <trkpt lat="47.358258" lon="8.56304">
        <ele>440</ele>
        <time>2024-08-08T18:03:39Z</time>
      </trkpt>
      <trkpt lat="47.358212" lon="8.563046">
        <ele>416</ele>
        <time>2024-08-08T18:03:41Z</time>
        <cmt>speed: 1.6</cmt>
      </trkpt>
      <trkpt lat="47.35787" lon="8.562826">
        <ele>431</ele>
        <time>2024-08-08T18:13:31Z</time>
        <cmt>speed: 0.8</cmt>
      </trkpt>
      <trkpt lat="47.358958" lon="8.560675">
        <ele>480</ele>
        <time>2024-08-08T18:23:28Z</time>
        <cmt>speed: 0.4</cmt>
      </trkpt>
      <trkpt lat="47.359113" lon="8.561023">
        <ele>429</ele>
        <time>2024-08-08T18:33:32Z</time>
        <cmt>speed: 0.0</cmt>
      </trkpt>
      <trkpt lat="47.358104" lon="8.560182">
        <ele>469</ele>
        <time>2024-08-08T18:43:30Z</time>
        <cmt>speed: 0.3</cmt>
      </trkpt>
      <trkpt lat="47.358169" lon="8.560263">
        <ele>446</ele>
        <time>2024-08-08T18:53:28Z</time>
        <cmt>speed: 0.1</cmt>
      </trkpt>
      <trkpt lat="47.358169" lon="8.560263">
        <ele>446</ele>
        <time>2024-08-08T19:03:00Z</time>
      </trkpt>
      <trkpt lat="47.358282" lon="8.560091">
        <ele>444</ele>
        <time>2024-08-08T19:06:32Z</time>
        <cmt>speed: 0.8</cmt>
      </trkpt>
      <trkpt lat="47.358146" lon="8.560278">
        <ele>459</ele>
        <time>2024-08-08T19:16:30Z</time>
        <cmt>speed: 0.0</cmt>
      </trkpt>
      <trkpt lat="47.357931" lon="8.560412">
        <ele>446</ele>
        <time>2024-08-08T19:26:31Z</time>
        <cmt>speed: 0.3</cmt>
      </trkpt>
      <trkpt lat="47.358404" lon="8.560612">
        <ele>438</ele>
        <time>2024-08-08T19:36:31Z</time>
        <cmt>speed: 0.5</cmt>
      </trkpt>
      <trkpt lat="47.35795" lon="8.560909">
        <ele>382</ele>
        <time>2024-08-08T19:46:32Z</time>
        <cmt>speed: 0.1</cmt>
      </trkpt>
      <trkpt lat="47.357946" lon="8.560847">
        <ele>413</ele>
        <time>2024-08-08T19:56:32Z</time>
        <cmt>speed: 0.2</cmt>
      </trkpt>
      <trkpt lat="47.358388" lon="8.560646">
        <ele>428</ele>
        <time>2024-08-08T20:06:31Z</time>
        <cmt>speed: 0.2</cmt>
      </trkpt>
      <trkpt lat="47.358713" lon="8.560926">
        <ele>433</ele>
        <time>2024-08-08T20:16:31Z</time>
        <cmt>speed: 0.7</cmt>
      </trkpt>
      <trkpt lat="47.359182" lon="8.561975">
        <ele>445</ele>
        <time>2024-08-08T20:26:32Z</time>
        <cmt>speed: 0.3</cmt>
      </trkpt>
      <trkpt lat="47.35902" lon="8.563417">
        <ele>470</ele>
        <time>2024-08-08T20:36:31Z</time>
        <cmt>speed: 0.9</cmt>
      </trkpt>
      <trkpt lat="47.358622" lon="8.564667">
        <ele>474</ele>
        <time>2024-08-08T20:46:34Z</time>
        <cmt>speed: 0.2</cmt>
      </trkpt>
      <trkpt lat="47.358384" lon="8.565973">
        <ele>451</ele>
        <time>2024-08-08T20:56:30Z</time>
        <cmt>speed: 0.1</cmt>
      </trkpt>
      <trkpt lat="47.358407" lon="8.565822">
        <ele>450</ele>
        <time>2024-08-08T21:06:29Z</time>
        <cmt>speed: 0.5</cmt>
      </trkpt>
      <trkpt lat="47.358379" lon="8.565953">
        <ele>450</ele>
        <time>2024-08-08T21:16:30Z</time>
        <cmt>speed: 0.3</cmt>
      </trkpt>
      <trkpt lat="47.358379" lon="8.565953">
        <ele>450</ele>
        <time>2024-08-08T21:26:29Z</time>
      </trkpt>
      <trkpt lat="47.358408" lon="8.565863">
        <ele>460</ele>
        <time>2024-08-08T21:26:32Z</time>
        <cmt>speed: 0.3</cmt>
      </trkpt>
      <trkpt lat="47.358484" lon="8.565911">
        <ele>450</ele>
        <time>2024-08-08T21:36:32Z</time>
        <cmt>speed: 1.3</cmt>
      </trkpt>
      <trkpt lat="47.358518" lon="8.565719">
        <ele>449</ele>
        <time>2024-08-08T21:46:30Z</time>
        <cmt>speed: 0.1</cmt>
      </trkpt>
      <trkpt lat="47.358185" lon="8.565791">
        <ele>406</ele>
        <time>2024-08-08T21:56:56Z</time>
        <cmt>speed: 0.0</cmt>
      </trkpt>
      <trkpt lat="47.358185" lon="8.565791">
        <ele>406</ele>
        <time>2024-08-08T22:06:59Z</time>
      </trkpt>
      <trkpt lat="47.358294" lon="8.56584">
        <ele>433</ele>
        <time>2024-08-08T22:07:02Z</time>
        <cmt>speed: 0.1</cmt>
      </trkpt>
      <trkpt lat="47.358197" lon="8.566011">
        <ele>428</ele>
        <time>2024-08-08T22:16:31Z</time>
        <cmt>speed: 0.2</cmt>
      </trkpt>
      <trkpt lat="47.358015" lon="8.565965">
        <ele>470</ele>
        <time>2024-08-08T22:26:33Z</time>
        <cmt>speed: 0.3</cmt>
      </trkpt>
      <trkpt lat="47.357432" lon="8.56559">
        <ele>490</ele>
        <time>2024-08-08T22:36:33Z</time>
        <cmt>speed: 0.4</cmt>
      </trkpt>
      <trkpt lat="47.357432" lon="8.56559">
        <ele>490</ele>
        <time>2024-08-08T22:46:29Z</time>
      </trkpt>
      <trkpt lat="47.35754" lon="8.565577">
        <ele>475</ele>
        <time>2024-08-08T22:46:32Z</time>
        <cmt>speed: 0.1</cmt>
      </trkpt>
      <trkpt lat="47.357485" lon="8.565429">
        <ele>468</ele>
        <time>2024-08-08T22:56:31Z</time>
        <cmt>speed: 0.0</cmt>
      </trkpt>
      <trkpt lat="47.357555" lon="8.565607">
        <ele>452</ele>
        <time>2024-08-08T23:06:31Z</time>
        <cmt>speed: 0.3</cmt>
      </trkpt>
      <trkpt lat="47.357801" lon="8.56546">
        <ele>464</ele>
        <time>2024-08-08T23:16:30Z</time>
        <cmt>speed: 1.4</cmt>
      </trkpt>
      <trkpt lat="47.357664" lon="8.565646">
        <ele>457</ele>
        <time>2024-08-08T23:26:31Z</time>
        <cmt>speed: 0.4</cmt>
      </trkpt>
      <trkpt lat="47.357858" lon="8.56565">
        <ele>448</ele>
        <time>2024-08-08T23:36:31Z</time>
        <cmt>speed: 0.5</cmt>
      </trkpt>
      <trkpt lat="47.35779" lon="8.565754">
        <ele>448</ele>
        <time>2024-08-08T23:46:35Z</time>
        <cmt>speed: 0.2</cmt>
      </trkpt>
      <trkpt lat="47.358786" lon="8.565428">
        <ele>426</ele>
        <time>2024-08-08T23:56:29Z</time>
        <cmt>speed: 0.8</cmt>
      </trkpt>
      <trkpt lat="47.358786" lon="8.565428">
        <ele>426</ele>
        <time>2024-08-09T00:06:28Z</time>
      </trkpt>
      <trkpt lat="47.358035" lon="8.565488">
        <ele>450</ele>
        <time>2024-08-09T00:06:31Z</time>
        <cmt>speed: 0.0</cmt>
      </trkpt>
      <trkpt lat="47.358169" lon="8.565471">
        <ele>455</ele>
        <time>2024-08-09T00:16:31Z</time>
        <cmt>speed: 0.3</cmt>
      </trkpt>
      <trkpt lat="47.35908" lon="8.563868">
        <ele>456</ele>
        <time>2024-08-09T00:26:31Z</time>
        <cmt>speed: 1.3</cmt>
      </trkpt>
      <trkpt lat="47.359791" lon="8.560612">
        <ele>439</ele>
        <time>2024-08-09T00:36:33Z</time>
        <cmt>speed: 0.5</cmt>
      </trkpt>
      <trkpt lat="47.35863" lon="8.561659">
        <ele>468</ele>
        <time>2024-08-09T00:46:33Z</time>
        <cmt>speed: 0.0</cmt>
      </trkpt>
      <trkpt lat="47.357754" lon="8.563297">
        <ele>436</ele>
        <time>2024-08-09T00:56:35Z</time>
        <cmt>speed: 0.1</cmt>
      </trkpt>
      <trkpt lat="47.357513" lon="8.563705">
        <ele>447</ele>
        <time>2024-08-09T01:06:32Z</time>
        <cmt>speed: 0.3</cmt>
      </trkpt>
      <trkpt lat="47.357451" lon="8.563746">
        <ele>463</ele>
        <time>2024-08-09T01:16:36Z</time>
        <cmt>speed: 0.7</cmt>
      </trkpt>
      <trkpt lat="47.357451" lon="8.563746">
        <ele>463</ele>
        <time>2024-08-09T01:26:28Z</time>
      </trkpt>
      <trkpt lat="47.357403" lon="8.563824">
        <ele>462</ele>
        <time>2024-08-09T01:26:31Z</time>
        <cmt>speed: 0.2</cmt>
      </trkpt>
      <trkpt lat="47.357449" lon="8.563679">
        <ele>461</ele>
        <time>2024-08-09T01:36:30Z</time>
        <cmt>speed: 2.1</cmt>
      </trkpt>
      <trkpt lat="47.357449" lon="8.563679">
        <ele>461</ele>
        <time>2024-08-09T01:46:28Z</time>
      </trkpt>
      <trkpt lat="47.357213" lon="8.563841">
        <ele>463</ele>
        <time>2024-08-09T01:46:31Z</time>
        <cmt>speed: 0.5</cmt>
      </trkpt>
      <trkpt lat="47.356897" lon="8.563829">
        <ele>472</ele>
        <time>2024-08-09T01:56:32Z</time>
        <cmt>speed: 0.0</cmt>
      </trkpt>
      <trkpt lat="47.356812" lon="8.563853">
        <ele>440</ele>
        <time>2024-08-09T02:06:37Z</time>
        <cmt>speed: 0.1</cmt>
      </trkpt>
      <trkpt lat="47.356701" lon="8.565938">
        <ele>466</ele>
        <time>2024-08-09T02:16:31Z</time>
        <cmt>speed: 1.1</cmt>
      </trkpt>
      <trkpt lat="47.35574" lon="8.566566">
        <ele>508</ele>
        <time>2024-08-09T02:26:34Z</time>
        <cmt>speed: 0.3</cmt>
      </trkpt>
      <trkpt lat="47.355806" lon="8.567072">
        <ele>501</ele>
        <time>2024-08-09T02:36:46Z</time>
        <cmt>speed: 0.1</cmt>
      </trkpt>
      <trkpt lat="47.355806" lon="8.567072">
        <ele>501</ele>
        <time>2024-08-09T02:46:29Z</time>
      </trkpt>
      <trkpt lat="47.356459" lon="8.567027">
        <ele>467</ele>
        <time>2024-08-09T02:46:33Z</time>
        <cmt>speed: 2.1</cmt>
      </trkpt>
      <trkpt lat="47.355918" lon="8.566292">
        <ele>491</ele>
        <time>2024-08-09T02:56:35Z</time>
        <cmt>speed: 0.9</cmt>
      </trkpt>
      <trkpt lat="47.355918" lon="8.566292">
        <ele>491</ele>
        <time>2024-08-09T03:06:29Z</time>
      </trkpt>
      <trkpt lat="47.357322" lon="8.565769">
        <ele>454</ele>
        <time>2024-08-09T03:06:33Z</time>
        <cmt>speed: 0.2</cmt>
      </trkpt>
      <trkpt lat="47.358525" lon="8.566577">
        <ele>466</ele>
        <time>2024-08-09T03:16:32Z</time>
        <cmt>speed: 0.0</cmt>
      </trkpt>
      <trkpt lat="47.358525" lon="8.566577">
        <ele>466</ele>
        <time>2024-08-09T03:26:27Z</time>
      </trkpt>
      <trkpt lat="47.359095" lon="8.565774">
        <ele>452</ele>
        <time>2024-08-09T03:26:31Z</time>
        <cmt>speed: 1.3</cmt>
      </trkpt>
      <trkpt lat="47.358571" lon="8.565341">
        <ele>448</ele>
        <time>2024-08-09T03:36:32Z</time>
        <cmt>speed: 0.1</cmt>
      </trkpt>
      <trkpt lat="47.358459" lon="8.565309">
        <ele>464</ele>
        <time>2024-08-09T03:46:54Z</time>
        <cmt>speed: 0.2</cmt>
      </trkpt>
      <trkpt lat="47.359468" lon="8.562156">
        <ele>450</ele>
        <time>2024-08-09T03:56:36Z</time>
        <cmt>speed: 1.6</cmt>
      </trkpt>
      <trkpt lat="47.358129" lon="8.560322">
        <ele>444</ele>
        <time>2024-08-09T04:06:33Z</time>
        <cmt>speed: 0.1</cmt>
      </trkpt>
      <trkpt lat="47.358185" lon="8.560184">
        <ele>451</ele>
        <time>2024-08-09T04:16:31Z</time>
        <cmt>speed: 0.1</cmt>
      </trkpt>
      <trkpt lat="47.358185" lon="8.560184">
        <ele>451</ele>
        <time>2024-08-09T04:26:28Z</time>
      </trkpt>
      <trkpt lat="47.358031" lon="8.560274">
        <ele>459</ele>
        <time>2024-08-09T04:26:31Z</time>
        <cmt>speed: 1.2</cmt>
      </trkpt>
      <trkpt lat="47.358226" lon="8.560507">
        <ele>475</ele>
        <time>2024-08-09T04:36:36Z</time>
        <cmt>speed: 0.0</cmt>
      </trkpt>
      <trkpt lat="47.358226" lon="8.560507">
        <ele>475</ele>
        <time>2024-08-09T04:46:51Z</time>
      </trkpt>
      <trkpt lat="47.358142" lon="8.560289">
        <ele>497</ele>
        <time>2024-08-09T04:46:55Z</time>
        <cmt>speed: 2.0</cmt>
      </trkpt>
      <trkpt lat="47.358247" lon="8.560301">
        <ele>458</ele>
        <time>2024-08-09T04:56:30Z</time>
        <cmt>speed: 0.3</cmt>
      </trkpt>
      <trkpt lat="47.358247" lon="8.560301">
        <ele>458</ele>
        <time>2024-08-09T05:06:30Z</time>
      </trkpt>
      <trkpt lat="47.358174" lon="8.560318">
        <ele>445</ele>
        <time>2024-08-09T05:06:34Z</time>
        <cmt>speed: 0.0</cmt>
      </trkpt>
      <trkpt lat="47.358192" lon="8.560345">
        <ele>432</ele>
        <time>2024-08-09T05:36:57Z</time>
        <cmt>speed: 0.5</cmt>
      </trkpt>
      <trkpt lat="47.358216" lon="8.560431">
        <ele>422</ele>
        <time>2024-08-09T05:56:33Z</time>
        <cmt>speed: 0.1</cmt>
      </trkpt>
      <trkpt lat="47.358213" lon="8.560166">
        <ele>447</ele>
        <time>2024-08-09T06:07:02Z</time>
        <cmt>speed: 2.3</cmt>
      </trkpt>
      <trkpt lat="47.358189" lon="8.560345">
        <ele>457</ele>
        <time>2024-08-09T06:16:32Z</time>
        <cmt>speed: 0.0</cmt>
      </trkpt>
      <trkpt lat="47.358189" lon="8.560345">
        <ele>457</ele>
        <time>2024-08-09T06:26:28Z</time>
      </trkpt>
      <trkpt lat="47.357807" lon="8.560787">
        <ele>458</ele>
        <time>2024-08-09T06:26:32Z</time>
        <cmt>speed: 0.1</cmt>
      </trkpt>
      <trkpt lat="47.358341" lon="8.560593">
        <ele>465</ele>
        <time>2024-08-09T06:36:36Z</time>
        <cmt>speed: 0.3</cmt>
      </trkpt>
      <trkpt lat="47.358341" lon="8.560593">
        <ele>465</ele>
        <time>2024-08-09T06:46:31Z</time>
      </trkpt>
      <trkpt lat="47.357701" lon="8.560536">
        <ele>441</ele>
        <time>2024-08-09T06:46:36Z</time>
        <cmt>speed: 2.1</cmt>
      </trkpt>
      <trkpt lat="47.357836" lon="8.560744">
        <ele>480</ele>
        <time>2024-08-09T06:56:33Z</time>
        <cmt>speed: 0.0</cmt>
      </trkpt>
      <trkpt lat="47.357836" lon="8.560744">
        <ele>480</ele>
        <time>2024-08-09T07:03:00Z</time>
      </trkpt>
      <trkpt lat="47.357794" lon="8.560791">
        <ele>454</ele>
        <time>2024-08-09T07:06:34Z</time>
        <cmt>speed: 0.2</cmt>
      </trkpt>
      <trkpt lat="47.357991" lon="8.560797">
        <ele>441</ele>
        <time>2024-08-09T07:16:36Z</time>
        <cmt>speed: 0.0</cmt>
      </trkpt>
      <trkpt lat="47.358058" lon="8.560776">
        <ele>465</ele>
        <time>2024-08-09T08:21:04Z</time>
        <cmt>speed: 0.5</cmt>
      </trkpt>
      <trkpt lat="47.357993" lon="8.560846">
        <ele>488</ele>
        <time>2024-08-09T09:00:31Z</time>
        <cmt>speed: 0.8</cmt>
      </trkpt>
      <trkpt lat="47.357993" lon="8.560846">
        <ele>488</ele>
        <time>2024-08-09T09:10:37Z</time>
      </trkpt>
      <trkpt lat="47.357909" lon="8.560922">
        <ele>480</ele>
        <time>2024-08-09T09:10:42Z</time>
        <cmt>speed: 0.0</cmt>
      </trkpt>
      <trkpt lat="47.357822" lon="8.560876">
        <ele>470</ele>
        <time>2024-08-09T11:47:31Z</time>
        <cmt>speed: 0.0</cmt>
      </trkpt>
      <trkpt lat="47.357822" lon="8.560876">
        <ele>470</ele>
        <time>2024-08-09T12:07:26Z</time>
      </trkpt>
      <trkpt lat="47.358057" lon="8.560781">
        <ele>480</ele>
        <time>2024-08-09T12:07:32Z</time>
        <cmt>speed: 0.0</cmt>
      </trkpt>
      <trkpt lat="47.357882" lon="8.560718">
        <ele>482</ele>
        <time>2024-08-09T12:17:54Z</time>
        <cmt>speed: 0.4</cmt>
      </trkpt>
      <trkpt lat="47.357882" lon="8.560718">
        <ele>482</ele>
        <time>2024-08-09T12:27:05Z</time>
      </trkpt>
      <trkpt lat="47.357792" lon="8.560885">
        <ele>450</ele>
        <time>2024-08-09T12:34:42Z</time>
        <cmt>speed: 0.2</cmt>
      </trkpt>
      <trkpt lat="47.357937" lon="8.560722">
        <ele>442</ele>
        <time>2024-08-09T13:14:36Z</time>
        <cmt>speed: 0.0</cmt>
      </trkpt>
      <trkpt lat="47.357864" lon="8.560873">
        <ele>476</ele>
        <time>2024-08-09T13:24:30Z</time>
        <cmt>speed: 0.2</cmt>
      </trkpt>
      <trkpt lat="47.357777" lon="8.561107">
        <ele>441</ele>
        <time>2024-08-09T13:34:28Z</time>
        <cmt>speed: 1.6</cmt>
      </trkpt>
      <trkpt lat="47.357691" lon="8.560067">
        <ele>455</ele>
        <time>2024-08-09T13:44:31Z</time>
        <cmt>speed: 0.8</cmt>
      </trkpt>
      <trkpt lat="47.357691" lon="8.560067">
        <ele>455</ele>
        <time>2024-08-09T13:54:55Z</time>
      </trkpt>
      <trkpt lat="47.357917" lon="8.560145">
        <ele>442</ele>
        <time>2024-08-09T13:55:01Z</time>
        <cmt>speed: 0.1</cmt>
      </trkpt>
      <trkpt lat="47.357972" lon="8.560184">
        <ele>454</ele>
        <time>2024-08-09T14:04:28Z</time>
        <cmt>speed: 0.6</cmt>
      </trkpt>
      <trkpt lat="47.357972" lon="8.560184">
        <ele>454</ele>
        <time>2024-08-09T14:07:05Z</time>
      </trkpt>
      <trkpt lat="47.357987" lon="8.560068">
        <ele>483</ele>
        <time>2024-08-09T14:14:28Z</time>
        <cmt>speed: 0.0</cmt>
      </trkpt>
      <trkpt lat="47.357787" lon="8.560324">
        <ele>450</ele>
        <time>2024-08-09T14:24:33Z</time>
        <cmt>speed: 0.1</cmt>
      </trkpt>
      <trkpt lat="47.357787" lon="8.560324">
        <ele>450</ele>
        <time>2024-08-09T14:27:05Z</time>
      </trkpt>
      <trkpt lat="47.35791" lon="8.560235">
        <ele>471</ele>
        <time>2024-08-09T14:34:36Z</time>
        <cmt>speed: 0.0</cmt>
      </trkpt>
      <trkpt lat="47.357869" lon="8.560088">
        <ele>485</ele>
        <time>2024-08-09T14:44:41Z</time>
        <cmt>speed: 0.0</cmt>
      </trkpt>
      <trkpt lat="47.357721" lon="8.56021">
        <ele>506</ele>
        <time>2024-08-09T14:54:32Z</time>
        <cmt>speed: 0.3</cmt>
      </trkpt>
      <trkpt lat="47.35803" lon="8.560168">
        <ele>508</ele>
        <time>2024-08-09T15:04:29Z</time>
        <cmt>speed: 0.5</cmt>
      </trkpt>
      <trkpt lat="47.35803" lon="8.560168">
        <ele>508</ele>
        <time>2024-08-09T15:07:05Z</time>
      </trkpt>
      <trkpt lat="47.357714" lon="8.560137">
        <ele>453</ele>
        <time>2024-08-09T15:14:56Z</time>
        <cmt>speed: 0.9</cmt>
      </trkpt>
      <trkpt lat="47.357946" lon="8.560507">
        <ele>458</ele>
        <time>2024-08-09T15:24:30Z</time>
        <cmt>speed: 0.2</cmt>
      </trkpt>
      <trkpt lat="47.358077" lon="8.560333">
        <ele>467</ele>
        <time>2024-08-09T15:34:32Z</time>
        <cmt>speed: 0.1</cmt>
      </trkpt>
      <trkpt lat="47.358461" lon="8.561344">
        <ele>435</ele>
        <time>2024-08-09T15:44:29Z</time>
        <cmt>speed: 0.1</cmt>
      </trkpt>
      <trkpt lat="47.360026" lon="8.561816">
        <ele>429</ele>
        <time>2024-08-09T15:54:31Z</time>
        <cmt>speed: 0.1</cmt>
      </trkpt>
      <trkpt lat="47.359959" lon="8.563643">
        <ele>434</ele>
        <time>2024-08-09T15:57:57Z</time>
      </trkpt>
      <trkpt lat="47.359974" lon="8.56367">
        <ele>434</ele>
        <time>2024-08-09T16:02:22Z</time>
      </trkpt>
      <trkpt lat="47.359974" lon="8.56367">
        <ele>434</ele>
        <time>2024-08-09T16:12:22Z</time>
      </trkpt>
      <trkpt lat="47.359974" lon="8.56367">
        <ele>434</ele>
        <time>2024-08-09T16:22:22Z</time>
      </trkpt>
      <trkpt lat="47.359974" lon="8.56367">
        <ele>434</ele>
        <time>2024-08-09T16:32:22Z</time>
      </trkpt>
      <trkpt lat="47.359974" lon="8.56367">
        <ele>434</ele>
        <time>2024-08-09T16:42:22Z</time>
      </trkpt>
      <trkpt lat="47.359974" lon="8.56367">
        <ele>434</ele>
        <time>2024-08-09T16:52:22Z</time>
      </trkpt>
      <trkpt lat="47.359974" lon="8.56367">
        <ele>434</ele>
        <time>2024-08-09T17:02:22Z</time>
      </trkpt>
      <trkpt lat="47.359974" lon="8.56367">
        <ele>434</ele>
        <time>2024-08-09T17:12:22Z</time>
      </trkpt>
      <trkpt lat="47.359974" lon="8.56367">
        <ele>434</ele>
        <time>2024-08-09T17:22:22Z</time>
      </trkpt>
      <trkpt lat="47.359974" lon="8.56367">
        <ele>434</ele>
        <time>2024-08-09T17:32:22Z</time>
      </trkpt>
      <trkpt lat="47.359974" lon="8.56367">
        <ele>434</ele>
        <time>2024-08-09T17:42:22Z</time>
      </trkpt>
      <trkpt lat="47.359974" lon="8.56367">
        <ele>434</ele>
        <time>2024-08-09T17:52:22Z</time>
      </trkpt>
      <trkpt lat="47.359974" lon="8.56367">
        <ele>434</ele>
        <time>2024-08-09T18:01:36Z</time>
      </trkpt>
      <trkpt lat="47.359974" lon="8.56367">
        <ele>434</ele>
        <time>2024-08-09T18:11:36Z</time>
      </trkpt>
      <trkpt lat="47.359974" lon="8.56367">
        <ele>434</ele>
        <time>2024-08-09T18:21:36Z</time>
      </trkpt>
      <trkpt lat="47.359974" lon="8.56367">
        <ele>434</ele>
        <time>2024-08-09T18:31:36Z</time>
      </trkpt>
      <trkpt lat="47.359974" lon="8.56367">
        <ele>434</ele>
        <time>2024-08-09T18:41:36Z</time>
      </trkpt>
      <trkpt lat="47.359974" lon="8.56367">
        <ele>434</ele>
        <time>2024-08-09T18:51:36Z</time>
      </trkpt>
      <trkpt lat="47.359974" lon="8.56367">
        <ele>434</ele>
        <time>2024-08-09T19:01:36Z</time>
      </trkpt>
      <trkpt lat="47.359974" lon="8.56367">
        <ele>434</ele>
        <time>2024-08-09T19:11:36Z</time>
      </trkpt>
      <trkpt lat="47.359974" lon="8.56367">
        <ele>434</ele>
        <time>2024-08-09T19:21:36Z</time>
      </trkpt>
      <trkpt lat="47.359974" lon="8.56367">
        <ele>434</ele>
        <time>2024-08-09T19:31:36Z</time>
      </trkpt>
      <trkpt lat="47.359974" lon="8.56367">
        <ele>434</ele>
        <time>2024-08-09T19:41:36Z</time>
      </trkpt>
      <trkpt lat="47.359974" lon="8.56367">
        <ele>434</ele>
        <time>2024-08-09T19:51:36Z</time>
      </trkpt>
      <trkpt lat="47.359974" lon="8.56367">
        <ele>434</ele>
        <time>2024-08-09T20:01:36Z</time>
      </trkpt>
      <trkpt lat="47.359974" lon="8.56367">
        <ele>434</ele>
        <time>2024-08-09T20:04:58Z</time>
      </trkpt>
      <trkpt lat="47.359974" lon="8.56367">
        <ele>434</ele>
        <time>2024-08-09T20:19:58Z</time>
      </trkpt>
      <trkpt lat="47.360225" lon="8.563205">
        <ele>390</ele>
        <time>2024-08-10T08:04:04Z</time>
        <cmt>speed: 0.5</cmt>
      </trkpt>
      <trkpt lat="47.360306" lon="8.561615">
        <ele>391</ele>
        <time>2024-08-10T08:13:45Z</time>
        <cmt>speed: 0.6</cmt>
      </trkpt>
      <trkpt lat="47.359555" lon="8.559758">
        <ele>441</ele>
        <time>2024-08-10T08:23:45Z</time>
        <cmt>speed: 0.0</cmt>
      </trkpt>
      <trkpt lat="47.359091" lon="8.560291">
        <ele>434</ele>
        <time>2024-08-10T08:33:49Z</time>
        <cmt>speed: 0.1</cmt>
      </trkpt>
      <trkpt lat="47.35922" lon="8.560458">
        <ele>422</ele>
        <time>2024-08-10T08:43:44Z</time>
        <cmt>speed: 0.5</cmt>
      </trkpt>
      <trkpt lat="47.358696" lon="8.560821">
        <ele>470</ele>
        <time>2024-08-10T08:53:47Z</time>
        <cmt>speed: 0.5</cmt>
      </trkpt>
      <trkpt lat="47.358093" lon="8.560517">
        <ele>450</ele>
        <time>2024-08-10T09:03:44Z</time>
        <cmt>speed: 0.7</cmt>
      </trkpt>
      <trkpt lat="47.357743" lon="8.560454">
        <ele>415</ele>
        <time>2024-08-10T09:13:46Z</time>
        <cmt>speed: 0.0</cmt>
      </trkpt>
      <trkpt lat="47.357743" lon="8.560454">
        <ele>415</ele>
        <time>2024-08-10T09:23:38Z</time>
      </trkpt>
      <trkpt lat="47.357659" lon="8.560373">
        <ele>437</ele>
        <time>2024-08-10T09:23:47Z</time>
        <cmt>speed: 0.1</cmt>
      </trkpt>
      <trkpt lat="47.357459" lon="8.56044">
        <ele>455</ele>
        <time>2024-08-10T09:33:57Z</time>
        <cmt>speed: 1.1</cmt>
      </trkpt>
      <trkpt lat="47.357456" lon="8.560212">
        <ele>486</ele>
        <time>2024-08-10T09:53:47Z</time>
        <cmt>speed: 0.8</cmt>
      </trkpt>
      <trkpt lat="47.357775" lon="8.560473">
        <ele>444</ele>
        <time>2024-08-10T11:57:28Z</time>
        <cmt>speed: 0.5</cmt>
      </trkpt>
      <trkpt lat="47.35767" lon="8.560464">
        <ele>444</ele>
        <time>2024-08-10T13:37:58Z</time>
        <cmt>speed: 0.4</cmt>
      </trkpt>
      <trkpt lat="47.357784" lon="8.56028">
        <ele>483</ele>
        <time>2024-08-10T13:58:04Z</time>
        <cmt>speed: 0.5</cmt>
      </trkpt>
      <trkpt lat="47.357702" lon="8.560579">
        <ele>432</ele>
        <time>2024-08-10T14:28:33Z</time>
        <cmt>speed: 0.6</cmt>
      </trkpt>
      <trkpt lat="47.357643" lon="8.560393">
        <ele>416</ele>
        <time>2024-08-10T14:37:48Z</time>
        <cmt>speed: 0.0</cmt>
      </trkpt>
      <trkpt lat="47.357643" lon="8.560393">
        <ele>416</ele>
        <time>2024-08-10T14:47:51Z</time>
      </trkpt>
      <trkpt lat="47.357823" lon="8.560492">
        <ele>483</ele>
        <time>2024-08-10T14:48:00Z</time>
        <cmt>speed: 0.1</cmt>
      </trkpt>
      <trkpt lat="47.357622" lon="8.560381">
        <ele>406</ele>
        <time>2024-08-10T15:21:03Z</time>
        <cmt>speed: 0.4</cmt>
      </trkpt>
      <trkpt lat="47.357622" lon="8.560381">
        <ele>406</ele>
        <time>2024-08-10T15:23:35Z</time>
      </trkpt>
      <trkpt lat="47.357466" lon="8.560152">
        <ele>477</ele>
        <time>2024-08-10T15:41:14Z</time>
        <cmt>speed: 0.2</cmt>
      </trkpt>
      <trkpt lat="47.357466" lon="8.560152">
        <ele>477</ele>
        <time>2024-08-10T15:51:15Z</time>
      </trkpt>
      <trkpt lat="47.357746" lon="8.560073">
        <ele>435</ele>
        <time>2024-08-10T15:51:25Z</time>
        <cmt>speed: 0.5</cmt>
      </trkpt>
      <trkpt lat="47.357629" lon="8.559946">
        <ele>476</ele>
        <time>2024-08-10T16:01:28Z</time>
        <cmt>speed: 0.2</cmt>
      </trkpt>
      <trkpt lat="47.357635" lon="8.560171">
        <ele>455</ele>
        <time>2024-08-10T16:21:03Z</time>
        <cmt>speed: 0.6</cmt>
      </trkpt>
      <trkpt lat="47.357681" lon="8.560183">
        <ele>421</ele>
        <time>2024-08-10T16:48:20Z</time>
        <cmt>speed: 0.2</cmt>
      </trkpt>
      <trkpt lat="47.35762" lon="8.560465">
        <ele>442</ele>
        <time>2024-08-10T16:58:47Z</time>
        <cmt>speed: 1.7</cmt>
      </trkpt>
      <trkpt lat="47.357477" lon="8.56016">
        <ele>480</ele>
        <time>2024-08-10T17:08:19Z</time>
        <cmt>speed: 0.3</cmt>
      </trkpt>
      <trkpt lat="47.357345" lon="8.560139">
        <ele>459</ele>
        <time>2024-08-10T17:18:16Z</time>
        <cmt>speed: 0.1</cmt>
      </trkpt>
      <trkpt lat="47.357345" lon="8.560139">
        <ele>459</ele>
        <time>2024-08-10T17:28:07Z</time>
      </trkpt>
      <trkpt lat="47.357766" lon="8.559828">
        <ele>486</ele>
        <time>2024-08-10T17:28:17Z</time>
        <cmt>speed: 0.2</cmt>
      </trkpt>
      <trkpt lat="47.358335" lon="8.560445">
        <ele>451</ele>
        <time>2024-08-10T17:38:15Z</time>
        <cmt>speed: 0.1</cmt>
      </trkpt>
      <trkpt lat="47.35901" lon="8.561182">
        <ele>483</ele>
        <time>2024-08-10T17:48:15Z</time>
        <cmt>speed: 0.5</cmt>
      </trkpt>
      <trkpt lat="47.360408" lon="8.562265">
        <ele>462</ele>
        <time>2024-08-10T17:58:19Z</time>
        <cmt>speed: 0.6</cmt>
      </trkpt>
      <trkpt lat="47.360057" lon="8.563829">
        <ele>413</ele>
        <time>2024-08-10T18:08:18Z</time>
        <cmt>speed: 0.0</cmt>
      </trkpt>
      <trkpt lat="47.359974" lon="8.56367">
        <ele>434</ele>
        <time>2024-08-10T18:14:06Z</time>
      </trkpt>
      <trkpt lat="47.359959" lon="8.563643">
        <ele>434</ele>
        <time>2024-08-10T18:26:30Z</time>
      </trkpt>
      <trkpt lat="47.359959" lon="8.563643">
        <ele>434</ele>
        <time>2024-08-10T18:41:30Z</time>
      </trkpt>
      <trkpt lat="47.359959" lon="8.563643">
        <ele>434</ele>
        <time>2024-08-10T19:15:25Z</time>
      </trkpt>
      <trkpt lat="47.359959" lon="8.563643">
        <ele>434</ele>
        <time>2024-08-10T19:48:10Z</time>
      </trkpt>
      <trkpt lat="47.35834" lon="8.564798">
        <ele>462</ele>
        <time>2024-08-10T20:08:13Z</time>
        <cmt>speed: 0.5</cmt>
      </trkpt>
      <trkpt lat="47.358096" lon="8.565344">
        <ele>451</ele>
        <time>2024-08-10T20:18:14Z</time>
        <cmt>speed: 0.3</cmt>
      </trkpt>
      <trkpt lat="47.358096" lon="8.565344">
        <ele>451</ele>
        <time>2024-08-10T20:18:22Z</time>
      </trkpt>
      <trkpt lat="47.358762" lon="8.565534">
        <ele>434</ele>
        <time>2024-08-10T20:28:13Z</time>
        <cmt>speed: 0.1</cmt>
      </trkpt>
      <trkpt lat="47.358914" lon="8.564563">
        <ele>441</ele>
        <time>2024-08-10T20:38:12Z</time>
        <cmt>speed: 0.2</cmt>
      </trkpt>
      <trkpt lat="47.359196" lon="8.562687">
        <ele>429</ele>
        <time>2024-08-10T20:48:13Z</time>
        <cmt>speed: 1.0</cmt>
      </trkpt>
      <trkpt lat="47.358814" lon="8.563998">
        <ele>474</ele>
        <time>2024-08-10T20:58:14Z</time>
        <cmt>speed: 0.0</cmt>
      </trkpt>
      <trkpt lat="47.358679" lon="8.564026">
        <ele>496</ele>
        <time>2024-08-10T21:08:23Z</time>
        <cmt>speed: 0.1</cmt>
      </trkpt>
      <trkpt lat="47.359182" lon="8.563372">
        <ele>445</ele>
        <time>2024-08-10T21:18:14Z</time>
        <cmt>speed: 0.8</cmt>
      </trkpt>
      <trkpt lat="47.358981" lon="8.560869">
        <ele>435</ele>
        <time>2024-08-10T21:28:14Z</time>
        <cmt>speed: 0.4</cmt>
      </trkpt>
      <trkpt lat="47.358204" lon="8.5607">
        <ele>455</ele>
        <time>2024-08-10T21:38:14Z</time>
        <cmt>speed: 1.1</cmt>
      </trkpt>
      <trkpt lat="47.357414" lon="8.561057">
        <ele>501</ele>
        <time>2024-08-10T21:48:13Z</time>
        <cmt>speed: 0.1</cmt>
      </trkpt>
      <trkpt lat="47.357241" lon="8.561524">
        <ele>477</ele>
        <time>2024-08-10T21:58:23Z</time>
        <cmt>speed: 1.8</cmt>
      </trkpt>
      <trkpt lat="47.357527" lon="8.561114">
        <ele>485</ele>
        <time>2024-08-10T22:08:18Z</time>
        <cmt>speed: 0.5</cmt>
      </trkpt>
      <trkpt lat="47.357638" lon="8.562044">
        <ele>447</ele>
        <time>2024-08-10T22:18:16Z</time>
        <cmt>speed: 0.0</cmt>
      </trkpt>
      <trkpt lat="47.358074" lon="8.562054">
        <ele>448</ele>
        <time>2024-08-10T22:28:16Z</time>
        <cmt>speed: 0.4</cmt>
      </trkpt>
      <trkpt lat="47.358074" lon="8.562054">
        <ele>448</ele>
        <time>2024-08-10T22:38:13Z</time>
      </trkpt>
      <trkpt lat="47.358131" lon="8.562553">
        <ele>458</ele>
        <time>2024-08-10T22:38:14Z</time>
        <cmt>speed: 0.2</cmt>
      </trkpt>
      <trkpt lat="47.358586" lon="8.560815">
        <ele>439</ele>
        <time>2024-08-10T22:48:14Z</time>
        <cmt>speed: 0.8</cmt>
      </trkpt>
      <trkpt lat="47.358586" lon="8.560815">
        <ele>439</ele>
        <time>2024-08-10T22:58:16Z</time>
      </trkpt>
      <trkpt lat="47.359154" lon="8.56007">
        <ele>417</ele>
        <time>2024-08-10T22:58:17Z</time>
        <cmt>speed: 0.5</cmt>
      </trkpt>
      <trkpt lat="47.359695" lon="8.560955">
        <ele>385</ele>
        <time>2024-08-10T23:08:47Z</time>
        <cmt>speed: 1.7</cmt>
      </trkpt>
      <trkpt lat="47.359615" lon="8.561148">
        <ele>422</ele>
        <time>2024-08-10T23:18:25Z</time>
        <cmt>speed: 0.4</cmt>
      </trkpt>
      <trkpt lat="47.360061" lon="8.56138">
        <ele>438</ele>
        <time>2024-08-10T23:28:16Z</time>
        <cmt>speed: 0.0</cmt>
      </trkpt>
      <trkpt lat="47.358378" lon="8.561474">
        <ele>413</ele>
        <time>2024-08-10T23:38:13Z</time>
        <cmt>speed: 1.0</cmt>
      </trkpt>
      <trkpt lat="47.357877" lon="8.561353">
        <ele>480</ele>
        <time>2024-08-10T23:48:19Z</time>
        <cmt>speed: 0.7</cmt>
      </trkpt>
      <trkpt lat="47.357877" lon="8.561353">
        <ele>480</ele>
        <time>2024-08-10T23:58:23Z</time>
      </trkpt>
      <trkpt lat="47.357501" lon="8.56123">
        <ele>423</ele>
        <time>2024-08-10T23:58:24Z</time>
        <cmt>speed: 0.2</cmt>
      </trkpt>
      <trkpt lat="47.357725" lon="8.561407">
        <ele>464</ele>
        <time>2024-08-11T00:08:18Z</time>
        <cmt>speed: 1.1</cmt>
      </trkpt>
      <trkpt lat="47.357829" lon="8.561244">
        <ele>452</ele>
        <time>2024-08-11T00:28:22Z</time>
        <cmt>speed: 0.5</cmt>
      </trkpt>
      <trkpt lat="47.3578" lon="8.560982">
        <ele>450</ele>
        <time>2024-08-11T00:38:23Z</time>
        <cmt>speed: 1.4</cmt>
      </trkpt>
      <trkpt lat="47.357768" lon="8.560823">
        <ele>434</ele>
        <time>2024-08-11T00:48:24Z</time>
        <cmt>speed: 0.3</cmt>
      </trkpt>
      <trkpt lat="47.357768" lon="8.560823">
        <ele>434</ele>
        <time>2024-08-11T00:58:15Z</time>
      </trkpt>
      <trkpt lat="47.357837" lon="8.560786">
        <ele>454</ele>
        <time>2024-08-11T00:58:17Z</time>
        <cmt>speed: 0.1</cmt>
      </trkpt>
      <trkpt lat="47.357792" lon="8.560879">
        <ele>443</ele>
        <time>2024-08-11T01:08:17Z</time>
        <cmt>speed: 0.1</cmt>
      </trkpt>
      <trkpt lat="47.357792" lon="8.560879">
        <ele>443</ele>
        <time>2024-08-11T01:18:14Z</time>
      </trkpt>
      <trkpt lat="47.357721" lon="8.560754">
        <ele>433</ele>
        <time>2024-08-11T01:18:16Z</time>
        <cmt>speed: 0.6</cmt>
      </trkpt>
      <trkpt lat="47.357809" lon="8.560824">
        <ele>452</ele>
        <time>2024-08-11T01:28:20Z</time>
        <cmt>speed: 0.3</cmt>
      </trkpt>
      <trkpt lat="47.357809" lon="8.560824">
        <ele>452</ele>
        <time>2024-08-11T01:38:18Z</time>
      </trkpt>
      <trkpt lat="47.357648" lon="8.56077">
        <ele>440</ele>
        <time>2024-08-11T01:38:19Z</time>
        <cmt>speed: 0.9</cmt>
      </trkpt>
      <trkpt lat="47.357728" lon="8.560835">
        <ele>460</ele>
        <time>2024-08-11T01:48:19Z</time>
        <cmt>speed: 0.3</cmt>
      </trkpt>
      <trkpt lat="47.357728" lon="8.560835">
        <ele>460</ele>
        <time>2024-08-11T01:58:18Z</time>
      </trkpt>
      <trkpt lat="47.357818" lon="8.560832">
        <ele>454</ele>
        <time>2024-08-11T01:58:20Z</time>
        <cmt>speed: 0.0</cmt>
      </trkpt>
      <trkpt lat="47.357664" lon="8.560794">
        <ele>454</ele>
        <time>2024-08-11T02:08:19Z</time>
        <cmt>speed: 0.1</cmt>
      </trkpt>
      <trkpt lat="47.357623" lon="8.561016">
        <ele>483</ele>
        <time>2024-08-11T02:18:50Z</time>
        <cmt>speed: 0.1</cmt>
      </trkpt>
      <trkpt lat="47.357805" lon="8.560966">
        <ele>472</ele>
        <time>2024-08-11T02:28:35Z</time>
        <cmt>speed: 0.5</cmt>
      </trkpt>
      <trkpt lat="47.357721" lon="8.561073">
        <ele>443</ele>
        <time>2024-08-11T02:38:14Z</time>
        <cmt>speed: 0.4</cmt>
      </trkpt>
      <trkpt lat="47.358384" lon="8.560249">
        <ele>426</ele>
        <time>2024-08-11T02:48:15Z</time>
        <cmt>speed: 0.1</cmt>
      </trkpt>
      <trkpt lat="47.358545" lon="8.559637">
        <ele>463</ele>
        <time>2024-08-11T02:58:14Z</time>
        <cmt>speed: 1.5</cmt>
      </trkpt>
      <trkpt lat="47.357722" lon="8.561153">
        <ele>429</ele>
        <time>2024-08-11T03:08:16Z</time>
        <cmt>speed: 0.0</cmt>
      </trkpt>
      <trkpt lat="47.357416" lon="8.561854">
        <ele>451</ele>
        <time>2024-08-11T03:18:16Z</time>
        <cmt>speed: 0.8</cmt>
      </trkpt>
      <trkpt lat="47.358014" lon="8.562801">
        <ele>443</ele>
        <time>2024-08-11T03:28:15Z</time>
        <cmt>speed: 0.1</cmt>
      </trkpt>
      <trkpt lat="47.357728" lon="8.563058">
        <ele>466</ele>
        <time>2024-08-11T03:38:16Z</time>
        <cmt>speed: 0.6</cmt>
      </trkpt>
      <trkpt lat="47.357171" lon="8.563545">
        <ele>460</ele>
        <time>2024-08-11T03:48:16Z</time>
        <cmt>speed: 0.0</cmt>
      </trkpt>
      <trkpt lat="47.357171" lon="8.563545">
        <ele>460</ele>
        <time>2024-08-11T03:58:14Z</time>
      </trkpt>
      <trkpt lat="47.357322" lon="8.563697">
        <ele>418</ele>
        <time>2024-08-11T03:58:15Z</time>
        <cmt>speed: 0.2</cmt>
      </trkpt>
      <trkpt lat="47.357242" lon="8.563602">
        <ele>471</ele>
        <time>2024-08-11T04:08:17Z</time>
        <cmt>speed: 0.0</cmt>
      </trkpt>
      <trkpt lat="47.357242" lon="8.563602">
        <ele>471</ele>
        <time>2024-08-11T04:18:13Z</time>
      </trkpt>
      <trkpt lat="47.357293" lon="8.563673">
        <ele>441</ele>
        <time>2024-08-11T04:18:15Z</time>
        <cmt>speed: 0.5</cmt>
      </trkpt>
      <trkpt lat="47.35726" lon="8.563601">
        <ele>452</ele>
        <time>2024-08-11T04:28:14Z</time>
        <cmt>speed: 1.0</cmt>
      </trkpt>
      <trkpt lat="47.35726" lon="8.563601">
        <ele>452</ele>
        <time>2024-08-11T04:38:13Z</time>
      </trkpt>
      <trkpt lat="47.357312" lon="8.563704">
        <ele>439</ele>
        <time>2024-08-11T04:38:15Z</time>
        <cmt>speed: 0.7</cmt>
      </trkpt>
      <trkpt lat="47.357371" lon="8.563852">
        <ele>470</ele>
        <time>2024-08-11T04:48:20Z</time>
        <cmt>speed: 0.4</cmt>
      </trkpt>
      <trkpt lat="47.357371" lon="8.563852">
        <ele>470</ele>
        <time>2024-08-11T04:58:17Z</time>
      </trkpt>
      <trkpt lat="47.357314" lon="8.563667">
        <ele>453</ele>
        <time>2024-08-11T04:58:19Z</time>
        <cmt>speed: 1.3</cmt>
      </trkpt>
      <trkpt lat="47.357278" lon="8.563653">
        <ele>456</ele>
        <time>2024-08-11T05:08:21Z</time>
        <cmt>speed: 0.3</cmt>
      </trkpt>
      <trkpt lat="47.357301" lon="8.563699">
        <ele>453</ele>
        <time>2024-08-11T05:28:16Z</time>
        <cmt>speed: 0.0</cmt>
      </trkpt>
      <trkpt lat="47.357301" lon="8.563699">
        <ele>453</ele>
        <time>2024-08-11T05:38:13Z</time>
      </trkpt>
      <trkpt lat="47.357337" lon="8.563717">
        <ele>458</ele>
        <time>2024-08-11T05:38:15Z</time>
        <cmt>speed: 0.0</cmt>
      </trkpt>
      <trkpt lat="47.357332" lon="8.56353">
        <ele>443</ele>
        <time>2024-08-11T05:48:15Z</time>
        <cmt>speed: 0.1</cmt>
      </trkpt>
      <trkpt lat="47.357324" lon="8.563606">
        <ele>465</ele>
        <time>2024-08-11T06:08:14Z</time>
        <cmt>speed: 0.5</cmt>
      </trkpt>
      <trkpt lat="47.357324" lon="8.563606">
        <ele>465</ele>
        <time>2024-08-11T06:18:13Z</time>
      </trkpt>
      <trkpt lat="47.357309" lon="8.563704">
        <ele>452</ele>
        <time>2024-08-11T06:18:15Z</time>
        <cmt>speed: 0.3</cmt>
      </trkpt>
      <trkpt lat="47.357324" lon="8.563655">
        <ele>452</ele>
        <time>2024-08-11T06:28:13Z</time>
        <cmt>speed: 0.4</cmt>
      </trkpt>
      <trkpt lat="47.357324" lon="8.563655">
        <ele>452</ele>
        <time>2024-08-11T06:38:13Z</time>
      </trkpt>
      <trkpt lat="47.357328" lon="8.563684">
        <ele>451</ele>
        <time>2024-08-11T06:38:15Z</time>
        <cmt>speed: 0.1</cmt>
      </trkpt>
      <trkpt lat="47.358034" lon="8.562831">
        <ele>426</ele>
        <time>2024-08-11T06:48:21Z</time>
        <cmt>speed: 1.5</cmt>
      </trkpt>
      <trkpt lat="47.357939" lon="8.561037">
        <ele>427</ele>
        <time>2024-08-11T06:58:15Z</time>
        <cmt>speed: 0.4</cmt>
      </trkpt>
      <trkpt lat="47.358089" lon="8.560091">
        <ele>379</ele>
        <time>2024-08-11T07:08:18Z</time>
        <cmt>speed: 0.0</cmt>
      </trkpt>
      <trkpt lat="47.357853" lon="8.560045">
        <ele>405</ele>
        <time>2024-08-11T07:18:16Z</time>
        <cmt>speed: 0.6</cmt>
      </trkpt>
      <trkpt lat="47.357702" lon="8.560398">
        <ele>467</ele>
        <time>2024-08-11T07:28:20Z</time>
        <cmt>speed: 0.0</cmt>
      </trkpt>
      <trkpt lat="47.357702" lon="8.560398">
        <ele>467</ele>
        <time>2024-08-11T07:38:41Z</time>
      </trkpt>
      <trkpt lat="47.357637" lon="8.560293">
        <ele>434</ele>
        <time>2024-08-11T07:38:43Z</time>
        <cmt>speed: 0.5</cmt>
      </trkpt>
      <trkpt lat="47.357845" lon="8.560462">
        <ele>462</ele>
        <time>2024-08-11T08:08:24Z</time>
        <cmt>speed: 0.2</cmt>
      </trkpt>
      <trkpt lat="47.35772" lon="8.56046">
        <ele>436</ele>
        <time>2024-08-11T09:52:05Z</time>
        <cmt>speed: 0.0</cmt>
      </trkpt>
      <trkpt lat="47.357763" lon="8.560105">
        <ele>417</ele>
        <time>2024-08-11T10:41:59Z</time>
        <cmt>speed: 0.3</cmt>
      </trkpt>
      <trkpt lat="47.358386" lon="8.558982">
        <ele>441</ele>
        <time>2024-08-11T10:51:54Z</time>
        <cmt>speed: 0.2</cmt>
      </trkpt>
      <trkpt lat="47.359043" lon="8.558539">
        <ele>443</ele>
        <time>2024-08-11T11:01:54Z</time>
        <cmt>speed: 0.2</cmt>
      </trkpt>
      <trkpt lat="47.359352" lon="8.560213">
        <ele>420</ele>
        <time>2024-08-11T11:11:54Z</time>
        <cmt>speed: 2.0</cmt>
      </trkpt>
      <trkpt lat="47.358189" lon="8.562298">
        <ele>446</ele>
        <time>2024-08-11T11:21:54Z</time>
        <cmt>speed: 0.0</cmt>
      </trkpt>
      <trkpt lat="47.357962" lon="8.562449">
        <ele>461</ele>
        <time>2024-08-11T11:31:52Z</time>
        <cmt>speed: 1.5</cmt>
      </trkpt>
      <trkpt lat="47.357962" lon="8.562449">
        <ele>461</ele>
        <time>2024-08-11T11:41:54Z</time>
      </trkpt>
      <trkpt lat="47.357927" lon="8.562998">
        <ele>438</ele>
        <time>2024-08-11T11:41:57Z</time>
        <cmt>speed: 0.1</cmt>
      </trkpt>
      <trkpt lat="47.357858" lon="8.563696">
        <ele>448</ele>
        <time>2024-08-11T11:51:52Z</time>
        <cmt>speed: 0.7</cmt>
      </trkpt>
      <trkpt lat="47.357506" lon="8.564189">
        <ele>459</ele>
        <time>2024-08-11T12:01:54Z</time>
        <cmt>speed: 0.2</cmt>
      </trkpt>
      <trkpt lat="47.357545" lon="8.564669">
        <ele>465</ele>
        <time>2024-08-11T12:11:51Z</time>
        <cmt>speed: 0.3</cmt>
      </trkpt>
      <trkpt lat="47.357545" lon="8.564669">
        <ele>465</ele>
        <time>2024-08-11T12:21:50Z</time>
      </trkpt>
      <trkpt lat="47.357659" lon="8.5644">
        <ele>453</ele>
        <time>2024-08-11T12:21:53Z</time>
        <cmt>speed: 0.0</cmt>
      </trkpt>
      <trkpt lat="47.357697" lon="8.564357">
        <ele>457</ele>
        <time>2024-08-11T12:31:54Z</time>
        <cmt>speed: 1.0</cmt>
      </trkpt>
      <trkpt lat="47.357717" lon="8.564343">
        <ele>445</ele>
        <time>2024-08-11T12:41:52Z</time>
        <cmt>speed: 0.7</cmt>
      </trkpt>
      <trkpt lat="47.357833" lon="8.564232">
        <ele>448</ele>
        <time>2024-08-11T12:51:57Z</time>
        <cmt>speed: 0.4</cmt>
      </trkpt>
      <trkpt lat="47.357833" lon="8.564232">
        <ele>448</ele>
        <time>2024-08-11T13:01:57Z</time>
      </trkpt>
      <trkpt lat="47.357452" lon="8.56459">
        <ele>454</ele>
        <time>2024-08-11T13:02:00Z</time>
        <cmt>speed: 0.8</cmt>
      </trkpt>
      <trkpt lat="47.357733" lon="8.564147">
        <ele>441</ele>
        <time>2024-08-11T13:11:53Z</time>
        <cmt>speed: 0.4</cmt>
      </trkpt>
      <trkpt lat="47.358082" lon="8.562953">
        <ele>431</ele>
        <time>2024-08-11T13:21:54Z</time>
        <cmt>speed: 0.4</cmt>
      </trkpt>
      <trkpt lat="47.358342" lon="8.563187">
        <ele>449</ele>
        <time>2024-08-11T13:32:21Z</time>
        <cmt>speed: 1.7</cmt>
      </trkpt>
      <trkpt lat="47.358342" lon="8.563187">
        <ele>449</ele>
        <time>2024-08-11T13:41:53Z</time>
      </trkpt>
      <trkpt lat="47.357864" lon="8.562935">
        <ele>417</ele>
        <time>2024-08-11T13:41:57Z</time>
        <cmt>speed: 0.1</cmt>
      </trkpt>
      <trkpt lat="47.35778" lon="8.562883">
        <ele>406</ele>
        <time>2024-08-11T13:51:55Z</time>
        <cmt>speed: 0.1</cmt>
      </trkpt>
      <trkpt lat="47.35778" lon="8.562883">
        <ele>406</ele>
        <time>2024-08-11T14:01:59Z</time>
      </trkpt>
      <trkpt lat="47.358103" lon="8.562986">
        <ele>444</ele>
        <time>2024-08-11T14:02:02Z</time>
        <cmt>speed: 0.8</cmt>
      </trkpt>
      <trkpt lat="47.35816" lon="8.562668">
        <ele>479</ele>
        <time>2024-08-11T14:12:07Z</time>
        <cmt>speed: 0.2</cmt>
      </trkpt>
      <trkpt lat="47.35816" lon="8.562668">
        <ele>479</ele>
        <time>2024-08-11T14:22:06Z</time>
      </trkpt>
      <trkpt lat="47.358124" lon="8.562973">
        <ele>454</ele>
        <time>2024-08-11T14:22:10Z</time>
        <cmt>speed: 0.0</cmt>
      </trkpt>
      <trkpt lat="47.358113" lon="8.562921">
        <ele>452</ele>
        <time>2024-08-11T14:32:52Z</time>
        <cmt>speed: 0.8</cmt>
      </trkpt>
      <trkpt lat="47.358113" lon="8.562921">
        <ele>452</ele>
        <time>2024-08-11T14:43:22Z</time>
      </trkpt>
      <trkpt lat="47.357928" lon="8.563102">
        <ele>460</ele>
        <time>2024-08-11T14:43:26Z</time>
        <cmt>speed: 0.4</cmt>
      </trkpt>
      <trkpt lat="47.358158" lon="8.563121">
        <ele>439</ele>
        <time>2024-08-11T14:53:00Z</time>
        <cmt>speed: 0.2</cmt>
      </trkpt>
      <trkpt lat="47.358158" lon="8.563121">
        <ele>439</ele>
        <time>2024-08-11T15:02:39Z</time>
      </trkpt>
      <trkpt lat="47.358091" lon="8.562921">
        <ele>456</ele>
        <time>2024-08-11T15:02:43Z</time>
        <cmt>speed: 0.3</cmt>
      </trkpt>
      <trkpt lat="47.358043" lon="8.562945">
        <ele>451</ele>
        <time>2024-08-11T15:12:40Z</time>
        <cmt>speed: 0.1</cmt>
      </trkpt>
      <trkpt lat="47.357484" lon="8.564868">
        <ele>447</ele>
        <time>2024-08-11T15:32:38Z</time>
        <cmt>speed: 3.8</cmt>
      </trkpt>
      <trkpt lat="47.35795" lon="8.564913">
        <ele>473</ele>
        <time>2024-08-11T15:42:43Z</time>
        <cmt>speed: 0.4</cmt>
      </trkpt>
      <trkpt lat="47.35772" lon="8.564933">
        <ele>422</ele>
        <time>2024-08-11T15:52:39Z</time>
        <cmt>speed: 0.4</cmt>
      </trkpt>
      <trkpt lat="47.35772" lon="8.564933">
        <ele>422</ele>
        <time>2024-08-11T16:02:40Z</time>
      </trkpt>
      <trkpt lat="47.357557" lon="8.565302">
        <ele>456</ele>
        <time>2024-08-11T16:02:44Z</time>
        <cmt>speed: 0.1</cmt>
      </trkpt>
      <trkpt lat="47.357499" lon="8.565398">
        <ele>451</ele>
        <time>2024-08-11T16:12:39Z</time>
        <cmt>speed: 0.2</cmt>
      </trkpt>
      <trkpt lat="47.357461" lon="8.564803">
        <ele>455</ele>
        <time>2024-08-11T16:22:40Z</time>
        <cmt>speed: 0.0</cmt>
      </trkpt>
      <trkpt lat="47.357483" lon="8.564882">
        <ele>443</ele>
        <time>2024-08-11T16:32:40Z</time>
        <cmt>speed: 0.4</cmt>
      </trkpt>
      <trkpt lat="47.357725" lon="8.564293">
        <ele>470</ele>
        <time>2024-08-11T16:42:40Z</time>
        <cmt>speed: 0.5</cmt>
      </trkpt>
      <trkpt lat="47.357642" lon="8.564347">
        <ele>432</ele>
        <time>2024-08-11T16:52:45Z</time>
        <cmt>speed: 0.2</cmt>
      </trkpt>
      <trkpt lat="47.357642" lon="8.564347">
        <ele>432</ele>
        <time>2024-08-11T17:02:35Z</time>
      </trkpt>
      <trkpt lat="47.357686" lon="8.564255">
        <ele>434</ele>
        <time>2024-08-11T17:02:39Z</time>
        <cmt>speed: 1.1</cmt>
      </trkpt>
      <trkpt lat="47.35774" lon="8.564383">
        <ele>461</ele>
        <time>2024-08-11T17:12:40Z</time>
        <cmt>speed: 0.4</cmt>
      </trkpt>
      <trkpt lat="47.359609" lon="8.563516">
        <ele>455</ele>
        <time>2024-08-11T17:22:42Z</time>
        <cmt>speed: 0.4</cmt>
      </trkpt>
      <trkpt lat="47.360059" lon="8.563861">
        <ele>426</ele>
        <time>2024-08-11T17:32:40Z</time>
        <cmt>speed: 0.5</cmt>
      </trkpt>
      <trkpt lat="47.359959" lon="8.563643">
        <ele>434</ele>
        <time>2024-08-11T17:35:42Z</time>
      </trkpt>
      <trkpt lat="47.359959" lon="8.563643">
        <ele>434</ele>
        <time>2024-08-11T17:41:44Z</time>
      </trkpt>
      <trkpt lat="47.359959" lon="8.563643">
        <ele>434</ele>
        <time>2024-08-11T17:56:44Z</time>
      </trkpt>
      <trkpt lat="47.359974" lon="8.56367">
        <ele>434</ele>
        <time>2024-08-12T02:43:29Z</time>
      </trkpt>
      <trkpt lat="47.360553" lon="8.562518">
        <ele>431</ele>
        <time>2024-08-12T02:43:56Z</time>
        <cmt>speed: 0.1</cmt>
      </trkpt>
      <trkpt lat="47.359052" lon="8.561224">
        <ele>446</ele>
        <time>2024-08-12T02:53:37Z</time>
        <cmt>speed: 0.1</cmt>
      </trkpt>
      <trkpt lat="47.357668" lon="8.56105">
        <ele>448</ele>
        <time>2024-08-12T03:03:46Z</time>
        <cmt>speed: 0.7</cmt>
      </trkpt>
      <trkpt lat="47.357569" lon="8.560938">
        <ele>460</ele>
        <time>2024-08-12T03:13:40Z</time>
        <cmt>speed: 0.4</cmt>
      </trkpt>
      <trkpt lat="47.358149" lon="8.561737">
        <ele>437</ele>
        <time>2024-08-12T03:23:37Z</time>
        <cmt>speed: 0.3</cmt>
      </trkpt>
      <trkpt lat="47.358149" lon="8.561737">
        <ele>437</ele>
        <time>2024-08-12T03:23:40Z</time>
      </trkpt>
      <trkpt lat="47.358287" lon="8.561516">
        <ele>424</ele>
        <time>2024-08-12T03:33:38Z</time>
        <cmt>speed: 0.1</cmt>
      </trkpt>
      <trkpt lat="47.357576" lon="8.562411">
        <ele>433</ele>
        <time>2024-08-12T03:43:40Z</time>
        <cmt>speed: 0.4</cmt>
      </trkpt>
      <trkpt lat="47.357893" lon="8.563723">
        <ele>455</ele>
        <time>2024-08-12T03:53:37Z</time>
        <cmt>speed: 0.2</cmt>
      </trkpt>
      <trkpt lat="47.357893" lon="8.563723">
        <ele>455</ele>
        <time>2024-08-12T04:03:35Z</time>
      </trkpt>
      <trkpt lat="47.357603" lon="8.564376">
        <ele>459</ele>
        <time>2024-08-12T04:03:38Z</time>
        <cmt>speed: 0.4</cmt>
      </trkpt>
      <trkpt lat="47.35768" lon="8.564198">
        <ele>458</ele>
        <time>2024-08-12T04:13:36Z</time>
        <cmt>speed: 0.6</cmt>
      </trkpt>
      <trkpt lat="47.357375" lon="8.564192">
        <ele>519</ele>
        <time>2024-08-12T04:23:36Z</time>
        <cmt>speed: 1.4</cmt>
      </trkpt>
      <trkpt lat="47.357574" lon="8.564808">
        <ele>486</ele>
        <time>2024-08-12T04:33:37Z</time>
        <cmt>speed: 0.0</cmt>
      </trkpt>
      <trkpt lat="47.357567" lon="8.564562">
        <ele>469</ele>
        <time>2024-08-12T04:43:37Z</time>
        <cmt>speed: 0.4</cmt>
      </trkpt>
      <trkpt lat="47.357411" lon="8.564096">
        <ele>450</ele>
        <time>2024-08-12T04:53:37Z</time>
        <cmt>speed: 4.5</cmt>
      </trkpt>
      <trkpt lat="47.35753" lon="8.564412">
        <ele>451</ele>
        <time>2024-08-12T05:03:38Z</time>
        <cmt>speed: 0.3</cmt>
      </trkpt>
      <trkpt lat="47.357755" lon="8.564011">
        <ele>435</ele>
        <time>2024-08-12T05:13:36Z</time>
        <cmt>speed: 1.8</cmt>
      </trkpt>
      <trkpt lat="47.357914" lon="8.564096">
        <ele>443</ele>
        <time>2024-08-12T05:23:37Z</time>
        <cmt>speed: 0.2</cmt>
      </trkpt>
      <trkpt lat="47.359974" lon="8.56367">
        <ele>434</ele>
        <time>2024-08-12T05:32:33Z</time>
      </trkpt>
      <trkpt lat="47.359974" lon="8.56367">
        <ele>434</ele>
        <time>2024-08-12T05:47:33Z</time>
      </trkpt>
      <trkpt lat="47.359974" lon="8.56367">
        <ele>434</ele>
        <time>2024-08-12T07:56:15Z</time>
      </trkpt>
      <trkpt lat="47.360665" lon="8.563244">
        <ele>416</ele>
        <time>2024-08-12T07:57:03Z</time>
        <cmt>speed: 4.4</cmt>
      </trkpt>
      <trkpt lat="47.359624" lon="8.561422">
        <ele>417</ele>
        <time>2024-08-12T08:06:27Z</time>
        <cmt>speed: 0.0</cmt>
      </trkpt>
      <trkpt lat="47.358629" lon="8.560721">
        <ele>457</ele>
        <time>2024-08-12T08:16:29Z</time>
        <cmt>speed: 0.0</cmt>
      </trkpt>
      <trkpt lat="47.357768" lon="8.560662">
        <ele>442</ele>
        <time>2024-08-12T08:26:40Z</time>
        <cmt>speed: 1.0</cmt>
      </trkpt>
      <trkpt lat="47.357833" lon="8.560898">
        <ele>441</ele>
        <time>2024-08-12T08:36:29Z</time>
        <cmt>speed: 0.3</cmt>
      </trkpt>
      <trkpt lat="47.357556" lon="8.561272">
        <ele>463</ele>
        <time>2024-08-12T08:46:25Z</time>
        <cmt>speed: 0.4</cmt>
      </trkpt>
      <trkpt lat="47.357611" lon="8.560579">
        <ele>443</ele>
        <time>2024-08-12T08:56:26Z</time>
        <cmt>speed: 0.2</cmt>
      </trkpt>
      <trkpt lat="47.357497" lon="8.560128">
        <ele>443</ele>
        <time>2024-08-12T09:06:26Z</time>
        <cmt>speed: 0.0</cmt>
      </trkpt>
      <trkpt lat="47.35778" lon="8.560397">
        <ele>432</ele>
        <time>2024-08-12T09:26:32Z</time>
        <cmt>speed: 0.5</cmt>
      </trkpt>
      <trkpt lat="47.35778" lon="8.560397">
        <ele>432</ele>
        <time>2024-08-12T09:36:30Z</time>
      </trkpt>
      <trkpt lat="47.357661" lon="8.560428">
        <ele>451</ele>
        <time>2024-08-12T09:36:37Z</time>
        <cmt>speed: 0.1</cmt>
      </trkpt>
      <trkpt lat="47.357584" lon="8.56016">
        <ele>474</ele>
        <time>2024-08-12T09:46:31Z</time>
        <cmt>speed: 0.7</cmt>
      </trkpt>
      <trkpt lat="47.357653" lon="8.560075">
        <ele>434</ele>
        <time>2024-08-12T10:16:29Z</time>
        <cmt>speed: 0.0</cmt>
      </trkpt>
      <trkpt lat="47.357726" lon="8.560249">
        <ele>434</ele>
        <time>2024-08-12T10:26:28Z</time>
        <cmt>speed: 0.1</cmt>
      </trkpt>
      <trkpt lat="47.357726" lon="8.560249">
        <ele>434</ele>
        <time>2024-08-12T10:36:19Z</time>
      </trkpt>
      <trkpt lat="47.35761" lon="8.560223">
        <ele>418</ele>
        <time>2024-08-12T10:36:26Z</time>
        <cmt>speed: 0.1</cmt>
      </trkpt>
      <trkpt lat="47.357724" lon="8.560265">
        <ele>429</ele>
        <time>2024-08-12T10:46:25Z</time>
        <cmt>speed: 0.5</cmt>
      </trkpt>
      <trkpt lat="47.357724" lon="8.560265">
        <ele>429</ele>
        <time>2024-08-12T10:56:20Z</time>
      </trkpt>
      <trkpt lat="47.357586" lon="8.560168">
        <ele>467</ele>
        <time>2024-08-12T10:56:27Z</time>
        <cmt>speed: 0.0</cmt>
      </trkpt>
      <trkpt lat="47.357307" lon="8.559976">
        <ele>447</ele>
        <time>2024-08-12T11:06:51Z</time>
        <cmt>speed: 0.8</cmt>
      </trkpt>
      <trkpt lat="47.357307" lon="8.559976">
        <ele>447</ele>
        <time>2024-08-12T11:16:21Z</time>
      </trkpt>
      <trkpt lat="47.357678" lon="8.560472">
        <ele>455</ele>
        <time>2024-08-12T11:16:28Z</time>
        <cmt>speed: 0.1</cmt>
      </trkpt>
      <trkpt lat="47.357654" lon="8.560226">
        <ele>448</ele>
        <time>2024-08-12T11:26:28Z</time>
        <cmt>speed: 0.5</cmt>
      </trkpt>
      <trkpt lat="47.357654" lon="8.560226">
        <ele>448</ele>
        <time>2024-08-12T12:40:00Z</time>
      </trkpt>
      <trkpt lat="47.3575" lon="8.560301">
        <ele>428</ele>
        <time>2024-08-12T12:40:08Z</time>
        <cmt>speed: 0.8</cmt>
      </trkpt>
      <trkpt lat="47.3575" lon="8.560301">
        <ele>428</ele>
        <time>2024-08-12T13:00:06Z</time>
      </trkpt>
      <trkpt lat="47.357782" lon="8.560514">
        <ele>432</ele>
        <time>2024-08-12T13:00:14Z</time>
        <cmt>speed: 0.1</cmt>
      </trkpt>
      <trkpt lat="47.358053" lon="8.559987">
        <ele>418</ele>
        <time>2024-08-12T13:10:08Z</time>
        <cmt>speed: 0.3</cmt>
      </trkpt>
      <trkpt lat="47.357964" lon="8.559994">
        <ele>444</ele>
        <time>2024-08-12T13:20:07Z</time>
        <cmt>speed: 0.4</cmt>
      </trkpt>
      <trkpt lat="47.357679" lon="8.5602">
        <ele>453</ele>
        <time>2024-08-12T13:30:07Z</time>
        <cmt>speed: 0.0</cmt>
      </trkpt>
      <trkpt lat="47.358356" lon="8.559774">
        <ele>480</ele>
        <time>2024-08-12T13:50:02Z</time>
        <cmt>speed: 0.7</cmt>
      </trkpt>
      <trkpt lat="47.357451" lon="8.561874">
        <ele>432</ele>
        <time>2024-08-12T14:00:02Z</time>
        <cmt>speed: 1.0</cmt>
      </trkpt>
      <trkpt lat="47.357689" lon="8.563049">
        <ele>457</ele>
        <time>2024-08-12T14:10:06Z</time>
        <cmt>speed: 7.7</cmt>
      </trkpt>
      <trkpt lat="47.35786" lon="8.562988">
        <ele>433</ele>
        <time>2024-08-12T14:20:08Z</time>
        <cmt>speed: 1.9</cmt>
      </trkpt>
      <trkpt lat="47.357622" lon="8.56427">
        <ele>453</ele>
        <time>2024-08-12T14:30:02Z</time>
        <cmt>speed: 0.1</cmt>
      </trkpt>
      <trkpt lat="47.357622" lon="8.56427">
        <ele>453</ele>
        <time>2024-08-12T14:39:54Z</time>
      </trkpt>
      <trkpt lat="47.357587" lon="8.564813">
        <ele>459</ele>
        <time>2024-08-12T14:40:01Z</time>
        <cmt>speed: 2.0</cmt>
      </trkpt>
      <trkpt lat="47.357713" lon="8.564418">
        <ele>446</ele>
        <time>2024-08-12T14:50:00Z</time>
        <cmt>speed: 0.6</cmt>
      </trkpt>
      <trkpt lat="47.357713" lon="8.564418">
        <ele>446</ele>
        <time>2024-08-12T14:59:55Z</time>
      </trkpt>
      <trkpt lat="47.357664" lon="8.564317">
        <ele>457</ele>
        <time>2024-08-12T15:00:03Z</time>
        <cmt>speed: 0.4</cmt>
      </trkpt>
      <trkpt lat="47.3578" lon="8.564262">
        <ele>473</ele>
        <time>2024-08-12T15:10:14Z</time>
        <cmt>speed: 0.3</cmt>
      </trkpt>
      <trkpt lat="47.3578" lon="8.564262">
        <ele>473</ele>
        <time>2024-08-12T15:20:29Z</time>
      </trkpt>
      <trkpt lat="47.357456" lon="8.564273">
        <ele>430</ele>
        <time>2024-08-12T15:20:37Z</time>
        <cmt>speed: 0.9</cmt>
      </trkpt>
      <trkpt lat="47.357646" lon="8.56437">
        <ele>467</ele>
        <time>2024-08-12T15:30:01Z</time>
        <cmt>speed: 0.8</cmt>
      </trkpt>
      <trkpt lat="47.357646" lon="8.56437">
        <ele>467</ele>
        <time>2024-08-12T15:39:59Z</time>
      </trkpt>
      <trkpt lat="47.357813" lon="8.564877">
        <ele>422</ele>
        <time>2024-08-12T15:40:07Z</time>
        <cmt>speed: 1.3</cmt>
      </trkpt>
      <trkpt lat="47.357608" lon="8.564545">
        <ele>425</ele>
        <time>2024-08-12T15:50:05Z</time>
        <cmt>speed: 0.9</cmt>
      </trkpt>
      <trkpt lat="47.357608" lon="8.564545">
        <ele>425</ele>
        <time>2024-08-12T15:59:55Z</time>
      </trkpt>
      <trkpt lat="47.357767" lon="8.564434">
        <ele>443</ele>
        <time>2024-08-12T16:00:03Z</time>
        <cmt>speed: 0.2</cmt>
      </trkpt>
      <trkpt lat="47.35761" lon="8.564721">
        <ele>446</ele>
        <time>2024-08-12T16:10:01Z</time>
        <cmt>speed: 0.4</cmt>
      </trkpt>
      <trkpt lat="47.35761" lon="8.564721">
        <ele>446</ele>
        <time>2024-08-12T16:19:53Z</time>
      </trkpt>
      <trkpt lat="47.357193" lon="8.564717">
        <ele>456</ele>
        <time>2024-08-12T16:20:01Z</time>
        <cmt>speed: 0.1</cmt>
      </trkpt>
      <trkpt lat="47.357292" lon="8.565018">
        <ele>434</ele>
        <time>2024-08-12T16:30:01Z</time>
        <cmt>speed: 0.1</cmt>
      </trkpt>
      <trkpt lat="47.357292" lon="8.565018">
        <ele>434</ele>
        <time>2024-08-12T16:39:54Z</time>
      </trkpt>
      <trkpt lat="47.357477" lon="8.564897">
        <ele>448</ele>
        <time>2024-08-12T16:40:02Z</time>
        <cmt>speed: 0.2</cmt>
      </trkpt>
      <trkpt lat="47.357442" lon="8.564863">
        <ele>455</ele>
        <time>2024-08-12T16:50:07Z</time>
        <cmt>speed: 0.2</cmt>
      </trkpt>
      <trkpt lat="47.357382" lon="8.564674">
        <ele>467</ele>
        <time>2024-08-12T17:00:02Z</time>
        <cmt>speed: 0.7</cmt>
      </trkpt>
      <trkpt lat="47.357267" lon="8.564692">
        <ele>447</ele>
        <time>2024-08-12T17:10:02Z</time>
        <cmt>speed: 0.3</cmt>
      </trkpt>
      <trkpt lat="47.357267" lon="8.564692">
        <ele>447</ele>
        <time>2024-08-12T17:19:55Z</time>
      </trkpt>
      <trkpt lat="47.357462" lon="8.564864">
        <ele>458</ele>
        <time>2024-08-12T17:20:03Z</time>
        <cmt>speed: 0.0</cmt>
      </trkpt>
      <trkpt lat="47.357302" lon="8.564889">
        <ele>459</ele>
        <time>2024-08-12T17:30:03Z</time>
        <cmt>speed: 0.2</cmt>
      </trkpt>
      <trkpt lat="47.357432" lon="8.564679">
        <ele>448</ele>
        <time>2024-08-12T17:40:01Z</time>
        <cmt>speed: 0.8</cmt>
      </trkpt>
      <trkpt lat="47.357631" lon="8.564772">
        <ele>443</ele>
        <time>2024-08-12T17:50:01Z</time>
        <cmt>speed: 0.8</cmt>
      </trkpt>
      <trkpt lat="47.357457" lon="8.564649">
        <ele>444</ele>
        <time>2024-08-12T18:00:01Z</time>
        <cmt>speed: 0.2</cmt>
      </trkpt>
      <trkpt lat="47.357555" lon="8.564316">
        <ele>454</ele>
        <time>2024-08-12T18:10:01Z</time>
        <cmt>speed: 0.1</cmt>
      </trkpt>
      <trkpt lat="47.357555" lon="8.564316">
        <ele>454</ele>
        <time>2024-08-12T18:19:53Z</time>
      </trkpt>
      <trkpt lat="47.35754" lon="8.564235">
        <ele>469</ele>
        <time>2024-08-12T18:20:01Z</time>
        <cmt>speed: 0.0</cmt>
      </trkpt>
      <trkpt lat="47.357664" lon="8.562864">
        <ele>389</ele>
        <time>2024-08-12T18:30:03Z</time>
        <cmt>speed: 0.1</cmt>
      </trkpt>
      <trkpt lat="47.358676" lon="8.561282">
        <ele>460</ele>
        <time>2024-08-12T18:40:03Z</time>
        <cmt>speed: 0.9</cmt>
      </trkpt>
      <trkpt lat="47.358809" lon="8.56112">
        <ele>426</ele>
        <time>2024-08-12T18:50:03Z</time>
        <cmt>speed: 0.0</cmt>
      </trkpt>
      <trkpt lat="47.359285" lon="8.560744">
        <ele>457</ele>
        <time>2024-08-12T19:00:14Z</time>
        <cmt>speed: 0.2</cmt>
      </trkpt>
      <trkpt lat="47.359288" lon="8.561068">
        <ele>444</ele>
        <time>2024-08-12T19:10:06Z</time>
        <cmt>speed: 0.0</cmt>
      </trkpt>
      <trkpt lat="47.359937" lon="8.561566">
        <ele>424</ele>
        <time>2024-08-12T19:20:06Z</time>
        <cmt>speed: 2.3</cmt>
      </trkpt>
      <trkpt lat="47.359974" lon="8.56367">
        <ele>434</ele>
        <time>2024-08-12T19:27:53Z</time>
      </trkpt>
      <trkpt lat="47.359974" lon="8.56367">
        <ele>434</ele>
        <time>2024-08-12T19:42:53Z</time>
      </trkpt>
      <trkpt lat="47.359974" lon="8.56367">
        <ele>434</ele>
        <time>2024-08-13T04:11:20Z</time>
      </trkpt>
      <trkpt lat="47.359815" lon="8.564054">
        <ele>392</ele>
        <time>2024-08-13T04:12:00Z</time>
        <cmt>speed: 1.7</cmt>
      </trkpt>
      <trkpt lat="47.35903" lon="8.562491">
        <ele>469</ele>
        <time>2024-08-13T04:21:34Z</time>
        <cmt>speed: 1.0</cmt>
      </trkpt>
      <trkpt lat="47.358948" lon="8.561419">
        <ele>413</ele>
        <time>2024-08-13T04:31:32Z</time>
        <cmt>speed: 0.2</cmt>
      </trkpt>
      <trkpt lat="47.357612" lon="8.563534">
        <ele>454</ele>
        <time>2024-08-13T04:41:33Z</time>
        <cmt>speed: 0.2</cmt>
      </trkpt>
      <trkpt lat="47.357612" lon="8.563534">
        <ele>454</ele>
        <time>2024-08-13T04:51:24Z</time>
      </trkpt>
      <trkpt lat="47.357667" lon="8.56361">
        <ele>467</ele>
        <time>2024-08-13T04:51:34Z</time>
        <cmt>speed: 0.4</cmt>
      </trkpt>
      <trkpt lat="47.357665" lon="8.563488">
        <ele>468</ele>
        <time>2024-08-13T05:01:33Z</time>
        <cmt>speed: 0.4</cmt>
      </trkpt>
      <trkpt lat="47.357558" lon="8.563573">
        <ele>472</ele>
        <time>2024-08-13T05:11:32Z</time>
        <cmt>speed: 0.6</cmt>
      </trkpt>
      <trkpt lat="47.35762" lon="8.56377">
        <ele>465</ele>
        <time>2024-08-13T05:21:33Z</time>
        <cmt>speed: 0.2</cmt>
      </trkpt>
      <trkpt lat="47.35762" lon="8.56377">
        <ele>465</ele>
        <time>2024-08-13T05:31:22Z</time>
      </trkpt>
      <trkpt lat="47.357515" lon="8.563762">
        <ele>446</ele>
        <time>2024-08-13T05:31:31Z</time>
        <cmt>speed: 0.3</cmt>
      </trkpt>
      <trkpt lat="47.357546" lon="8.564001">
        <ele>447</ele>
        <time>2024-08-13T05:41:32Z</time>
        <cmt>speed: 0.7</cmt>
      </trkpt>
      <trkpt lat="47.357546" lon="8.564001">
        <ele>447</ele>
        <time>2024-08-13T05:51:22Z</time>
      </trkpt>
      <trkpt lat="47.357593" lon="8.563941">
        <ele>415</ele>
        <time>2024-08-13T05:52:40Z</time>
        <cmt>speed: 0.8</cmt>
      </trkpt>
      <trkpt lat="47.357656" lon="8.563747">
        <ele>460</ele>
        <time>2024-08-13T06:02:38Z</time>
        <cmt>speed: 0.2</cmt>
      </trkpt>
      <trkpt lat="47.357545" lon="8.563724">
        <ele>452</ele>
        <time>2024-08-13T06:12:38Z</time>
        <cmt>speed: 0.1</cmt>
      </trkpt>
      <trkpt lat="47.35756" lon="8.563799">
        <ele>439</ele>
        <time>2024-08-13T06:22:38Z</time>
        <cmt>speed: 0.1</cmt>
      </trkpt>
      <trkpt lat="47.35756" lon="8.563799">
        <ele>439</ele>
        <time>2024-08-13T06:32:27Z</time>
      </trkpt>
      <trkpt lat="47.357563" lon="8.563881">
        <ele>449</ele>
        <time>2024-08-13T06:32:37Z</time>
        <cmt>speed: 0.2</cmt>
      </trkpt>
      <trkpt lat="47.357581" lon="8.563941">
        <ele>451</ele>
        <time>2024-08-13T06:42:39Z</time>
        <cmt>speed: 0.2</cmt>
      </trkpt>
      <trkpt lat="47.357728" lon="8.563707">
        <ele>460</ele>
        <time>2024-08-13T06:52:39Z</time>
        <cmt>speed: 0.4</cmt>
      </trkpt>
      <trkpt lat="47.359937" lon="8.563898">
        <ele>439</ele>
        <time>2024-08-13T07:02:40Z</time>
        <cmt>speed: 0.3</cmt>
      </trkpt>
      <trkpt lat="47.359974" lon="8.56367">
        <ele>434</ele>
        <time>2024-08-13T07:03:13Z</time>
      </trkpt>
      <trkpt lat="47.359974" lon="8.56367">
        <ele>434</ele>
        <time>2024-08-13T07:18:13Z</time>
      </trkpt>
      <trkpt lat="47.360225" lon="8.562826">
        <ele>429</ele>
        <time>2024-08-13T08:22:55Z</time>
        <cmt>speed: 0.4</cmt>
      </trkpt>
      <trkpt lat="47.359372" lon="8.560458">
        <ele>423</ele>
        <time>2024-08-13T08:32:41Z</time>
        <cmt>speed: 0.7</cmt>
      </trkpt>
      <trkpt lat="47.358471" lon="8.559699">
        <ele>441</ele>
        <time>2024-08-13T08:42:41Z</time>
        <cmt>speed: 0.5</cmt>
      </trkpt>
      <trkpt lat="47.358187" lon="8.560546">
        <ele>450</ele>
        <time>2024-08-13T08:52:41Z</time>
        <cmt>speed: 0.0</cmt>
      </trkpt>
      <trkpt lat="47.358278" lon="8.560836">
        <ele>427</ele>
        <time>2024-08-13T09:02:44Z</time>
        <cmt>speed: 1.8</cmt>
      </trkpt>
      <trkpt lat="47.358278" lon="8.560836">
        <ele>427</ele>
        <time>2024-08-13T09:02:44Z</time>
      </trkpt>
      <trkpt lat="47.358128" lon="8.56049">
        <ele>461</ele>
        <time>2024-08-13T09:12:42Z</time>
        <cmt>speed: 0.7</cmt>
      </trkpt>
      <trkpt lat="47.357959" lon="8.560622">
        <ele>437</ele>
        <time>2024-08-13T09:22:41Z</time>
        <cmt>speed: 0.0</cmt>
      </trkpt>
      <trkpt lat="47.357959" lon="8.560622">
        <ele>437</ele>
        <time>2024-08-13T09:22:41Z</time>
      </trkpt>
      <trkpt lat="47.35794" lon="8.56058">
        <ele>450</ele>
        <time>2024-08-13T09:32:39Z</time>
        <cmt>speed: 0.2</cmt>
      </trkpt>
      <trkpt lat="47.357934" lon="8.560649">
        <ele>455</ele>
        <time>2024-08-13T09:43:11Z</time>
        <cmt>speed: 0.8</cmt>
      </trkpt>
      <trkpt lat="47.357934" lon="8.560649">
        <ele>455</ele>
        <time>2024-08-13T09:43:11Z</time>
      </trkpt>
      <trkpt lat="47.35773" lon="8.560571">
        <ele>416</ele>
        <time>2024-08-13T09:53:11Z</time>
        <cmt>speed: 0.9</cmt>
      </trkpt>
      <trkpt lat="47.35775" lon="8.560457">
        <ele>452</ele>
        <time>2024-08-13T10:03:10Z</time>
        <cmt>speed: 1.5</cmt>
      </trkpt>
      <trkpt lat="47.35775" lon="8.560457">
        <ele>452</ele>
        <time>2024-08-13T10:03:10Z</time>
      </trkpt>
      <trkpt lat="47.357959" lon="8.560522">
        <ele>452</ele>
        <time>2024-08-13T10:12:44Z</time>
        <cmt>speed: 0.1</cmt>
      </trkpt>
      <trkpt lat="47.357926" lon="8.560479">
        <ele>454</ele>
        <time>2024-08-13T10:22:39Z</time>
        <cmt>speed: 0.1</cmt>
      </trkpt>
      <trkpt lat="47.357926" lon="8.560479">
        <ele>454</ele>
        <time>2024-08-13T10:22:41Z</time>
      </trkpt>
      <trkpt lat="47.357744" lon="8.560414">
        <ele>436</ele>
        <time>2024-08-13T10:32:42Z</time>
        <cmt>speed: 0.0</cmt>
      </trkpt>
      <trkpt lat="47.357856" lon="8.560583">
        <ele>471</ele>
        <time>2024-08-13T11:10:59Z</time>
        <cmt>speed: 0.3</cmt>
      </trkpt>
      <trkpt lat="47.357779" lon="8.560601">
        <ele>430</ele>
        <time>2024-08-13T11:21:26Z</time>
        <cmt>speed: 0.4</cmt>
      </trkpt>
      <trkpt lat="47.357779" lon="8.560601">
        <ele>430</ele>
        <time>2024-08-13T11:21:26Z</time>
      </trkpt>
      <trkpt lat="47.357925" lon="8.560567">
        <ele>443</ele>
        <time>2024-08-13T11:31:35Z</time>
        <cmt>speed: 0.4</cmt>
      </trkpt>
      <trkpt lat="47.357974" lon="8.56064">
        <ele>473</ele>
        <time>2024-08-13T11:41:07Z</time>
        <cmt>speed: 0.6</cmt>
      </trkpt>
      <trkpt lat="47.357974" lon="8.56064">
        <ele>473</ele>
        <time>2024-08-13T11:41:07Z</time>
      </trkpt>
      <trkpt lat="47.35775" lon="8.560464">
        <ele>484</ele>
        <time>2024-08-13T11:51:42Z</time>
        <cmt>speed: 0.6</cmt>
      </trkpt>
      <trkpt lat="47.357913" lon="8.560578">
        <ele>439</ele>
        <time>2024-08-13T12:01:02Z</time>
        <cmt>speed: 0.0</cmt>
      </trkpt>
      <trkpt lat="47.357913" lon="8.560578">
        <ele>439</ele>
        <time>2024-08-13T12:01:02Z</time>
      </trkpt>
      <trkpt lat="47.357755" lon="8.560484">
        <ele>456</ele>
        <time>2024-08-13T12:32:06Z</time>
        <cmt>speed: 0.0</cmt>
      </trkpt>
      <trkpt lat="47.357772" lon="8.560493">
        <ele>455</ele>
        <time>2024-08-13T12:42:02Z</time>
        <cmt>speed: 1.2</cmt>
      </trkpt>
      <trkpt lat="47.357772" lon="8.560493">
        <ele>455</ele>
        <time>2024-08-13T12:42:02Z</time>
      </trkpt>
      <trkpt lat="47.357823" lon="8.560751">
        <ele>426</ele>
        <time>2024-08-13T12:52:02Z</time>
        <cmt>speed: 0.0</cmt>
      </trkpt>
      <trkpt lat="47.357823" lon="8.560751">
        <ele>426</ele>
        <time>2024-08-13T13:02:01Z</time>
      </trkpt>
      <trkpt lat="47.357738" lon="8.560755">
        <ele>422</ele>
        <time>2024-08-13T13:02:02Z</time>
        <cmt>speed: 0.1</cmt>
      </trkpt>
      <trkpt lat="47.357822" lon="8.560636">
        <ele>438</ele>
        <time>2024-08-13T13:12:03Z</time>
        <cmt>speed: 1.3</cmt>
      </trkpt>
      <trkpt lat="47.357822" lon="8.560636">
        <ele>438</ele>
        <time>2024-08-13T13:13:14Z</time>
      </trkpt>
      <trkpt lat="47.357834" lon="8.560459">
        <ele>467</ele>
        <time>2024-08-13T13:22:05Z</time>
        <cmt>speed: 0.4</cmt>
      </trkpt>
      <trkpt lat="47.357813" lon="8.560553">
        <ele>455</ele>
        <time>2024-08-13T13:32:09Z</time>
        <cmt>speed: 0.1</cmt>
      </trkpt>
      <trkpt lat="47.357792" lon="8.560313">
        <ele>461</ele>
        <time>2024-08-13T13:42:15Z</time>
        <cmt>speed: 0.5</cmt>
      </trkpt>
      <trkpt lat="47.357857" lon="8.56065">
        <ele>453</ele>
        <time>2024-08-13T13:52:11Z</time>
        <cmt>speed: 0.0</cmt>
      </trkpt>
      <trkpt lat="47.357704" lon="8.560437">
        <ele>465</ele>
        <time>2024-08-13T14:02:22Z</time>
        <cmt>speed: 0.1</cmt>
      </trkpt>
      <trkpt lat="47.357819" lon="8.560393">
        <ele>488</ele>
        <time>2024-08-13T14:22:04Z</time>
        <cmt>speed: 0.0</cmt>
      </trkpt>
      <trkpt lat="47.357723" lon="8.560379">
        <ele>482</ele>
        <time>2024-08-13T14:32:03Z</time>
        <cmt>speed: 0.0</cmt>
      </trkpt>
      <trkpt lat="47.357746" lon="8.56054">
        <ele>432</ele>
        <time>2024-08-13T14:42:02Z</time>
        <cmt>speed: 0.7</cmt>
      </trkpt>
      <trkpt lat="47.357746" lon="8.56054">
        <ele>432</ele>
        <time>2024-08-13T14:52:06Z</time>
      </trkpt>
      <trkpt lat="47.357633" lon="8.560175">
        <ele>435</ele>
        <time>2024-08-13T14:52:07Z</time>
        <cmt>speed: 0.0</cmt>
      </trkpt>
      <trkpt lat="47.357556" lon="8.56029">
        <ele>418</ele>
        <time>2024-08-13T15:02:25Z</time>
        <cmt>speed: 0.9</cmt>
      </trkpt>
      <trkpt lat="47.35772" lon="8.560339">
        <ele>443</ele>
        <time>2024-08-13T15:33:09Z</time>
        <cmt>speed: 1.1</cmt>
      </trkpt>
      <trkpt lat="47.35787" lon="8.56038">
        <ele>449</ele>
        <time>2024-08-13T15:44:29Z</time>
        <cmt>speed: 0.1</cmt>
      </trkpt>
      <trkpt lat="47.35787" lon="8.56038">
        <ele>449</ele>
        <time>2024-08-13T15:54:27Z</time>
      </trkpt>
      <trkpt lat="47.357734" lon="8.560332">
        <ele>457</ele>
        <time>2024-08-13T15:54:28Z</time>
        <cmt>speed: 0.8</cmt>
      </trkpt>
      <trkpt lat="47.357734" lon="8.560332">
        <ele>457</ele>
        <time>2024-08-13T16:13:46Z</time>
      </trkpt>
      <trkpt lat="47.357949" lon="8.560438">
        <ele>433</ele>
        <time>2024-08-13T16:13:47Z</time>
        <cmt>speed: 0.0</cmt>
      </trkpt>
      <trkpt lat="47.357635" lon="8.56042">
        <ele>430</ele>
        <time>2024-08-13T16:24:24Z</time>
        <cmt>speed: 1.5</cmt>
      </trkpt>
      <trkpt lat="47.357865" lon="8.56001">
        <ele>434</ele>
        <time>2024-08-13T16:33:46Z</time>
        <cmt>speed: 0.2</cmt>
      </trkpt>
      <trkpt lat="47.35857" lon="8.558819">
        <ele>468</ele>
        <time>2024-08-13T16:43:44Z</time>
        <cmt>speed: 1.6</cmt>
      </trkpt>
      <trkpt lat="47.358958" lon="8.558997">
        <ele>417</ele>
        <time>2024-08-13T16:53:43Z</time>
        <cmt>speed: 0.2</cmt>
      </trkpt>
      <trkpt lat="47.359255" lon="8.559955">
        <ele>431</ele>
        <time>2024-08-13T17:03:44Z</time>
        <cmt>speed: 0.5</cmt>
      </trkpt>
      <trkpt lat="47.358689" lon="8.56191">
        <ele>447</ele>
        <time>2024-08-13T17:13:44Z</time>
        <cmt>speed: 0.6</cmt>
      </trkpt>
      <trkpt lat="47.357624" lon="8.562172">
        <ele>446</ele>
        <time>2024-08-13T17:23:47Z</time>
        <cmt>speed: 0.0</cmt>
      </trkpt>
      <trkpt lat="47.357607" lon="8.563573">
        <ele>452</ele>
        <time>2024-08-13T17:33:42Z</time>
        <cmt>speed: 0.2</cmt>
      </trkpt>
      <trkpt lat="47.357608" lon="8.563574">
        <ele>437</ele>
        <time>2024-08-13T17:43:43Z</time>
        <cmt>speed: 0.1</cmt>
      </trkpt>
      <trkpt lat="47.357608" lon="8.563574">
        <ele>437</ele>
        <time>2024-08-13T17:53:43Z</time>
      </trkpt>
      <trkpt lat="47.357591" lon="8.563542">
        <ele>462</ele>
        <time>2024-08-13T17:53:44Z</time>
        <cmt>speed: 0.2</cmt>
      </trkpt>
      <trkpt lat="47.357588" lon="8.563502">
        <ele>448</ele>
        <time>2024-08-13T18:03:43Z</time>
        <cmt>speed: 0.1</cmt>
      </trkpt>
      <trkpt lat="47.357588" lon="8.563502">
        <ele>448</ele>
        <time>2024-08-13T18:13:43Z</time>
      </trkpt>
      <trkpt lat="47.357613" lon="8.563464">
        <ele>428</ele>
        <time>2024-08-13T18:13:44Z</time>
        <cmt>speed: 0.5</cmt>
      </trkpt>
      <trkpt lat="47.357626" lon="8.563574">
        <ele>438</ele>
        <time>2024-08-13T18:23:44Z</time>
        <cmt>speed: 0.1</cmt>
      </trkpt>
      <trkpt lat="47.357626" lon="8.563574">
        <ele>438</ele>
        <time>2024-08-13T18:33:42Z</time>
      </trkpt>
      <trkpt lat="47.357584" lon="8.563465">
        <ele>422</ele>
        <time>2024-08-13T18:33:43Z</time>
        <cmt>speed: 1.8</cmt>
      </trkpt>
      <trkpt lat="47.357635" lon="8.563593">
        <ele>437</ele>
        <time>2024-08-13T18:43:43Z</time>
        <cmt>speed: 0.0</cmt>
      </trkpt>
      <trkpt lat="47.357635" lon="8.563593">
        <ele>437</ele>
        <time>2024-08-13T18:53:43Z</time>
      </trkpt>
      <trkpt lat="47.357761" lon="8.564386">
        <ele>446</ele>
        <time>2024-08-13T18:53:44Z</time>
        <cmt>speed: 0.0</cmt>
      </trkpt>
      <trkpt lat="47.357577" lon="8.564833">
        <ele>460</ele>
        <time>2024-08-13T19:03:44Z</time>
        <cmt>speed: 0.2</cmt>
      </trkpt>
      <trkpt lat="47.357577" lon="8.564833">
        <ele>460</ele>
        <time>2024-08-13T19:13:41Z</time>
      </trkpt>
      <trkpt lat="47.357635" lon="8.564688">
        <ele>454</ele>
        <time>2024-08-13T19:13:42Z</time>
        <cmt>speed: 1.5</cmt>
      </trkpt>
      <trkpt lat="47.357112" lon="8.565148">
        <ele>464</ele>
        <time>2024-08-13T19:23:43Z</time>
        <cmt>speed: 0.6</cmt>
      </trkpt>
      <trkpt lat="47.357005" lon="8.565393">
        <ele>469</ele>
        <time>2024-08-13T19:33:43Z</time>
        <cmt>speed: 0.4</cmt>
      </trkpt>
      <trkpt lat="47.355781" lon="8.56601">
        <ele>486</ele>
        <time>2024-08-13T19:43:47Z</time>
        <cmt>speed: 0.1</cmt>
      </trkpt>
      <trkpt lat="47.355825" lon="8.566763">
        <ele>503</ele>
        <time>2024-08-13T19:53:51Z</time>
        <cmt>speed: 1.7</cmt>
      </trkpt>
      <trkpt lat="47.355669" lon="8.567736">
        <ele>503</ele>
        <time>2024-08-13T20:03:45Z</time>
        <cmt>speed: 1.1</cmt>
      </trkpt>
      <trkpt lat="47.355669" lon="8.567736">
        <ele>503</ele>
        <time>2024-08-13T20:13:44Z</time>
      </trkpt>
      <trkpt lat="47.355496" lon="8.567602">
        <ele>539</ele>
        <time>2024-08-13T20:13:45Z</time>
        <cmt>speed: 0.3</cmt>
      </trkpt>
      <trkpt lat="47.355361" lon="8.568028">
        <ele>532</ele>
        <time>2024-08-13T20:23:50Z</time>
        <cmt>speed: 0.5</cmt>
      </trkpt>
      <trkpt lat="47.355223" lon="8.567807">
        <ele>469</ele>
        <time>2024-08-13T20:33:46Z</time>
        <cmt>speed: 0.5</cmt>
      </trkpt>
      <trkpt lat="47.355938" lon="8.567561">
        <ele>493</ele>
        <time>2024-08-13T20:43:55Z</time>
        <cmt>speed: 0.2</cmt>
      </trkpt>
      <trkpt lat="47.356181" lon="8.567196">
        <ele>508</ele>
        <time>2024-08-13T20:53:46Z</time>
        <cmt>speed: 0.6</cmt>
      </trkpt>
      <trkpt lat="47.356209" lon="8.566979">
        <ele>490</ele>
        <time>2024-08-13T21:03:48Z</time>
        <cmt>speed: 0.1</cmt>
      </trkpt>
      <trkpt lat="47.356727" lon="8.567101">
        <ele>526</ele>
        <time>2024-08-13T21:13:48Z</time>
        <cmt>speed: 3.3</cmt>
      </trkpt>
      <trkpt lat="47.356727" lon="8.567101">
        <ele>526</ele>
        <time>2024-08-13T21:23:53Z</time>
      </trkpt>
      <trkpt lat="47.356327" lon="8.567217">
        <ele>451</ele>
        <time>2024-08-13T21:23:55Z</time>
        <cmt>speed: 0.3</cmt>
      </trkpt>
      <trkpt lat="47.356406" lon="8.566803">
        <ele>480</ele>
        <time>2024-08-13T21:33:56Z</time>
        <cmt>speed: 1.4</cmt>
      </trkpt>
      <trkpt lat="47.356228" lon="8.566755">
        <ele>453</ele>
        <time>2024-08-13T21:43:45Z</time>
        <cmt>speed: 0.7</cmt>
      </trkpt>
      <trkpt lat="47.356765" lon="8.565399">
        <ele>472</ele>
        <time>2024-08-13T21:53:44Z</time>
        <cmt>speed: 1.6</cmt>
      </trkpt>
      <trkpt lat="47.356765" lon="8.565399">
        <ele>472</ele>
        <time>2024-08-13T22:03:42Z</time>
      </trkpt>
      <trkpt lat="47.357358" lon="8.565234">
        <ele>445</ele>
        <time>2024-08-13T22:03:44Z</time>
        <cmt>speed: 0.1</cmt>
      </trkpt>
      <trkpt lat="47.357194" lon="8.565141">
        <ele>437</ele>
        <time>2024-08-13T22:13:43Z</time>
        <cmt>speed: 1.0</cmt>
      </trkpt>
      <trkpt lat="47.357476" lon="8.565118">
        <ele>438</ele>
        <time>2024-08-13T22:23:44Z</time>
        <cmt>speed: 0.8</cmt>
      </trkpt>
      <trkpt lat="47.357714" lon="8.565466">
        <ele>493</ele>
        <time>2024-08-13T22:33:45Z</time>
        <cmt>speed: 0.5</cmt>
      </trkpt>
      <trkpt lat="47.358596" lon="8.566512">
        <ele>415</ele>
        <time>2024-08-13T22:43:44Z</time>
        <cmt>speed: 1.0</cmt>
      </trkpt>
      <trkpt lat="47.358756" lon="8.565811">
        <ele>442</ele>
        <time>2024-08-13T22:53:43Z</time>
        <cmt>speed: 0.1</cmt>
      </trkpt>
      <trkpt lat="47.358375" lon="8.564964">
        <ele>458</ele>
        <time>2024-08-13T23:03:43Z</time>
        <cmt>speed: 0.2</cmt>
      </trkpt>
      <trkpt lat="47.358183" lon="8.562536">
        <ele>448</ele>
        <time>2024-08-13T23:13:47Z</time>
        <cmt>speed: 0.3</cmt>
      </trkpt>
      <trkpt lat="47.357588" lon="8.561666">
        <ele>474</ele>
        <time>2024-08-13T23:23:45Z</time>
        <cmt>speed: 0.3</cmt>
      </trkpt>
      <trkpt lat="47.359341" lon="8.560071">
        <ele>446</ele>
        <time>2024-08-13T23:33:47Z</time>
        <cmt>speed: 0.9</cmt>
      </trkpt>
      <trkpt lat="47.359403" lon="8.561013">
        <ele>384</ele>
        <time>2024-08-13T23:43:49Z</time>
        <cmt>speed: 0.3</cmt>
      </trkpt>
      <trkpt lat="47.360062" lon="8.561013">
        <ele>445</ele>
        <time>2024-08-13T23:53:47Z</time>
        <cmt>speed: 0.2</cmt>
      </trkpt>
      <trkpt lat="47.360062" lon="8.561013">
        <ele>445</ele>
        <time>2024-08-14T00:03:42Z</time>
      </trkpt>
      <trkpt lat="47.359594" lon="8.561652">
        <ele>458</ele>
        <time>2024-08-14T00:03:44Z</time>
        <cmt>speed: 0.2</cmt>
      </trkpt>
      <trkpt lat="47.359651" lon="8.561552">
        <ele>434</ele>
        <time>2024-08-14T00:13:46Z</time>
        <cmt>speed: 0.2</cmt>
      </trkpt>
      <trkpt lat="47.358317" lon="8.562384">
        <ele>452</ele>
        <time>2024-08-14T00:23:46Z</time>
        <cmt>speed: 0.2</cmt>
      </trkpt>
      <trkpt lat="47.357238" lon="8.56344">
        <ele>439</ele>
        <time>2024-08-14T00:33:49Z</time>
        <cmt>speed: 0.3</cmt>
      </trkpt>
      <trkpt lat="47.357185" lon="8.563832">
        <ele>456</ele>
        <time>2024-08-14T00:43:43Z</time>
        <cmt>speed: 1.4</cmt>
      </trkpt>
      <trkpt lat="47.357107" lon="8.563734">
        <ele>455</ele>
        <time>2024-08-14T00:53:44Z</time>
        <cmt>speed: 0.5</cmt>
      </trkpt>
      <trkpt lat="47.357107" lon="8.563734">
        <ele>455</ele>
        <time>2024-08-14T01:03:43Z</time>
      </trkpt>
      <trkpt lat="47.356967" lon="8.563812">
        <ele>463</ele>
        <time>2024-08-14T01:03:45Z</time>
        <cmt>speed: 0.0</cmt>
      </trkpt>
      <trkpt lat="47.356819" lon="8.563858">
        <ele>426</ele>
        <time>2024-08-14T01:13:45Z</time>
        <cmt>speed: 0.2</cmt>
      </trkpt>
      <trkpt lat="47.356819" lon="8.563858">
        <ele>426</ele>
        <time>2024-08-14T01:23:43Z</time>
      </trkpt>
      <trkpt lat="47.357091" lon="8.563847">
        <ele>450</ele>
        <time>2024-08-14T01:23:45Z</time>
        <cmt>speed: 0.6</cmt>
      </trkpt>
      <trkpt lat="47.35736" lon="8.564031">
        <ele>474</ele>
        <time>2024-08-14T01:33:45Z</time>
        <cmt>speed: 0.2</cmt>
      </trkpt>
      <trkpt lat="47.356937" lon="8.564204">
        <ele>448</ele>
        <time>2024-08-14T01:43:45Z</time>
        <cmt>speed: 0.4</cmt>
      </trkpt>
      <trkpt lat="47.35702" lon="8.564289">
        <ele>455</ele>
        <time>2024-08-14T01:53:45Z</time>
        <cmt>speed: 0.0</cmt>
      </trkpt>
      <trkpt lat="47.35702" lon="8.564289">
        <ele>455</ele>
        <time>2024-08-14T02:03:43Z</time>
      </trkpt>
      <trkpt lat="47.357134" lon="8.56419">
        <ele>445</ele>
        <time>2024-08-14T02:03:45Z</time>
        <cmt>speed: 0.1</cmt>
      </trkpt>
      <trkpt lat="47.357043" lon="8.564285">
        <ele>471</ele>
        <time>2024-08-14T02:13:45Z</time>
        <cmt>speed: 0.1</cmt>
      </trkpt>
      <trkpt lat="47.357043" lon="8.564285">
        <ele>471</ele>
        <time>2024-08-14T02:23:43Z</time>
      </trkpt>
      <trkpt lat="47.357054" lon="8.564233">
        <ele>455</ele>
        <time>2024-08-14T02:23:45Z</time>
        <cmt>speed: 0.6</cmt>
      </trkpt>
      <trkpt lat="47.357294" lon="8.564854">
        <ele>444</ele>
        <time>2024-08-14T02:33:44Z</time>
        <cmt>speed: 0.9</cmt>
      </trkpt>
      <trkpt lat="47.359974" lon="8.56367">
        <ele>434</ele>
        <time>2024-08-14T19:08:45Z</time>
      </trkpt>
      <trkpt lat="47.359974" lon="8.56367">
        <ele>434</ele>
        <time>2024-08-14T19:18:45Z</time>
      </trkpt>
      <trkpt lat="47.359974" lon="8.56367">
        <ele>434</ele>
        <time>2024-08-14T19:28:45Z</time>
      </trkpt>
      <trkpt lat="47.359974" lon="8.56367">
        <ele>434</ele>
        <time>2024-08-14T19:38:45Z</time>
      </trkpt>
      <trkpt lat="47.359974" lon="8.56367">
        <ele>434</ele>
        <time>2024-08-14T19:48:45Z</time>
      </trkpt>
      <trkpt lat="47.359974" lon="8.56367">
        <ele>434</ele>
        <time>2024-08-14T19:58:45Z</time>
      </trkpt>
      <trkpt lat="47.359974" lon="8.56367">
        <ele>434</ele>
        <time>2024-08-14T20:08:45Z</time>
      </trkpt>
      <trkpt lat="47.359974" lon="8.56367">
        <ele>434</ele>
        <time>2024-08-14T20:18:45Z</time>
      </trkpt>
      <trkpt lat="47.359974" lon="8.56367">
        <ele>434</ele>
        <time>2024-08-14T20:28:45Z</time>
      </trkpt>
      <trkpt lat="47.359974" lon="8.56367">
        <ele>434</ele>
        <time>2024-08-14T20:38:45Z</time>
      </trkpt>
      <trkpt lat="47.359974" lon="8.56367">
        <ele>434</ele>
        <time>2024-08-14T20:48:45Z</time>
      </trkpt>
      <trkpt lat="47.359974" lon="8.56367">
        <ele>434</ele>
        <time>2024-08-14T20:58:45Z</time>
      </trkpt>
      <trkpt lat="47.359974" lon="8.56367">
        <ele>434</ele>
        <time>2024-08-14T21:08:45Z</time>
      </trkpt>
      <trkpt lat="47.359974" lon="8.56367">
        <ele>434</ele>
        <time>2024-08-14T21:09:12Z</time>
      </trkpt>
      <trkpt lat="47.359974" lon="8.56367">
        <ele>434</ele>
        <time>2024-08-14T21:19:12Z</time>
      </trkpt>
      <trkpt lat="47.359974" lon="8.56367">
        <ele>434</ele>
        <time>2024-08-14T21:29:12Z</time>
      </trkpt>
      <trkpt lat="47.359974" lon="8.56367">
        <ele>434</ele>
        <time>2024-08-14T21:39:12Z</time>
      </trkpt>
      <trkpt lat="47.359974" lon="8.56367">
        <ele>434</ele>
        <time>2024-08-14T21:49:12Z</time>
      </trkpt>
      <trkpt lat="47.359974" lon="8.56367">
        <ele>434</ele>
        <time>2024-08-14T21:59:12Z</time>
      </trkpt>
      <trkpt lat="47.359974" lon="8.56367">
        <ele>434</ele>
        <time>2024-08-14T22:09:12Z</time>
      </trkpt>
      <trkpt lat="47.359974" lon="8.56367">
        <ele>434</ele>
        <time>2024-08-14T22:19:12Z</time>
      </trkpt>
      <trkpt lat="47.359974" lon="8.56367">
        <ele>434</ele>
        <time>2024-08-14T22:29:12Z</time>
      </trkpt>
      <trkpt lat="47.359974" lon="8.56367">
        <ele>434</ele>
        <time>2024-08-14T22:39:12Z</time>
      </trkpt>
      <trkpt lat="47.359974" lon="8.56367">
        <ele>434</ele>
        <time>2024-08-14T22:49:12Z</time>
      </trkpt>
      <trkpt lat="47.359974" lon="8.56367">
        <ele>434</ele>
        <time>2024-08-14T22:59:12Z</time>
      </trkpt>
      <trkpt lat="47.359974" lon="8.56367">
        <ele>434</ele>
        <time>2024-08-14T23:09:12Z</time>
      </trkpt>
      <trkpt lat="47.359974" lon="8.56367">
        <ele>434</ele>
        <time>2024-08-14T23:19:12Z</time>
      </trkpt>
      <trkpt lat="47.359974" lon="8.56367">
        <ele>434</ele>
        <time>2024-08-14T23:29:12Z</time>
      </trkpt>
      <trkpt lat="47.359974" lon="8.56367">
        <ele>434</ele>
        <time>2024-08-14T23:39:12Z</time>
      </trkpt>
      <trkpt lat="47.359974" lon="8.56367">
        <ele>434</ele>
        <time>2024-08-14T23:49:12Z</time>
      </trkpt>
      <trkpt lat="47.359974" lon="8.56367">
        <ele>434</ele>
        <time>2024-08-14T23:59:12Z</time>
      </trkpt>
      <trkpt lat="47.359974" lon="8.56367">
        <ele>434</ele>
        <time>2024-08-15T00:09:12Z</time>
      </trkpt>
      <trkpt lat="47.359974" lon="8.56367">
        <ele>434</ele>
        <time>2024-08-15T00:19:12Z</time>
      </trkpt>
      <trkpt lat="47.359974" lon="8.56367">
        <ele>434</ele>
        <time>2024-08-15T00:29:12Z</time>
      </trkpt>
      <trkpt lat="47.359974" lon="8.56367">
        <ele>434</ele>
        <time>2024-08-15T00:39:12Z</time>
      </trkpt>
      <trkpt lat="47.359974" lon="8.56367">
        <ele>434</ele>
        <time>2024-08-15T00:49:12Z</time>
      </trkpt>
      <trkpt lat="47.359974" lon="8.56367">
        <ele>434</ele>
        <time>2024-08-15T00:59:12Z</time>
      </trkpt>
      <trkpt lat="47.359974" lon="8.56367">
        <ele>434</ele>
        <time>2024-08-15T01:09:12Z</time>
      </trkpt>
      <trkpt lat="47.359974" lon="8.56367">
        <ele>434</ele>
        <time>2024-08-15T01:19:12Z</time>
      </trkpt>
      <trkpt lat="47.359974" lon="8.56367">
        <ele>434</ele>
        <time>2024-08-15T01:29:12Z</time>
      </trkpt>
      <trkpt lat="47.359974" lon="8.56367">
        <ele>434</ele>
        <time>2024-08-15T01:39:12Z</time>
      </trkpt>
      <trkpt lat="47.359974" lon="8.56367">
        <ele>434</ele>
        <time>2024-08-15T01:49:12Z</time>
      </trkpt>
      <trkpt lat="47.359974" lon="8.56367">
        <ele>434</ele>
        <time>2024-08-15T01:59:12Z</time>
      </trkpt>
      <trkpt lat="47.359974" lon="8.56367">
        <ele>434</ele>
        <time>2024-08-15T02:09:12Z</time>
      </trkpt>
      <trkpt lat="47.359974" lon="8.56367">
        <ele>434</ele>
        <time>2024-08-15T02:19:12Z</time>
      </trkpt>
      <trkpt lat="47.359974" lon="8.56367">
        <ele>434</ele>
        <time>2024-08-15T02:29:12Z</time>
      </trkpt>
      <trkpt lat="47.359974" lon="8.56367">
        <ele>434</ele>
        <time>2024-08-15T02:39:12Z</time>
      </trkpt>
      <trkpt lat="47.359974" lon="8.56367">
        <ele>434</ele>
        <time>2024-08-15T02:49:12Z</time>
      </trkpt>
      <trkpt lat="47.359974" lon="8.56367">
        <ele>434</ele>
        <time>2024-08-15T02:59:12Z</time>
      </trkpt>
      <trkpt lat="47.359974" lon="8.56367">
        <ele>434</ele>
        <time>2024-08-15T03:09:12Z</time>
      </trkpt>
      <trkpt lat="47.359974" lon="8.56367">
        <ele>434</ele>
        <time>2024-08-15T03:19:12Z</time>
      </trkpt>
      <trkpt lat="47.359974" lon="8.56367">
        <ele>434</ele>
        <time>2024-08-15T03:29:12Z</time>
      </trkpt>
      <trkpt lat="47.359974" lon="8.56367">
        <ele>434</ele>
        <time>2024-08-15T03:39:12Z</time>
      </trkpt>
      <trkpt lat="47.359974" lon="8.56367">
        <ele>434</ele>
        <time>2024-08-15T03:49:12Z</time>
      </trkpt>
      <trkpt lat="47.359974" lon="8.56367">
        <ele>434</ele>
        <time>2024-08-15T03:59:12Z</time>
      </trkpt>
      <trkpt lat="47.359974" lon="8.56367">
        <ele>434</ele>
        <time>2024-08-15T04:09:12Z</time>
      </trkpt>
      <trkpt lat="47.359974" lon="8.56367">
        <ele>434</ele>
        <time>2024-08-15T04:19:12Z</time>
      </trkpt>
      <trkpt lat="47.359974" lon="8.56367">
        <ele>434</ele>
        <time>2024-08-15T04:29:12Z</time>
      </trkpt>
      <trkpt lat="47.359974" lon="8.56367">
        <ele>434</ele>
        <time>2024-08-15T04:39:12Z</time>
      </trkpt>
      <trkpt lat="47.359974" lon="8.56367">
        <ele>434</ele>
        <time>2024-08-15T04:49:12Z</time>
      </trkpt>
      <trkpt lat="47.359974" lon="8.56367">
        <ele>434</ele>
        <time>2024-08-15T04:59:12Z</time>
      </trkpt>
      <trkpt lat="47.359974" lon="8.56367">
        <ele>434</ele>
        <time>2024-08-15T05:09:12Z</time>
      </trkpt>
      <trkpt lat="47.359974" lon="8.56367">
        <ele>434</ele>
        <time>2024-08-15T05:18:09Z</time>
      </trkpt>
      <trkpt lat="47.359974" lon="8.56367">
        <ele>434</ele>
        <time>2024-08-15T05:33:09Z</time>
      </trkpt>
      <trkpt lat="47.35918" lon="8.563024">
        <ele>508</ele>
        <time>2024-08-15T06:43:00Z</time>
        <cmt>speed: 1.1</cmt>
      </trkpt>
      <trkpt lat="47.359255" lon="8.560801">
        <ele>443</ele>
        <time>2024-08-15T06:53:02Z</time>
        <cmt>speed: 1.1</cmt>
      </trkpt>
      <trkpt lat="47.358764" lon="8.560473">
        <ele>446</ele>
        <time>2024-08-15T07:02:54Z</time>
        <cmt>speed: 0.0</cmt>
      </trkpt>
      <trkpt lat="47.358764" lon="8.560473">
        <ele>446</ele>
        <time>2024-08-15T07:02:58Z</time>
      </trkpt>
      <trkpt lat="47.358363" lon="8.560445">
        <ele>462</ele>
        <time>2024-08-15T07:12:52Z</time>
        <cmt>speed: 0.4</cmt>
      </trkpt>
      <trkpt lat="47.358049" lon="8.560142">
        <ele>410</ele>
        <time>2024-08-15T07:22:50Z</time>
        <cmt>speed: 0.6</cmt>
      </trkpt>
      <trkpt lat="47.357808" lon="8.560448">
        <ele>425</ele>
        <time>2024-08-15T07:32:52Z</time>
        <cmt>speed: 0.7</cmt>
      </trkpt>
      <trkpt lat="47.357615" lon="8.561165">
        <ele>473</ele>
        <time>2024-08-15T07:42:50Z</time>
        <cmt>speed: 1.4</cmt>
      </trkpt>
      <trkpt lat="47.357883" lon="8.561145">
        <ele>486</ele>
        <time>2024-08-15T07:52:52Z</time>
        <cmt>speed: 0.5</cmt>
      </trkpt>
      <trkpt lat="47.357797" lon="8.560861">
        <ele>484</ele>
        <time>2024-08-15T08:27:11Z</time>
        <cmt>speed: 0.2</cmt>
      </trkpt>
      <trkpt lat="47.35784" lon="8.560764">
        <ele>427</ele>
        <time>2024-08-15T08:37:21Z</time>
        <cmt>speed: 1.0</cmt>
      </trkpt>
      <trkpt lat="47.35784" lon="8.560764">
        <ele>427</ele>
        <time>2024-08-15T08:42:43Z</time>
      </trkpt>
      <trkpt lat="47.357767" lon="8.560725">
        <ele>443</ele>
        <time>2024-08-15T08:47:39Z</time>
        <cmt>speed: 0.1</cmt>
      </trkpt>
      <trkpt lat="47.357767" lon="8.560725">
        <ele>443</ele>
        <time>2024-08-15T09:02:43Z</time>
      </trkpt>
      <trkpt lat="47.357824" lon="8.56097">
        <ele>455</ele>
        <time>2024-08-15T09:08:41Z</time>
        <cmt>speed: 0.2</cmt>
      </trkpt>
      <trkpt lat="47.357907" lon="8.560769">
        <ele>461</ele>
        <time>2024-08-15T09:18:42Z</time>
        <cmt>speed: 0.0</cmt>
      </trkpt>
      <trkpt lat="47.357796" lon="8.560883">
        <ele>468</ele>
        <time>2024-08-15T09:28:40Z</time>
        <cmt>speed: 0.2</cmt>
      </trkpt>
      <trkpt lat="47.35795" lon="8.560854">
        <ele>443</ele>
        <time>2024-08-15T09:38:46Z</time>
        <cmt>speed: 0.2</cmt>
      </trkpt>
      <trkpt lat="47.357645" lon="8.560746">
        <ele>466</ele>
        <time>2024-08-15T10:05:35Z</time>
        <cmt>speed: 0.6</cmt>
      </trkpt>
      <trkpt lat="47.358023" lon="8.560762">
        <ele>434</ele>
        <time>2024-08-15T10:15:34Z</time>
        <cmt>speed: 0.6</cmt>
      </trkpt>
      <trkpt lat="47.358023" lon="8.560762">
        <ele>434</ele>
        <time>2024-08-15T10:22:43Z</time>
      </trkpt>
      <trkpt lat="47.357695" lon="8.561235">
        <ele>476</ele>
        <time>2024-08-15T10:25:36Z</time>
        <cmt>speed: 0.3</cmt>
      </trkpt>
      <trkpt lat="47.357893" lon="8.561114">
        <ele>454</ele>
        <time>2024-08-15T10:35:55Z</time>
        <cmt>speed: 0.3</cmt>
      </trkpt>
      <trkpt lat="47.357694" lon="8.560819">
        <ele>421</ele>
        <time>2024-08-15T10:56:11Z</time>
        <cmt>speed: 1.1</cmt>
      </trkpt>
      <trkpt lat="47.357694" lon="8.560819">
        <ele>421</ele>
        <time>2024-08-15T11:02:43Z</time>
      </trkpt>
      <trkpt lat="47.357971" lon="8.56081">
        <ele>467</ele>
        <time>2024-08-15T11:05:38Z</time>
        <cmt>speed: 0.2</cmt>
      </trkpt>
      <trkpt lat="47.357767" lon="8.560847">
        <ele>466</ele>
        <time>2024-08-15T11:57:49Z</time>
        <cmt>speed: 0.1</cmt>
      </trkpt>
      <trkpt lat="47.357837" lon="8.560694">
        <ele>447</ele>
        <time>2024-08-15T12:23:46Z</time>
        <cmt>speed: 0.9</cmt>
      </trkpt>
      <trkpt lat="47.357829" lon="8.560936">
        <ele>455</ele>
        <time>2024-08-15T12:46:56Z</time>
        <cmt>speed: 0.1</cmt>
      </trkpt>
      <trkpt lat="47.357913" lon="8.561004">
        <ele>464</ele>
        <time>2024-08-15T13:18:55Z</time>
        <cmt>speed: 0.1</cmt>
      </trkpt>
      <trkpt lat="47.357913" lon="8.561004">
        <ele>464</ele>
        <time>2024-08-15T13:22:43Z</time>
      </trkpt>
      <trkpt lat="47.357864" lon="8.560704">
        <ele>484</ele>
        <time>2024-08-15T13:28:42Z</time>
        <cmt>speed: 0.2</cmt>
      </trkpt>
      <trkpt lat="47.357776" lon="8.560858">
        <ele>462</ele>
        <time>2024-08-15T13:38:55Z</time>
        <cmt>speed: 0.3</cmt>
      </trkpt>
      <trkpt lat="47.357776" lon="8.560858">
        <ele>462</ele>
        <time>2024-08-15T13:42:43Z</time>
      </trkpt>
      <trkpt lat="47.357927" lon="8.561051">
        <ele>489</ele>
        <time>2024-08-15T14:08:51Z</time>
        <cmt>speed: 0.6</cmt>
      </trkpt>
      <trkpt lat="47.357738" lon="8.560388">
        <ele>467</ele>
        <time>2024-08-15T14:18:45Z</time>
        <cmt>speed: 0.2</cmt>
      </trkpt>
      <trkpt lat="47.358547" lon="8.560281">
        <ele>434</ele>
        <time>2024-08-15T14:28:45Z</time>
        <cmt>speed: 0.3</cmt>
      </trkpt>
      <trkpt lat="47.358674" lon="8.560249">
        <ele>430</ele>
        <time>2024-08-15T14:38:45Z</time>
        <cmt>speed: 0.3</cmt>
      </trkpt>
      <trkpt lat="47.357342" lon="8.561887">
        <ele>436</ele>
        <time>2024-08-15T14:48:43Z</time>
        <cmt>speed: 4.2</cmt>
      </trkpt>
      <trkpt lat="47.357775" lon="8.563314">
        <ele>451</ele>
        <time>2024-08-15T14:58:42Z</time>
        <cmt>speed: 0.2</cmt>
      </trkpt>
      <trkpt lat="47.357775" lon="8.563314">
        <ele>451</ele>
        <time>2024-08-15T15:08:33Z</time>
      </trkpt>
      <trkpt lat="47.357591" lon="8.56355">
        <ele>443</ele>
        <time>2024-08-15T15:08:41Z</time>
        <cmt>speed: 0.0</cmt>
      </trkpt>
      <trkpt lat="47.357678" lon="8.563453">
        <ele>445</ele>
        <time>2024-08-15T15:18:42Z</time>
        <cmt>speed: 0.6</cmt>
      </trkpt>
      <trkpt lat="47.357678" lon="8.563453">
        <ele>445</ele>
        <time>2024-08-15T15:28:33Z</time>
      </trkpt>
      <trkpt lat="47.357625" lon="8.563542">
        <ele>455</ele>
        <time>2024-08-15T15:28:41Z</time>
        <cmt>speed: 0.0</cmt>
      </trkpt>
      <trkpt lat="47.357375" lon="8.563269">
        <ele>498</ele>
        <time>2024-08-15T15:38:42Z</time>
        <cmt>speed: 0.1</cmt>
      </trkpt>
      <trkpt lat="47.357375" lon="8.563269">
        <ele>498</ele>
        <time>2024-08-15T15:48:33Z</time>
      </trkpt>
      <trkpt lat="47.357582" lon="8.564025">
        <ele>446</ele>
        <time>2024-08-15T15:48:42Z</time>
        <cmt>speed: 0.4</cmt>
      </trkpt>
      <trkpt lat="47.357507" lon="8.563878">
        <ele>476</ele>
        <time>2024-08-15T15:58:40Z</time>
        <cmt>speed: 0.2</cmt>
      </trkpt>
      <trkpt lat="47.357715" lon="8.564127">
        <ele>447</ele>
        <time>2024-08-15T16:08:40Z</time>
        <cmt>speed: 0.1</cmt>
      </trkpt>
      <trkpt lat="47.358018" lon="8.56415">
        <ele>452</ele>
        <time>2024-08-15T16:18:41Z</time>
        <cmt>speed: 0.8</cmt>
      </trkpt>
      <trkpt lat="47.357154" lon="8.563713">
        <ele>458</ele>
        <time>2024-08-15T16:28:41Z</time>
        <cmt>speed: 0.3</cmt>
      </trkpt>
      <trkpt lat="47.357996" lon="8.562613">
        <ele>475</ele>
        <time>2024-08-15T16:38:46Z</time>
        <cmt>speed: 1.0</cmt>
      </trkpt>
      <trkpt lat="47.357996" lon="8.562613">
        <ele>475</ele>
        <time>2024-08-15T16:48:33Z</time>
      </trkpt>
      <trkpt lat="47.358122" lon="8.562416">
        <ele>456</ele>
        <time>2024-08-15T16:48:42Z</time>
        <cmt>speed: 6.6</cmt>
      </trkpt>
      <trkpt lat="47.358116" lon="8.562711">
        <ele>439</ele>
        <time>2024-08-15T16:58:47Z</time>
        <cmt>speed: 0.8</cmt>
      </trkpt>
      <trkpt lat="47.358116" lon="8.562711">
        <ele>439</ele>
        <time>2024-08-15T17:08:38Z</time>
      </trkpt>
      <trkpt lat="47.358" lon="8.562609">
        <ele>429</ele>
        <time>2024-08-15T17:08:47Z</time>
        <cmt>speed: 0.2</cmt>
      </trkpt>
      <trkpt lat="47.35817" lon="8.562625">
        <ele>443</ele>
        <time>2024-08-15T17:18:50Z</time>
        <cmt>speed: 1.6</cmt>
      </trkpt>
      <trkpt lat="47.357938" lon="8.561907">
        <ele>460</ele>
        <time>2024-08-15T17:28:42Z</time>
        <cmt>speed: 0.2</cmt>
      </trkpt>
      <trkpt lat="47.357926" lon="8.562261">
        <ele>470</ele>
        <time>2024-08-15T17:38:58Z</time>
        <cmt>speed: 0.1</cmt>
      </trkpt>
      <trkpt lat="47.357926" lon="8.562261">
        <ele>470</ele>
        <time>2024-08-15T17:48:33Z</time>
      </trkpt>
      <trkpt lat="47.358221" lon="8.561727">
        <ele>481</ele>
        <time>2024-08-15T17:48:42Z</time>
        <cmt>speed: 0.3</cmt>
      </trkpt>
      <trkpt lat="47.358259" lon="8.561941">
        <ele>437</ele>
        <time>2024-08-15T17:58:41Z</time>
        <cmt>speed: 0.2</cmt>
      </trkpt>
      <trkpt lat="47.358259" lon="8.561941">
        <ele>437</ele>
        <time>2024-08-15T18:08:32Z</time>
      </trkpt>
      <trkpt lat="47.358302" lon="8.562101">
        <ele>428</ele>
        <time>2024-08-15T18:08:41Z</time>
        <cmt>speed: 0.2</cmt>
      </trkpt>
      <trkpt lat="47.35815" lon="8.56186">
        <ele>446</ele>
        <time>2024-08-15T18:18:50Z</time>
        <cmt>speed: 0.1</cmt>
      </trkpt>
      <trkpt lat="47.35815" lon="8.56186">
        <ele>446</ele>
        <time>2024-08-15T18:22:43Z</time>
      </trkpt>
      <trkpt lat="47.358221" lon="8.561873">
        <ele>438</ele>
        <time>2024-08-15T18:28:42Z</time>
        <cmt>speed: 0.0</cmt>
      </trkpt>
      <trkpt lat="47.358016" lon="8.561967">
        <ele>439</ele>
        <time>2024-08-15T18:38:55Z</time>
        <cmt>speed: 1.7</cmt>
      </trkpt>
      <trkpt lat="47.358016" lon="8.561967">
        <ele>439</ele>
        <time>2024-08-15T18:48:53Z</time>
      </trkpt>
      <trkpt lat="47.358391" lon="8.561977">
        <ele>458</ele>
        <time>2024-08-15T18:49:02Z</time>
        <cmt>speed: 1.8</cmt>
      </trkpt>
      <trkpt lat="47.358361" lon="8.561844">
        <ele>469</ele>
        <time>2024-08-15T18:58:48Z</time>
        <cmt>speed: 0.1</cmt>
      </trkpt>
      <trkpt lat="47.358361" lon="8.561844">
        <ele>469</ele>
        <time>2024-08-15T19:02:43Z</time>
      </trkpt>
      <trkpt lat="47.358474" lon="8.561827">
        <ele>480</ele>
        <time>2024-08-15T19:08:50Z</time>
        <cmt>speed: 1.3</cmt>
      </trkpt>
      <trkpt lat="47.358602" lon="8.561085">
        <ele>452</ele>
        <time>2024-08-15T19:18:42Z</time>
        <cmt>speed: 0.2</cmt>
      </trkpt>
      <trkpt lat="47.359262" lon="8.561434">
        <ele>452</ele>
        <time>2024-08-15T19:28:43Z</time>
        <cmt>speed: 0.1</cmt>
      </trkpt>
      <trkpt lat="47.358975" lon="8.561024">
        <ele>441</ele>
        <time>2024-08-15T19:38:42Z</time>
        <cmt>speed: 1.5</cmt>
      </trkpt>
      <trkpt lat="47.358975" lon="8.561024">
        <ele>441</ele>
        <time>2024-08-15T19:42:43Z</time>
      </trkpt>
      <trkpt lat="47.358867" lon="8.560788">
        <ele>453</ele>
        <time>2024-08-15T19:48:41Z</time>
        <cmt>speed: 0.8</cmt>
      </trkpt>
      <trkpt lat="47.358391" lon="8.559774">
        <ele>496</ele>
        <time>2024-08-15T19:58:42Z</time>
        <cmt>speed: 2.1</cmt>
      </trkpt>
      <trkpt lat="47.358351" lon="8.560781">
        <ele>455</ele>
        <time>2024-08-15T20:08:42Z</time>
        <cmt>speed: 0.4</cmt>
      </trkpt>
      <trkpt lat="47.357609" lon="8.561197">
        <ele>465</ele>
        <time>2024-08-15T20:18:41Z</time>
        <cmt>speed: 1.2</cmt>
      </trkpt>
      <trkpt lat="47.357831" lon="8.560013">
        <ele>436</ele>
        <time>2024-08-15T20:38:44Z</time>
        <cmt>speed: 0.9</cmt>
      </trkpt>
      <trkpt lat="47.358762" lon="8.559053">
        <ele>429</ele>
        <time>2024-08-15T20:48:41Z</time>
        <cmt>speed: 0.2</cmt>
      </trkpt>
      <trkpt lat="47.359798" lon="8.55988">
        <ele>429</ele>
        <time>2024-08-15T20:58:48Z</time>
        <cmt>speed: 1.0</cmt>
      </trkpt>
      <trkpt lat="47.359953" lon="8.561504">
        <ele>448</ele>
        <time>2024-08-15T21:08:43Z</time>
        <cmt>speed: 0.1</cmt>
      </trkpt>
      <trkpt lat="47.358711" lon="8.56264">
        <ele>440</ele>
        <time>2024-08-15T21:18:41Z</time>
        <cmt>speed: 0.4</cmt>
      </trkpt>
      <trkpt lat="47.358711" lon="8.56264">
        <ele>440</ele>
        <time>2024-08-15T21:28:33Z</time>
      </trkpt>
      <trkpt lat="47.35875" lon="8.562488">
        <ele>429</ele>
        <time>2024-08-15T21:28:43Z</time>
        <cmt>speed: 0.0</cmt>
      </trkpt>
      <trkpt lat="47.358859" lon="8.562553">
        <ele>461</ele>
        <time>2024-08-15T21:38:43Z</time>
        <cmt>speed: 0.2</cmt>
      </trkpt>
      <trkpt lat="47.358859" lon="8.562553">
        <ele>461</ele>
        <time>2024-08-15T21:48:33Z</time>
      </trkpt>
      <trkpt lat="47.358673" lon="8.562658">
        <ele>427</ele>
        <time>2024-08-15T21:48:42Z</time>
        <cmt>speed: 0.8</cmt>
      </trkpt>
      <trkpt lat="47.358805" lon="8.562537">
        <ele>451</ele>
        <time>2024-08-15T21:58:42Z</time>
        <cmt>speed: 1.0</cmt>
      </trkpt>
      <trkpt lat="47.358805" lon="8.562537">
        <ele>451</ele>
        <time>2024-08-15T22:08:40Z</time>
      </trkpt>
      <trkpt lat="47.358758" lon="8.562517">
        <ele>436</ele>
        <time>2024-08-15T22:08:50Z</time>
        <cmt>speed: 0.0</cmt>
      </trkpt>
      <trkpt lat="47.359072" lon="8.56255">
        <ele>494</ele>
        <time>2024-08-15T22:19:02Z</time>
        <cmt>speed: 0.7</cmt>
      </trkpt>
      <trkpt lat="47.35872" lon="8.562534">
        <ele>439</ele>
        <time>2024-08-15T22:38:42Z</time>
        <cmt>speed: 0.2</cmt>
      </trkpt>
      <trkpt lat="47.35872" lon="8.562534">
        <ele>439</ele>
        <time>2024-08-15T22:48:32Z</time>
      </trkpt>
      <trkpt lat="47.358717" lon="8.5625">
        <ele>434</ele>
        <time>2024-08-15T22:48:42Z</time>
        <cmt>speed: 0.1</cmt>
      </trkpt>
      <trkpt lat="47.358798" lon="8.563965">
        <ele>461</ele>
        <time>2024-08-15T22:58:44Z</time>
        <cmt>speed: 0.5</cmt>
      </trkpt>
      <trkpt lat="47.358867" lon="8.56576">
        <ele>442</ele>
        <time>2024-08-15T23:08:43Z</time>
        <cmt>speed: 0.1</cmt>
      </trkpt>
      <trkpt lat="47.356804" lon="8.565921">
        <ele>468</ele>
        <time>2024-08-15T23:18:46Z</time>
        <cmt>speed: 1.7</cmt>
      </trkpt>
      <trkpt lat="47.356968" lon="8.565093">
        <ele>442</ele>
        <time>2024-08-15T23:28:41Z</time>
        <cmt>speed: 0.8</cmt>
      </trkpt>
      <trkpt lat="47.357389" lon="8.56541">
        <ele>485</ele>
        <time>2024-08-15T23:38:42Z</time>
        <cmt>speed: 0.1</cmt>
      </trkpt>
      <trkpt lat="47.357867" lon="8.565466">
        <ele>475</ele>
        <time>2024-08-15T23:48:41Z</time>
        <cmt>speed: 0.6</cmt>
      </trkpt>
      <trkpt lat="47.359033" lon="8.56425">
        <ele>475</ele>
        <time>2024-08-15T23:58:43Z</time>
        <cmt>speed: 4.5</cmt>
      </trkpt>
      <trkpt lat="47.358494" lon="8.562262">
        <ele>460</ele>
        <time>2024-08-16T00:08:44Z</time>
        <cmt>speed: 0.7</cmt>
      </trkpt>
      <trkpt lat="47.358004" lon="8.562165">
        <ele>450</ele>
        <time>2024-08-16T00:18:43Z</time>
        <cmt>speed: 0.6</cmt>
      </trkpt>
      <trkpt lat="47.356485" lon="8.562659">
        <ele>442</ele>
        <time>2024-08-16T00:28:44Z</time>
        <cmt>speed: 0.4</cmt>
      </trkpt>
      <trkpt lat="47.356185" lon="8.563068">
        <ele>442</ele>
        <time>2024-08-16T00:38:43Z</time>
        <cmt>speed: 0.9</cmt>
      </trkpt>
      <trkpt lat="47.356293" lon="8.562738">
        <ele>443</ele>
        <time>2024-08-16T00:48:43Z</time>
        <cmt>speed: 1.2</cmt>
      </trkpt>
      <trkpt lat="47.356596" lon="8.564241">
        <ele>465</ele>
        <time>2024-08-16T00:58:45Z</time>
        <cmt>speed: 1.3</cmt>
      </trkpt>
      <trkpt lat="47.3563" lon="8.566627">
        <ele>484</ele>
        <time>2024-08-16T01:08:46Z</time>
        <cmt>speed: 0.4</cmt>
      </trkpt>
      <trkpt lat="47.355688" lon="8.566822">
        <ele>484</ele>
        <time>2024-08-16T01:18:55Z</time>
        <cmt>speed: 0.4</cmt>
      </trkpt>
      <trkpt lat="47.355317" lon="8.56694">
        <ele>441</ele>
        <time>2024-08-16T01:28:45Z</time>
        <cmt>speed: 2.1</cmt>
      </trkpt>
      <trkpt lat="47.355625" lon="8.566805">
        <ele>504</ele>
        <time>2024-08-16T01:38:45Z</time>
        <cmt>speed: 0.1</cmt>
      </trkpt>
      <trkpt lat="47.355412" lon="8.566966">
        <ele>471</ele>
        <time>2024-08-16T01:48:44Z</time>
        <cmt>speed: 0.1</cmt>
      </trkpt>
      <trkpt lat="47.355311" lon="8.567021">
        <ele>489</ele>
        <time>2024-08-16T01:59:19Z</time>
        <cmt>speed: 0.4</cmt>
      </trkpt>
      <trkpt lat="47.355721" lon="8.567094">
        <ele>470</ele>
        <time>2024-08-16T02:08:48Z</time>
        <cmt>speed: 0.0</cmt>
      </trkpt>
      <trkpt lat="47.356087" lon="8.567426">
        <ele>514</ele>
        <time>2024-08-16T02:19:15Z</time>
        <cmt>speed: 0.4</cmt>
      </trkpt>
      <trkpt lat="47.355984" lon="8.567026">
        <ele>463</ele>
        <time>2024-08-16T02:28:44Z</time>
        <cmt>speed: 0.5</cmt>
      </trkpt>
      <trkpt lat="47.355984" lon="8.567026">
        <ele>463</ele>
        <time>2024-08-16T02:28:45Z</time>
      </trkpt>
      <trkpt lat="47.356291" lon="8.566643">
        <ele>439</ele>
        <time>2024-08-16T02:38:45Z</time>
        <cmt>speed: 0.3</cmt>
      </trkpt>
      <trkpt lat="47.356446" lon="8.564723">
        <ele>453</ele>
        <time>2024-08-16T02:48:45Z</time>
        <cmt>speed: 1.0</cmt>
      </trkpt>
      <trkpt lat="47.357823" lon="8.562956">
        <ele>438</ele>
        <time>2024-08-16T02:58:48Z</time>
        <cmt>speed: 0.2</cmt>
      </trkpt>
      <trkpt lat="47.359388" lon="8.56132">
        <ele>430</ele>
        <time>2024-08-16T03:08:47Z</time>
        <cmt>speed: 0.7</cmt>
      </trkpt>
      <trkpt lat="47.359197" lon="8.562795">
        <ele>434</ele>
        <time>2024-08-16T03:18:49Z</time>
        <cmt>speed: 0.8</cmt>
      </trkpt>
      <trkpt lat="47.358583" lon="8.563474">
        <ele>467</ele>
        <time>2024-08-16T03:28:42Z</time>
        <cmt>speed: 3.4</cmt>
      </trkpt>
      <trkpt lat="47.358583" lon="8.563474">
        <ele>467</ele>
        <time>2024-08-16T03:28:43Z</time>
      </trkpt>
      <trkpt lat="47.35839" lon="8.563429">
        <ele>454</ele>
        <time>2024-08-16T03:38:43Z</time>
        <cmt>speed: 0.2</cmt>
      </trkpt>
      <trkpt lat="47.358192" lon="8.563104">
        <ele>452</ele>
        <time>2024-08-16T03:48:55Z</time>
        <cmt>speed: 0.8</cmt>
      </trkpt>
      <trkpt lat="47.358192" lon="8.563104">
        <ele>452</ele>
        <time>2024-08-16T03:48:55Z</time>
      </trkpt>
      <trkpt lat="47.358164" lon="8.562951">
        <ele>467</ele>
        <time>2024-08-16T05:05:02Z</time>
        <cmt>speed: 1.8</cmt>
      </trkpt>
      <trkpt lat="47.358155" lon="8.562296">
        <ele>501</ele>
        <time>2024-08-16T05:14:59Z</time>
        <cmt>speed: 0.1</cmt>
      </trkpt>
      <trkpt lat="47.35819" lon="8.56293">
        <ele>400</ele>
        <time>2024-08-16T05:25:29Z</time>
        <cmt>speed: 0.2</cmt>
      </trkpt>
      <trkpt lat="47.357582" lon="8.560887">
        <ele>450</ele>
        <time>2024-08-16T05:35:06Z</time>
        <cmt>speed: 1.0</cmt>
      </trkpt>
      <trkpt lat="47.358151" lon="8.560549">
        <ele>456</ele>
        <time>2024-08-16T05:45:03Z</time>
        <cmt>speed: 0.7</cmt>
      </trkpt>
      <trkpt lat="47.358707" lon="8.560222">
        <ele>468</ele>
        <time>2024-08-16T05:55:02Z</time>
        <cmt>speed: 0.3</cmt>
      </trkpt>
      <trkpt lat="47.358301" lon="8.561229">
        <ele>442</ele>
        <time>2024-08-16T06:05:06Z</time>
        <cmt>speed: 0.4</cmt>
      </trkpt>
      <trkpt lat="47.358425" lon="8.559887">
        <ele>402</ele>
        <time>2024-08-16T06:15:00Z</time>
        <cmt>speed: 0.1</cmt>
      </trkpt>
      <trkpt lat="47.359152" lon="8.560453">
        <ele>468</ele>
        <time>2024-08-16T06:25:03Z</time>
        <cmt>speed: 9.5</cmt>
      </trkpt>
      <trkpt lat="47.358646" lon="8.560369">
        <ele>484</ele>
        <time>2024-08-16T06:45:18Z</time>
        <cmt>speed: 0.1</cmt>
      </trkpt>
      <trkpt lat="47.358646" lon="8.560369">
        <ele>484</ele>
        <time>2024-08-16T06:45:18Z</time>
      </trkpt>
      <trkpt lat="47.357773" lon="8.560342">
        <ele>475</ele>
        <time>2024-08-16T06:55:16Z</time>
        <cmt>speed: 1.3</cmt>
      </trkpt>
      <trkpt lat="47.358753" lon="8.560939">
        <ele>492</ele>
        <time>2024-08-16T07:04:59Z</time>
        <cmt>speed: 7.0</cmt>
      </trkpt>
      <trkpt lat="47.358753" lon="8.560939">
        <ele>492</ele>
        <time>2024-08-16T07:04:59Z</time>
      </trkpt>
      <trkpt lat="47.357758" lon="8.56155">
        <ele>476</ele>
        <time>2024-08-16T07:55:03Z</time>
        <cmt>speed: 19.1</cmt>
      </trkpt>
      <trkpt lat="47.35786" lon="8.560845">
        <ele>443</ele>
        <time>2024-08-16T09:04:11Z</time>
        <cmt>speed: 0.1</cmt>
      </trkpt>
      <trkpt lat="47.357762" lon="8.561046">
        <ele>461</ele>
        <time>2024-08-16T10:25:04Z</time>
        <cmt>speed: 9.5</cmt>
      </trkpt>
      <trkpt lat="47.357851" lon="8.560731">
        <ele>451</ele>
        <time>2024-08-16T10:35:02Z</time>
        <cmt>speed: 0.8</cmt>
      </trkpt>
      <trkpt lat="47.357851" lon="8.560731">
        <ele>451</ele>
        <time>2024-08-16T10:35:02Z</time>
      </trkpt>
      <trkpt lat="47.357847" lon="8.56102">
        <ele>464</ele>
        <time>2024-08-16T10:44:46Z</time>
        <cmt>speed: 0.9</cmt>
      </trkpt>
      <trkpt lat="47.357847" lon="8.56102">
        <ele>464</ele>
        <time>2024-08-16T10:53:54Z</time>
      </trkpt>
      <trkpt lat="47.35778" lon="8.5608">
        <ele>429</ele>
        <time>2024-08-16T10:58:29Z</time>
        <cmt>speed: 0.4</cmt>
      </trkpt>
      <trkpt lat="47.357611" lon="8.560795">
        <ele>490</ele>
        <time>2024-08-16T11:08:32Z</time>
        <cmt>speed: 0.2</cmt>
      </trkpt>
      <trkpt lat="47.357611" lon="8.560795">
        <ele>490</ele>
        <time>2024-08-16T11:13:54Z</time>
      </trkpt>
      <trkpt lat="47.357718" lon="8.560939">
        <ele>456</ele>
        <time>2024-08-16T11:19:37Z</time>
        <cmt>speed: 0.7</cmt>
      </trkpt>
      <trkpt lat="47.35781" lon="8.5608">
        <ele>458</ele>
        <time>2024-08-16T11:32:46Z</time>
        <cmt>speed: 1.0</cmt>
      </trkpt>
      <trkpt lat="47.357882" lon="8.560782">
        <ele>460</ele>
        <time>2024-08-16T11:42:46Z</time>
        <cmt>speed: 0.0</cmt>
      </trkpt>
      <trkpt lat="47.357882" lon="8.560782">
        <ele>460</ele>
        <time>2024-08-16T11:42:46Z</time>
      </trkpt>
      <trkpt lat="47.357861" lon="8.560863">
        <ele>458</ele>
        <time>2024-08-16T11:52:43Z</time>
        <cmt>speed: 0.0</cmt>
      </trkpt>
      <trkpt lat="47.358098" lon="8.560703">
        <ele>496</ele>
        <time>2024-08-16T12:02:43Z</time>
        <cmt>speed: 0.4</cmt>
      </trkpt>
      <trkpt lat="47.358098" lon="8.560703">
        <ele>496</ele>
        <time>2024-08-16T12:02:43Z</time>
      </trkpt>
      <trkpt lat="47.357887" lon="8.561033">
        <ele>451</ele>
        <time>2024-08-16T12:12:53Z</time>
        <cmt>speed: 0.7</cmt>
      </trkpt>
      <trkpt lat="47.357887" lon="8.561033">
        <ele>451</ele>
        <time>2024-08-16T12:13:54Z</time>
      </trkpt>
      <trkpt lat="47.357811" lon="8.561003">
        <ele>479</ele>
        <time>2024-08-16T12:22:49Z</time>
        <cmt>speed: 1.0</cmt>
      </trkpt>
      <trkpt lat="47.357772" lon="8.56064">
        <ele>452</ele>
        <time>2024-08-16T12:32:52Z</time>
        <cmt>speed: 0.1</cmt>
      </trkpt>
      <trkpt lat="47.357772" lon="8.56064">
        <ele>452</ele>
        <time>2024-08-16T12:33:54Z</time>
      </trkpt>
      <trkpt lat="47.357926" lon="8.561007">
        <ele>441</ele>
        <time>2024-08-16T14:11:24Z</time>
        <cmt>speed: 0.7</cmt>
      </trkpt>
      <trkpt lat="47.357926" lon="8.561007">
        <ele>441</ele>
        <time>2024-08-16T14:21:35Z</time>
      </trkpt>
      <trkpt lat="47.357919" lon="8.560851">
        <ele>442</ele>
        <time>2024-08-16T14:21:36Z</time>
        <cmt>speed: 0.4</cmt>
      </trkpt>
      <trkpt lat="47.357703" lon="8.561076">
        <ele>478</ele>
        <time>2024-08-16T15:11:36Z</time>
        <cmt>speed: 1.4</cmt>
      </trkpt>
      <trkpt lat="47.357768" lon="8.560752">
        <ele>459</ele>
        <time>2024-08-16T15:21:17Z</time>
        <cmt>speed: 0.3</cmt>
      </trkpt>
      <trkpt lat="47.357768" lon="8.560752">
        <ele>459</ele>
        <time>2024-08-16T15:21:17Z</time>
      </trkpt>
      <trkpt lat="47.35781" lon="8.560754">
        <ele>469</ele>
        <time>2024-08-16T15:50:43Z</time>
        <cmt>speed: 0.1</cmt>
      </trkpt>
      <trkpt lat="47.35768" lon="8.560802">
        <ele>428</ele>
        <time>2024-08-16T16:11:26Z</time>
        <cmt>speed: 0.8</cmt>
      </trkpt>
      <trkpt lat="47.35768" lon="8.560802">
        <ele>428</ele>
        <time>2024-08-16T16:13:54Z</time>
      </trkpt>
      <trkpt lat="47.357821" lon="8.560961">
        <ele>461</ele>
        <time>2024-08-16T16:41:14Z</time>
        <cmt>speed: 0.0</cmt>
      </trkpt>
      <trkpt lat="47.357953" lon="8.560912">
        <ele>451</ele>
        <time>2024-08-16T16:51:14Z</time>
        <cmt>speed: 0.5</cmt>
      </trkpt>
      <trkpt lat="47.357953" lon="8.560912">
        <ele>451</ele>
        <time>2024-08-16T17:01:05Z</time>
      </trkpt>
      <trkpt lat="47.357814" lon="8.561079">
        <ele>436</ele>
        <time>2024-08-16T17:01:06Z</time>
        <cmt>speed: 0.4</cmt>
      </trkpt>
      <trkpt lat="47.357821" lon="8.56065">
        <ele>450</ele>
        <time>2024-08-16T17:11:05Z</time>
        <cmt>speed: 0.0</cmt>
      </trkpt>
      <trkpt lat="47.357821" lon="8.56065">
        <ele>450</ele>
        <time>2024-08-16T17:21:04Z</time>
      </trkpt>
      <trkpt lat="47.35786" lon="8.560877">
        <ele>405</ele>
        <time>2024-08-16T17:21:05Z</time>
        <cmt>speed: 0.6</cmt>
      </trkpt>
      <trkpt lat="47.358325" lon="8.560617">
        <ele>508</ele>
        <time>2024-08-16T17:31:05Z</time>
        <cmt>speed: 0.0</cmt>
      </trkpt>
      <trkpt lat="47.358325" lon="8.560617">
        <ele>508</ele>
        <time>2024-08-16T17:41:05Z</time>
      </trkpt>
      <trkpt lat="47.358481" lon="8.561152">
        <ele>437</ele>
        <time>2024-08-16T17:41:06Z</time>
        <cmt>speed: 0.5</cmt>
      </trkpt>
      <trkpt lat="47.358539" lon="8.561054">
        <ele>451</ele>
        <time>2024-08-16T17:51:05Z</time>
        <cmt>speed: 0.2</cmt>
      </trkpt>
      <trkpt lat="47.358539" lon="8.561054">
        <ele>451</ele>
        <time>2024-08-16T18:01:09Z</time>
      </trkpt>
      <trkpt lat="47.358493" lon="8.561243">
        <ele>438</ele>
        <time>2024-08-16T18:01:10Z</time>
        <cmt>speed: 0.3</cmt>
      </trkpt>
      <trkpt lat="47.358321" lon="8.562016">
        <ele>457</ele>
        <time>2024-08-16T18:11:07Z</time>
        <cmt>speed: 1.5</cmt>
      </trkpt>
      <trkpt lat="47.358912" lon="8.561651">
        <ele>473</ele>
        <time>2024-08-16T18:21:10Z</time>
        <cmt>speed: 0.1</cmt>
      </trkpt>
      <trkpt lat="47.359974" lon="8.56367">
        <ele>434</ele>
        <time>2024-08-16T18:32:03Z</time>
      </trkpt>
      <trkpt lat="47.359974" lon="8.56367">
        <ele>434</ele>
        <time>2024-08-16T18:47:03Z</time>
      </trkpt>
      <trkpt lat="47.359974" lon="8.56367">
        <ele>434</ele>
        <time>2024-08-16T19:00:40Z</time>
      </trkpt>
      <trkpt lat="47.359974" lon="8.56367">
        <ele>434</ele>
        <time>2024-08-17T06:47:01Z</time>
      </trkpt>
      <trkpt lat="47.359974" lon="8.56367">
        <ele>434</ele>
        <time>2024-08-17T18:47:19Z</time>
      </trkpt>
      <trkpt lat="47.359674" lon="8.563954">
        <ele>444</ele>
        <time>2024-08-17T21:05:31Z</time>
        <cmt>speed: 0.4</cmt>
      </trkpt>
      <trkpt lat="47.359275" lon="8.561377">
        <ele>463</ele>
        <time>2024-08-17T21:15:03Z</time>
        <cmt>speed: 0.6</cmt>
      </trkpt>
      <trkpt lat="47.358022" lon="8.560745">
        <ele>427</ele>
        <time>2024-08-17T21:25:07Z</time>
        <cmt>speed: 0.2</cmt>
      </trkpt>
      <trkpt lat="47.358021" lon="8.560866">
        <ele>459</ele>
        <time>2024-08-17T21:35:02Z</time>
        <cmt>speed: 0.8</cmt>
      </trkpt>
      <trkpt lat="47.357863" lon="8.561158">
        <ele>447</ele>
        <time>2024-08-17T21:45:03Z</time>
        <cmt>speed: 0.2</cmt>
      </trkpt>
      <trkpt lat="47.358025" lon="8.560607">
        <ele>372</ele>
        <time>2024-08-17T21:55:02Z</time>
        <cmt>speed: 1.4</cmt>
      </trkpt>
      <trkpt lat="47.357829" lon="8.560871">
        <ele>421</ele>
        <time>2024-08-17T22:05:04Z</time>
        <cmt>speed: 0.1</cmt>
      </trkpt>
      <trkpt lat="47.357829" lon="8.560871">
        <ele>421</ele>
        <time>2024-08-17T22:14:56Z</time>
      </trkpt>
      <trkpt lat="47.357803" lon="8.560938">
        <ele>422</ele>
        <time>2024-08-17T22:15:02Z</time>
        <cmt>speed: 0.1</cmt>
      </trkpt>
      <trkpt lat="47.357706" lon="8.560666">
        <ele>444</ele>
        <time>2024-08-17T22:25:02Z</time>
        <cmt>speed: 1.1</cmt>
      </trkpt>
      <trkpt lat="47.358177" lon="8.560946">
        <ele>440</ele>
        <time>2024-08-17T22:35:03Z</time>
        <cmt>speed: 1.0</cmt>
      </trkpt>
      <trkpt lat="47.357439" lon="8.561947">
        <ele>411</ele>
        <time>2024-08-17T22:45:11Z</time>
        <cmt>speed: 0.5</cmt>
      </trkpt>
      <trkpt lat="47.358401" lon="8.562122">
        <ele>425</ele>
        <time>2024-08-17T22:55:00Z</time>
        <cmt>speed: 2.4</cmt>
      </trkpt>
      <trkpt lat="47.358629" lon="8.561907">
        <ele>474</ele>
        <time>2024-08-17T23:05:00Z</time>
        <cmt>speed: 0.3</cmt>
      </trkpt>
      <trkpt lat="47.359156" lon="8.561456">
        <ele>415</ele>
        <time>2024-08-17T23:15:02Z</time>
        <cmt>speed: 0.3</cmt>
      </trkpt>
      <trkpt lat="47.359507" lon="8.560847">
        <ele>455</ele>
        <time>2024-08-17T23:25:08Z</time>
        <cmt>speed: 1.9</cmt>
      </trkpt>
      <trkpt lat="47.360132" lon="8.561044">
        <ele>435</ele>
        <time>2024-08-17T23:35:01Z</time>
        <cmt>speed: 1.9</cmt>
      </trkpt>
      <trkpt lat="47.359644" lon="8.562368">
        <ele>418</ele>
        <time>2024-08-17T23:45:03Z</time>
        <cmt>speed: 1.1</cmt>
      </trkpt>
      <trkpt lat="47.358747" lon="8.564768">
        <ele>451</ele>
        <time>2024-08-17T23:55:02Z</time>
        <cmt>speed: 0.2</cmt>
      </trkpt>
      <trkpt lat="47.358321" lon="8.564956">
        <ele>456</ele>
        <time>2024-08-18T00:05:02Z</time>
        <cmt>speed: 0.6</cmt>
      </trkpt>
      <trkpt lat="47.358071" lon="8.563798">
        <ele>460</ele>
        <time>2024-08-18T00:15:00Z</time>
        <cmt>speed: 0.7</cmt>
      </trkpt>
      <trkpt lat="47.357906" lon="8.563856">
        <ele>448</ele>
        <time>2024-08-18T00:25:01Z</time>
        <cmt>speed: 0.2</cmt>
      </trkpt>
      <trkpt lat="47.357906" lon="8.563856">
        <ele>448</ele>
        <time>2024-08-18T00:34:55Z</time>
      </trkpt>
      <trkpt lat="47.357534" lon="8.563699">
        <ele>462</ele>
        <time>2024-08-18T00:35:01Z</time>
        <cmt>speed: 0.5</cmt>
      </trkpt>
      <trkpt lat="47.357439" lon="8.563618">
        <ele>487</ele>
        <time>2024-08-18T00:45:00Z</time>
        <cmt>speed: 0.4</cmt>
      </trkpt>
      <trkpt lat="47.357439" lon="8.563618">
        <ele>487</ele>
        <time>2024-08-18T00:54:55Z</time>
      </trkpt>
      <trkpt lat="47.357403" lon="8.5637">
        <ele>442</ele>
        <time>2024-08-18T00:55:00Z</time>
        <cmt>speed: 0.1</cmt>
      </trkpt>
      <trkpt lat="47.357326" lon="8.563825">
        <ele>466</ele>
        <time>2024-08-18T01:05:01Z</time>
        <cmt>speed: 0.4</cmt>
      </trkpt>
      <trkpt lat="47.357326" lon="8.563825">
        <ele>466</ele>
        <time>2024-08-18T01:14:55Z</time>
      </trkpt>
      <trkpt lat="47.35744" lon="8.564636">
        <ele>449</ele>
        <time>2024-08-18T01:15:01Z</time>
        <cmt>speed: 0.0</cmt>
      </trkpt>
      <trkpt lat="47.357643" lon="8.564945">
        <ele>466</ele>
        <time>2024-08-18T01:25:01Z</time>
        <cmt>speed: 1.7</cmt>
      </trkpt>
      <trkpt lat="47.357587" lon="8.564833">
        <ele>461</ele>
        <time>2024-08-18T01:35:02Z</time>
        <cmt>speed: 0.1</cmt>
      </trkpt>
      <trkpt lat="47.357642" lon="8.564888">
        <ele>469</ele>
        <time>2024-08-18T01:45:01Z</time>
        <cmt>speed: 0.2</cmt>
      </trkpt>
      <trkpt lat="47.358006" lon="8.565422">
        <ele>455</ele>
        <time>2024-08-18T01:55:02Z</time>
        <cmt>speed: 1.7</cmt>
      </trkpt>
      <trkpt lat="47.360042" lon="8.561726">
        <ele>428</ele>
        <time>2024-08-18T02:05:02Z</time>
        <cmt>speed: 0.8</cmt>
      </trkpt>
      <trkpt lat="47.360231" lon="8.561051">
        <ele>457</ele>
        <time>2024-08-18T02:15:03Z</time>
        <cmt>speed: 0.7</cmt>
      </trkpt>
      <trkpt lat="47.358769" lon="8.561028">
        <ele>415</ele>
        <time>2024-08-18T02:25:02Z</time>
        <cmt>speed: 0.5</cmt>
      </trkpt>
      <trkpt lat="47.357872" lon="8.560533">
        <ele>470</ele>
        <time>2024-08-18T02:35:01Z</time>
        <cmt>speed: 0.6</cmt>
      </trkpt>
      <trkpt lat="47.358266" lon="8.560626">
        <ele>423</ele>
        <time>2024-08-18T02:45:04Z</time>
        <cmt>speed: 0.3</cmt>
      </trkpt>
      <trkpt lat="47.359535" lon="8.560913">
        <ele>433</ele>
        <time>2024-08-18T02:55:05Z</time>
        <cmt>speed: 0.3</cmt>
      </trkpt>
      <trkpt lat="47.359469" lon="8.560866">
        <ele>482</ele>
        <time>2024-08-18T03:05:04Z</time>
        <cmt>speed: 0.9</cmt>
      </trkpt>
      <trkpt lat="47.359392" lon="8.561048">
        <ele>445</ele>
        <time>2024-08-18T03:15:05Z</time>
        <cmt>speed: 0.2</cmt>
      </trkpt>
      <trkpt lat="47.358775" lon="8.560185">
        <ele>455</ele>
        <time>2024-08-18T03:25:02Z</time>
        <cmt>speed: 0.5</cmt>
      </trkpt>
      <trkpt lat="47.359207" lon="8.56049">
        <ele>442</ele>
        <time>2024-08-18T03:35:03Z</time>
        <cmt>speed: 0.5</cmt>
      </trkpt>
      <trkpt lat="47.359196" lon="8.560468">
        <ele>407</ele>
        <time>2024-08-18T03:45:02Z</time>
        <cmt>speed: 0.2</cmt>
      </trkpt>
      <trkpt lat="47.359196" lon="8.560468">
        <ele>407</ele>
        <time>2024-08-18T03:46:25Z</time>
      </trkpt>
      <trkpt lat="47.359173" lon="8.5607">
        <ele>461</ele>
        <time>2024-08-18T03:55:02Z</time>
        <cmt>speed: 0.7</cmt>
      </trkpt>
      <trkpt lat="47.359062" lon="8.560598">
        <ele>465</ele>
        <time>2024-08-18T04:05:03Z</time>
        <cmt>speed: 0.7</cmt>
      </trkpt>
      <trkpt lat="47.359062" lon="8.560598">
        <ele>465</ele>
        <time>2024-08-18T04:06:25Z</time>
      </trkpt>
      <trkpt lat="47.359149" lon="8.560557">
        <ele>441</ele>
        <time>2024-08-18T04:15:01Z</time>
        <cmt>speed: 0.0</cmt>
      </trkpt>
      <trkpt lat="47.359149" lon="8.560557">
        <ele>441</ele>
        <time>2024-08-18T04:26:25Z</time>
      </trkpt>
      <trkpt lat="47.359185" lon="8.560589">
        <ele>456</ele>
        <time>2024-08-18T04:27:29Z</time>
        <cmt>speed: 0.1</cmt>
      </trkpt>
      <trkpt lat="47.359208" lon="8.560453">
        <ele>473</ele>
        <time>2024-08-18T04:37:31Z</time>
        <cmt>speed: 0.0</cmt>
      </trkpt>
      <trkpt lat="47.359208" lon="8.560453">
        <ele>473</ele>
        <time>2024-08-18T04:47:30Z</time>
      </trkpt>
      <trkpt lat="47.359133" lon="8.560622">
        <ele>471</ele>
        <time>2024-08-18T04:47:36Z</time>
        <cmt>speed: 0.1</cmt>
      </trkpt>
      <trkpt lat="47.358971" lon="8.560366">
        <ele>495</ele>
        <time>2024-08-18T04:57:38Z</time>
        <cmt>speed: 0.0</cmt>
      </trkpt>
      <trkpt lat="47.359322" lon="8.561083">
        <ele>426</ele>
        <time>2024-08-18T05:27:32Z</time>
        <cmt>speed: 0.6</cmt>
      </trkpt>
      <trkpt lat="47.359736" lon="8.563599">
        <ele>454</ele>
        <time>2024-08-18T05:37:34Z</time>
        <cmt>speed: 1.5</cmt>
      </trkpt>
      <trkpt lat="47.359974" lon="8.56367">
        <ele>434</ele>
        <time>2024-08-18T05:38:03Z</time>
      </trkpt>
      <trkpt lat="47.359974" lon="8.56367">
        <ele>434</ele>
        <time>2024-08-18T05:53:03Z</time>
      </trkpt>
      <trkpt lat="47.359974" lon="8.56367">
        <ele>434</ele>
        <time>2024-08-18T06:30:13Z</time>
      </trkpt>
      <trkpt lat="47.358699" lon="8.561328">
        <ele>436</ele>
        <time>2024-08-18T06:50:23Z</time>
        <cmt>speed: 0.7</cmt>
      </trkpt>
      <trkpt lat="47.358641" lon="8.560949">
        <ele>431</ele>
        <time>2024-08-18T07:00:24Z</time>
        <cmt>speed: 0.1</cmt>
      </trkpt>
      <trkpt lat="47.358641" lon="8.560949">
        <ele>431</ele>
        <time>2024-08-18T07:10:18Z</time>
      </trkpt>
      <trkpt lat="47.358404" lon="8.561008">
        <ele>420</ele>
        <time>2024-08-18T07:10:25Z</time>
        <cmt>speed: 0.0</cmt>
      </trkpt>
      <trkpt lat="47.358355" lon="8.561039">
        <ele>412</ele>
        <time>2024-08-18T07:20:26Z</time>
        <cmt>speed: 0.3</cmt>
      </trkpt>
      <trkpt lat="47.358355" lon="8.561039">
        <ele>412</ele>
        <time>2024-08-18T07:30:16Z</time>
      </trkpt>
      <trkpt lat="47.358556" lon="8.561222">
        <ele>458</ele>
        <time>2024-08-18T07:41:55Z</time>
        <cmt>speed: 0.2</cmt>
      </trkpt>
      <trkpt lat="47.358556" lon="8.561222">
        <ele>458</ele>
        <time>2024-08-18T07:51:39Z</time>
      </trkpt>
      <trkpt lat="47.358391" lon="8.561077">
        <ele>457</ele>
        <time>2024-08-18T07:51:46Z</time>
        <cmt>speed: 0.7</cmt>
      </trkpt>
      <trkpt lat="47.358526" lon="8.561134">
        <ele>439</ele>
        <time>2024-08-18T08:01:40Z</time>
        <cmt>speed: 1.3</cmt>
      </trkpt>
      <trkpt lat="47.358526" lon="8.561134">
        <ele>439</ele>
        <time>2024-08-18T08:11:34Z</time>
      </trkpt>
      <trkpt lat="47.358521" lon="8.560986">
        <ele>417</ele>
        <time>2024-08-18T08:11:41Z</time>
        <cmt>speed: 0.1</cmt>
      </trkpt>
      <trkpt lat="47.358556" lon="8.56119">
        <ele>422</ele>
        <time>2024-08-18T08:21:40Z</time>
        <cmt>speed: 0.1</cmt>
      </trkpt>
      <trkpt lat="47.358705" lon="8.560679">
        <ele>397</ele>
        <time>2024-08-18T08:41:46Z</time>
        <cmt>speed: 0.0</cmt>
      </trkpt>
      <trkpt lat="47.358705" lon="8.560679">
        <ele>397</ele>
        <time>2024-08-18T08:51:42Z</time>
      </trkpt>
      <trkpt lat="47.358642" lon="8.560591">
        <ele>412</ele>
        <time>2024-08-18T08:51:49Z</time>
        <cmt>speed: 0.4</cmt>
      </trkpt>
      <trkpt lat="47.358681" lon="8.560915">
        <ele>430</ele>
        <time>2024-08-18T09:01:41Z</time>
        <cmt>speed: 0.0</cmt>
      </trkpt>
      <trkpt lat="47.358954" lon="8.56104">
        <ele>436</ele>
        <time>2024-08-18T09:11:39Z</time>
        <cmt>speed: 0.3</cmt>
      </trkpt>
      <trkpt lat="47.359974" lon="8.56367">
        <ele>434</ele>
        <time>2024-08-18T09:20:43Z</time>
      </trkpt>
      <trkpt lat="47.359974" lon="8.56367">
        <ele>434</ele>
        <time>2024-08-18T09:35:43Z</time>
      </trkpt>
      <trkpt lat="47.360264" lon="8.56329">
        <ele>418</ele>
        <time>2024-08-18T15:03:41Z</time>
        <cmt>speed: 0.4</cmt>
      </trkpt>
      <trkpt lat="47.359974" lon="8.56367">
        <ele>434</ele>
        <time>2024-08-18T15:13:25Z</time>
      </trkpt>
      <trkpt lat="47.35999" lon="8.563399">
        <ele>453</ele>
        <time>2024-08-18T15:15:23Z</time>
        <cmt>speed: 0.2</cmt>
      </trkpt>
      <trkpt lat="47.359974" lon="8.56367">
        <ele>434</ele>
        <time>2024-08-18T15:17:41Z</time>
      </trkpt>
      <trkpt lat="47.359576" lon="8.563617">
        <ele>434</ele>
        <time>2024-08-18T15:25:29Z</time>
        <cmt>speed: 0.6</cmt>
      </trkpt>
      <trkpt lat="47.359959" lon="8.563643">
        <ele>434</ele>
        <time>2024-08-18T15:26:05Z</time>
      </trkpt>
      <trkpt lat="47.359709" lon="8.563563">
        <ele>418</ele>
        <time>2024-08-18T15:35:23Z</time>
        <cmt>speed: 0.5</cmt>
      </trkpt>
      <trkpt lat="47.359974" lon="8.56367">
        <ele>434</ele>
        <time>2024-08-18T15:35:51Z</time>
      </trkpt>
      <trkpt lat="47.359974" lon="8.56367">
        <ele>434</ele>
        <time>2024-08-18T15:50:51Z</time>
      </trkpt>
      <trkpt lat="47.359821" lon="8.564057">
        <ele>442</ele>
        <time>2024-08-18T20:39:20Z</time>
        <cmt>speed: 1.1</cmt>
      </trkpt>
      <trkpt lat="47.359369" lon="8.564603">
        <ele>448</ele>
        <time>2024-08-18T20:49:12Z</time>
        <cmt>speed: 0.7</cmt>
      </trkpt>
      <trkpt lat="47.358903" lon="8.565662">
        <ele>443</ele>
        <time>2024-08-18T20:59:12Z</time>
        <cmt>speed: 0.1</cmt>
      </trkpt>
      <trkpt lat="47.358609" lon="8.565471">
        <ele>447</ele>
        <time>2024-08-18T21:09:12Z</time>
        <cmt>speed: 0.6</cmt>
      </trkpt>
      <trkpt lat="47.358931" lon="8.56548">
        <ele>424</ele>
        <time>2024-08-18T21:19:10Z</time>
        <cmt>speed: 0.5</cmt>
      </trkpt>
      <trkpt lat="47.35888" lon="8.565979">
        <ele>434</ele>
        <time>2024-08-18T21:29:09Z</time>
        <cmt>speed: 0.8</cmt>
      </trkpt>
      <trkpt lat="47.35888" lon="8.565979">
        <ele>434</ele>
        <time>2024-08-18T21:39:01Z</time>
      </trkpt>
      <trkpt lat="47.358844" lon="8.566162">
        <ele>437</ele>
        <time>2024-08-18T21:39:10Z</time>
        <cmt>speed: 1.3</cmt>
      </trkpt>
      <trkpt lat="47.358855" lon="8.566109">
        <ele>419</ele>
        <time>2024-08-18T21:49:10Z</time>
        <cmt>speed: 1.8</cmt>
      </trkpt>
      <trkpt lat="47.358725" lon="8.566116">
        <ele>421</ele>
        <time>2024-08-18T21:59:13Z</time>
        <cmt>speed: 0.5</cmt>
      </trkpt>
      <trkpt lat="47.358888" lon="8.565455">
        <ele>441</ele>
        <time>2024-08-18T22:09:57Z</time>
        <cmt>speed: 6.1</cmt>
      </trkpt>
      <trkpt lat="47.358765" lon="8.565443">
        <ele>448</ele>
        <time>2024-08-18T22:49:11Z</time>
        <cmt>speed: 0.1</cmt>
      </trkpt>
      <trkpt lat="47.358765" lon="8.565443">
        <ele>448</ele>
        <time>2024-08-18T22:59:01Z</time>
      </trkpt>
      <trkpt lat="47.358742" lon="8.565645">
        <ele>442</ele>
        <time>2024-08-18T22:59:11Z</time>
        <cmt>speed: 0.6</cmt>
      </trkpt>
      <trkpt lat="47.358775" lon="8.565681">
        <ele>443</ele>
        <time>2024-08-18T23:09:11Z</time>
        <cmt>speed: 1.4</cmt>
      </trkpt>
      <trkpt lat="47.358528" lon="8.565873">
        <ele>432</ele>
        <time>2024-08-18T23:19:12Z</time>
        <cmt>speed: 0.4</cmt>
      </trkpt>
      <trkpt lat="47.35962" lon="8.563732">
        <ele>427</ele>
        <time>2024-08-18T23:29:13Z</time>
        <cmt>speed: 0.1</cmt>
      </trkpt>
      <trkpt lat="47.359974" lon="8.56367">
        <ele>434</ele>
        <time>2024-08-18T23:31:17Z</time>
      </trkpt>
      <trkpt lat="47.359974" lon="8.56367">
        <ele>434</ele>
        <time>2024-08-18T23:46:17Z</time>
      </trkpt>
      <trkpt lat="47.359974" lon="8.56367">
        <ele>434</ele>
        <time>2024-08-19T03:11:23Z</time>
      </trkpt>
      <trkpt lat="47.359776" lon="8.56403">
        <ele>418</ele>
        <time>2024-08-19T03:11:59Z</time>
        <cmt>speed: 3.8</cmt>
      </trkpt>
      <trkpt lat="47.359535" lon="8.563855">
        <ele>433</ele>
        <time>2024-08-19T03:21:46Z</time>
        <cmt>speed: 0.3</cmt>
      </trkpt>
      <trkpt lat="47.358911" lon="8.564095">
        <ele>425</ele>
        <time>2024-08-19T03:31:35Z</time>
        <cmt>speed: 0.4</cmt>
      </trkpt>
      <trkpt lat="47.358839" lon="8.565824">
        <ele>407</ele>
        <time>2024-08-19T03:41:36Z</time>
        <cmt>speed: 1.1</cmt>
      </trkpt>
      <trkpt lat="47.358453" lon="8.56584">
        <ele>386</ele>
        <time>2024-08-19T03:51:35Z</time>
        <cmt>speed: 1.1</cmt>
      </trkpt>
      <trkpt lat="47.357729" lon="8.564793">
        <ele>487</ele>
        <time>2024-08-19T04:01:36Z</time>
        <cmt>speed: 0.3</cmt>
      </trkpt>
      <trkpt lat="47.357729" lon="8.564793">
        <ele>487</ele>
        <time>2024-08-19T04:11:27Z</time>
      </trkpt>
      <trkpt lat="47.35769" lon="8.565041">
        <ele>466</ele>
        <time>2024-08-19T04:11:37Z</time>
        <cmt>speed: 0.1</cmt>
      </trkpt>
      <trkpt lat="47.357423" lon="8.564823">
        <ele>485</ele>
        <time>2024-08-19T04:21:35Z</time>
        <cmt>speed: 1.2</cmt>
      </trkpt>
      <trkpt lat="47.357311" lon="8.565174">
        <ele>515</ele>
        <time>2024-08-19T04:31:35Z</time>
        <cmt>speed: 0.2</cmt>
      </trkpt>
      <trkpt lat="47.357293" lon="8.564608">
        <ele>459</ele>
        <time>2024-08-19T04:41:36Z</time>
        <cmt>speed: 0.1</cmt>
      </trkpt>
      <trkpt lat="47.357293" lon="8.564608">
        <ele>459</ele>
        <time>2024-08-19T04:51:25Z</time>
      </trkpt>
      <trkpt lat="47.357301" lon="8.563817">
        <ele>482</ele>
        <time>2024-08-19T04:51:35Z</time>
        <cmt>speed: 0.2</cmt>
      </trkpt>
      <trkpt lat="47.357597" lon="8.563664">
        <ele>461</ele>
        <time>2024-08-19T05:01:35Z</time>
        <cmt>speed: 1.2</cmt>
      </trkpt>
      <trkpt lat="47.357589" lon="8.563634">
        <ele>458</ele>
        <time>2024-08-19T05:11:36Z</time>
        <cmt>speed: 0.5</cmt>
      </trkpt>
      <trkpt lat="47.357596" lon="8.56404">
        <ele>432</ele>
        <time>2024-08-19T05:21:40Z</time>
        <cmt>speed: 0.3</cmt>
      </trkpt>
      <trkpt lat="47.357596" lon="8.56404">
        <ele>432</ele>
        <time>2024-08-19T05:31:26Z</time>
      </trkpt>
      <trkpt lat="47.357579" lon="8.563605">
        <ele>465</ele>
        <time>2024-08-19T05:31:36Z</time>
        <cmt>speed: 0.4</cmt>
      </trkpt>
      <trkpt lat="47.357685" lon="8.564032">
        <ele>418</ele>
        <time>2024-08-19T05:41:38Z</time>
        <cmt>speed: 0.0</cmt>
      </trkpt>
      <trkpt lat="47.35774" lon="8.563832">
        <ele>421</ele>
        <time>2024-08-19T06:01:37Z</time>
        <cmt>speed: 0.0</cmt>
      </trkpt>
      <trkpt lat="47.357706" lon="8.56381">
        <ele>454</ele>
        <time>2024-08-19T06:11:36Z</time>
        <cmt>speed: 0.5</cmt>
      </trkpt>
      <trkpt lat="47.357409" lon="8.563926">
        <ele>450</ele>
        <time>2024-08-19T06:21:35Z</time>
        <cmt>speed: 0.0</cmt>
      </trkpt>
      <trkpt lat="47.357394" lon="8.564054">
        <ele>447</ele>
        <time>2024-08-19T06:31:37Z</time>
        <cmt>speed: 0.2</cmt>
      </trkpt>
      <trkpt lat="47.357879" lon="8.564111">
        <ele>447</ele>
        <time>2024-08-19T06:41:38Z</time>
        <cmt>speed: 0.2</cmt>
      </trkpt>
      <trkpt lat="47.357737" lon="8.564187">
        <ele>469</ele>
        <time>2024-08-19T06:51:36Z</time>
        <cmt>speed: 0.3</cmt>
      </trkpt>
      <trkpt lat="47.357737" lon="8.564187">
        <ele>469</ele>
        <time>2024-08-19T06:51:37Z</time>
      </trkpt>
      <trkpt lat="47.357676" lon="8.564364">
        <ele>456</ele>
        <time>2024-08-19T07:01:37Z</time>
        <cmt>speed: 0.0</cmt>
      </trkpt>
      <trkpt lat="47.357583" lon="8.564893">
        <ele>431</ele>
        <time>2024-08-19T07:11:36Z</time>
        <cmt>speed: 0.0</cmt>
      </trkpt>
      <trkpt lat="47.357583" lon="8.564893">
        <ele>431</ele>
        <time>2024-08-19T07:11:36Z</time>
      </trkpt>
      <trkpt lat="47.358175" lon="8.565308">
        <ele>485</ele>
        <time>2024-08-19T07:21:37Z</time>
        <cmt>speed: 0.3</cmt>
      </trkpt>
      <trkpt lat="47.358248" lon="8.565261">
        <ele>465</ele>
        <time>2024-08-19T07:31:37Z</time>
        <cmt>speed: 0.4</cmt>
      </trkpt>
      <trkpt lat="47.358273" lon="8.564397">
        <ele>462</ele>
        <time>2024-08-19T07:41:36Z</time>
        <cmt>speed: 0.3</cmt>
      </trkpt>
      <trkpt lat="47.358313" lon="8.561949">
        <ele>438</ele>
        <time>2024-08-19T07:51:38Z</time>
        <cmt>speed: 1.0</cmt>
      </trkpt>
      <trkpt lat="47.359277" lon="8.559387">
        <ele>446</ele>
        <time>2024-08-19T08:01:41Z</time>
        <cmt>speed: 0.5</cmt>
      </trkpt>
      <trkpt lat="47.357861" lon="8.560113">
        <ele>455</ele>
        <time>2024-08-19T08:11:40Z</time>
        <cmt>speed: 1.7</cmt>
      </trkpt>
      <trkpt lat="47.357556" lon="8.560211">
        <ele>448</ele>
        <time>2024-08-19T08:21:43Z</time>
        <cmt>speed: 0.0</cmt>
      </trkpt>
      <trkpt lat="47.357953" lon="8.560468">
        <ele>448</ele>
        <time>2024-08-19T08:31:43Z</time>
        <cmt>speed: 0.5</cmt>
      </trkpt>
      <trkpt lat="47.357953" lon="8.560468">
        <ele>448</ele>
        <time>2024-08-19T08:31:43Z</time>
      </trkpt>
      <trkpt lat="47.357712" lon="8.560759">
        <ele>413</ele>
        <time>2024-08-19T08:41:38Z</time>
        <cmt>speed: 0.4</cmt>
      </trkpt>
      <trkpt lat="47.358125" lon="8.560185">
        <ele>445</ele>
        <time>2024-08-19T08:51:37Z</time>
        <cmt>speed: 0.4</cmt>
      </trkpt>
      <trkpt lat="47.358177" lon="8.56039">
        <ele>438</ele>
        <time>2024-08-19T09:01:37Z</time>
        <cmt>speed: 0.5</cmt>
      </trkpt>
      <trkpt lat="47.358212" lon="8.560412">
        <ele>440</ele>
        <time>2024-08-19T09:11:37Z</time>
        <cmt>speed: 0.3</cmt>
      </trkpt>
      <trkpt lat="47.358212" lon="8.560412">
        <ele>440</ele>
        <time>2024-08-19T09:11:37Z</time>
      </trkpt>
      <trkpt lat="47.35743" lon="8.560435">
        <ele>455</ele>
        <time>2024-08-19T09:21:36Z</time>
        <cmt>speed: 0.4</cmt>
      </trkpt>
      <trkpt lat="47.357901" lon="8.559516">
        <ele>460</ele>
        <time>2024-08-19T09:31:53Z</time>
        <cmt>speed: 0.4</cmt>
      </trkpt>
      <trkpt lat="47.35838" lon="8.560906">
        <ele>424</ele>
        <time>2024-08-19T09:41:36Z</time>
        <cmt>speed: 1.5</cmt>
      </trkpt>
      <trkpt lat="47.358526" lon="8.561138">
        <ele>456</ele>
        <time>2024-08-19T09:51:38Z</time>
        <cmt>speed: 0.0</cmt>
      </trkpt>
      <trkpt lat="47.358488" lon="8.561117">
        <ele>449</ele>
        <time>2024-08-19T10:01:39Z</time>
        <cmt>speed: 0.0</cmt>
      </trkpt>
      <trkpt lat="47.358363" lon="8.560843">
        <ele>451</ele>
        <time>2024-08-19T10:12:20Z</time>
        <cmt>speed: 0.1</cmt>
      </trkpt>
      <trkpt lat="47.358363" lon="8.560843">
        <ele>451</ele>
        <time>2024-08-19T10:12:20Z</time>
      </trkpt>
      <trkpt lat="47.358504" lon="8.56121">
        <ele>475</ele>
        <time>2024-08-19T10:21:44Z</time>
        <cmt>speed: 0.0</cmt>
      </trkpt>
      <trkpt lat="47.358542" lon="8.560898">
        <ele>452</ele>
        <time>2024-08-19T10:32:16Z</time>
        <cmt>speed: 0.1</cmt>
      </trkpt>
      <trkpt lat="47.358542" lon="8.560898">
        <ele>452</ele>
        <time>2024-08-19T10:32:16Z</time>
      </trkpt>
      <trkpt lat="47.358535" lon="8.561161">
        <ele>439</ele>
        <time>2024-08-19T10:44:11Z</time>
        <cmt>speed: 0.2</cmt>
      </trkpt>
      <trkpt lat="47.358535" lon="8.561161">
        <ele>439</ele>
        <time>2024-08-19T10:54:46Z</time>
      </trkpt>
      <trkpt lat="47.358455" lon="8.561069">
        <ele>458</ele>
        <time>2024-08-19T10:54:47Z</time>
        <cmt>speed: 0.3</cmt>
      </trkpt>
      <trkpt lat="47.358572" lon="8.56098">
        <ele>432</ele>
        <time>2024-08-19T11:04:11Z</time>
        <cmt>speed: 0.1</cmt>
      </trkpt>
      <trkpt lat="47.35839" lon="8.560819">
        <ele>426</ele>
        <time>2024-08-19T11:14:11Z</time>
        <cmt>speed: 0.9</cmt>
      </trkpt>
      <trkpt lat="47.357961" lon="8.562875">
        <ele>432</ele>
        <time>2024-08-19T11:24:15Z</time>
        <cmt>speed: 0.8</cmt>
      </trkpt>
      <trkpt lat="47.357509" lon="8.563754">
        <ele>476</ele>
        <time>2024-08-19T11:34:14Z</time>
        <cmt>speed: 0.5</cmt>
      </trkpt>
      <trkpt lat="47.357837" lon="8.564292">
        <ele>491</ele>
        <time>2024-08-19T11:44:11Z</time>
        <cmt>speed: 3.3</cmt>
      </trkpt>
      <trkpt lat="47.357614" lon="8.564242">
        <ele>438</ele>
        <time>2024-08-19T11:54:10Z</time>
        <cmt>speed: 0.0</cmt>
      </trkpt>
      <trkpt lat="47.357582" lon="8.564638">
        <ele>465</ele>
        <time>2024-08-19T12:04:10Z</time>
        <cmt>speed: 0.8</cmt>
      </trkpt>
      <trkpt lat="47.357941" lon="8.565429">
        <ele>484</ele>
        <time>2024-08-19T12:14:17Z</time>
        <cmt>speed: 0.6</cmt>
      </trkpt>
      <trkpt lat="47.358304" lon="8.565657">
        <ele>447</ele>
        <time>2024-08-19T12:24:12Z</time>
        <cmt>speed: 1.3</cmt>
      </trkpt>
      <trkpt lat="47.358304" lon="8.565657">
        <ele>447</ele>
        <time>2024-08-19T12:34:12Z</time>
      </trkpt>
      <trkpt lat="47.358623" lon="8.565066">
        <ele>414</ele>
        <time>2024-08-19T12:34:13Z</time>
        <cmt>speed: 0.1</cmt>
      </trkpt>
      <trkpt lat="47.35916" lon="8.562202">
        <ele>453</ele>
        <time>2024-08-19T13:04:11Z</time>
        <cmt>speed: 0.2</cmt>
      </trkpt>
      <trkpt lat="47.359371" lon="8.561525">
        <ele>446</ele>
        <time>2024-08-19T13:14:13Z</time>
        <cmt>speed: 0.3</cmt>
      </trkpt>
      <trkpt lat="47.358982" lon="8.560432">
        <ele>468</ele>
        <time>2024-08-19T13:24:16Z</time>
        <cmt>speed: 0.7</cmt>
      </trkpt>
      <trkpt lat="47.357842" lon="8.559993">
        <ele>506</ele>
        <time>2024-08-19T13:34:23Z</time>
        <cmt>speed: 0.0</cmt>
      </trkpt>
      <trkpt lat="47.357806" lon="8.56022">
        <ele>481</ele>
        <time>2024-08-19T13:44:17Z</time>
        <cmt>speed: 0.2</cmt>
      </trkpt>
      <trkpt lat="47.357806" lon="8.56022">
        <ele>481</ele>
        <time>2024-08-19T13:54:13Z</time>
      </trkpt>
      <trkpt lat="47.357874" lon="8.560217">
        <ele>445</ele>
        <time>2024-08-19T13:54:14Z</time>
        <cmt>speed: 0.3</cmt>
      </trkpt>
      <trkpt lat="47.357833" lon="8.560171">
        <ele>459</ele>
        <time>2024-08-19T14:04:28Z</time>
        <cmt>speed: 1.0</cmt>
      </trkpt>
      <trkpt lat="47.357833" lon="8.560171">
        <ele>459</ele>
        <time>2024-08-19T14:14:43Z</time>
      </trkpt>
      <trkpt lat="47.357612" lon="8.560234">
        <ele>442</ele>
        <time>2024-08-19T14:14:44Z</time>
        <cmt>speed: 0.6</cmt>
      </trkpt>
      <trkpt lat="47.357848" lon="8.560102">
        <ele>423</ele>
        <time>2024-08-19T14:24:13Z</time>
        <cmt>speed: 0.4</cmt>
      </trkpt>
      <trkpt lat="47.358441" lon="8.562394">
        <ele>432</ele>
        <time>2024-08-19T14:34:12Z</time>
        <cmt>speed: 0.3</cmt>
      </trkpt>
      <trkpt lat="47.358402" lon="8.562684">
        <ele>454</ele>
        <time>2024-08-19T14:44:11Z</time>
        <cmt>speed: 0.1</cmt>
      </trkpt>
      <trkpt lat="47.3587" lon="8.562834">
        <ele>477</ele>
        <time>2024-08-19T14:54:11Z</time>
        <cmt>speed: 1.1</cmt>
      </trkpt>
      <trkpt lat="47.358178" lon="8.563031">
        <ele>450</ele>
        <time>2024-08-19T15:04:12Z</time>
        <cmt>speed: 0.1</cmt>
      </trkpt>
      <trkpt lat="47.358178" lon="8.563031">
        <ele>450</ele>
        <time>2024-08-19T15:14:21Z</time>
      </trkpt>
      <trkpt lat="47.358355" lon="8.563106">
        <ele>430</ele>
        <time>2024-08-19T15:14:22Z</time>
        <cmt>speed: 0.6</cmt>
      </trkpt>
      <trkpt lat="47.358001" lon="8.56319">
        <ele>478</ele>
        <time>2024-08-19T15:24:10Z</time>
        <cmt>speed: 0.6</cmt>
      </trkpt>
      <trkpt lat="47.358022" lon="8.563357">
        <ele>463</ele>
        <time>2024-08-19T15:34:11Z</time>
        <cmt>speed: 0.2</cmt>
      </trkpt>
      <trkpt lat="47.3576" lon="8.564313">
        <ele>435</ele>
        <time>2024-08-19T15:44:11Z</time>
        <cmt>speed: 1.1</cmt>
      </trkpt>
      <trkpt lat="47.357434" lon="8.56349">
        <ele>449</ele>
        <time>2024-08-19T15:54:13Z</time>
        <cmt>speed: 0.2</cmt>
      </trkpt>
      <trkpt lat="47.358514" lon="8.562412">
        <ele>436</ele>
        <time>2024-08-19T16:04:11Z</time>
        <cmt>speed: 1.2</cmt>
      </trkpt>
      <trkpt lat="47.358514" lon="8.562412">
        <ele>436</ele>
        <time>2024-08-19T16:14:09Z</time>
      </trkpt>
      <trkpt lat="47.358706" lon="8.562257">
        <ele>443</ele>
        <time>2024-08-19T16:14:10Z</time>
        <cmt>speed: 0.1</cmt>
      </trkpt>
      <trkpt lat="47.358682" lon="8.562294">
        <ele>422</ele>
        <time>2024-08-19T16:24:11Z</time>
        <cmt>speed: 0.5</cmt>
      </trkpt>
      <trkpt lat="47.358682" lon="8.562294">
        <ele>422</ele>
        <time>2024-08-19T16:34:11Z</time>
      </trkpt>
      <trkpt lat="47.358674" lon="8.562415">
        <ele>457</ele>
        <time>2024-08-19T16:34:12Z</time>
        <cmt>speed: 0.0</cmt>
      </trkpt>
      <trkpt lat="47.358714" lon="8.562388">
        <ele>441</ele>
        <time>2024-08-19T16:44:11Z</time>
        <cmt>speed: 0.2</cmt>
      </trkpt>
      <trkpt lat="47.358714" lon="8.562388">
        <ele>441</ele>
        <time>2024-08-19T16:54:10Z</time>
      </trkpt>
      <trkpt lat="47.35874" lon="8.562359">
        <ele>445</ele>
        <time>2024-08-19T16:54:11Z</time>
        <cmt>speed: 0.3</cmt>
      </trkpt>
      <trkpt lat="47.358651" lon="8.56245">
        <ele>427</ele>
        <time>2024-08-19T17:04:10Z</time>
        <cmt>speed: 0.6</cmt>
      </trkpt>
      <trkpt lat="47.358651" lon="8.56245">
        <ele>427</ele>
        <time>2024-08-19T17:14:10Z</time>
      </trkpt>
      <trkpt lat="47.358728" lon="8.562278">
        <ele>450</ele>
        <time>2024-08-19T17:14:11Z</time>
        <cmt>speed: 0.4</cmt>
      </trkpt>
      <trkpt lat="47.358728" lon="8.562278">
        <ele>450</ele>
        <time>2024-08-19T17:34:13Z</time>
      </trkpt>
      <trkpt lat="47.358669" lon="8.562345">
        <ele>437</ele>
        <time>2024-08-19T17:34:15Z</time>
        <cmt>speed: 0.4</cmt>
      </trkpt>
      <trkpt lat="47.358669" lon="8.562345">
        <ele>437</ele>
        <time>2024-08-19T17:54:30Z</time>
      </trkpt>
      <trkpt lat="47.358706" lon="8.562246">
        <ele>453</ele>
        <time>2024-08-19T17:54:32Z</time>
        <cmt>speed: 0.2</cmt>
      </trkpt>
      <trkpt lat="47.358706" lon="8.562246">
        <ele>453</ele>
        <time>2024-08-19T18:14:51Z</time>
      </trkpt>
      <trkpt lat="47.35875" lon="8.562201">
        <ele>426</ele>
        <time>2024-08-19T18:14:52Z</time>
        <cmt>speed: 0.8</cmt>
      </trkpt>
      <trkpt lat="47.358684" lon="8.562368">
        <ele>440</ele>
        <time>2024-08-19T18:24:19Z</time>
        <cmt>speed: 0.6</cmt>
      </trkpt>
      <trkpt lat="47.358684" lon="8.562368">
        <ele>440</ele>
        <time>2024-08-19T18:34:18Z</time>
      </trkpt>
      <trkpt lat="47.358982" lon="8.561808">
        <ele>423</ele>
        <time>2024-08-19T18:34:20Z</time>
        <cmt>speed: 0.5</cmt>
      </trkpt>
      <trkpt lat="47.358805" lon="8.562206">
        <ele>421</ele>
        <time>2024-08-19T19:14:16Z</time>
        <cmt>speed: 0.1</cmt>
      </trkpt>
      <trkpt lat="47.35876" lon="8.562281">
        <ele>433</ele>
        <time>2024-08-19T19:24:11Z</time>
        <cmt>speed: 0.3</cmt>
      </trkpt>
      <trkpt lat="47.35876" lon="8.562281">
        <ele>433</ele>
        <time>2024-08-19T19:34:10Z</time>
      </trkpt>
      <trkpt lat="47.358809" lon="8.56219">
        <ele>429</ele>
        <time>2024-08-19T19:34:12Z</time>
        <cmt>speed: 0.3</cmt>
      </trkpt>
      <trkpt lat="47.3592" lon="8.563249">
        <ele>428</ele>
        <time>2024-08-19T19:44:14Z</time>
        <cmt>speed: 0.3</cmt>
      </trkpt>
      <trkpt lat="47.359974" lon="8.56367">
        <ele>434</ele>
        <time>2024-08-19T19:49:40Z</time>
      </trkpt>
      <trkpt lat="47.359974" lon="8.56367">
        <ele>434</ele>
        <time>2024-08-19T20:04:40Z</time>
      </trkpt>
      <trkpt lat="47.359974" lon="8.56367">
        <ele>434</ele>
        <time>2024-08-19T20:09:22Z</time>
      </trkpt>
      <trkpt lat="47.359974" lon="8.56367">
        <ele>434</ele>
        <time>2024-08-20T05:00:06Z</time>
      </trkpt>
      <trkpt lat="47.359974" lon="8.56367">
        <ele>434</ele>
        <time>2024-08-20T05:09:56Z</time>
      </trkpt>
      <trkpt lat="47.359974" lon="8.56367">
        <ele>434</ele>
        <time>2024-08-20T05:19:56Z</time>
      </trkpt>
      <trkpt lat="47.359974" lon="8.56367">
        <ele>434</ele>
        <time>2024-08-20T05:29:56Z</time>
      </trkpt>
      <trkpt lat="47.359974" lon="8.56367">
        <ele>434</ele>
        <time>2024-08-20T05:39:56Z</time>
      </trkpt>
      <trkpt lat="47.359974" lon="8.56367">
        <ele>434</ele>
        <time>2024-08-20T05:49:56Z</time>
      </trkpt>
      <trkpt lat="47.359974" lon="8.56367">
        <ele>434</ele>
        <time>2024-08-20T05:59:56Z</time>
      </trkpt>
      <trkpt lat="47.359974" lon="8.56367">
        <ele>434</ele>
        <time>2024-08-20T06:09:56Z</time>
      </trkpt>
      <trkpt lat="47.359974" lon="8.56367">
        <ele>434</ele>
        <time>2024-08-20T06:19:56Z</time>
      </trkpt>
      <trkpt lat="47.359974" lon="8.56367">
        <ele>434</ele>
        <time>2024-08-20T06:29:56Z</time>
      </trkpt>
      <trkpt lat="47.359974" lon="8.56367">
        <ele>434</ele>
        <time>2024-08-20T06:39:56Z</time>
      </trkpt>
      <trkpt lat="47.359974" lon="8.56367">
        <ele>434</ele>
        <time>2024-08-20T06:49:56Z</time>
      </trkpt>
      <trkpt lat="47.359974" lon="8.56367">
        <ele>434</ele>
        <time>2024-08-20T06:56:59Z</time>
      </trkpt>
      <trkpt lat="47.359974" lon="8.56367">
        <ele>434</ele>
        <time>2024-08-20T07:02:59Z</time>
      </trkpt>
      <trkpt lat="47.359974" lon="8.56367">
        <ele>434</ele>
        <time>2024-08-20T07:17:59Z</time>
      </trkpt>
      <trkpt lat="47.359974" lon="8.56367">
        <ele>434</ele>
        <time>2024-08-20T19:17:57Z</time>
      </trkpt>
      <trkpt lat="47.359974" lon="8.56367">
        <ele>434</ele>
        <time>2024-08-21T07:18:17Z</time>
      </trkpt>
      <trkpt lat="47.359974" lon="8.56367">
        <ele>434</ele>
        <time>2024-08-21T19:18:36Z</time>
      </trkpt>
      <trkpt lat="47.359974" lon="8.56367">
        <ele>434</ele>
        <time>2024-08-22T07:18:55Z</time>
      </trkpt>
      <trkpt lat="47.359974" lon="8.56367">
        <ele>434</ele>
        <time>2024-08-22T19:19:14Z</time>
      </trkpt>
      <trkpt lat="47.359959" lon="8.563643">
        <ele>434</ele>
        <time>2024-08-23T04:08:13Z</time>
      </trkpt>
      <trkpt lat="47.358574" lon="8.562343">
        <ele>443</ele>
        <time>2024-08-23T04:18:17Z</time>
        <cmt>speed: 1.3</cmt>
      </trkpt>
      <trkpt lat="47.358536" lon="8.562785">
        <ele>455</ele>
        <time>2024-08-23T04:28:17Z</time>
        <cmt>speed: 0.6</cmt>
      </trkpt>
      <trkpt lat="47.358624" lon="8.56357">
        <ele>451</ele>
        <time>2024-08-23T04:38:16Z</time>
        <cmt>speed: 0.8</cmt>
      </trkpt>
      <trkpt lat="47.358397" lon="8.563795">
        <ele>446</ele>
        <time>2024-08-23T04:48:15Z</time>
        <cmt>speed: 0.1</cmt>
      </trkpt>
      <trkpt lat="47.358397" lon="8.563795">
        <ele>446</ele>
        <time>2024-08-23T04:48:16Z</time>
      </trkpt>
      <trkpt lat="47.358293" lon="8.563431">
        <ele>446</ele>
        <time>2024-08-23T04:58:20Z</time>
        <cmt>speed: 0.5</cmt>
      </trkpt>
      <trkpt lat="47.359974" lon="8.56367">
        <ele>434</ele>
        <time>2024-08-23T05:04:46Z</time>
      </trkpt>
      <trkpt lat="47.359974" lon="8.56367">
        <ele>434</ele>
        <time>2024-08-23T05:19:46Z</time>
      </trkpt>
      <trkpt lat="47.36019" lon="8.562055">
        <ele>455</ele>
        <time>2024-08-23T06:58:30Z</time>
        <cmt>speed: 1.3</cmt>
      </trkpt>
      <trkpt lat="47.358606" lon="8.560992">
        <ele>408</ele>
        <time>2024-08-23T07:08:12Z</time>
        <cmt>speed: 0.4</cmt>
      </trkpt>
      <trkpt lat="47.358062" lon="8.5609">
        <ele>443</ele>
        <time>2024-08-23T07:18:20Z</time>
        <cmt>speed: 0.2</cmt>
      </trkpt>
      <trkpt lat="47.357575" lon="8.560623">
        <ele>461</ele>
        <time>2024-08-23T07:28:19Z</time>
        <cmt>speed: 0.3</cmt>
      </trkpt>
      <trkpt lat="47.357575" lon="8.560623">
        <ele>461</ele>
        <time>2024-08-23T07:38:22Z</time>
      </trkpt>
      <trkpt lat="47.357701" lon="8.560132">
        <ele>412</ele>
        <time>2024-08-23T07:38:23Z</time>
        <cmt>speed: 1.7</cmt>
      </trkpt>
      <trkpt lat="47.357595" lon="8.56023">
        <ele>458</ele>
        <time>2024-08-23T07:48:20Z</time>
        <cmt>speed: 0.5</cmt>
      </trkpt>
      <trkpt lat="47.357631" lon="8.560297">
        <ele>422</ele>
        <time>2024-08-23T07:58:19Z</time>
        <cmt>speed: 0.1</cmt>
      </trkpt>
      <trkpt lat="47.357631" lon="8.560297">
        <ele>422</ele>
        <time>2024-08-23T07:58:20Z</time>
      </trkpt>
      <trkpt lat="47.357741" lon="8.560306">
        <ele>392</ele>
        <time>2024-08-23T08:53:46Z</time>
        <cmt>speed: 1.0</cmt>
      </trkpt>
      <trkpt lat="47.357741" lon="8.560306">
        <ele>392</ele>
        <time>2024-08-23T08:58:20Z</time>
      </trkpt>
      <trkpt lat="47.357741" lon="8.560306">
        <ele>392</ele>
        <time>2024-08-23T09:43:45Z</time>
      </trkpt>
      <trkpt lat="47.357665" lon="8.560258">
        <ele>457</ele>
        <time>2024-08-23T09:43:47Z</time>
        <cmt>speed: 0.2</cmt>
      </trkpt>
      <trkpt lat="47.357908" lon="8.559418">
        <ele>461</ele>
        <time>2024-08-23T09:53:07Z</time>
        <cmt>speed: 0.3</cmt>
      </trkpt>
      <trkpt lat="47.358834" lon="8.558624">
        <ele>425</ele>
        <time>2024-08-23T10:03:08Z</time>
        <cmt>speed: 0.0</cmt>
      </trkpt>
      <trkpt lat="47.359252" lon="8.559275">
        <ele>432</ele>
        <time>2024-08-23T10:13:10Z</time>
        <cmt>speed: 0.0</cmt>
      </trkpt>
      <trkpt lat="47.358855" lon="8.561027">
        <ele>482</ele>
        <time>2024-08-23T10:23:05Z</time>
        <cmt>speed: 0.4</cmt>
      </trkpt>
      <trkpt lat="47.359128" lon="8.561156">
        <ele>452</ele>
        <time>2024-08-23T10:33:06Z</time>
        <cmt>speed: 0.1</cmt>
      </trkpt>
      <trkpt lat="47.359128" lon="8.561156">
        <ele>452</ele>
        <time>2024-08-23T10:43:04Z</time>
      </trkpt>
      <trkpt lat="47.359261" lon="8.561305">
        <ele>429</ele>
        <time>2024-08-23T10:43:05Z</time>
        <cmt>speed: 0.4</cmt>
      </trkpt>
      <trkpt lat="47.358266" lon="8.562437">
        <ele>444</ele>
        <time>2024-08-23T10:53:08Z</time>
        <cmt>speed: 0.3</cmt>
      </trkpt>
      <trkpt lat="47.358326" lon="8.562369">
        <ele>455</ele>
        <time>2024-08-23T11:03:06Z</time>
        <cmt>speed: 3.2</cmt>
      </trkpt>
      <trkpt lat="47.358282" lon="8.562592">
        <ele>449</ele>
        <time>2024-08-23T12:04:33Z</time>
        <cmt>speed: 2.1</cmt>
      </trkpt>
      <trkpt lat="47.35824" lon="8.562745">
        <ele>458</ele>
        <time>2024-08-23T12:15:11Z</time>
        <cmt>speed: 1.3</cmt>
      </trkpt>
      <trkpt lat="47.357833" lon="8.562733">
        <ele>377</ele>
        <time>2024-08-23T13:08:28Z</time>
        <cmt>speed: 0.2</cmt>
      </trkpt>
      <trkpt lat="47.358246" lon="8.562594">
        <ele>446</ele>
        <time>2024-08-23T13:18:19Z</time>
        <cmt>speed: 0.6</cmt>
      </trkpt>
      <trkpt lat="47.358246" lon="8.562594">
        <ele>446</ele>
        <time>2024-08-23T13:18:20Z</time>
      </trkpt>
      <trkpt lat="47.358076" lon="8.562622">
        <ele>394</ele>
        <time>2024-08-23T13:28:19Z</time>
        <cmt>speed: 1.3</cmt>
      </trkpt>
      <trkpt lat="47.358044" lon="8.562692">
        <ele>413</ele>
        <time>2024-08-23T13:38:21Z</time>
        <cmt>speed: 0.9</cmt>
      </trkpt>
      <trkpt lat="47.35791" lon="8.562864">
        <ele>450</ele>
        <time>2024-08-23T13:48:21Z</time>
        <cmt>speed: 0.1</cmt>
      </trkpt>
      <trkpt lat="47.358063" lon="8.5631">
        <ele>462</ele>
        <time>2024-08-23T13:58:21Z</time>
        <cmt>speed: 0.1</cmt>
      </trkpt>
      <trkpt lat="47.35823" lon="8.562826">
        <ele>443</ele>
        <time>2024-08-23T14:08:15Z</time>
        <cmt>speed: 0.2</cmt>
      </trkpt>
      <trkpt lat="47.35843" lon="8.563691">
        <ele>485</ele>
        <time>2024-08-23T14:18:16Z</time>
        <cmt>speed: 0.0</cmt>
      </trkpt>
      <trkpt lat="47.35843" lon="8.563691">
        <ele>485</ele>
        <time>2024-08-23T14:18:19Z</time>
      </trkpt>
      <trkpt lat="47.358127" lon="8.56377">
        <ele>464</ele>
        <time>2024-08-23T14:28:17Z</time>
        <cmt>speed: 1.9</cmt>
      </trkpt>
      <trkpt lat="47.358133" lon="8.56374">
        <ele>454</ele>
        <time>2024-08-23T14:38:15Z</time>
        <cmt>speed: 1.6</cmt>
      </trkpt>
      <trkpt lat="47.358133" lon="8.56374">
        <ele>454</ele>
        <time>2024-08-23T14:38:19Z</time>
      </trkpt>
      <trkpt lat="47.357749" lon="8.563543">
        <ele>443</ele>
        <time>2024-08-23T14:48:16Z</time>
        <cmt>speed: 0.1</cmt>
      </trkpt>
      <trkpt lat="47.357417" lon="8.563551">
        <ele>490</ele>
        <time>2024-08-23T14:58:15Z</time>
        <cmt>speed: 0.7</cmt>
      </trkpt>
      <trkpt lat="47.357417" lon="8.563551">
        <ele>490</ele>
        <time>2024-08-23T14:58:19Z</time>
      </trkpt>
      <trkpt lat="47.357849" lon="8.563424">
        <ele>442</ele>
        <time>2024-08-23T15:08:16Z</time>
        <cmt>speed: 0.2</cmt>
      </trkpt>
      <trkpt lat="47.357983" lon="8.563364">
        <ele>455</ele>
        <time>2024-08-23T15:18:15Z</time>
        <cmt>speed: 0.1</cmt>
      </trkpt>
      <trkpt lat="47.357983" lon="8.563364">
        <ele>455</ele>
        <time>2024-08-23T15:18:19Z</time>
      </trkpt>
      <trkpt lat="47.358008" lon="8.563464">
        <ele>433</ele>
        <time>2024-08-23T15:28:17Z</time>
        <cmt>speed: 0.2</cmt>
      </trkpt>
      <trkpt lat="47.358149" lon="8.562959">
        <ele>449</ele>
        <time>2024-08-23T15:38:15Z</time>
        <cmt>speed: 0.0</cmt>
      </trkpt>
      <trkpt lat="47.358149" lon="8.562959">
        <ele>449</ele>
        <time>2024-08-23T15:38:19Z</time>
      </trkpt>
      <trkpt lat="47.359936" lon="8.563711">
        <ele>433</ele>
        <time>2024-08-23T15:48:18Z</time>
        <cmt>speed: 1.7</cmt>
      </trkpt>
      <trkpt lat="47.359959" lon="8.563643">
        <ele>434</ele>
        <time>2024-08-23T15:50:44Z</time>
      </trkpt>
      <trkpt lat="47.359959" lon="8.563643">
        <ele>434</ele>
        <time>2024-08-23T15:55:00Z</time>
      </trkpt>
      <trkpt lat="47.359959" lon="8.563643">
        <ele>434</ele>
        <time>2024-08-23T16:10:00Z</time>
      </trkpt>
      <trkpt lat="47.36021" lon="8.563224">
        <ele>475</ele>
        <time>2024-08-23T16:34:47Z</time>
        <cmt>speed: 0.3</cmt>
      </trkpt>
      <trkpt lat="47.359395" lon="8.56186">
        <ele>438</ele>
        <time>2024-08-23T16:44:43Z</time>
        <cmt>speed: 0.6</cmt>
      </trkpt>
      <trkpt lat="47.358389" lon="8.562768">
        <ele>448</ele>
        <time>2024-08-23T16:54:39Z</time>
        <cmt>speed: 0.1</cmt>
      </trkpt>
      <trkpt lat="47.358161" lon="8.56359">
        <ele>457</ele>
        <time>2024-08-23T17:04:39Z</time>
        <cmt>speed: 0.4</cmt>
      </trkpt>
      <trkpt lat="47.358161" lon="8.56359">
        <ele>457</ele>
        <time>2024-08-23T17:14:36Z</time>
      </trkpt>
      <trkpt lat="47.358212" lon="8.563618">
        <ele>452</ele>
        <time>2024-08-23T17:14:38Z</time>
        <cmt>speed: 0.6</cmt>
      </trkpt>
      <trkpt lat="47.358348" lon="8.562886">
        <ele>460</ele>
        <time>2024-08-23T17:24:39Z</time>
        <cmt>speed: 1.9</cmt>
      </trkpt>
      <trkpt lat="47.358348" lon="8.562886">
        <ele>460</ele>
        <time>2024-08-23T17:34:36Z</time>
      </trkpt>
      <trkpt lat="47.358435" lon="8.562713">
        <ele>444</ele>
        <time>2024-08-23T17:34:39Z</time>
        <cmt>speed: 0.0</cmt>
      </trkpt>
      <trkpt lat="47.358345" lon="8.562852">
        <ele>439</ele>
        <time>2024-08-23T17:44:39Z</time>
        <cmt>speed: 0.7</cmt>
      </trkpt>
      <trkpt lat="47.358345" lon="8.562852">
        <ele>439</ele>
        <time>2024-08-23T17:54:36Z</time>
      </trkpt>
      <trkpt lat="47.358176" lon="8.562595">
        <ele>457</ele>
        <time>2024-08-23T17:54:39Z</time>
        <cmt>speed: 0.5</cmt>
      </trkpt>
      <trkpt lat="47.358422" lon="8.562693">
        <ele>448</ele>
        <time>2024-08-23T18:05:22Z</time>
        <cmt>speed: 0.3</cmt>
      </trkpt>
      <trkpt lat="47.358403" lon="8.56279">
        <ele>441</ele>
        <time>2024-08-23T18:15:22Z</time>
        <cmt>speed: 0.3</cmt>
      </trkpt>
      <trkpt lat="47.358474" lon="8.562701">
        <ele>431</ele>
        <time>2024-08-23T18:25:27Z</time>
        <cmt>speed: 0.2</cmt>
      </trkpt>
      <trkpt lat="47.359974" lon="8.56367">
        <ele>434</ele>
        <time>2024-08-23T18:35:26Z</time>
      </trkpt>
      <trkpt lat="47.359974" lon="8.56367">
        <ele>434</ele>
        <time>2024-08-23T18:50:26Z</time>
      </trkpt>
      <trkpt lat="47.359974" lon="8.56367">
        <ele>434</ele>
        <time>2024-08-23T23:59:58Z</time>
      </trkpt>
      <trkpt lat="47.359974" lon="8.56367">
        <ele>434</ele>
        <time>2024-08-24T00:10:16Z</time>
      </trkpt>
      <trkpt lat="47.359974" lon="8.56367">
        <ele>434</ele>
        <time>2024-08-24T00:20:16Z</time>
      </trkpt>
      <trkpt lat="47.359974" lon="8.56367">
        <ele>434</ele>
        <time>2024-08-24T00:30:16Z</time>
      </trkpt>
      <trkpt lat="47.359974" lon="8.56367">
        <ele>434</ele>
        <time>2024-08-24T00:40:16Z</time>
      </trkpt>
      <trkpt lat="47.359974" lon="8.56367">
        <ele>434</ele>
        <time>2024-08-24T00:46:15Z</time>
      </trkpt>
      <trkpt lat="47.359974" lon="8.56367">
        <ele>434</ele>
        <time>2024-08-24T00:56:15Z</time>
      </trkpt>
      <trkpt lat="47.359974" lon="8.56367">
        <ele>434</ele>
        <time>2024-08-24T01:06:15Z</time>
      </trkpt>
      <trkpt lat="47.359974" lon="8.56367">
        <ele>434</ele>
        <time>2024-08-24T01:16:15Z</time>
      </trkpt>
      <trkpt lat="47.359974" lon="8.56367">
        <ele>434</ele>
        <time>2024-08-24T01:26:15Z</time>
      </trkpt>
      <trkpt lat="47.359974" lon="8.56367">
        <ele>434</ele>
        <time>2024-08-24T01:36:15Z</time>
      </trkpt>
      <trkpt lat="47.359974" lon="8.56367">
        <ele>434</ele>
        <time>2024-08-24T01:46:15Z</time>
      </trkpt>
      <trkpt lat="47.359974" lon="8.56367">
        <ele>434</ele>
        <time>2024-08-24T01:56:15Z</time>
      </trkpt>
      <trkpt lat="47.359974" lon="8.56367">
        <ele>434</ele>
        <time>2024-08-24T02:06:15Z</time>
      </trkpt>
      <trkpt lat="47.359974" lon="8.56367">
        <ele>434</ele>
        <time>2024-08-24T02:16:15Z</time>
      </trkpt>
      <trkpt lat="47.359974" lon="8.56367">
        <ele>434</ele>
        <time>2024-08-24T02:26:15Z</time>
      </trkpt>
      <trkpt lat="47.359974" lon="8.56367">
        <ele>434</ele>
        <time>2024-08-24T02:36:15Z</time>
      </trkpt>
      <trkpt lat="47.359974" lon="8.56367">
        <ele>434</ele>
        <time>2024-08-24T02:46:15Z</time>
      </trkpt>
      <trkpt lat="47.359974" lon="8.56367">
        <ele>434</ele>
        <time>2024-08-24T02:56:15Z</time>
      </trkpt>
      <trkpt lat="47.359974" lon="8.56367">
        <ele>434</ele>
        <time>2024-08-24T03:06:15Z</time>
      </trkpt>
      <trkpt lat="47.359974" lon="8.56367">
        <ele>434</ele>
        <time>2024-08-24T03:13:34Z</time>
      </trkpt>
      <trkpt lat="47.359814" lon="8.564026">
        <ele>448</ele>
        <time>2024-08-24T03:19:02Z</time>
        <cmt>speed: 4.6</cmt>
      </trkpt>
      <trkpt lat="47.359085" lon="8.564193">
        <ele>455</ele>
        <time>2024-08-24T03:28:33Z</time>
        <cmt>speed: 0.7</cmt>
      </trkpt>
      <trkpt lat="47.358701" lon="8.563693">
        <ele>445</ele>
        <time>2024-08-24T03:38:33Z</time>
        <cmt>speed: 0.6</cmt>
      </trkpt>
      <trkpt lat="47.358444" lon="8.562501">
        <ele>439</ele>
        <time>2024-08-24T03:48:33Z</time>
        <cmt>speed: 0.2</cmt>
      </trkpt>
      <trkpt lat="47.358444" lon="8.562501">
        <ele>439</ele>
        <time>2024-08-24T03:58:29Z</time>
      </trkpt>
      <trkpt lat="47.358746" lon="8.562352">
        <ele>401</ele>
        <time>2024-08-24T03:58:33Z</time>
        <cmt>speed: 0.1</cmt>
      </trkpt>
      <trkpt lat="47.358756" lon="8.562188">
        <ele>445</ele>
        <time>2024-08-24T04:08:34Z</time>
        <cmt>speed: 0.1</cmt>
      </trkpt>
      <trkpt lat="47.358756" lon="8.562188">
        <ele>445</ele>
        <time>2024-08-24T04:18:29Z</time>
      </trkpt>
      <trkpt lat="47.358786" lon="8.562374">
        <ele>428</ele>
        <time>2024-08-24T04:18:33Z</time>
        <cmt>speed: 3.0</cmt>
      </trkpt>
      <trkpt lat="47.358277" lon="8.563012">
        <ele>426</ele>
        <time>2024-08-24T04:28:33Z</time>
        <cmt>speed: 0.2</cmt>
      </trkpt>
      <trkpt lat="47.359502" lon="8.562399">
        <ele>455</ele>
        <time>2024-08-24T04:38:33Z</time>
        <cmt>speed: 1.0</cmt>
      </trkpt>
      <trkpt lat="47.358816" lon="8.562326">
        <ele>408</ele>
        <time>2024-08-24T04:48:33Z</time>
        <cmt>speed: 0.5</cmt>
      </trkpt>
      <trkpt lat="47.358816" lon="8.562326">
        <ele>408</ele>
        <time>2024-08-24T04:58:29Z</time>
      </trkpt>
      <trkpt lat="47.358357" lon="8.563158">
        <ele>440</ele>
        <time>2024-08-24T04:58:33Z</time>
        <cmt>speed: 0.0</cmt>
      </trkpt>
      <trkpt lat="47.358326" lon="8.563567">
        <ele>440</ele>
        <time>2024-08-24T05:08:32Z</time>
        <cmt>speed: 1.5</cmt>
      </trkpt>
      <trkpt lat="47.358326" lon="8.563567">
        <ele>440</ele>
        <time>2024-08-24T05:18:29Z</time>
      </trkpt>
      <trkpt lat="47.35815" lon="8.563605">
        <ele>432</ele>
        <time>2024-08-24T05:18:32Z</time>
        <cmt>speed: 0.5</cmt>
      </trkpt>
      <trkpt lat="47.359974" lon="8.56367">
        <ele>434</ele>
        <time>2024-08-24T05:28:30Z</time>
      </trkpt>
      <trkpt lat="47.359974" lon="8.56367">
        <ele>434</ele>
        <time>2024-08-24T05:43:30Z</time>
      </trkpt>
      <trkpt lat="47.36029" lon="8.563788">
        <ele>443</ele>
        <time>2024-08-24T05:56:04Z</time>
        <cmt>speed: 2.1</cmt>
      </trkpt>
      <trkpt lat="47.359974" lon="8.56367">
        <ele>434</ele>
        <time>2024-08-24T06:05:55Z</time>
      </trkpt>
      <trkpt lat="47.359971" lon="8.563773">
        <ele>479</ele>
        <time>2024-08-24T06:07:50Z</time>
        <cmt>speed: 0.1</cmt>
      </trkpt>
      <trkpt lat="47.359959" lon="8.563643">
        <ele>434</ele>
        <time>2024-08-24T06:15:34Z</time>
      </trkpt>
      <trkpt lat="47.35985" lon="8.563594">
        <ele>408</ele>
        <time>2024-08-24T06:17:32Z</time>
        <cmt>speed: 0.0</cmt>
      </trkpt>
      <trkpt lat="47.359974" lon="8.56367">
        <ele>434</ele>
        <time>2024-08-24T06:26:34Z</time>
      </trkpt>
      <trkpt lat="47.360004" lon="8.563512">
        <ele>428</ele>
        <time>2024-08-24T06:31:39Z</time>
        <cmt>speed: 0.4</cmt>
      </trkpt>
      <trkpt lat="47.359974" lon="8.56367">
        <ele>434</ele>
        <time>2024-08-24T06:41:20Z</time>
      </trkpt>
      <trkpt lat="47.36027" lon="8.563447">
        <ele>448</ele>
        <time>2024-08-24T06:45:01Z</time>
        <cmt>speed: 0.1</cmt>
      </trkpt>
      <trkpt lat="47.359974" lon="8.56367">
        <ele>434</ele>
        <time>2024-08-24T06:49:49Z</time>
      </trkpt>
      <trkpt lat="47.359959" lon="8.563643">
        <ele>434</ele>
        <time>2024-08-24T07:00:35Z</time>
      </trkpt>
      <trkpt lat="47.359816" lon="8.563487">
        <ele>453</ele>
        <time>2024-08-24T07:00:48Z</time>
        <cmt>speed: 0.2</cmt>
      </trkpt>
      <trkpt lat="47.359959" lon="8.563643">
        <ele>434</ele>
        <time>2024-08-24T07:05:35Z</time>
      </trkpt>
      <trkpt lat="47.360059" lon="8.561816">
        <ele>418</ele>
        <time>2024-08-24T07:10:47Z</time>
        <cmt>speed: 0.1</cmt>
      </trkpt>
      <trkpt lat="47.358973" lon="8.560951">
        <ele>399</ele>
        <time>2024-08-24T07:20:42Z</time>
        <cmt>speed: 0.5</cmt>
      </trkpt>
      <trkpt lat="47.357496" lon="8.561481">
        <ele>455</ele>
        <time>2024-08-24T07:30:46Z</time>
        <cmt>speed: 0.5</cmt>
      </trkpt>
      <trkpt lat="47.357197" lon="8.561649">
        <ele>447</ele>
        <time>2024-08-24T07:40:47Z</time>
        <cmt>speed: 0.4</cmt>
      </trkpt>
      <trkpt lat="47.357154" lon="8.561381">
        <ele>450</ele>
        <time>2024-08-24T07:50:49Z</time>
        <cmt>speed: 0.0</cmt>
      </trkpt>
      <trkpt lat="47.358818" lon="8.560262">
        <ele>418</ele>
        <time>2024-08-24T08:00:47Z</time>
        <cmt>speed: 0.3</cmt>
      </trkpt>
      <trkpt lat="47.359269" lon="8.560514">
        <ele>446</ele>
        <time>2024-08-24T08:10:45Z</time>
        <cmt>speed: 0.6</cmt>
      </trkpt>
      <trkpt lat="47.359365" lon="8.561076">
        <ele>410</ele>
        <time>2024-08-24T08:20:44Z</time>
        <cmt>speed: 0.3</cmt>
      </trkpt>
      <trkpt lat="47.359365" lon="8.561076">
        <ele>410</ele>
        <time>2024-08-24T08:31:06Z</time>
      </trkpt>
      <trkpt lat="47.35883" lon="8.561609">
        <ele>416</ele>
        <time>2024-08-24T08:31:11Z</time>
        <cmt>speed: 0.2</cmt>
      </trkpt>
      <trkpt lat="47.359087" lon="8.561875">
        <ele>423</ele>
        <time>2024-08-24T08:50:46Z</time>
        <cmt>speed: 1.3</cmt>
      </trkpt>
      <trkpt lat="47.358339" lon="8.56272">
        <ele>399</ele>
        <time>2024-08-24T09:00:42Z</time>
        <cmt>speed: 0.3</cmt>
      </trkpt>
      <trkpt lat="47.358254" lon="8.563085">
        <ele>449</ele>
        <time>2024-08-24T09:10:42Z</time>
        <cmt>speed: 0.2</cmt>
      </trkpt>
      <trkpt lat="47.358476" lon="8.563463">
        <ele>453</ele>
        <time>2024-08-24T09:20:42Z</time>
        <cmt>speed: 0.0</cmt>
      </trkpt>
      <trkpt lat="47.358239" lon="8.563434">
        <ele>485</ele>
        <time>2024-08-24T09:30:41Z</time>
        <cmt>speed: 0.5</cmt>
      </trkpt>
      <trkpt lat="47.357997" lon="8.563645">
        <ele>442</ele>
        <time>2024-08-24T09:40:42Z</time>
        <cmt>speed: 0.0</cmt>
      </trkpt>
      <trkpt lat="47.357997" lon="8.563645">
        <ele>442</ele>
        <time>2024-08-24T09:50:39Z</time>
      </trkpt>
      <trkpt lat="47.359348" lon="8.563228">
        <ele>441</ele>
        <time>2024-08-24T09:50:44Z</time>
        <cmt>speed: 0.2</cmt>
      </trkpt>
      <trkpt lat="47.359488" lon="8.563337">
        <ele>454</ele>
        <time>2024-08-24T10:01:18Z</time>
        <cmt>speed: 0.2</cmt>
      </trkpt>
      <trkpt lat="47.359539" lon="8.562464">
        <ele>432</ele>
        <time>2024-08-24T10:10:46Z</time>
        <cmt>speed: 0.5</cmt>
      </trkpt>
      <trkpt lat="47.359311" lon="8.560378">
        <ele>457</ele>
        <time>2024-08-24T10:20:46Z</time>
        <cmt>speed: 0.5</cmt>
      </trkpt>
      <trkpt lat="47.358554" lon="8.560397">
        <ele>424</ele>
        <time>2024-08-24T10:30:43Z</time>
        <cmt>speed: 0.7</cmt>
      </trkpt>
      <trkpt lat="47.35788" lon="8.560685">
        <ele>435</ele>
        <time>2024-08-24T10:40:45Z</time>
        <cmt>speed: 1.4</cmt>
      </trkpt>
      <trkpt lat="47.357853" lon="8.560547">
        <ele>454</ele>
        <time>2024-08-24T11:00:51Z</time>
        <cmt>speed: 0.5</cmt>
      </trkpt>
      <trkpt lat="47.357858" lon="8.560472">
        <ele>452</ele>
        <time>2024-08-24T11:20:51Z</time>
        <cmt>speed: 0.0</cmt>
      </trkpt>
      <trkpt lat="47.357858" lon="8.560472">
        <ele>452</ele>
        <time>2024-08-24T11:30:45Z</time>
      </trkpt>
      <trkpt lat="47.357804" lon="8.560281">
        <ele>488</ele>
        <time>2024-08-24T11:30:50Z</time>
        <cmt>speed: 0.0</cmt>
      </trkpt>
      <trkpt lat="47.357702" lon="8.560231">
        <ele>455</ele>
        <time>2024-08-24T12:00:52Z</time>
        <cmt>speed: 2.2</cmt>
      </trkpt>
      <trkpt lat="47.357702" lon="8.560231">
        <ele>455</ele>
        <time>2024-08-24T12:10:46Z</time>
      </trkpt>
      <trkpt lat="47.357956" lon="8.56046">
        <ele>463</ele>
        <time>2024-08-24T12:10:52Z</time>
        <cmt>speed: 0.6</cmt>
      </trkpt>
      <trkpt lat="47.357822" lon="8.56075">
        <ele>407</ele>
        <time>2024-08-24T12:21:25Z</time>
        <cmt>speed: 0.9</cmt>
      </trkpt>
      <trkpt lat="47.357822" lon="8.56075">
        <ele>407</ele>
        <time>2024-08-24T12:31:46Z</time>
      </trkpt>
      <trkpt lat="47.357766" lon="8.560367">
        <ele>482</ele>
        <time>2024-08-24T12:31:52Z</time>
        <cmt>speed: 0.3</cmt>
      </trkpt>
      <trkpt lat="47.358054" lon="8.560384">
        <ele>452</ele>
        <time>2024-08-24T12:41:23Z</time>
        <cmt>speed: 0.1</cmt>
      </trkpt>
      <trkpt lat="47.358054" lon="8.560384">
        <ele>452</ele>
        <time>2024-08-24T12:51:17Z</time>
      </trkpt>
      <trkpt lat="47.357871" lon="8.560449">
        <ele>429</ele>
        <time>2024-08-24T12:51:23Z</time>
        <cmt>speed: 0.1</cmt>
      </trkpt>
      <trkpt lat="47.357871" lon="8.560449">
        <ele>429</ele>
        <time>2024-08-24T13:51:39Z</time>
      </trkpt>
      <trkpt lat="47.357818" lon="8.560478">
        <ele>442</ele>
        <time>2024-08-24T13:51:45Z</time>
        <cmt>speed: 1.4</cmt>
      </trkpt>
      <trkpt lat="47.357844" lon="8.56067">
        <ele>446</ele>
        <time>2024-08-24T14:12:13Z</time>
        <cmt>speed: 0.2</cmt>
      </trkpt>
      <trkpt lat="47.357859" lon="8.560593">
        <ele>435</ele>
        <time>2024-08-24T14:22:20Z</time>
        <cmt>speed: 0.4</cmt>
      </trkpt>
      <trkpt lat="47.357859" lon="8.560593">
        <ele>435</ele>
        <time>2024-08-24T14:32:10Z</time>
      </trkpt>
      <trkpt lat="47.357894" lon="8.560386">
        <ele>476</ele>
        <time>2024-08-24T14:32:16Z</time>
        <cmt>speed: 0.2</cmt>
      </trkpt>
      <trkpt lat="47.35796" lon="8.560526">
        <ele>476</ele>
        <time>2024-08-24T14:41:59Z</time>
        <cmt>speed: 1.8</cmt>
      </trkpt>
      <trkpt lat="47.35796" lon="8.560526">
        <ele>476</ele>
        <time>2024-08-24T14:51:56Z</time>
      </trkpt>
      <trkpt lat="47.35807" lon="8.560525">
        <ele>487</ele>
        <time>2024-08-24T14:52:02Z</time>
        <cmt>speed: 0.1</cmt>
      </trkpt>
      <trkpt lat="47.357892" lon="8.560773">
        <ele>435</ele>
        <time>2024-08-24T15:02:01Z</time>
        <cmt>speed: 0.1</cmt>
      </trkpt>
      <trkpt lat="47.357892" lon="8.560773">
        <ele>435</ele>
        <time>2024-08-24T15:12:27Z</time>
      </trkpt>
      <trkpt lat="47.35759" lon="8.560942">
        <ele>445</ele>
        <time>2024-08-24T15:12:33Z</time>
        <cmt>speed: 1.2</cmt>
      </trkpt>
      <trkpt lat="47.357686" lon="8.560458">
        <ele>460</ele>
        <time>2024-08-24T15:42:03Z</time>
        <cmt>speed: 0.0</cmt>
      </trkpt>
      <trkpt lat="47.357686" lon="8.560458">
        <ele>460</ele>
        <time>2024-08-24T15:52:19Z</time>
      </trkpt>
      <trkpt lat="47.357916" lon="8.560672">
        <ele>448</ele>
        <time>2024-08-24T15:52:25Z</time>
        <cmt>speed: 0.9</cmt>
      </trkpt>
      <trkpt lat="47.357884" lon="8.560423">
        <ele>450</ele>
        <time>2024-08-24T16:02:01Z</time>
        <cmt>speed: 0.2</cmt>
      </trkpt>
      <trkpt lat="47.357884" lon="8.560423">
        <ele>450</ele>
        <time>2024-08-24T16:11:55Z</time>
      </trkpt>
      <trkpt lat="47.35782" lon="8.560512">
        <ele>445</ele>
        <time>2024-08-24T16:12:01Z</time>
        <cmt>speed: 0.0</cmt>
      </trkpt>
      <trkpt lat="47.357932" lon="8.560564">
        <ele>457</ele>
        <time>2024-08-24T16:22:02Z</time>
        <cmt>speed: 0.3</cmt>
      </trkpt>
      <trkpt lat="47.357957" lon="8.560486">
        <ele>456</ele>
        <time>2024-08-24T16:31:59Z</time>
        <cmt>speed: 0.2</cmt>
      </trkpt>
      <trkpt lat="47.358298" lon="8.560553">
        <ele>484</ele>
        <time>2024-08-24T16:42:02Z</time>
        <cmt>speed: 0.1</cmt>
      </trkpt>
      <trkpt lat="47.358298" lon="8.560553">
        <ele>484</ele>
        <time>2024-08-24T16:51:54Z</time>
      </trkpt>
      <trkpt lat="47.358067" lon="8.56039">
        <ele>391</ele>
        <time>2024-08-24T16:52:01Z</time>
        <cmt>speed: 1.6</cmt>
      </trkpt>
      <trkpt lat="47.35827" lon="8.560901">
        <ele>371</ele>
        <time>2024-08-24T17:01:59Z</time>
        <cmt>speed: 0.5</cmt>
      </trkpt>
      <trkpt lat="47.358559" lon="8.561023">
        <ele>426</ele>
        <time>2024-08-24T17:12:00Z</time>
        <cmt>speed: 0.0</cmt>
      </trkpt>
      <trkpt lat="47.35874" lon="8.561169">
        <ele>420</ele>
        <time>2024-08-24T17:21:57Z</time>
        <cmt>speed: 1.8</cmt>
      </trkpt>
      <trkpt lat="47.35874" lon="8.561169">
        <ele>420</ele>
        <time>2024-08-24T17:31:52Z</time>
      </trkpt>
      <trkpt lat="47.358611" lon="8.562814">
        <ele>435</ele>
        <time>2024-08-24T17:31:58Z</time>
        <cmt>speed: 0.8</cmt>
      </trkpt>
      <trkpt lat="47.359974" lon="8.56367">
        <ele>434</ele>
        <time>2024-08-24T17:42:47Z</time>
      </trkpt>
      <trkpt lat="47.359974" lon="8.56367">
        <ele>434</ele>
        <time>2024-08-24T17:50:20Z</time>
      </trkpt>
      <trkpt lat="47.359959" lon="8.563643">
        <ele>434</ele>
        <time>2024-08-24T18:02:16Z</time>
      </trkpt>
      <trkpt lat="47.35986" lon="8.563967">
        <ele>483</ele>
        <time>2024-08-24T18:09:57Z</time>
        <cmt>speed: 1.4</cmt>
      </trkpt>
      <trkpt lat="47.358708" lon="8.56328">
        <ele>453</ele>
        <time>2024-08-24T18:19:55Z</time>
        <cmt>speed: 0.2</cmt>
      </trkpt>
      <trkpt lat="47.358337" lon="8.562703">
        <ele>451</ele>
        <time>2024-08-24T18:29:55Z</time>
        <cmt>speed: 0.6</cmt>
      </trkpt>
      <trkpt lat="47.35868" lon="8.563189">
        <ele>489</ele>
        <time>2024-08-24T18:39:55Z</time>
        <cmt>speed: 0.2</cmt>
      </trkpt>
      <trkpt lat="47.358964" lon="8.562389">
        <ele>448</ele>
        <time>2024-08-24T18:49:55Z</time>
        <cmt>speed: 1.6</cmt>
      </trkpt>
      <trkpt lat="47.358137" lon="8.563593">
        <ele>481</ele>
        <time>2024-08-24T18:59:55Z</time>
        <cmt>speed: 0.5</cmt>
      </trkpt>
      <trkpt lat="47.358137" lon="8.563593">
        <ele>481</ele>
        <time>2024-08-24T19:09:49Z</time>
      </trkpt>
      <trkpt lat="47.357795" lon="8.563589">
        <ele>493</ele>
        <time>2024-08-24T19:09:56Z</time>
        <cmt>speed: 0.2</cmt>
      </trkpt>
      <trkpt lat="47.357641" lon="8.56311">
        <ele>447</ele>
        <time>2024-08-24T19:19:56Z</time>
        <cmt>speed: 0.4</cmt>
      </trkpt>
      <trkpt lat="47.357641" lon="8.56311">
        <ele>447</ele>
        <time>2024-08-24T19:29:50Z</time>
      </trkpt>
      <trkpt lat="47.357817" lon="8.563046">
        <ele>433</ele>
        <time>2024-08-24T19:29:57Z</time>
        <cmt>speed: 0.0</cmt>
      </trkpt>
      <trkpt lat="47.357817" lon="8.563046">
        <ele>433</ele>
        <time>2024-08-24T19:49:54Z</time>
      </trkpt>
      <trkpt lat="47.357971" lon="8.562881">
        <ele>484</ele>
        <time>2024-08-24T19:50:01Z</time>
        <cmt>speed: 0.2</cmt>
      </trkpt>
      <trkpt lat="47.357785" lon="8.56294">
        <ele>429</ele>
        <time>2024-08-24T20:00:09Z</time>
        <cmt>speed: 1.0</cmt>
      </trkpt>
      <trkpt lat="47.357785" lon="8.56294">
        <ele>429</ele>
        <time>2024-08-24T20:09:55Z</time>
      </trkpt>
      <trkpt lat="47.357873" lon="8.563053">
        <ele>421</ele>
        <time>2024-08-24T20:10:02Z</time>
        <cmt>speed: 0.6</cmt>
      </trkpt>
      <trkpt lat="47.357814" lon="8.563073">
        <ele>411</ele>
        <time>2024-08-24T20:19:57Z</time>
        <cmt>speed: 1.0</cmt>
      </trkpt>
      <trkpt lat="47.357814" lon="8.563073">
        <ele>411</ele>
        <time>2024-08-24T20:29:50Z</time>
      </trkpt>
      <trkpt lat="47.357886" lon="8.562987">
        <ele>443</ele>
        <time>2024-08-24T20:29:57Z</time>
        <cmt>speed: 0.3</cmt>
      </trkpt>
      <trkpt lat="47.358083" lon="8.562307">
        <ele>479</ele>
        <time>2024-08-24T20:39:58Z</time>
        <cmt>speed: 0.3</cmt>
      </trkpt>
      <trkpt lat="47.358551" lon="8.562226">
        <ele>423</ele>
        <time>2024-08-24T20:49:55Z</time>
        <cmt>speed: 2.8</cmt>
      </trkpt>
      <trkpt lat="47.358361" lon="8.563146">
        <ele>439</ele>
        <time>2024-08-24T20:59:55Z</time>
        <cmt>speed: 0.4</cmt>
      </trkpt>
      <trkpt lat="47.358663" lon="8.562378">
        <ele>452</ele>
        <time>2024-08-24T21:10:00Z</time>
        <cmt>speed: 0.1</cmt>
      </trkpt>
      <trkpt lat="47.358815" lon="8.562144">
        <ele>422</ele>
        <time>2024-08-24T21:19:58Z</time>
        <cmt>speed: 0.0</cmt>
      </trkpt>
      <trkpt lat="47.358815" lon="8.562144">
        <ele>422</ele>
        <time>2024-08-24T21:29:51Z</time>
      </trkpt>
      <trkpt lat="47.358812" lon="8.562122">
        <ele>435</ele>
        <time>2024-08-24T21:29:58Z</time>
        <cmt>speed: 0.1</cmt>
      </trkpt>
      <trkpt lat="47.358756" lon="8.562232">
        <ele>448</ele>
        <time>2024-08-24T21:42:15Z</time>
        <cmt>speed: 0.0</cmt>
      </trkpt>
      <trkpt lat="47.358758" lon="8.561978">
        <ele>431</ele>
        <time>2024-08-24T21:52:12Z</time>
        <cmt>speed: 0.3</cmt>
      </trkpt>
      <trkpt lat="47.359296" lon="8.561296">
        <ele>388</ele>
        <time>2024-08-24T22:02:11Z</time>
        <cmt>speed: 1.8</cmt>
      </trkpt>
      <trkpt lat="47.358697" lon="8.563864">
        <ele>442</ele>
        <time>2024-08-24T22:12:11Z</time>
        <cmt>speed: 0.9</cmt>
      </trkpt>
      <trkpt lat="47.358616" lon="8.56596">
        <ele>442</ele>
        <time>2024-08-24T22:22:12Z</time>
        <cmt>speed: 0.0</cmt>
      </trkpt>
      <trkpt lat="47.358575" lon="8.565958">
        <ele>442</ele>
        <time>2024-08-24T22:32:11Z</time>
        <cmt>speed: 1.0</cmt>
      </trkpt>
      <trkpt lat="47.357788" lon="8.565737">
        <ele>441</ele>
        <time>2024-08-24T22:52:11Z</time>
        <cmt>speed: 1.0</cmt>
      </trkpt>
      <trkpt lat="47.358381" lon="8.564782">
        <ele>446</ele>
        <time>2024-08-24T23:02:10Z</time>
        <cmt>speed: 1.0</cmt>
      </trkpt>
      <trkpt lat="47.358713" lon="8.562272">
        <ele>451</ele>
        <time>2024-08-24T23:12:18Z</time>
        <cmt>speed: 5.4</cmt>
      </trkpt>
      <trkpt lat="47.358909" lon="8.56236">
        <ele>488</ele>
        <time>2024-08-24T23:22:12Z</time>
        <cmt>speed: 0.1</cmt>
      </trkpt>
      <trkpt lat="47.358909" lon="8.56236">
        <ele>488</ele>
        <time>2024-08-24T23:32:05Z</time>
      </trkpt>
      <trkpt lat="47.358899" lon="8.562168">
        <ele>455</ele>
        <time>2024-08-24T23:32:12Z</time>
        <cmt>speed: 0.1</cmt>
      </trkpt>
      <trkpt lat="47.358773" lon="8.562297">
        <ele>438</ele>
        <time>2024-08-24T23:42:13Z</time>
        <cmt>speed: 0.7</cmt>
      </trkpt>
      <trkpt lat="47.358773" lon="8.562297">
        <ele>438</ele>
        <time>2024-08-24T23:52:04Z</time>
      </trkpt>
      <trkpt lat="47.358751" lon="8.56231">
        <ele>442</ele>
        <time>2024-08-24T23:52:12Z</time>
        <cmt>speed: 0.0</cmt>
      </trkpt>
      <trkpt lat="47.358845" lon="8.562205">
        <ele>437</ele>
        <time>2024-08-25T00:02:12Z</time>
        <cmt>speed: 1.0</cmt>
      </trkpt>
      <trkpt lat="47.358845" lon="8.562205">
        <ele>437</ele>
        <time>2024-08-25T00:12:04Z</time>
      </trkpt>
      <trkpt lat="47.358775" lon="8.562376">
        <ele>457</ele>
        <time>2024-08-25T00:12:11Z</time>
        <cmt>speed: 3.4</cmt>
      </trkpt>
      <trkpt lat="47.358852" lon="8.562205">
        <ele>441</ele>
        <time>2024-08-25T00:22:12Z</time>
        <cmt>speed: 0.1</cmt>
      </trkpt>
      <trkpt lat="47.35874" lon="8.561982">
        <ele>423</ele>
        <time>2024-08-25T00:32:18Z</time>
        <cmt>speed: 0.1</cmt>
      </trkpt>
      <trkpt lat="47.358744" lon="8.562122">
        <ele>414</ele>
        <time>2024-08-25T00:42:14Z</time>
        <cmt>speed: 0.0</cmt>
      </trkpt>
      <trkpt lat="47.358744" lon="8.562122">
        <ele>414</ele>
        <time>2024-08-25T00:52:11Z</time>
      </trkpt>
      <trkpt lat="47.358711" lon="8.562138">
        <ele>449</ele>
        <time>2024-08-25T00:52:19Z</time>
        <cmt>speed: 0.8</cmt>
      </trkpt>
      <trkpt lat="47.358841" lon="8.56225">
        <ele>443</ele>
        <time>2024-08-25T01:02:14Z</time>
        <cmt>speed: 0.1</cmt>
      </trkpt>
      <trkpt lat="47.358937" lon="8.560942">
        <ele>431</ele>
        <time>2024-08-25T01:12:15Z</time>
        <cmt>speed: 0.4</cmt>
      </trkpt>
      <trkpt lat="47.358776" lon="8.55933">
        <ele>447</ele>
        <time>2024-08-25T01:22:11Z</time>
        <cmt>speed: 1.1</cmt>
      </trkpt>
      <trkpt lat="47.359937" lon="8.560587">
        <ele>460</ele>
        <time>2024-08-25T01:32:13Z</time>
        <cmt>speed: 0.5</cmt>
      </trkpt>
      <trkpt lat="47.360464" lon="8.56125">
        <ele>424</ele>
        <time>2024-08-25T01:42:11Z</time>
        <cmt>speed: 0.3</cmt>
      </trkpt>
      <trkpt lat="47.360237" lon="8.562044">
        <ele>396</ele>
        <time>2024-08-25T02:02:37Z</time>
        <cmt>speed: 0.9</cmt>
      </trkpt>
      <trkpt lat="47.359279" lon="8.561519">
        <ele>430</ele>
        <time>2024-08-25T02:12:16Z</time>
        <cmt>speed: 1.6</cmt>
      </trkpt>
      <trkpt lat="47.358777" lon="8.562306">
        <ele>423</ele>
        <time>2024-08-25T02:22:14Z</time>
        <cmt>speed: 0.1</cmt>
      </trkpt>
      <trkpt lat="47.358777" lon="8.562306">
        <ele>423</ele>
        <time>2024-08-25T02:29:48Z</time>
      </trkpt>
      <trkpt lat="47.358848" lon="8.562073">
        <ele>464</ele>
        <time>2024-08-25T02:39:03Z</time>
        <cmt>speed: 0.3</cmt>
      </trkpt>
      <trkpt lat="47.358758" lon="8.562344">
        <ele>449</ele>
        <time>2024-08-25T02:49:02Z</time>
        <cmt>speed: 1.3</cmt>
      </trkpt>
      <trkpt lat="47.358758" lon="8.562344">
        <ele>449</ele>
        <time>2024-08-25T02:49:48Z</time>
      </trkpt>
      <trkpt lat="47.358465" lon="8.56181">
        <ele>468</ele>
        <time>2024-08-25T03:09:10Z</time>
        <cmt>speed: 0.3</cmt>
      </trkpt>
      <trkpt lat="47.358465" lon="8.56181">
        <ele>468</ele>
        <time>2024-08-25T03:09:48Z</time>
      </trkpt>
      <trkpt lat="47.358945" lon="8.562113">
        <ele>404</ele>
        <time>2024-08-25T03:19:03Z</time>
        <cmt>speed: 0.1</cmt>
      </trkpt>
      <trkpt lat="47.358909" lon="8.562155">
        <ele>425</ele>
        <time>2024-08-25T03:29:02Z</time>
        <cmt>speed: 0.1</cmt>
      </trkpt>
      <trkpt lat="47.358909" lon="8.562155">
        <ele>425</ele>
        <time>2024-08-25T03:29:48Z</time>
      </trkpt>
      <trkpt lat="47.358804" lon="8.562">
        <ele>434</ele>
        <time>2024-08-25T03:39:02Z</time>
        <cmt>speed: 0.2</cmt>
      </trkpt>
      <trkpt lat="47.358756" lon="8.562149">
        <ele>443</ele>
        <time>2024-08-25T03:49:02Z</time>
        <cmt>speed: 0.2</cmt>
      </trkpt>
      <trkpt lat="47.35882" lon="8.561296">
        <ele>449</ele>
        <time>2024-08-25T03:59:04Z</time>
        <cmt>speed: 0.0</cmt>
      </trkpt>
      <trkpt lat="47.358754" lon="8.562186">
        <ele>451</ele>
        <time>2024-08-25T04:09:04Z</time>
        <cmt>speed: 0.1</cmt>
      </trkpt>
      <trkpt lat="47.358754" lon="8.562186">
        <ele>451</ele>
        <time>2024-08-25T04:09:48Z</time>
      </trkpt>
      <trkpt lat="47.358759" lon="8.562246">
        <ele>434</ele>
        <time>2024-08-25T04:19:02Z</time>
        <cmt>speed: 0.2</cmt>
      </trkpt>
      <trkpt lat="47.358591" lon="8.562178">
        <ele>419</ele>
        <time>2024-08-25T04:29:04Z</time>
        <cmt>speed: 0.0</cmt>
      </trkpt>
      <trkpt lat="47.358591" lon="8.562178">
        <ele>419</ele>
        <time>2024-08-25T04:29:48Z</time>
      </trkpt>
      <trkpt lat="47.358812" lon="8.562134">
        <ele>438</ele>
        <time>2024-08-25T04:39:03Z</time>
        <cmt>speed: 0.3</cmt>
      </trkpt>
      <trkpt lat="47.358878" lon="8.562163">
        <ele>453</ele>
        <time>2024-08-25T04:49:05Z</time>
        <cmt>speed: 0.4</cmt>
      </trkpt>
      <trkpt lat="47.358878" lon="8.562163">
        <ele>453</ele>
        <time>2024-08-25T04:49:48Z</time>
      </trkpt>
      <trkpt lat="47.358608" lon="8.562137">
        <ele>430</ele>
        <time>2024-08-25T06:59:16Z</time>
        <cmt>speed: 0.1</cmt>
      </trkpt>
      <trkpt lat="47.358743" lon="8.562045">
        <ele>431</ele>
        <time>2024-08-25T07:29:09Z</time>
        <cmt>speed: 0.0</cmt>
      </trkpt>
      <trkpt lat="47.359004" lon="8.561958">
        <ele>440</ele>
        <time>2024-08-25T07:39:14Z</time>
        <cmt>speed: 1.2</cmt>
      </trkpt>
      <trkpt lat="47.359004" lon="8.561958">
        <ele>440</ele>
        <time>2024-08-25T08:49:00Z</time>
      </trkpt>
      <trkpt lat="47.357877" lon="8.562958">
        <ele>467</ele>
        <time>2024-08-25T08:49:07Z</time>
        <cmt>speed: 0.5</cmt>
      </trkpt>
      <trkpt lat="47.358752" lon="8.562926">
        <ele>508</ele>
        <time>2024-08-25T08:59:01Z</time>
        <cmt>speed: 0.2</cmt>
      </trkpt>
      <trkpt lat="47.358752" lon="8.562926">
        <ele>508</ele>
        <time>2024-08-25T09:09:00Z</time>
      </trkpt>
      <trkpt lat="47.358545" lon="8.564054">
        <ele>466</ele>
        <time>2024-08-25T09:09:02Z</time>
        <cmt>speed: 0.1</cmt>
      </trkpt>
      <trkpt lat="47.358847" lon="8.564083">
        <ele>430</ele>
        <time>2024-08-25T09:19:03Z</time>
        <cmt>speed: 0.0</cmt>
      </trkpt>
      <trkpt lat="47.358556" lon="8.563986">
        <ele>441</ele>
        <time>2024-08-25T09:29:03Z</time>
        <cmt>speed: 0.2</cmt>
      </trkpt>
      <trkpt lat="47.358037" lon="8.563796">
        <ele>438</ele>
        <time>2024-08-25T09:39:03Z</time>
        <cmt>speed: 0.5</cmt>
      </trkpt>
      <trkpt lat="47.359516" lon="8.563155">
        <ele>445</ele>
        <time>2024-08-25T09:49:04Z</time>
        <cmt>speed: 0.7</cmt>
      </trkpt>
      <trkpt lat="47.359959" lon="8.563643">
        <ele>434</ele>
        <time>2024-08-25T09:54:06Z</time>
      </trkpt>
      <trkpt lat="47.359959" lon="8.563643">
        <ele>434</ele>
        <time>2024-08-25T10:09:06Z</time>
      </trkpt>
      <trkpt lat="47.359938" lon="8.563423">
        <ele>424</ele>
        <time>2024-08-25T10:10:19Z</time>
        <cmt>speed: 0.7</cmt>
      </trkpt>
      <trkpt lat="47.358814" lon="8.563744">
        <ele>490</ele>
        <time>2024-08-25T10:20:17Z</time>
        <cmt>speed: 0.8</cmt>
      </trkpt>
      <trkpt lat="47.358798" lon="8.563919">
        <ele>500</ele>
        <time>2024-08-25T10:30:17Z</time>
        <cmt>speed: 0.5</cmt>
      </trkpt>
      <trkpt lat="47.358798" lon="8.563919">
        <ele>500</ele>
        <time>2024-08-25T10:30:24Z</time>
      </trkpt>
      <trkpt lat="47.358729" lon="8.563828">
        <ele>445</ele>
        <time>2024-08-25T10:40:19Z</time>
        <cmt>speed: 0.2</cmt>
      </trkpt>
      <trkpt lat="47.358168" lon="8.562928">
        <ele>441</ele>
        <time>2024-08-25T10:50:17Z</time>
        <cmt>speed: 0.1</cmt>
      </trkpt>
      <trkpt lat="47.358168" lon="8.562928">
        <ele>441</ele>
        <time>2024-08-25T10:50:24Z</time>
      </trkpt>
      <trkpt lat="47.358315" lon="8.564156">
        <ele>418</ele>
        <time>2024-08-25T11:00:18Z</time>
        <cmt>speed: 0.5</cmt>
      </trkpt>
      <trkpt lat="47.358494" lon="8.564142">
        <ele>455</ele>
        <time>2024-08-25T11:10:17Z</time>
        <cmt>speed: 0.6</cmt>
      </trkpt>
      <trkpt lat="47.358494" lon="8.564142">
        <ele>455</ele>
        <time>2024-08-25T11:10:24Z</time>
      </trkpt>
      <trkpt lat="47.358348" lon="8.564149">
        <ele>465</ele>
        <time>2024-08-25T11:20:18Z</time>
        <cmt>speed: 0.1</cmt>
      </trkpt>
      <trkpt lat="47.35797" lon="8.563574">
        <ele>461</ele>
        <time>2024-08-25T11:30:16Z</time>
        <cmt>speed: 1.6</cmt>
      </trkpt>
      <trkpt lat="47.358007" lon="8.563168">
        <ele>466</ele>
        <time>2024-08-25T11:40:18Z</time>
        <cmt>speed: 0.5</cmt>
      </trkpt>
      <trkpt lat="47.357844" lon="8.563524">
        <ele>441</ele>
        <time>2024-08-25T11:50:18Z</time>
        <cmt>speed: 0.8</cmt>
      </trkpt>
      <trkpt lat="47.358344" lon="8.56273">
        <ele>422</ele>
        <time>2024-08-25T12:00:19Z</time>
        <cmt>speed: 0.2</cmt>
      </trkpt>
      <trkpt lat="47.358344" lon="8.56273">
        <ele>422</ele>
        <time>2024-08-25T12:10:09Z</time>
      </trkpt>
      <trkpt lat="47.358445" lon="8.56276">
        <ele>442</ele>
        <time>2024-08-25T12:10:19Z</time>
        <cmt>speed: 1.0</cmt>
      </trkpt>
      <trkpt lat="47.358456" lon="8.562787">
        <ele>457</ele>
        <time>2024-08-25T12:20:19Z</time>
        <cmt>speed: 0.3</cmt>
      </trkpt>
      <trkpt lat="47.358562" lon="8.564327">
        <ele>460</ele>
        <time>2024-08-25T12:30:19Z</time>
        <cmt>speed: 0.1</cmt>
      </trkpt>
      <trkpt lat="47.358564" lon="8.564085">
        <ele>459</ele>
        <time>2024-08-25T12:40:17Z</time>
        <cmt>speed: 1.7</cmt>
      </trkpt>
      <trkpt lat="47.358564" lon="8.564085">
        <ele>459</ele>
        <time>2024-08-25T12:50:09Z</time>
      </trkpt>
      <trkpt lat="47.358305" lon="8.56399">
        <ele>467</ele>
        <time>2024-08-25T12:50:18Z</time>
        <cmt>speed: 0.6</cmt>
      </trkpt>
      <trkpt lat="47.358288" lon="8.563645">
        <ele>441</ele>
        <time>2024-08-25T13:00:18Z</time>
        <cmt>speed: 1.5</cmt>
      </trkpt>
      <trkpt lat="47.357237" lon="8.564364">
        <ele>471</ele>
        <time>2024-08-25T13:10:17Z</time>
        <cmt>speed: 2.4</cmt>
      </trkpt>
      <trkpt lat="47.357834" lon="8.564215">
        <ele>442</ele>
        <time>2024-08-25T13:20:20Z</time>
        <cmt>speed: 0.0</cmt>
      </trkpt>
      <trkpt lat="47.35873" lon="8.563323">
        <ele>483</ele>
        <time>2024-08-25T13:30:17Z</time>
        <cmt>speed: 0.3</cmt>
      </trkpt>
      <trkpt lat="47.358783" lon="8.563124">
        <ele>483</ele>
        <time>2024-08-25T13:40:24Z</time>
        <cmt>speed: 0.6</cmt>
      </trkpt>
      <trkpt lat="47.358783" lon="8.563124">
        <ele>483</ele>
        <time>2024-08-25T13:50:14Z</time>
      </trkpt>
      <trkpt lat="47.358783" lon="8.562988">
        <ele>451</ele>
        <time>2024-08-25T13:50:24Z</time>
        <cmt>speed: 0.0</cmt>
      </trkpt>
      <trkpt lat="47.358906" lon="8.563227">
        <ele>410</ele>
        <time>2024-08-25T14:00:23Z</time>
        <cmt>speed: 0.2</cmt>
      </trkpt>
      <trkpt lat="47.358906" lon="8.563227">
        <ele>410</ele>
        <time>2024-08-25T14:10:08Z</time>
      </trkpt>
      <trkpt lat="47.358423" lon="8.562941">
        <ele>444</ele>
        <time>2024-08-25T14:10:17Z</time>
        <cmt>speed: 0.9</cmt>
      </trkpt>
      <trkpt lat="47.358429" lon="8.562934">
        <ele>443</ele>
        <time>2024-08-25T14:20:20Z</time>
        <cmt>speed: 0.3</cmt>
      </trkpt>
      <trkpt lat="47.358429" lon="8.562934">
        <ele>443</ele>
        <time>2024-08-25T14:30:08Z</time>
      </trkpt>
      <trkpt lat="47.358399" lon="8.562462">
        <ele>468</ele>
        <time>2024-08-25T14:30:18Z</time>
        <cmt>speed: 0.2</cmt>
      </trkpt>
      <trkpt lat="47.358807" lon="8.56268">
        <ele>437</ele>
        <time>2024-08-25T14:40:19Z</time>
        <cmt>speed: 0.1</cmt>
      </trkpt>
      <trkpt lat="47.358807" lon="8.56268">
        <ele>437</ele>
        <time>2024-08-25T14:50:10Z</time>
      </trkpt>
      <trkpt lat="47.35882" lon="8.563432">
        <ele>450</ele>
        <time>2024-08-25T14:50:20Z</time>
        <cmt>speed: 0.1</cmt>
      </trkpt>
      <trkpt lat="47.358599" lon="8.563603">
        <ele>462</ele>
        <time>2024-08-25T15:00:19Z</time>
        <cmt>speed: 0.1</cmt>
      </trkpt>
      <trkpt lat="47.358375" lon="8.563417">
        <ele>502</ele>
        <time>2024-08-25T15:10:18Z</time>
        <cmt>speed: 0.2</cmt>
      </trkpt>
      <trkpt lat="47.358718" lon="8.562523">
        <ele>456</ele>
        <time>2024-08-25T15:20:17Z</time>
        <cmt>speed: 1.6</cmt>
      </trkpt>
      <trkpt lat="47.358718" lon="8.562523">
        <ele>456</ele>
        <time>2024-08-25T15:30:08Z</time>
      </trkpt>
      <trkpt lat="47.358876" lon="8.562525">
        <ele>462</ele>
        <time>2024-08-25T15:30:18Z</time>
        <cmt>speed: 0.5</cmt>
      </trkpt>
      <trkpt lat="47.358817" lon="8.562537">
        <ele>426</ele>
        <time>2024-08-25T15:40:22Z</time>
        <cmt>speed: 0.2</cmt>
      </trkpt>
      <trkpt lat="47.358773" lon="8.562426">
        <ele>460</ele>
        <time>2024-08-25T15:50:19Z</time>
        <cmt>speed: 0.1</cmt>
      </trkpt>
      <trkpt lat="47.358638" lon="8.564003">
        <ele>443</ele>
        <time>2024-08-25T16:00:18Z</time>
        <cmt>speed: 0.6</cmt>
      </trkpt>
      <trkpt lat="47.358638" lon="8.564003">
        <ele>443</ele>
        <time>2024-08-25T16:10:08Z</time>
      </trkpt>
      <trkpt lat="47.358495" lon="8.563771">
        <ele>410</ele>
        <time>2024-08-25T16:10:18Z</time>
        <cmt>speed: 0.3</cmt>
      </trkpt>
      <trkpt lat="47.358417" lon="8.564361">
        <ele>452</ele>
        <time>2024-08-25T16:20:18Z</time>
        <cmt>speed: 0.3</cmt>
      </trkpt>
      <trkpt lat="47.358417" lon="8.564361">
        <ele>452</ele>
        <time>2024-08-25T16:30:08Z</time>
      </trkpt>
      <trkpt lat="47.358471" lon="8.564131">
        <ele>439</ele>
        <time>2024-08-25T16:30:18Z</time>
        <cmt>speed: 0.2</cmt>
      </trkpt>
      <trkpt lat="47.358276" lon="8.563918">
        <ele>450</ele>
        <time>2024-08-25T16:40:17Z</time>
        <cmt>speed: 0.3</cmt>
      </trkpt>
      <trkpt lat="47.357977" lon="8.563756">
        <ele>414</ele>
        <time>2024-08-25T16:50:17Z</time>
        <cmt>speed: 1.0</cmt>
      </trkpt>
      <trkpt lat="47.358222" lon="8.564588">
        <ele>452</ele>
        <time>2024-08-25T17:00:19Z</time>
        <cmt>speed: 0.7</cmt>
      </trkpt>
      <trkpt lat="47.358222" lon="8.564588">
        <ele>452</ele>
        <time>2024-08-25T17:10:10Z</time>
      </trkpt>
      <trkpt lat="47.358136" lon="8.564661">
        <ele>472</ele>
        <time>2024-08-25T17:10:21Z</time>
        <cmt>speed: 0.4</cmt>
      </trkpt>
      <trkpt lat="47.358232" lon="8.56456">
        <ele>446</ele>
        <time>2024-08-25T17:20:19Z</time>
        <cmt>speed: 0.6</cmt>
      </trkpt>
      <trkpt lat="47.358232" lon="8.56456">
        <ele>446</ele>
        <time>2024-08-25T17:30:09Z</time>
      </trkpt>
      <trkpt lat="47.358187" lon="8.564527">
        <ele>472</ele>
        <time>2024-08-25T17:30:19Z</time>
        <cmt>speed: 0.4</cmt>
      </trkpt>
      <trkpt lat="47.358185" lon="8.56438">
        <ele>459</ele>
        <time>2024-08-25T17:40:18Z</time>
        <cmt>speed: 1.0</cmt>
      </trkpt>
      <trkpt lat="47.35793" lon="8.564352">
        <ele>449</ele>
        <time>2024-08-25T17:50:20Z</time>
        <cmt>speed: 0.5</cmt>
      </trkpt>
      <trkpt lat="47.35793" lon="8.564352">
        <ele>449</ele>
        <time>2024-08-25T17:50:20Z</time>
      </trkpt>
      <trkpt lat="47.35822" lon="8.564442">
        <ele>455</ele>
        <time>2024-08-25T18:00:19Z</time>
        <cmt>speed: 0.5</cmt>
      </trkpt>
      <trkpt lat="47.35799" lon="8.563455">
        <ele>441</ele>
        <time>2024-08-25T18:10:19Z</time>
        <cmt>speed: 0.5</cmt>
      </trkpt>
      <trkpt lat="47.358616" lon="8.563042">
        <ele>449</ele>
        <time>2024-08-25T18:20:19Z</time>
        <cmt>speed: 0.1</cmt>
      </trkpt>
      <trkpt lat="47.358274" lon="8.563416">
        <ele>463</ele>
        <time>2024-08-25T18:30:18Z</time>
        <cmt>speed: 0.9</cmt>
      </trkpt>
      <trkpt lat="47.358274" lon="8.563416">
        <ele>463</ele>
        <time>2024-08-25T18:30:18Z</time>
      </trkpt>
      <trkpt lat="47.358762" lon="8.561768">
        <ele>450</ele>
        <time>2024-08-25T18:40:21Z</time>
        <cmt>speed: 0.1</cmt>
      </trkpt>
      <trkpt lat="47.359005" lon="8.5611">
        <ele>433</ele>
        <time>2024-08-25T18:50:18Z</time>
        <cmt>speed: 0.1</cmt>
      </trkpt>
      <trkpt lat="47.359005" lon="8.5611">
        <ele>433</ele>
        <time>2024-08-25T18:50:18Z</time>
      </trkpt>
      <trkpt lat="47.358463" lon="8.561038">
        <ele>479</ele>
        <time>2024-08-25T19:00:23Z</time>
        <cmt>speed: 0.1</cmt>
      </trkpt>
      <trkpt lat="47.358321" lon="8.560787">
        <ele>419</ele>
        <time>2024-08-25T19:10:21Z</time>
        <cmt>speed: 0.7</cmt>
      </trkpt>
      <trkpt lat="47.358321" lon="8.560787">
        <ele>419</ele>
        <time>2024-08-25T19:10:21Z</time>
      </trkpt>
      <trkpt lat="47.358323" lon="8.560988">
        <ele>465</ele>
        <time>2024-08-25T19:20:23Z</time>
        <cmt>speed: 0.4</cmt>
      </trkpt>
      <trkpt lat="47.358341" lon="8.560888">
        <ele>454</ele>
        <time>2024-08-25T19:30:21Z</time>
        <cmt>speed: 0.0</cmt>
      </trkpt>
      <trkpt lat="47.358341" lon="8.560888">
        <ele>454</ele>
        <time>2024-08-25T19:30:21Z</time>
      </trkpt>
      <trkpt lat="47.358124" lon="8.560729">
        <ele>439</ele>
        <time>2024-08-25T19:40:19Z</time>
        <cmt>speed: 0.7</cmt>
      </trkpt>
      <trkpt lat="47.358028" lon="8.560558">
        <ele>451</ele>
        <time>2024-08-25T19:50:20Z</time>
        <cmt>speed: 0.0</cmt>
      </trkpt>
      <trkpt lat="47.358028" lon="8.560558">
        <ele>451</ele>
        <time>2024-08-25T19:50:20Z</time>
      </trkpt>
      <trkpt lat="47.358103" lon="8.560511">
        <ele>451</ele>
        <time>2024-08-25T20:00:19Z</time>
        <cmt>speed: 0.6</cmt>
      </trkpt>
      <trkpt lat="47.359393" lon="8.559996">
        <ele>443</ele>
        <time>2024-08-25T20:10:23Z</time>
        <cmt>speed: 0.1</cmt>
      </trkpt>
      <trkpt lat="47.359449" lon="8.559825">
        <ele>495</ele>
        <time>2024-08-25T20:20:30Z</time>
        <cmt>speed: 0.4</cmt>
      </trkpt>
      <trkpt lat="47.359741" lon="8.559991">
        <ele>430</ele>
        <time>2024-08-25T22:08:33Z</time>
        <cmt>speed: 1.0</cmt>
      </trkpt>
      <trkpt lat="47.359741" lon="8.559991">
        <ele>430</ele>
        <time>2024-08-25T22:10:18Z</time>
      </trkpt>
      <trkpt lat="47.359653" lon="8.559986">
        <ele>374</ele>
        <time>2024-08-25T22:19:01Z</time>
        <cmt>speed: 0.0</cmt>
      </trkpt>
      <trkpt lat="47.359688" lon="8.560233">
        <ele>442</ele>
        <time>2024-08-25T22:29:04Z</time>
        <cmt>speed: 0.4</cmt>
      </trkpt>
      <trkpt lat="47.359688" lon="8.560233">
        <ele>442</ele>
        <time>2024-08-25T22:30:18Z</time>
      </trkpt>
      <trkpt lat="47.359453" lon="8.559951">
        <ele>437</ele>
        <time>2024-08-25T23:49:27Z</time>
        <cmt>speed: 2.2</cmt>
      </trkpt>
      <trkpt lat="47.359453" lon="8.559951">
        <ele>437</ele>
        <time>2024-08-25T23:50:18Z</time>
      </trkpt>
      <trkpt lat="47.359538" lon="8.560159">
        <ele>438</ele>
        <time>2024-08-25T23:59:10Z</time>
        <cmt>speed: 0.3</cmt>
      </trkpt>
      <trkpt lat="47.359835" lon="8.559974">
        <ele>430</ele>
        <time>2024-08-26T00:19:17Z</time>
        <cmt>speed: 0.5</cmt>
      </trkpt>
      <trkpt lat="47.35963" lon="8.56029">
        <ele>442</ele>
        <time>2024-08-26T00:29:04Z</time>
        <cmt>speed: 0.5</cmt>
      </trkpt>
      <trkpt lat="47.35963" lon="8.56029">
        <ele>442</ele>
        <time>2024-08-26T00:30:18Z</time>
      </trkpt>
      <trkpt lat="47.359675" lon="8.560203">
        <ele>475</ele>
        <time>2024-08-26T00:39:32Z</time>
        <cmt>speed: 1.0</cmt>
      </trkpt>
      <trkpt lat="47.359879" lon="8.55972">
        <ele>433</ele>
        <time>2024-08-26T03:19:59Z</time>
        <cmt>speed: 1.4</cmt>
      </trkpt>
      <trkpt lat="47.36004" lon="8.561074">
        <ele>440</ele>
        <time>2024-08-26T03:29:40Z</time>
        <cmt>speed: 0.1</cmt>
      </trkpt>
      <trkpt lat="47.35862" lon="8.56232">
        <ele>471</ele>
        <time>2024-08-26T03:39:41Z</time>
        <cmt>speed: 0.3</cmt>
      </trkpt>
      <trkpt lat="47.35889" lon="8.562943">
        <ele>445</ele>
        <time>2024-08-26T03:49:47Z</time>
        <cmt>speed: 0.3</cmt>
      </trkpt>
      <trkpt lat="47.358871" lon="8.562902">
        <ele>468</ele>
        <time>2024-08-26T03:59:45Z</time>
        <cmt>speed: 0.4</cmt>
      </trkpt>
      <trkpt lat="47.358871" lon="8.562902">
        <ele>468</ele>
        <time>2024-08-26T04:09:50Z</time>
      </trkpt>
      <trkpt lat="47.358831" lon="8.56298">
        <ele>470</ele>
        <time>2024-08-26T04:09:51Z</time>
        <cmt>speed: 0.1</cmt>
      </trkpt>
      <trkpt lat="47.358784" lon="8.561807">
        <ele>429</ele>
        <time>2024-08-26T04:19:42Z</time>
        <cmt>speed: 0.1</cmt>
      </trkpt>
      <trkpt lat="47.358784" lon="8.561807">
        <ele>429</ele>
        <time>2024-08-26T04:29:39Z</time>
      </trkpt>
      <trkpt lat="47.358506" lon="8.561322">
        <ele>419</ele>
        <time>2024-08-26T04:29:40Z</time>
        <cmt>speed: 0.3</cmt>
      </trkpt>
      <trkpt lat="47.358835" lon="8.560996">
        <ele>435</ele>
        <time>2024-08-26T04:39:39Z</time>
        <cmt>speed: 2.9</cmt>
      </trkpt>
      <trkpt lat="47.358835" lon="8.560996">
        <ele>435</ele>
        <time>2024-08-26T04:49:41Z</time>
      </trkpt>
      <trkpt lat="47.358926" lon="8.561105">
        <ele>426</ele>
        <time>2024-08-26T04:49:42Z</time>
        <cmt>speed: 0.4</cmt>
      </trkpt>
      <trkpt lat="47.358926" lon="8.561105">
        <ele>426</ele>
        <time>2024-08-26T06:09:51Z</time>
      </trkpt>
      <trkpt lat="47.359053" lon="8.561158">
        <ele>441</ele>
        <time>2024-08-26T06:09:53Z</time>
        <cmt>speed: 0.3</cmt>
      </trkpt>
      <trkpt lat="47.359003" lon="8.560898">
        <ele>456</ele>
        <time>2024-08-26T07:20:17Z</time>
        <cmt>speed: 0.0</cmt>
      </trkpt>
      <trkpt lat="47.359003" lon="8.560898">
        <ele>456</ele>
        <time>2024-08-26T07:29:43Z</time>
      </trkpt>
      <trkpt lat="47.358717" lon="8.560666">
        <ele>465</ele>
        <time>2024-08-26T07:29:45Z</time>
        <cmt>speed: 0.1</cmt>
      </trkpt>
      <trkpt lat="47.358877" lon="8.561106">
        <ele>436</ele>
        <time>2024-08-26T07:40:02Z</time>
        <cmt>speed: 0.0</cmt>
      </trkpt>
      <trkpt lat="47.358877" lon="8.561106">
        <ele>436</ele>
        <time>2024-08-26T08:30:18Z</time>
      </trkpt>
      <trkpt lat="47.358946" lon="8.561175">
        <ele>444</ele>
        <time>2024-08-26T08:30:20Z</time>
        <cmt>speed: 0.2</cmt>
      </trkpt>
      <trkpt lat="47.358885" lon="8.560936">
        <ele>446</ele>
        <time>2024-08-26T08:39:42Z</time>
        <cmt>speed: 0.4</cmt>
      </trkpt>
      <trkpt lat="47.358792" lon="8.56225">
        <ele>444</ele>
        <time>2024-08-26T08:49:41Z</time>
        <cmt>speed: 0.0</cmt>
      </trkpt>
      <trkpt lat="47.358661" lon="8.562377">
        <ele>456</ele>
        <time>2024-08-26T08:59:39Z</time>
        <cmt>speed: 0.3</cmt>
      </trkpt>
      <trkpt lat="47.358891" lon="8.562463">
        <ele>462</ele>
        <time>2024-08-26T09:09:42Z</time>
        <cmt>speed: 0.3</cmt>
      </trkpt>
      <trkpt lat="47.359264" lon="8.563212">
        <ele>455</ele>
        <time>2024-08-26T09:19:42Z</time>
        <cmt>speed: 2.0</cmt>
      </trkpt>
      <trkpt lat="47.359264" lon="8.563212">
        <ele>455</ele>
        <time>2024-08-26T09:29:39Z</time>
      </trkpt>
      <trkpt lat="47.35848" lon="8.563806">
        <ele>444</ele>
        <time>2024-08-26T09:29:41Z</time>
        <cmt>speed: 0.1</cmt>
      </trkpt>
      <trkpt lat="47.358606" lon="8.562623">
        <ele>455</ele>
        <time>2024-08-26T09:39:40Z</time>
        <cmt>speed: 0.2</cmt>
      </trkpt>
      <trkpt lat="47.358764" lon="8.562034">
        <ele>423</ele>
        <time>2024-08-26T09:49:40Z</time>
        <cmt>speed: 0.3</cmt>
      </trkpt>
      <trkpt lat="47.358168" lon="8.562959">
        <ele>444</ele>
        <time>2024-08-26T09:59:41Z</time>
        <cmt>speed: 1.3</cmt>
      </trkpt>
      <trkpt lat="47.357627" lon="8.563315">
        <ele>453</ele>
        <time>2024-08-26T10:09:43Z</time>
        <cmt>speed: 1.7</cmt>
      </trkpt>
      <trkpt lat="47.358096" lon="8.563342">
        <ele>431</ele>
        <time>2024-08-26T10:19:39Z</time>
        <cmt>speed: 0.6</cmt>
      </trkpt>
      <trkpt lat="47.35823" lon="8.564038">
        <ele>453</ele>
        <time>2024-08-26T10:29:41Z</time>
        <cmt>speed: 0.5</cmt>
      </trkpt>
      <trkpt lat="47.358079" lon="8.564386">
        <ele>460</ele>
        <time>2024-08-26T10:39:41Z</time>
        <cmt>speed: 0.0</cmt>
      </trkpt>
      <trkpt lat="47.358629" lon="8.564091">
        <ele>456</ele>
        <time>2024-08-26T10:59:41Z</time>
        <cmt>speed: 2.7</cmt>
      </trkpt>
      <trkpt lat="47.358856" lon="8.562773">
        <ele>438</ele>
        <time>2024-08-26T11:09:43Z</time>
        <cmt>speed: 0.5</cmt>
      </trkpt>
      <trkpt lat="47.358807" lon="8.562965">
        <ele>454</ele>
        <time>2024-08-26T11:19:44Z</time>
        <cmt>speed: 0.1</cmt>
      </trkpt>
      <trkpt lat="47.358454" lon="8.563143">
        <ele>457</ele>
        <time>2024-08-26T11:29:40Z</time>
        <cmt>speed: 0.4</cmt>
      </trkpt>
      <trkpt lat="47.358477" lon="8.563498">
        <ele>466</ele>
        <time>2024-08-26T11:39:41Z</time>
        <cmt>speed: 0.2</cmt>
      </trkpt>
      <trkpt lat="47.358477" lon="8.563498">
        <ele>466</ele>
        <time>2024-08-26T11:49:45Z</time>
      </trkpt>
      <trkpt lat="47.359311" lon="8.561575">
        <ele>468</ele>
        <time>2024-08-26T11:49:47Z</time>
        <cmt>speed: 1.1</cmt>
      </trkpt>
      <trkpt lat="47.35906" lon="8.561606">
        <ele>450</ele>
        <time>2024-08-26T11:59:42Z</time>
        <cmt>speed: 0.6</cmt>
      </trkpt>
      <trkpt lat="47.358848" lon="8.561182">
        <ele>462</ele>
        <time>2024-08-26T12:09:47Z</time>
        <cmt>speed: 0.2</cmt>
      </trkpt>
      <trkpt lat="47.358912" lon="8.561217">
        <ele>445</ele>
        <time>2024-08-26T12:39:45Z</time>
        <cmt>speed: 0.4</cmt>
      </trkpt>
      <trkpt lat="47.358912" lon="8.561217">
        <ele>445</ele>
        <time>2024-08-26T12:50:10Z</time>
      </trkpt>
      <trkpt lat="47.358829" lon="8.561254">
        <ele>455</ele>
        <time>2024-08-26T12:50:13Z</time>
        <cmt>speed: 0.6</cmt>
      </trkpt>
      <trkpt lat="47.358837" lon="8.560979">
        <ele>468</ele>
        <time>2024-08-26T13:09:44Z</time>
        <cmt>speed: 0.1</cmt>
      </trkpt>
      <trkpt lat="47.358952" lon="8.561234">
        <ele>468</ele>
        <time>2024-08-26T13:19:49Z</time>
        <cmt>speed: 0.3</cmt>
      </trkpt>
      <trkpt lat="47.358946" lon="8.561007">
        <ele>449</ele>
        <time>2024-08-26T13:41:11Z</time>
        <cmt>speed: 0.8</cmt>
      </trkpt>
      <trkpt lat="47.358785" lon="8.562154">
        <ele>421</ele>
        <time>2024-08-26T13:50:50Z</time>
        <cmt>speed: 0.8</cmt>
      </trkpt>
      <trkpt lat="47.358186" lon="8.563555">
        <ele>451</ele>
        <time>2024-08-26T14:00:46Z</time>
        <cmt>speed: 0.8</cmt>
      </trkpt>
      <trkpt lat="47.3585" lon="8.564393">
        <ele>457</ele>
        <time>2024-08-26T14:10:47Z</time>
        <cmt>speed: 0.3</cmt>
      </trkpt>
      <trkpt lat="47.35826" lon="8.564712">
        <ele>436</ele>
        <time>2024-08-26T14:20:46Z</time>
        <cmt>speed: 0.1</cmt>
      </trkpt>
      <trkpt lat="47.35826" lon="8.564712">
        <ele>436</ele>
        <time>2024-08-26T14:30:45Z</time>
      </trkpt>
      <trkpt lat="47.358211" lon="8.564577">
        <ele>448</ele>
        <time>2024-08-26T14:30:48Z</time>
        <cmt>speed: 0.5</cmt>
      </trkpt>
      <trkpt lat="47.358334" lon="8.565002">
        <ele>443</ele>
        <time>2024-08-26T14:40:48Z</time>
        <cmt>speed: 0.4</cmt>
      </trkpt>
      <trkpt lat="47.358554" lon="8.564911">
        <ele>443</ele>
        <time>2024-08-26T14:50:52Z</time>
        <cmt>speed: 0.2</cmt>
      </trkpt>
      <trkpt lat="47.358607" lon="8.563786">
        <ele>447</ele>
        <time>2024-08-26T15:00:47Z</time>
        <cmt>speed: 1.0</cmt>
      </trkpt>
      <trkpt lat="47.359015" lon="8.562308">
        <ele>438</ele>
        <time>2024-08-26T15:10:47Z</time>
        <cmt>speed: 0.9</cmt>
      </trkpt>
      <trkpt lat="47.358996" lon="8.562212">
        <ele>437</ele>
        <time>2024-08-26T15:20:47Z</time>
        <cmt>speed: 0.4</cmt>
      </trkpt>
      <trkpt lat="47.358996" lon="8.562212">
        <ele>437</ele>
        <time>2024-08-26T15:30:45Z</time>
      </trkpt>
      <trkpt lat="47.358993" lon="8.562269">
        <ele>459</ele>
        <time>2024-08-26T15:30:48Z</time>
        <cmt>speed: 0.0</cmt>
      </trkpt>
      <trkpt lat="47.359025" lon="8.562338">
        <ele>389</ele>
        <time>2024-08-26T15:40:53Z</time>
        <cmt>speed: 1.1</cmt>
      </trkpt>
      <trkpt lat="47.359025" lon="8.562338">
        <ele>389</ele>
        <time>2024-08-26T15:50:46Z</time>
      </trkpt>
      <trkpt lat="47.358859" lon="8.5621">
        <ele>450</ele>
        <time>2024-08-26T15:50:49Z</time>
        <cmt>speed: 0.0</cmt>
      </trkpt>
      <trkpt lat="47.358609" lon="8.563078">
        <ele>434</ele>
        <time>2024-08-26T16:00:47Z</time>
        <cmt>speed: 0.2</cmt>
      </trkpt>
      <trkpt lat="47.358609" lon="8.563078">
        <ele>434</ele>
        <time>2024-08-26T16:10:44Z</time>
      </trkpt>
      <trkpt lat="47.358162" lon="8.564347">
        <ele>465</ele>
        <time>2024-08-26T16:10:47Z</time>
        <cmt>speed: 0.4</cmt>
      </trkpt>
      <trkpt lat="47.358089" lon="8.564401">
        <ele>461</ele>
        <time>2024-08-26T16:20:48Z</time>
        <cmt>speed: 0.3</cmt>
      </trkpt>
      <trkpt lat="47.357908" lon="8.564302">
        <ele>447</ele>
        <time>2024-08-26T16:30:46Z</time>
        <cmt>speed: 1.0</cmt>
      </trkpt>
      <trkpt lat="47.358094" lon="8.564383">
        <ele>457</ele>
        <time>2024-08-26T16:40:48Z</time>
        <cmt>speed: 0.0</cmt>
      </trkpt>
      <trkpt lat="47.358021" lon="8.564373">
        <ele>450</ele>
        <time>2024-08-26T16:50:46Z</time>
        <cmt>speed: 0.3</cmt>
      </trkpt>
      <trkpt lat="47.358137" lon="8.564422">
        <ele>459</ele>
        <time>2024-08-26T17:00:47Z</time>
        <cmt>speed: 0.1</cmt>
      </trkpt>
      <trkpt lat="47.358066" lon="8.564417">
        <ele>465</ele>
        <time>2024-08-26T17:10:47Z</time>
        <cmt>speed: 0.4</cmt>
      </trkpt>
      <trkpt lat="47.357935" lon="8.564544">
        <ele>469</ele>
        <time>2024-08-26T17:20:48Z</time>
        <cmt>speed: 1.6</cmt>
      </trkpt>
      <trkpt lat="47.357935" lon="8.564544">
        <ele>469</ele>
        <time>2024-08-26T17:30:44Z</time>
      </trkpt>
      <trkpt lat="47.357942" lon="8.564426">
        <ele>468</ele>
        <time>2024-08-26T17:30:47Z</time>
        <cmt>speed: 0.1</cmt>
      </trkpt>
      <trkpt lat="47.358198" lon="8.564562">
        <ele>449</ele>
        <time>2024-08-26T17:40:48Z</time>
        <cmt>speed: 0.7</cmt>
      </trkpt>
      <trkpt lat="47.358198" lon="8.564562">
        <ele>449</ele>
        <time>2024-08-26T17:50:45Z</time>
      </trkpt>
      <trkpt lat="47.357998" lon="8.564424">
        <ele>451</ele>
        <time>2024-08-26T17:50:48Z</time>
        <cmt>speed: 0.0</cmt>
      </trkpt>
      <trkpt lat="47.3582" lon="8.564436">
        <ele>466</ele>
        <time>2024-08-26T18:00:48Z</time>
        <cmt>speed: 0.1</cmt>
      </trkpt>
      <trkpt lat="47.358137" lon="8.564507">
        <ele>432</ele>
        <time>2024-08-26T18:10:48Z</time>
        <cmt>speed: 0.0</cmt>
      </trkpt>
      <trkpt lat="47.35816" lon="8.564496">
        <ele>453</ele>
        <time>2024-08-26T18:20:50Z</time>
        <cmt>speed: 0.2</cmt>
      </trkpt>
      <trkpt lat="47.358477" lon="8.564752">
        <ele>447</ele>
        <time>2024-08-26T18:30:47Z</time>
        <cmt>speed: 0.1</cmt>
      </trkpt>
      <trkpt lat="47.358352" lon="8.564377">
        <ele>472</ele>
        <time>2024-08-26T18:40:48Z</time>
        <cmt>speed: 0.4</cmt>
      </trkpt>
      <trkpt lat="47.358282" lon="8.563699">
        <ele>467</ele>
        <time>2024-08-26T18:50:47Z</time>
        <cmt>speed: 0.3</cmt>
      </trkpt>
      <trkpt lat="47.35875" lon="8.562164">
        <ele>464</ele>
        <time>2024-08-26T19:00:48Z</time>
        <cmt>speed: 0.4</cmt>
      </trkpt>
      <trkpt lat="47.35889" lon="8.561794">
        <ele>473</ele>
        <time>2024-08-26T19:10:51Z</time>
        <cmt>speed: 0.5</cmt>
      </trkpt>
      <trkpt lat="47.358795" lon="8.562129">
        <ele>490</ele>
        <time>2024-08-26T19:20:54Z</time>
        <cmt>speed: 0.0</cmt>
      </trkpt>
      <trkpt lat="47.359441" lon="8.560832">
        <ele>459</ele>
        <time>2024-08-26T19:30:49Z</time>
        <cmt>speed: 0.2</cmt>
      </trkpt>
      <trkpt lat="47.35844" lon="8.559166">
        <ele>436</ele>
        <time>2024-08-26T19:40:47Z</time>
        <cmt>speed: 0.6</cmt>
      </trkpt>
      <trkpt lat="47.357903" lon="8.560098">
        <ele>436</ele>
        <time>2024-08-26T19:50:49Z</time>
        <cmt>speed: 0.5</cmt>
      </trkpt>
      <trkpt lat="47.358817" lon="8.560211">
        <ele>433</ele>
        <time>2024-08-26T20:00:50Z</time>
        <cmt>speed: 0.9</cmt>
      </trkpt>
      <trkpt lat="47.359682" lon="8.561928">
        <ele>477</ele>
        <time>2024-08-26T20:10:55Z</time>
        <cmt>speed: 2.2</cmt>
      </trkpt>
      <trkpt lat="47.359845" lon="8.561037">
        <ele>400</ele>
        <time>2024-08-26T20:20:56Z</time>
        <cmt>speed: 0.4</cmt>
      </trkpt>
      <trkpt lat="47.359857" lon="8.560549">
        <ele>434</ele>
        <time>2024-08-26T20:30:50Z</time>
        <cmt>speed: 0.8</cmt>
      </trkpt>
      <trkpt lat="47.359527" lon="8.558969">
        <ele>443</ele>
        <time>2024-08-26T20:40:52Z</time>
        <cmt>speed: 0.3</cmt>
      </trkpt>
      <trkpt lat="47.359678" lon="8.560199">
        <ele>480</ele>
        <time>2024-08-26T20:50:49Z</time>
        <cmt>speed: 0.3</cmt>
      </trkpt>
      <trkpt lat="47.359678" lon="8.560199">
        <ele>480</ele>
        <time>2024-08-26T21:10:45Z</time>
      </trkpt>
      <trkpt lat="47.358931" lon="8.561733">
        <ele>415</ele>
        <time>2024-08-26T21:10:49Z</time>
        <cmt>speed: 0.1</cmt>
      </trkpt>
      <trkpt lat="47.358703" lon="8.561527">
        <ele>489</ele>
        <time>2024-08-26T21:20:53Z</time>
        <cmt>speed: 1.1</cmt>
      </trkpt>
      <trkpt lat="47.358703" lon="8.561527">
        <ele>489</ele>
        <time>2024-08-26T21:30:46Z</time>
      </trkpt>
      <trkpt lat="47.358705" lon="8.562179">
        <ele>438</ele>
        <time>2024-08-26T21:30:50Z</time>
        <cmt>speed: 1.6</cmt>
      </trkpt>
      <trkpt lat="47.358843" lon="8.562197">
        <ele>446</ele>
        <time>2024-08-26T21:40:50Z</time>
        <cmt>speed: 0.4</cmt>
      </trkpt>
      <trkpt lat="47.358843" lon="8.562197">
        <ele>446</ele>
        <time>2024-08-26T21:50:45Z</time>
      </trkpt>
      <trkpt lat="47.35884" lon="8.562159">
        <ele>439</ele>
        <time>2024-08-26T21:50:49Z</time>
        <cmt>speed: 0.5</cmt>
      </trkpt>
      <trkpt lat="47.358798" lon="8.562205">
        <ele>422</ele>
        <time>2024-08-26T22:10:55Z</time>
        <cmt>speed: 0.1</cmt>
      </trkpt>
      <trkpt lat="47.358783" lon="8.562184">
        <ele>441</ele>
        <time>2024-08-26T22:50:49Z</time>
        <cmt>speed: 0.6</cmt>
      </trkpt>
      <trkpt lat="47.358762" lon="8.562283">
        <ele>453</ele>
        <time>2024-08-26T23:00:49Z</time>
        <cmt>speed: 0.1</cmt>
      </trkpt>
      <trkpt lat="47.358771" lon="8.562174">
        <ele>495</ele>
        <time>2024-08-26T23:50:50Z</time>
        <cmt>speed: 0.1</cmt>
      </trkpt>
      <trkpt lat="47.357997" lon="8.561867">
        <ele>470</ele>
        <time>2024-08-27T00:00:49Z</time>
        <cmt>speed: 1.1</cmt>
      </trkpt>
      <trkpt lat="47.358044" lon="8.561902">
        <ele>414</ele>
        <time>2024-08-27T00:10:50Z</time>
        <cmt>speed: 0.5</cmt>
      </trkpt>
      <trkpt lat="47.35884" lon="8.562191">
        <ele>470</ele>
        <time>2024-08-27T00:20:51Z</time>
        <cmt>speed: 0.1</cmt>
      </trkpt>
      <trkpt lat="47.35865" lon="8.562099">
        <ele>437</ele>
        <time>2024-08-27T00:30:49Z</time>
        <cmt>speed: 0.1</cmt>
      </trkpt>
      <trkpt lat="47.358843" lon="8.562262">
        <ele>454</ele>
        <time>2024-08-27T00:40:49Z</time>
        <cmt>speed: 1.1</cmt>
      </trkpt>
      <trkpt lat="47.358843" lon="8.562262">
        <ele>454</ele>
        <time>2024-08-27T00:49:39Z</time>
      </trkpt>
      <trkpt lat="47.358751" lon="8.562332">
        <ele>451</ele>
        <time>2024-08-27T01:03:11Z</time>
        <cmt>speed: 0.4</cmt>
      </trkpt>
      <trkpt lat="47.358913" lon="8.562243">
        <ele>463</ele>
        <time>2024-08-27T01:22:00Z</time>
        <cmt>speed: 0.1</cmt>
      </trkpt>
      <trkpt lat="47.358755" lon="8.562234">
        <ele>472</ele>
        <time>2024-08-27T01:32:00Z</time>
        <cmt>speed: 0.1</cmt>
      </trkpt>
      <trkpt lat="47.358771" lon="8.562214">
        <ele>436</ele>
        <time>2024-08-27T01:41:58Z</time>
        <cmt>speed: 0.8</cmt>
      </trkpt>
      <trkpt lat="47.358771" lon="8.562214">
        <ele>436</ele>
        <time>2024-08-27T01:51:55Z</time>
      </trkpt>
      <trkpt lat="47.358962" lon="8.562302">
        <ele>457</ele>
        <time>2024-08-27T01:52:00Z</time>
        <cmt>speed: 0.3</cmt>
      </trkpt>
      <trkpt lat="47.358793" lon="8.562275">
        <ele>440</ele>
        <time>2024-08-27T02:01:59Z</time>
        <cmt>speed: 0.1</cmt>
      </trkpt>
      <trkpt lat="47.358793" lon="8.562275">
        <ele>440</ele>
        <time>2024-08-27T02:11:55Z</time>
      </trkpt>
      <trkpt lat="47.358797" lon="8.562204">
        <ele>445</ele>
        <time>2024-08-27T02:12:00Z</time>
        <cmt>speed: 0.0</cmt>
      </trkpt>
      <trkpt lat="47.358851" lon="8.562075">
        <ele>450</ele>
        <time>2024-08-27T02:21:59Z</time>
        <cmt>speed: 0.6</cmt>
      </trkpt>
      <trkpt lat="47.359359" lon="8.56069">
        <ele>448</ele>
        <time>2024-08-27T02:32:00Z</time>
        <cmt>speed: 0.6</cmt>
      </trkpt>
      <trkpt lat="47.358548" lon="8.560066">
        <ele>457</ele>
        <time>2024-08-27T02:42:00Z</time>
        <cmt>speed: 0.9</cmt>
      </trkpt>
      <trkpt lat="47.358548" lon="8.560066">
        <ele>457</ele>
        <time>2024-08-27T02:51:55Z</time>
      </trkpt>
      <trkpt lat="47.3579" lon="8.56067">
        <ele>445</ele>
        <time>2024-08-27T02:52:00Z</time>
        <cmt>speed: 0.0</cmt>
      </trkpt>
      <trkpt lat="47.357767" lon="8.560607">
        <ele>438</ele>
        <time>2024-08-27T03:02:07Z</time>
        <cmt>speed: 0.2</cmt>
      </trkpt>
      <trkpt lat="47.357767" lon="8.560607">
        <ele>438</ele>
        <time>2024-08-27T03:11:58Z</time>
      </trkpt>
      <trkpt lat="47.357959" lon="8.560719">
        <ele>454</ele>
        <time>2024-08-27T03:12:03Z</time>
        <cmt>speed: 0.1</cmt>
      </trkpt>
      <trkpt lat="47.357794" lon="8.560549">
        <ele>485</ele>
        <time>2024-08-27T03:32:02Z</time>
        <cmt>speed: 0.1</cmt>
      </trkpt>
      <trkpt lat="47.358718" lon="8.562141">
        <ele>431</ele>
        <time>2024-08-27T03:41:59Z</time>
        <cmt>speed: 0.7</cmt>
      </trkpt>
      <trkpt lat="47.358675" lon="8.562409">
        <ele>418</ele>
        <time>2024-08-27T03:51:59Z</time>
        <cmt>speed: 0.9</cmt>
      </trkpt>
      <trkpt lat="47.358813" lon="8.563457">
        <ele>473</ele>
        <time>2024-08-27T04:02:00Z</time>
        <cmt>speed: 0.2</cmt>
      </trkpt>
      <trkpt lat="47.358404" lon="8.563936">
        <ele>442</ele>
        <time>2024-08-27T04:11:59Z</time>
        <cmt>speed: 0.2</cmt>
      </trkpt>
      <trkpt lat="47.358404" lon="8.563936">
        <ele>442</ele>
        <time>2024-08-27T04:31:55Z</time>
      </trkpt>
      <trkpt lat="47.358272" lon="8.564486">
        <ele>435</ele>
        <time>2024-08-27T04:32:00Z</time>
        <cmt>speed: 0.0</cmt>
      </trkpt>
      <trkpt lat="47.357873" lon="8.564379">
        <ele>445</ele>
        <time>2024-08-27T04:41:58Z</time>
        <cmt>speed: 0.4</cmt>
      </trkpt>
      <trkpt lat="47.357429" lon="8.563828">
        <ele>457</ele>
        <time>2024-08-27T04:51:59Z</time>
        <cmt>speed: 0.4</cmt>
      </trkpt>
      <trkpt lat="47.357132" lon="8.563588">
        <ele>496</ele>
        <time>2024-08-27T05:01:58Z</time>
        <cmt>speed: 0.8</cmt>
      </trkpt>
      <trkpt lat="47.357858" lon="8.562551">
        <ele>426</ele>
        <time>2024-08-27T05:12:07Z</time>
        <cmt>speed: 0.7</cmt>
      </trkpt>
      <trkpt lat="47.358318" lon="8.562434">
        <ele>463</ele>
        <time>2024-08-27T05:22:00Z</time>
        <cmt>speed: 2.6</cmt>
      </trkpt>
      <trkpt lat="47.360329" lon="8.5635">
        <ele>470</ele>
        <time>2024-08-27T05:31:59Z</time>
        <cmt>speed: 7.9</cmt>
      </trkpt>
      <trkpt lat="47.359974" lon="8.56367">
        <ele>434</ele>
        <time>2024-08-27T05:34:57Z</time>
      </trkpt>
      <trkpt lat="47.359974" lon="8.56367">
        <ele>434</ele>
        <time>2024-08-27T05:49:57Z</time>
      </trkpt>
      <trkpt lat="47.359974" lon="8.56367">
        <ele>434</ele>
        <time>2024-08-27T06:17:49Z</time>
      </trkpt>
      <trkpt lat="47.359974" lon="8.56367">
        <ele>434</ele>
        <time>2024-08-27T06:20:24Z</time>
      </trkpt>
      <trkpt lat="47.359974" lon="8.56367">
        <ele>434</ele>
        <time>2024-08-27T06:25:27Z</time>
      </trkpt>
      <trkpt lat="47.359974" lon="8.56367">
        <ele>434</ele>
        <time>2024-08-27T06:40:27Z</time>
      </trkpt>
      <trkpt lat="47.359891" lon="8.563174">
        <ele>437</ele>
        <time>2024-08-27T10:53:07Z</time>
        <cmt>speed: 0.6</cmt>
      </trkpt>
      <trkpt lat="47.359825" lon="8.561559">
        <ele>430</ele>
        <time>2024-08-27T11:03:02Z</time>
        <cmt>speed: 1.0</cmt>
      </trkpt>
      <trkpt lat="47.358799" lon="8.561968">
        <ele>421</ele>
        <time>2024-08-27T11:13:03Z</time>
        <cmt>speed: 1.3</cmt>
      </trkpt>
      <trkpt lat="47.35871" lon="8.562523">
        <ele>428</ele>
        <time>2024-08-27T11:23:01Z</time>
        <cmt>speed: 0.1</cmt>
      </trkpt>
      <trkpt lat="47.35871" lon="8.562523">
        <ele>428</ele>
        <time>2024-08-27T11:32:57Z</time>
      </trkpt>
      <trkpt lat="47.358968" lon="8.562369">
        <ele>440</ele>
        <time>2024-08-27T11:33:02Z</time>
        <cmt>speed: 0.0</cmt>
      </trkpt>
      <trkpt lat="47.359229" lon="8.561864">
        <ele>453</ele>
        <time>2024-08-27T11:43:04Z</time>
        <cmt>speed: 0.1</cmt>
      </trkpt>
      <trkpt lat="47.359285" lon="8.562023">
        <ele>419</ele>
        <time>2024-08-27T14:22:08Z</time>
        <cmt>speed: 0.1</cmt>
      </trkpt>
      <trkpt lat="47.35934" lon="8.561891">
        <ele>428</ele>
        <time>2024-08-27T15:31:23Z</time>
        <cmt>speed: 0.9</cmt>
      </trkpt>
      <trkpt lat="47.35934" lon="8.561891">
        <ele>428</ele>
        <time>2024-08-27T15:41:17Z</time>
      </trkpt>
      <trkpt lat="47.359019" lon="8.562503">
        <ele>451</ele>
        <time>2024-08-27T15:41:24Z</time>
        <cmt>speed: 1.0</cmt>
      </trkpt>
      <trkpt lat="47.358865" lon="8.562613">
        <ele>477</ele>
        <time>2024-08-27T15:51:23Z</time>
        <cmt>speed: 0.1</cmt>
      </trkpt>
      <trkpt lat="47.358865" lon="8.562613">
        <ele>477</ele>
        <time>2024-08-27T15:52:57Z</time>
      </trkpt>
      <trkpt lat="47.358867" lon="8.562524">
        <ele>458</ele>
        <time>2024-08-27T16:01:24Z</time>
        <cmt>speed: 0.0</cmt>
      </trkpt>
      <trkpt lat="47.35874" lon="8.562157">
        <ele>426</ele>
        <time>2024-08-27T16:11:22Z</time>
        <cmt>speed: 0.6</cmt>
      </trkpt>
      <trkpt lat="47.35874" lon="8.562157">
        <ele>426</ele>
        <time>2024-08-27T16:21:17Z</time>
      </trkpt>
      <trkpt lat="47.358892" lon="8.562387">
        <ele>464</ele>
        <time>2024-08-27T16:21:24Z</time>
        <cmt>speed: 0.0</cmt>
      </trkpt>
      <trkpt lat="47.35885" lon="8.562458">
        <ele>391</ele>
        <time>2024-08-27T16:31:22Z</time>
        <cmt>speed: 0.1</cmt>
      </trkpt>
      <trkpt lat="47.358637" lon="8.562462">
        <ele>411</ele>
        <time>2024-08-27T16:41:25Z</time>
        <cmt>speed: 0.9</cmt>
      </trkpt>
      <trkpt lat="47.358748" lon="8.562188">
        <ele>435</ele>
        <time>2024-08-27T16:51:24Z</time>
        <cmt>speed: 0.1</cmt>
      </trkpt>
      <trkpt lat="47.358748" lon="8.562188">
        <ele>435</ele>
        <time>2024-08-27T16:52:57Z</time>
      </trkpt>
      <trkpt lat="47.358617" lon="8.562353">
        <ele>457</ele>
        <time>2024-08-27T17:01:25Z</time>
        <cmt>speed: 0.8</cmt>
      </trkpt>
      <trkpt lat="47.358598" lon="8.561237">
        <ele>439</ele>
        <time>2024-08-27T17:11:23Z</time>
        <cmt>speed: 0.5</cmt>
      </trkpt>
      <trkpt lat="47.358598" lon="8.561237">
        <ele>439</ele>
        <time>2024-08-27T17:21:19Z</time>
      </trkpt>
      <trkpt lat="47.358478" lon="8.561157">
        <ele>431</ele>
        <time>2024-08-27T17:21:26Z</time>
        <cmt>speed: 0.6</cmt>
      </trkpt>
      <trkpt lat="47.358532" lon="8.560905">
        <ele>433</ele>
        <time>2024-08-27T17:31:25Z</time>
        <cmt>speed: 0.7</cmt>
      </trkpt>
      <trkpt lat="47.358532" lon="8.560905">
        <ele>433</ele>
        <time>2024-08-27T17:32:57Z</time>
      </trkpt>
      <trkpt lat="47.358324" lon="8.560864">
        <ele>451</ele>
        <time>2024-08-27T17:41:36Z</time>
        <cmt>speed: 0.0</cmt>
      </trkpt>
      <trkpt lat="47.359127" lon="8.560512">
        <ele>431</ele>
        <time>2024-08-27T17:51:25Z</time>
        <cmt>speed: 0.2</cmt>
      </trkpt>
      <trkpt lat="47.359164" lon="8.559745">
        <ele>402</ele>
        <time>2024-08-27T18:01:26Z</time>
        <cmt>speed: 0.1</cmt>
      </trkpt>
      <trkpt lat="47.358346" lon="8.559097">
        <ele>432</ele>
        <time>2024-08-27T18:11:27Z</time>
        <cmt>speed: 0.2</cmt>
      </trkpt>
      <trkpt lat="47.357955" lon="8.559111">
        <ele>471</ele>
        <time>2024-08-27T18:21:27Z</time>
        <cmt>speed: 0.7</cmt>
      </trkpt>
      <trkpt lat="47.358021" lon="8.560072">
        <ele>428</ele>
        <time>2024-08-27T18:31:27Z</time>
        <cmt>speed: 0.3</cmt>
      </trkpt>
      <trkpt lat="47.35888" lon="8.560708">
        <ele>464</ele>
        <time>2024-08-27T18:41:25Z</time>
        <cmt>speed: 0.7</cmt>
      </trkpt>
      <trkpt lat="47.358841" lon="8.56248">
        <ele>447</ele>
        <time>2024-08-27T18:51:24Z</time>
        <cmt>speed: 0.3</cmt>
      </trkpt>
      <trkpt lat="47.358841" lon="8.56248">
        <ele>447</ele>
        <time>2024-08-27T18:52:57Z</time>
      </trkpt>
      <trkpt lat="47.358795" lon="8.562374">
        <ele>495</ele>
        <time>2024-08-27T19:01:25Z</time>
        <cmt>speed: 0.1</cmt>
      </trkpt>
      <trkpt lat="47.358928" lon="8.562885">
        <ele>466</ele>
        <time>2024-08-27T19:11:23Z</time>
        <cmt>speed: 0.8</cmt>
      </trkpt>
      <trkpt lat="47.359501" lon="8.56281">
        <ele>395</ele>
        <time>2024-08-27T19:21:26Z</time>
        <cmt>speed: 0.2</cmt>
      </trkpt>
      <trkpt lat="47.359024" lon="8.562465">
        <ele>450</ele>
        <time>2024-08-27T19:31:23Z</time>
        <cmt>speed: 0.0</cmt>
      </trkpt>
      <trkpt lat="47.359024" lon="8.562465">
        <ele>450</ele>
        <time>2024-08-27T19:41:16Z</time>
      </trkpt>
      <trkpt lat="47.35879" lon="8.562158">
        <ele>460</ele>
        <time>2024-08-27T19:41:23Z</time>
        <cmt>speed: 0.6</cmt>
      </trkpt>
      <trkpt lat="47.358761" lon="8.562273">
        <ele>407</ele>
        <time>2024-08-27T19:51:32Z</time>
        <cmt>speed: 0.0</cmt>
      </trkpt>
      <trkpt lat="47.358761" lon="8.562273">
        <ele>407</ele>
        <time>2024-08-27T19:52:57Z</time>
      </trkpt>
      <trkpt lat="47.358788" lon="8.562358">
        <ele>469</ele>
        <time>2024-08-27T20:10:10Z</time>
        <cmt>speed: 1.1</cmt>
      </trkpt>
      <trkpt lat="47.358788" lon="8.562358">
        <ele>469</ele>
        <time>2024-08-27T20:12:57Z</time>
      </trkpt>
      <trkpt lat="47.358754" lon="8.562234">
        <ele>441</ele>
        <time>2024-08-27T20:20:12Z</time>
        <cmt>speed: 0.0</cmt>
      </trkpt>
      <trkpt lat="47.358775" lon="8.562211">
        <ele>453</ele>
        <time>2024-08-27T20:30:10Z</time>
        <cmt>speed: 0.6</cmt>
      </trkpt>
      <trkpt lat="47.358775" lon="8.562211">
        <ele>453</ele>
        <time>2024-08-27T20:32:57Z</time>
      </trkpt>
      <trkpt lat="47.358806" lon="8.562248">
        <ele>444</ele>
        <time>2024-08-27T20:42:56Z</time>
        <cmt>speed: 2.0</cmt>
      </trkpt>
      <trkpt lat="47.359191" lon="8.562237">
        <ele>487</ele>
        <time>2024-08-27T20:52:55Z</time>
        <cmt>speed: 0.0</cmt>
      </trkpt>
      <trkpt lat="47.359191" lon="8.562237">
        <ele>487</ele>
        <time>2024-08-27T20:52:57Z</time>
      </trkpt>
      <trkpt lat="47.358863" lon="8.561385">
        <ele>444</ele>
        <time>2024-08-27T21:02:54Z</time>
        <cmt>speed: 2.0</cmt>
      </trkpt>
      <trkpt lat="47.36025" lon="8.561614">
        <ele>442</ele>
        <time>2024-08-27T21:12:54Z</time>
        <cmt>speed: 2.5</cmt>
      </trkpt>
      <trkpt lat="47.359981" lon="8.561873">
        <ele>477</ele>
        <time>2024-08-27T21:23:00Z</time>
        <cmt>speed: 0.2</cmt>
      </trkpt>
      <trkpt lat="47.360105" lon="8.561886">
        <ele>460</ele>
        <time>2024-08-27T21:33:09Z</time>
        <cmt>speed: 0.5</cmt>
      </trkpt>
      <trkpt lat="47.360244" lon="8.562007">
        <ele>428</ele>
        <time>2024-08-27T23:02:07Z</time>
        <cmt>speed: 1.1</cmt>
      </trkpt>
      <trkpt lat="47.360246" lon="8.561934">
        <ele>432</ele>
        <time>2024-08-28T00:01:58Z</time>
        <cmt>speed: 0.2</cmt>
      </trkpt>
      <trkpt lat="47.360347" lon="8.561969">
        <ele>419</ele>
        <time>2024-08-28T01:08:41Z</time>
        <cmt>speed: 0.2</cmt>
      </trkpt>
      <trkpt lat="47.360328" lon="8.562226">
        <ele>412</ele>
        <time>2024-08-28T01:48:07Z</time>
        <cmt>speed: 1.9</cmt>
      </trkpt>
      <trkpt lat="47.360328" lon="8.562226">
        <ele>412</ele>
        <time>2024-08-28T01:52:47Z</time>
      </trkpt>
      <trkpt lat="47.360048" lon="8.561941">
        <ele>465</ele>
        <time>2024-08-28T01:58:08Z</time>
        <cmt>speed: 0.1</cmt>
      </trkpt>
      <trkpt lat="47.359976" lon="8.562136">
        <ele>460</ele>
        <time>2024-08-28T02:18:03Z</time>
        <cmt>speed: 0.1</cmt>
      </trkpt>
      <trkpt lat="47.359956" lon="8.562026">
        <ele>444</ele>
        <time>2024-08-28T03:07:59Z</time>
        <cmt>speed: 0.4</cmt>
      </trkpt>
      <trkpt lat="47.36024" lon="8.562089">
        <ele>436</ele>
        <time>2024-08-28T03:17:59Z</time>
        <cmt>speed: 1.2</cmt>
      </trkpt>
      <trkpt lat="47.359454" lon="8.562232">
        <ele>446</ele>
        <time>2024-08-28T03:27:57Z</time>
        <cmt>speed: 0.5</cmt>
      </trkpt>
      <trkpt lat="47.359454" lon="8.562232">
        <ele>446</ele>
        <time>2024-08-28T03:37:45Z</time>
      </trkpt>
      <trkpt lat="47.358757" lon="8.562092">
        <ele>439</ele>
        <time>2024-08-28T03:37:54Z</time>
        <cmt>speed: 0.2</cmt>
      </trkpt>
      <trkpt lat="47.358842" lon="8.562187">
        <ele>456</ele>
        <time>2024-08-28T03:47:53Z</time>
        <cmt>speed: 0.0</cmt>
      </trkpt>
      <trkpt lat="47.358634" lon="8.56368">
        <ele>442</ele>
        <time>2024-08-28T03:57:53Z</time>
        <cmt>speed: 0.0</cmt>
      </trkpt>
      <trkpt lat="47.358082" lon="8.564453">
        <ele>435</ele>
        <time>2024-08-28T04:07:52Z</time>
        <cmt>speed: 0.2</cmt>
      </trkpt>
      <trkpt lat="47.358082" lon="8.564453">
        <ele>435</ele>
        <time>2024-08-28T04:17:45Z</time>
      </trkpt>
      <trkpt lat="47.357653" lon="8.564853">
        <ele>453</ele>
        <time>2024-08-28T04:17:54Z</time>
        <cmt>speed: 0.2</cmt>
      </trkpt>
      <trkpt lat="47.357622" lon="8.563976">
        <ele>451</ele>
        <time>2024-08-28T04:27:53Z</time>
        <cmt>speed: 0.1</cmt>
      </trkpt>
      <trkpt lat="47.357983" lon="8.563458">
        <ele>415</ele>
        <time>2024-08-28T04:37:52Z</time>
        <cmt>speed: 0.7</cmt>
      </trkpt>
      <trkpt lat="47.359043" lon="8.561845">
        <ele>444</ele>
        <time>2024-08-28T04:47:55Z</time>
        <cmt>speed: 0.4</cmt>
      </trkpt>
      <trkpt lat="47.358577" lon="8.559967">
        <ele>443</ele>
        <time>2024-08-28T04:57:53Z</time>
        <cmt>speed: 1.2</cmt>
      </trkpt>
      <trkpt lat="47.359832" lon="8.561555">
        <ele>433</ele>
        <time>2024-08-28T05:07:56Z</time>
        <cmt>speed: 0.2</cmt>
      </trkpt>
      <trkpt lat="47.359974" lon="8.56367">
        <ele>434</ele>
        <time>2024-08-28T05:12:46Z</time>
      </trkpt>
      <trkpt lat="47.359279" lon="8.563147">
        <ele>449</ele>
        <time>2024-08-28T05:17:55Z</time>
        <cmt>speed: 0.2</cmt>
      </trkpt>
      <trkpt lat="47.35863" lon="8.562212">
        <ele>485</ele>
        <time>2024-08-28T05:27:54Z</time>
        <cmt>speed: 0.2</cmt>
      </trkpt>
      <trkpt lat="47.35863" lon="8.562212">
        <ele>485</ele>
        <time>2024-08-28T05:37:46Z</time>
      </trkpt>
      <trkpt lat="47.359084" lon="8.562824">
        <ele>414</ele>
        <time>2024-08-28T05:37:53Z</time>
        <cmt>speed: 1.4</cmt>
      </trkpt>
      <trkpt lat="47.359079" lon="8.562672">
        <ele>434</ele>
        <time>2024-08-28T05:47:54Z</time>
        <cmt>speed: 0.1</cmt>
      </trkpt>
      <trkpt lat="47.358685" lon="8.562079">
        <ele>430</ele>
        <time>2024-08-28T05:57:53Z</time>
        <cmt>speed: 0.6</cmt>
      </trkpt>
      <trkpt lat="47.357685" lon="8.5618">
        <ele>458</ele>
        <time>2024-08-28T06:07:55Z</time>
        <cmt>speed: 0.8</cmt>
      </trkpt>
      <trkpt lat="47.358072" lon="8.56094">
        <ele>424</ele>
        <time>2024-08-28T06:17:53Z</time>
        <cmt>speed: 0.4</cmt>
      </trkpt>
      <trkpt lat="47.358549" lon="8.560873">
        <ele>452</ele>
        <time>2024-08-28T06:27:54Z</time>
        <cmt>speed: 0.1</cmt>
      </trkpt>
      <trkpt lat="47.358798" lon="8.561197">
        <ele>449</ele>
        <time>2024-08-28T06:37:53Z</time>
        <cmt>speed: 0.2</cmt>
      </trkpt>
      <trkpt lat="47.358802" lon="8.56188">
        <ele>438</ele>
        <time>2024-08-28T06:47:55Z</time>
        <cmt>speed: 0.1</cmt>
      </trkpt>
      <trkpt lat="47.359879" lon="8.561913">
        <ele>457</ele>
        <time>2024-08-28T06:57:56Z</time>
        <cmt>speed: 0.0</cmt>
      </trkpt>
      <trkpt lat="47.360091" lon="8.563301">
        <ele>428</ele>
        <time>2024-08-28T07:07:53Z</time>
        <cmt>speed: 0.7</cmt>
      </trkpt>
      <trkpt lat="47.359974" lon="8.56367">
        <ele>434</ele>
        <time>2024-08-29T06:52:49Z</time>
      </trkpt>
      <trkpt lat="47.359974" lon="8.56367">
        <ele>434</ele>
        <time>2024-08-29T07:02:49Z</time>
      </trkpt>
      <trkpt lat="47.359974" lon="8.56367">
        <ele>434</ele>
        <time>2024-08-29T07:12:49Z</time>
      </trkpt>
      <trkpt lat="47.359974" lon="8.56367">
        <ele>434</ele>
        <time>2024-08-29T07:22:49Z</time>
      </trkpt>
      <trkpt lat="47.359974" lon="8.56367">
        <ele>434</ele>
        <time>2024-08-29T07:32:49Z</time>
      </trkpt>
      <trkpt lat="47.359974" lon="8.56367">
        <ele>434</ele>
        <time>2024-08-29T07:42:49Z</time>
      </trkpt>
      <trkpt lat="47.359974" lon="8.56367">
        <ele>434</ele>
        <time>2024-08-29T07:52:49Z</time>
      </trkpt>
      <trkpt lat="47.359974" lon="8.56367">
        <ele>434</ele>
        <time>2024-08-29T08:02:49Z</time>
      </trkpt>
      <trkpt lat="47.359974" lon="8.56367">
        <ele>434</ele>
        <time>2024-08-29T08:12:49Z</time>
      </trkpt>
      <trkpt lat="47.359974" lon="8.56367">
        <ele>434</ele>
        <time>2024-08-29T08:22:49Z</time>
      </trkpt>
      <trkpt lat="47.359974" lon="8.56367">
        <ele>434</ele>
        <time>2024-08-29T08:32:49Z</time>
      </trkpt>
      <trkpt lat="47.359974" lon="8.56367">
        <ele>434</ele>
        <time>2024-08-29T08:42:49Z</time>
      </trkpt>
      <trkpt lat="47.359974" lon="8.56367">
        <ele>434</ele>
        <time>2024-08-29T08:52:49Z</time>
      </trkpt>
      <trkpt lat="47.359974" lon="8.56367">
        <ele>434</ele>
        <time>2024-08-29T09:02:49Z</time>
      </trkpt>
      <trkpt lat="47.359974" lon="8.56367">
        <ele>434</ele>
        <time>2024-08-29T09:12:49Z</time>
      </trkpt>
      <trkpt lat="47.359974" lon="8.56367">
        <ele>434</ele>
        <time>2024-08-29T09:22:49Z</time>
      </trkpt>
      <trkpt lat="47.359974" lon="8.56367">
        <ele>434</ele>
        <time>2024-08-29T09:32:49Z</time>
      </trkpt>
      <trkpt lat="47.359974" lon="8.56367">
        <ele>434</ele>
        <time>2024-08-29T09:42:49Z</time>
      </trkpt>
      <trkpt lat="47.359974" lon="8.56367">
        <ele>434</ele>
        <time>2024-08-29T09:43:32Z</time>
      </trkpt>
      <trkpt lat="47.359974" lon="8.56367">
        <ele>434</ele>
        <time>2024-08-29T09:53:32Z</time>
      </trkpt>
      <trkpt lat="47.359974" lon="8.56367">
        <ele>434</ele>
        <time>2024-08-29T10:03:32Z</time>
      </trkpt>
      <trkpt lat="47.359974" lon="8.56367">
        <ele>434</ele>
        <time>2024-08-29T10:13:32Z</time>
      </trkpt>
      <trkpt lat="47.359974" lon="8.56367">
        <ele>434</ele>
        <time>2024-08-29T10:23:32Z</time>
      </trkpt>
      <trkpt lat="47.359974" lon="8.56367">
        <ele>434</ele>
        <time>2024-08-29T10:33:32Z</time>
      </trkpt>
      <trkpt lat="47.359974" lon="8.56367">
        <ele>434</ele>
        <time>2024-08-29T10:43:32Z</time>
      </trkpt>
      <trkpt lat="47.359974" lon="8.56367">
        <ele>434</ele>
        <time>2024-08-29T10:53:32Z</time>
      </trkpt>
      <trkpt lat="47.359974" lon="8.56367">
        <ele>434</ele>
        <time>2024-08-29T11:03:32Z</time>
      </trkpt>
      <trkpt lat="47.359974" lon="8.56367">
        <ele>434</ele>
        <time>2024-08-29T11:13:32Z</time>
      </trkpt>
      <trkpt lat="47.359974" lon="8.56367">
        <ele>434</ele>
        <time>2024-08-29T11:23:32Z</time>
      </trkpt>
      <trkpt lat="47.359974" lon="8.56367">
        <ele>434</ele>
        <time>2024-08-29T11:33:32Z</time>
      </trkpt>
      <trkpt lat="47.359974" lon="8.56367">
        <ele>434</ele>
        <time>2024-08-29T11:43:32Z</time>
      </trkpt>
      <trkpt lat="47.359974" lon="8.56367">
        <ele>434</ele>
        <time>2024-08-29T11:53:32Z</time>
      </trkpt>
      <trkpt lat="47.359974" lon="8.56367">
        <ele>434</ele>
        <time>2024-08-29T12:03:32Z</time>
      </trkpt>
      <trkpt lat="47.359974" lon="8.56367">
        <ele>434</ele>
        <time>2024-08-29T12:13:32Z</time>
      </trkpt>
      <trkpt lat="47.359974" lon="8.56367">
        <ele>434</ele>
        <time>2024-08-29T12:23:32Z</time>
      </trkpt>
      <trkpt lat="47.359974" lon="8.56367">
        <ele>434</ele>
        <time>2024-08-29T12:33:32Z</time>
      </trkpt>
      <trkpt lat="47.359974" lon="8.56367">
        <ele>434</ele>
        <time>2024-08-29T12:43:32Z</time>
      </trkpt>
      <trkpt lat="47.359974" lon="8.56367">
        <ele>434</ele>
        <time>2024-08-29T12:53:32Z</time>
      </trkpt>
      <trkpt lat="47.359974" lon="8.56367">
        <ele>434</ele>
        <time>2024-08-29T13:03:32Z</time>
      </trkpt>
      <trkpt lat="47.359974" lon="8.56367">
        <ele>434</ele>
        <time>2024-08-29T13:13:32Z</time>
      </trkpt>
      <trkpt lat="47.359974" lon="8.56367">
        <ele>434</ele>
        <time>2024-08-29T13:23:32Z</time>
      </trkpt>
      <trkpt lat="47.359974" lon="8.56367">
        <ele>434</ele>
        <time>2024-08-29T13:33:32Z</time>
      </trkpt>
      <trkpt lat="47.359974" lon="8.56367">
        <ele>434</ele>
        <time>2024-08-29T13:43:32Z</time>
      </trkpt>
      <trkpt lat="47.359974" lon="8.56367">
        <ele>434</ele>
        <time>2024-08-29T13:53:32Z</time>
      </trkpt>
      <trkpt lat="47.359974" lon="8.56367">
        <ele>434</ele>
        <time>2024-08-29T14:03:32Z</time>
      </trkpt>
      <trkpt lat="47.359974" lon="8.56367">
        <ele>434</ele>
        <time>2024-08-29T14:13:32Z</time>
      </trkpt>
      <trkpt lat="47.359974" lon="8.56367">
        <ele>434</ele>
        <time>2024-08-29T14:23:32Z</time>
      </trkpt>
      <trkpt lat="47.359974" lon="8.56367">
        <ele>434</ele>
        <time>2024-08-29T14:33:32Z</time>
      </trkpt>
      <trkpt lat="47.359974" lon="8.56367">
        <ele>434</ele>
        <time>2024-08-29T14:43:32Z</time>
      </trkpt>
      <trkpt lat="47.359974" lon="8.56367">
        <ele>434</ele>
        <time>2024-08-29T14:53:32Z</time>
      </trkpt>
      <trkpt lat="47.359974" lon="8.56367">
        <ele>434</ele>
        <time>2024-08-29T15:03:32Z</time>
      </trkpt>
      <trkpt lat="47.359974" lon="8.56367">
        <ele>434</ele>
        <time>2024-08-29T15:13:32Z</time>
      </trkpt>
      <trkpt lat="47.359974" lon="8.56367">
        <ele>434</ele>
        <time>2024-08-29T15:23:32Z</time>
      </trkpt>
      <trkpt lat="47.359974" lon="8.56367">
        <ele>434</ele>
        <time>2024-08-29T15:33:32Z</time>
      </trkpt>
      <trkpt lat="47.359974" lon="8.56367">
        <ele>434</ele>
        <time>2024-08-29T15:43:32Z</time>
      </trkpt>
      <trkpt lat="47.359974" lon="8.56367">
        <ele>434</ele>
        <time>2024-08-29T15:53:32Z</time>
      </trkpt>
      <trkpt lat="47.359974" lon="8.56367">
        <ele>434</ele>
        <time>2024-08-29T16:03:32Z</time>
      </trkpt>
      <trkpt lat="47.359974" lon="8.56367">
        <ele>434</ele>
        <time>2024-08-29T16:13:32Z</time>
      </trkpt>
      <trkpt lat="47.359974" lon="8.56367">
        <ele>434</ele>
        <time>2024-08-29T16:23:32Z</time>
      </trkpt>
      <trkpt lat="47.359974" lon="8.56367">
        <ele>434</ele>
        <time>2024-08-29T16:33:32Z</time>
      </trkpt>
      <trkpt lat="47.359974" lon="8.56367">
        <ele>434</ele>
        <time>2024-08-29T16:43:32Z</time>
      </trkpt>
      <trkpt lat="47.359974" lon="8.56367">
        <ele>434</ele>
        <time>2024-08-29T16:53:32Z</time>
      </trkpt>
      <trkpt lat="47.359974" lon="8.56367">
        <ele>434</ele>
        <time>2024-08-29T17:03:32Z</time>
      </trkpt>
      <trkpt lat="47.359974" lon="8.56367">
        <ele>434</ele>
        <time>2024-08-29T17:13:32Z</time>
      </trkpt>
      <trkpt lat="47.359974" lon="8.56367">
        <ele>434</ele>
        <time>2024-08-29T17:23:32Z</time>
      </trkpt>
      <trkpt lat="47.359974" lon="8.56367">
        <ele>434</ele>
        <time>2024-08-29T17:33:32Z</time>
      </trkpt>
      <trkpt lat="47.359974" lon="8.56367">
        <ele>434</ele>
        <time>2024-08-29T17:43:32Z</time>
      </trkpt>
      <trkpt lat="47.359974" lon="8.56367">
        <ele>434</ele>
        <time>2024-08-29T17:53:32Z</time>
      </trkpt>
      <trkpt lat="47.359974" lon="8.56367">
        <ele>434</ele>
        <time>2024-08-29T18:03:32Z</time>
      </trkpt>
      <trkpt lat="47.359974" lon="8.56367">
        <ele>434</ele>
        <time>2024-08-29T18:13:32Z</time>
      </trkpt>
      <trkpt lat="47.359974" lon="8.56367">
        <ele>434</ele>
        <time>2024-08-29T18:23:32Z</time>
      </trkpt>
      <trkpt lat="47.359974" lon="8.56367">
        <ele>434</ele>
        <time>2024-08-29T18:33:32Z</time>
      </trkpt>
      <trkpt lat="47.359974" lon="8.56367">
        <ele>434</ele>
        <time>2024-08-29T18:43:32Z</time>
      </trkpt>
      <trkpt lat="47.359974" lon="8.56367">
        <ele>434</ele>
        <time>2024-08-29T18:53:32Z</time>
      </trkpt>
      <trkpt lat="47.359974" lon="8.56367">
        <ele>434</ele>
        <time>2024-08-29T19:03:32Z</time>
      </trkpt>
      <trkpt lat="47.359974" lon="8.56367">
        <ele>434</ele>
        <time>2024-08-29T19:13:32Z</time>
      </trkpt>
      <trkpt lat="47.359974" lon="8.56367">
        <ele>434</ele>
        <time>2024-08-29T19:23:32Z</time>
      </trkpt>
      <trkpt lat="47.359974" lon="8.56367">
        <ele>434</ele>
        <time>2024-08-29T19:33:32Z</time>
      </trkpt>
      <trkpt lat="47.359974" lon="8.56367">
        <ele>434</ele>
        <time>2024-08-29T19:43:32Z</time>
      </trkpt>
      <trkpt lat="47.359974" lon="8.56367">
        <ele>434</ele>
        <time>2024-08-29T19:53:32Z</time>
      </trkpt>
      <trkpt lat="47.359974" lon="8.56367">
        <ele>434</ele>
        <time>2024-08-29T20:03:32Z</time>
      </trkpt>
      <trkpt lat="47.359974" lon="8.56367">
        <ele>434</ele>
        <time>2024-08-29T20:13:32Z</time>
      </trkpt>
      <trkpt lat="47.359974" lon="8.56367">
        <ele>434</ele>
        <time>2024-08-29T20:23:32Z</time>
      </trkpt>
      <trkpt lat="47.359974" lon="8.56367">
        <ele>434</ele>
        <time>2024-08-29T20:33:32Z</time>
      </trkpt>
      <trkpt lat="47.359974" lon="8.56367">
        <ele>434</ele>
        <time>2024-08-29T20:43:32Z</time>
      </trkpt>
      <trkpt lat="47.359974" lon="8.56367">
        <ele>434</ele>
        <time>2024-08-29T20:53:32Z</time>
      </trkpt>
      <trkpt lat="47.359974" lon="8.56367">
        <ele>434</ele>
        <time>2024-08-29T21:03:32Z</time>
      </trkpt>
      <trkpt lat="47.359974" lon="8.56367">
        <ele>434</ele>
        <time>2024-08-29T21:13:32Z</time>
      </trkpt>
      <trkpt lat="47.359974" lon="8.56367">
        <ele>434</ele>
        <time>2024-08-29T21:23:32Z</time>
      </trkpt>
      <trkpt lat="47.359974" lon="8.56367">
        <ele>434</ele>
        <time>2024-08-29T21:33:32Z</time>
      </trkpt>
      <trkpt lat="47.359974" lon="8.56367">
        <ele>434</ele>
        <time>2024-08-29T21:43:32Z</time>
      </trkpt>
      <trkpt lat="47.359974" lon="8.56367">
        <ele>434</ele>
        <time>2024-08-29T21:53:32Z</time>
      </trkpt>
      <trkpt lat="47.359974" lon="8.56367">
        <ele>434</ele>
        <time>2024-08-29T22:03:32Z</time>
      </trkpt>
      <trkpt lat="47.359974" lon="8.56367">
        <ele>434</ele>
        <time>2024-08-29T22:13:32Z</time>
      </trkpt>
      <trkpt lat="47.359974" lon="8.56367">
        <ele>434</ele>
        <time>2024-08-29T22:23:32Z</time>
      </trkpt>
      <trkpt lat="47.359974" lon="8.56367">
        <ele>434</ele>
        <time>2024-08-29T22:33:32Z</time>
      </trkpt>
      <trkpt lat="47.359974" lon="8.56367">
        <ele>434</ele>
        <time>2024-08-29T22:43:32Z</time>
      </trkpt>
      <trkpt lat="47.359974" lon="8.56367">
        <ele>434</ele>
        <time>2024-08-29T22:53:32Z</time>
      </trkpt>
      <trkpt lat="47.359974" lon="8.56367">
        <ele>434</ele>
        <time>2024-08-29T23:03:32Z</time>
      </trkpt>
      <trkpt lat="47.359974" lon="8.56367">
        <ele>434</ele>
        <time>2024-08-29T23:13:32Z</time>
      </trkpt>
      <trkpt lat="47.359974" lon="8.56367">
        <ele>434</ele>
        <time>2024-08-29T23:23:32Z</time>
      </trkpt>
      <trkpt lat="47.359974" lon="8.56367">
        <ele>434</ele>
        <time>2024-08-29T23:33:32Z</time>
      </trkpt>
      <trkpt lat="47.359974" lon="8.56367">
        <ele>434</ele>
        <time>2024-08-29T23:43:32Z</time>
      </trkpt>
      <trkpt lat="47.359974" lon="8.56367">
        <ele>434</ele>
        <time>2024-08-29T23:53:32Z</time>
      </trkpt>
      <trkpt lat="47.359974" lon="8.56367">
        <ele>434</ele>
        <time>2024-08-30T00:03:32Z</time>
      </trkpt>
      <trkpt lat="47.359974" lon="8.56367">
        <ele>434</ele>
        <time>2024-08-30T00:13:32Z</time>
      </trkpt>
      <trkpt lat="47.359974" lon="8.56367">
        <ele>434</ele>
        <time>2024-08-30T00:23:32Z</time>
      </trkpt>
      <trkpt lat="47.359974" lon="8.56367">
        <ele>434</ele>
        <time>2024-08-30T00:33:32Z</time>
      </trkpt>
      <trkpt lat="47.359974" lon="8.56367">
        <ele>434</ele>
        <time>2024-08-30T00:43:32Z</time>
      </trkpt>
      <trkpt lat="47.359974" lon="8.56367">
        <ele>434</ele>
        <time>2024-08-30T00:53:32Z</time>
      </trkpt>
      <trkpt lat="47.359974" lon="8.56367">
        <ele>434</ele>
        <time>2024-08-30T01:03:32Z</time>
      </trkpt>
      <trkpt lat="47.359974" lon="8.56367">
        <ele>434</ele>
        <time>2024-08-30T01:13:32Z</time>
      </trkpt>
      <trkpt lat="47.359974" lon="8.56367">
        <ele>434</ele>
        <time>2024-08-30T01:23:32Z</time>
      </trkpt>
      <trkpt lat="47.359974" lon="8.56367">
        <ele>434</ele>
        <time>2024-08-30T01:33:32Z</time>
      </trkpt>
      <trkpt lat="47.359974" lon="8.56367">
        <ele>434</ele>
        <time>2024-08-30T01:43:32Z</time>
      </trkpt>
      <trkpt lat="47.359974" lon="8.56367">
        <ele>434</ele>
        <time>2024-08-30T01:53:32Z</time>
      </trkpt>
      <trkpt lat="47.359974" lon="8.56367">
        <ele>434</ele>
        <time>2024-08-30T02:03:32Z</time>
      </trkpt>
      <trkpt lat="47.359974" lon="8.56367">
        <ele>434</ele>
        <time>2024-08-30T02:13:32Z</time>
      </trkpt>
      <trkpt lat="47.359974" lon="8.56367">
        <ele>434</ele>
        <time>2024-08-30T02:23:32Z</time>
      </trkpt>
      <trkpt lat="47.359974" lon="8.56367">
        <ele>434</ele>
        <time>2024-08-30T02:33:32Z</time>
      </trkpt>
      <trkpt lat="47.359974" lon="8.56367">
        <ele>434</ele>
        <time>2024-08-30T02:43:32Z</time>
      </trkpt>
      <trkpt lat="47.359974" lon="8.56367">
        <ele>434</ele>
        <time>2024-08-30T02:53:32Z</time>
      </trkpt>
      <trkpt lat="47.359974" lon="8.56367">
        <ele>434</ele>
        <time>2024-08-30T03:03:32Z</time>
      </trkpt>
      <trkpt lat="47.359974" lon="8.56367">
        <ele>434</ele>
        <time>2024-08-30T03:13:32Z</time>
      </trkpt>
      <trkpt lat="47.359974" lon="8.56367">
        <ele>434</ele>
        <time>2024-08-30T03:23:32Z</time>
      </trkpt>
      <trkpt lat="47.359974" lon="8.56367">
        <ele>434</ele>
        <time>2024-08-30T03:33:32Z</time>
      </trkpt>
      <trkpt lat="47.359974" lon="8.56367">
        <ele>434</ele>
        <time>2024-08-30T03:43:32Z</time>
      </trkpt>
      <trkpt lat="47.359974" lon="8.56367">
        <ele>434</ele>
        <time>2024-08-30T03:53:32Z</time>
      </trkpt>
      <trkpt lat="47.359974" lon="8.56367">
        <ele>434</ele>
        <time>2024-08-30T04:03:32Z</time>
      </trkpt>
      <trkpt lat="47.359974" lon="8.56367">
        <ele>434</ele>
        <time>2024-08-30T04:13:32Z</time>
      </trkpt>
      <trkpt lat="47.359974" lon="8.56367">
        <ele>434</ele>
        <time>2024-08-30T04:23:32Z</time>
      </trkpt>
      <trkpt lat="47.359974" lon="8.56367">
        <ele>434</ele>
        <time>2024-08-30T04:33:32Z</time>
      </trkpt>
      <trkpt lat="47.359974" lon="8.56367">
        <ele>434</ele>
        <time>2024-08-30T04:43:32Z</time>
      </trkpt>
      <trkpt lat="47.359974" lon="8.56367">
        <ele>434</ele>
        <time>2024-08-30T04:53:32Z</time>
      </trkpt>
      <trkpt lat="47.359974" lon="8.56367">
        <ele>434</ele>
        <time>2024-08-30T05:03:32Z</time>
      </trkpt>
      <trkpt lat="47.359974" lon="8.56367">
        <ele>434</ele>
        <time>2024-08-30T05:13:32Z</time>
      </trkpt>
      <trkpt lat="47.359974" lon="8.56367">
        <ele>434</ele>
        <time>2024-08-30T05:23:32Z</time>
      </trkpt>
      <trkpt lat="47.359974" lon="8.56367">
        <ele>434</ele>
        <time>2024-08-30T05:30:12Z</time>
      </trkpt>
      <trkpt lat="47.359887" lon="8.563763">
        <ele>447</ele>
        <time>2024-08-30T05:40:03Z</time>
        <cmt>speed: 1.8</cmt>
      </trkpt>
      <trkpt lat="47.358793" lon="8.562365">
        <ele>444</ele>
        <time>2024-08-30T05:49:41Z</time>
        <cmt>speed: 0.7</cmt>
      </trkpt>
      <trkpt lat="47.358575" lon="8.562215">
        <ele>453</ele>
        <time>2024-08-30T05:59:44Z</time>
        <cmt>speed: 1.3</cmt>
      </trkpt>
      <trkpt lat="47.358828" lon="8.560761">
        <ele>437</ele>
        <time>2024-08-30T06:09:59Z</time>
        <cmt>speed: 1.2</cmt>
      </trkpt>
      <trkpt lat="47.359103" lon="8.560749">
        <ele>447</ele>
        <time>2024-08-30T07:01:46Z</time>
        <cmt>speed: 1.1</cmt>
      </trkpt>
      <trkpt lat="47.359298" lon="8.560678">
        <ele>423</ele>
        <time>2024-08-30T08:53:33Z</time>
        <cmt>speed: 0.2</cmt>
      </trkpt>
      <trkpt lat="47.359067" lon="8.560539">
        <ele>478</ele>
        <time>2024-08-30T09:13:56Z</time>
        <cmt>speed: 1.5</cmt>
      </trkpt>
      <trkpt lat="47.359067" lon="8.560539">
        <ele>478</ele>
        <time>2024-08-30T09:19:40Z</time>
      </trkpt>
      <trkpt lat="47.359093" lon="8.561039">
        <ele>489</ele>
        <time>2024-08-30T12:56:49Z</time>
        <cmt>speed: 0.0</cmt>
      </trkpt>
      <trkpt lat="47.359187" lon="8.561134">
        <ele>438</ele>
        <time>2024-08-30T13:06:55Z</time>
        <cmt>speed: 0.5</cmt>
      </trkpt>
      <trkpt lat="47.359123" lon="8.561088">
        <ele>482</ele>
        <time>2024-08-30T13:16:48Z</time>
        <cmt>speed: 0.0</cmt>
      </trkpt>
      <trkpt lat="47.359123" lon="8.561088">
        <ele>482</ele>
        <time>2024-08-30T13:26:45Z</time>
      </trkpt>
      <trkpt lat="47.35923" lon="8.560718">
        <ele>484</ele>
        <time>2024-08-30T13:26:51Z</time>
        <cmt>speed: 0.0</cmt>
      </trkpt>
      <trkpt lat="47.359262" lon="8.561499">
        <ele>430</ele>
        <time>2024-08-30T13:36:45Z</time>
        <cmt>speed: 0.4</cmt>
      </trkpt>
      <trkpt lat="47.359046" lon="8.561935">
        <ele>435</ele>
        <time>2024-08-30T13:46:47Z</time>
        <cmt>speed: 1.1</cmt>
      </trkpt>
      <trkpt lat="47.358668" lon="8.562302">
        <ele>429</ele>
        <time>2024-08-30T13:56:45Z</time>
        <cmt>speed: 0.4</cmt>
      </trkpt>
      <trkpt lat="47.358668" lon="8.562302">
        <ele>429</ele>
        <time>2024-08-30T14:07:01Z</time>
      </trkpt>
      <trkpt lat="47.358743" lon="8.562171">
        <ele>437</ele>
        <time>2024-08-30T14:07:06Z</time>
        <cmt>speed: 0.3</cmt>
      </trkpt>
      <trkpt lat="47.358776" lon="8.562319">
        <ele>433</ele>
        <time>2024-08-30T14:16:45Z</time>
        <cmt>speed: 0.2</cmt>
      </trkpt>
      <trkpt lat="47.358737" lon="8.562271">
        <ele>453</ele>
        <time>2024-08-30T14:26:45Z</time>
        <cmt>speed: 0.1</cmt>
      </trkpt>
      <trkpt lat="47.358658" lon="8.562313">
        <ele>454</ele>
        <time>2024-08-30T14:36:51Z</time>
        <cmt>speed: 0.2</cmt>
      </trkpt>
      <trkpt lat="47.358658" lon="8.562313">
        <ele>454</ele>
        <time>2024-08-30T14:46:42Z</time>
      </trkpt>
      <trkpt lat="47.358655" lon="8.562214">
        <ele>442</ele>
        <time>2024-08-30T14:46:48Z</time>
        <cmt>speed: 0.7</cmt>
      </trkpt>
      <trkpt lat="47.358727" lon="8.562384">
        <ele>450</ele>
        <time>2024-08-30T14:56:46Z</time>
        <cmt>speed: 0.4</cmt>
      </trkpt>
      <trkpt lat="47.358727" lon="8.562384">
        <ele>450</ele>
        <time>2024-08-30T15:06:38Z</time>
      </trkpt>
      <trkpt lat="47.358704" lon="8.562197">
        <ele>428</ele>
        <time>2024-08-30T15:06:44Z</time>
        <cmt>speed: 0.7</cmt>
      </trkpt>
      <trkpt lat="47.358782" lon="8.562308">
        <ele>453</ele>
        <time>2024-08-30T15:16:45Z</time>
        <cmt>speed: 0.4</cmt>
      </trkpt>
      <trkpt lat="47.358782" lon="8.562308">
        <ele>453</ele>
        <time>2024-08-30T15:26:38Z</time>
      </trkpt>
      <trkpt lat="47.35876" lon="8.562464">
        <ele>468</ele>
        <time>2024-08-30T15:26:44Z</time>
        <cmt>speed: 0.5</cmt>
      </trkpt>
      <trkpt lat="47.358838" lon="8.562071">
        <ele>484</ele>
        <time>2024-08-30T15:36:47Z</time>
        <cmt>speed: 0.5</cmt>
      </trkpt>
      <trkpt lat="47.358838" lon="8.562071">
        <ele>484</ele>
        <time>2024-08-30T15:46:38Z</time>
      </trkpt>
      <trkpt lat="47.358821" lon="8.562472">
        <ele>452</ele>
        <time>2024-08-30T15:46:44Z</time>
        <cmt>speed: 0.2</cmt>
      </trkpt>
      <trkpt lat="47.35883" lon="8.562398">
        <ele>451</ele>
        <time>2024-08-30T15:56:45Z</time>
        <cmt>speed: 0.2</cmt>
      </trkpt>
      <trkpt lat="47.35883" lon="8.562398">
        <ele>451</ele>
        <time>2024-08-30T16:06:40Z</time>
      </trkpt>
      <trkpt lat="47.358886" lon="8.562344">
        <ele>441</ele>
        <time>2024-08-30T16:06:46Z</time>
        <cmt>speed: 0.3</cmt>
      </trkpt>
      <trkpt lat="47.358768" lon="8.562364">
        <ele>438</ele>
        <time>2024-08-30T16:16:51Z</time>
        <cmt>speed: 0.8</cmt>
      </trkpt>
      <trkpt lat="47.358768" lon="8.562364">
        <ele>438</ele>
        <time>2024-08-30T16:26:39Z</time>
      </trkpt>
      <trkpt lat="47.358859" lon="8.562502">
        <ele>433</ele>
        <time>2024-08-30T16:26:45Z</time>
        <cmt>speed: 0.1</cmt>
      </trkpt>
      <trkpt lat="47.35884" lon="8.563395">
        <ele>465</ele>
        <time>2024-08-30T16:36:45Z</time>
        <cmt>speed: 0.6</cmt>
      </trkpt>
      <trkpt lat="47.35851" lon="8.564417">
        <ele>472</ele>
        <time>2024-08-30T16:46:46Z</time>
        <cmt>speed: 0.0</cmt>
      </trkpt>
      <trkpt lat="47.358769" lon="8.564481">
        <ele>451</ele>
        <time>2024-08-30T16:56:47Z</time>
        <cmt>speed: 0.5</cmt>
      </trkpt>
      <trkpt lat="47.359974" lon="8.56367">
        <ele>434</ele>
        <time>2024-08-30T17:05:25Z</time>
      </trkpt>
      <trkpt lat="47.359974" lon="8.56367">
        <ele>434</ele>
        <time>2024-08-30T17:19:11Z</time>
      </trkpt>
      <trkpt lat="47.3599" lon="8.563391">
        <ele>472</ele>
        <time>2024-08-30T17:19:31Z</time>
        <cmt>speed: 0.6</cmt>
      </trkpt>
      <trkpt lat="47.360056" lon="8.561938">
        <ele>461</ele>
        <time>2024-08-30T17:29:20Z</time>
        <cmt>speed: 0.6</cmt>
      </trkpt>
      <trkpt lat="47.359435" lon="8.561303">
        <ele>432</ele>
        <time>2024-08-30T17:39:24Z</time>
        <cmt>speed: 0.2</cmt>
      </trkpt>
      <trkpt lat="47.358954" lon="8.561032">
        <ele>442</ele>
        <time>2024-08-30T17:49:20Z</time>
        <cmt>speed: 0.5</cmt>
      </trkpt>
      <trkpt lat="47.358508" lon="8.561292">
        <ele>428</ele>
        <time>2024-08-30T17:59:20Z</time>
        <cmt>speed: 0.3</cmt>
      </trkpt>
      <trkpt lat="47.358739" lon="8.562257">
        <ele>440</ele>
        <time>2024-08-30T18:09:20Z</time>
        <cmt>speed: 0.0</cmt>
      </trkpt>
      <trkpt lat="47.35867" lon="8.562203">
        <ele>446</ele>
        <time>2024-08-30T18:19:18Z</time>
        <cmt>speed: 0.9</cmt>
      </trkpt>
      <trkpt lat="47.358474" lon="8.562688">
        <ele>447</ele>
        <time>2024-08-30T18:29:19Z</time>
        <cmt>speed: 0.1</cmt>
      </trkpt>
      <trkpt lat="47.358474" lon="8.562688">
        <ele>447</ele>
        <time>2024-08-30T18:39:13Z</time>
      </trkpt>
      <trkpt lat="47.358422" lon="8.563178">
        <ele>427</ele>
        <time>2024-08-30T18:39:19Z</time>
        <cmt>speed: 0.1</cmt>
      </trkpt>
      <trkpt lat="47.358466" lon="8.563144">
        <ele>435</ele>
        <time>2024-08-30T18:49:18Z</time>
        <cmt>speed: 0.2</cmt>
      </trkpt>
      <trkpt lat="47.358421" lon="8.563209">
        <ele>435</ele>
        <time>2024-08-30T18:59:20Z</time>
        <cmt>speed: 0.5</cmt>
      </trkpt>
      <trkpt lat="47.358277" lon="8.56445">
        <ele>474</ele>
        <time>2024-08-30T19:09:20Z</time>
        <cmt>speed: 0.4</cmt>
      </trkpt>
      <trkpt lat="47.358316" lon="8.564504">
        <ele>473</ele>
        <time>2024-08-30T19:19:20Z</time>
        <cmt>speed: 0.3</cmt>
      </trkpt>
      <trkpt lat="47.358199" lon="8.564627">
        <ele>477</ele>
        <time>2024-08-30T19:29:18Z</time>
        <cmt>speed: 0.6</cmt>
      </trkpt>
      <trkpt lat="47.358199" lon="8.564627">
        <ele>477</ele>
        <time>2024-08-30T19:32:59Z</time>
      </trkpt>
      <trkpt lat="47.35819" lon="8.564542">
        <ele>471</ele>
        <time>2024-08-30T19:33:09Z</time>
        <cmt>speed: 0.2</cmt>
      </trkpt>
      <trkpt lat="47.358196" lon="8.564579">
        <ele>471</ele>
        <time>2024-08-30T19:33:12Z</time>
        <cmt>speed: 0.0</cmt>
      </trkpt>
      <trkpt lat="47.358196" lon="8.564579">
        <ele>471</ele>
        <time>2024-08-30T19:33:16Z</time>
        <cmt>speed: 0.0</cmt>
      </trkpt>
      <trkpt lat="47.358196" lon="8.564579">
        <ele>471</ele>
        <time>2024-08-30T19:33:20Z</time>
        <cmt>speed: 0.0</cmt>
      </trkpt>
      <trkpt lat="47.358196" lon="8.564579">
        <ele>471</ele>
        <time>2024-08-30T19:33:24Z</time>
        <cmt>speed: 0.0</cmt>
      </trkpt>
      <trkpt lat="47.358196" lon="8.564579">
        <ele>471</ele>
        <time>2024-08-30T19:33:29Z</time>
        <cmt>speed: 0.0</cmt>
      </trkpt>
      <trkpt lat="47.358196" lon="8.564579">
        <ele>471</ele>
        <time>2024-08-30T19:33:33Z</time>
        <cmt>speed: 0.0</cmt>
      </trkpt>
      <trkpt lat="47.358196" lon="8.564579">
        <ele>471</ele>
        <time>2024-08-30T19:33:37Z</time>
        <cmt>speed: 0.0</cmt>
      </trkpt>
      <trkpt lat="47.358196" lon="8.564579">
        <ele>471</ele>
        <time>2024-08-30T19:33:41Z</time>
        <cmt>speed: 0.0</cmt>
      </trkpt>
      <trkpt lat="47.358196" lon="8.564579">
        <ele>471</ele>
        <time>2024-08-30T19:33:45Z</time>
        <cmt>speed: 0.0</cmt>
      </trkpt>
      <trkpt lat="47.358196" lon="8.564579">
        <ele>471</ele>
        <time>2024-08-30T19:33:49Z</time>
        <cmt>speed: 0.0</cmt>
      </trkpt>
      <trkpt lat="47.358196" lon="8.564579">
        <ele>471</ele>
        <time>2024-08-30T19:33:54Z</time>
        <cmt>speed: 0.0</cmt>
      </trkpt>
      <trkpt lat="47.358196" lon="8.564579">
        <ele>471</ele>
        <time>2024-08-30T19:33:58Z</time>
        <cmt>speed: 0.0</cmt>
      </trkpt>
      <trkpt lat="47.358214" lon="8.564579">
        <ele>469</ele>
        <time>2024-08-30T19:34:02Z</time>
        <cmt>speed: 1.4</cmt>
      </trkpt>
      <trkpt lat="47.358242" lon="8.564443">
        <ele>464</ele>
        <time>2024-08-30T19:34:07Z</time>
        <cmt>speed: 3.0</cmt>
      </trkpt>
      <trkpt lat="47.358285" lon="8.564276">
        <ele>462</ele>
        <time>2024-08-30T19:34:10Z</time>
        <cmt>speed: 6.0</cmt>
      </trkpt>
      <trkpt lat="47.358336" lon="8.564023">
        <ele>457</ele>
        <time>2024-08-30T19:34:14Z</time>
        <cmt>speed: 4.3</cmt>
      </trkpt>
      <trkpt lat="47.358366" lon="8.563792">
        <ele>454</ele>
        <time>2024-08-30T19:34:18Z</time>
        <cmt>speed: 2.7</cmt>
      </trkpt>
      <trkpt lat="47.358441" lon="8.563628">
        <ele>451</ele>
        <time>2024-08-30T19:34:22Z</time>
        <cmt>speed: 3.2</cmt>
      </trkpt>
      <trkpt lat="47.358481" lon="8.56355">
        <ele>451</ele>
        <time>2024-08-30T19:34:26Z</time>
        <cmt>speed: 0.3</cmt>
      </trkpt>
      <trkpt lat="47.358488" lon="8.563542">
        <ele>451</ele>
        <time>2024-08-30T19:34:30Z</time>
        <cmt>speed: 0.0</cmt>
      </trkpt>
      <trkpt lat="47.358488" lon="8.563542">
        <ele>451</ele>
        <time>2024-08-30T19:34:34Z</time>
        <cmt>speed: 0.0</cmt>
      </trkpt>
      <trkpt lat="47.358487" lon="8.563521">
        <ele>451</ele>
        <time>2024-08-30T19:34:38Z</time>
        <cmt>speed: 0.2</cmt>
      </trkpt>
      <trkpt lat="47.358487" lon="8.563521">
        <ele>451</ele>
        <time>2024-08-30T19:34:42Z</time>
        <cmt>speed: 0.0</cmt>
      </trkpt>
      <trkpt lat="47.358487" lon="8.563521">
        <ele>451</ele>
        <time>2024-08-30T19:34:47Z</time>
        <cmt>speed: 0.0</cmt>
      </trkpt>
      <trkpt lat="47.358487" lon="8.563521">
        <ele>451</ele>
        <time>2024-08-30T19:34:51Z</time>
        <cmt>speed: 0.0</cmt>
      </trkpt>
      <trkpt lat="47.358487" lon="8.563521">
        <ele>451</ele>
        <time>2024-08-30T19:34:55Z</time>
        <cmt>speed: 0.0</cmt>
      </trkpt>
      <trkpt lat="47.358487" lon="8.563521">
        <ele>451</ele>
        <time>2024-08-30T19:34:59Z</time>
        <cmt>speed: 0.0</cmt>
      </trkpt>
      <trkpt lat="47.358487" lon="8.563521">
        <ele>451</ele>
        <time>2024-08-30T19:35:03Z</time>
        <cmt>speed: 0.0</cmt>
      </trkpt>
      <trkpt lat="47.358487" lon="8.563521">
        <ele>451</ele>
        <time>2024-08-30T19:35:07Z</time>
        <cmt>speed: 0.0</cmt>
      </trkpt>
      <trkpt lat="47.358487" lon="8.563521">
        <ele>451</ele>
        <time>2024-08-30T19:35:11Z</time>
        <cmt>speed: 0.0</cmt>
      </trkpt>
      <trkpt lat="47.358487" lon="8.563521">
        <ele>451</ele>
        <time>2024-08-30T19:35:15Z</time>
        <cmt>speed: 0.0</cmt>
      </trkpt>
      <trkpt lat="47.358487" lon="8.563521">
        <ele>451</ele>
        <time>2024-08-30T19:35:19Z</time>
        <cmt>speed: 0.0</cmt>
      </trkpt>
      <trkpt lat="47.358487" lon="8.563521">
        <ele>451</ele>
        <time>2024-08-30T19:35:23Z</time>
        <cmt>speed: 0.0</cmt>
      </trkpt>
      <trkpt lat="47.358487" lon="8.563521">
        <ele>451</ele>
        <time>2024-08-30T19:35:28Z</time>
        <cmt>speed: 0.0</cmt>
      </trkpt>
      <trkpt lat="47.358487" lon="8.563521">
        <ele>451</ele>
        <time>2024-08-30T19:35:32Z</time>
        <cmt>speed: 0.0</cmt>
      </trkpt>
      <trkpt lat="47.358487" lon="8.563521">
        <ele>451</ele>
        <time>2024-08-30T19:35:36Z</time>
        <cmt>speed: 0.0</cmt>
      </trkpt>
      <trkpt lat="47.358487" lon="8.563521">
        <ele>451</ele>
        <time>2024-08-30T19:35:40Z</time>
        <cmt>speed: 0.0</cmt>
      </trkpt>
      <trkpt lat="47.358487" lon="8.563521">
        <ele>451</ele>
        <time>2024-08-30T19:35:45Z</time>
        <cmt>speed: 0.0</cmt>
      </trkpt>
      <trkpt lat="47.358487" lon="8.563521">
        <ele>451</ele>
        <time>2024-08-30T19:35:49Z</time>
        <cmt>speed: 0.0</cmt>
      </trkpt>
      <trkpt lat="47.359356" lon="8.562489">
        <ele>438</ele>
        <time>2024-08-30T19:39:20Z</time>
        <cmt>speed: 0.8</cmt>
      </trkpt>
      <trkpt lat="47.35955" lon="8.565146">
        <ele>440</ele>
        <time>2024-08-30T19:49:20Z</time>
        <cmt>speed: 0.1</cmt>
      </trkpt>
      <trkpt lat="47.359974" lon="8.56367">
        <ele>434</ele>
        <time>2024-08-30T19:58:29Z</time>
      </trkpt>
      <trkpt lat="47.359974" lon="8.56367">
        <ele>434</ele>
        <time>2024-08-30T20:13:29Z</time>
      </trkpt>
    </trkseg>
  </trk>
</gpx>
