<?xml version="1.0"?>
<gpx creator="Tractive GeoData Util" version="1.1" xmlns="http://www.topografix.com/GPX/1/1" xmlns:xsi="http://www.w3.org/2001/XMLSchema-instance" xsi:schemaLocation="http://www.topografix.com/GPX/1/1 http://www.topografix.com/GPX/1/1/gpx.xsd">
  <metadata>
    <link href="https://tractive.com">
      <text>Generated by Tractive Platform Service</text>
    </link>
  </metadata>
  <trk>
    <name>Tracker UDQAWWIU, 2024-04-01T04:58:19+00:00 2024-04-29T21:59:53+00:00</name>
    <trkseg>
      <trkpt lat="47.359959" lon="8.563643">
        <ele>434</ele>
        <time>2024-04-01T04:58:19Z</time>
      </trkpt>
      <trkpt lat="47.36003" lon="8.563292">
        <ele>409</ele>
        <time>2024-04-01T07:49:55Z</time>
        <cmt>speed: 0.0</cmt>
      </trkpt>
      <trkpt lat="47.359418" lon="8.561225">
        <ele>448</ele>
        <time>2024-04-01T07:59:38Z</time>
        <cmt>speed: 0.0</cmt>
      </trkpt>
      <trkpt lat="47.358989" lon="8.561508">
        <ele>444</ele>
        <time>2024-04-01T08:09:37Z</time>
        <cmt>speed: 0.8</cmt>
      </trkpt>
      <trkpt lat="47.358244" lon="8.562812">
        <ele>435</ele>
        <time>2024-04-01T08:19:37Z</time>
        <cmt>speed: 0.2</cmt>
      </trkpt>
      <trkpt lat="47.35842" lon="8.563465">
        <ele>430</ele>
        <time>2024-04-01T08:29:38Z</time>
        <cmt>speed: 0.0</cmt>
      </trkpt>
      <trkpt lat="47.35842" lon="8.563465">
        <ele>430</ele>
        <time>2024-04-01T08:29:38Z</time>
      </trkpt>
      <trkpt lat="47.35847" lon="8.563451">
        <ele>466</ele>
        <time>2024-04-01T08:39:37Z</time>
        <cmt>speed: 0.4</cmt>
      </trkpt>
      <trkpt lat="47.358464" lon="8.563756">
        <ele>454</ele>
        <time>2024-04-01T08:49:37Z</time>
        <cmt>speed: 0.4</cmt>
      </trkpt>
      <trkpt lat="47.358407" lon="8.563573">
        <ele>442</ele>
        <time>2024-04-01T08:59:37Z</time>
        <cmt>speed: 0.2</cmt>
      </trkpt>
      <trkpt lat="47.358551" lon="8.563574">
        <ele>429</ele>
        <time>2024-04-01T09:09:37Z</time>
        <cmt>speed: 0.4</cmt>
      </trkpt>
      <trkpt lat="47.358551" lon="8.563574">
        <ele>429</ele>
        <time>2024-04-01T09:09:37Z</time>
      </trkpt>
      <trkpt lat="47.358656" lon="8.563439">
        <ele>438</ele>
        <time>2024-04-01T09:19:38Z</time>
        <cmt>speed: 0.0</cmt>
      </trkpt>
      <trkpt lat="47.358527" lon="8.563435">
        <ele>436</ele>
        <time>2024-04-01T09:29:38Z</time>
        <cmt>speed: 0.6</cmt>
      </trkpt>
      <trkpt lat="47.358527" lon="8.563435">
        <ele>436</ele>
        <time>2024-04-01T09:29:38Z</time>
      </trkpt>
      <trkpt lat="47.359144" lon="8.562538">
        <ele>456</ele>
        <time>2024-04-01T09:39:52Z</time>
        <cmt>speed: 0.0</cmt>
      </trkpt>
      <trkpt lat="47.3601" lon="8.561571">
        <ele>430</ele>
        <time>2024-04-01T09:49:39Z</time>
        <cmt>speed: 1.9</cmt>
      </trkpt>
      <trkpt lat="47.360457" lon="8.559117">
        <ele>475</ele>
        <time>2024-04-01T09:59:50Z</time>
        <cmt>speed: 1.0</cmt>
      </trkpt>
      <trkpt lat="47.360105" lon="8.558676">
        <ele>443</ele>
        <time>2024-04-01T10:09:40Z</time>
        <cmt>speed: 1.0</cmt>
      </trkpt>
      <trkpt lat="47.36033" lon="8.560601">
        <ele>443</ele>
        <time>2024-04-01T10:19:45Z</time>
        <cmt>speed: 0.6</cmt>
      </trkpt>
      <trkpt lat="47.360302" lon="8.560781">
        <ele>371</ele>
        <time>2024-04-01T10:29:45Z</time>
        <cmt>speed: 0.0</cmt>
      </trkpt>
      <trkpt lat="47.359955" lon="8.561139">
        <ele>479</ele>
        <time>2024-04-01T10:39:41Z</time>
        <cmt>speed: 0.2</cmt>
      </trkpt>
      <trkpt lat="47.360423" lon="8.560766">
        <ele>399</ele>
        <time>2024-04-01T10:49:40Z</time>
        <cmt>speed: 0.1</cmt>
      </trkpt>
      <trkpt lat="47.360098" lon="8.561119">
        <ele>432</ele>
        <time>2024-04-01T10:59:41Z</time>
        <cmt>speed: 0.8</cmt>
      </trkpt>
      <trkpt lat="47.359959" lon="8.563643">
        <ele>434</ele>
        <time>2024-04-01T11:05:15Z</time>
      </trkpt>
      <trkpt lat="47.359924" lon="8.563582">
        <ele>411</ele>
        <time>2024-04-01T11:10:24Z</time>
        <cmt>speed: 0.1</cmt>
      </trkpt>
      <trkpt lat="47.359959" lon="8.563643">
        <ele>434</ele>
        <time>2024-04-01T11:12:47Z</time>
      </trkpt>
      <trkpt lat="47.359959" lon="8.563643">
        <ele>434</ele>
        <time>2024-04-01T11:27:47Z</time>
      </trkpt>
      <trkpt lat="47.360106" lon="8.562737">
        <ele>435</ele>
        <time>2024-04-01T15:06:07Z</time>
        <cmt>speed: 0.5</cmt>
      </trkpt>
      <trkpt lat="47.360338" lon="8.5626">
        <ele>445</ele>
        <time>2024-04-01T15:16:31Z</time>
        <cmt>speed: 0.9</cmt>
      </trkpt>
      <trkpt lat="47.359842" lon="8.563412">
        <ele>482</ele>
        <time>2024-04-01T15:26:10Z</time>
        <cmt>speed: 0.1</cmt>
      </trkpt>
      <trkpt lat="47.359959" lon="8.563643">
        <ele>434</ele>
        <time>2024-04-01T15:28:31Z</time>
      </trkpt>
      <trkpt lat="47.359959" lon="8.563643">
        <ele>434</ele>
        <time>2024-04-01T15:43:31Z</time>
      </trkpt>
      <trkpt lat="47.360518" lon="8.562746">
        <ele>403</ele>
        <time>2024-04-01T19:05:06Z</time>
        <cmt>speed: 0.8</cmt>
      </trkpt>
      <trkpt lat="47.358735" lon="8.560853">
        <ele>447</ele>
        <time>2024-04-01T19:11:49Z</time>
        <cmt>speed: 1.1</cmt>
      </trkpt>
      <trkpt lat="47.358698" lon="8.560923">
        <ele>449</ele>
        <time>2024-04-01T19:11:53Z</time>
        <cmt>speed: 0.7</cmt>
      </trkpt>
      <trkpt lat="47.358418" lon="8.560598">
        <ele>453</ele>
        <time>2024-04-01T19:14:45Z</time>
        <cmt>speed: 1.6</cmt>
      </trkpt>
      <trkpt lat="47.358246" lon="8.560726">
        <ele>436</ele>
        <time>2024-04-01T19:24:45Z</time>
        <cmt>speed: 0.1</cmt>
      </trkpt>
      <trkpt lat="47.357517" lon="8.562229">
        <ele>437</ele>
        <time>2024-04-01T19:34:45Z</time>
        <cmt>speed: 0.1</cmt>
      </trkpt>
      <trkpt lat="47.357733" lon="8.562352">
        <ele>440</ele>
        <time>2024-04-01T19:45:04Z</time>
        <cmt>speed: 0.4</cmt>
      </trkpt>
      <trkpt lat="47.359006" lon="8.561578">
        <ele>444</ele>
        <time>2024-04-01T19:54:45Z</time>
        <cmt>speed: 0.4</cmt>
      </trkpt>
      <trkpt lat="47.360223" lon="8.560761">
        <ele>404</ele>
        <time>2024-04-01T20:05:02Z</time>
        <cmt>speed: 0.7</cmt>
      </trkpt>
      <trkpt lat="47.359272" lon="8.561254">
        <ele>432</ele>
        <time>2024-04-01T20:14:45Z</time>
        <cmt>speed: 1.4</cmt>
      </trkpt>
      <trkpt lat="47.358394" lon="8.560473">
        <ele>446</ele>
        <time>2024-04-01T20:24:46Z</time>
        <cmt>speed: 0.2</cmt>
      </trkpt>
      <trkpt lat="47.357778" lon="8.560559">
        <ele>480</ele>
        <time>2024-04-01T20:34:48Z</time>
        <cmt>speed: 0.1</cmt>
      </trkpt>
      <trkpt lat="47.357693" lon="8.560384">
        <ele>427</ele>
        <time>2024-04-01T20:44:46Z</time>
        <cmt>speed: 0.2</cmt>
      </trkpt>
      <trkpt lat="47.357693" lon="8.560384">
        <ele>427</ele>
        <time>2024-04-01T20:54:44Z</time>
      </trkpt>
      <trkpt lat="47.357895" lon="8.560574">
        <ele>400</ele>
        <time>2024-04-01T20:54:47Z</time>
        <cmt>speed: 0.8</cmt>
      </trkpt>
      <trkpt lat="47.358026" lon="8.559577">
        <ele>447</ele>
        <time>2024-04-01T21:04:44Z</time>
        <cmt>speed: 1.7</cmt>
      </trkpt>
      <trkpt lat="47.35907" lon="8.561128">
        <ele>457</ele>
        <time>2024-04-01T21:14:45Z</time>
        <cmt>speed: 1.3</cmt>
      </trkpt>
      <trkpt lat="47.358969" lon="8.563362">
        <ele>445</ele>
        <time>2024-04-01T21:24:47Z</time>
        <cmt>speed: 0.7</cmt>
      </trkpt>
      <trkpt lat="47.358969" lon="8.563362">
        <ele>445</ele>
        <time>2024-04-01T21:34:42Z</time>
      </trkpt>
      <trkpt lat="47.358501" lon="8.563452">
        <ele>455</ele>
        <time>2024-04-01T21:34:45Z</time>
        <cmt>speed: 0.3</cmt>
      </trkpt>
      <trkpt lat="47.358422" lon="8.563646">
        <ele>448</ele>
        <time>2024-04-01T21:44:45Z</time>
        <cmt>speed: 0.0</cmt>
      </trkpt>
      <trkpt lat="47.358891" lon="8.563707">
        <ele>397</ele>
        <time>2024-04-01T21:54:45Z</time>
        <cmt>speed: 0.4</cmt>
      </trkpt>
      <trkpt lat="47.359974" lon="8.56367">
        <ele>434</ele>
        <time>2024-04-01T21:59:11Z</time>
      </trkpt>
      <trkpt lat="47.359974" lon="8.56367">
        <ele>434</ele>
        <time>2024-04-01T22:14:11Z</time>
      </trkpt>
      <trkpt lat="47.359974" lon="8.56367">
        <ele>434</ele>
        <time>2024-04-02T10:14:09Z</time>
      </trkpt>
      <trkpt lat="47.359974" lon="8.56367">
        <ele>434</ele>
        <time>2024-04-02T11:05:32Z</time>
      </trkpt>
      <trkpt lat="47.359633" lon="8.563965">
        <ele>452</ele>
        <time>2024-04-02T11:15:55Z</time>
        <cmt>speed: 5.7</cmt>
      </trkpt>
      <trkpt lat="47.359091" lon="8.564506">
        <ele>454</ele>
        <time>2024-04-02T11:25:43Z</time>
        <cmt>speed: 0.7</cmt>
      </trkpt>
      <trkpt lat="47.3585" lon="8.56491">
        <ele>457</ele>
        <time>2024-04-02T11:35:40Z</time>
        <cmt>speed: 0.1</cmt>
      </trkpt>
      <trkpt lat="47.358517" lon="8.564639">
        <ele>440</ele>
        <time>2024-04-02T11:45:39Z</time>
        <cmt>speed: 0.2</cmt>
      </trkpt>
      <trkpt lat="47.358397" lon="8.563888">
        <ele>457</ele>
        <time>2024-04-02T11:55:38Z</time>
        <cmt>speed: 0.2</cmt>
      </trkpt>
      <trkpt lat="47.3581" lon="8.563158">
        <ele>391</ele>
        <time>2024-04-02T12:05:39Z</time>
        <cmt>speed: 0.1</cmt>
      </trkpt>
      <trkpt lat="47.3581" lon="8.563158">
        <ele>391</ele>
        <time>2024-04-02T12:15:35Z</time>
      </trkpt>
      <trkpt lat="47.358344" lon="8.562758">
        <ele>460</ele>
        <time>2024-04-02T12:15:40Z</time>
        <cmt>speed: 0.1</cmt>
      </trkpt>
      <trkpt lat="47.358304" lon="8.562831">
        <ele>437</ele>
        <time>2024-04-02T12:25:38Z</time>
        <cmt>speed: 0.3</cmt>
      </trkpt>
      <trkpt lat="47.358459" lon="8.562895">
        <ele>447</ele>
        <time>2024-04-02T12:35:39Z</time>
        <cmt>speed: 0.6</cmt>
      </trkpt>
      <trkpt lat="47.357832" lon="8.563223">
        <ele>374</ele>
        <time>2024-04-02T12:45:41Z</time>
        <cmt>speed: 1.4</cmt>
      </trkpt>
      <trkpt lat="47.358226" lon="8.562822">
        <ele>457</ele>
        <time>2024-04-02T12:55:40Z</time>
        <cmt>speed: 0.2</cmt>
      </trkpt>
      <trkpt lat="47.357692" lon="8.56127">
        <ele>437</ele>
        <time>2024-04-02T13:15:43Z</time>
        <cmt>speed: 2.4</cmt>
      </trkpt>
      <trkpt lat="47.358146" lon="8.561091">
        <ele>410</ele>
        <time>2024-04-02T13:25:39Z</time>
        <cmt>speed: 0.5</cmt>
      </trkpt>
      <trkpt lat="47.358976" lon="8.561213">
        <ele>415</ele>
        <time>2024-04-02T13:45:42Z</time>
        <cmt>speed: 0.8</cmt>
      </trkpt>
      <trkpt lat="47.359034" lon="8.561796">
        <ele>452</ele>
        <time>2024-04-02T13:55:44Z</time>
        <cmt>speed: 0.4</cmt>
      </trkpt>
      <trkpt lat="47.358897" lon="8.563422">
        <ele>440</ele>
        <time>2024-04-02T14:05:41Z</time>
        <cmt>speed: 0.6</cmt>
      </trkpt>
      <trkpt lat="47.358897" lon="8.563422">
        <ele>440</ele>
        <time>2024-04-02T14:15:35Z</time>
      </trkpt>
      <trkpt lat="47.358767" lon="8.563813">
        <ele>413</ele>
        <time>2024-04-02T14:15:41Z</time>
        <cmt>speed: 0.1</cmt>
      </trkpt>
      <trkpt lat="47.358326" lon="8.563177">
        <ele>399</ele>
        <time>2024-04-02T14:25:39Z</time>
        <cmt>speed: 0.3</cmt>
      </trkpt>
      <trkpt lat="47.358067" lon="8.563464">
        <ele>460</ele>
        <time>2024-04-02T14:35:40Z</time>
        <cmt>speed: 1.1</cmt>
      </trkpt>
      <trkpt lat="47.358276" lon="8.564111">
        <ele>456</ele>
        <time>2024-04-02T14:45:40Z</time>
        <cmt>speed: 0.1</cmt>
      </trkpt>
      <trkpt lat="47.358423" lon="8.564827">
        <ele>456</ele>
        <time>2024-04-02T14:55:39Z</time>
        <cmt>speed: 2.3</cmt>
      </trkpt>
      <trkpt lat="47.358322" lon="8.565265">
        <ele>486</ele>
        <time>2024-04-02T15:05:41Z</time>
        <cmt>speed: 0.4</cmt>
      </trkpt>
      <trkpt lat="47.358581" lon="8.565122">
        <ele>447</ele>
        <time>2024-04-02T15:15:41Z</time>
        <cmt>speed: 0.0</cmt>
      </trkpt>
      <trkpt lat="47.358501" lon="8.564865">
        <ele>445</ele>
        <time>2024-04-02T15:25:40Z</time>
        <cmt>speed: 0.0</cmt>
      </trkpt>
      <trkpt lat="47.358501" lon="8.564865">
        <ele>445</ele>
        <time>2024-04-02T15:35:37Z</time>
      </trkpt>
      <trkpt lat="47.359179" lon="8.563391">
        <ele>430</ele>
        <time>2024-04-02T15:35:42Z</time>
        <cmt>speed: 0.3</cmt>
      </trkpt>
      <trkpt lat="47.358373" lon="8.563811">
        <ele>491</ele>
        <time>2024-04-02T15:45:40Z</time>
        <cmt>speed: 0.3</cmt>
      </trkpt>
      <trkpt lat="47.358752" lon="8.56289">
        <ele>452</ele>
        <time>2024-04-02T15:55:39Z</time>
        <cmt>speed: 0.7</cmt>
      </trkpt>
      <trkpt lat="47.35841" lon="8.563657">
        <ele>480</ele>
        <time>2024-04-02T16:05:39Z</time>
        <cmt>speed: 0.8</cmt>
      </trkpt>
      <trkpt lat="47.358529" lon="8.562804">
        <ele>480</ele>
        <time>2024-04-02T16:15:40Z</time>
        <cmt>speed: 0.8</cmt>
      </trkpt>
      <trkpt lat="47.358997" lon="8.563019">
        <ele>445</ele>
        <time>2024-04-02T16:25:41Z</time>
        <cmt>speed: 0.3</cmt>
      </trkpt>
      <trkpt lat="47.360035" lon="8.563544">
        <ele>490</ele>
        <time>2024-04-02T16:35:41Z</time>
        <cmt>speed: 0.4</cmt>
      </trkpt>
      <trkpt lat="47.359974" lon="8.56367">
        <ele>434</ele>
        <time>2024-04-02T16:36:28Z</time>
      </trkpt>
      <trkpt lat="47.359959" lon="8.563643">
        <ele>434</ele>
        <time>2024-04-02T16:51:28Z</time>
      </trkpt>
      <trkpt lat="47.359959" lon="8.563643">
        <ele>434</ele>
        <time>2024-04-03T04:51:26Z</time>
      </trkpt>
      <trkpt lat="47.359743" lon="8.563814">
        <ele>420</ele>
        <time>2024-04-03T04:54:03Z</time>
        <cmt>speed: 1.4</cmt>
      </trkpt>
      <trkpt lat="47.358953" lon="8.562369">
        <ele>446</ele>
        <time>2024-04-03T05:04:02Z</time>
        <cmt>speed: 1.5</cmt>
      </trkpt>
      <trkpt lat="47.358966" lon="8.562125">
        <ele>433</ele>
        <time>2024-04-03T05:13:56Z</time>
        <cmt>speed: 0.0</cmt>
      </trkpt>
      <trkpt lat="47.358907" lon="8.561846">
        <ele>429</ele>
        <time>2024-04-03T05:23:56Z</time>
        <cmt>speed: 0.4</cmt>
      </trkpt>
      <trkpt lat="47.358542" lon="8.562205">
        <ele>431</ele>
        <time>2024-04-03T05:33:55Z</time>
        <cmt>speed: 1.9</cmt>
      </trkpt>
      <trkpt lat="47.35766" lon="8.561369">
        <ele>415</ele>
        <time>2024-04-03T05:43:59Z</time>
        <cmt>speed: 0.1</cmt>
      </trkpt>
      <trkpt lat="47.358173" lon="8.563065">
        <ele>446</ele>
        <time>2024-04-03T05:53:55Z</time>
        <cmt>speed: 0.3</cmt>
      </trkpt>
      <trkpt lat="47.358471" lon="8.563611">
        <ele>450</ele>
        <time>2024-04-03T06:03:55Z</time>
        <cmt>speed: 0.0</cmt>
      </trkpt>
      <trkpt lat="47.358471" lon="8.563611">
        <ele>450</ele>
        <time>2024-04-03T06:13:48Z</time>
      </trkpt>
      <trkpt lat="47.358492" lon="8.56357">
        <ele>456</ele>
        <time>2024-04-03T06:13:55Z</time>
        <cmt>speed: 0.0</cmt>
      </trkpt>
      <trkpt lat="47.358406" lon="8.563701">
        <ele>472</ele>
        <time>2024-04-03T06:23:54Z</time>
        <cmt>speed: 0.0</cmt>
      </trkpt>
      <trkpt lat="47.358406" lon="8.563701">
        <ele>472</ele>
        <time>2024-04-03T06:33:48Z</time>
      </trkpt>
      <trkpt lat="47.358363" lon="8.563812">
        <ele>456</ele>
        <time>2024-04-03T06:33:54Z</time>
        <cmt>speed: 0.2</cmt>
      </trkpt>
      <trkpt lat="47.358484" lon="8.563607">
        <ele>457</ele>
        <time>2024-04-03T06:43:55Z</time>
        <cmt>speed: 0.0</cmt>
      </trkpt>
      <trkpt lat="47.358484" lon="8.563607">
        <ele>457</ele>
        <time>2024-04-03T06:53:48Z</time>
      </trkpt>
      <trkpt lat="47.358423" lon="8.563552">
        <ele>436</ele>
        <time>2024-04-03T06:53:54Z</time>
        <cmt>speed: 0.0</cmt>
      </trkpt>
      <trkpt lat="47.35845" lon="8.563581">
        <ele>451</ele>
        <time>2024-04-03T07:03:54Z</time>
        <cmt>speed: 0.2</cmt>
      </trkpt>
      <trkpt lat="47.35845" lon="8.563581">
        <ele>451</ele>
        <time>2024-04-03T07:13:48Z</time>
      </trkpt>
      <trkpt lat="47.358533" lon="8.563615">
        <ele>465</ele>
        <time>2024-04-03T07:13:55Z</time>
        <cmt>speed: 0.1</cmt>
      </trkpt>
      <trkpt lat="47.358318" lon="8.563537">
        <ele>415</ele>
        <time>2024-04-03T07:23:55Z</time>
        <cmt>speed: 0.5</cmt>
      </trkpt>
      <trkpt lat="47.358318" lon="8.563537">
        <ele>415</ele>
        <time>2024-04-03T07:33:48Z</time>
      </trkpt>
      <trkpt lat="47.358453" lon="8.563616">
        <ele>465</ele>
        <time>2024-04-03T07:35:41Z</time>
        <cmt>speed: 0.1</cmt>
      </trkpt>
      <trkpt lat="47.358537" lon="8.563692">
        <ele>463</ele>
        <time>2024-04-03T07:45:40Z</time>
        <cmt>speed: 0.4</cmt>
      </trkpt>
      <trkpt lat="47.357983" lon="8.563872">
        <ele>459</ele>
        <time>2024-04-03T07:55:40Z</time>
        <cmt>speed: 0.0</cmt>
      </trkpt>
      <trkpt lat="47.358715" lon="8.563687">
        <ele>506</ele>
        <time>2024-04-03T08:05:40Z</time>
        <cmt>speed: 0.4</cmt>
      </trkpt>
      <trkpt lat="47.358715" lon="8.563687">
        <ele>506</ele>
        <time>2024-04-03T08:15:34Z</time>
      </trkpt>
      <trkpt lat="47.358515" lon="8.56321">
        <ele>428</ele>
        <time>2024-04-03T08:15:42Z</time>
        <cmt>speed: 0.2</cmt>
      </trkpt>
      <trkpt lat="47.358973" lon="8.561183">
        <ele>462</ele>
        <time>2024-04-03T08:25:41Z</time>
        <cmt>speed: 0.7</cmt>
      </trkpt>
      <trkpt lat="47.359099" lon="8.559784">
        <ele>433</ele>
        <time>2024-04-03T08:35:41Z</time>
        <cmt>speed: 0.6</cmt>
      </trkpt>
      <trkpt lat="47.357922" lon="8.560951">
        <ele>474</ele>
        <time>2024-04-03T08:45:42Z</time>
        <cmt>speed: 0.0</cmt>
      </trkpt>
      <trkpt lat="47.357922" lon="8.560951">
        <ele>474</ele>
        <time>2024-04-03T08:55:39Z</time>
      </trkpt>
      <trkpt lat="47.357911" lon="8.560717">
        <ele>422</ele>
        <time>2024-04-03T08:55:47Z</time>
        <cmt>speed: 0.9</cmt>
      </trkpt>
      <trkpt lat="47.357639" lon="8.560098">
        <ele>440</ele>
        <time>2024-04-03T09:05:48Z</time>
        <cmt>speed: 0.6</cmt>
      </trkpt>
      <trkpt lat="47.357613" lon="8.560174">
        <ele>425</ele>
        <time>2024-04-03T09:15:42Z</time>
        <cmt>speed: 0.1</cmt>
      </trkpt>
      <trkpt lat="47.357514" lon="8.560214">
        <ele>403</ele>
        <time>2024-04-03T09:25:46Z</time>
        <cmt>speed: 0.1</cmt>
      </trkpt>
      <trkpt lat="47.357659" lon="8.560315">
        <ele>431</ele>
        <time>2024-04-03T09:35:52Z</time>
        <cmt>speed: 0.7</cmt>
      </trkpt>
      <trkpt lat="47.357797" lon="8.560328">
        <ele>426</ele>
        <time>2024-04-03T09:45:44Z</time>
        <cmt>speed: 1.7</cmt>
      </trkpt>
      <trkpt lat="47.357797" lon="8.560328">
        <ele>426</ele>
        <time>2024-04-03T09:55:36Z</time>
      </trkpt>
      <trkpt lat="47.357739" lon="8.560183">
        <ele>437</ele>
        <time>2024-04-03T09:55:45Z</time>
        <cmt>speed: 0.4</cmt>
      </trkpt>
      <trkpt lat="47.357866" lon="8.560224">
        <ele>456</ele>
        <time>2024-04-03T10:05:45Z</time>
        <cmt>speed: 0.7</cmt>
      </trkpt>
      <trkpt lat="47.357866" lon="8.560224">
        <ele>456</ele>
        <time>2024-04-03T10:15:53Z</time>
      </trkpt>
      <trkpt lat="47.357295" lon="8.560222">
        <ele>455</ele>
        <time>2024-04-03T10:16:02Z</time>
        <cmt>speed: 0.1</cmt>
      </trkpt>
      <trkpt lat="47.357516" lon="8.560331">
        <ele>464</ele>
        <time>2024-04-03T10:26:16Z</time>
        <cmt>speed: 0.8</cmt>
      </trkpt>
      <trkpt lat="47.35756" lon="8.560285">
        <ele>397</ele>
        <time>2024-04-03T10:45:46Z</time>
        <cmt>speed: 0.1</cmt>
      </trkpt>
      <trkpt lat="47.35807" lon="8.559822">
        <ele>436</ele>
        <time>2024-04-03T10:55:53Z</time>
        <cmt>speed: 0.2</cmt>
      </trkpt>
      <trkpt lat="47.358048" lon="8.559733">
        <ele>450</ele>
        <time>2024-04-03T11:05:46Z</time>
        <cmt>speed: 0.5</cmt>
      </trkpt>
      <trkpt lat="47.357949" lon="8.559993">
        <ele>439</ele>
        <time>2024-04-03T11:15:45Z</time>
        <cmt>speed: 1.5</cmt>
      </trkpt>
      <trkpt lat="47.357993" lon="8.559742">
        <ele>465</ele>
        <time>2024-04-03T11:26:01Z</time>
        <cmt>speed: 0.3</cmt>
      </trkpt>
      <trkpt lat="47.358074" lon="8.559829">
        <ele>403</ele>
        <time>2024-04-03T11:36:26Z</time>
        <cmt>speed: 0.8</cmt>
      </trkpt>
      <trkpt lat="47.358104" lon="8.559917">
        <ele>394</ele>
        <time>2024-04-03T11:45:46Z</time>
        <cmt>speed: 0.5</cmt>
      </trkpt>
      <trkpt lat="47.358104" lon="8.559917">
        <ele>394</ele>
        <time>2024-04-03T11:55:33Z</time>
      </trkpt>
      <trkpt lat="47.357903" lon="8.560192">
        <ele>479</ele>
        <time>2024-04-03T11:55:42Z</time>
        <cmt>speed: 0.8</cmt>
      </trkpt>
      <trkpt lat="47.357812" lon="8.560213">
        <ele>428</ele>
        <time>2024-04-03T12:05:46Z</time>
        <cmt>speed: 0.4</cmt>
      </trkpt>
      <trkpt lat="47.357812" lon="8.560213">
        <ele>428</ele>
        <time>2024-04-03T12:15:51Z</time>
      </trkpt>
      <trkpt lat="47.3579" lon="8.559881">
        <ele>416</ele>
        <time>2024-04-03T12:16:00Z</time>
        <cmt>speed: 0.4</cmt>
      </trkpt>
      <trkpt lat="47.358182" lon="8.559991">
        <ele>395</ele>
        <time>2024-04-03T12:25:51Z</time>
        <cmt>speed: 0.8</cmt>
      </trkpt>
      <trkpt lat="47.357819" lon="8.559994">
        <ele>414</ele>
        <time>2024-04-03T12:36:19Z</time>
        <cmt>speed: 1.1</cmt>
      </trkpt>
      <trkpt lat="47.357976" lon="8.559981">
        <ele>439</ele>
        <time>2024-04-03T12:45:55Z</time>
        <cmt>speed: 0.6</cmt>
      </trkpt>
      <trkpt lat="47.357974" lon="8.559765">
        <ele>467</ele>
        <time>2024-04-03T12:55:53Z</time>
        <cmt>speed: 0.4</cmt>
      </trkpt>
      <trkpt lat="47.357765" lon="8.560432">
        <ele>431</ele>
        <time>2024-04-03T13:15:44Z</time>
        <cmt>speed: 1.1</cmt>
      </trkpt>
      <trkpt lat="47.357682" lon="8.560377">
        <ele>437</ele>
        <time>2024-04-03T13:25:58Z</time>
        <cmt>speed: 0.6</cmt>
      </trkpt>
      <trkpt lat="47.359959" lon="8.563643">
        <ele>434</ele>
        <time>2024-04-03T13:53:31Z</time>
      </trkpt>
      <trkpt lat="47.359959" lon="8.563643">
        <ele>434</ele>
        <time>2024-04-03T14:08:31Z</time>
      </trkpt>
      <trkpt lat="47.359959" lon="8.563643">
        <ele>434</ele>
        <time>2024-04-04T14:09:00Z</time>
      </trkpt>
      <trkpt lat="47.359763" lon="8.563244">
        <ele>431</ele>
        <time>2024-04-04T16:15:09Z</time>
        <cmt>speed: 0.2</cmt>
      </trkpt>
      <trkpt lat="47.359219" lon="8.561619">
        <ele>494</ele>
        <time>2024-04-04T16:24:53Z</time>
        <cmt>speed: 0.3</cmt>
      </trkpt>
      <trkpt lat="47.35815" lon="8.562446">
        <ele>459</ele>
        <time>2024-04-04T16:34:52Z</time>
        <cmt>speed: 0.0</cmt>
      </trkpt>
      <trkpt lat="47.35815" lon="8.562446">
        <ele>459</ele>
        <time>2024-04-04T16:35:05Z</time>
      </trkpt>
      <trkpt lat="47.35818" lon="8.562889">
        <ele>461</ele>
        <time>2024-04-04T16:44:51Z</time>
        <cmt>speed: 0.0</cmt>
      </trkpt>
      <trkpt lat="47.357874" lon="8.562975">
        <ele>463</ele>
        <time>2024-04-04T16:54:55Z</time>
        <cmt>speed: 0.4</cmt>
      </trkpt>
      <trkpt lat="47.357709" lon="8.562744">
        <ele>446</ele>
        <time>2024-04-04T17:04:51Z</time>
        <cmt>speed: 0.3</cmt>
      </trkpt>
      <trkpt lat="47.35798" lon="8.562888">
        <ele>431</ele>
        <time>2024-04-04T17:14:50Z</time>
        <cmt>speed: 0.5</cmt>
      </trkpt>
      <trkpt lat="47.35798" lon="8.562888">
        <ele>431</ele>
        <time>2024-04-04T17:14:52Z</time>
      </trkpt>
      <trkpt lat="47.357709" lon="8.562454">
        <ele>386</ele>
        <time>2024-04-04T17:24:52Z</time>
        <cmt>speed: 0.9</cmt>
      </trkpt>
      <trkpt lat="47.357586" lon="8.563421">
        <ele>411</ele>
        <time>2024-04-04T17:34:51Z</time>
        <cmt>speed: 0.4</cmt>
      </trkpt>
      <trkpt lat="47.357641" lon="8.563156">
        <ele>425</ele>
        <time>2024-04-04T17:44:51Z</time>
        <cmt>speed: 0.1</cmt>
      </trkpt>
      <trkpt lat="47.357645" lon="8.563257">
        <ele>427</ele>
        <time>2024-04-04T17:54:53Z</time>
        <cmt>speed: 0.3</cmt>
      </trkpt>
      <trkpt lat="47.357546" lon="8.563038">
        <ele>463</ele>
        <time>2024-04-04T18:04:50Z</time>
        <cmt>speed: 0.6</cmt>
      </trkpt>
      <trkpt lat="47.357546" lon="8.563038">
        <ele>463</ele>
        <time>2024-04-04T18:14:50Z</time>
      </trkpt>
      <trkpt lat="47.357611" lon="8.563009">
        <ele>428</ele>
        <time>2024-04-04T18:14:52Z</time>
        <cmt>speed: 0.1</cmt>
      </trkpt>
      <trkpt lat="47.357685" lon="8.563224">
        <ele>446</ele>
        <time>2024-04-04T18:24:51Z</time>
        <cmt>speed: 0.3</cmt>
      </trkpt>
      <trkpt lat="47.357427" lon="8.563456">
        <ele>442</ele>
        <time>2024-04-04T18:34:51Z</time>
        <cmt>speed: 0.9</cmt>
      </trkpt>
      <trkpt lat="47.356722" lon="8.56371">
        <ele>443</ele>
        <time>2024-04-04T18:44:51Z</time>
        <cmt>speed: 3.6</cmt>
      </trkpt>
      <trkpt lat="47.356696" lon="8.564351">
        <ele>449</ele>
        <time>2024-04-04T18:54:51Z</time>
        <cmt>speed: 0.5</cmt>
      </trkpt>
      <trkpt lat="47.35671" lon="8.564255">
        <ele>473</ele>
        <time>2024-04-04T19:04:52Z</time>
        <cmt>speed: 0.8</cmt>
      </trkpt>
      <trkpt lat="47.35671" lon="8.564255">
        <ele>473</ele>
        <time>2024-04-04T19:14:48Z</time>
      </trkpt>
      <trkpt lat="47.357256" lon="8.564408">
        <ele>416</ele>
        <time>2024-04-04T19:14:50Z</time>
        <cmt>speed: 0.0</cmt>
      </trkpt>
      <trkpt lat="47.357251" lon="8.564514">
        <ele>468</ele>
        <time>2024-04-04T19:24:51Z</time>
        <cmt>speed: 0.3</cmt>
      </trkpt>
      <trkpt lat="47.3578" lon="8.563964">
        <ele>416</ele>
        <time>2024-04-04T19:34:50Z</time>
        <cmt>speed: 0.4</cmt>
      </trkpt>
      <trkpt lat="47.359959" lon="8.563643">
        <ele>434</ele>
        <time>2024-04-04T19:44:56Z</time>
      </trkpt>
      <trkpt lat="47.359959" lon="8.563643">
        <ele>434</ele>
        <time>2024-04-04T19:59:56Z</time>
      </trkpt>
      <trkpt lat="47.359959" lon="8.563643">
        <ele>434</ele>
        <time>2024-04-05T07:59:54Z</time>
      </trkpt>
      <trkpt lat="47.359959" lon="8.563643">
        <ele>434</ele>
        <time>2024-04-05T20:00:13Z</time>
      </trkpt>
      <trkpt lat="47.360003" lon="8.564176">
        <ele>407</ele>
        <time>2024-04-06T08:00:11Z</time>
        <cmt>speed: 1.7</cmt>
      </trkpt>
      <trkpt lat="47.357584" lon="8.565961">
        <ele>446</ele>
        <time>2024-04-06T08:10:04Z</time>
        <cmt>speed: 0.3</cmt>
      </trkpt>
      <trkpt lat="47.357752" lon="8.566002">
        <ele>460</ele>
        <time>2024-04-06T08:20:05Z</time>
        <cmt>speed: 0.6</cmt>
      </trkpt>
      <trkpt lat="47.358185" lon="8.563449">
        <ele>444</ele>
        <time>2024-04-06T08:30:04Z</time>
        <cmt>speed: 0.8</cmt>
      </trkpt>
      <trkpt lat="47.35992" lon="8.561693">
        <ele>430</ele>
        <time>2024-04-06T08:40:03Z</time>
        <cmt>speed: 0.3</cmt>
      </trkpt>
      <trkpt lat="47.359959" lon="8.563643">
        <ele>434</ele>
        <time>2024-04-06T08:45:18Z</time>
      </trkpt>
      <trkpt lat="47.359959" lon="8.563643">
        <ele>434</ele>
        <time>2024-04-06T09:00:18Z</time>
      </trkpt>
      <trkpt lat="47.359974" lon="8.56367">
        <ele>434</ele>
        <time>2024-04-06T18:50:22Z</time>
      </trkpt>
      <trkpt lat="47.360368" lon="8.562393">
        <ele>456</ele>
        <time>2024-04-06T18:51:01Z</time>
        <cmt>speed: 0.8</cmt>
      </trkpt>
      <trkpt lat="47.359176" lon="8.561066">
        <ele>447</ele>
        <time>2024-04-06T19:00:37Z</time>
        <cmt>speed: 0.3</cmt>
      </trkpt>
      <trkpt lat="47.357877" lon="8.56129">
        <ele>446</ele>
        <time>2024-04-06T19:10:34Z</time>
        <cmt>speed: 0.5</cmt>
      </trkpt>
      <trkpt lat="47.357789" lon="8.561303">
        <ele>442</ele>
        <time>2024-04-06T19:20:34Z</time>
        <cmt>speed: 0.2</cmt>
      </trkpt>
      <trkpt lat="47.357667" lon="8.562082">
        <ele>442</ele>
        <time>2024-04-06T19:30:35Z</time>
        <cmt>speed: 0.5</cmt>
      </trkpt>
      <trkpt lat="47.357673" lon="8.56258">
        <ele>445</ele>
        <time>2024-04-06T19:40:35Z</time>
        <cmt>speed: 0.2</cmt>
      </trkpt>
      <trkpt lat="47.357858" lon="8.562818">
        <ele>449</ele>
        <time>2024-04-06T19:50:36Z</time>
        <cmt>speed: 0.1</cmt>
      </trkpt>
      <trkpt lat="47.358083" lon="8.562804">
        <ele>477</ele>
        <time>2024-04-06T20:00:35Z</time>
        <cmt>speed: 0.5</cmt>
      </trkpt>
      <trkpt lat="47.358083" lon="8.562804">
        <ele>477</ele>
        <time>2024-04-06T20:10:25Z</time>
      </trkpt>
      <trkpt lat="47.357877" lon="8.562593">
        <ele>411</ele>
        <time>2024-04-06T20:10:35Z</time>
        <cmt>speed: 0.5</cmt>
      </trkpt>
      <trkpt lat="47.357997" lon="8.562457">
        <ele>447</ele>
        <time>2024-04-06T20:20:35Z</time>
        <cmt>speed: 0.3</cmt>
      </trkpt>
      <trkpt lat="47.358086" lon="8.561367">
        <ele>442</ele>
        <time>2024-04-06T20:30:34Z</time>
        <cmt>speed: 0.2</cmt>
      </trkpt>
      <trkpt lat="47.35982" lon="8.562015">
        <ele>464</ele>
        <time>2024-04-06T20:40:35Z</time>
        <cmt>speed: 0.3</cmt>
      </trkpt>
      <trkpt lat="47.359974" lon="8.56367">
        <ele>434</ele>
        <time>2024-04-06T20:47:54Z</time>
      </trkpt>
      <trkpt lat="47.360373" lon="8.562399">
        <ele>469</ele>
        <time>2024-04-06T20:52:55Z</time>
        <cmt>speed: 1.1</cmt>
      </trkpt>
      <trkpt lat="47.360341" lon="8.561689">
        <ele>428</ele>
        <time>2024-04-06T20:57:26Z</time>
        <cmt>speed: 0.4</cmt>
      </trkpt>
      <trkpt lat="47.360144" lon="8.561684">
        <ele>445</ele>
        <time>2024-04-06T20:57:29Z</time>
        <cmt>speed: 1.0</cmt>
      </trkpt>
      <trkpt lat="47.360152" lon="8.561632">
        <ele>441</ele>
        <time>2024-04-06T20:57:34Z</time>
        <cmt>speed: 0.0</cmt>
      </trkpt>
      <trkpt lat="47.360152" lon="8.561632">
        <ele>441</ele>
        <time>2024-04-06T20:57:38Z</time>
        <cmt>speed: 0.0</cmt>
      </trkpt>
      <trkpt lat="47.360152" lon="8.561632">
        <ele>441</ele>
        <time>2024-04-06T20:57:41Z</time>
        <cmt>speed: 0.0</cmt>
      </trkpt>
      <trkpt lat="47.360148" lon="8.561653">
        <ele>443</ele>
        <time>2024-04-06T20:57:46Z</time>
        <cmt>speed: 0.5</cmt>
      </trkpt>
      <trkpt lat="47.360148" lon="8.561653">
        <ele>443</ele>
        <time>2024-04-06T20:57:50Z</time>
        <cmt>speed: 0.0</cmt>
      </trkpt>
      <trkpt lat="47.36015" lon="8.561628">
        <ele>441</ele>
        <time>2024-04-06T20:57:53Z</time>
        <cmt>speed: 0.1</cmt>
      </trkpt>
      <trkpt lat="47.360144" lon="8.561644">
        <ele>438</ele>
        <time>2024-04-06T20:57:58Z</time>
        <cmt>speed: 0.3</cmt>
      </trkpt>
      <trkpt lat="47.360128" lon="8.561645">
        <ele>438</ele>
        <time>2024-04-06T20:58:02Z</time>
        <cmt>speed: 0.0</cmt>
      </trkpt>
      <trkpt lat="47.360128" lon="8.561645">
        <ele>438</ele>
        <time>2024-04-06T20:58:05Z</time>
        <cmt>speed: 0.0</cmt>
      </trkpt>
      <trkpt lat="47.360118" lon="8.56166">
        <ele>438</ele>
        <time>2024-04-06T20:58:10Z</time>
        <cmt>speed: 0.0</cmt>
      </trkpt>
      <trkpt lat="47.360118" lon="8.56166">
        <ele>438</ele>
        <time>2024-04-06T20:58:14Z</time>
        <cmt>speed: 0.0</cmt>
      </trkpt>
      <trkpt lat="47.360118" lon="8.56166">
        <ele>438</ele>
        <time>2024-04-06T20:58:18Z</time>
        <cmt>speed: 0.0</cmt>
      </trkpt>
      <trkpt lat="47.360118" lon="8.56166">
        <ele>438</ele>
        <time>2024-04-06T20:58:23Z</time>
        <cmt>speed: 0.0</cmt>
      </trkpt>
      <trkpt lat="47.360118" lon="8.56166">
        <ele>438</ele>
        <time>2024-04-06T21:02:47Z</time>
      </trkpt>
      <trkpt lat="47.359663" lon="8.561636">
        <ele>452</ele>
        <time>2024-04-06T21:02:52Z</time>
        <cmt>speed: 0.0</cmt>
      </trkpt>
      <trkpt lat="47.359663" lon="8.561636">
        <ele>452</ele>
        <time>2024-04-06T21:02:56Z</time>
        <cmt>speed: 0.0</cmt>
      </trkpt>
      <trkpt lat="47.359663" lon="8.561636">
        <ele>452</ele>
        <time>2024-04-06T21:02:59Z</time>
        <cmt>speed: 0.0</cmt>
      </trkpt>
      <trkpt lat="47.359663" lon="8.561636">
        <ele>452</ele>
        <time>2024-04-06T21:03:04Z</time>
        <cmt>speed: 0.0</cmt>
      </trkpt>
      <trkpt lat="47.359663" lon="8.561636">
        <ele>452</ele>
        <time>2024-04-06T21:03:08Z</time>
        <cmt>speed: 0.0</cmt>
      </trkpt>
      <trkpt lat="47.359663" lon="8.561636">
        <ele>452</ele>
        <time>2024-04-06T21:03:12Z</time>
        <cmt>speed: 0.0</cmt>
      </trkpt>
      <trkpt lat="47.359663" lon="8.561636">
        <ele>452</ele>
        <time>2024-04-06T21:03:17Z</time>
        <cmt>speed: 0.0</cmt>
      </trkpt>
      <trkpt lat="47.359663" lon="8.561636">
        <ele>452</ele>
        <time>2024-04-06T21:03:20Z</time>
        <cmt>speed: 0.0</cmt>
      </trkpt>
      <trkpt lat="47.359763" lon="8.56174">
        <ele>429</ele>
        <time>2024-04-06T21:06:22Z</time>
        <cmt>speed: 6.2</cmt>
      </trkpt>
      <trkpt lat="47.358463" lon="8.562266">
        <ele>424</ele>
        <time>2024-04-06T21:16:21Z</time>
        <cmt>speed: 1.3</cmt>
      </trkpt>
      <trkpt lat="47.358439" lon="8.562857">
        <ele>431</ele>
        <time>2024-04-06T21:26:22Z</time>
        <cmt>speed: 0.3</cmt>
      </trkpt>
      <trkpt lat="47.358439" lon="8.562857">
        <ele>431</ele>
        <time>2024-04-06T21:26:22Z</time>
      </trkpt>
      <trkpt lat="47.358663" lon="8.563446">
        <ele>462</ele>
        <time>2024-04-06T21:36:21Z</time>
        <cmt>speed: 0.4</cmt>
      </trkpt>
      <trkpt lat="47.358997" lon="8.562977">
        <ele>442</ele>
        <time>2024-04-06T21:46:29Z</time>
        <cmt>speed: 1.2</cmt>
      </trkpt>
      <trkpt lat="47.358971" lon="8.56316">
        <ele>461</ele>
        <time>2024-04-06T21:56:24Z</time>
        <cmt>speed: 0.4</cmt>
      </trkpt>
      <trkpt lat="47.358687" lon="8.562292">
        <ele>464</ele>
        <time>2024-04-06T22:07:06Z</time>
        <cmt>speed: 0.1</cmt>
      </trkpt>
      <trkpt lat="47.358687" lon="8.562292">
        <ele>464</ele>
        <time>2024-04-06T22:07:06Z</time>
      </trkpt>
      <trkpt lat="47.359022" lon="8.563284">
        <ele>423</ele>
        <time>2024-04-06T22:16:25Z</time>
        <cmt>speed: 0.2</cmt>
      </trkpt>
      <trkpt lat="47.359024" lon="8.563063">
        <ele>442</ele>
        <time>2024-04-06T22:26:49Z</time>
        <cmt>speed: 1.6</cmt>
      </trkpt>
      <trkpt lat="47.359024" lon="8.563063">
        <ele>442</ele>
        <time>2024-04-06T22:26:50Z</time>
      </trkpt>
      <trkpt lat="47.358757" lon="8.562542">
        <ele>479</ele>
        <time>2024-04-06T22:36:32Z</time>
        <cmt>speed: 0.0</cmt>
      </trkpt>
      <trkpt lat="47.358795" lon="8.563057">
        <ele>451</ele>
        <time>2024-04-06T22:56:45Z</time>
        <cmt>speed: 0.6</cmt>
      </trkpt>
      <trkpt lat="47.359028" lon="8.562961">
        <ele>436</ele>
        <time>2024-04-06T23:06:40Z</time>
        <cmt>speed: 0.1</cmt>
      </trkpt>
      <trkpt lat="47.359028" lon="8.562961">
        <ele>436</ele>
        <time>2024-04-06T23:06:40Z</time>
      </trkpt>
      <trkpt lat="47.35884" lon="8.56283">
        <ele>458</ele>
        <time>2024-04-07T00:16:27Z</time>
        <cmt>speed: 0.4</cmt>
      </trkpt>
      <trkpt lat="47.358952" lon="8.563098">
        <ele>442</ele>
        <time>2024-04-07T00:26:23Z</time>
        <cmt>speed: 0.1</cmt>
      </trkpt>
      <trkpt lat="47.358952" lon="8.563098">
        <ele>442</ele>
        <time>2024-04-07T00:26:23Z</time>
      </trkpt>
      <trkpt lat="47.359156" lon="8.563218">
        <ele>432</ele>
        <time>2024-04-07T00:36:25Z</time>
        <cmt>speed: 1.3</cmt>
      </trkpt>
      <trkpt lat="47.358693" lon="8.563062">
        <ele>484</ele>
        <time>2024-04-07T00:46:24Z</time>
        <cmt>speed: 1.3</cmt>
      </trkpt>
      <trkpt lat="47.358693" lon="8.563062">
        <ele>484</ele>
        <time>2024-04-07T00:46:24Z</time>
      </trkpt>
      <trkpt lat="47.358981" lon="8.563379">
        <ele>446</ele>
        <time>2024-04-07T00:56:20Z</time>
        <cmt>speed: 1.4</cmt>
      </trkpt>
      <trkpt lat="47.359162" lon="8.563113">
        <ele>402</ele>
        <time>2024-04-07T01:06:37Z</time>
        <cmt>speed: 1.3</cmt>
      </trkpt>
      <trkpt lat="47.359162" lon="8.563113">
        <ele>402</ele>
        <time>2024-04-07T01:06:37Z</time>
      </trkpt>
      <trkpt lat="47.35854" lon="8.562482">
        <ele>500</ele>
        <time>2024-04-07T01:26:32Z</time>
        <cmt>speed: 1.1</cmt>
      </trkpt>
      <trkpt lat="47.359157" lon="8.563167">
        <ele>434</ele>
        <time>2024-04-07T01:36:28Z</time>
        <cmt>speed: 0.1</cmt>
      </trkpt>
      <trkpt lat="47.359157" lon="8.563167">
        <ele>434</ele>
        <time>2024-04-07T01:42:47Z</time>
      </trkpt>
      <trkpt lat="47.359088" lon="8.56329">
        <ele>463</ele>
        <time>2024-04-07T01:54:49Z</time>
        <cmt>speed: 0.6</cmt>
      </trkpt>
      <trkpt lat="47.359088" lon="8.56329">
        <ele>463</ele>
        <time>2024-04-07T02:04:11Z</time>
      </trkpt>
      <trkpt lat="47.358957" lon="8.563096">
        <ele>427</ele>
        <time>2024-04-07T02:04:12Z</time>
        <cmt>speed: 0.1</cmt>
      </trkpt>
      <trkpt lat="47.35893" lon="8.562867">
        <ele>439</ele>
        <time>2024-04-07T02:14:25Z</time>
        <cmt>speed: 1.3</cmt>
      </trkpt>
      <trkpt lat="47.35893" lon="8.562867">
        <ele>439</ele>
        <time>2024-04-07T02:22:47Z</time>
      </trkpt>
      <trkpt lat="47.359129" lon="8.56327">
        <ele>455</ele>
        <time>2024-04-07T02:34:26Z</time>
        <cmt>speed: 0.3</cmt>
      </trkpt>
      <trkpt lat="47.359111" lon="8.562934">
        <ele>453</ele>
        <time>2024-04-07T02:44:08Z</time>
        <cmt>speed: 0.6</cmt>
      </trkpt>
      <trkpt lat="47.359372" lon="8.562864">
        <ele>446</ele>
        <time>2024-04-07T02:54:09Z</time>
        <cmt>speed: 0.8</cmt>
      </trkpt>
      <trkpt lat="47.359191" lon="8.561849">
        <ele>459</ele>
        <time>2024-04-07T03:04:08Z</time>
        <cmt>speed: 0.3</cmt>
      </trkpt>
      <trkpt lat="47.359191" lon="8.561849">
        <ele>459</ele>
        <time>2024-04-07T03:04:08Z</time>
      </trkpt>
      <trkpt lat="47.359439" lon="8.561475">
        <ele>445</ele>
        <time>2024-04-07T03:14:10Z</time>
        <cmt>speed: 1.4</cmt>
      </trkpt>
      <trkpt lat="47.357924" lon="8.562691">
        <ele>425</ele>
        <time>2024-04-07T03:24:09Z</time>
        <cmt>speed: 0.5</cmt>
      </trkpt>
      <trkpt lat="47.357753" lon="8.563151">
        <ele>460</ele>
        <time>2024-04-07T03:34:10Z</time>
        <cmt>speed: 0.1</cmt>
      </trkpt>
      <trkpt lat="47.357353" lon="8.564253">
        <ele>464</ele>
        <time>2024-04-07T03:44:08Z</time>
        <cmt>speed: 0.4</cmt>
      </trkpt>
      <trkpt lat="47.357459" lon="8.56477">
        <ele>476</ele>
        <time>2024-04-07T03:54:09Z</time>
        <cmt>speed: 0.1</cmt>
      </trkpt>
      <trkpt lat="47.357258" lon="8.564738">
        <ele>468</ele>
        <time>2024-04-07T04:04:08Z</time>
        <cmt>speed: 0.4</cmt>
      </trkpt>
      <trkpt lat="47.356796" lon="8.563633">
        <ele>489</ele>
        <time>2024-04-07T04:14:09Z</time>
        <cmt>speed: 0.3</cmt>
      </trkpt>
      <trkpt lat="47.35771" lon="8.563335">
        <ele>433</ele>
        <time>2024-04-07T04:24:10Z</time>
        <cmt>speed: 0.8</cmt>
      </trkpt>
      <trkpt lat="47.357743" lon="8.561238">
        <ele>453</ele>
        <time>2024-04-07T04:34:09Z</time>
        <cmt>speed: 0.8</cmt>
      </trkpt>
      <trkpt lat="47.359496" lon="8.560478">
        <ele>479</ele>
        <time>2024-04-07T04:44:09Z</time>
        <cmt>speed: 0.6</cmt>
      </trkpt>
      <trkpt lat="47.360259" lon="8.563141">
        <ele>440</ele>
        <time>2024-04-07T04:54:10Z</time>
        <cmt>speed: 0.7</cmt>
      </trkpt>
      <trkpt lat="47.359974" lon="8.56367">
        <ele>434</ele>
        <time>2024-04-07T04:56:07Z</time>
      </trkpt>
      <trkpt lat="47.359974" lon="8.56367">
        <ele>434</ele>
        <time>2024-04-07T05:00:23Z</time>
      </trkpt>
      <trkpt lat="47.359974" lon="8.56367">
        <ele>434</ele>
        <time>2024-04-07T05:15:23Z</time>
      </trkpt>
      <trkpt lat="47.360425" lon="8.561596">
        <ele>456</ele>
        <time>2024-04-07T06:33:29Z</time>
        <cmt>speed: 0.2</cmt>
      </trkpt>
      <trkpt lat="47.358777" lon="8.56042">
        <ele>443</ele>
        <time>2024-04-07T06:43:25Z</time>
        <cmt>speed: 1.0</cmt>
      </trkpt>
      <trkpt lat="47.357624" lon="8.559804">
        <ele>464</ele>
        <time>2024-04-07T06:53:16Z</time>
        <cmt>speed: 0.2</cmt>
      </trkpt>
      <trkpt lat="47.357693" lon="8.559958">
        <ele>457</ele>
        <time>2024-04-07T07:03:19Z</time>
        <cmt>speed: 0.7</cmt>
      </trkpt>
      <trkpt lat="47.35734" lon="8.561403">
        <ele>420</ele>
        <time>2024-04-07T07:13:16Z</time>
        <cmt>speed: 0.1</cmt>
      </trkpt>
      <trkpt lat="47.35775" lon="8.562717">
        <ele>500</ele>
        <time>2024-04-07T07:23:24Z</time>
        <cmt>speed: 0.4</cmt>
      </trkpt>
      <trkpt lat="47.357681" lon="8.561991">
        <ele>435</ele>
        <time>2024-04-07T07:33:18Z</time>
        <cmt>speed: 2.3</cmt>
      </trkpt>
      <trkpt lat="47.357865" lon="8.562409">
        <ele>388</ele>
        <time>2024-04-07T07:43:25Z</time>
        <cmt>speed: 0.0</cmt>
      </trkpt>
      <trkpt lat="47.357865" lon="8.562409">
        <ele>388</ele>
        <time>2024-04-07T07:53:17Z</time>
      </trkpt>
      <trkpt lat="47.358245" lon="8.5624">
        <ele>385</ele>
        <time>2024-04-07T07:53:18Z</time>
        <cmt>speed: 0.3</cmt>
      </trkpt>
      <trkpt lat="47.358219" lon="8.562435">
        <ele>461</ele>
        <time>2024-04-07T08:03:22Z</time>
        <cmt>speed: 0.7</cmt>
      </trkpt>
      <trkpt lat="47.358219" lon="8.562435">
        <ele>461</ele>
        <time>2024-04-07T08:13:16Z</time>
      </trkpt>
      <trkpt lat="47.358233" lon="8.562647">
        <ele>426</ele>
        <time>2024-04-07T08:16:18Z</time>
        <cmt>speed: 0.7</cmt>
      </trkpt>
      <trkpt lat="47.35839" lon="8.562486">
        <ele>369</ele>
        <time>2024-04-07T08:26:20Z</time>
        <cmt>speed: 0.1</cmt>
      </trkpt>
      <trkpt lat="47.35839" lon="8.562486">
        <ele>369</ele>
        <time>2024-04-07T08:36:23Z</time>
      </trkpt>
      <trkpt lat="47.357909" lon="8.56254">
        <ele>464</ele>
        <time>2024-04-07T08:36:25Z</time>
        <cmt>speed: 0.2</cmt>
      </trkpt>
      <trkpt lat="47.357905" lon="8.562524">
        <ele>441</ele>
        <time>2024-04-07T08:46:18Z</time>
        <cmt>speed: 0.3</cmt>
      </trkpt>
      <trkpt lat="47.35837" lon="8.562296">
        <ele>470</ele>
        <time>2024-04-07T08:56:17Z</time>
        <cmt>speed: 1.2</cmt>
      </trkpt>
      <trkpt lat="47.35837" lon="8.561066">
        <ele>418</ele>
        <time>2024-04-07T09:06:18Z</time>
        <cmt>speed: 0.4</cmt>
      </trkpt>
      <trkpt lat="47.359647" lon="8.560462">
        <ele>493</ele>
        <time>2024-04-07T09:36:39Z</time>
        <cmt>speed: 3.0</cmt>
      </trkpt>
      <trkpt lat="47.359401" lon="8.560503">
        <ele>451</ele>
        <time>2024-04-07T10:06:51Z</time>
        <cmt>speed: 1.8</cmt>
      </trkpt>
      <trkpt lat="47.358993" lon="8.560113">
        <ele>450</ele>
        <time>2024-04-07T10:16:37Z</time>
        <cmt>speed: 0.5</cmt>
      </trkpt>
      <trkpt lat="47.358993" lon="8.560113">
        <ele>450</ele>
        <time>2024-04-07T11:13:21Z</time>
      </trkpt>
      <trkpt lat="47.35924" lon="8.560127">
        <ele>488</ele>
        <time>2024-04-07T11:13:23Z</time>
        <cmt>speed: 0.2</cmt>
      </trkpt>
      <trkpt lat="47.358913" lon="8.560316">
        <ele>375</ele>
        <time>2024-04-07T11:53:13Z</time>
        <cmt>speed: 0.3</cmt>
      </trkpt>
      <trkpt lat="47.358913" lon="8.560316">
        <ele>375</ele>
        <time>2024-04-07T11:53:16Z</time>
      </trkpt>
      <trkpt lat="47.35899" lon="8.560523">
        <ele>438</ele>
        <time>2024-04-07T12:03:27Z</time>
        <cmt>speed: 1.8</cmt>
      </trkpt>
      <trkpt lat="47.359018" lon="8.560794">
        <ele>496</ele>
        <time>2024-04-07T12:13:08Z</time>
        <cmt>speed: 0.1</cmt>
      </trkpt>
      <trkpt lat="47.359018" lon="8.560794">
        <ele>496</ele>
        <time>2024-04-07T12:13:16Z</time>
      </trkpt>
      <trkpt lat="47.358953" lon="8.560157">
        <ele>457</ele>
        <time>2024-04-07T12:23:28Z</time>
        <cmt>speed: 0.6</cmt>
      </trkpt>
      <trkpt lat="47.358953" lon="8.560157">
        <ele>457</ele>
        <time>2024-04-07T12:33:16Z</time>
      </trkpt>
      <trkpt lat="47.358969" lon="8.560212">
        <ele>424</ele>
        <time>2024-04-07T13:18:30Z</time>
        <cmt>speed: 0.8</cmt>
      </trkpt>
      <trkpt lat="47.359173" lon="8.560317">
        <ele>454</ele>
        <time>2024-04-07T13:28:32Z</time>
        <cmt>speed: 1.2</cmt>
      </trkpt>
      <trkpt lat="47.359173" lon="8.560317">
        <ele>454</ele>
        <time>2024-04-07T13:33:16Z</time>
      </trkpt>
      <trkpt lat="47.359175" lon="8.56035">
        <ele>446</ele>
        <time>2024-04-07T13:38:23Z</time>
        <cmt>speed: 2.3</cmt>
      </trkpt>
      <trkpt lat="47.359126" lon="8.560344">
        <ele>428</ele>
        <time>2024-04-07T13:48:28Z</time>
        <cmt>speed: 0.2</cmt>
      </trkpt>
      <trkpt lat="47.359368" lon="8.560508">
        <ele>453</ele>
        <time>2024-04-07T13:58:25Z</time>
        <cmt>speed: 0.2</cmt>
      </trkpt>
      <trkpt lat="47.359116" lon="8.562027">
        <ele>459</ele>
        <time>2024-04-07T14:08:23Z</time>
        <cmt>speed: 0.2</cmt>
      </trkpt>
      <trkpt lat="47.359066" lon="8.562909">
        <ele>461</ele>
        <time>2024-04-07T14:18:24Z</time>
        <cmt>speed: 0.2</cmt>
      </trkpt>
      <trkpt lat="47.359023" lon="8.563043">
        <ele>451</ele>
        <time>2024-04-07T14:28:24Z</time>
        <cmt>speed: 0.0</cmt>
      </trkpt>
      <trkpt lat="47.358673" lon="8.562687">
        <ele>464</ele>
        <time>2024-04-07T14:38:22Z</time>
        <cmt>speed: 1.1</cmt>
      </trkpt>
      <trkpt lat="47.357485" lon="8.561713">
        <ele>420</ele>
        <time>2024-04-07T14:48:24Z</time>
        <cmt>speed: 0.4</cmt>
      </trkpt>
      <trkpt lat="47.35877" lon="8.561407">
        <ele>447</ele>
        <time>2024-04-07T14:58:24Z</time>
        <cmt>speed: 1.3</cmt>
      </trkpt>
      <trkpt lat="47.35945" lon="8.561304">
        <ele>467</ele>
        <time>2024-04-07T15:08:25Z</time>
        <cmt>speed: 1.6</cmt>
      </trkpt>
      <trkpt lat="47.359974" lon="8.56367">
        <ele>434</ele>
        <time>2024-04-07T15:14:22Z</time>
      </trkpt>
      <trkpt lat="47.359974" lon="8.56367">
        <ele>434</ele>
        <time>2024-04-07T15:29:22Z</time>
      </trkpt>
      <trkpt lat="47.359974" lon="8.56367">
        <ele>434</ele>
        <time>2024-04-07T19:51:43Z</time>
      </trkpt>
      <trkpt lat="47.359974" lon="8.56367">
        <ele>434</ele>
        <time>2024-04-07T20:01:57Z</time>
      </trkpt>
      <trkpt lat="47.359974" lon="8.56367">
        <ele>434</ele>
        <time>2024-04-07T20:11:57Z</time>
      </trkpt>
      <trkpt lat="47.359974" lon="8.56367">
        <ele>434</ele>
        <time>2024-04-07T20:21:57Z</time>
      </trkpt>
      <trkpt lat="47.359974" lon="8.56367">
        <ele>434</ele>
        <time>2024-04-07T20:31:57Z</time>
      </trkpt>
      <trkpt lat="47.359974" lon="8.56367">
        <ele>434</ele>
        <time>2024-04-07T20:41:57Z</time>
      </trkpt>
      <trkpt lat="47.359974" lon="8.56367">
        <ele>434</ele>
        <time>2024-04-07T20:51:57Z</time>
      </trkpt>
      <trkpt lat="47.359974" lon="8.56367">
        <ele>434</ele>
        <time>2024-04-07T21:01:57Z</time>
      </trkpt>
      <trkpt lat="47.359974" lon="8.56367">
        <ele>434</ele>
        <time>2024-04-07T21:11:57Z</time>
      </trkpt>
      <trkpt lat="47.359974" lon="8.56367">
        <ele>434</ele>
        <time>2024-04-07T21:21:57Z</time>
      </trkpt>
      <trkpt lat="47.359974" lon="8.56367">
        <ele>434</ele>
        <time>2024-04-07T21:31:57Z</time>
      </trkpt>
      <trkpt lat="47.359974" lon="8.56367">
        <ele>434</ele>
        <time>2024-04-07T21:32:38Z</time>
      </trkpt>
      <trkpt lat="47.359974" lon="8.56367">
        <ele>434</ele>
        <time>2024-04-07T21:42:38Z</time>
      </trkpt>
      <trkpt lat="47.359974" lon="8.56367">
        <ele>434</ele>
        <time>2024-04-07T21:52:38Z</time>
      </trkpt>
      <trkpt lat="47.359974" lon="8.56367">
        <ele>434</ele>
        <time>2024-04-07T22:02:38Z</time>
      </trkpt>
      <trkpt lat="47.359974" lon="8.56367">
        <ele>434</ele>
        <time>2024-04-07T22:12:38Z</time>
      </trkpt>
      <trkpt lat="47.359974" lon="8.56367">
        <ele>434</ele>
        <time>2024-04-07T22:22:38Z</time>
      </trkpt>
      <trkpt lat="47.359974" lon="8.56367">
        <ele>434</ele>
        <time>2024-04-07T22:32:38Z</time>
      </trkpt>
      <trkpt lat="47.359974" lon="8.56367">
        <ele>434</ele>
        <time>2024-04-07T22:42:38Z</time>
      </trkpt>
      <trkpt lat="47.359974" lon="8.56367">
        <ele>434</ele>
        <time>2024-04-07T22:52:38Z</time>
      </trkpt>
      <trkpt lat="47.359974" lon="8.56367">
        <ele>434</ele>
        <time>2024-04-07T23:02:38Z</time>
      </trkpt>
      <trkpt lat="47.359974" lon="8.56367">
        <ele>434</ele>
        <time>2024-04-07T23:12:38Z</time>
      </trkpt>
      <trkpt lat="47.359974" lon="8.56367">
        <ele>434</ele>
        <time>2024-04-07T23:22:38Z</time>
      </trkpt>
      <trkpt lat="47.359974" lon="8.56367">
        <ele>434</ele>
        <time>2024-04-07T23:32:38Z</time>
      </trkpt>
      <trkpt lat="47.359974" lon="8.56367">
        <ele>434</ele>
        <time>2024-04-07T23:42:38Z</time>
      </trkpt>
      <trkpt lat="47.359974" lon="8.56367">
        <ele>434</ele>
        <time>2024-04-07T23:52:38Z</time>
      </trkpt>
      <trkpt lat="47.359974" lon="8.56367">
        <ele>434</ele>
        <time>2024-04-08T00:02:38Z</time>
      </trkpt>
      <trkpt lat="47.359974" lon="8.56367">
        <ele>434</ele>
        <time>2024-04-08T00:12:38Z</time>
      </trkpt>
      <trkpt lat="47.359974" lon="8.56367">
        <ele>434</ele>
        <time>2024-04-08T00:22:38Z</time>
      </trkpt>
      <trkpt lat="47.359974" lon="8.56367">
        <ele>434</ele>
        <time>2024-04-08T00:32:38Z</time>
      </trkpt>
      <trkpt lat="47.359974" lon="8.56367">
        <ele>434</ele>
        <time>2024-04-08T00:42:38Z</time>
      </trkpt>
      <trkpt lat="47.359974" lon="8.56367">
        <ele>434</ele>
        <time>2024-04-08T00:52:38Z</time>
      </trkpt>
      <trkpt lat="47.359974" lon="8.56367">
        <ele>434</ele>
        <time>2024-04-08T01:02:38Z</time>
      </trkpt>
      <trkpt lat="47.359974" lon="8.56367">
        <ele>434</ele>
        <time>2024-04-08T01:12:38Z</time>
      </trkpt>
      <trkpt lat="47.359974" lon="8.56367">
        <ele>434</ele>
        <time>2024-04-08T01:22:38Z</time>
      </trkpt>
      <trkpt lat="47.359974" lon="8.56367">
        <ele>434</ele>
        <time>2024-04-08T01:32:38Z</time>
      </trkpt>
      <trkpt lat="47.359974" lon="8.56367">
        <ele>434</ele>
        <time>2024-04-08T01:42:38Z</time>
      </trkpt>
      <trkpt lat="47.359974" lon="8.56367">
        <ele>434</ele>
        <time>2024-04-08T01:52:38Z</time>
      </trkpt>
      <trkpt lat="47.359974" lon="8.56367">
        <ele>434</ele>
        <time>2024-04-08T02:02:38Z</time>
      </trkpt>
      <trkpt lat="47.359974" lon="8.56367">
        <ele>434</ele>
        <time>2024-04-08T02:12:38Z</time>
      </trkpt>
      <trkpt lat="47.359974" lon="8.56367">
        <ele>434</ele>
        <time>2024-04-08T02:22:38Z</time>
      </trkpt>
      <trkpt lat="47.359974" lon="8.56367">
        <ele>434</ele>
        <time>2024-04-08T02:32:38Z</time>
      </trkpt>
      <trkpt lat="47.359974" lon="8.56367">
        <ele>434</ele>
        <time>2024-04-08T02:42:38Z</time>
      </trkpt>
      <trkpt lat="47.359974" lon="8.56367">
        <ele>434</ele>
        <time>2024-04-08T02:52:38Z</time>
      </trkpt>
      <trkpt lat="47.359974" lon="8.56367">
        <ele>434</ele>
        <time>2024-04-08T03:02:38Z</time>
      </trkpt>
      <trkpt lat="47.359974" lon="8.56367">
        <ele>434</ele>
        <time>2024-04-08T03:12:38Z</time>
      </trkpt>
      <trkpt lat="47.359974" lon="8.56367">
        <ele>434</ele>
        <time>2024-04-08T03:18:30Z</time>
      </trkpt>
      <trkpt lat="47.360466" lon="8.562742">
        <ele>481</ele>
        <time>2024-04-08T03:26:59Z</time>
        <cmt>speed: 0.0</cmt>
      </trkpt>
      <trkpt lat="47.359509" lon="8.561595">
        <ele>465</ele>
        <time>2024-04-08T03:36:43Z</time>
        <cmt>speed: 0.4</cmt>
      </trkpt>
      <trkpt lat="47.359414" lon="8.559494">
        <ele>439</ele>
        <time>2024-04-08T03:46:45Z</time>
        <cmt>speed: 1.0</cmt>
      </trkpt>
      <trkpt lat="47.358627" lon="8.560208">
        <ele>451</ele>
        <time>2024-04-08T03:56:43Z</time>
        <cmt>speed: 0.8</cmt>
      </trkpt>
      <trkpt lat="47.357822" lon="8.562498">
        <ele>413</ele>
        <time>2024-04-08T04:06:43Z</time>
        <cmt>speed: 0.4</cmt>
      </trkpt>
      <trkpt lat="47.357876" lon="8.562446">
        <ele>461</ele>
        <time>2024-04-08T04:16:44Z</time>
        <cmt>speed: 1.3</cmt>
      </trkpt>
      <trkpt lat="47.357876" lon="8.562446">
        <ele>461</ele>
        <time>2024-04-08T04:26:41Z</time>
      </trkpt>
      <trkpt lat="47.35788" lon="8.562501">
        <ele>505</ele>
        <time>2024-04-08T04:26:45Z</time>
        <cmt>speed: 0.1</cmt>
      </trkpt>
      <trkpt lat="47.358089" lon="8.562399">
        <ele>401</ele>
        <time>2024-04-08T04:43:31Z</time>
        <cmt>speed: 1.6</cmt>
      </trkpt>
      <trkpt lat="47.358089" lon="8.562399">
        <ele>401</ele>
        <time>2024-04-08T04:53:19Z</time>
      </trkpt>
      <trkpt lat="47.358099" lon="8.562746">
        <ele>410</ele>
        <time>2024-04-08T04:53:23Z</time>
        <cmt>speed: 0.4</cmt>
      </trkpt>
      <trkpt lat="47.357982" lon="8.562579">
        <ele>453</ele>
        <time>2024-04-08T05:03:25Z</time>
        <cmt>speed: 0.2</cmt>
      </trkpt>
      <trkpt lat="47.357982" lon="8.562579">
        <ele>453</ele>
        <time>2024-04-08T05:13:24Z</time>
      </trkpt>
      <trkpt lat="47.358371" lon="8.562817">
        <ele>448</ele>
        <time>2024-04-08T05:13:28Z</time>
        <cmt>speed: 0.3</cmt>
      </trkpt>
      <trkpt lat="47.358371" lon="8.562817">
        <ele>448</ele>
        <time>2024-04-08T05:26:39Z</time>
      </trkpt>
      <trkpt lat="47.358246" lon="8.562526">
        <ele>419</ele>
        <time>2024-04-08T05:29:21Z</time>
        <cmt>speed: 0.5</cmt>
      </trkpt>
      <trkpt lat="47.359022" lon="8.561377">
        <ele>453</ele>
        <time>2024-04-08T05:39:20Z</time>
        <cmt>speed: 0.3</cmt>
      </trkpt>
      <trkpt lat="47.359022" lon="8.561377">
        <ele>453</ele>
        <time>2024-04-08T05:49:15Z</time>
      </trkpt>
      <trkpt lat="47.359268" lon="8.560686">
        <ele>422</ele>
        <time>2024-04-08T05:49:20Z</time>
        <cmt>speed: 0.0</cmt>
      </trkpt>
      <trkpt lat="47.359447" lon="8.560321">
        <ele>481</ele>
        <time>2024-04-08T05:59:20Z</time>
        <cmt>speed: 1.0</cmt>
      </trkpt>
      <trkpt lat="47.359447" lon="8.560321">
        <ele>481</ele>
        <time>2024-04-08T06:06:39Z</time>
      </trkpt>
      <trkpt lat="47.359357" lon="8.560559">
        <ele>406</ele>
        <time>2024-04-08T06:09:24Z</time>
        <cmt>speed: 0.9</cmt>
      </trkpt>
      <trkpt lat="47.359627" lon="8.560153">
        <ele>443</ele>
        <time>2024-04-08T06:19:24Z</time>
        <cmt>speed: 0.9</cmt>
      </trkpt>
      <trkpt lat="47.359627" lon="8.560153">
        <ele>443</ele>
        <time>2024-04-08T06:26:39Z</time>
      </trkpt>
      <trkpt lat="47.359592" lon="8.560569">
        <ele>471</ele>
        <time>2024-04-08T06:40:34Z</time>
        <cmt>speed: 0.1</cmt>
      </trkpt>
      <trkpt lat="47.359393" lon="8.560128">
        <ele>484</ele>
        <time>2024-04-08T06:50:35Z</time>
        <cmt>speed: 0.9</cmt>
      </trkpt>
      <trkpt lat="47.358552" lon="8.559958">
        <ele>447</ele>
        <time>2024-04-08T07:00:28Z</time>
        <cmt>speed: 1.3</cmt>
      </trkpt>
      <trkpt lat="47.358004" lon="8.55852">
        <ele>420</ele>
        <time>2024-04-08T07:10:32Z</time>
        <cmt>speed: 0.5</cmt>
      </trkpt>
      <trkpt lat="47.358931" lon="8.557369">
        <ele>456</ele>
        <time>2024-04-08T07:20:31Z</time>
        <cmt>speed: 2.3</cmt>
      </trkpt>
      <trkpt lat="47.358562" lon="8.558364">
        <ele>429</ele>
        <time>2024-04-08T07:30:27Z</time>
        <cmt>speed: 0.3</cmt>
      </trkpt>
      <trkpt lat="47.359547" lon="8.560353">
        <ele>489</ele>
        <time>2024-04-08T07:40:30Z</time>
        <cmt>speed: 0.5</cmt>
      </trkpt>
      <trkpt lat="47.357733" lon="8.560599">
        <ele>463</ele>
        <time>2024-04-08T08:00:28Z</time>
        <cmt>speed: 1.3</cmt>
      </trkpt>
      <trkpt lat="47.35813" lon="8.562225">
        <ele>445</ele>
        <time>2024-04-08T08:10:27Z</time>
        <cmt>speed: 1.4</cmt>
      </trkpt>
      <trkpt lat="47.358884" lon="8.561655">
        <ele>433</ele>
        <time>2024-04-08T08:20:27Z</time>
        <cmt>speed: 0.7</cmt>
      </trkpt>
      <trkpt lat="47.359725" lon="8.560108">
        <ele>461</ele>
        <time>2024-04-08T08:30:27Z</time>
        <cmt>speed: 0.7</cmt>
      </trkpt>
      <trkpt lat="47.35917" lon="8.560318">
        <ele>432</ele>
        <time>2024-04-08T08:40:37Z</time>
        <cmt>speed: 1.1</cmt>
      </trkpt>
      <trkpt lat="47.35917" lon="8.560318">
        <ele>432</ele>
        <time>2024-04-08T08:50:28Z</time>
      </trkpt>
      <trkpt lat="47.359535" lon="8.560142">
        <ele>458</ele>
        <time>2024-04-08T08:50:33Z</time>
        <cmt>speed: 0.3</cmt>
      </trkpt>
      <trkpt lat="47.359498" lon="8.560199">
        <ele>449</ele>
        <time>2024-04-08T09:00:29Z</time>
        <cmt>speed: 0.1</cmt>
      </trkpt>
      <trkpt lat="47.359498" lon="8.560199">
        <ele>449</ele>
        <time>2024-04-08T09:10:28Z</time>
      </trkpt>
      <trkpt lat="47.359588" lon="8.560064">
        <ele>387</ele>
        <time>2024-04-08T09:10:33Z</time>
        <cmt>speed: 0.2</cmt>
      </trkpt>
      <trkpt lat="47.359341" lon="8.5603">
        <ele>381</ele>
        <time>2024-04-08T09:20:28Z</time>
        <cmt>speed: 0.2</cmt>
      </trkpt>
      <trkpt lat="47.359366" lon="8.561107">
        <ele>429</ele>
        <time>2024-04-08T09:30:30Z</time>
        <cmt>speed: 1.1</cmt>
      </trkpt>
      <trkpt lat="47.358729" lon="8.562065">
        <ele>423</ele>
        <time>2024-04-08T09:40:30Z</time>
        <cmt>speed: 1.0</cmt>
      </trkpt>
      <trkpt lat="47.358063" lon="8.562612">
        <ele>439</ele>
        <time>2024-04-08T09:50:34Z</time>
        <cmt>speed: 0.1</cmt>
      </trkpt>
      <trkpt lat="47.357939" lon="8.561451">
        <ele>470</ele>
        <time>2024-04-08T10:00:26Z</time>
        <cmt>speed: 0.5</cmt>
      </trkpt>
      <trkpt lat="47.35946" lon="8.56035">
        <ele>411</ele>
        <time>2024-04-08T10:10:36Z</time>
        <cmt>speed: 0.3</cmt>
      </trkpt>
      <trkpt lat="47.359551" lon="8.560417">
        <ele>430</ele>
        <time>2024-04-08T10:20:30Z</time>
        <cmt>speed: 0.9</cmt>
      </trkpt>
      <trkpt lat="47.359572" lon="8.560341">
        <ele>416</ele>
        <time>2024-04-08T10:30:34Z</time>
        <cmt>speed: 0.1</cmt>
      </trkpt>
      <trkpt lat="47.358823" lon="8.5589">
        <ele>430</ele>
        <time>2024-04-08T10:40:29Z</time>
        <cmt>speed: 0.0</cmt>
      </trkpt>
      <trkpt lat="47.358662" lon="8.558917">
        <ele>449</ele>
        <time>2024-04-08T10:50:29Z</time>
        <cmt>speed: 0.0</cmt>
      </trkpt>
      <trkpt lat="47.358856" lon="8.560373">
        <ele>470</ele>
        <time>2024-04-08T11:00:29Z</time>
        <cmt>speed: 0.5</cmt>
      </trkpt>
      <trkpt lat="47.358856" lon="8.560373">
        <ele>470</ele>
        <time>2024-04-08T11:10:23Z</time>
      </trkpt>
      <trkpt lat="47.359125" lon="8.56025">
        <ele>478</ele>
        <time>2024-04-08T11:10:28Z</time>
        <cmt>speed: 0.6</cmt>
      </trkpt>
      <trkpt lat="47.358876" lon="8.560566">
        <ele>493</ele>
        <time>2024-04-08T11:20:31Z</time>
        <cmt>speed: 0.2</cmt>
      </trkpt>
      <trkpt lat="47.359679" lon="8.560333">
        <ele>397</ele>
        <time>2024-04-08T12:00:33Z</time>
        <cmt>speed: 0.1</cmt>
      </trkpt>
      <trkpt lat="47.359036" lon="8.561616">
        <ele>396</ele>
        <time>2024-04-08T12:10:29Z</time>
        <cmt>speed: 0.1</cmt>
      </trkpt>
      <trkpt lat="47.359044" lon="8.561989">
        <ele>459</ele>
        <time>2024-04-08T12:20:48Z</time>
        <cmt>speed: 0.2</cmt>
      </trkpt>
      <trkpt lat="47.359044" lon="8.561989">
        <ele>459</ele>
        <time>2024-04-08T12:26:39Z</time>
      </trkpt>
      <trkpt lat="47.359077" lon="8.561965">
        <ele>447</ele>
        <time>2024-04-08T12:30:45Z</time>
        <cmt>speed: 0.1</cmt>
      </trkpt>
      <trkpt lat="47.359072" lon="8.562016">
        <ele>445</ele>
        <time>2024-04-08T12:40:45Z</time>
        <cmt>speed: 0.2</cmt>
      </trkpt>
      <trkpt lat="47.359072" lon="8.562016">
        <ele>445</ele>
        <time>2024-04-08T12:50:39Z</time>
      </trkpt>
      <trkpt lat="47.359021" lon="8.561881">
        <ele>454</ele>
        <time>2024-04-08T12:50:45Z</time>
        <cmt>speed: 0.5</cmt>
      </trkpt>
      <trkpt lat="47.358946" lon="8.56168">
        <ele>455</ele>
        <time>2024-04-08T13:00:45Z</time>
        <cmt>speed: 0.3</cmt>
      </trkpt>
      <trkpt lat="47.3602" lon="8.562122">
        <ele>453</ele>
        <time>2024-04-08T13:10:44Z</time>
        <cmt>speed: 1.9</cmt>
      </trkpt>
      <trkpt lat="47.359974" lon="8.56367">
        <ele>434</ele>
        <time>2024-04-08T13:18:22Z</time>
      </trkpt>
      <trkpt lat="47.359959" lon="8.563643">
        <ele>434</ele>
        <time>2024-04-08T13:33:22Z</time>
      </trkpt>
      <trkpt lat="47.359959" lon="8.563643">
        <ele>434</ele>
        <time>2024-04-08T13:59:41Z</time>
      </trkpt>
      <trkpt lat="47.359153" lon="8.560674">
        <ele>409</ele>
        <time>2024-04-08T14:09:54Z</time>
        <cmt>speed: 0.9</cmt>
      </trkpt>
      <trkpt lat="47.359254" lon="8.561691">
        <ele>435</ele>
        <time>2024-04-08T14:19:51Z</time>
        <cmt>speed: 0.3</cmt>
      </trkpt>
      <trkpt lat="47.359027" lon="8.562163">
        <ele>438</ele>
        <time>2024-04-08T14:29:50Z</time>
        <cmt>speed: 0.7</cmt>
      </trkpt>
      <trkpt lat="47.359027" lon="8.562163">
        <ele>438</ele>
        <time>2024-04-08T14:39:45Z</time>
      </trkpt>
      <trkpt lat="47.359026" lon="8.562185">
        <ele>452</ele>
        <time>2024-04-08T14:39:51Z</time>
        <cmt>speed: 0.0</cmt>
      </trkpt>
      <trkpt lat="47.359292" lon="8.562385">
        <ele>395</ele>
        <time>2024-04-08T14:49:49Z</time>
        <cmt>speed: 0.6</cmt>
      </trkpt>
      <trkpt lat="47.359292" lon="8.562385">
        <ele>395</ele>
        <time>2024-04-08T14:59:45Z</time>
      </trkpt>
      <trkpt lat="47.358843" lon="8.562331">
        <ele>444</ele>
        <time>2024-04-08T14:59:50Z</time>
        <cmt>speed: 0.3</cmt>
      </trkpt>
      <trkpt lat="47.358845" lon="8.562053">
        <ele>447</ele>
        <time>2024-04-08T15:15:16Z</time>
        <cmt>speed: 0.1</cmt>
      </trkpt>
      <trkpt lat="47.358845" lon="8.562053">
        <ele>447</ele>
        <time>2024-04-08T15:25:11Z</time>
      </trkpt>
      <trkpt lat="47.359218" lon="8.562113">
        <ele>453</ele>
        <time>2024-04-08T15:25:17Z</time>
        <cmt>speed: 0.8</cmt>
      </trkpt>
      <trkpt lat="47.35917" lon="8.562552">
        <ele>470</ele>
        <time>2024-04-08T15:35:15Z</time>
        <cmt>speed: 0.4</cmt>
      </trkpt>
      <trkpt lat="47.35917" lon="8.562552">
        <ele>470</ele>
        <time>2024-04-08T15:45:11Z</time>
      </trkpt>
      <trkpt lat="47.359083" lon="8.562298">
        <ele>465</ele>
        <time>2024-04-08T15:45:17Z</time>
        <cmt>speed: 0.2</cmt>
      </trkpt>
      <trkpt lat="47.358886" lon="8.562301">
        <ele>443</ele>
        <time>2024-04-08T16:04:24Z</time>
        <cmt>speed: 0.2</cmt>
      </trkpt>
      <trkpt lat="47.359101" lon="8.562051">
        <ele>397</ele>
        <time>2024-04-08T16:14:22Z</time>
        <cmt>speed: 0.1</cmt>
      </trkpt>
      <trkpt lat="47.359101" lon="8.562051">
        <ele>397</ele>
        <time>2024-04-08T16:24:19Z</time>
      </trkpt>
      <trkpt lat="47.359061" lon="8.562214">
        <ele>422</ele>
        <time>2024-04-08T16:24:25Z</time>
        <cmt>speed: 0.0</cmt>
      </trkpt>
      <trkpt lat="47.359087" lon="8.562153">
        <ele>429</ele>
        <time>2024-04-08T16:34:23Z</time>
        <cmt>speed: 0.1</cmt>
      </trkpt>
      <trkpt lat="47.359087" lon="8.562153">
        <ele>429</ele>
        <time>2024-04-08T16:44:16Z</time>
      </trkpt>
      <trkpt lat="47.359022" lon="8.56221">
        <ele>468</ele>
        <time>2024-04-08T16:44:23Z</time>
        <cmt>speed: 0.3</cmt>
      </trkpt>
      <trkpt lat="47.359074" lon="8.562137">
        <ele>438</ele>
        <time>2024-04-08T16:54:24Z</time>
        <cmt>speed: 0.2</cmt>
      </trkpt>
      <trkpt lat="47.359074" lon="8.562137">
        <ele>438</ele>
        <time>2024-04-08T17:04:16Z</time>
      </trkpt>
      <trkpt lat="47.35909" lon="8.562043">
        <ele>413</ele>
        <time>2024-04-08T17:04:23Z</time>
        <cmt>speed: 0.2</cmt>
      </trkpt>
      <trkpt lat="47.359077" lon="8.562198">
        <ele>452</ele>
        <time>2024-04-08T17:14:23Z</time>
        <cmt>speed: 0.5</cmt>
      </trkpt>
      <trkpt lat="47.359077" lon="8.562198">
        <ele>452</ele>
        <time>2024-04-08T17:24:16Z</time>
      </trkpt>
      <trkpt lat="47.359059" lon="8.562002">
        <ele>420</ele>
        <time>2024-04-08T17:24:23Z</time>
        <cmt>speed: 0.1</cmt>
      </trkpt>
      <trkpt lat="47.359164" lon="8.562064">
        <ele>425</ele>
        <time>2024-04-08T17:34:24Z</time>
        <cmt>speed: 0.0</cmt>
      </trkpt>
      <trkpt lat="47.359164" lon="8.562064">
        <ele>425</ele>
        <time>2024-04-08T17:44:17Z</time>
      </trkpt>
      <trkpt lat="47.358966" lon="8.562177">
        <ele>442</ele>
        <time>2024-04-08T17:44:24Z</time>
        <cmt>speed: 0.0</cmt>
      </trkpt>
      <trkpt lat="47.358966" lon="8.562177">
        <ele>442</ele>
        <time>2024-04-08T18:04:17Z</time>
      </trkpt>
      <trkpt lat="47.359101" lon="8.562702">
        <ele>444</ele>
        <time>2024-04-08T18:04:23Z</time>
        <cmt>speed: 0.1</cmt>
      </trkpt>
      <trkpt lat="47.359116" lon="8.562407">
        <ele>425</ele>
        <time>2024-04-08T18:15:58Z</time>
        <cmt>speed: 0.5</cmt>
      </trkpt>
      <trkpt lat="47.358789" lon="8.561965">
        <ele>433</ele>
        <time>2024-04-08T18:25:58Z</time>
        <cmt>speed: 0.4</cmt>
      </trkpt>
      <trkpt lat="47.358782" lon="8.561631">
        <ele>445</ele>
        <time>2024-04-08T18:35:57Z</time>
        <cmt>speed: 3.1</cmt>
      </trkpt>
      <trkpt lat="47.358974" lon="8.562088">
        <ele>422</ele>
        <time>2024-04-08T18:46:07Z</time>
        <cmt>speed: 1.5</cmt>
      </trkpt>
      <trkpt lat="47.359188" lon="8.562051">
        <ele>427</ele>
        <time>2024-04-08T18:56:01Z</time>
        <cmt>speed: 0.4</cmt>
      </trkpt>
      <trkpt lat="47.359188" lon="8.562051">
        <ele>427</ele>
        <time>2024-04-08T19:05:51Z</time>
      </trkpt>
      <trkpt lat="47.358495" lon="8.559583">
        <ele>416</ele>
        <time>2024-04-08T19:05:58Z</time>
        <cmt>speed: 0.3</cmt>
      </trkpt>
      <trkpt lat="47.358495" lon="8.559583">
        <ele>416</ele>
        <time>2024-04-08T19:24:14Z</time>
      </trkpt>
      <trkpt lat="47.358495" lon="8.559583">
        <ele>416</ele>
        <time>2024-04-08T20:24:14Z</time>
      </trkpt>
      <trkpt lat="47.358495" lon="8.559583">
        <ele>416</ele>
        <time>2024-04-08T21:24:14Z</time>
      </trkpt>
      <trkpt lat="47.358495" lon="8.559583">
        <ele>416</ele>
        <time>2024-04-08T22:24:14Z</time>
      </trkpt>
      <trkpt lat="47.358495" lon="8.559583">
        <ele>416</ele>
        <time>2024-04-08T23:24:14Z</time>
      </trkpt>
      <trkpt lat="47.358495" lon="8.559583">
        <ele>416</ele>
        <time>2024-04-09T00:24:14Z</time>
      </trkpt>
      <trkpt lat="47.358495" lon="8.559583">
        <ele>416</ele>
        <time>2024-04-09T01:24:14Z</time>
      </trkpt>
      <trkpt lat="47.358495" lon="8.559583">
        <ele>416</ele>
        <time>2024-04-09T02:24:14Z</time>
      </trkpt>
      <trkpt lat="47.358495" lon="8.559583">
        <ele>416</ele>
        <time>2024-04-09T03:24:14Z</time>
      </trkpt>
      <trkpt lat="47.358495" lon="8.559583">
        <ele>416</ele>
        <time>2024-04-09T04:24:14Z</time>
      </trkpt>
      <trkpt lat="47.358495" lon="8.559583">
        <ele>416</ele>
        <time>2024-04-09T05:24:14Z</time>
      </trkpt>
      <trkpt lat="47.358495" lon="8.559583">
        <ele>416</ele>
        <time>2024-04-09T06:24:14Z</time>
      </trkpt>
      <trkpt lat="47.358495" lon="8.559583">
        <ele>416</ele>
        <time>2024-04-09T07:24:14Z</time>
      </trkpt>
      <trkpt lat="47.358495" lon="8.559583">
        <ele>416</ele>
        <time>2024-04-09T08:24:14Z</time>
      </trkpt>
      <trkpt lat="47.358495" lon="8.559583">
        <ele>416</ele>
        <time>2024-04-09T09:24:14Z</time>
      </trkpt>
      <trkpt lat="47.358646" lon="8.559892">
        <ele>494</ele>
        <time>2024-04-09T10:21:17Z</time>
        <cmt>speed: 1.3</cmt>
      </trkpt>
      <trkpt lat="47.358646" lon="8.559892">
        <ele>494</ele>
        <time>2024-04-09T10:21:23Z</time>
      </trkpt>
      <trkpt lat="47.358582" lon="8.55982">
        <ele>493</ele>
        <time>2024-04-09T10:22:08Z</time>
        <cmt>speed: 0.2</cmt>
      </trkpt>
      <trkpt lat="47.358756" lon="8.560065">
        <ele>445</ele>
        <time>2024-04-09T10:22:34Z</time>
        <cmt>speed: 0.6</cmt>
      </trkpt>
      <trkpt lat="47.359974" lon="8.56367">
        <ele>434</ele>
        <time>2024-04-09T10:27:31Z</time>
      </trkpt>
      <trkpt lat="47.359974" lon="8.56367">
        <ele>434</ele>
        <time>2024-04-09T10:42:31Z</time>
      </trkpt>
      <trkpt lat="47.359974" lon="8.56367">
        <ele>434</ele>
        <time>2024-04-09T22:42:29Z</time>
      </trkpt>
      <trkpt lat="47.360164" lon="8.562732">
        <ele>456</ele>
        <time>2024-04-10T02:24:35Z</time>
        <cmt>speed: 0.4</cmt>
      </trkpt>
      <trkpt lat="47.359548" lon="8.562155">
        <ele>429</ele>
        <time>2024-04-10T02:34:25Z</time>
        <cmt>speed: 0.6</cmt>
      </trkpt>
      <trkpt lat="47.358606" lon="8.563723">
        <ele>490</ele>
        <time>2024-04-10T02:44:25Z</time>
        <cmt>speed: 0.5</cmt>
      </trkpt>
      <trkpt lat="47.358606" lon="8.563723">
        <ele>490</ele>
        <time>2024-04-10T02:44:41Z</time>
      </trkpt>
      <trkpt lat="47.358741" lon="8.565221">
        <ele>423</ele>
        <time>2024-04-10T02:54:23Z</time>
        <cmt>speed: 0.5</cmt>
      </trkpt>
      <trkpt lat="47.358927" lon="8.56522">
        <ele>445</ele>
        <time>2024-04-10T03:04:23Z</time>
        <cmt>speed: 0.4</cmt>
      </trkpt>
      <trkpt lat="47.358917" lon="8.565219">
        <ele>444</ele>
        <time>2024-04-10T03:14:25Z</time>
        <cmt>speed: 0.1</cmt>
      </trkpt>
      <trkpt lat="47.358862" lon="8.565172">
        <ele>443</ele>
        <time>2024-04-10T03:24:23Z</time>
        <cmt>speed: 0.2</cmt>
      </trkpt>
      <trkpt lat="47.358862" lon="8.565172">
        <ele>443</ele>
        <time>2024-04-10T03:24:24Z</time>
      </trkpt>
      <trkpt lat="47.358964" lon="8.565075">
        <ele>430</ele>
        <time>2024-04-10T03:34:24Z</time>
        <cmt>speed: 0.4</cmt>
      </trkpt>
      <trkpt lat="47.35884" lon="8.565519">
        <ele>442</ele>
        <time>2024-04-10T03:44:24Z</time>
        <cmt>speed: 0.5</cmt>
      </trkpt>
      <trkpt lat="47.358946" lon="8.564297">
        <ele>482</ele>
        <time>2024-04-10T03:54:25Z</time>
        <cmt>speed: 1.2</cmt>
      </trkpt>
      <trkpt lat="47.358888" lon="8.561904">
        <ele>448</ele>
        <time>2024-04-10T04:04:25Z</time>
        <cmt>speed: 1.0</cmt>
      </trkpt>
      <trkpt lat="47.35802" lon="8.56071">
        <ele>462</ele>
        <time>2024-04-10T04:24:23Z</time>
        <cmt>speed: 1.1</cmt>
      </trkpt>
      <trkpt lat="47.358577" lon="8.561083">
        <ele>450</ele>
        <time>2024-04-10T04:34:24Z</time>
        <cmt>speed: 0.3</cmt>
      </trkpt>
      <trkpt lat="47.359363" lon="8.560384">
        <ele>420</ele>
        <time>2024-04-10T04:44:25Z</time>
        <cmt>speed: 0.4</cmt>
      </trkpt>
      <trkpt lat="47.359363" lon="8.560384">
        <ele>420</ele>
        <time>2024-04-10T04:44:25Z</time>
      </trkpt>
      <trkpt lat="47.359179" lon="8.560551">
        <ele>376</ele>
        <time>2024-04-10T04:54:29Z</time>
        <cmt>speed: 0.1</cmt>
      </trkpt>
      <trkpt lat="47.359179" lon="8.560551">
        <ele>376</ele>
        <time>2024-04-10T05:04:24Z</time>
      </trkpt>
      <trkpt lat="47.359356" lon="8.560355">
        <ele>402</ele>
        <time>2024-04-10T05:05:08Z</time>
        <cmt>speed: 0.0</cmt>
      </trkpt>
      <trkpt lat="47.359466" lon="8.560232">
        <ele>409</ele>
        <time>2024-04-10T05:15:05Z</time>
        <cmt>speed: 0.3</cmt>
      </trkpt>
      <trkpt lat="47.359466" lon="8.560232">
        <ele>409</ele>
        <time>2024-04-10T05:24:24Z</time>
      </trkpt>
      <trkpt lat="47.35929" lon="8.56053">
        <ele>470</ele>
        <time>2024-04-10T05:34:13Z</time>
        <cmt>speed: 0.7</cmt>
      </trkpt>
      <trkpt lat="47.359523" lon="8.560489">
        <ele>461</ele>
        <time>2024-04-10T05:44:07Z</time>
        <cmt>speed: 0.1</cmt>
      </trkpt>
      <trkpt lat="47.359523" lon="8.560489">
        <ele>461</ele>
        <time>2024-04-10T05:44:24Z</time>
      </trkpt>
      <trkpt lat="47.359027" lon="8.560515">
        <ele>373</ele>
        <time>2024-04-10T05:54:05Z</time>
        <cmt>speed: 1.0</cmt>
      </trkpt>
      <trkpt lat="47.359731" lon="8.560378">
        <ele>417</ele>
        <time>2024-04-10T06:14:06Z</time>
        <cmt>speed: 0.2</cmt>
      </trkpt>
      <trkpt lat="47.359622" lon="8.560196">
        <ele>407</ele>
        <time>2024-04-10T06:24:03Z</time>
        <cmt>speed: 1.3</cmt>
      </trkpt>
      <trkpt lat="47.359622" lon="8.560196">
        <ele>407</ele>
        <time>2024-04-10T06:24:24Z</time>
      </trkpt>
      <trkpt lat="47.359583" lon="8.560092">
        <ele>400</ele>
        <time>2024-04-10T06:34:05Z</time>
        <cmt>speed: 1.0</cmt>
      </trkpt>
      <trkpt lat="47.359493" lon="8.559991">
        <ele>449</ele>
        <time>2024-04-10T06:44:07Z</time>
        <cmt>speed: 0.0</cmt>
      </trkpt>
      <trkpt lat="47.359493" lon="8.559991">
        <ele>449</ele>
        <time>2024-04-10T06:44:24Z</time>
      </trkpt>
      <trkpt lat="47.359493" lon="8.559991">
        <ele>449</ele>
        <time>2024-04-10T07:27:26Z</time>
      </trkpt>
      <trkpt lat="47.35932" lon="8.560455">
        <ele>447</ele>
        <time>2024-04-10T07:27:27Z</time>
        <cmt>speed: 1.2</cmt>
      </trkpt>
      <trkpt lat="47.359509" lon="8.560679">
        <ele>423</ele>
        <time>2024-04-10T07:37:25Z</time>
        <cmt>speed: 0.4</cmt>
      </trkpt>
      <trkpt lat="47.359509" lon="8.560679">
        <ele>423</ele>
        <time>2024-04-10T07:47:27Z</time>
      </trkpt>
      <trkpt lat="47.36007" lon="8.560562">
        <ele>484</ele>
        <time>2024-04-10T07:47:28Z</time>
        <cmt>speed: 0.7</cmt>
      </trkpt>
      <trkpt lat="47.359405" lon="8.560544">
        <ele>394</ele>
        <time>2024-04-10T07:57:30Z</time>
        <cmt>speed: 1.0</cmt>
      </trkpt>
      <trkpt lat="47.359405" lon="8.560544">
        <ele>394</ele>
        <time>2024-04-10T08:07:24Z</time>
      </trkpt>
      <trkpt lat="47.359517" lon="8.560267">
        <ele>464</ele>
        <time>2024-04-10T08:07:25Z</time>
        <cmt>speed: 0.1</cmt>
      </trkpt>
      <trkpt lat="47.359517" lon="8.560267">
        <ele>464</ele>
        <time>2024-04-10T08:27:23Z</time>
      </trkpt>
      <trkpt lat="47.359302" lon="8.56017">
        <ele>383</ele>
        <time>2024-04-10T08:27:24Z</time>
        <cmt>speed: 0.1</cmt>
      </trkpt>
      <trkpt lat="47.359259" lon="8.561194">
        <ele>459</ele>
        <time>2024-04-10T08:37:42Z</time>
        <cmt>speed: 0.0</cmt>
      </trkpt>
      <trkpt lat="47.359065" lon="8.561069">
        <ele>426</ele>
        <time>2024-04-10T08:47:35Z</time>
        <cmt>speed: 0.3</cmt>
      </trkpt>
      <trkpt lat="47.359333" lon="8.561294">
        <ele>473</ele>
        <time>2024-04-10T08:57:36Z</time>
        <cmt>speed: 0.4</cmt>
      </trkpt>
      <trkpt lat="47.358935" lon="8.562123">
        <ele>416</ele>
        <time>2024-04-10T09:07:26Z</time>
        <cmt>speed: 0.3</cmt>
      </trkpt>
      <trkpt lat="47.35908" lon="8.562158">
        <ele>437</ele>
        <time>2024-04-10T09:17:26Z</time>
        <cmt>speed: 0.4</cmt>
      </trkpt>
      <trkpt lat="47.359033" lon="8.562889">
        <ele>454</ele>
        <time>2024-04-10T09:37:27Z</time>
        <cmt>speed: 1.5</cmt>
      </trkpt>
      <trkpt lat="47.359211" lon="8.562236">
        <ele>457</ele>
        <time>2024-04-10T09:57:28Z</time>
        <cmt>speed: 0.9</cmt>
      </trkpt>
      <trkpt lat="47.359211" lon="8.562236">
        <ele>457</ele>
        <time>2024-04-10T10:04:24Z</time>
      </trkpt>
      <trkpt lat="47.358886" lon="8.562242">
        <ele>490</ele>
        <time>2024-04-10T10:12:56Z</time>
        <cmt>speed: 1.4</cmt>
      </trkpt>
      <trkpt lat="47.359072" lon="8.561792">
        <ele>449</ele>
        <time>2024-04-10T10:22:56Z</time>
        <cmt>speed: 0.0</cmt>
      </trkpt>
      <trkpt lat="47.359039" lon="8.562451">
        <ele>468</ele>
        <time>2024-04-10T10:32:56Z</time>
        <cmt>speed: 0.0</cmt>
      </trkpt>
      <trkpt lat="47.358843" lon="8.562473">
        <ele>424</ele>
        <time>2024-04-10T10:42:55Z</time>
        <cmt>speed: 0.7</cmt>
      </trkpt>
      <trkpt lat="47.35887" lon="8.562267">
        <ele>440</ele>
        <time>2024-04-10T10:52:57Z</time>
        <cmt>speed: 0.0</cmt>
      </trkpt>
      <trkpt lat="47.358974" lon="8.562284">
        <ele>440</ele>
        <time>2024-04-10T11:02:55Z</time>
        <cmt>speed: 0.2</cmt>
      </trkpt>
      <trkpt lat="47.358974" lon="8.562284">
        <ele>440</ele>
        <time>2024-04-10T11:13:08Z</time>
      </trkpt>
      <trkpt lat="47.358866" lon="8.562315">
        <ele>440</ele>
        <time>2024-04-10T11:13:14Z</time>
        <cmt>speed: 1.2</cmt>
      </trkpt>
      <trkpt lat="47.358962" lon="8.562269">
        <ele>456</ele>
        <time>2024-04-10T11:23:13Z</time>
        <cmt>speed: 0.1</cmt>
      </trkpt>
      <trkpt lat="47.358946" lon="8.562246">
        <ele>418</ele>
        <time>2024-04-10T11:33:13Z</time>
        <cmt>speed: 0.5</cmt>
      </trkpt>
      <trkpt lat="47.359031" lon="8.56217">
        <ele>425</ele>
        <time>2024-04-10T11:43:59Z</time>
        <cmt>speed: 0.0</cmt>
      </trkpt>
      <trkpt lat="47.358992" lon="8.562294">
        <ele>431</ele>
        <time>2024-04-10T11:53:57Z</time>
        <cmt>speed: 0.8</cmt>
      </trkpt>
      <trkpt lat="47.35903" lon="8.562096">
        <ele>422</ele>
        <time>2024-04-10T12:03:58Z</time>
        <cmt>speed: 0.0</cmt>
      </trkpt>
      <trkpt lat="47.35903" lon="8.562096">
        <ele>422</ele>
        <time>2024-04-10T12:04:24Z</time>
      </trkpt>
      <trkpt lat="47.359169" lon="8.562696">
        <ele>425</ele>
        <time>2024-04-10T12:13:58Z</time>
        <cmt>speed: 0.6</cmt>
      </trkpt>
      <trkpt lat="47.358815" lon="8.563787">
        <ele>432</ele>
        <time>2024-04-10T12:23:58Z</time>
        <cmt>speed: 0.1</cmt>
      </trkpt>
      <trkpt lat="47.358815" lon="8.563787">
        <ele>432</ele>
        <time>2024-04-10T12:24:24Z</time>
      </trkpt>
      <trkpt lat="47.358418" lon="8.563529">
        <ele>438</ele>
        <time>2024-04-10T12:33:57Z</time>
        <cmt>speed: 0.5</cmt>
      </trkpt>
      <trkpt lat="47.358315" lon="8.563418">
        <ele>467</ele>
        <time>2024-04-10T12:43:58Z</time>
        <cmt>speed: 0.3</cmt>
      </trkpt>
      <trkpt lat="47.358315" lon="8.563418">
        <ele>467</ele>
        <time>2024-04-10T12:44:24Z</time>
      </trkpt>
      <trkpt lat="47.358572" lon="8.563511">
        <ele>474</ele>
        <time>2024-04-10T12:53:56Z</time>
        <cmt>speed: 1.0</cmt>
      </trkpt>
      <trkpt lat="47.358615" lon="8.563648">
        <ele>459</ele>
        <time>2024-04-10T13:03:58Z</time>
        <cmt>speed: 1.2</cmt>
      </trkpt>
      <trkpt lat="47.358364" lon="8.563634">
        <ele>455</ele>
        <time>2024-04-10T13:13:57Z</time>
        <cmt>speed: 2.2</cmt>
      </trkpt>
      <trkpt lat="47.358364" lon="8.563634">
        <ele>455</ele>
        <time>2024-04-10T13:23:57Z</time>
      </trkpt>
      <trkpt lat="47.35842" lon="8.563677">
        <ele>452</ele>
        <time>2024-04-10T13:23:58Z</time>
        <cmt>speed: 0.5</cmt>
      </trkpt>
      <trkpt lat="47.358297" lon="8.563548">
        <ele>426</ele>
        <time>2024-04-10T13:33:58Z</time>
        <cmt>speed: 0.3</cmt>
      </trkpt>
      <trkpt lat="47.357933" lon="8.56302">
        <ele>436</ele>
        <time>2024-04-10T13:43:57Z</time>
        <cmt>speed: 0.1</cmt>
      </trkpt>
      <trkpt lat="47.35891" lon="8.562216">
        <ele>453</ele>
        <time>2024-04-10T13:53:59Z</time>
        <cmt>speed: 1.0</cmt>
      </trkpt>
      <trkpt lat="47.35891" lon="8.562216">
        <ele>453</ele>
        <time>2024-04-10T14:03:57Z</time>
      </trkpt>
      <trkpt lat="47.358881" lon="8.562075">
        <ele>438</ele>
        <time>2024-04-10T14:03:58Z</time>
        <cmt>speed: 0.4</cmt>
      </trkpt>
      <trkpt lat="47.359145" lon="8.562257">
        <ele>439</ele>
        <time>2024-04-10T14:13:58Z</time>
        <cmt>speed: 0.0</cmt>
      </trkpt>
      <trkpt lat="47.35901" lon="8.562198">
        <ele>451</ele>
        <time>2024-04-10T14:23:58Z</time>
        <cmt>speed: 1.0</cmt>
      </trkpt>
      <trkpt lat="47.359102" lon="8.562204">
        <ele>450</ele>
        <time>2024-04-10T14:33:59Z</time>
        <cmt>speed: 0.1</cmt>
      </trkpt>
      <trkpt lat="47.359102" lon="8.562204">
        <ele>450</ele>
        <time>2024-04-10T14:43:56Z</time>
      </trkpt>
      <trkpt lat="47.359016" lon="8.562159">
        <ele>437</ele>
        <time>2024-04-10T14:43:58Z</time>
        <cmt>speed: 0.2</cmt>
      </trkpt>
      <trkpt lat="47.358926" lon="8.562359">
        <ele>452</ele>
        <time>2024-04-10T14:53:58Z</time>
        <cmt>speed: 0.1</cmt>
      </trkpt>
      <trkpt lat="47.358926" lon="8.562359">
        <ele>452</ele>
        <time>2024-04-10T15:03:55Z</time>
      </trkpt>
      <trkpt lat="47.359037" lon="8.562207">
        <ele>418</ele>
        <time>2024-04-10T15:03:57Z</time>
        <cmt>speed: 0.2</cmt>
      </trkpt>
      <trkpt lat="47.358257" lon="8.562639">
        <ele>477</ele>
        <time>2024-04-10T15:14:01Z</time>
        <cmt>speed: 1.2</cmt>
      </trkpt>
      <trkpt lat="47.358257" lon="8.562639">
        <ele>477</ele>
        <time>2024-04-10T15:23:56Z</time>
      </trkpt>
      <trkpt lat="47.357317" lon="8.563409">
        <ele>424</ele>
        <time>2024-04-10T15:23:58Z</time>
        <cmt>speed: 0.2</cmt>
      </trkpt>
      <trkpt lat="47.357471" lon="8.564489">
        <ele>451</ele>
        <time>2024-04-10T15:33:57Z</time>
        <cmt>speed: 0.6</cmt>
      </trkpt>
      <trkpt lat="47.357471" lon="8.564489">
        <ele>451</ele>
        <time>2024-04-10T15:43:55Z</time>
      </trkpt>
      <trkpt lat="47.357018" lon="8.564526">
        <ele>433</ele>
        <time>2024-04-10T15:43:57Z</time>
        <cmt>speed: 0.3</cmt>
      </trkpt>
      <trkpt lat="47.35686" lon="8.564729">
        <ele>487</ele>
        <time>2024-04-10T15:53:58Z</time>
        <cmt>speed: 0.5</cmt>
      </trkpt>
      <trkpt lat="47.35686" lon="8.564729">
        <ele>487</ele>
        <time>2024-04-10T16:03:55Z</time>
      </trkpt>
      <trkpt lat="47.357186" lon="8.564563">
        <ele>449</ele>
        <time>2024-04-10T16:03:57Z</time>
        <cmt>speed: 2.2</cmt>
      </trkpt>
      <trkpt lat="47.357877" lon="8.564559">
        <ele>486</ele>
        <time>2024-04-10T16:13:57Z</time>
        <cmt>speed: 1.1</cmt>
      </trkpt>
      <trkpt lat="47.358178" lon="8.563083">
        <ele>471</ele>
        <time>2024-04-10T16:23:57Z</time>
        <cmt>speed: 0.3</cmt>
      </trkpt>
      <trkpt lat="47.358396" lon="8.56125">
        <ele>435</ele>
        <time>2024-04-10T16:33:58Z</time>
        <cmt>speed: 0.9</cmt>
      </trkpt>
      <trkpt lat="47.359353" lon="8.562188">
        <ele>436</ele>
        <time>2024-04-10T16:43:59Z</time>
        <cmt>speed: 1.2</cmt>
      </trkpt>
      <trkpt lat="47.359959" lon="8.563643">
        <ele>434</ele>
        <time>2024-04-10T16:50:07Z</time>
      </trkpt>
      <trkpt lat="47.359959" lon="8.563643">
        <ele>434</ele>
        <time>2024-04-10T17:05:07Z</time>
      </trkpt>
      <trkpt lat="47.359959" lon="8.563643">
        <ele>434</ele>
        <time>2024-04-11T03:04:44Z</time>
      </trkpt>
      <trkpt lat="47.360304" lon="8.562215">
        <ele>424</ele>
        <time>2024-04-11T03:05:30Z</time>
        <cmt>speed: 0.2</cmt>
      </trkpt>
      <trkpt lat="47.359593" lon="8.561323">
        <ele>422</ele>
        <time>2024-04-11T03:14:56Z</time>
        <cmt>speed: 1.2</cmt>
      </trkpt>
      <trkpt lat="47.359194" lon="8.559961">
        <ele>418</ele>
        <time>2024-04-11T03:24:51Z</time>
        <cmt>speed: 0.4</cmt>
      </trkpt>
      <trkpt lat="47.358934" lon="8.558414">
        <ele>440</ele>
        <time>2024-04-11T03:34:50Z</time>
        <cmt>speed: 0.6</cmt>
      </trkpt>
      <trkpt lat="47.357752" lon="8.5609">
        <ele>468</ele>
        <time>2024-04-11T03:44:52Z</time>
        <cmt>speed: 1.3</cmt>
      </trkpt>
      <trkpt lat="47.357435" lon="8.561404">
        <ele>387</ele>
        <time>2024-04-11T03:54:59Z</time>
        <cmt>speed: 0.0</cmt>
      </trkpt>
      <trkpt lat="47.357501" lon="8.5615">
        <ele>460</ele>
        <time>2024-04-11T04:04:56Z</time>
        <cmt>speed: 0.4</cmt>
      </trkpt>
      <trkpt lat="47.358136" lon="8.562171">
        <ele>452</ele>
        <time>2024-04-11T04:14:50Z</time>
        <cmt>speed: 1.1</cmt>
      </trkpt>
      <trkpt lat="47.358136" lon="8.562171">
        <ele>452</ele>
        <time>2024-04-11T04:24:48Z</time>
      </trkpt>
      <trkpt lat="47.359698" lon="8.560068">
        <ele>403</ele>
        <time>2024-04-11T04:24:52Z</time>
        <cmt>speed: 0.2</cmt>
      </trkpt>
      <trkpt lat="47.35852" lon="8.560303">
        <ele>476</ele>
        <time>2024-04-11T04:34:50Z</time>
        <cmt>speed: 0.9</cmt>
      </trkpt>
      <trkpt lat="47.35852" lon="8.560303">
        <ele>476</ele>
        <time>2024-04-11T04:44:48Z</time>
      </trkpt>
      <trkpt lat="47.357762" lon="8.560712">
        <ele>446</ele>
        <time>2024-04-11T04:44:51Z</time>
        <cmt>speed: 0.3</cmt>
      </trkpt>
      <trkpt lat="47.357906" lon="8.560872">
        <ele>497</ele>
        <time>2024-04-11T04:54:50Z</time>
        <cmt>speed: 0.2</cmt>
      </trkpt>
      <trkpt lat="47.359914" lon="8.561323">
        <ele>459</ele>
        <time>2024-04-11T05:15:13Z</time>
        <cmt>speed: 0.6</cmt>
      </trkpt>
      <trkpt lat="47.359914" lon="8.561323">
        <ele>459</ele>
        <time>2024-04-11T05:24:49Z</time>
      </trkpt>
      <trkpt lat="47.359865" lon="8.561476">
        <ele>461</ele>
        <time>2024-04-11T05:24:53Z</time>
        <cmt>speed: 1.7</cmt>
      </trkpt>
      <trkpt lat="47.360413" lon="8.561205">
        <ele>401</ele>
        <time>2024-04-11T05:35:05Z</time>
        <cmt>speed: 1.5</cmt>
      </trkpt>
      <trkpt lat="47.359974" lon="8.56367">
        <ele>434</ele>
        <time>2024-04-11T05:52:35Z</time>
      </trkpt>
      <trkpt lat="47.359974" lon="8.56367">
        <ele>434</ele>
        <time>2024-04-11T06:07:35Z</time>
      </trkpt>
      <trkpt lat="47.360098" lon="8.563949">
        <ele>446</ele>
        <time>2024-04-11T09:31:07Z</time>
        <cmt>speed: 0.7</cmt>
      </trkpt>
      <trkpt lat="47.359341" lon="8.564145">
        <ele>407</ele>
        <time>2024-04-11T09:41:09Z</time>
        <cmt>speed: 4.1</cmt>
      </trkpt>
      <trkpt lat="47.3589" lon="8.564007">
        <ele>471</ele>
        <time>2024-04-11T09:51:06Z</time>
        <cmt>speed: 0.2</cmt>
      </trkpt>
      <trkpt lat="47.359166" lon="8.562573">
        <ele>415</ele>
        <time>2024-04-11T10:01:23Z</time>
        <cmt>speed: 0.1</cmt>
      </trkpt>
      <trkpt lat="47.35939" lon="8.561762">
        <ele>447</ele>
        <time>2024-04-11T10:11:01Z</time>
        <cmt>speed: 0.2</cmt>
      </trkpt>
      <trkpt lat="47.35962" lon="8.560033">
        <ele>401</ele>
        <time>2024-04-11T10:20:59Z</time>
        <cmt>speed: 1.8</cmt>
      </trkpt>
      <trkpt lat="47.358636" lon="8.559321">
        <ele>446</ele>
        <time>2024-04-11T10:30:58Z</time>
        <cmt>speed: 1.0</cmt>
      </trkpt>
      <trkpt lat="47.357836" lon="8.559879">
        <ele>410</ele>
        <time>2024-04-11T10:41:08Z</time>
        <cmt>speed: 0.5</cmt>
      </trkpt>
      <trkpt lat="47.357821" lon="8.560043">
        <ele>439</ele>
        <time>2024-04-11T10:51:04Z</time>
        <cmt>speed: 0.6</cmt>
      </trkpt>
      <trkpt lat="47.357621" lon="8.559935">
        <ele>449</ele>
        <time>2024-04-11T11:01:02Z</time>
        <cmt>speed: 0.1</cmt>
      </trkpt>
      <trkpt lat="47.357483" lon="8.561304">
        <ele>433</ele>
        <time>2024-04-11T11:11:13Z</time>
        <cmt>speed: 0.0</cmt>
      </trkpt>
      <trkpt lat="47.357471" lon="8.56153">
        <ele>448</ele>
        <time>2024-04-11T11:21:00Z</time>
        <cmt>speed: 1.1</cmt>
      </trkpt>
      <trkpt lat="47.357471" lon="8.56153">
        <ele>448</ele>
        <time>2024-04-11T11:31:00Z</time>
      </trkpt>
      <trkpt lat="47.35791" lon="8.561045">
        <ele>450</ele>
        <time>2024-04-11T11:31:05Z</time>
        <cmt>speed: 0.2</cmt>
      </trkpt>
      <trkpt lat="47.357958" lon="8.560999">
        <ele>447</ele>
        <time>2024-04-11T11:41:58Z</time>
        <cmt>speed: 0.4</cmt>
      </trkpt>
      <trkpt lat="47.357911" lon="8.559982">
        <ele>429</ele>
        <time>2024-04-11T11:52:00Z</time>
        <cmt>speed: 0.1</cmt>
      </trkpt>
      <trkpt lat="47.35736" lon="8.560063">
        <ele>434</ele>
        <time>2024-04-11T12:01:55Z</time>
        <cmt>speed: 0.6</cmt>
      </trkpt>
      <trkpt lat="47.357022" lon="8.560985">
        <ele>405</ele>
        <time>2024-04-11T12:11:55Z</time>
        <cmt>speed: 1.5</cmt>
      </trkpt>
      <trkpt lat="47.357719" lon="8.560008">
        <ele>425</ele>
        <time>2024-04-11T12:21:55Z</time>
        <cmt>speed: 1.0</cmt>
      </trkpt>
      <trkpt lat="47.35896" lon="8.56202">
        <ele>473</ele>
        <time>2024-04-11T12:41:53Z</time>
        <cmt>speed: 0.4</cmt>
      </trkpt>
      <trkpt lat="47.35896" lon="8.56202">
        <ele>473</ele>
        <time>2024-04-11T12:51:54Z</time>
      </trkpt>
      <trkpt lat="47.359007" lon="8.561873">
        <ele>479</ele>
        <time>2024-04-11T12:51:59Z</time>
        <cmt>speed: 0.0</cmt>
      </trkpt>
      <trkpt lat="47.359165" lon="8.562425">
        <ele>443</ele>
        <time>2024-04-11T13:01:53Z</time>
        <cmt>speed: 0.2</cmt>
      </trkpt>
      <trkpt lat="47.358954" lon="8.562588">
        <ele>484</ele>
        <time>2024-04-11T13:11:53Z</time>
        <cmt>speed: 0.7</cmt>
      </trkpt>
      <trkpt lat="47.358988" lon="8.56239">
        <ele>468</ele>
        <time>2024-04-11T13:22:03Z</time>
        <cmt>speed: 0.0</cmt>
      </trkpt>
      <trkpt lat="47.358988" lon="8.56239">
        <ele>468</ele>
        <time>2024-04-11T13:31:49Z</time>
      </trkpt>
      <trkpt lat="47.358978" lon="8.562291">
        <ele>486</ele>
        <time>2024-04-11T13:31:54Z</time>
        <cmt>speed: 0.4</cmt>
      </trkpt>
      <trkpt lat="47.358861" lon="8.562439">
        <ele>447</ele>
        <time>2024-04-11T13:41:55Z</time>
        <cmt>speed: 0.4</cmt>
      </trkpt>
      <trkpt lat="47.358861" lon="8.562439">
        <ele>447</ele>
        <time>2024-04-11T13:51:49Z</time>
      </trkpt>
      <trkpt lat="47.358904" lon="8.562349">
        <ele>446</ele>
        <time>2024-04-11T13:51:54Z</time>
        <cmt>speed: 0.0</cmt>
      </trkpt>
      <trkpt lat="47.359097" lon="8.561829">
        <ele>463</ele>
        <time>2024-04-11T14:01:55Z</time>
        <cmt>speed: 0.3</cmt>
      </trkpt>
      <trkpt lat="47.360268" lon="8.562069">
        <ele>438</ele>
        <time>2024-04-11T14:12:00Z</time>
        <cmt>speed: 0.1</cmt>
      </trkpt>
      <trkpt lat="47.359974" lon="8.56367">
        <ele>434</ele>
        <time>2024-04-11T14:16:34Z</time>
      </trkpt>
      <trkpt lat="47.35978" lon="8.563298">
        <ele>492</ele>
        <time>2024-04-11T14:18:40Z</time>
        <cmt>speed: 1.0</cmt>
      </trkpt>
      <trkpt lat="47.359974" lon="8.56367">
        <ele>434</ele>
        <time>2024-04-11T14:20:50Z</time>
      </trkpt>
      <trkpt lat="47.359974" lon="8.56367">
        <ele>434</ele>
        <time>2024-04-11T14:35:50Z</time>
      </trkpt>
      <trkpt lat="47.3596" lon="8.564038">
        <ele>451</ele>
        <time>2024-04-11T15:25:44Z</time>
        <cmt>speed: 0.7</cmt>
      </trkpt>
      <trkpt lat="47.35859" lon="8.564804">
        <ele>489</ele>
        <time>2024-04-11T15:35:40Z</time>
        <cmt>speed: 0.4</cmt>
      </trkpt>
      <trkpt lat="47.358129" lon="8.564341">
        <ele>472</ele>
        <time>2024-04-11T15:45:37Z</time>
        <cmt>speed: 1.2</cmt>
      </trkpt>
      <trkpt lat="47.358203" lon="8.563703">
        <ele>457</ele>
        <time>2024-04-11T15:55:38Z</time>
        <cmt>speed: 0.6</cmt>
      </trkpt>
      <trkpt lat="47.358203" lon="8.563703">
        <ele>457</ele>
        <time>2024-04-11T16:05:33Z</time>
      </trkpt>
      <trkpt lat="47.35854" lon="8.563813">
        <ele>452</ele>
        <time>2024-04-11T16:05:39Z</time>
        <cmt>speed: 0.1</cmt>
      </trkpt>
      <trkpt lat="47.358524" lon="8.563904">
        <ele>450</ele>
        <time>2024-04-11T16:15:38Z</time>
        <cmt>speed: 0.0</cmt>
      </trkpt>
      <trkpt lat="47.358524" lon="8.563904">
        <ele>450</ele>
        <time>2024-04-11T16:25:33Z</time>
      </trkpt>
      <trkpt lat="47.358526" lon="8.563738">
        <ele>466</ele>
        <time>2024-04-11T16:25:38Z</time>
        <cmt>speed: 0.1</cmt>
      </trkpt>
      <trkpt lat="47.358428" lon="8.563773">
        <ele>459</ele>
        <time>2024-04-11T16:35:37Z</time>
        <cmt>speed: 0.8</cmt>
      </trkpt>
      <trkpt lat="47.358428" lon="8.563773">
        <ele>459</ele>
        <time>2024-04-11T16:45:33Z</time>
      </trkpt>
      <trkpt lat="47.358523" lon="8.564052">
        <ele>416</ele>
        <time>2024-04-11T16:45:38Z</time>
        <cmt>speed: 0.5</cmt>
      </trkpt>
      <trkpt lat="47.358394" lon="8.563728">
        <ele>465</ele>
        <time>2024-04-11T16:55:37Z</time>
        <cmt>speed: 0.3</cmt>
      </trkpt>
      <trkpt lat="47.358394" lon="8.563728">
        <ele>465</ele>
        <time>2024-04-11T17:05:32Z</time>
      </trkpt>
      <trkpt lat="47.358529" lon="8.563966">
        <ele>458</ele>
        <time>2024-04-11T17:05:37Z</time>
        <cmt>speed: 1.0</cmt>
      </trkpt>
      <trkpt lat="47.358449" lon="8.563762">
        <ele>462</ele>
        <time>2024-04-11T17:15:37Z</time>
        <cmt>speed: 0.2</cmt>
      </trkpt>
      <trkpt lat="47.358449" lon="8.563762">
        <ele>462</ele>
        <time>2024-04-11T17:25:33Z</time>
      </trkpt>
      <trkpt lat="47.35827" lon="8.563075">
        <ele>499</ele>
        <time>2024-04-11T17:25:38Z</time>
        <cmt>speed: 0.1</cmt>
      </trkpt>
      <trkpt lat="47.35843" lon="8.565581">
        <ele>474</ele>
        <time>2024-04-11T17:45:38Z</time>
        <cmt>speed: 1.2</cmt>
      </trkpt>
      <trkpt lat="47.358291" lon="8.564601">
        <ele>452</ele>
        <time>2024-04-11T17:55:38Z</time>
        <cmt>speed: 0.9</cmt>
      </trkpt>
      <trkpt lat="47.3573" lon="8.564345">
        <ele>465</ele>
        <time>2024-04-11T18:05:38Z</time>
        <cmt>speed: 0.4</cmt>
      </trkpt>
      <trkpt lat="47.357224" lon="8.56468">
        <ele>453</ele>
        <time>2024-04-11T18:15:37Z</time>
        <cmt>speed: 0.1</cmt>
      </trkpt>
      <trkpt lat="47.357224" lon="8.56468">
        <ele>453</ele>
        <time>2024-04-11T18:25:31Z</time>
      </trkpt>
      <trkpt lat="47.356549" lon="8.564511">
        <ele>459</ele>
        <time>2024-04-11T18:25:37Z</time>
        <cmt>speed: 5.7</cmt>
      </trkpt>
      <trkpt lat="47.356673" lon="8.56469">
        <ele>447</ele>
        <time>2024-04-11T18:35:37Z</time>
        <cmt>speed: 0.2</cmt>
      </trkpt>
      <trkpt lat="47.356628" lon="8.5648">
        <ele>453</ele>
        <time>2024-04-11T18:45:39Z</time>
        <cmt>speed: 0.1</cmt>
      </trkpt>
      <trkpt lat="47.357065" lon="8.563417">
        <ele>454</ele>
        <time>2024-04-11T18:55:41Z</time>
        <cmt>speed: 0.1</cmt>
      </trkpt>
      <trkpt lat="47.357405" lon="8.563305">
        <ele>449</ele>
        <time>2024-04-11T19:05:39Z</time>
        <cmt>speed: 0.3</cmt>
      </trkpt>
      <trkpt lat="47.357604" lon="8.563318">
        <ele>472</ele>
        <time>2024-04-11T19:15:38Z</time>
        <cmt>speed: 0.5</cmt>
      </trkpt>
      <trkpt lat="47.357682" lon="8.56294">
        <ele>486</ele>
        <time>2024-04-11T19:25:40Z</time>
        <cmt>speed: 0.6</cmt>
      </trkpt>
      <trkpt lat="47.357842" lon="8.563088">
        <ele>396</ele>
        <time>2024-04-11T19:35:39Z</time>
        <cmt>speed: 0.0</cmt>
      </trkpt>
      <trkpt lat="47.357703" lon="8.563131">
        <ele>434</ele>
        <time>2024-04-11T19:45:39Z</time>
        <cmt>speed: 0.5</cmt>
      </trkpt>
      <trkpt lat="47.358857" lon="8.56124">
        <ele>447</ele>
        <time>2024-04-11T19:55:38Z</time>
        <cmt>speed: 0.6</cmt>
      </trkpt>
      <trkpt lat="47.359816" lon="8.561543">
        <ele>462</ele>
        <time>2024-04-11T20:05:38Z</time>
        <cmt>speed: 0.5</cmt>
      </trkpt>
      <trkpt lat="47.360178" lon="8.560351">
        <ele>458</ele>
        <time>2024-04-11T20:15:38Z</time>
        <cmt>speed: 1.1</cmt>
      </trkpt>
      <trkpt lat="47.358694" lon="8.560624">
        <ele>456</ele>
        <time>2024-04-11T20:25:42Z</time>
        <cmt>speed: 0.2</cmt>
      </trkpt>
      <trkpt lat="47.357602" lon="8.561708">
        <ele>456</ele>
        <time>2024-04-11T20:35:38Z</time>
        <cmt>speed: 0.0</cmt>
      </trkpt>
      <trkpt lat="47.357602" lon="8.561708">
        <ele>456</ele>
        <time>2024-04-11T20:45:34Z</time>
      </trkpt>
      <trkpt lat="47.358009" lon="8.562788">
        <ele>439</ele>
        <time>2024-04-11T20:45:40Z</time>
        <cmt>speed: 0.0</cmt>
      </trkpt>
      <trkpt lat="47.357812" lon="8.56307">
        <ele>492</ele>
        <time>2024-04-11T20:55:38Z</time>
        <cmt>speed: 0.2</cmt>
      </trkpt>
      <trkpt lat="47.35703" lon="8.563599">
        <ele>451</ele>
        <time>2024-04-11T21:05:42Z</time>
        <cmt>speed: 0.5</cmt>
      </trkpt>
      <trkpt lat="47.357002" lon="8.563415">
        <ele>458</ele>
        <time>2024-04-11T21:15:40Z</time>
        <cmt>speed: 0.5</cmt>
      </trkpt>
      <trkpt lat="47.356742" lon="8.563562">
        <ele>462</ele>
        <time>2024-04-11T21:25:43Z</time>
        <cmt>speed: 0.8</cmt>
      </trkpt>
      <trkpt lat="47.357393" lon="8.563205">
        <ele>441</ele>
        <time>2024-04-11T21:35:40Z</time>
        <cmt>speed: 0.7</cmt>
      </trkpt>
      <trkpt lat="47.358044" lon="8.562274">
        <ele>441</ele>
        <time>2024-04-11T21:45:38Z</time>
        <cmt>speed: 0.7</cmt>
      </trkpt>
      <trkpt lat="47.359079" lon="8.562067">
        <ele>433</ele>
        <time>2024-04-11T21:55:39Z</time>
        <cmt>speed: 0.3</cmt>
      </trkpt>
      <trkpt lat="47.359924" lon="8.562333">
        <ele>425</ele>
        <time>2024-04-11T22:05:40Z</time>
        <cmt>speed: 0.1</cmt>
      </trkpt>
      <trkpt lat="47.360085" lon="8.562522">
        <ele>453</ele>
        <time>2024-04-11T22:15:50Z</time>
        <cmt>speed: 0.3</cmt>
      </trkpt>
      <trkpt lat="47.359827" lon="8.561544">
        <ele>426</ele>
        <time>2024-04-11T22:25:41Z</time>
        <cmt>speed: 1.4</cmt>
      </trkpt>
      <trkpt lat="47.358577" lon="8.560755">
        <ele>441</ele>
        <time>2024-04-11T22:35:40Z</time>
        <cmt>speed: 1.1</cmt>
      </trkpt>
      <trkpt lat="47.357926" lon="8.561137">
        <ele>436</ele>
        <time>2024-04-11T22:55:39Z</time>
        <cmt>speed: 0.8</cmt>
      </trkpt>
      <trkpt lat="47.357724" lon="8.562174">
        <ele>410</ele>
        <time>2024-04-11T23:05:41Z</time>
        <cmt>speed: 1.3</cmt>
      </trkpt>
      <trkpt lat="47.357741" lon="8.563076">
        <ele>439</ele>
        <time>2024-04-11T23:15:40Z</time>
        <cmt>speed: 0.2</cmt>
      </trkpt>
      <trkpt lat="47.357872" lon="8.563377">
        <ele>455</ele>
        <time>2024-04-11T23:25:39Z</time>
        <cmt>speed: 0.6</cmt>
      </trkpt>
      <trkpt lat="47.35777" lon="8.563283">
        <ele>411</ele>
        <time>2024-04-11T23:35:38Z</time>
        <cmt>speed: 0.0</cmt>
      </trkpt>
      <trkpt lat="47.3591" lon="8.56219">
        <ele>420</ele>
        <time>2024-04-11T23:45:39Z</time>
        <cmt>speed: 0.8</cmt>
      </trkpt>
      <trkpt lat="47.359053" lon="8.565254">
        <ele>447</ele>
        <time>2024-04-11T23:55:40Z</time>
        <cmt>speed: 0.5</cmt>
      </trkpt>
      <trkpt lat="47.358824" lon="8.565443">
        <ele>452</ele>
        <time>2024-04-12T00:05:39Z</time>
        <cmt>speed: 0.0</cmt>
      </trkpt>
      <trkpt lat="47.359751" lon="8.563312">
        <ele>460</ele>
        <time>2024-04-12T00:15:43Z</time>
        <cmt>speed: 1.0</cmt>
      </trkpt>
      <trkpt lat="47.359974" lon="8.56367">
        <ele>434</ele>
        <time>2024-04-12T00:17:59Z</time>
      </trkpt>
      <trkpt lat="47.359974" lon="8.56367">
        <ele>434</ele>
        <time>2024-04-12T00:32:59Z</time>
      </trkpt>
      <trkpt lat="47.359922" lon="8.563095">
        <ele>426</ele>
        <time>2024-04-12T11:19:14Z</time>
        <cmt>speed: 0.5</cmt>
      </trkpt>
      <trkpt lat="47.359535" lon="8.560368">
        <ele>430</ele>
        <time>2024-04-12T11:28:59Z</time>
        <cmt>speed: 0.0</cmt>
      </trkpt>
      <trkpt lat="47.359197" lon="8.561916">
        <ele>450</ele>
        <time>2024-04-12T11:39:00Z</time>
        <cmt>speed: 1.2</cmt>
      </trkpt>
      <trkpt lat="47.358977" lon="8.562268">
        <ele>479</ele>
        <time>2024-04-12T11:48:58Z</time>
        <cmt>speed: 0.0</cmt>
      </trkpt>
      <trkpt lat="47.358977" lon="8.562268">
        <ele>479</ele>
        <time>2024-04-12T11:58:51Z</time>
      </trkpt>
      <trkpt lat="47.358903" lon="8.562285">
        <ele>445</ele>
        <time>2024-04-12T11:58:59Z</time>
        <cmt>speed: 0.9</cmt>
      </trkpt>
      <trkpt lat="47.358937" lon="8.562326">
        <ele>427</ele>
        <time>2024-04-12T12:09:01Z</time>
        <cmt>speed: 0.6</cmt>
      </trkpt>
      <trkpt lat="47.358937" lon="8.562326">
        <ele>427</ele>
        <time>2024-04-12T12:18:51Z</time>
      </trkpt>
      <trkpt lat="47.357505" lon="8.561482">
        <ele>417</ele>
        <time>2024-04-12T12:19:00Z</time>
        <cmt>speed: 0.7</cmt>
      </trkpt>
      <trkpt lat="47.357564" lon="8.561164">
        <ele>423</ele>
        <time>2024-04-12T12:29:06Z</time>
        <cmt>speed: 0.9</cmt>
      </trkpt>
      <trkpt lat="47.357502" lon="8.56088">
        <ele>406</ele>
        <time>2024-04-12T12:39:02Z</time>
        <cmt>speed: 1.4</cmt>
      </trkpt>
      <trkpt lat="47.357743" lon="8.562684">
        <ele>470</ele>
        <time>2024-04-12T12:49:01Z</time>
        <cmt>speed: 0.9</cmt>
      </trkpt>
      <trkpt lat="47.357743" lon="8.562684">
        <ele>470</ele>
        <time>2024-04-12T12:59:25Z</time>
      </trkpt>
      <trkpt lat="47.358127" lon="8.562624">
        <ele>477</ele>
        <time>2024-04-12T12:59:34Z</time>
        <cmt>speed: 0.4</cmt>
      </trkpt>
      <trkpt lat="47.357984" lon="8.562289">
        <ele>459</ele>
        <time>2024-04-12T13:09:36Z</time>
        <cmt>speed: 0.9</cmt>
      </trkpt>
      <trkpt lat="47.357984" lon="8.562289">
        <ele>459</ele>
        <time>2024-04-12T13:18:51Z</time>
      </trkpt>
      <trkpt lat="47.358039" lon="8.562359">
        <ele>436</ele>
        <time>2024-04-12T13:22:06Z</time>
        <cmt>speed: 0.2</cmt>
      </trkpt>
      <trkpt lat="47.358085" lon="8.562546">
        <ele>455</ele>
        <time>2024-04-12T13:31:29Z</time>
        <cmt>speed: 0.6</cmt>
      </trkpt>
      <trkpt lat="47.358085" lon="8.562546">
        <ele>455</ele>
        <time>2024-04-12T13:41:17Z</time>
      </trkpt>
      <trkpt lat="47.358117" lon="8.562513">
        <ele>453</ele>
        <time>2024-04-12T13:41:26Z</time>
        <cmt>speed: 0.0</cmt>
      </trkpt>
      <trkpt lat="47.358292" lon="8.56281">
        <ele>455</ele>
        <time>2024-04-12T13:51:23Z</time>
        <cmt>speed: 0.4</cmt>
      </trkpt>
      <trkpt lat="47.35873" lon="8.562366">
        <ele>450</ele>
        <time>2024-04-12T14:01:22Z</time>
        <cmt>speed: 0.4</cmt>
      </trkpt>
      <trkpt lat="47.358966" lon="8.562132">
        <ele>460</ele>
        <time>2024-04-12T14:11:21Z</time>
        <cmt>speed: 0.7</cmt>
      </trkpt>
      <trkpt lat="47.359002" lon="8.562334">
        <ele>460</ele>
        <time>2024-04-12T14:21:22Z</time>
        <cmt>speed: 0.1</cmt>
      </trkpt>
      <trkpt lat="47.358914" lon="8.562345">
        <ele>446</ele>
        <time>2024-04-12T14:31:22Z</time>
        <cmt>speed: 0.6</cmt>
      </trkpt>
      <trkpt lat="47.358914" lon="8.562345">
        <ele>446</ele>
        <time>2024-04-12T14:41:21Z</time>
      </trkpt>
      <trkpt lat="47.358909" lon="8.562345">
        <ele>456</ele>
        <time>2024-04-12T14:41:30Z</time>
        <cmt>speed: 1.2</cmt>
      </trkpt>
      <trkpt lat="47.359077" lon="8.562568">
        <ele>464</ele>
        <time>2024-04-12T14:51:50Z</time>
        <cmt>speed: 0.0</cmt>
      </trkpt>
      <trkpt lat="47.358837" lon="8.562429">
        <ele>406</ele>
        <time>2024-04-12T15:01:42Z</time>
        <cmt>speed: 0.6</cmt>
      </trkpt>
      <trkpt lat="47.3589" lon="8.562457">
        <ele>469</ele>
        <time>2024-04-12T15:11:40Z</time>
        <cmt>speed: 0.1</cmt>
      </trkpt>
      <trkpt lat="47.3589" lon="8.562457">
        <ele>469</ele>
        <time>2024-04-12T15:21:31Z</time>
      </trkpt>
      <trkpt lat="47.358827" lon="8.562404">
        <ele>481</ele>
        <time>2024-04-12T15:21:40Z</time>
        <cmt>speed: 0.5</cmt>
      </trkpt>
      <trkpt lat="47.359204" lon="8.562827">
        <ele>393</ele>
        <time>2024-04-12T15:31:41Z</time>
        <cmt>speed: 0.1</cmt>
      </trkpt>
      <trkpt lat="47.359204" lon="8.562827">
        <ele>393</ele>
        <time>2024-04-12T15:38:51Z</time>
      </trkpt>
      <trkpt lat="47.359046" lon="8.56237">
        <ele>423</ele>
        <time>2024-04-12T15:41:40Z</time>
        <cmt>speed: 0.1</cmt>
      </trkpt>
      <trkpt lat="47.358926" lon="8.562148">
        <ele>443</ele>
        <time>2024-04-12T15:51:39Z</time>
        <cmt>speed: 0.1</cmt>
      </trkpt>
      <trkpt lat="47.358926" lon="8.562148">
        <ele>443</ele>
        <time>2024-04-12T16:01:41Z</time>
      </trkpt>
      <trkpt lat="47.358969" lon="8.562159">
        <ele>439</ele>
        <time>2024-04-12T16:01:50Z</time>
        <cmt>speed: 0.0</cmt>
      </trkpt>
      <trkpt lat="47.359132" lon="8.562179">
        <ele>443</ele>
        <time>2024-04-12T16:11:43Z</time>
        <cmt>speed: 0.1</cmt>
      </trkpt>
      <trkpt lat="47.359064" lon="8.561435">
        <ele>434</ele>
        <time>2024-04-12T16:21:41Z</time>
        <cmt>speed: 0.8</cmt>
      </trkpt>
      <trkpt lat="47.358432" lon="8.561504">
        <ele>499</ele>
        <time>2024-04-12T16:31:40Z</time>
        <cmt>speed: 0.9</cmt>
      </trkpt>
      <trkpt lat="47.358458" lon="8.560761">
        <ele>483</ele>
        <time>2024-04-12T16:41:41Z</time>
        <cmt>speed: 0.4</cmt>
      </trkpt>
      <trkpt lat="47.357796" lon="8.560259">
        <ele>461</ele>
        <time>2024-04-12T16:51:44Z</time>
        <cmt>speed: 0.4</cmt>
      </trkpt>
      <trkpt lat="47.357113" lon="8.560866">
        <ele>436</ele>
        <time>2024-04-12T17:01:40Z</time>
        <cmt>speed: 0.4</cmt>
      </trkpt>
      <trkpt lat="47.357509" lon="8.560985">
        <ele>436</ele>
        <time>2024-04-12T17:11:47Z</time>
        <cmt>speed: 0.1</cmt>
      </trkpt>
      <trkpt lat="47.357509" lon="8.560985">
        <ele>436</ele>
        <time>2024-04-12T17:21:31Z</time>
      </trkpt>
      <trkpt lat="47.357437" lon="8.561147">
        <ele>482</ele>
        <time>2024-04-12T17:21:41Z</time>
        <cmt>speed: 0.8</cmt>
      </trkpt>
      <trkpt lat="47.357811" lon="8.561364">
        <ele>424</ele>
        <time>2024-04-12T17:31:46Z</time>
        <cmt>speed: 1.2</cmt>
      </trkpt>
      <trkpt lat="47.357811" lon="8.561364">
        <ele>424</ele>
        <time>2024-04-12T17:41:29Z</time>
      </trkpt>
      <trkpt lat="47.358601" lon="8.562635">
        <ele>436</ele>
        <time>2024-04-12T17:41:39Z</time>
        <cmt>speed: 0.7</cmt>
      </trkpt>
      <trkpt lat="47.358519" lon="8.562516">
        <ele>455</ele>
        <time>2024-04-12T17:51:41Z</time>
        <cmt>speed: 0.0</cmt>
      </trkpt>
      <trkpt lat="47.358519" lon="8.562516">
        <ele>455</ele>
        <time>2024-04-12T18:01:31Z</time>
      </trkpt>
      <trkpt lat="47.358541" lon="8.562396">
        <ele>452</ele>
        <time>2024-04-12T18:01:41Z</time>
        <cmt>speed: 0.2</cmt>
      </trkpt>
      <trkpt lat="47.358486" lon="8.562515">
        <ele>441</ele>
        <time>2024-04-12T18:11:41Z</time>
        <cmt>speed: 0.0</cmt>
      </trkpt>
      <trkpt lat="47.358486" lon="8.562515">
        <ele>441</ele>
        <time>2024-04-12T18:21:29Z</time>
      </trkpt>
      <trkpt lat="47.35839" lon="8.562367">
        <ele>453</ele>
        <time>2024-04-12T18:21:39Z</time>
        <cmt>speed: 0.6</cmt>
      </trkpt>
      <trkpt lat="47.358234" lon="8.562118">
        <ele>460</ele>
        <time>2024-04-12T18:31:40Z</time>
        <cmt>speed: 0.5</cmt>
      </trkpt>
      <trkpt lat="47.358234" lon="8.562118">
        <ele>460</ele>
        <time>2024-04-12T18:38:51Z</time>
      </trkpt>
      <trkpt lat="47.358426" lon="8.562663">
        <ele>420</ele>
        <time>2024-04-12T18:41:41Z</time>
        <cmt>speed: 0.1</cmt>
      </trkpt>
      <trkpt lat="47.358397" lon="8.562591">
        <ele>442</ele>
        <time>2024-04-12T18:51:41Z</time>
        <cmt>speed: 0.1</cmt>
      </trkpt>
      <trkpt lat="47.358534" lon="8.562565">
        <ele>445</ele>
        <time>2024-04-12T19:01:41Z</time>
        <cmt>speed: 0.6</cmt>
      </trkpt>
      <trkpt lat="47.357893" lon="8.562674">
        <ele>483</ele>
        <time>2024-04-12T19:11:40Z</time>
        <cmt>speed: 1.4</cmt>
      </trkpt>
      <trkpt lat="47.357182" lon="8.563251">
        <ele>458</ele>
        <time>2024-04-12T19:31:40Z</time>
        <cmt>speed: 2.3</cmt>
      </trkpt>
      <trkpt lat="47.357182" lon="8.563251">
        <ele>458</ele>
        <time>2024-04-12T19:41:31Z</time>
      </trkpt>
      <trkpt lat="47.357313" lon="8.563361">
        <ele>457</ele>
        <time>2024-04-12T19:41:41Z</time>
        <cmt>speed: 1.8</cmt>
      </trkpt>
      <trkpt lat="47.357326" lon="8.563531">
        <ele>470</ele>
        <time>2024-04-12T19:51:41Z</time>
        <cmt>speed: 0.8</cmt>
      </trkpt>
      <trkpt lat="47.357097" lon="8.563459">
        <ele>427</ele>
        <time>2024-04-12T20:01:40Z</time>
        <cmt>speed: 1.4</cmt>
      </trkpt>
      <trkpt lat="47.35629" lon="8.563916">
        <ele>427</ele>
        <time>2024-04-12T20:11:39Z</time>
        <cmt>speed: 2.0</cmt>
      </trkpt>
      <trkpt lat="47.356619" lon="8.564075">
        <ele>473</ele>
        <time>2024-04-12T20:21:41Z</time>
        <cmt>speed: 0.1</cmt>
      </trkpt>
      <trkpt lat="47.356867" lon="8.563485">
        <ele>463</ele>
        <time>2024-04-12T20:31:41Z</time>
        <cmt>speed: 0.2</cmt>
      </trkpt>
      <trkpt lat="47.357191" lon="8.56352">
        <ele>444</ele>
        <time>2024-04-12T20:41:42Z</time>
        <cmt>speed: 0.0</cmt>
      </trkpt>
      <trkpt lat="47.356752" lon="8.563356">
        <ele>418</ele>
        <time>2024-04-12T20:51:45Z</time>
        <cmt>speed: 0.1</cmt>
      </trkpt>
      <trkpt lat="47.357304" lon="8.563293">
        <ele>462</ele>
        <time>2024-04-12T21:01:40Z</time>
        <cmt>speed: 1.1</cmt>
      </trkpt>
      <trkpt lat="47.357978" lon="8.562504">
        <ele>438</ele>
        <time>2024-04-12T21:11:40Z</time>
        <cmt>speed: 1.0</cmt>
      </trkpt>
      <trkpt lat="47.357871" lon="8.560789">
        <ele>458</ele>
        <time>2024-04-12T21:21:45Z</time>
        <cmt>speed: 0.6</cmt>
      </trkpt>
      <trkpt lat="47.358877" lon="8.560013">
        <ele>452</ele>
        <time>2024-04-12T21:31:41Z</time>
        <cmt>speed: 0.6</cmt>
      </trkpt>
      <trkpt lat="47.35886" lon="8.559708">
        <ele>495</ele>
        <time>2024-04-12T21:41:41Z</time>
        <cmt>speed: 0.8</cmt>
      </trkpt>
      <trkpt lat="47.358902" lon="8.560321">
        <ele>441</ele>
        <time>2024-04-12T21:51:40Z</time>
        <cmt>speed: 0.8</cmt>
      </trkpt>
      <trkpt lat="47.358733" lon="8.559713">
        <ele>483</ele>
        <time>2024-04-12T22:01:40Z</time>
        <cmt>speed: 0.8</cmt>
      </trkpt>
      <trkpt lat="47.358754" lon="8.559725">
        <ele>466</ele>
        <time>2024-04-12T22:11:40Z</time>
        <cmt>speed: 3.1</cmt>
      </trkpt>
      <trkpt lat="47.359654" lon="8.559857">
        <ele>491</ele>
        <time>2024-04-12T22:21:45Z</time>
        <cmt>speed: 0.0</cmt>
      </trkpt>
      <trkpt lat="47.359345" lon="8.559733">
        <ele>433</ele>
        <time>2024-04-12T22:41:43Z</time>
        <cmt>speed: 0.3</cmt>
      </trkpt>
      <trkpt lat="47.359345" lon="8.559733">
        <ele>433</ele>
        <time>2024-04-12T22:41:43Z</time>
      </trkpt>
      <trkpt lat="47.359764" lon="8.561901">
        <ele>420</ele>
        <time>2024-04-12T23:01:41Z</time>
        <cmt>speed: 1.2</cmt>
      </trkpt>
      <trkpt lat="47.357979" lon="8.56225">
        <ele>415</ele>
        <time>2024-04-12T23:11:43Z</time>
        <cmt>speed: 0.0</cmt>
      </trkpt>
      <trkpt lat="47.35805" lon="8.562331">
        <ele>423</ele>
        <time>2024-04-12T23:21:42Z</time>
        <cmt>speed: 1.5</cmt>
      </trkpt>
      <trkpt lat="47.35805" lon="8.562331">
        <ele>423</ele>
        <time>2024-04-12T23:21:43Z</time>
      </trkpt>
      <trkpt lat="47.358079" lon="8.562469">
        <ele>419</ele>
        <time>2024-04-12T23:31:41Z</time>
        <cmt>speed: 0.5</cmt>
      </trkpt>
      <trkpt lat="47.358097" lon="8.56228">
        <ele>423</ele>
        <time>2024-04-12T23:41:41Z</time>
        <cmt>speed: 0.9</cmt>
      </trkpt>
      <trkpt lat="47.358097" lon="8.56228">
        <ele>423</ele>
        <time>2024-04-12T23:41:41Z</time>
      </trkpt>
      <trkpt lat="47.357906" lon="8.562118">
        <ele>492</ele>
        <time>2024-04-12T23:51:43Z</time>
        <cmt>speed: 0.1</cmt>
      </trkpt>
      <trkpt lat="47.359557" lon="8.561375">
        <ele>468</ele>
        <time>2024-04-13T00:01:45Z</time>
        <cmt>speed: 0.3</cmt>
      </trkpt>
      <trkpt lat="47.358112" lon="8.560859">
        <ele>440</ele>
        <time>2024-04-13T00:11:40Z</time>
        <cmt>speed: 1.1</cmt>
      </trkpt>
      <trkpt lat="47.357651" lon="8.559947">
        <ele>475</ele>
        <time>2024-04-13T00:21:47Z</time>
        <cmt>speed: 0.1</cmt>
      </trkpt>
      <trkpt lat="47.357841" lon="8.560278">
        <ele>444</ele>
        <time>2024-04-13T00:31:44Z</time>
        <cmt>speed: 0.1</cmt>
      </trkpt>
      <trkpt lat="47.357593" lon="8.560224">
        <ele>492</ele>
        <time>2024-04-13T00:41:45Z</time>
        <cmt>speed: 0.5</cmt>
      </trkpt>
      <trkpt lat="47.358051" lon="8.560518">
        <ele>410</ele>
        <time>2024-04-13T00:51:45Z</time>
        <cmt>speed: 1.1</cmt>
      </trkpt>
      <trkpt lat="47.358044" lon="8.56059">
        <ele>383</ele>
        <time>2024-04-13T01:01:52Z</time>
        <cmt>speed: 0.3</cmt>
      </trkpt>
      <trkpt lat="47.358044" lon="8.56059">
        <ele>383</ele>
        <time>2024-04-13T01:01:52Z</time>
      </trkpt>
      <trkpt lat="47.357613" lon="8.560307">
        <ele>476</ele>
        <time>2024-04-13T01:21:45Z</time>
        <cmt>speed: 0.1</cmt>
      </trkpt>
      <trkpt lat="47.357613" lon="8.560307">
        <ele>476</ele>
        <time>2024-04-13T01:21:45Z</time>
      </trkpt>
      <trkpt lat="47.358811" lon="8.559556">
        <ele>434</ele>
        <time>2024-04-13T01:31:42Z</time>
        <cmt>speed: 0.7</cmt>
      </trkpt>
      <trkpt lat="47.359715" lon="8.559678">
        <ele>406</ele>
        <time>2024-04-13T01:41:45Z</time>
        <cmt>speed: 0.0</cmt>
      </trkpt>
      <trkpt lat="47.359526" lon="8.558453">
        <ele>398</ele>
        <time>2024-04-13T01:51:44Z</time>
        <cmt>speed: 0.5</cmt>
      </trkpt>
      <trkpt lat="47.359823" lon="8.559184">
        <ele>446</ele>
        <time>2024-04-13T02:01:45Z</time>
        <cmt>speed: 1.1</cmt>
      </trkpt>
      <trkpt lat="47.359389" lon="8.562437">
        <ele>452</ele>
        <time>2024-04-13T02:11:41Z</time>
        <cmt>speed: 0.0</cmt>
      </trkpt>
      <trkpt lat="47.358941" lon="8.563299">
        <ele>438</ele>
        <time>2024-04-13T02:21:42Z</time>
        <cmt>speed: 0.4</cmt>
      </trkpt>
      <trkpt lat="47.35879" lon="8.56382">
        <ele>452</ele>
        <time>2024-04-13T02:31:41Z</time>
        <cmt>speed: 0.1</cmt>
      </trkpt>
      <trkpt lat="47.359304" lon="8.563788">
        <ele>475</ele>
        <time>2024-04-13T02:41:41Z</time>
        <cmt>speed: 0.1</cmt>
      </trkpt>
      <trkpt lat="47.359322" lon="8.563268">
        <ele>450</ele>
        <time>2024-04-13T02:51:45Z</time>
        <cmt>speed: 2.4</cmt>
      </trkpt>
      <trkpt lat="47.359514" lon="8.560813">
        <ele>473</ele>
        <time>2024-04-13T03:01:51Z</time>
        <cmt>speed: 0.3</cmt>
      </trkpt>
      <trkpt lat="47.360225" lon="8.560988">
        <ele>429</ele>
        <time>2024-04-13T03:11:43Z</time>
        <cmt>speed: 0.1</cmt>
      </trkpt>
      <trkpt lat="47.358296" lon="8.562319">
        <ele>439</ele>
        <time>2024-04-13T03:21:43Z</time>
        <cmt>speed: 2.1</cmt>
      </trkpt>
      <trkpt lat="47.3578" lon="8.56208">
        <ele>453</ele>
        <time>2024-04-13T03:31:42Z</time>
        <cmt>speed: 0.2</cmt>
      </trkpt>
      <trkpt lat="47.35826" lon="8.562801">
        <ele>422</ele>
        <time>2024-04-13T03:41:43Z</time>
        <cmt>speed: 0.5</cmt>
      </trkpt>
      <trkpt lat="47.35826" lon="8.562801">
        <ele>422</ele>
        <time>2024-04-13T03:41:43Z</time>
      </trkpt>
      <trkpt lat="47.357481" lon="8.561539">
        <ele>432</ele>
        <time>2024-04-13T03:51:46Z</time>
        <cmt>speed: 0.2</cmt>
      </trkpt>
      <trkpt lat="47.357691" lon="8.561119">
        <ele>397</ele>
        <time>2024-04-13T04:11:42Z</time>
        <cmt>speed: 0.3</cmt>
      </trkpt>
      <trkpt lat="47.357557" lon="8.560314">
        <ele>464</ele>
        <time>2024-04-13T04:21:41Z</time>
        <cmt>speed: 0.4</cmt>
      </trkpt>
      <trkpt lat="47.358691" lon="8.560159">
        <ele>453</ele>
        <time>2024-04-13T04:31:41Z</time>
        <cmt>speed: 0.1</cmt>
      </trkpt>
      <trkpt lat="47.35964" lon="8.5605">
        <ele>489</ele>
        <time>2024-04-13T04:41:48Z</time>
        <cmt>speed: 0.1</cmt>
      </trkpt>
      <trkpt lat="47.35964" lon="8.5605">
        <ele>489</ele>
        <time>2024-04-13T04:41:48Z</time>
      </trkpt>
      <trkpt lat="47.359533" lon="8.560482">
        <ele>449</ele>
        <time>2024-04-13T04:51:46Z</time>
        <cmt>speed: 0.1</cmt>
      </trkpt>
      <trkpt lat="47.359533" lon="8.560482">
        <ele>449</ele>
        <time>2024-04-13T05:01:44Z</time>
      </trkpt>
      <trkpt lat="47.359479" lon="8.560411">
        <ele>383</ele>
        <time>2024-04-13T05:01:45Z</time>
        <cmt>speed: 0.2</cmt>
      </trkpt>
      <trkpt lat="47.359348" lon="8.560382">
        <ele>437</ele>
        <time>2024-04-13T05:12:07Z</time>
        <cmt>speed: 0.8</cmt>
      </trkpt>
      <trkpt lat="47.359583" lon="8.560451">
        <ele>395</ele>
        <time>2024-04-13T05:21:46Z</time>
        <cmt>speed: 0.3</cmt>
      </trkpt>
      <trkpt lat="47.359583" lon="8.560451">
        <ele>395</ele>
        <time>2024-04-13T05:21:46Z</time>
      </trkpt>
      <trkpt lat="47.359605" lon="8.560433">
        <ele>432</ele>
        <time>2024-04-13T05:31:53Z</time>
        <cmt>speed: 0.0</cmt>
      </trkpt>
      <trkpt lat="47.359605" lon="8.560433">
        <ele>432</ele>
        <time>2024-04-13T05:41:48Z</time>
      </trkpt>
      <trkpt lat="47.359663" lon="8.560396">
        <ele>446</ele>
        <time>2024-04-13T05:41:49Z</time>
        <cmt>speed: 0.7</cmt>
      </trkpt>
      <trkpt lat="47.359545" lon="8.560557">
        <ele>478</ele>
        <time>2024-04-13T05:51:56Z</time>
        <cmt>speed: 0.1</cmt>
      </trkpt>
      <trkpt lat="47.358916" lon="8.560014">
        <ele>452</ele>
        <time>2024-04-13T06:01:42Z</time>
        <cmt>speed: 0.4</cmt>
      </trkpt>
      <trkpt lat="47.357824" lon="8.560137">
        <ele>452</ele>
        <time>2024-04-13T06:11:45Z</time>
        <cmt>speed: 0.6</cmt>
      </trkpt>
      <trkpt lat="47.358633" lon="8.561344">
        <ele>446</ele>
        <time>2024-04-13T06:21:42Z</time>
        <cmt>speed: 0.6</cmt>
      </trkpt>
      <trkpt lat="47.357731" lon="8.563196">
        <ele>435</ele>
        <time>2024-04-13T06:31:41Z</time>
        <cmt>speed: 0.4</cmt>
      </trkpt>
      <trkpt lat="47.357731" lon="8.563196">
        <ele>435</ele>
        <time>2024-04-13T06:41:51Z</time>
      </trkpt>
      <trkpt lat="47.357841" lon="8.56321">
        <ele>447</ele>
        <time>2024-04-13T06:41:52Z</time>
        <cmt>speed: 0.2</cmt>
      </trkpt>
      <trkpt lat="47.357841" lon="8.56321">
        <ele>447</ele>
        <time>2024-04-13T07:01:42Z</time>
      </trkpt>
      <trkpt lat="47.357776" lon="8.563316">
        <ele>463</ele>
        <time>2024-04-13T07:01:43Z</time>
        <cmt>speed: 0.1</cmt>
      </trkpt>
      <trkpt lat="47.357691" lon="8.563485">
        <ele>379</ele>
        <time>2024-04-13T07:11:48Z</time>
        <cmt>speed: 0.2</cmt>
      </trkpt>
      <trkpt lat="47.357691" lon="8.563485">
        <ele>379</ele>
        <time>2024-04-13T07:21:46Z</time>
      </trkpt>
      <trkpt lat="47.357818" lon="8.563233">
        <ele>478</ele>
        <time>2024-04-13T07:21:47Z</time>
        <cmt>speed: 1.9</cmt>
      </trkpt>
      <trkpt lat="47.357843" lon="8.563132">
        <ele>456</ele>
        <time>2024-04-13T07:31:44Z</time>
        <cmt>speed: 0.1</cmt>
      </trkpt>
      <trkpt lat="47.359444" lon="8.560239">
        <ele>419</ele>
        <time>2024-04-13T07:51:42Z</time>
        <cmt>speed: 0.7</cmt>
      </trkpt>
      <trkpt lat="47.359502" lon="8.560356">
        <ele>417</ele>
        <time>2024-04-13T08:01:43Z</time>
        <cmt>speed: 0.6</cmt>
      </trkpt>
      <trkpt lat="47.359502" lon="8.560356">
        <ele>417</ele>
        <time>2024-04-13T08:01:43Z</time>
      </trkpt>
      <trkpt lat="47.359444" lon="8.560292">
        <ele>459</ele>
        <time>2024-04-13T08:11:46Z</time>
        <cmt>speed: 0.0</cmt>
      </trkpt>
      <trkpt lat="47.359444" lon="8.560292">
        <ele>459</ele>
        <time>2024-04-13T08:21:43Z</time>
      </trkpt>
      <trkpt lat="47.359426" lon="8.560478">
        <ele>430</ele>
        <time>2024-04-13T08:21:44Z</time>
        <cmt>speed: 0.6</cmt>
      </trkpt>
      <trkpt lat="47.359944" lon="8.560552">
        <ele>456</ele>
        <time>2024-04-13T08:31:45Z</time>
        <cmt>speed: 0.0</cmt>
      </trkpt>
      <trkpt lat="47.359691" lon="8.560578">
        <ele>451</ele>
        <time>2024-04-13T08:39:12Z</time>
        <cmt>speed: 0.2</cmt>
      </trkpt>
      <trkpt lat="47.35968" lon="8.560567">
        <ele>448</ele>
        <time>2024-04-13T08:39:16Z</time>
        <cmt>speed: 0.0</cmt>
      </trkpt>
      <trkpt lat="47.359729" lon="8.560627">
        <ele>459</ele>
        <time>2024-04-13T08:39:20Z</time>
        <cmt>speed: 0.5</cmt>
      </trkpt>
      <trkpt lat="47.359701" lon="8.560622">
        <ele>453</ele>
        <time>2024-04-13T08:39:24Z</time>
        <cmt>speed: 0.4</cmt>
      </trkpt>
      <trkpt lat="47.359683" lon="8.560629">
        <ele>451</ele>
        <time>2024-04-13T08:39:28Z</time>
        <cmt>speed: 0.1</cmt>
      </trkpt>
      <trkpt lat="47.359648" lon="8.560652">
        <ele>449</ele>
        <time>2024-04-13T08:39:32Z</time>
        <cmt>speed: 0.0</cmt>
      </trkpt>
      <trkpt lat="47.359648" lon="8.560652">
        <ele>449</ele>
        <time>2024-04-13T08:39:36Z</time>
        <cmt>speed: 0.0</cmt>
      </trkpt>
      <trkpt lat="47.359648" lon="8.560652">
        <ele>449</ele>
        <time>2024-04-13T08:39:40Z</time>
        <cmt>speed: 0.0</cmt>
      </trkpt>
      <trkpt lat="47.359648" lon="8.560652">
        <ele>449</ele>
        <time>2024-04-13T08:39:44Z</time>
        <cmt>speed: 0.0</cmt>
      </trkpt>
      <trkpt lat="47.359648" lon="8.560652">
        <ele>449</ele>
        <time>2024-04-13T08:39:48Z</time>
        <cmt>speed: 0.0</cmt>
      </trkpt>
      <trkpt lat="47.359648" lon="8.560652">
        <ele>449</ele>
        <time>2024-04-13T08:39:52Z</time>
        <cmt>speed: 0.0</cmt>
      </trkpt>
      <trkpt lat="47.359648" lon="8.560652">
        <ele>449</ele>
        <time>2024-04-13T08:39:56Z</time>
        <cmt>speed: 0.0</cmt>
      </trkpt>
      <trkpt lat="47.359642" lon="8.560654">
        <ele>448</ele>
        <time>2024-04-13T08:40:00Z</time>
        <cmt>speed: 0.6</cmt>
      </trkpt>
      <trkpt lat="47.359538" lon="8.56081">
        <ele>448</ele>
        <time>2024-04-13T08:40:04Z</time>
        <cmt>speed: 2.4</cmt>
      </trkpt>
      <trkpt lat="47.359475" lon="8.560823">
        <ele>448</ele>
        <time>2024-04-13T08:40:08Z</time>
        <cmt>speed: 0.4</cmt>
      </trkpt>
      <trkpt lat="47.359448" lon="8.560824">
        <ele>447</ele>
        <time>2024-04-13T08:40:12Z</time>
        <cmt>speed: 0.0</cmt>
      </trkpt>
      <trkpt lat="47.359483" lon="8.560995">
        <ele>463</ele>
        <time>2024-04-13T08:41:46Z</time>
        <cmt>speed: 0.2</cmt>
      </trkpt>
      <trkpt lat="47.359206" lon="8.560588">
        <ele>448</ele>
        <time>2024-04-13T08:51:43Z</time>
        <cmt>speed: 1.6</cmt>
      </trkpt>
      <trkpt lat="47.359233" lon="8.561358">
        <ele>420</ele>
        <time>2024-04-13T09:01:46Z</time>
        <cmt>speed: 0.6</cmt>
      </trkpt>
      <trkpt lat="47.359959" lon="8.563643">
        <ele>434</ele>
        <time>2024-04-13T09:10:21Z</time>
      </trkpt>
      <trkpt lat="47.359974" lon="8.56367">
        <ele>434</ele>
        <time>2024-04-13T09:24:07Z</time>
      </trkpt>
      <trkpt lat="47.359741" lon="8.563563">
        <ele>448</ele>
        <time>2024-04-13T09:24:25Z</time>
        <cmt>speed: 1.0</cmt>
      </trkpt>
      <trkpt lat="47.359959" lon="8.563643">
        <ele>434</ele>
        <time>2024-04-13T09:26:37Z</time>
      </trkpt>
      <trkpt lat="47.359974" lon="8.56367">
        <ele>434</ele>
        <time>2024-04-13T09:41:37Z</time>
      </trkpt>
      <trkpt lat="47.359246" lon="8.563053">
        <ele>411</ele>
        <time>2024-04-13T18:09:51Z</time>
        <cmt>speed: 0.2</cmt>
      </trkpt>
      <trkpt lat="47.358899" lon="8.561002">
        <ele>422</ele>
        <time>2024-04-13T18:19:45Z</time>
        <cmt>speed: 1.2</cmt>
      </trkpt>
      <trkpt lat="47.358752" lon="8.56222">
        <ele>471</ele>
        <time>2024-04-13T18:29:45Z</time>
        <cmt>speed: 0.2</cmt>
      </trkpt>
      <trkpt lat="47.360537" lon="8.56311">
        <ele>430</ele>
        <time>2024-04-13T18:39:44Z</time>
        <cmt>speed: 2.5</cmt>
      </trkpt>
      <trkpt lat="47.359974" lon="8.56367">
        <ele>434</ele>
        <time>2024-04-13T18:42:20Z</time>
      </trkpt>
      <trkpt lat="47.359974" lon="8.56367">
        <ele>434</ele>
        <time>2024-04-13T18:57:20Z</time>
      </trkpt>
      <trkpt lat="47.359089" lon="8.562367">
        <ele>467</ele>
        <time>2024-04-13T19:07:42Z</time>
        <cmt>speed: 0.6</cmt>
      </trkpt>
      <trkpt lat="47.358118" lon="8.562469">
        <ele>473</ele>
        <time>2024-04-13T19:17:41Z</time>
        <cmt>speed: 0.9</cmt>
      </trkpt>
      <trkpt lat="47.358118" lon="8.562469">
        <ele>473</ele>
        <time>2024-04-13T19:17:53Z</time>
      </trkpt>
      <trkpt lat="47.358017" lon="8.562734">
        <ele>438</ele>
        <time>2024-04-13T19:27:41Z</time>
        <cmt>speed: 0.9</cmt>
      </trkpt>
      <trkpt lat="47.358359" lon="8.56347">
        <ele>473</ele>
        <time>2024-04-13T19:37:39Z</time>
        <cmt>speed: 0.3</cmt>
      </trkpt>
      <trkpt lat="47.358231" lon="8.563629">
        <ele>443</ele>
        <time>2024-04-13T19:47:39Z</time>
        <cmt>speed: 0.1</cmt>
      </trkpt>
      <trkpt lat="47.358231" lon="8.563629">
        <ele>443</ele>
        <time>2024-04-13T19:57:38Z</time>
      </trkpt>
      <trkpt lat="47.358334" lon="8.563611">
        <ele>451</ele>
        <time>2024-04-13T19:57:41Z</time>
        <cmt>speed: 0.1</cmt>
      </trkpt>
      <trkpt lat="47.358367" lon="8.563611">
        <ele>438</ele>
        <time>2024-04-13T20:07:41Z</time>
        <cmt>speed: 0.1</cmt>
      </trkpt>
      <trkpt lat="47.358367" lon="8.563611">
        <ele>438</ele>
        <time>2024-04-13T20:17:37Z</time>
      </trkpt>
      <trkpt lat="47.358342" lon="8.563783">
        <ele>453</ele>
        <time>2024-04-13T20:18:21Z</time>
        <cmt>speed: 1.1</cmt>
      </trkpt>
      <trkpt lat="47.358343" lon="8.563617">
        <ele>437</ele>
        <time>2024-04-13T20:28:18Z</time>
        <cmt>speed: 0.5</cmt>
      </trkpt>
      <trkpt lat="47.358343" lon="8.563617">
        <ele>437</ele>
        <time>2024-04-13T20:38:16Z</time>
      </trkpt>
      <trkpt lat="47.358313" lon="8.563581">
        <ele>444</ele>
        <time>2024-04-13T20:38:18Z</time>
        <cmt>speed: 0.1</cmt>
      </trkpt>
      <trkpt lat="47.358288" lon="8.563658">
        <ele>430</ele>
        <time>2024-04-13T20:48:18Z</time>
        <cmt>speed: 0.1</cmt>
      </trkpt>
      <trkpt lat="47.358288" lon="8.563658">
        <ele>430</ele>
        <time>2024-04-13T20:57:37Z</time>
      </trkpt>
      <trkpt lat="47.358337" lon="8.563662">
        <ele>472</ele>
        <time>2024-04-13T21:14:51Z</time>
        <cmt>speed: 0.0</cmt>
      </trkpt>
      <trkpt lat="47.359959" lon="8.563643">
        <ele>434</ele>
        <time>2024-04-13T21:24:48Z</time>
      </trkpt>
      <trkpt lat="47.359959" lon="8.563643">
        <ele>434</ele>
        <time>2024-04-13T21:39:48Z</time>
      </trkpt>
      <trkpt lat="47.359959" lon="8.563643">
        <ele>434</ele>
        <time>2024-04-14T03:49:29Z</time>
      </trkpt>
      <trkpt lat="47.359264" lon="8.560054">
        <ele>436</ele>
        <time>2024-04-14T03:59:43Z</time>
        <cmt>speed: 0.0</cmt>
      </trkpt>
      <trkpt lat="47.358271" lon="8.560535">
        <ele>446</ele>
        <time>2024-04-14T04:09:38Z</time>
        <cmt>speed: 1.1</cmt>
      </trkpt>
      <trkpt lat="47.357444" lon="8.562075">
        <ele>444</ele>
        <time>2024-04-14T04:19:38Z</time>
        <cmt>speed: 0.0</cmt>
      </trkpt>
      <trkpt lat="47.357444" lon="8.562075">
        <ele>444</ele>
        <time>2024-04-14T04:29:34Z</time>
      </trkpt>
      <trkpt lat="47.358038" lon="8.562143">
        <ele>425</ele>
        <time>2024-04-14T04:29:36Z</time>
        <cmt>speed: 0.0</cmt>
      </trkpt>
      <trkpt lat="47.357839" lon="8.562784">
        <ele>450</ele>
        <time>2024-04-14T04:39:48Z</time>
        <cmt>speed: 0.3</cmt>
      </trkpt>
      <trkpt lat="47.357768" lon="8.563115">
        <ele>448</ele>
        <time>2024-04-14T04:49:37Z</time>
        <cmt>speed: 0.1</cmt>
      </trkpt>
      <trkpt lat="47.358035" lon="8.563028">
        <ele>449</ele>
        <time>2024-04-14T04:59:38Z</time>
        <cmt>speed: 0.7</cmt>
      </trkpt>
      <trkpt lat="47.35822" lon="8.56271">
        <ele>467</ele>
        <time>2024-04-14T05:09:36Z</time>
        <cmt>speed: 1.0</cmt>
      </trkpt>
      <trkpt lat="47.358103" lon="8.562656">
        <ele>475</ele>
        <time>2024-04-14T05:19:39Z</time>
        <cmt>speed: 0.5</cmt>
      </trkpt>
      <trkpt lat="47.358171" lon="8.561486">
        <ele>466</ele>
        <time>2024-04-14T05:29:42Z</time>
        <cmt>speed: 1.1</cmt>
      </trkpt>
      <trkpt lat="47.359273" lon="8.560241">
        <ele>448</ele>
        <time>2024-04-14T05:39:37Z</time>
        <cmt>speed: 0.3</cmt>
      </trkpt>
      <trkpt lat="47.359508" lon="8.560254">
        <ele>460</ele>
        <time>2024-04-14T05:49:37Z</time>
        <cmt>speed: 0.3</cmt>
      </trkpt>
      <trkpt lat="47.359433" lon="8.560278">
        <ele>431</ele>
        <time>2024-04-14T05:59:38Z</time>
        <cmt>speed: 1.8</cmt>
      </trkpt>
      <trkpt lat="47.359433" lon="8.560278">
        <ele>431</ele>
        <time>2024-04-14T06:09:41Z</time>
      </trkpt>
      <trkpt lat="47.358977" lon="8.559504">
        <ele>401</ele>
        <time>2024-04-14T06:09:45Z</time>
        <cmt>speed: 0.2</cmt>
      </trkpt>
      <trkpt lat="47.358787" lon="8.559675">
        <ele>428</ele>
        <time>2024-04-14T06:19:37Z</time>
        <cmt>speed: 1.2</cmt>
      </trkpt>
      <trkpt lat="47.358106" lon="8.55941">
        <ele>435</ele>
        <time>2024-04-14T06:29:42Z</time>
        <cmt>speed: 0.8</cmt>
      </trkpt>
      <trkpt lat="47.358685" lon="8.558198">
        <ele>405</ele>
        <time>2024-04-14T06:39:38Z</time>
        <cmt>speed: 1.4</cmt>
      </trkpt>
      <trkpt lat="47.357994" lon="8.55809">
        <ele>415</ele>
        <time>2024-04-14T06:49:55Z</time>
        <cmt>speed: 0.0</cmt>
      </trkpt>
      <trkpt lat="47.357758" lon="8.559045">
        <ele>442</ele>
        <time>2024-04-14T07:09:40Z</time>
        <cmt>speed: 0.2</cmt>
      </trkpt>
      <trkpt lat="47.35862" lon="8.560227">
        <ele>396</ele>
        <time>2024-04-14T07:19:36Z</time>
        <cmt>speed: 1.4</cmt>
      </trkpt>
      <trkpt lat="47.359148" lon="8.560705">
        <ele>483</ele>
        <time>2024-04-14T07:29:37Z</time>
        <cmt>speed: 0.4</cmt>
      </trkpt>
      <trkpt lat="47.35783" lon="8.562137">
        <ele>439</ele>
        <time>2024-04-14T07:39:38Z</time>
        <cmt>speed: 1.2</cmt>
      </trkpt>
      <trkpt lat="47.357927" lon="8.562725">
        <ele>470</ele>
        <time>2024-04-14T07:49:36Z</time>
        <cmt>speed: 0.8</cmt>
      </trkpt>
      <trkpt lat="47.358049" lon="8.562616">
        <ele>435</ele>
        <time>2024-04-14T07:59:38Z</time>
        <cmt>speed: 0.6</cmt>
      </trkpt>
      <trkpt lat="47.359144" lon="8.560821">
        <ele>443</ele>
        <time>2024-04-14T08:09:37Z</time>
        <cmt>speed: 0.0</cmt>
      </trkpt>
      <trkpt lat="47.359372" lon="8.560156">
        <ele>429</ele>
        <time>2024-04-14T08:19:35Z</time>
        <cmt>speed: 1.2</cmt>
      </trkpt>
      <trkpt lat="47.358665" lon="8.559921">
        <ele>433</ele>
        <time>2024-04-14T08:29:35Z</time>
        <cmt>speed: 1.3</cmt>
      </trkpt>
      <trkpt lat="47.357937" lon="8.560259">
        <ele>440</ele>
        <time>2024-04-14T08:39:36Z</time>
        <cmt>speed: 1.4</cmt>
      </trkpt>
      <trkpt lat="47.357936" lon="8.560232">
        <ele>407</ele>
        <time>2024-04-14T08:49:41Z</time>
        <cmt>speed: 0.1</cmt>
      </trkpt>
      <trkpt lat="47.358363" lon="8.560341">
        <ele>452</ele>
        <time>2024-04-14T09:29:43Z</time>
        <cmt>speed: 1.3</cmt>
      </trkpt>
      <trkpt lat="47.357624" lon="8.560179">
        <ele>421</ele>
        <time>2024-04-14T10:22:35Z</time>
        <cmt>speed: 0.5</cmt>
      </trkpt>
      <trkpt lat="47.357783" lon="8.560361">
        <ele>443</ele>
        <time>2024-04-14T11:02:19Z</time>
        <cmt>speed: 0.8</cmt>
      </trkpt>
      <trkpt lat="47.358305" lon="8.559717">
        <ele>467</ele>
        <time>2024-04-14T11:12:17Z</time>
        <cmt>speed: 0.1</cmt>
      </trkpt>
      <trkpt lat="47.358641" lon="8.560305">
        <ele>441</ele>
        <time>2024-04-14T11:22:16Z</time>
        <cmt>speed: 0.9</cmt>
      </trkpt>
      <trkpt lat="47.358046" lon="8.562481">
        <ele>426</ele>
        <time>2024-04-14T11:42:26Z</time>
        <cmt>speed: 0.6</cmt>
      </trkpt>
      <trkpt lat="47.357969" lon="8.562635">
        <ele>461</ele>
        <time>2024-04-14T11:52:17Z</time>
        <cmt>speed: 0.1</cmt>
      </trkpt>
      <trkpt lat="47.357969" lon="8.562635">
        <ele>461</ele>
        <time>2024-04-14T11:52:18Z</time>
      </trkpt>
      <trkpt lat="47.358445" lon="8.562894">
        <ele>447</ele>
        <time>2024-04-14T12:02:18Z</time>
        <cmt>speed: 1.1</cmt>
      </trkpt>
      <trkpt lat="47.359237" lon="8.562794">
        <ele>455</ele>
        <time>2024-04-14T12:12:15Z</time>
        <cmt>speed: 0.7</cmt>
      </trkpt>
      <trkpt lat="47.359237" lon="8.562794">
        <ele>455</ele>
        <time>2024-04-14T12:12:16Z</time>
      </trkpt>
      <trkpt lat="47.359057" lon="8.562826">
        <ele>450</ele>
        <time>2024-04-14T12:22:15Z</time>
        <cmt>speed: 0.4</cmt>
      </trkpt>
      <trkpt lat="47.360029" lon="8.562023">
        <ele>449</ele>
        <time>2024-04-14T12:32:15Z</time>
        <cmt>speed: 0.1</cmt>
      </trkpt>
      <trkpt lat="47.359959" lon="8.563643">
        <ele>434</ele>
        <time>2024-04-14T12:37:46Z</time>
      </trkpt>
      <trkpt lat="47.359959" lon="8.563643">
        <ele>434</ele>
        <time>2024-04-14T12:40:16Z</time>
      </trkpt>
      <trkpt lat="47.359959" lon="8.563643">
        <ele>434</ele>
        <time>2024-04-14T12:50:16Z</time>
      </trkpt>
      <trkpt lat="47.359959" lon="8.563643">
        <ele>434</ele>
        <time>2024-04-14T13:00:16Z</time>
      </trkpt>
      <trkpt lat="47.359959" lon="8.563643">
        <ele>434</ele>
        <time>2024-04-14T13:10:16Z</time>
      </trkpt>
      <trkpt lat="47.359959" lon="8.563643">
        <ele>434</ele>
        <time>2024-04-14T13:20:16Z</time>
      </trkpt>
      <trkpt lat="47.359959" lon="8.563643">
        <ele>434</ele>
        <time>2024-04-14T13:30:16Z</time>
      </trkpt>
      <trkpt lat="47.359959" lon="8.563643">
        <ele>434</ele>
        <time>2024-04-14T13:40:16Z</time>
      </trkpt>
      <trkpt lat="47.359959" lon="8.563643">
        <ele>434</ele>
        <time>2024-04-14T13:50:16Z</time>
      </trkpt>
      <trkpt lat="47.359959" lon="8.563643">
        <ele>434</ele>
        <time>2024-04-14T14:00:16Z</time>
      </trkpt>
      <trkpt lat="47.359959" lon="8.563643">
        <ele>434</ele>
        <time>2024-04-14T14:10:16Z</time>
      </trkpt>
      <trkpt lat="47.359959" lon="8.563643">
        <ele>434</ele>
        <time>2024-04-14T14:20:16Z</time>
      </trkpt>
      <trkpt lat="47.359959" lon="8.563643">
        <ele>434</ele>
        <time>2024-04-14T14:30:16Z</time>
      </trkpt>
      <trkpt lat="47.359959" lon="8.563643">
        <ele>434</ele>
        <time>2024-04-14T14:40:16Z</time>
      </trkpt>
      <trkpt lat="47.359959" lon="8.563643">
        <ele>434</ele>
        <time>2024-04-14T14:42:40Z</time>
      </trkpt>
      <trkpt lat="47.359959" lon="8.563643">
        <ele>434</ele>
        <time>2024-04-14T14:44:55Z</time>
      </trkpt>
      <trkpt lat="47.360216" lon="8.564651">
        <ele>401</ele>
        <time>2024-04-14T16:18:17Z</time>
        <cmt>speed: 2.4</cmt>
      </trkpt>
      <trkpt lat="47.359959" lon="8.563643">
        <ele>434</ele>
        <time>2024-04-14T16:20:40Z</time>
      </trkpt>
      <trkpt lat="47.359974" lon="8.56367">
        <ele>434</ele>
        <time>2024-04-14T16:32:38Z</time>
      </trkpt>
      <trkpt lat="47.359493" lon="8.563535">
        <ele>425</ele>
        <time>2024-04-14T16:32:42Z</time>
        <cmt>speed: 0.2</cmt>
      </trkpt>
      <trkpt lat="47.359959" lon="8.563643">
        <ele>434</ele>
        <time>2024-04-14T16:35:08Z</time>
      </trkpt>
      <trkpt lat="47.35993" lon="8.563606">
        <ele>433</ele>
        <time>2024-04-14T16:42:27Z</time>
        <cmt>speed: 0.4</cmt>
      </trkpt>
      <trkpt lat="47.359974" lon="8.56367">
        <ele>434</ele>
        <time>2024-04-14T16:44:54Z</time>
      </trkpt>
      <trkpt lat="47.359875" lon="8.563162">
        <ele>441</ele>
        <time>2024-04-14T16:46:44Z</time>
        <cmt>speed: 0.1</cmt>
      </trkpt>
      <trkpt lat="47.359115" lon="8.56308">
        <ele>430</ele>
        <time>2024-04-14T16:56:46Z</time>
        <cmt>speed: 0.7</cmt>
      </trkpt>
      <trkpt lat="47.358966" lon="8.563">
        <ele>415</ele>
        <time>2024-04-14T17:06:43Z</time>
        <cmt>speed: 0.2</cmt>
      </trkpt>
      <trkpt lat="47.358966" lon="8.563">
        <ele>415</ele>
        <time>2024-04-14T17:06:44Z</time>
      </trkpt>
      <trkpt lat="47.358929" lon="8.562307">
        <ele>431</ele>
        <time>2024-04-14T17:16:42Z</time>
        <cmt>speed: 0.0</cmt>
      </trkpt>
      <trkpt lat="47.35898" lon="8.562155">
        <ele>456</ele>
        <time>2024-04-14T17:26:44Z</time>
        <cmt>speed: 0.0</cmt>
      </trkpt>
      <trkpt lat="47.35898" lon="8.562155">
        <ele>456</ele>
        <time>2024-04-14T17:26:44Z</time>
      </trkpt>
      <trkpt lat="47.358449" lon="8.562299">
        <ele>414</ele>
        <time>2024-04-14T17:36:42Z</time>
        <cmt>speed: 0.2</cmt>
      </trkpt>
      <trkpt lat="47.358555" lon="8.561154">
        <ele>440</ele>
        <time>2024-04-14T17:46:42Z</time>
        <cmt>speed: 0.5</cmt>
      </trkpt>
      <trkpt lat="47.358514" lon="8.562642">
        <ele>407</ele>
        <time>2024-04-14T17:56:43Z</time>
        <cmt>speed: 0.0</cmt>
      </trkpt>
      <trkpt lat="47.358396" lon="8.562789">
        <ele>453</ele>
        <time>2024-04-14T18:06:42Z</time>
        <cmt>speed: 2.1</cmt>
      </trkpt>
      <trkpt lat="47.358046" lon="8.562691">
        <ele>429</ele>
        <time>2024-04-14T18:16:43Z</time>
        <cmt>speed: 0.4</cmt>
      </trkpt>
      <trkpt lat="47.359134" lon="8.561449">
        <ele>431</ele>
        <time>2024-04-14T18:26:46Z</time>
        <cmt>speed: 0.2</cmt>
      </trkpt>
      <trkpt lat="47.359134" lon="8.561449">
        <ele>431</ele>
        <time>2024-04-14T18:26:46Z</time>
      </trkpt>
      <trkpt lat="47.358732" lon="8.561794">
        <ele>414</ele>
        <time>2024-04-14T18:46:42Z</time>
        <cmt>speed: 0.9</cmt>
      </trkpt>
      <trkpt lat="47.358709" lon="8.561386">
        <ele>454</ele>
        <time>2024-04-14T18:56:43Z</time>
        <cmt>speed: 0.6</cmt>
      </trkpt>
      <trkpt lat="47.359174" lon="8.561284">
        <ele>451</ele>
        <time>2024-04-14T19:06:45Z</time>
        <cmt>speed: 0.4</cmt>
      </trkpt>
      <trkpt lat="47.359632" lon="8.561742">
        <ele>433</ele>
        <time>2024-04-14T19:16:44Z</time>
        <cmt>speed: 0.4</cmt>
      </trkpt>
      <trkpt lat="47.359444" lon="8.562879">
        <ele>439</ele>
        <time>2024-04-14T19:26:46Z</time>
        <cmt>speed: 2.4</cmt>
      </trkpt>
      <trkpt lat="47.358781" lon="8.563101">
        <ele>485</ele>
        <time>2024-04-14T19:36:44Z</time>
        <cmt>speed: 0.0</cmt>
      </trkpt>
      <trkpt lat="47.358781" lon="8.563101">
        <ele>485</ele>
        <time>2024-04-14T19:46:43Z</time>
      </trkpt>
      <trkpt lat="47.358845" lon="8.562914">
        <ele>491</ele>
        <time>2024-04-14T19:46:44Z</time>
        <cmt>speed: 1.6</cmt>
      </trkpt>
      <trkpt lat="47.358994" lon="8.562535">
        <ele>380</ele>
        <time>2024-04-14T19:56:42Z</time>
        <cmt>speed: 0.2</cmt>
      </trkpt>
      <trkpt lat="47.359517" lon="8.562724">
        <ele>388</ele>
        <time>2024-04-14T20:06:42Z</time>
        <cmt>speed: 0.9</cmt>
      </trkpt>
      <trkpt lat="47.359517" lon="8.562724">
        <ele>388</ele>
        <time>2024-04-14T20:06:42Z</time>
      </trkpt>
      <trkpt lat="47.359042" lon="8.562582">
        <ele>430</ele>
        <time>2024-04-14T20:16:52Z</time>
        <cmt>speed: 0.0</cmt>
      </trkpt>
      <trkpt lat="47.358998" lon="8.562515">
        <ele>429</ele>
        <time>2024-04-14T20:26:43Z</time>
        <cmt>speed: 0.5</cmt>
      </trkpt>
      <trkpt lat="47.358998" lon="8.562515">
        <ele>429</ele>
        <time>2024-04-14T20:26:43Z</time>
      </trkpt>
      <trkpt lat="47.359062" lon="8.562527">
        <ele>461</ele>
        <time>2024-04-14T20:36:42Z</time>
        <cmt>speed: 1.6</cmt>
      </trkpt>
      <trkpt lat="47.358856" lon="8.562568">
        <ele>423</ele>
        <time>2024-04-14T20:46:43Z</time>
        <cmt>speed: 1.9</cmt>
      </trkpt>
      <trkpt lat="47.358856" lon="8.562568">
        <ele>423</ele>
        <time>2024-04-14T20:46:43Z</time>
      </trkpt>
      <trkpt lat="47.359339" lon="8.562005">
        <ele>422</ele>
        <time>2024-04-14T20:56:43Z</time>
        <cmt>speed: 3.0</cmt>
      </trkpt>
      <trkpt lat="47.358615" lon="8.560754">
        <ele>433</ele>
        <time>2024-04-14T21:16:46Z</time>
        <cmt>speed: 0.5</cmt>
      </trkpt>
      <trkpt lat="47.357421" lon="8.561358">
        <ele>454</ele>
        <time>2024-04-14T21:26:45Z</time>
        <cmt>speed: 0.6</cmt>
      </trkpt>
      <trkpt lat="47.357625" lon="8.561276">
        <ele>446</ele>
        <time>2024-04-14T21:36:49Z</time>
        <cmt>speed: 0.3</cmt>
      </trkpt>
      <trkpt lat="47.358574" lon="8.561766">
        <ele>422</ele>
        <time>2024-04-14T21:46:44Z</time>
        <cmt>speed: 0.6</cmt>
      </trkpt>
      <trkpt lat="47.359974" lon="8.56367">
        <ele>434</ele>
        <time>2024-04-14T21:56:42Z</time>
      </trkpt>
      <trkpt lat="47.359974" lon="8.56367">
        <ele>434</ele>
        <time>2024-04-14T22:11:42Z</time>
      </trkpt>
      <trkpt lat="47.359974" lon="8.56367">
        <ele>434</ele>
        <time>2024-04-15T10:11:40Z</time>
      </trkpt>
      <trkpt lat="47.36001" lon="8.562798">
        <ele>415</ele>
        <time>2024-04-15T18:54:26Z</time>
        <cmt>speed: 0.9</cmt>
      </trkpt>
      <trkpt lat="47.357951" lon="8.56155">
        <ele>480</ele>
        <time>2024-04-15T19:04:12Z</time>
        <cmt>speed: 0.7</cmt>
      </trkpt>
      <trkpt lat="47.358232" lon="8.562631">
        <ele>428</ele>
        <time>2024-04-15T19:14:10Z</time>
        <cmt>speed: 0.2</cmt>
      </trkpt>
      <trkpt lat="47.358559" lon="8.563281">
        <ele>458</ele>
        <time>2024-04-15T19:24:08Z</time>
        <cmt>speed: 0.8</cmt>
      </trkpt>
      <trkpt lat="47.358559" lon="8.563281">
        <ele>458</ele>
        <time>2024-04-15T19:34:05Z</time>
      </trkpt>
      <trkpt lat="47.358992" lon="8.56246">
        <ele>423</ele>
        <time>2024-04-15T19:34:08Z</time>
        <cmt>speed: 0.4</cmt>
      </trkpt>
      <trkpt lat="47.359263" lon="8.562499">
        <ele>456</ele>
        <time>2024-04-15T19:44:10Z</time>
        <cmt>speed: 0.4</cmt>
      </trkpt>
      <trkpt lat="47.35849" lon="8.563898">
        <ele>461</ele>
        <time>2024-04-15T19:54:08Z</time>
        <cmt>speed: 0.2</cmt>
      </trkpt>
      <trkpt lat="47.358501" lon="8.564545">
        <ele>454</ele>
        <time>2024-04-15T20:04:08Z</time>
        <cmt>speed: 0.6</cmt>
      </trkpt>
      <trkpt lat="47.358501" lon="8.564545">
        <ele>454</ele>
        <time>2024-04-15T20:14:05Z</time>
      </trkpt>
      <trkpt lat="47.358376" lon="8.56466">
        <ele>454</ele>
        <time>2024-04-15T20:14:09Z</time>
        <cmt>speed: 0.5</cmt>
      </trkpt>
      <trkpt lat="47.358287" lon="8.56394">
        <ele>456</ele>
        <time>2024-04-15T20:24:10Z</time>
        <cmt>speed: 0.4</cmt>
      </trkpt>
      <trkpt lat="47.358287" lon="8.56394">
        <ele>456</ele>
        <time>2024-04-15T20:34:04Z</time>
      </trkpt>
      <trkpt lat="47.358373" lon="8.563559">
        <ele>448</ele>
        <time>2024-04-15T20:34:08Z</time>
        <cmt>speed: 0.3</cmt>
      </trkpt>
      <trkpt lat="47.358473" lon="8.563806">
        <ele>452</ele>
        <time>2024-04-15T20:44:09Z</time>
        <cmt>speed: 0.2</cmt>
      </trkpt>
      <trkpt lat="47.358224" lon="8.56363">
        <ele>454</ele>
        <time>2024-04-15T20:54:08Z</time>
        <cmt>speed: 0.0</cmt>
      </trkpt>
      <trkpt lat="47.358956" lon="8.565206">
        <ele>427</ele>
        <time>2024-04-15T21:04:13Z</time>
        <cmt>speed: 0.0</cmt>
      </trkpt>
      <trkpt lat="47.358926" lon="8.566595">
        <ele>449</ele>
        <time>2024-04-15T21:14:09Z</time>
        <cmt>speed: 0.4</cmt>
      </trkpt>
      <trkpt lat="47.358726" lon="8.565985">
        <ele>437</ele>
        <time>2024-04-15T21:24:11Z</time>
        <cmt>speed: 0.2</cmt>
      </trkpt>
      <trkpt lat="47.358938" lon="8.566946">
        <ele>448</ele>
        <time>2024-04-15T21:34:09Z</time>
        <cmt>speed: 0.5</cmt>
      </trkpt>
      <trkpt lat="47.358418" lon="8.565987">
        <ele>451</ele>
        <time>2024-04-15T21:44:09Z</time>
        <cmt>speed: 1.2</cmt>
      </trkpt>
      <trkpt lat="47.358405" lon="8.564852">
        <ele>485</ele>
        <time>2024-04-15T21:54:09Z</time>
        <cmt>speed: 5.3</cmt>
      </trkpt>
      <trkpt lat="47.35783" lon="8.563205">
        <ele>438</ele>
        <time>2024-04-15T22:04:10Z</time>
        <cmt>speed: 0.6</cmt>
      </trkpt>
      <trkpt lat="47.35946" lon="8.560088">
        <ele>425</ele>
        <time>2024-04-15T22:14:12Z</time>
        <cmt>speed: 0.7</cmt>
      </trkpt>
      <trkpt lat="47.359924" lon="8.561678">
        <ele>428</ele>
        <time>2024-04-15T22:24:27Z</time>
        <cmt>speed: 0.5</cmt>
      </trkpt>
      <trkpt lat="47.359659" lon="8.561999">
        <ele>462</ele>
        <time>2024-04-15T22:34:14Z</time>
        <cmt>speed: 0.1</cmt>
      </trkpt>
      <trkpt lat="47.359715" lon="8.56219">
        <ele>405</ele>
        <time>2024-04-15T22:44:19Z</time>
        <cmt>speed: 0.1</cmt>
      </trkpt>
      <trkpt lat="47.359192" lon="8.562987">
        <ele>446</ele>
        <time>2024-04-15T22:54:09Z</time>
        <cmt>speed: 3.1</cmt>
      </trkpt>
      <trkpt lat="47.358728" lon="8.566322">
        <ele>415</ele>
        <time>2024-04-15T23:04:10Z</time>
        <cmt>speed: 0.1</cmt>
      </trkpt>
      <trkpt lat="47.358744" lon="8.566303">
        <ele>425</ele>
        <time>2024-04-15T23:14:11Z</time>
        <cmt>speed: 0.0</cmt>
      </trkpt>
      <trkpt lat="47.357934" lon="8.566047">
        <ele>470</ele>
        <time>2024-04-15T23:24:13Z</time>
        <cmt>speed: 0.3</cmt>
      </trkpt>
      <trkpt lat="47.356851" lon="8.565738">
        <ele>430</ele>
        <time>2024-04-15T23:34:11Z</time>
        <cmt>speed: 0.0</cmt>
      </trkpt>
      <trkpt lat="47.357096" lon="8.563292">
        <ele>451</ele>
        <time>2024-04-15T23:44:09Z</time>
        <cmt>speed: 0.4</cmt>
      </trkpt>
      <trkpt lat="47.357096" lon="8.563292">
        <ele>451</ele>
        <time>2024-04-15T23:54:06Z</time>
      </trkpt>
      <trkpt lat="47.357041" lon="8.563055">
        <ele>450</ele>
        <time>2024-04-15T23:54:10Z</time>
        <cmt>speed: 0.4</cmt>
      </trkpt>
      <trkpt lat="47.357066" lon="8.563176">
        <ele>435</ele>
        <time>2024-04-16T00:04:09Z</time>
        <cmt>speed: 1.7</cmt>
      </trkpt>
      <trkpt lat="47.357066" lon="8.563176">
        <ele>435</ele>
        <time>2024-04-16T00:14:06Z</time>
      </trkpt>
      <trkpt lat="47.35705" lon="8.562983">
        <ele>427</ele>
        <time>2024-04-16T00:14:11Z</time>
        <cmt>speed: 0.1</cmt>
      </trkpt>
      <trkpt lat="47.357236" lon="8.56281">
        <ele>456</ele>
        <time>2024-04-16T00:24:10Z</time>
        <cmt>speed: 0.4</cmt>
      </trkpt>
      <trkpt lat="47.357236" lon="8.56281">
        <ele>456</ele>
        <time>2024-04-16T00:34:04Z</time>
      </trkpt>
      <trkpt lat="47.356914" lon="8.563182">
        <ele>432</ele>
        <time>2024-04-16T00:34:09Z</time>
        <cmt>speed: 0.9</cmt>
      </trkpt>
      <trkpt lat="47.357053" lon="8.563143">
        <ele>386</ele>
        <time>2024-04-16T00:44:09Z</time>
        <cmt>speed: 0.7</cmt>
      </trkpt>
      <trkpt lat="47.357053" lon="8.563143">
        <ele>386</ele>
        <time>2024-04-16T00:54:06Z</time>
      </trkpt>
      <trkpt lat="47.356945" lon="8.563112">
        <ele>417</ele>
        <time>2024-04-16T00:54:11Z</time>
        <cmt>speed: 0.3</cmt>
      </trkpt>
      <trkpt lat="47.357054" lon="8.563093">
        <ele>438</ele>
        <time>2024-04-16T01:04:10Z</time>
        <cmt>speed: 0.5</cmt>
      </trkpt>
      <trkpt lat="47.357054" lon="8.563093">
        <ele>438</ele>
        <time>2024-04-16T01:14:04Z</time>
      </trkpt>
      <trkpt lat="47.357041" lon="8.563176">
        <ele>428</ele>
        <time>2024-04-16T01:14:09Z</time>
        <cmt>speed: 1.5</cmt>
      </trkpt>
      <trkpt lat="47.357946" lon="8.561103">
        <ele>448</ele>
        <time>2024-04-16T01:24:12Z</time>
        <cmt>speed: 0.9</cmt>
      </trkpt>
      <trkpt lat="47.360454" lon="8.563031">
        <ele>429</ele>
        <time>2024-04-16T01:34:12Z</time>
        <cmt>speed: 1.9</cmt>
      </trkpt>
      <trkpt lat="47.359974" lon="8.56367">
        <ele>434</ele>
        <time>2024-04-16T01:37:38Z</time>
      </trkpt>
      <trkpt lat="47.359974" lon="8.56367">
        <ele>434</ele>
        <time>2024-04-16T01:52:38Z</time>
      </trkpt>
      <trkpt lat="47.359974" lon="8.56367">
        <ele>434</ele>
        <time>2024-04-16T12:12:36Z</time>
      </trkpt>
      <trkpt lat="47.359761" lon="8.561532">
        <ele>434</ele>
        <time>2024-04-16T12:23:07Z</time>
        <cmt>speed: 0.1</cmt>
      </trkpt>
      <trkpt lat="47.359194" lon="8.559374">
        <ele>444</ele>
        <time>2024-04-16T12:32:49Z</time>
        <cmt>speed: 0.6</cmt>
      </trkpt>
      <trkpt lat="47.358133" lon="8.559968">
        <ele>464</ele>
        <time>2024-04-16T12:42:50Z</time>
        <cmt>speed: 0.8</cmt>
      </trkpt>
      <trkpt lat="47.35763" lon="8.559843">
        <ele>449</ele>
        <time>2024-04-16T12:52:48Z</time>
        <cmt>speed: 0.6</cmt>
      </trkpt>
      <trkpt lat="47.35763" lon="8.559843">
        <ele>449</ele>
        <time>2024-04-16T13:02:43Z</time>
      </trkpt>
      <trkpt lat="47.357944" lon="8.560097">
        <ele>470</ele>
        <time>2024-04-16T13:02:50Z</time>
        <cmt>speed: 0.0</cmt>
      </trkpt>
      <trkpt lat="47.35799" lon="8.559867">
        <ele>408</ele>
        <time>2024-04-16T13:12:45Z</time>
        <cmt>speed: 0.2</cmt>
      </trkpt>
      <trkpt lat="47.358329" lon="8.560882">
        <ele>422</ele>
        <time>2024-04-16T13:22:48Z</time>
        <cmt>speed: 0.6</cmt>
      </trkpt>
      <trkpt lat="47.357705" lon="8.56323">
        <ele>452</ele>
        <time>2024-04-16T13:32:51Z</time>
        <cmt>speed: 0.5</cmt>
      </trkpt>
      <trkpt lat="47.356919" lon="8.563528">
        <ele>405</ele>
        <time>2024-04-16T13:42:47Z</time>
        <cmt>speed: 0.1</cmt>
      </trkpt>
      <trkpt lat="47.356994" lon="8.56308">
        <ele>482</ele>
        <time>2024-04-16T13:52:47Z</time>
        <cmt>speed: 0.8</cmt>
      </trkpt>
      <trkpt lat="47.356896" lon="8.563215">
        <ele>445</ele>
        <time>2024-04-16T14:02:46Z</time>
        <cmt>speed: 0.9</cmt>
      </trkpt>
      <trkpt lat="47.359974" lon="8.56367">
        <ele>434</ele>
        <time>2024-04-16T16:14:54Z</time>
      </trkpt>
      <trkpt lat="47.359974" lon="8.56367">
        <ele>434</ele>
        <time>2024-04-16T16:29:54Z</time>
      </trkpt>
      <trkpt lat="47.359974" lon="8.56367">
        <ele>434</ele>
        <time>2024-04-16T17:49:40Z</time>
      </trkpt>
      <trkpt lat="47.359959" lon="8.563643">
        <ele>434</ele>
        <time>2024-04-16T17:54:40Z</time>
      </trkpt>
      <trkpt lat="47.359959" lon="8.563643">
        <ele>434</ele>
        <time>2024-04-16T18:09:40Z</time>
      </trkpt>
      <trkpt lat="47.359959" lon="8.563643">
        <ele>434</ele>
        <time>2024-04-17T06:09:38Z</time>
      </trkpt>
      <trkpt lat="47.359959" lon="8.563643">
        <ele>434</ele>
        <time>2024-04-17T10:59:30Z</time>
      </trkpt>
      <trkpt lat="47.359959" lon="8.563643">
        <ele>434</ele>
        <time>2024-04-17T11:00:04Z</time>
      </trkpt>
      <trkpt lat="47.359974" lon="8.56367">
        <ele>434</ele>
        <time>2024-04-17T11:00:09Z</time>
      </trkpt>
      <trkpt lat="47.359974" lon="8.56367">
        <ele>434</ele>
        <time>2024-04-17T13:08:36Z</time>
      </trkpt>
      <trkpt lat="47.359974" lon="8.56367">
        <ele>434</ele>
        <time>2024-04-17T13:18:36Z</time>
      </trkpt>
      <trkpt lat="47.359974" lon="8.56367">
        <ele>434</ele>
        <time>2024-04-17T13:28:36Z</time>
      </trkpt>
      <trkpt lat="47.359974" lon="8.56367">
        <ele>434</ele>
        <time>2024-04-17T13:38:36Z</time>
      </trkpt>
      <trkpt lat="47.359974" lon="8.56367">
        <ele>434</ele>
        <time>2024-04-17T13:48:36Z</time>
      </trkpt>
      <trkpt lat="47.359974" lon="8.56367">
        <ele>434</ele>
        <time>2024-04-17T13:58:36Z</time>
      </trkpt>
      <trkpt lat="47.359974" lon="8.56367">
        <ele>434</ele>
        <time>2024-04-17T14:08:36Z</time>
      </trkpt>
      <trkpt lat="47.359974" lon="8.56367">
        <ele>434</ele>
        <time>2024-04-17T14:18:36Z</time>
      </trkpt>
      <trkpt lat="47.359974" lon="8.56367">
        <ele>434</ele>
        <time>2024-04-17T14:28:36Z</time>
      </trkpt>
      <trkpt lat="47.359974" lon="8.56367">
        <ele>434</ele>
        <time>2024-04-17T14:38:36Z</time>
      </trkpt>
      <trkpt lat="47.359974" lon="8.56367">
        <ele>434</ele>
        <time>2024-04-17T14:48:36Z</time>
      </trkpt>
      <trkpt lat="47.359974" lon="8.56367">
        <ele>434</ele>
        <time>2024-04-17T14:58:36Z</time>
      </trkpt>
      <trkpt lat="47.359974" lon="8.56367">
        <ele>434</ele>
        <time>2024-04-17T15:08:36Z</time>
      </trkpt>
      <trkpt lat="47.359974" lon="8.56367">
        <ele>434</ele>
        <time>2024-04-17T15:10:53Z</time>
      </trkpt>
      <trkpt lat="47.359974" lon="8.56367">
        <ele>434</ele>
        <time>2024-04-17T15:20:53Z</time>
      </trkpt>
      <trkpt lat="47.359974" lon="8.56367">
        <ele>434</ele>
        <time>2024-04-17T15:30:53Z</time>
      </trkpt>
      <trkpt lat="47.359974" lon="8.56367">
        <ele>434</ele>
        <time>2024-04-17T15:40:53Z</time>
      </trkpt>
      <trkpt lat="47.359974" lon="8.56367">
        <ele>434</ele>
        <time>2024-04-17T15:50:53Z</time>
      </trkpt>
      <trkpt lat="47.359974" lon="8.56367">
        <ele>434</ele>
        <time>2024-04-17T16:00:53Z</time>
      </trkpt>
      <trkpt lat="47.359974" lon="8.56367">
        <ele>434</ele>
        <time>2024-04-17T16:10:53Z</time>
      </trkpt>
      <trkpt lat="47.359974" lon="8.56367">
        <ele>434</ele>
        <time>2024-04-17T16:20:53Z</time>
      </trkpt>
      <trkpt lat="47.359974" lon="8.56367">
        <ele>434</ele>
        <time>2024-04-17T16:30:53Z</time>
      </trkpt>
      <trkpt lat="47.359974" lon="8.56367">
        <ele>434</ele>
        <time>2024-04-17T16:40:53Z</time>
      </trkpt>
      <trkpt lat="47.359974" lon="8.56367">
        <ele>434</ele>
        <time>2024-04-17T16:50:53Z</time>
      </trkpt>
      <trkpt lat="47.359974" lon="8.56367">
        <ele>434</ele>
        <time>2024-04-17T17:00:53Z</time>
      </trkpt>
      <trkpt lat="47.359974" lon="8.56367">
        <ele>434</ele>
        <time>2024-04-17T17:10:53Z</time>
      </trkpt>
      <trkpt lat="47.359974" lon="8.56367">
        <ele>434</ele>
        <time>2024-04-17T17:20:53Z</time>
      </trkpt>
      <trkpt lat="47.359974" lon="8.56367">
        <ele>434</ele>
        <time>2024-04-17T17:30:53Z</time>
      </trkpt>
      <trkpt lat="47.359974" lon="8.56367">
        <ele>434</ele>
        <time>2024-04-17T17:40:53Z</time>
      </trkpt>
      <trkpt lat="47.359974" lon="8.56367">
        <ele>434</ele>
        <time>2024-04-17T17:50:53Z</time>
      </trkpt>
      <trkpt lat="47.359974" lon="8.56367">
        <ele>434</ele>
        <time>2024-04-17T18:00:53Z</time>
      </trkpt>
      <trkpt lat="47.359974" lon="8.56367">
        <ele>434</ele>
        <time>2024-04-17T18:10:53Z</time>
      </trkpt>
      <trkpt lat="47.359974" lon="8.56367">
        <ele>434</ele>
        <time>2024-04-17T18:20:53Z</time>
      </trkpt>
      <trkpt lat="47.359974" lon="8.56367">
        <ele>434</ele>
        <time>2024-04-17T18:30:53Z</time>
      </trkpt>
      <trkpt lat="47.359974" lon="8.56367">
        <ele>434</ele>
        <time>2024-04-17T18:40:53Z</time>
      </trkpt>
      <trkpt lat="47.359974" lon="8.56367">
        <ele>434</ele>
        <time>2024-04-17T18:50:53Z</time>
      </trkpt>
      <trkpt lat="47.359974" lon="8.56367">
        <ele>434</ele>
        <time>2024-04-17T19:00:53Z</time>
      </trkpt>
      <trkpt lat="47.359974" lon="8.56367">
        <ele>434</ele>
        <time>2024-04-17T19:10:53Z</time>
      </trkpt>
      <trkpt lat="47.359974" lon="8.56367">
        <ele>434</ele>
        <time>2024-04-17T19:20:53Z</time>
      </trkpt>
      <trkpt lat="47.359974" lon="8.56367">
        <ele>434</ele>
        <time>2024-04-17T19:30:53Z</time>
      </trkpt>
      <trkpt lat="47.359974" lon="8.56367">
        <ele>434</ele>
        <time>2024-04-17T19:40:53Z</time>
      </trkpt>
      <trkpt lat="47.359974" lon="8.56367">
        <ele>434</ele>
        <time>2024-04-17T19:50:53Z</time>
      </trkpt>
      <trkpt lat="47.359974" lon="8.56367">
        <ele>434</ele>
        <time>2024-04-17T20:00:53Z</time>
      </trkpt>
      <trkpt lat="47.359974" lon="8.56367">
        <ele>434</ele>
        <time>2024-04-17T20:10:53Z</time>
      </trkpt>
      <trkpt lat="47.359974" lon="8.56367">
        <ele>434</ele>
        <time>2024-04-17T20:20:53Z</time>
      </trkpt>
      <trkpt lat="47.359974" lon="8.56367">
        <ele>434</ele>
        <time>2024-04-17T20:30:53Z</time>
      </trkpt>
      <trkpt lat="47.359974" lon="8.56367">
        <ele>434</ele>
        <time>2024-04-17T20:40:53Z</time>
      </trkpt>
      <trkpt lat="47.359974" lon="8.56367">
        <ele>434</ele>
        <time>2024-04-17T20:46:04Z</time>
      </trkpt>
      <trkpt lat="47.359974" lon="8.56367">
        <ele>434</ele>
        <time>2024-04-18T08:46:04Z</time>
      </trkpt>
      <trkpt lat="47.359974" lon="8.56367">
        <ele>434</ele>
        <time>2024-04-18T20:46:22Z</time>
      </trkpt>
      <trkpt lat="47.359974" lon="8.56367">
        <ele>434</ele>
        <time>2024-04-19T08:46:40Z</time>
      </trkpt>
      <trkpt lat="47.359974" lon="8.56367">
        <ele>434</ele>
        <time>2024-04-19T20:46:59Z</time>
      </trkpt>
      <trkpt lat="47.359974" lon="8.56367">
        <ele>434</ele>
        <time>2024-04-20T08:47:17Z</time>
      </trkpt>
      <trkpt lat="47.359974" lon="8.56367">
        <ele>434</ele>
        <time>2024-04-20T20:47:36Z</time>
      </trkpt>
      <trkpt lat="47.359974" lon="8.56367">
        <ele>434</ele>
        <time>2024-04-21T08:47:55Z</time>
      </trkpt>
      <trkpt lat="47.359974" lon="8.56367">
        <ele>434</ele>
        <time>2024-04-21T20:48:14Z</time>
      </trkpt>
      <trkpt lat="47.359974" lon="8.56367">
        <ele>434</ele>
        <time>2024-04-22T08:48:33Z</time>
      </trkpt>
      <trkpt lat="47.359974" lon="8.56367">
        <ele>434</ele>
        <time>2024-04-22T20:48:51Z</time>
      </trkpt>
      <trkpt lat="47.359974" lon="8.56367">
        <ele>434</ele>
        <time>2024-04-23T08:49:34Z</time>
      </trkpt>
      <trkpt lat="47.359974" lon="8.56367">
        <ele>434</ele>
        <time>2024-04-23T20:50:17Z</time>
      </trkpt>
      <trkpt lat="47.359974" lon="8.56367">
        <ele>434</ele>
        <time>2024-04-24T08:50:35Z</time>
      </trkpt>
      <trkpt lat="47.359974" lon="8.56367">
        <ele>434</ele>
        <time>2024-04-24T20:50:54Z</time>
      </trkpt>
      <trkpt lat="47.359974" lon="8.56367">
        <ele>434</ele>
        <time>2024-04-25T08:51:13Z</time>
      </trkpt>
      <trkpt lat="47.359974" lon="8.56367">
        <ele>434</ele>
        <time>2024-04-25T20:51:31Z</time>
      </trkpt>
      <trkpt lat="47.359974" lon="8.56367">
        <ele>434</ele>
        <time>2024-04-26T20:52:08Z</time>
      </trkpt>
      <trkpt lat="47.359974" lon="8.56367">
        <ele>434</ele>
        <time>2024-04-27T08:52:27Z</time>
      </trkpt>
      <trkpt lat="47.359974" lon="8.56367">
        <ele>434</ele>
        <time>2024-04-27T20:52:45Z</time>
      </trkpt>
      <trkpt lat="47.359974" lon="8.56367">
        <ele>434</ele>
        <time>2024-04-28T03:41:07Z</time>
      </trkpt>
      <trkpt lat="47.360384" lon="8.562504">
        <ele>413</ele>
        <time>2024-04-28T03:42:26Z</time>
        <cmt>speed: 0.6</cmt>
      </trkpt>
      <trkpt lat="47.359038" lon="8.560795">
        <ele>481</ele>
        <time>2024-04-28T03:52:07Z</time>
        <cmt>speed: 0.6</cmt>
      </trkpt>
      <trkpt lat="47.358327" lon="8.562844">
        <ele>448</ele>
        <time>2024-04-28T04:01:55Z</time>
        <cmt>speed: 0.0</cmt>
      </trkpt>
      <trkpt lat="47.358185" lon="8.563105">
        <ele>428</ele>
        <time>2024-04-28T04:11:50Z</time>
        <cmt>speed: 0.0</cmt>
      </trkpt>
      <trkpt lat="47.358211" lon="8.563176">
        <ele>439</ele>
        <time>2024-04-28T04:21:51Z</time>
        <cmt>speed: 0.0</cmt>
      </trkpt>
      <trkpt lat="47.358211" lon="8.563176">
        <ele>439</ele>
        <time>2024-04-28T04:21:56Z</time>
      </trkpt>
      <trkpt lat="47.358215" lon="8.56317">
        <ele>477</ele>
        <time>2024-04-28T04:31:52Z</time>
        <cmt>speed: 0.1</cmt>
      </trkpt>
      <trkpt lat="47.358184" lon="8.563177">
        <ele>453</ele>
        <time>2024-04-28T04:41:50Z</time>
        <cmt>speed: 0.7</cmt>
      </trkpt>
      <trkpt lat="47.358184" lon="8.563177">
        <ele>453</ele>
        <time>2024-04-28T04:41:56Z</time>
      </trkpt>
      <trkpt lat="47.358149" lon="8.56324">
        <ele>449</ele>
        <time>2024-04-28T04:51:51Z</time>
        <cmt>speed: 0.0</cmt>
      </trkpt>
      <trkpt lat="47.358148" lon="8.563302">
        <ele>448</ele>
        <time>2024-04-28T05:01:51Z</time>
        <cmt>speed: 0.4</cmt>
      </trkpt>
      <trkpt lat="47.358148" lon="8.563302">
        <ele>448</ele>
        <time>2024-04-28T05:01:56Z</time>
      </trkpt>
      <trkpt lat="47.358039" lon="8.5633">
        <ele>428</ele>
        <time>2024-04-28T05:11:51Z</time>
        <cmt>speed: 1.0</cmt>
      </trkpt>
      <trkpt lat="47.35814" lon="8.563355">
        <ele>454</ele>
        <time>2024-04-28T05:21:51Z</time>
        <cmt>speed: 0.6</cmt>
      </trkpt>
      <trkpt lat="47.358144" lon="8.562563">
        <ele>435</ele>
        <time>2024-04-28T05:32:04Z</time>
        <cmt>speed: 0.1</cmt>
      </trkpt>
      <trkpt lat="47.357483" lon="8.561747">
        <ele>439</ele>
        <time>2024-04-28T05:41:49Z</time>
        <cmt>speed: 0.6</cmt>
      </trkpt>
      <trkpt lat="47.358078" lon="8.559732">
        <ele>439</ele>
        <time>2024-04-28T05:51:56Z</time>
        <cmt>speed: 0.4</cmt>
      </trkpt>
      <trkpt lat="47.358953" lon="8.560104">
        <ele>393</ele>
        <time>2024-04-28T06:01:53Z</time>
        <cmt>speed: 0.6</cmt>
      </trkpt>
      <trkpt lat="47.358953" lon="8.560104">
        <ele>393</ele>
        <time>2024-04-28T06:01:53Z</time>
      </trkpt>
      <trkpt lat="47.358849" lon="8.560343">
        <ele>418</ele>
        <time>2024-04-28T06:11:50Z</time>
        <cmt>speed: 1.1</cmt>
      </trkpt>
      <trkpt lat="47.358572" lon="8.560234">
        <ele>428</ele>
        <time>2024-04-28T06:21:51Z</time>
        <cmt>speed: 0.3</cmt>
      </trkpt>
      <trkpt lat="47.358728" lon="8.55992">
        <ele>382</ele>
        <time>2024-04-28T06:31:52Z</time>
        <cmt>speed: 0.3</cmt>
      </trkpt>
      <trkpt lat="47.359324" lon="8.560058">
        <ele>478</ele>
        <time>2024-04-28T06:41:52Z</time>
        <cmt>speed: 0.4</cmt>
      </trkpt>
      <trkpt lat="47.359324" lon="8.560058">
        <ele>478</ele>
        <time>2024-04-28T06:41:52Z</time>
      </trkpt>
      <trkpt lat="47.359198" lon="8.560037">
        <ele>423</ele>
        <time>2024-04-28T06:51:52Z</time>
        <cmt>speed: 0.0</cmt>
      </trkpt>
      <trkpt lat="47.359189" lon="8.560213">
        <ele>414</ele>
        <time>2024-04-28T07:01:51Z</time>
        <cmt>speed: 0.4</cmt>
      </trkpt>
      <trkpt lat="47.359189" lon="8.560213">
        <ele>414</ele>
        <time>2024-04-28T07:01:51Z</time>
      </trkpt>
      <trkpt lat="47.359" lon="8.560137">
        <ele>435</ele>
        <time>2024-04-28T07:11:52Z</time>
        <cmt>speed: 0.3</cmt>
      </trkpt>
      <trkpt lat="47.358662" lon="8.561383">
        <ele>502</ele>
        <time>2024-04-28T07:21:51Z</time>
        <cmt>speed: 0.7</cmt>
      </trkpt>
      <trkpt lat="47.357524" lon="8.561372">
        <ele>412</ele>
        <time>2024-04-28T07:31:51Z</time>
        <cmt>speed: 0.4</cmt>
      </trkpt>
      <trkpt lat="47.357523" lon="8.561036">
        <ele>447</ele>
        <time>2024-04-28T07:41:55Z</time>
        <cmt>speed: 1.3</cmt>
      </trkpt>
      <trkpt lat="47.359181" lon="8.56034">
        <ele>455</ele>
        <time>2024-04-28T07:51:53Z</time>
        <cmt>speed: 0.6</cmt>
      </trkpt>
      <trkpt lat="47.359178" lon="8.561584">
        <ele>426</ele>
        <time>2024-04-28T08:01:52Z</time>
        <cmt>speed: 0.3</cmt>
      </trkpt>
      <trkpt lat="47.358809" lon="8.563383">
        <ele>453</ele>
        <time>2024-04-28T08:11:51Z</time>
        <cmt>speed: 0.6</cmt>
      </trkpt>
      <trkpt lat="47.358737" lon="8.563457">
        <ele>469</ele>
        <time>2024-04-28T08:21:52Z</time>
        <cmt>speed: 2.1</cmt>
      </trkpt>
      <trkpt lat="47.358737" lon="8.563457">
        <ele>469</ele>
        <time>2024-04-28T08:21:52Z</time>
      </trkpt>
      <trkpt lat="47.358787" lon="8.563499">
        <ele>452</ele>
        <time>2024-04-28T08:32:01Z</time>
        <cmt>speed: 1.6</cmt>
      </trkpt>
      <trkpt lat="47.358787" lon="8.563499">
        <ele>452</ele>
        <time>2024-04-28T08:41:49Z</time>
      </trkpt>
      <trkpt lat="47.358789" lon="8.563408">
        <ele>457</ele>
        <time>2024-04-28T09:12:16Z</time>
        <cmt>speed: 0.0</cmt>
      </trkpt>
      <trkpt lat="47.359036" lon="8.56364">
        <ele>467</ele>
        <time>2024-04-28T09:22:25Z</time>
        <cmt>speed: 0.0</cmt>
      </trkpt>
      <trkpt lat="47.35842" lon="8.563106">
        <ele>457</ele>
        <time>2024-04-28T09:32:15Z</time>
        <cmt>speed: 1.3</cmt>
      </trkpt>
      <trkpt lat="47.359013" lon="8.563426">
        <ele>449</ele>
        <time>2024-04-28T09:42:14Z</time>
        <cmt>speed: 5.3</cmt>
      </trkpt>
      <trkpt lat="47.358893" lon="8.562902">
        <ele>426</ele>
        <time>2024-04-28T09:52:16Z</time>
        <cmt>speed: 1.8</cmt>
      </trkpt>
      <trkpt lat="47.358873" lon="8.563526">
        <ele>428</ele>
        <time>2024-04-28T10:02:14Z</time>
        <cmt>speed: 0.0</cmt>
      </trkpt>
      <trkpt lat="47.358679" lon="8.563836">
        <ele>452</ele>
        <time>2024-04-28T10:12:14Z</time>
        <cmt>speed: 0.2</cmt>
      </trkpt>
      <trkpt lat="47.358394" lon="8.56478">
        <ele>458</ele>
        <time>2024-04-28T10:22:15Z</time>
        <cmt>speed: 2.7</cmt>
      </trkpt>
      <trkpt lat="47.358007" lon="8.565995">
        <ele>458</ele>
        <time>2024-04-28T10:32:17Z</time>
        <cmt>speed: 0.6</cmt>
      </trkpt>
      <trkpt lat="47.35871" lon="8.565945">
        <ele>444</ele>
        <time>2024-04-28T10:42:14Z</time>
        <cmt>speed: 0.4</cmt>
      </trkpt>
      <trkpt lat="47.358712" lon="8.566057">
        <ele>443</ele>
        <time>2024-04-28T10:52:14Z</time>
        <cmt>speed: 0.7</cmt>
      </trkpt>
      <trkpt lat="47.358712" lon="8.566057">
        <ele>443</ele>
        <time>2024-04-28T11:02:13Z</time>
      </trkpt>
      <trkpt lat="47.358784" lon="8.566018">
        <ele>429</ele>
        <time>2024-04-28T11:02:14Z</time>
        <cmt>speed: 0.2</cmt>
      </trkpt>
      <trkpt lat="47.358707" lon="8.566117">
        <ele>407</ele>
        <time>2024-04-28T11:12:14Z</time>
        <cmt>speed: 0.6</cmt>
      </trkpt>
      <trkpt lat="47.358459" lon="8.565558">
        <ele>445</ele>
        <time>2024-04-28T11:32:17Z</time>
        <cmt>speed: 1.1</cmt>
      </trkpt>
      <trkpt lat="47.358634" lon="8.566219">
        <ele>427</ele>
        <time>2024-04-28T11:42:15Z</time>
        <cmt>speed: 1.3</cmt>
      </trkpt>
      <trkpt lat="47.358698" lon="8.566157">
        <ele>455</ele>
        <time>2024-04-28T11:52:19Z</time>
        <cmt>speed: 0.2</cmt>
      </trkpt>
      <trkpt lat="47.35885" lon="8.566108">
        <ele>422</ele>
        <time>2024-04-28T12:02:14Z</time>
        <cmt>speed: 1.1</cmt>
      </trkpt>
      <trkpt lat="47.358477" lon="8.565981">
        <ele>442</ele>
        <time>2024-04-28T12:12:15Z</time>
        <cmt>speed: 0.3</cmt>
      </trkpt>
      <trkpt lat="47.358477" lon="8.565981">
        <ele>442</ele>
        <time>2024-04-28T12:22:13Z</time>
      </trkpt>
      <trkpt lat="47.358461" lon="8.565936">
        <ele>451</ele>
        <time>2024-04-28T12:22:14Z</time>
        <cmt>speed: 0.1</cmt>
      </trkpt>
      <trkpt lat="47.358512" lon="8.565815">
        <ele>489</ele>
        <time>2024-04-28T12:52:14Z</time>
        <cmt>speed: 0.3</cmt>
      </trkpt>
      <trkpt lat="47.358551" lon="8.564619">
        <ele>467</ele>
        <time>2024-04-28T13:02:16Z</time>
        <cmt>speed: 0.5</cmt>
      </trkpt>
      <trkpt lat="47.358464" lon="8.563511">
        <ele>469</ele>
        <time>2024-04-28T13:12:15Z</time>
        <cmt>speed: 0.3</cmt>
      </trkpt>
      <trkpt lat="47.358532" lon="8.563569">
        <ele>469</ele>
        <time>2024-04-28T13:22:16Z</time>
        <cmt>speed: 1.2</cmt>
      </trkpt>
      <trkpt lat="47.360031" lon="8.564113">
        <ele>402</ele>
        <time>2024-04-28T13:32:21Z</time>
        <cmt>speed: 0.1</cmt>
      </trkpt>
      <trkpt lat="47.359974" lon="8.56367">
        <ele>434</ele>
        <time>2024-04-28T13:35:39Z</time>
      </trkpt>
      <trkpt lat="47.359974" lon="8.56367">
        <ele>434</ele>
        <time>2024-04-28T13:50:39Z</time>
      </trkpt>
      <trkpt lat="47.360562" lon="8.562579">
        <ele>411</ele>
        <time>2024-04-28T15:59:43Z</time>
        <cmt>speed: 2.4</cmt>
      </trkpt>
      <trkpt lat="47.359437" lon="8.561237">
        <ele>448</ele>
        <time>2024-04-28T16:09:35Z</time>
        <cmt>speed: 1.5</cmt>
      </trkpt>
      <trkpt lat="47.358458" lon="8.561552">
        <ele>468</ele>
        <time>2024-04-28T16:19:36Z</time>
        <cmt>speed: 2.3</cmt>
      </trkpt>
      <trkpt lat="47.35807" lon="8.560219">
        <ele>433</ele>
        <time>2024-04-28T16:29:34Z</time>
        <cmt>speed: 0.3</cmt>
      </trkpt>
      <trkpt lat="47.35807" lon="8.560219">
        <ele>433</ele>
        <time>2024-04-28T16:39:36Z</time>
      </trkpt>
      <trkpt lat="47.358109" lon="8.560086">
        <ele>442</ele>
        <time>2024-04-28T16:39:37Z</time>
        <cmt>speed: 0.1</cmt>
      </trkpt>
      <trkpt lat="47.358109" lon="8.560086">
        <ele>442</ele>
        <time>2024-04-28T16:59:35Z</time>
      </trkpt>
      <trkpt lat="47.358086" lon="8.560108">
        <ele>456</ele>
        <time>2024-04-28T16:59:37Z</time>
        <cmt>speed: 0.6</cmt>
      </trkpt>
      <trkpt lat="47.358098" lon="8.560237">
        <ele>451</ele>
        <time>2024-04-28T17:09:36Z</time>
        <cmt>speed: 0.1</cmt>
      </trkpt>
      <trkpt lat="47.358098" lon="8.560237">
        <ele>451</ele>
        <time>2024-04-28T17:19:38Z</time>
      </trkpt>
      <trkpt lat="47.358064" lon="8.560122">
        <ele>442</ele>
        <time>2024-04-28T17:19:40Z</time>
        <cmt>speed: 0.0</cmt>
      </trkpt>
      <trkpt lat="47.3581" lon="8.560224">
        <ele>467</ele>
        <time>2024-04-28T17:29:36Z</time>
        <cmt>speed: 1.4</cmt>
      </trkpt>
      <trkpt lat="47.358161" lon="8.56045">
        <ele>452</ele>
        <time>2024-04-28T17:39:35Z</time>
        <cmt>speed: 0.9</cmt>
      </trkpt>
      <trkpt lat="47.358067" lon="8.56054">
        <ele>470</ele>
        <time>2024-04-28T17:49:36Z</time>
        <cmt>speed: 1.0</cmt>
      </trkpt>
      <trkpt lat="47.358067" lon="8.56054">
        <ele>470</ele>
        <time>2024-04-28T17:59:34Z</time>
      </trkpt>
      <trkpt lat="47.358025" lon="8.560746">
        <ele>484</ele>
        <time>2024-04-28T17:59:35Z</time>
        <cmt>speed: 0.1</cmt>
      </trkpt>
      <trkpt lat="47.358082" lon="8.560281">
        <ele>422</ele>
        <time>2024-04-28T18:09:35Z</time>
        <cmt>speed: 0.1</cmt>
      </trkpt>
      <trkpt lat="47.358082" lon="8.560281">
        <ele>422</ele>
        <time>2024-04-28T18:19:34Z</time>
      </trkpt>
      <trkpt lat="47.358112" lon="8.560359">
        <ele>435</ele>
        <time>2024-04-28T18:19:36Z</time>
        <cmt>speed: 0.0</cmt>
      </trkpt>
      <trkpt lat="47.358101" lon="8.560217">
        <ele>442</ele>
        <time>2024-04-28T18:29:36Z</time>
        <cmt>speed: 0.1</cmt>
      </trkpt>
      <trkpt lat="47.358101" lon="8.560217">
        <ele>442</ele>
        <time>2024-04-28T18:39:34Z</time>
      </trkpt>
      <trkpt lat="47.35829" lon="8.559652">
        <ele>444</ele>
        <time>2024-04-28T18:39:36Z</time>
        <cmt>speed: 0.5</cmt>
      </trkpt>
      <trkpt lat="47.358562" lon="8.559557">
        <ele>476</ele>
        <time>2024-04-28T18:49:38Z</time>
        <cmt>speed: 0.3</cmt>
      </trkpt>
      <trkpt lat="47.358177" lon="8.559849">
        <ele>459</ele>
        <time>2024-04-28T18:59:35Z</time>
        <cmt>speed: 0.5</cmt>
      </trkpt>
      <trkpt lat="47.358886" lon="8.561511">
        <ele>415</ele>
        <time>2024-04-28T19:09:34Z</time>
        <cmt>speed: 0.7</cmt>
      </trkpt>
      <trkpt lat="47.357724" lon="8.561883">
        <ele>455</ele>
        <time>2024-04-28T19:19:35Z</time>
        <cmt>speed: 0.5</cmt>
      </trkpt>
      <trkpt lat="47.357711" lon="8.562071">
        <ele>445</ele>
        <time>2024-04-28T19:29:39Z</time>
        <cmt>speed: 0.3</cmt>
      </trkpt>
      <trkpt lat="47.357687" lon="8.563307">
        <ele>418</ele>
        <time>2024-04-28T19:39:38Z</time>
        <cmt>speed: 0.9</cmt>
      </trkpt>
      <trkpt lat="47.357309" lon="8.562188">
        <ele>419</ele>
        <time>2024-04-28T19:49:35Z</time>
        <cmt>speed: 2.6</cmt>
      </trkpt>
      <trkpt lat="47.357309" lon="8.562188">
        <ele>419</ele>
        <time>2024-04-28T19:59:33Z</time>
      </trkpt>
      <trkpt lat="47.357755" lon="8.561076">
        <ele>432</ele>
        <time>2024-04-28T19:59:34Z</time>
        <cmt>speed: 0.2</cmt>
      </trkpt>
      <trkpt lat="47.358117" lon="8.560577">
        <ele>444</ele>
        <time>2024-04-28T20:09:36Z</time>
        <cmt>speed: 3.8</cmt>
      </trkpt>
      <trkpt lat="47.357879" lon="8.56065">
        <ele>450</ele>
        <time>2024-04-28T20:19:35Z</time>
        <cmt>speed: 0.4</cmt>
      </trkpt>
      <trkpt lat="47.35907" lon="8.561096">
        <ele>459</ele>
        <time>2024-04-28T20:29:34Z</time>
        <cmt>speed: 0.4</cmt>
      </trkpt>
      <trkpt lat="47.35952" lon="8.561689">
        <ele>439</ele>
        <time>2024-04-28T20:39:36Z</time>
        <cmt>speed: 0.3</cmt>
      </trkpt>
      <trkpt lat="47.359624" lon="8.56176">
        <ele>426</ele>
        <time>2024-04-28T20:49:36Z</time>
        <cmt>speed: 0.0</cmt>
      </trkpt>
      <trkpt lat="47.359565" lon="8.561728">
        <ele>443</ele>
        <time>2024-04-28T20:59:37Z</time>
        <cmt>speed: 0.0</cmt>
      </trkpt>
      <trkpt lat="47.359561" lon="8.559423">
        <ele>444</ele>
        <time>2024-04-28T21:09:35Z</time>
        <cmt>speed: 0.3</cmt>
      </trkpt>
      <trkpt lat="47.358761" lon="8.560473">
        <ele>429</ele>
        <time>2024-04-28T21:19:36Z</time>
        <cmt>speed: 0.2</cmt>
      </trkpt>
      <trkpt lat="47.357841" lon="8.560683">
        <ele>407</ele>
        <time>2024-04-28T21:29:39Z</time>
        <cmt>speed: 0.2</cmt>
      </trkpt>
      <trkpt lat="47.358777" lon="8.559956">
        <ele>445</ele>
        <time>2024-04-28T21:39:35Z</time>
        <cmt>speed: 0.1</cmt>
      </trkpt>
      <trkpt lat="47.359326" lon="8.559614">
        <ele>466</ele>
        <time>2024-04-28T21:49:38Z</time>
        <cmt>speed: 1.3</cmt>
      </trkpt>
      <trkpt lat="47.358527" lon="8.560101">
        <ele>455</ele>
        <time>2024-04-28T21:59:36Z</time>
        <cmt>speed: 0.1</cmt>
      </trkpt>
      <trkpt lat="47.358428" lon="8.562139">
        <ele>440</ele>
        <time>2024-04-28T22:09:34Z</time>
        <cmt>speed: 0.7</cmt>
      </trkpt>
      <trkpt lat="47.358428" lon="8.562139">
        <ele>440</ele>
        <time>2024-04-28T22:19:34Z</time>
      </trkpt>
      <trkpt lat="47.357777" lon="8.562265">
        <ele>432</ele>
        <time>2024-04-28T22:19:37Z</time>
        <cmt>speed: 0.3</cmt>
      </trkpt>
      <trkpt lat="47.357765" lon="8.562385">
        <ele>455</ele>
        <time>2024-04-28T22:29:37Z</time>
        <cmt>speed: 0.4</cmt>
      </trkpt>
      <trkpt lat="47.357765" lon="8.562385">
        <ele>455</ele>
        <time>2024-04-28T22:39:33Z</time>
      </trkpt>
      <trkpt lat="47.357821" lon="8.562587">
        <ele>447</ele>
        <time>2024-04-28T22:39:36Z</time>
        <cmt>speed: 0.5</cmt>
      </trkpt>
      <trkpt lat="47.357846" lon="8.562637">
        <ele>432</ele>
        <time>2024-04-28T22:49:35Z</time>
        <cmt>speed: 3.2</cmt>
      </trkpt>
      <trkpt lat="47.359773" lon="8.561322">
        <ele>462</ele>
        <time>2024-04-28T22:59:36Z</time>
        <cmt>speed: 2.1</cmt>
      </trkpt>
      <trkpt lat="47.359773" lon="8.561322">
        <ele>462</ele>
        <time>2024-04-28T23:19:45Z</time>
      </trkpt>
      <trkpt lat="47.360307" lon="8.56212">
        <ele>412</ele>
        <time>2024-04-28T23:19:48Z</time>
        <cmt>speed: 0.5</cmt>
      </trkpt>
      <trkpt lat="47.360072" lon="8.562118">
        <ele>470</ele>
        <time>2024-04-28T23:29:49Z</time>
        <cmt>speed: 0.5</cmt>
      </trkpt>
      <trkpt lat="47.360072" lon="8.562118">
        <ele>470</ele>
        <time>2024-04-28T23:39:32Z</time>
      </trkpt>
      <trkpt lat="47.360376" lon="8.562055">
        <ele>401</ele>
        <time>2024-04-28T23:41:20Z</time>
        <cmt>speed: 1.1</cmt>
      </trkpt>
      <trkpt lat="47.360031" lon="8.561833">
        <ele>461</ele>
        <time>2024-04-28T23:51:48Z</time>
        <cmt>speed: 0.4</cmt>
      </trkpt>
      <trkpt lat="47.360031" lon="8.561833">
        <ele>461</ele>
        <time>2024-04-29T00:01:37Z</time>
      </trkpt>
      <trkpt lat="47.360469" lon="8.562099">
        <ele>413</ele>
        <time>2024-04-29T00:01:40Z</time>
        <cmt>speed: 0.1</cmt>
      </trkpt>
      <trkpt lat="47.360091" lon="8.561987">
        <ele>493</ele>
        <time>2024-04-29T01:12:33Z</time>
        <cmt>speed: 0.6</cmt>
      </trkpt>
      <trkpt lat="47.360176" lon="8.561926">
        <ele>461</ele>
        <time>2024-04-29T01:44:11Z</time>
        <cmt>speed: 0.5</cmt>
      </trkpt>
      <trkpt lat="47.360176" lon="8.561926">
        <ele>461</ele>
        <time>2024-04-29T01:44:18Z</time>
      </trkpt>
      <trkpt lat="47.360268" lon="8.562128">
        <ele>431</ele>
        <time>2024-04-29T03:25:56Z</time>
        <cmt>speed: 0.0</cmt>
      </trkpt>
      <trkpt lat="47.36026" lon="8.562229">
        <ele>450</ele>
        <time>2024-04-29T03:35:39Z</time>
        <cmt>speed: 0.1</cmt>
      </trkpt>
      <trkpt lat="47.360126" lon="8.562188">
        <ele>473</ele>
        <time>2024-04-29T04:05:53Z</time>
        <cmt>speed: 0.1</cmt>
      </trkpt>
      <trkpt lat="47.360302" lon="8.562257">
        <ele>445</ele>
        <time>2024-04-29T04:15:41Z</time>
        <cmt>speed: 1.2</cmt>
      </trkpt>
      <trkpt lat="47.360181" lon="8.562116">
        <ele>412</ele>
        <time>2024-04-29T05:05:00Z</time>
        <cmt>speed: 0.8</cmt>
      </trkpt>
      <trkpt lat="47.360441" lon="8.562089">
        <ele>405</ele>
        <time>2024-04-29T05:25:29Z</time>
        <cmt>speed: 1.2</cmt>
      </trkpt>
      <trkpt lat="47.360191" lon="8.56195">
        <ele>457</ele>
        <time>2024-04-29T05:35:04Z</time>
        <cmt>speed: 0.4</cmt>
      </trkpt>
      <trkpt lat="47.36015" lon="8.563451">
        <ele>473</ele>
        <time>2024-04-29T05:44:47Z</time>
        <cmt>speed: 0.6</cmt>
      </trkpt>
      <trkpt lat="47.359974" lon="8.56367">
        <ele>434</ele>
        <time>2024-04-29T05:45:04Z</time>
      </trkpt>
      <trkpt lat="47.359974" lon="8.56367">
        <ele>434</ele>
        <time>2024-04-29T05:56:14Z</time>
      </trkpt>
      <trkpt lat="47.359974" lon="8.56367">
        <ele>434</ele>
        <time>2024-04-29T05:56:47Z</time>
      </trkpt>
      <trkpt lat="47.359974" lon="8.56367">
        <ele>434</ele>
        <time>2024-04-29T06:06:47Z</time>
      </trkpt>
      <trkpt lat="47.359974" lon="8.56367">
        <ele>434</ele>
        <time>2024-04-29T06:16:47Z</time>
      </trkpt>
      <trkpt lat="47.359974" lon="8.56367">
        <ele>434</ele>
        <time>2024-04-29T06:26:47Z</time>
      </trkpt>
      <trkpt lat="47.359974" lon="8.56367">
        <ele>434</ele>
        <time>2024-04-29T06:36:47Z</time>
      </trkpt>
      <trkpt lat="47.359974" lon="8.56367">
        <ele>434</ele>
        <time>2024-04-29T06:46:47Z</time>
      </trkpt>
      <trkpt lat="47.359974" lon="8.56367">
        <ele>434</ele>
        <time>2024-04-29T06:56:47Z</time>
      </trkpt>
      <trkpt lat="47.359974" lon="8.56367">
        <ele>434</ele>
        <time>2024-04-29T07:06:47Z</time>
      </trkpt>
      <trkpt lat="47.359974" lon="8.56367">
        <ele>434</ele>
        <time>2024-04-29T07:10:34Z</time>
      </trkpt>
      <trkpt lat="47.359974" lon="8.56367">
        <ele>434</ele>
        <time>2024-04-29T07:20:34Z</time>
      </trkpt>
      <trkpt lat="47.359974" lon="8.56367">
        <ele>434</ele>
        <time>2024-04-29T07:22:57Z</time>
      </trkpt>
      <trkpt lat="47.360478" lon="8.562966">
        <ele>445</ele>
        <time>2024-04-29T18:29:57Z</time>
        <cmt>speed: 0.3</cmt>
      </trkpt>
      <trkpt lat="47.359202" lon="8.561266">
        <ele>450</ele>
        <time>2024-04-29T18:39:48Z</time>
        <cmt>speed: 0.3</cmt>
      </trkpt>
      <trkpt lat="47.358925" lon="8.560991">
        <ele>463</ele>
        <time>2024-04-29T18:49:46Z</time>
        <cmt>speed: 0.0</cmt>
      </trkpt>
      <trkpt lat="47.358925" lon="8.560991">
        <ele>463</ele>
        <time>2024-04-29T18:50:10Z</time>
      </trkpt>
      <trkpt lat="47.357848" lon="8.561218">
        <ele>435</ele>
        <time>2024-04-29T18:59:49Z</time>
        <cmt>speed: 0.2</cmt>
      </trkpt>
      <trkpt lat="47.358244" lon="8.562572">
        <ele>447</ele>
        <time>2024-04-29T19:09:47Z</time>
        <cmt>speed: 2.6</cmt>
      </trkpt>
      <trkpt lat="47.357595" lon="8.562576">
        <ele>458</ele>
        <time>2024-04-29T19:19:50Z</time>
        <cmt>speed: 0.2</cmt>
      </trkpt>
      <trkpt lat="47.358229" lon="8.562121">
        <ele>388</ele>
        <time>2024-04-29T19:29:48Z</time>
        <cmt>speed: 0.4</cmt>
      </trkpt>
      <trkpt lat="47.358815" lon="8.560961">
        <ele>458</ele>
        <time>2024-04-29T19:39:48Z</time>
        <cmt>speed: 0.9</cmt>
      </trkpt>
      <trkpt lat="47.359474" lon="8.560321">
        <ele>417</ele>
        <time>2024-04-29T19:49:57Z</time>
        <cmt>speed: 1.3</cmt>
      </trkpt>
      <trkpt lat="47.359485" lon="8.560612">
        <ele>454</ele>
        <time>2024-04-29T19:59:50Z</time>
        <cmt>speed: 0.2</cmt>
      </trkpt>
      <trkpt lat="47.359507" lon="8.560502">
        <ele>414</ele>
        <time>2024-04-29T20:09:48Z</time>
        <cmt>speed: 2.6</cmt>
      </trkpt>
      <trkpt lat="47.359507" lon="8.560502">
        <ele>414</ele>
        <time>2024-04-29T20:09:53Z</time>
      </trkpt>
      <trkpt lat="47.359516" lon="8.560406">
        <ele>416</ele>
        <time>2024-04-29T20:19:51Z</time>
        <cmt>speed: 0.5</cmt>
      </trkpt>
      <trkpt lat="47.359476" lon="8.562152">
        <ele>441</ele>
        <time>2024-04-29T20:29:47Z</time>
        <cmt>speed: 1.4</cmt>
      </trkpt>
      <trkpt lat="47.358628" lon="8.565827">
        <ele>449</ele>
        <time>2024-04-29T20:39:47Z</time>
        <cmt>speed: 1.0</cmt>
      </trkpt>
      <trkpt lat="47.358886" lon="8.565853">
        <ele>436</ele>
        <time>2024-04-29T20:49:47Z</time>
        <cmt>speed: 0.5</cmt>
      </trkpt>
      <trkpt lat="47.358535" lon="8.56622">
        <ele>430</ele>
        <time>2024-04-29T20:59:48Z</time>
        <cmt>speed: 1.6</cmt>
      </trkpt>
      <trkpt lat="47.358515" lon="8.566221">
        <ele>436</ele>
        <time>2024-04-29T21:09:48Z</time>
        <cmt>speed: 1.1</cmt>
      </trkpt>
      <trkpt lat="47.358515" lon="8.566221">
        <ele>436</ele>
        <time>2024-04-29T21:09:53Z</time>
      </trkpt>
      <trkpt lat="47.358953" lon="8.567373">
        <ele>474</ele>
        <time>2024-04-29T21:19:48Z</time>
        <cmt>speed: 1.0</cmt>
      </trkpt>
      <trkpt lat="47.357918" lon="8.56651">
        <ele>452</ele>
        <time>2024-04-29T21:29:48Z</time>
        <cmt>speed: 0.8</cmt>
      </trkpt>
      <trkpt lat="47.356568" lon="8.564648">
        <ele>471</ele>
        <time>2024-04-29T21:39:48Z</time>
        <cmt>speed: 0.4</cmt>
      </trkpt>
      <trkpt lat="47.357134" lon="8.56316">
        <ele>468</ele>
        <time>2024-04-29T21:49:48Z</time>
        <cmt>speed: 2.5</cmt>
      </trkpt>
      <trkpt lat="47.357528" lon="8.563142">
        <ele>415</ele>
        <time>2024-04-29T21:59:53Z</time>
        <cmt>speed: 0.0</cmt>
      </trkpt>
    </trkseg>
  </trk>
</gpx>
