<?xml version="1.0"?>
<gpx creator="Tractive GeoData Util" version="1.1" xmlns="http://www.topografix.com/GPX/1/1" xmlns:xsi="http://www.w3.org/2001/XMLSchema-instance" xsi:schemaLocation="http://www.topografix.com/GPX/1/1 http://www.topografix.com/GPX/1/1/gpx.xsd">
  <metadata>
    <link href="https://tractive.com">
      <text>Generated by Tractive Platform Service</text>
    </link>
  </metadata>
  <trk>
    <name>Tracker UDQAWWIU, 2024-04-30T22:07:47+00:00 2024-05-29T20:41:44+00:00</name>
    <trkseg>
      <trkpt lat="47.359959" lon="8.563643">
        <ele>434</ele>
        <time>2024-04-30T22:07:47Z</time>
      </trkpt>
      <trkpt lat="47.359959" lon="8.563643">
        <ele>434</ele>
        <time>2024-04-30T22:17:47Z</time>
      </trkpt>
      <trkpt lat="47.359959" lon="8.563643">
        <ele>434</ele>
        <time>2024-04-30T22:27:47Z</time>
      </trkpt>
      <trkpt lat="47.359959" lon="8.563643">
        <ele>434</ele>
        <time>2024-04-30T22:37:47Z</time>
      </trkpt>
      <trkpt lat="47.359959" lon="8.563643">
        <ele>434</ele>
        <time>2024-04-30T22:42:12Z</time>
      </trkpt>
      <trkpt lat="47.360184" lon="8.562639">
        <ele>422</ele>
        <time>2024-04-30T23:53:40Z</time>
        <cmt>speed: 0.2</cmt>
      </trkpt>
      <trkpt lat="47.359677" lon="8.56166">
        <ele>456</ele>
        <time>2024-05-01T00:03:36Z</time>
        <cmt>speed: 0.2</cmt>
      </trkpt>
      <trkpt lat="47.357878" lon="8.562155">
        <ele>423</ele>
        <time>2024-05-01T00:13:36Z</time>
        <cmt>speed: 0.1</cmt>
      </trkpt>
      <trkpt lat="47.357824" lon="8.562265">
        <ele>464</ele>
        <time>2024-05-01T00:23:46Z</time>
        <cmt>speed: 0.3</cmt>
      </trkpt>
      <trkpt lat="47.357818" lon="8.562338">
        <ele>441</ele>
        <time>2024-05-01T00:33:37Z</time>
        <cmt>speed: 0.3</cmt>
      </trkpt>
      <trkpt lat="47.358102" lon="8.5625">
        <ele>504</ele>
        <time>2024-05-01T00:43:36Z</time>
        <cmt>speed: 0.2</cmt>
      </trkpt>
      <trkpt lat="47.357637" lon="8.561625">
        <ele>455</ele>
        <time>2024-05-01T00:53:38Z</time>
        <cmt>speed: 1.4</cmt>
      </trkpt>
      <trkpt lat="47.358217" lon="8.561478">
        <ele>451</ele>
        <time>2024-05-01T01:03:36Z</time>
        <cmt>speed: 0.3</cmt>
      </trkpt>
      <trkpt lat="47.358452" lon="8.561155">
        <ele>458</ele>
        <time>2024-05-01T01:13:37Z</time>
      </trkpt>
      <trkpt lat="47.358452" lon="8.561155">
        <ele>458</ele>
        <time>2024-05-01T01:13:37Z</time>
        <cmt>speed: 0.2</cmt>
      </trkpt>
      <trkpt lat="47.357811" lon="8.560637">
        <ele>424</ele>
        <time>2024-05-01T01:23:37Z</time>
        <cmt>speed: 0.3</cmt>
      </trkpt>
      <trkpt lat="47.358827" lon="8.560655">
        <ele>457</ele>
        <time>2024-05-01T01:33:38Z</time>
        <cmt>speed: 0.1</cmt>
      </trkpt>
      <trkpt lat="47.358827" lon="8.560655">
        <ele>457</ele>
        <time>2024-05-01T01:33:38Z</time>
      </trkpt>
      <trkpt lat="47.359792" lon="8.559716">
        <ele>445</ele>
        <time>2024-05-01T01:43:40Z</time>
        <cmt>speed: 0.2</cmt>
      </trkpt>
      <trkpt lat="47.359845" lon="8.560592">
        <ele>477</ele>
        <time>2024-05-01T01:53:35Z</time>
        <cmt>speed: 0.9</cmt>
      </trkpt>
      <trkpt lat="47.359206" lon="8.562618">
        <ele>447</ele>
        <time>2024-05-01T02:03:35Z</time>
        <cmt>speed: 0.7</cmt>
      </trkpt>
      <trkpt lat="47.358897" lon="8.564183">
        <ele>448</ele>
        <time>2024-05-01T02:13:36Z</time>
        <cmt>speed: 0.5</cmt>
      </trkpt>
      <trkpt lat="47.358743" lon="8.56572">
        <ele>430</ele>
        <time>2024-05-01T02:23:35Z</time>
        <cmt>speed: 0.4</cmt>
      </trkpt>
      <trkpt lat="47.358743" lon="8.56572">
        <ele>430</ele>
        <time>2024-05-01T02:33:36Z</time>
      </trkpt>
      <trkpt lat="47.358721" lon="8.565762">
        <ele>443</ele>
        <time>2024-05-01T02:44:46Z</time>
        <cmt>speed: 0.3</cmt>
      </trkpt>
      <trkpt lat="47.358283" lon="8.565876">
        <ele>447</ele>
        <time>2024-05-01T02:54:47Z</time>
        <cmt>speed: 0.1</cmt>
      </trkpt>
      <trkpt lat="47.356635" lon="8.565098">
        <ele>462</ele>
        <time>2024-05-01T03:04:46Z</time>
        <cmt>speed: 2.1</cmt>
      </trkpt>
      <trkpt lat="47.357444" lon="8.562885">
        <ele>437</ele>
        <time>2024-05-01T03:14:46Z</time>
        <cmt>speed: 0.0</cmt>
      </trkpt>
      <trkpt lat="47.357444" lon="8.562885">
        <ele>437</ele>
        <time>2024-05-01T03:14:46Z</time>
      </trkpt>
      <trkpt lat="47.357606" lon="8.562909">
        <ele>478</ele>
        <time>2024-05-01T03:24:47Z</time>
        <cmt>speed: 0.3</cmt>
      </trkpt>
      <trkpt lat="47.359167" lon="8.561837">
        <ele>447</ele>
        <time>2024-05-01T03:34:48Z</time>
        <cmt>speed: 0.3</cmt>
      </trkpt>
      <trkpt lat="47.359329" lon="8.561633">
        <ele>430</ele>
        <time>2024-05-01T03:44:47Z</time>
        <cmt>speed: 0.2</cmt>
      </trkpt>
      <trkpt lat="47.359521" lon="8.562178">
        <ele>421</ele>
        <time>2024-05-01T03:54:46Z</time>
        <cmt>speed: 0.6</cmt>
      </trkpt>
      <trkpt lat="47.360161" lon="8.562146">
        <ele>454</ele>
        <time>2024-05-01T04:04:55Z</time>
        <cmt>speed: 0.3</cmt>
      </trkpt>
      <trkpt lat="47.360052" lon="8.562152">
        <ele>431</ele>
        <time>2024-05-01T04:14:49Z</time>
        <cmt>speed: 0.8</cmt>
      </trkpt>
      <trkpt lat="47.360052" lon="8.562152">
        <ele>431</ele>
        <time>2024-05-01T04:14:49Z</time>
      </trkpt>
      <trkpt lat="47.360149" lon="8.56208">
        <ele>447</ele>
        <time>2024-05-01T04:25:01Z</time>
        <cmt>speed: 0.3</cmt>
      </trkpt>
      <trkpt lat="47.360077" lon="8.562042">
        <ele>448</ele>
        <time>2024-05-01T04:34:57Z</time>
        <cmt>speed: 0.7</cmt>
      </trkpt>
      <trkpt lat="47.360077" lon="8.562042">
        <ele>448</ele>
        <time>2024-05-01T04:34:57Z</time>
      </trkpt>
      <trkpt lat="47.360077" lon="8.562042">
        <ele>448</ele>
        <time>2024-05-01T05:55:53Z</time>
      </trkpt>
      <trkpt lat="47.360506" lon="8.562114">
        <ele>401</ele>
        <time>2024-05-01T05:55:54Z</time>
        <cmt>speed: 2.2</cmt>
      </trkpt>
      <trkpt lat="47.360021" lon="8.561998">
        <ele>427</ele>
        <time>2024-05-01T06:15:33Z</time>
        <cmt>speed: 0.4</cmt>
      </trkpt>
      <trkpt lat="47.360021" lon="8.561998">
        <ele>427</ele>
        <time>2024-05-01T06:15:33Z</time>
      </trkpt>
      <trkpt lat="47.360144" lon="8.562078">
        <ele>436</ele>
        <time>2024-05-01T06:25:10Z</time>
        <cmt>speed: 0.5</cmt>
      </trkpt>
      <trkpt lat="47.359925" lon="8.561663">
        <ele>392</ele>
        <time>2024-05-01T06:35:11Z</time>
        <cmt>speed: 0.0</cmt>
      </trkpt>
      <trkpt lat="47.358632" lon="8.560607">
        <ele>456</ele>
        <time>2024-05-01T06:45:09Z</time>
        <cmt>speed: 1.2</cmt>
      </trkpt>
      <trkpt lat="47.358435" lon="8.559787">
        <ele>432</ele>
        <time>2024-05-01T06:55:07Z</time>
        <cmt>speed: 0.7</cmt>
      </trkpt>
      <trkpt lat="47.358636" lon="8.559038">
        <ele>434</ele>
        <time>2024-05-01T07:05:07Z</time>
        <cmt>speed: 1.4</cmt>
      </trkpt>
      <trkpt lat="47.358757" lon="8.558077">
        <ele>424</ele>
        <time>2024-05-01T07:15:09Z</time>
        <cmt>speed: 0.8</cmt>
      </trkpt>
      <trkpt lat="47.358396" lon="8.558422">
        <ele>416</ele>
        <time>2024-05-01T07:25:09Z</time>
        <cmt>speed: 0.5</cmt>
      </trkpt>
      <trkpt lat="47.357854" lon="8.557825">
        <ele>460</ele>
        <time>2024-05-01T07:35:24Z</time>
        <cmt>speed: 1.6</cmt>
      </trkpt>
      <trkpt lat="47.358032" lon="8.559525">
        <ele>407</ele>
        <time>2024-05-01T07:45:13Z</time>
        <cmt>speed: 0.7</cmt>
      </trkpt>
      <trkpt lat="47.358682" lon="8.560382">
        <ele>428</ele>
        <time>2024-05-01T07:55:07Z</time>
        <cmt>speed: 0.5</cmt>
      </trkpt>
      <trkpt lat="47.358863" lon="8.561313">
        <ele>439</ele>
        <time>2024-05-01T08:05:07Z</time>
        <cmt>speed: 1.0</cmt>
      </trkpt>
      <trkpt lat="47.35797" lon="8.562639">
        <ele>442</ele>
        <time>2024-05-01T08:15:07Z</time>
        <cmt>speed: 0.5</cmt>
      </trkpt>
      <trkpt lat="47.357065" lon="8.562179">
        <ele>436</ele>
        <time>2024-05-01T08:25:11Z</time>
        <cmt>speed: 0.0</cmt>
      </trkpt>
      <trkpt lat="47.357065" lon="8.562179">
        <ele>436</ele>
        <time>2024-05-01T08:35:12Z</time>
      </trkpt>
      <trkpt lat="47.357645" lon="8.56141">
        <ele>446</ele>
        <time>2024-05-01T08:35:13Z</time>
        <cmt>speed: 0.1</cmt>
      </trkpt>
      <trkpt lat="47.357624" lon="8.560973">
        <ele>456</ele>
        <time>2024-05-01T08:45:09Z</time>
        <cmt>speed: 0.5</cmt>
      </trkpt>
      <trkpt lat="47.3576" lon="8.560031">
        <ele>376</ele>
        <time>2024-05-01T08:55:06Z</time>
        <cmt>speed: 2.3</cmt>
      </trkpt>
      <trkpt lat="47.358301" lon="8.559831">
        <ele>438</ele>
        <time>2024-05-01T09:05:08Z</time>
        <cmt>speed: 0.5</cmt>
      </trkpt>
      <trkpt lat="47.358301" lon="8.559831">
        <ele>438</ele>
        <time>2024-05-01T09:15:10Z</time>
      </trkpt>
      <trkpt lat="47.358181" lon="8.560487">
        <ele>400</ele>
        <time>2024-05-01T09:15:11Z</time>
        <cmt>speed: 0.2</cmt>
      </trkpt>
      <trkpt lat="47.357946" lon="8.560214">
        <ele>461</ele>
        <time>2024-05-01T09:25:23Z</time>
        <cmt>speed: 0.8</cmt>
      </trkpt>
      <trkpt lat="47.358365" lon="8.560279">
        <ele>430</ele>
        <time>2024-05-01T10:35:10Z</time>
        <cmt>speed: 0.8</cmt>
      </trkpt>
      <trkpt lat="47.358441" lon="8.560088">
        <ele>440</ele>
        <time>2024-05-01T10:45:08Z</time>
        <cmt>speed: 0.4</cmt>
      </trkpt>
      <trkpt lat="47.358441" lon="8.560088">
        <ele>440</ele>
        <time>2024-05-01T10:55:08Z</time>
      </trkpt>
      <trkpt lat="47.358967" lon="8.560106">
        <ele>391</ele>
        <time>2024-05-01T10:55:09Z</time>
        <cmt>speed: 0.6</cmt>
      </trkpt>
      <trkpt lat="47.358671" lon="8.559906">
        <ele>467</ele>
        <time>2024-05-01T11:05:40Z</time>
        <cmt>speed: 0.1</cmt>
      </trkpt>
      <trkpt lat="47.358779" lon="8.560238">
        <ele>429</ele>
        <time>2024-05-01T11:15:47Z</time>
        <cmt>speed: 0.2</cmt>
      </trkpt>
      <trkpt lat="47.358664" lon="8.560023">
        <ele>443</ele>
        <time>2024-05-01T11:25:51Z</time>
        <cmt>speed: 0.3</cmt>
      </trkpt>
      <trkpt lat="47.358664" lon="8.560023">
        <ele>443</ele>
        <time>2024-05-01T11:35:52Z</time>
      </trkpt>
      <trkpt lat="47.358602" lon="8.559881">
        <ele>444</ele>
        <time>2024-05-01T11:35:54Z</time>
        <cmt>speed: 0.1</cmt>
      </trkpt>
      <trkpt lat="47.358614" lon="8.55991">
        <ele>446</ele>
        <time>2024-05-01T11:45:34Z</time>
        <cmt>speed: 0.9</cmt>
      </trkpt>
      <trkpt lat="47.358614" lon="8.55991">
        <ele>446</ele>
        <time>2024-05-01T11:53:36Z</time>
      </trkpt>
      <trkpt lat="47.358719" lon="8.559774">
        <ele>460</ele>
        <time>2024-05-01T11:55:32Z</time>
        <cmt>speed: 1.5</cmt>
      </trkpt>
      <trkpt lat="47.358719" lon="8.559774">
        <ele>460</ele>
        <time>2024-05-01T12:15:34Z</time>
      </trkpt>
      <trkpt lat="47.358645" lon="8.559978">
        <ele>465</ele>
        <time>2024-05-01T12:15:36Z</time>
        <cmt>speed: 0.0</cmt>
      </trkpt>
      <trkpt lat="47.358863" lon="8.55977">
        <ele>453</ele>
        <time>2024-05-01T12:25:36Z</time>
        <cmt>speed: 0.3</cmt>
      </trkpt>
      <trkpt lat="47.358863" lon="8.55977">
        <ele>453</ele>
        <time>2024-05-01T12:57:39Z</time>
      </trkpt>
      <trkpt lat="47.358762" lon="8.559972">
        <ele>469</ele>
        <time>2024-05-01T12:57:41Z</time>
        <cmt>speed: 0.1</cmt>
      </trkpt>
      <trkpt lat="47.358612" lon="8.55975">
        <ele>504</ele>
        <time>2024-05-01T13:07:41Z</time>
        <cmt>speed: 0.0</cmt>
      </trkpt>
      <trkpt lat="47.358792" lon="8.560025">
        <ele>455</ele>
        <time>2024-05-01T13:17:35Z</time>
        <cmt>speed: 0.2</cmt>
      </trkpt>
      <trkpt lat="47.358758" lon="8.559964">
        <ele>479</ele>
        <time>2024-05-01T14:10:02Z</time>
        <cmt>speed: 0.9</cmt>
      </trkpt>
      <trkpt lat="47.358758" lon="8.559964">
        <ele>479</ele>
        <time>2024-05-01T14:19:47Z</time>
      </trkpt>
      <trkpt lat="47.358789" lon="8.560081">
        <ele>483</ele>
        <time>2024-05-01T14:19:49Z</time>
        <cmt>speed: 1.6</cmt>
      </trkpt>
      <trkpt lat="47.358555" lon="8.559756">
        <ele>469</ele>
        <time>2024-05-01T14:42:28Z</time>
        <cmt>speed: 0.7</cmt>
      </trkpt>
      <trkpt lat="47.358784" lon="8.560131">
        <ele>445</ele>
        <time>2024-05-01T14:52:03Z</time>
        <cmt>speed: 0.0</cmt>
      </trkpt>
      <trkpt lat="47.358784" lon="8.560131">
        <ele>445</ele>
        <time>2024-05-01T14:53:36Z</time>
      </trkpt>
      <trkpt lat="47.358862" lon="8.560145">
        <ele>423</ele>
        <time>2024-05-01T15:01:51Z</time>
        <cmt>speed: 0.1</cmt>
      </trkpt>
      <trkpt lat="47.35881" lon="8.560245">
        <ele>482</ele>
        <time>2024-05-01T15:11:51Z</time>
        <cmt>speed: 0.5</cmt>
      </trkpt>
      <trkpt lat="47.358741" lon="8.560024">
        <ele>479</ele>
        <time>2024-05-01T15:21:51Z</time>
        <cmt>speed: 0.6</cmt>
      </trkpt>
      <trkpt lat="47.358705" lon="8.560047">
        <ele>436</ele>
        <time>2024-05-01T15:31:48Z</time>
        <cmt>speed: 0.2</cmt>
      </trkpt>
      <trkpt lat="47.358705" lon="8.560047">
        <ele>436</ele>
        <time>2024-05-01T15:33:36Z</time>
      </trkpt>
      <trkpt lat="47.358843" lon="8.560248">
        <ele>446</ele>
        <time>2024-05-01T15:41:48Z</time>
        <cmt>speed: 0.0</cmt>
      </trkpt>
      <trkpt lat="47.358654" lon="8.560015">
        <ele>475</ele>
        <time>2024-05-01T15:51:49Z</time>
        <cmt>speed: 0.2</cmt>
      </trkpt>
      <trkpt lat="47.359143" lon="8.561936">
        <ele>459</ele>
        <time>2024-05-01T16:01:49Z</time>
        <cmt>speed: 0.0</cmt>
      </trkpt>
      <trkpt lat="47.35894" lon="8.562926">
        <ele>445</ele>
        <time>2024-05-01T16:11:50Z</time>
        <cmt>speed: 0.0</cmt>
      </trkpt>
      <trkpt lat="47.35894" lon="8.562926">
        <ele>445</ele>
        <time>2024-05-01T16:21:46Z</time>
      </trkpt>
      <trkpt lat="47.358769" lon="8.563409">
        <ele>438</ele>
        <time>2024-05-01T16:21:48Z</time>
        <cmt>speed: 0.1</cmt>
      </trkpt>
      <trkpt lat="47.35853" lon="8.56415">
        <ele>453</ele>
        <time>2024-05-01T16:31:49Z</time>
        <cmt>speed: 1.3</cmt>
      </trkpt>
      <trkpt lat="47.35853" lon="8.56415">
        <ele>453</ele>
        <time>2024-05-01T16:41:48Z</time>
      </trkpt>
      <trkpt lat="47.358394" lon="8.564752">
        <ele>445</ele>
        <time>2024-05-01T16:41:51Z</time>
        <cmt>speed: 0.4</cmt>
      </trkpt>
      <trkpt lat="47.358479" lon="8.564761">
        <ele>441</ele>
        <time>2024-05-01T16:51:50Z</time>
        <cmt>speed: 0.1</cmt>
      </trkpt>
      <trkpt lat="47.358479" lon="8.564761">
        <ele>441</ele>
        <time>2024-05-01T16:53:36Z</time>
      </trkpt>
      <trkpt lat="47.358437" lon="8.564727">
        <ele>443</ele>
        <time>2024-05-01T17:01:48Z</time>
        <cmt>speed: 0.5</cmt>
      </trkpt>
      <trkpt lat="47.358314" lon="8.564709">
        <ele>465</ele>
        <time>2024-05-01T17:11:49Z</time>
        <cmt>speed: 0.2</cmt>
      </trkpt>
      <trkpt lat="47.358314" lon="8.564709">
        <ele>465</ele>
        <time>2024-05-01T17:13:36Z</time>
      </trkpt>
      <trkpt lat="47.358413" lon="8.564712">
        <ele>460</ele>
        <time>2024-05-01T17:22:30Z</time>
        <cmt>speed: 0.1</cmt>
      </trkpt>
      <trkpt lat="47.358319" lon="8.56472">
        <ele>443</ele>
        <time>2024-05-01T17:32:31Z</time>
        <cmt>speed: 0.5</cmt>
      </trkpt>
      <trkpt lat="47.358319" lon="8.56472">
        <ele>443</ele>
        <time>2024-05-01T17:33:36Z</time>
      </trkpt>
      <trkpt lat="47.35832" lon="8.564709">
        <ele>447</ele>
        <time>2024-05-01T17:42:31Z</time>
        <cmt>speed: 0.4</cmt>
      </trkpt>
      <trkpt lat="47.358351" lon="8.565177">
        <ele>462</ele>
        <time>2024-05-01T17:52:31Z</time>
        <cmt>speed: 2.1</cmt>
      </trkpt>
      <trkpt lat="47.358351" lon="8.565177">
        <ele>462</ele>
        <time>2024-05-01T17:53:36Z</time>
      </trkpt>
      <trkpt lat="47.358536" lon="8.564029">
        <ele>449</ele>
        <time>2024-05-01T18:02:31Z</time>
        <cmt>speed: 0.1</cmt>
      </trkpt>
      <trkpt lat="47.357488" lon="8.564421">
        <ele>467</ele>
        <time>2024-05-01T18:12:31Z</time>
        <cmt>speed: 0.5</cmt>
      </trkpt>
      <trkpt lat="47.357488" lon="8.564421">
        <ele>467</ele>
        <time>2024-05-01T18:13:36Z</time>
      </trkpt>
      <trkpt lat="47.357485" lon="8.564457">
        <ele>454</ele>
        <time>2024-05-01T18:22:30Z</time>
        <cmt>speed: 0.3</cmt>
      </trkpt>
      <trkpt lat="47.3575" lon="8.564572">
        <ele>465</ele>
        <time>2024-05-01T18:32:30Z</time>
        <cmt>speed: 0.6</cmt>
      </trkpt>
      <trkpt lat="47.3575" lon="8.564572">
        <ele>465</ele>
        <time>2024-05-01T18:42:29Z</time>
      </trkpt>
      <trkpt lat="47.357437" lon="8.564446">
        <ele>464</ele>
        <time>2024-05-01T18:42:32Z</time>
        <cmt>speed: 0.0</cmt>
      </trkpt>
      <trkpt lat="47.357488" lon="8.564627">
        <ele>479</ele>
        <time>2024-05-01T18:52:31Z</time>
        <cmt>speed: 2.7</cmt>
      </trkpt>
      <trkpt lat="47.357183" lon="8.564112">
        <ele>414</ele>
        <time>2024-05-01T19:02:30Z</time>
        <cmt>speed: 1.9</cmt>
      </trkpt>
      <trkpt lat="47.356616" lon="8.564628">
        <ele>470</ele>
        <time>2024-05-01T19:12:32Z</time>
        <cmt>speed: 0.2</cmt>
      </trkpt>
      <trkpt lat="47.356616" lon="8.564628">
        <ele>470</ele>
        <time>2024-05-01T19:22:33Z</time>
      </trkpt>
      <trkpt lat="47.356572" lon="8.565066">
        <ele>485</ele>
        <time>2024-05-01T19:22:36Z</time>
        <cmt>speed: 0.0</cmt>
      </trkpt>
      <trkpt lat="47.356668" lon="8.563513">
        <ele>454</ele>
        <time>2024-05-01T19:32:32Z</time>
        <cmt>speed: 3.2</cmt>
      </trkpt>
      <trkpt lat="47.357201" lon="8.563661">
        <ele>481</ele>
        <time>2024-05-01T19:42:31Z</time>
        <cmt>speed: 2.2</cmt>
      </trkpt>
      <trkpt lat="47.357284" lon="8.563766">
        <ele>451</ele>
        <time>2024-05-01T19:52:32Z</time>
        <cmt>speed: 0.1</cmt>
      </trkpt>
      <trkpt lat="47.357284" lon="8.563766">
        <ele>451</ele>
        <time>2024-05-01T19:53:36Z</time>
      </trkpt>
      <trkpt lat="47.357148" lon="8.563796">
        <ele>459</ele>
        <time>2024-05-01T20:02:33Z</time>
        <cmt>speed: 0.0</cmt>
      </trkpt>
      <trkpt lat="47.357104" lon="8.563693">
        <ele>473</ele>
        <time>2024-05-01T20:12:35Z</time>
        <cmt>speed: 0.1</cmt>
      </trkpt>
      <trkpt lat="47.357104" lon="8.563693">
        <ele>473</ele>
        <time>2024-05-01T20:13:36Z</time>
      </trkpt>
      <trkpt lat="47.357186" lon="8.563805">
        <ele>430</ele>
        <time>2024-05-01T20:22:36Z</time>
        <cmt>speed: 0.7</cmt>
      </trkpt>
      <trkpt lat="47.357151" lon="8.563687">
        <ele>464</ele>
        <time>2024-05-01T20:32:31Z</time>
        <cmt>speed: 0.5</cmt>
      </trkpt>
      <trkpt lat="47.357151" lon="8.563687">
        <ele>464</ele>
        <time>2024-05-01T20:42:29Z</time>
      </trkpt>
      <trkpt lat="47.357142" lon="8.563789">
        <ele>454</ele>
        <time>2024-05-01T20:42:32Z</time>
        <cmt>speed: 0.1</cmt>
      </trkpt>
      <trkpt lat="47.357263" lon="8.563661">
        <ele>438</ele>
        <time>2024-05-01T20:52:34Z</time>
        <cmt>speed: 0.1</cmt>
      </trkpt>
      <trkpt lat="47.357263" lon="8.563661">
        <ele>438</ele>
        <time>2024-05-01T20:53:36Z</time>
      </trkpt>
      <trkpt lat="47.357199" lon="8.563759">
        <ele>485</ele>
        <time>2024-05-01T21:02:35Z</time>
        <cmt>speed: 0.0</cmt>
      </trkpt>
      <trkpt lat="47.357164" lon="8.563592">
        <ele>482</ele>
        <time>2024-05-01T21:12:32Z</time>
        <cmt>speed: 0.4</cmt>
      </trkpt>
      <trkpt lat="47.357164" lon="8.563592">
        <ele>482</ele>
        <time>2024-05-01T21:22:28Z</time>
      </trkpt>
      <trkpt lat="47.357175" lon="8.563804">
        <ele>456</ele>
        <time>2024-05-01T21:22:31Z</time>
        <cmt>speed: 0.5</cmt>
      </trkpt>
      <trkpt lat="47.357182" lon="8.563637">
        <ele>492</ele>
        <time>2024-05-01T21:32:33Z</time>
        <cmt>speed: 0.0</cmt>
      </trkpt>
      <trkpt lat="47.357311" lon="8.563733">
        <ele>422</ele>
        <time>2024-05-01T21:42:45Z</time>
        <cmt>speed: 0.1</cmt>
      </trkpt>
      <trkpt lat="47.35723" lon="8.563696">
        <ele>460</ele>
        <time>2024-05-01T21:52:32Z</time>
        <cmt>speed: 1.0</cmt>
      </trkpt>
      <trkpt lat="47.35723" lon="8.563696">
        <ele>460</ele>
        <time>2024-05-01T21:53:36Z</time>
      </trkpt>
      <trkpt lat="47.357233" lon="8.563759">
        <ele>461</ele>
        <time>2024-05-01T22:02:31Z</time>
        <cmt>speed: 0.6</cmt>
      </trkpt>
      <trkpt lat="47.357238" lon="8.564641">
        <ele>459</ele>
        <time>2024-05-01T22:12:31Z</time>
        <cmt>speed: 0.0</cmt>
      </trkpt>
      <trkpt lat="47.357682" lon="8.564806">
        <ele>442</ele>
        <time>2024-05-01T22:22:32Z</time>
        <cmt>speed: 0.4</cmt>
      </trkpt>
      <trkpt lat="47.357768" lon="8.562486">
        <ele>444</ele>
        <time>2024-05-01T22:32:33Z</time>
        <cmt>speed: 0.1</cmt>
      </trkpt>
      <trkpt lat="47.357904" lon="8.562184">
        <ele>453</ele>
        <time>2024-05-01T22:42:33Z</time>
        <cmt>speed: 0.1</cmt>
      </trkpt>
      <trkpt lat="47.357431" lon="8.561709">
        <ele>442</ele>
        <time>2024-05-01T22:52:34Z</time>
        <cmt>speed: 9.5</cmt>
      </trkpt>
      <trkpt lat="47.357431" lon="8.561709">
        <ele>442</ele>
        <time>2024-05-01T23:02:29Z</time>
      </trkpt>
      <trkpt lat="47.357937" lon="8.561082">
        <ele>430</ele>
        <time>2024-05-01T23:02:32Z</time>
        <cmt>speed: 0.6</cmt>
      </trkpt>
      <trkpt lat="47.357696" lon="8.561169">
        <ele>439</ele>
        <time>2024-05-01T23:12:34Z</time>
        <cmt>speed: 0.1</cmt>
      </trkpt>
      <trkpt lat="47.357872" lon="8.56107">
        <ele>409</ele>
        <time>2024-05-01T23:22:35Z</time>
        <cmt>speed: 0.0</cmt>
      </trkpt>
      <trkpt lat="47.358487" lon="8.560811">
        <ele>461</ele>
        <time>2024-05-01T23:32:34Z</time>
        <cmt>speed: 0.1</cmt>
      </trkpt>
      <trkpt lat="47.358487" lon="8.560811">
        <ele>461</ele>
        <time>2024-05-01T23:33:36Z</time>
      </trkpt>
      <trkpt lat="47.358596" lon="8.559844">
        <ele>390</ele>
        <time>2024-05-01T23:42:31Z</time>
        <cmt>speed: 0.4</cmt>
      </trkpt>
      <trkpt lat="47.35931" lon="8.560782">
        <ele>447</ele>
        <time>2024-05-01T23:52:34Z</time>
        <cmt>speed: 0.1</cmt>
      </trkpt>
      <trkpt lat="47.359203" lon="8.564051">
        <ele>453</ele>
        <time>2024-05-02T00:02:32Z</time>
        <cmt>speed: 0.0</cmt>
      </trkpt>
      <trkpt lat="47.358305" lon="8.566038">
        <ele>473</ele>
        <time>2024-05-02T00:12:40Z</time>
        <cmt>speed: 0.0</cmt>
      </trkpt>
      <trkpt lat="47.358353" lon="8.566136">
        <ele>474</ele>
        <time>2024-05-02T00:22:34Z</time>
        <cmt>speed: 2.9</cmt>
      </trkpt>
      <trkpt lat="47.35861" lon="8.566276">
        <ele>472</ele>
        <time>2024-05-02T00:32:32Z</time>
        <cmt>speed: 0.7</cmt>
      </trkpt>
      <trkpt lat="47.35861" lon="8.566276">
        <ele>472</ele>
        <time>2024-05-02T00:42:28Z</time>
      </trkpt>
      <trkpt lat="47.358366" lon="8.566249">
        <ele>446</ele>
        <time>2024-05-02T00:42:32Z</time>
        <cmt>speed: 0.7</cmt>
      </trkpt>
      <trkpt lat="47.358415" lon="8.56615">
        <ele>468</ele>
        <time>2024-05-02T00:52:32Z</time>
        <cmt>speed: 0.6</cmt>
      </trkpt>
      <trkpt lat="47.358415" lon="8.56615">
        <ele>468</ele>
        <time>2024-05-02T00:53:36Z</time>
      </trkpt>
      <trkpt lat="47.358387" lon="8.566111">
        <ele>458</ele>
        <time>2024-05-02T01:02:32Z</time>
        <cmt>speed: 0.2</cmt>
      </trkpt>
      <trkpt lat="47.35855" lon="8.565885">
        <ele>461</ele>
        <time>2024-05-02T01:12:32Z</time>
        <cmt>speed: 0.7</cmt>
      </trkpt>
      <trkpt lat="47.35855" lon="8.565885">
        <ele>461</ele>
        <time>2024-05-02T01:13:36Z</time>
      </trkpt>
      <trkpt lat="47.358423" lon="8.566117">
        <ele>456</ele>
        <time>2024-05-02T01:22:34Z</time>
        <cmt>speed: 0.3</cmt>
      </trkpt>
      <trkpt lat="47.358291" lon="8.566142">
        <ele>447</ele>
        <time>2024-05-02T01:32:33Z</time>
        <cmt>speed: 0.1</cmt>
      </trkpt>
      <trkpt lat="47.358291" lon="8.566142">
        <ele>447</ele>
        <time>2024-05-02T01:33:36Z</time>
      </trkpt>
      <trkpt lat="47.358307" lon="8.566269">
        <ele>457</ele>
        <time>2024-05-02T01:42:32Z</time>
        <cmt>speed: 0.0</cmt>
      </trkpt>
      <trkpt lat="47.358372" lon="8.566163">
        <ele>453</ele>
        <time>2024-05-02T01:52:33Z</time>
        <cmt>speed: 0.3</cmt>
      </trkpt>
      <trkpt lat="47.358372" lon="8.566163">
        <ele>453</ele>
        <time>2024-05-02T01:53:36Z</time>
      </trkpt>
      <trkpt lat="47.358386" lon="8.566102">
        <ele>451</ele>
        <time>2024-05-02T02:02:31Z</time>
        <cmt>speed: 0.5</cmt>
      </trkpt>
      <trkpt lat="47.358304" lon="8.565226">
        <ele>467</ele>
        <time>2024-05-02T02:12:32Z</time>
        <cmt>speed: 0.4</cmt>
      </trkpt>
      <trkpt lat="47.358304" lon="8.565226">
        <ele>467</ele>
        <time>2024-05-02T02:22:30Z</time>
      </trkpt>
      <trkpt lat="47.358162" lon="8.565053">
        <ele>464</ele>
        <time>2024-05-02T02:22:34Z</time>
        <cmt>speed: 0.1</cmt>
      </trkpt>
      <trkpt lat="47.358256" lon="8.565408">
        <ele>458</ele>
        <time>2024-05-02T02:32:31Z</time>
        <cmt>speed: 0.4</cmt>
      </trkpt>
      <trkpt lat="47.35844" lon="8.561907">
        <ele>419</ele>
        <time>2024-05-02T02:42:31Z</time>
        <cmt>speed: 1.8</cmt>
      </trkpt>
      <trkpt lat="47.357916" lon="8.562461">
        <ele>484</ele>
        <time>2024-05-02T02:52:32Z</time>
        <cmt>speed: 1.8</cmt>
      </trkpt>
      <trkpt lat="47.358091" lon="8.562369">
        <ele>468</ele>
        <time>2024-05-02T03:02:36Z</time>
        <cmt>speed: 0.1</cmt>
      </trkpt>
      <trkpt lat="47.358118" lon="8.560863">
        <ele>441</ele>
        <time>2024-05-02T03:12:33Z</time>
        <cmt>speed: 0.6</cmt>
      </trkpt>
      <trkpt lat="47.357799" lon="8.560539">
        <ele>451</ele>
        <time>2024-05-02T03:22:34Z</time>
        <cmt>speed: 1.5</cmt>
      </trkpt>
      <trkpt lat="47.359458" lon="8.560329">
        <ele>431</ele>
        <time>2024-05-02T03:32:34Z</time>
        <cmt>speed: 0.1</cmt>
      </trkpt>
      <trkpt lat="47.358108" lon="8.559734">
        <ele>434</ele>
        <time>2024-05-02T03:42:44Z</time>
        <cmt>speed: 0.7</cmt>
      </trkpt>
      <trkpt lat="47.358602" lon="8.560561">
        <ele>464</ele>
        <time>2024-05-02T03:52:32Z</time>
        <cmt>speed: 0.9</cmt>
      </trkpt>
      <trkpt lat="47.358602" lon="8.560561">
        <ele>464</ele>
        <time>2024-05-02T04:02:39Z</time>
      </trkpt>
      <trkpt lat="47.358656" lon="8.560491">
        <ele>407</ele>
        <time>2024-05-02T04:02:43Z</time>
        <cmt>speed: 0.2</cmt>
      </trkpt>
      <trkpt lat="47.358792" lon="8.560473">
        <ele>447</ele>
        <time>2024-05-02T04:12:34Z</time>
        <cmt>speed: 0.1</cmt>
      </trkpt>
      <trkpt lat="47.358792" lon="8.560473">
        <ele>447</ele>
        <time>2024-05-02T04:13:36Z</time>
      </trkpt>
      <trkpt lat="47.358958" lon="8.560344">
        <ele>468</ele>
        <time>2024-05-02T04:22:32Z</time>
        <cmt>speed: 2.2</cmt>
      </trkpt>
      <trkpt lat="47.358731" lon="8.560597">
        <ele>435</ele>
        <time>2024-05-02T04:32:33Z</time>
        <cmt>speed: 0.4</cmt>
      </trkpt>
      <trkpt lat="47.357932" lon="8.562582">
        <ele>454</ele>
        <time>2024-05-02T04:42:35Z</time>
        <cmt>speed: 0.8</cmt>
      </trkpt>
      <trkpt lat="47.357604" lon="8.562963">
        <ele>457</ele>
        <time>2024-05-02T04:52:41Z</time>
        <cmt>speed: 0.1</cmt>
      </trkpt>
      <trkpt lat="47.358461" lon="8.562328">
        <ele>463</ele>
        <time>2024-05-02T05:02:32Z</time>
        <cmt>speed: 0.7</cmt>
      </trkpt>
      <trkpt lat="47.360425" lon="8.563284">
        <ele>463</ele>
        <time>2024-05-02T05:12:41Z</time>
        <cmt>speed: 1.2</cmt>
      </trkpt>
      <trkpt lat="47.359974" lon="8.56367">
        <ele>434</ele>
        <time>2024-05-02T05:12:59Z</time>
      </trkpt>
      <trkpt lat="47.359974" lon="8.56367">
        <ele>434</ele>
        <time>2024-05-02T05:27:35Z</time>
      </trkpt>
      <trkpt lat="47.359974" lon="8.56367">
        <ele>434</ele>
        <time>2024-05-02T05:27:59Z</time>
      </trkpt>
      <trkpt lat="47.359971" lon="8.563851">
        <ele>445</ele>
        <time>2024-05-02T05:48:06Z</time>
        <cmt>speed: 0.0</cmt>
      </trkpt>
      <trkpt lat="47.358712" lon="8.563356">
        <ele>464</ele>
        <time>2024-05-02T05:58:00Z</time>
        <cmt>speed: 0.8</cmt>
      </trkpt>
      <trkpt lat="47.358681" lon="8.563748">
        <ele>444</ele>
        <time>2024-05-02T06:08:00Z</time>
        <cmt>speed: 0.2</cmt>
      </trkpt>
      <trkpt lat="47.358681" lon="8.563748">
        <ele>444</ele>
        <time>2024-05-02T06:08:12Z</time>
      </trkpt>
      <trkpt lat="47.358454" lon="8.564273">
        <ele>454</ele>
        <time>2024-05-02T06:18:01Z</time>
        <cmt>speed: 0.6</cmt>
      </trkpt>
      <trkpt lat="47.358224" lon="8.565464">
        <ele>462</ele>
        <time>2024-05-02T06:28:00Z</time>
        <cmt>speed: 0.7</cmt>
      </trkpt>
      <trkpt lat="47.358224" lon="8.565464">
        <ele>462</ele>
        <time>2024-05-02T06:28:12Z</time>
      </trkpt>
      <trkpt lat="47.358195" lon="8.565363">
        <ele>443</ele>
        <time>2024-05-02T06:38:00Z</time>
        <cmt>speed: 0.1</cmt>
      </trkpt>
      <trkpt lat="47.358294" lon="8.566048">
        <ele>445</ele>
        <time>2024-05-02T06:48:02Z</time>
        <cmt>speed: 0.2</cmt>
      </trkpt>
      <trkpt lat="47.358391" lon="8.565989">
        <ele>456</ele>
        <time>2024-05-02T06:58:01Z</time>
        <cmt>speed: 0.0</cmt>
      </trkpt>
      <trkpt lat="47.358515" lon="8.566024">
        <ele>447</ele>
        <time>2024-05-02T07:08:02Z</time>
        <cmt>speed: 0.3</cmt>
      </trkpt>
      <trkpt lat="47.358411" lon="8.566193">
        <ele>451</ele>
        <time>2024-05-02T07:18:00Z</time>
        <cmt>speed: 0.3</cmt>
      </trkpt>
      <trkpt lat="47.358415" lon="8.566067">
        <ele>468</ele>
        <time>2024-05-02T07:28:01Z</time>
        <cmt>speed: 0.4</cmt>
      </trkpt>
      <trkpt lat="47.358625" lon="8.566262">
        <ele>426</ele>
        <time>2024-05-02T07:38:01Z</time>
        <cmt>speed: 0.5</cmt>
      </trkpt>
      <trkpt lat="47.358625" lon="8.566262">
        <ele>426</ele>
        <time>2024-05-02T07:47:57Z</time>
      </trkpt>
      <trkpt lat="47.358581" lon="8.566187">
        <ele>432</ele>
        <time>2024-05-02T07:48:01Z</time>
        <cmt>speed: 1.2</cmt>
      </trkpt>
      <trkpt lat="47.358591" lon="8.566186">
        <ele>505</ele>
        <time>2024-05-02T07:58:01Z</time>
        <cmt>speed: 0.3</cmt>
      </trkpt>
      <trkpt lat="47.35841" lon="8.564815">
        <ele>462</ele>
        <time>2024-05-02T08:08:01Z</time>
        <cmt>speed: 0.2</cmt>
      </trkpt>
      <trkpt lat="47.358504" lon="8.564769">
        <ele>452</ele>
        <time>2024-05-02T08:18:02Z</time>
        <cmt>speed: 0.1</cmt>
      </trkpt>
      <trkpt lat="47.358688" lon="8.565032">
        <ele>442</ele>
        <time>2024-05-02T08:28:16Z</time>
        <cmt>speed: 0.0</cmt>
      </trkpt>
      <trkpt lat="47.358523" lon="8.564875">
        <ele>455</ele>
        <time>2024-05-02T08:38:04Z</time>
        <cmt>speed: 0.1</cmt>
      </trkpt>
      <trkpt lat="47.359693" lon="8.563861">
        <ele>458</ele>
        <time>2024-05-02T08:48:07Z</time>
        <cmt>speed: 0.1</cmt>
      </trkpt>
      <trkpt lat="47.359974" lon="8.56367">
        <ele>434</ele>
        <time>2024-05-02T08:51:54Z</time>
      </trkpt>
      <trkpt lat="47.359974" lon="8.56367">
        <ele>434</ele>
        <time>2024-05-02T09:06:54Z</time>
      </trkpt>
      <trkpt lat="47.359959" lon="8.563643">
        <ele>434</ele>
        <time>2024-05-02T21:06:52Z</time>
      </trkpt>
      <trkpt lat="47.359974" lon="8.56367">
        <ele>434</ele>
        <time>2024-05-03T00:03:23Z</time>
      </trkpt>
      <trkpt lat="47.360324" lon="8.563099">
        <ele>494</ele>
        <time>2024-05-03T00:03:58Z</time>
        <cmt>speed: 1.1</cmt>
      </trkpt>
      <trkpt lat="47.359956" lon="8.560609">
        <ele>434</ele>
        <time>2024-05-03T00:13:33Z</time>
        <cmt>speed: 0.8</cmt>
      </trkpt>
      <trkpt lat="47.359017" lon="8.560453">
        <ele>446</ele>
        <time>2024-05-03T00:23:32Z</time>
        <cmt>speed: 1.4</cmt>
      </trkpt>
      <trkpt lat="47.359959" lon="8.563643">
        <ele>434</ele>
        <time>2024-05-03T00:31:02Z</time>
      </trkpt>
      <trkpt lat="47.359959" lon="8.563643">
        <ele>434</ele>
        <time>2024-05-03T00:46:02Z</time>
      </trkpt>
      <trkpt lat="47.359959" lon="8.563643">
        <ele>434</ele>
        <time>2024-05-03T02:55:16Z</time>
      </trkpt>
      <trkpt lat="47.35874" lon="8.561306">
        <ele>457</ele>
        <time>2024-05-03T03:05:28Z</time>
        <cmt>speed: 0.3</cmt>
      </trkpt>
      <trkpt lat="47.357936" lon="8.560621">
        <ele>479</ele>
        <time>2024-05-03T03:15:27Z</time>
        <cmt>speed: 1.1</cmt>
      </trkpt>
      <trkpt lat="47.357936" lon="8.560621">
        <ele>479</ele>
        <time>2024-05-03T03:15:35Z</time>
      </trkpt>
      <trkpt lat="47.358852" lon="8.560104">
        <ele>463</ele>
        <time>2024-05-03T03:25:26Z</time>
        <cmt>speed: 0.1</cmt>
      </trkpt>
      <trkpt lat="47.358783" lon="8.560051">
        <ele>433</ele>
        <time>2024-05-03T03:35:28Z</time>
        <cmt>speed: 0.4</cmt>
      </trkpt>
      <trkpt lat="47.358783" lon="8.560051">
        <ele>433</ele>
        <time>2024-05-03T03:35:35Z</time>
      </trkpt>
      <trkpt lat="47.357451" lon="8.559725">
        <ele>456</ele>
        <time>2024-05-03T03:45:30Z</time>
        <cmt>speed: 0.1</cmt>
      </trkpt>
      <trkpt lat="47.357772" lon="8.558641">
        <ele>418</ele>
        <time>2024-05-03T03:55:35Z</time>
        <cmt>speed: 1.3</cmt>
      </trkpt>
      <trkpt lat="47.357033" lon="8.558845">
        <ele>404</ele>
        <time>2024-05-03T04:05:31Z</time>
        <cmt>speed: 0.4</cmt>
      </trkpt>
      <trkpt lat="47.357634" lon="8.558365">
        <ele>437</ele>
        <time>2024-05-03T04:15:42Z</time>
        <cmt>speed: 1.6</cmt>
      </trkpt>
      <trkpt lat="47.358777" lon="8.560548">
        <ele>442</ele>
        <time>2024-05-03T04:25:28Z</time>
        <cmt>speed: 0.5</cmt>
      </trkpt>
      <trkpt lat="47.358762" lon="8.560991">
        <ele>436</ele>
        <time>2024-05-03T04:27:10Z</time>
        <cmt>speed: 0.2</cmt>
      </trkpt>
      <trkpt lat="47.358851" lon="8.561068">
        <ele>437</ele>
        <time>2024-05-03T04:27:14Z</time>
        <cmt>speed: 0.6</cmt>
      </trkpt>
      <trkpt lat="47.358851" lon="8.561068">
        <ele>437</ele>
        <time>2024-05-03T04:27:18Z</time>
        <cmt>speed: 0.0</cmt>
      </trkpt>
      <trkpt lat="47.358677" lon="8.562314">
        <ele>427</ele>
        <time>2024-05-03T04:35:28Z</time>
        <cmt>speed: 0.4</cmt>
      </trkpt>
      <trkpt lat="47.358273" lon="8.561909">
        <ele>440</ele>
        <time>2024-05-03T04:45:25Z</time>
        <cmt>speed: 1.9</cmt>
      </trkpt>
      <trkpt lat="47.358676" lon="8.561138">
        <ele>470</ele>
        <time>2024-05-03T04:55:28Z</time>
        <cmt>speed: 0.0</cmt>
      </trkpt>
      <trkpt lat="47.358676" lon="8.561138">
        <ele>470</ele>
        <time>2024-05-03T04:56:15Z</time>
      </trkpt>
      <trkpt lat="47.358652" lon="8.561226">
        <ele>430</ele>
        <time>2024-05-03T05:05:33Z</time>
        <cmt>speed: 0.3</cmt>
      </trkpt>
      <trkpt lat="47.358652" lon="8.561226">
        <ele>430</ele>
        <time>2024-05-03T05:06:58Z</time>
      </trkpt>
      <trkpt lat="47.358675" lon="8.561263">
        <ele>431</ele>
        <time>2024-05-03T05:15:28Z</time>
        <cmt>speed: 2.0</cmt>
      </trkpt>
      <trkpt lat="47.358523" lon="8.56134">
        <ele>390</ele>
        <time>2024-05-03T05:25:49Z</time>
        <cmt>speed: 1.4</cmt>
      </trkpt>
      <trkpt lat="47.358523" lon="8.56134">
        <ele>390</ele>
        <time>2024-05-03T05:26:58Z</time>
      </trkpt>
      <trkpt lat="47.358459" lon="8.561231">
        <ele>413</ele>
        <time>2024-05-03T05:35:28Z</time>
        <cmt>speed: 3.1</cmt>
      </trkpt>
      <trkpt lat="47.358477" lon="8.561081">
        <ele>383</ele>
        <time>2024-05-03T05:45:27Z</time>
        <cmt>speed: 0.5</cmt>
      </trkpt>
      <trkpt lat="47.358926" lon="8.561241">
        <ele>443</ele>
        <time>2024-05-03T05:55:26Z</time>
        <cmt>speed: 1.1</cmt>
      </trkpt>
      <trkpt lat="47.358492" lon="8.562815">
        <ele>440</ele>
        <time>2024-05-03T06:05:27Z</time>
        <cmt>speed: 0.5</cmt>
      </trkpt>
      <trkpt lat="47.358492" lon="8.562815">
        <ele>440</ele>
        <time>2024-05-03T06:15:19Z</time>
      </trkpt>
      <trkpt lat="47.358524" lon="8.56305">
        <ele>456</ele>
        <time>2024-05-03T06:15:27Z</time>
        <cmt>speed: 0.0</cmt>
      </trkpt>
      <trkpt lat="47.358543" lon="8.563445">
        <ele>448</ele>
        <time>2024-05-03T06:25:25Z</time>
        <cmt>speed: 0.1</cmt>
      </trkpt>
      <trkpt lat="47.35849" lon="8.563438">
        <ele>471</ele>
        <time>2024-05-03T06:45:27Z</time>
        <cmt>speed: 0.9</cmt>
      </trkpt>
      <trkpt lat="47.35849" lon="8.563438">
        <ele>471</ele>
        <time>2024-05-03T06:46:58Z</time>
      </trkpt>
      <trkpt lat="47.358306" lon="8.56356">
        <ele>407</ele>
        <time>2024-05-03T06:58:06Z</time>
        <cmt>speed: 0.4</cmt>
      </trkpt>
      <trkpt lat="47.358601" lon="8.563639">
        <ele>443</ele>
        <time>2024-05-03T07:08:07Z</time>
        <cmt>speed: 0.3</cmt>
      </trkpt>
      <trkpt lat="47.358332" lon="8.56422">
        <ele>416</ele>
        <time>2024-05-03T07:18:08Z</time>
        <cmt>speed: 2.2</cmt>
      </trkpt>
      <trkpt lat="47.358576" lon="8.564139">
        <ele>453</ele>
        <time>2024-05-03T07:28:06Z</time>
        <cmt>speed: 0.2</cmt>
      </trkpt>
      <trkpt lat="47.358466" lon="8.564204">
        <ele>421</ele>
        <time>2024-05-03T07:38:06Z</time>
        <cmt>speed: 0.3</cmt>
      </trkpt>
      <trkpt lat="47.358466" lon="8.564204">
        <ele>421</ele>
        <time>2024-05-03T07:46:58Z</time>
      </trkpt>
      <trkpt lat="47.3586" lon="8.564373">
        <ele>444</ele>
        <time>2024-05-03T07:48:33Z</time>
        <cmt>speed: 0.2</cmt>
      </trkpt>
      <trkpt lat="47.358431" lon="8.564669">
        <ele>440</ele>
        <time>2024-05-03T07:58:33Z</time>
        <cmt>speed: 1.5</cmt>
      </trkpt>
      <trkpt lat="47.358461" lon="8.565347">
        <ele>465</ele>
        <time>2024-05-03T08:08:33Z</time>
        <cmt>speed: 0.0</cmt>
      </trkpt>
      <trkpt lat="47.3579" lon="8.564277">
        <ele>459</ele>
        <time>2024-05-03T08:18:33Z</time>
        <cmt>speed: 0.2</cmt>
      </trkpt>
      <trkpt lat="47.357718" lon="8.563952">
        <ele>455</ele>
        <time>2024-05-03T08:28:32Z</time>
        <cmt>speed: 0.3</cmt>
      </trkpt>
      <trkpt lat="47.357299" lon="8.564029">
        <ele>437</ele>
        <time>2024-05-03T08:38:33Z</time>
        <cmt>speed: 0.3</cmt>
      </trkpt>
      <trkpt lat="47.357299" lon="8.564029">
        <ele>437</ele>
        <time>2024-05-03T08:48:25Z</time>
      </trkpt>
      <trkpt lat="47.357266" lon="8.564055">
        <ele>444</ele>
        <time>2024-05-03T08:48:34Z</time>
        <cmt>speed: 0.2</cmt>
      </trkpt>
      <trkpt lat="47.35724" lon="8.564108">
        <ele>461</ele>
        <time>2024-05-03T08:58:41Z</time>
        <cmt>speed: 0.0</cmt>
      </trkpt>
      <trkpt lat="47.35724" lon="8.564108">
        <ele>461</ele>
        <time>2024-05-03T09:08:24Z</time>
      </trkpt>
      <trkpt lat="47.357192" lon="8.564053">
        <ele>443</ele>
        <time>2024-05-03T09:08:33Z</time>
        <cmt>speed: 0.1</cmt>
      </trkpt>
      <trkpt lat="47.35724" lon="8.56406">
        <ele>450</ele>
        <time>2024-05-03T09:18:33Z</time>
        <cmt>speed: 0.0</cmt>
      </trkpt>
      <trkpt lat="47.35724" lon="8.56406">
        <ele>450</ele>
        <time>2024-05-03T09:28:23Z</time>
      </trkpt>
      <trkpt lat="47.357274" lon="8.56406">
        <ele>452</ele>
        <time>2024-05-03T09:28:32Z</time>
        <cmt>speed: 0.2</cmt>
      </trkpt>
      <trkpt lat="47.357192" lon="8.563468">
        <ele>467</ele>
        <time>2024-05-03T09:38:47Z</time>
        <cmt>speed: 1.3</cmt>
      </trkpt>
      <trkpt lat="47.357318" lon="8.563226">
        <ele>447</ele>
        <time>2024-05-03T09:48:34Z</time>
        <cmt>speed: 0.8</cmt>
      </trkpt>
      <trkpt lat="47.358262" lon="8.562161">
        <ele>427</ele>
        <time>2024-05-03T09:58:33Z</time>
        <cmt>speed: 1.5</cmt>
      </trkpt>
      <trkpt lat="47.359283" lon="8.560036">
        <ele>440</ele>
        <time>2024-05-03T10:08:34Z</time>
        <cmt>speed: 1.1</cmt>
      </trkpt>
      <trkpt lat="47.35822" lon="8.559634">
        <ele>427</ele>
        <time>2024-05-03T10:18:34Z</time>
        <cmt>speed: 0.6</cmt>
      </trkpt>
      <trkpt lat="47.358135" lon="8.559791">
        <ele>434</ele>
        <time>2024-05-03T10:19:04Z</time>
        <cmt>speed: 0.4</cmt>
      </trkpt>
      <trkpt lat="47.358107" lon="8.55986">
        <ele>434</ele>
        <time>2024-05-03T10:19:08Z</time>
        <cmt>speed: 0.0</cmt>
      </trkpt>
      <trkpt lat="47.358107" lon="8.55986">
        <ele>434</ele>
        <time>2024-05-03T10:19:12Z</time>
        <cmt>speed: 0.0</cmt>
      </trkpt>
      <trkpt lat="47.358107" lon="8.55986">
        <ele>434</ele>
        <time>2024-05-03T10:19:16Z</time>
        <cmt>speed: 0.0</cmt>
      </trkpt>
      <trkpt lat="47.358107" lon="8.55986">
        <ele>434</ele>
        <time>2024-05-03T10:19:20Z</time>
        <cmt>speed: 0.0</cmt>
      </trkpt>
      <trkpt lat="47.357588" lon="8.560045">
        <ele>432</ele>
        <time>2024-05-03T10:21:29Z</time>
        <cmt>speed: 0.5</cmt>
      </trkpt>
      <trkpt lat="47.357619" lon="8.56001">
        <ele>430</ele>
        <time>2024-05-03T10:21:33Z</time>
        <cmt>speed: 0.4</cmt>
      </trkpt>
      <trkpt lat="47.357624" lon="8.560003">
        <ele>433</ele>
        <time>2024-05-03T10:21:37Z</time>
        <cmt>speed: 0.5</cmt>
      </trkpt>
      <trkpt lat="47.357604" lon="8.56001">
        <ele>434</ele>
        <time>2024-05-03T10:21:41Z</time>
        <cmt>speed: 0.0</cmt>
      </trkpt>
      <trkpt lat="47.357604" lon="8.56001">
        <ele>434</ele>
        <time>2024-05-03T10:21:45Z</time>
        <cmt>speed: 0.0</cmt>
      </trkpt>
      <trkpt lat="47.357604" lon="8.56001">
        <ele>434</ele>
        <time>2024-05-03T10:21:49Z</time>
        <cmt>speed: 0.0</cmt>
      </trkpt>
      <trkpt lat="47.357606" lon="8.560008">
        <ele>434</ele>
        <time>2024-05-03T10:21:53Z</time>
        <cmt>speed: 0.3</cmt>
      </trkpt>
      <trkpt lat="47.357607" lon="8.560018">
        <ele>435</ele>
        <time>2024-05-03T10:21:57Z</time>
        <cmt>speed: 0.0</cmt>
      </trkpt>
      <trkpt lat="47.357607" lon="8.560018">
        <ele>435</ele>
        <time>2024-05-03T10:22:01Z</time>
        <cmt>speed: 0.0</cmt>
      </trkpt>
      <trkpt lat="47.357607" lon="8.560018">
        <ele>435</ele>
        <time>2024-05-03T10:22:05Z</time>
        <cmt>speed: 0.0</cmt>
      </trkpt>
      <trkpt lat="47.357607" lon="8.560018">
        <ele>435</ele>
        <time>2024-05-03T10:22:09Z</time>
        <cmt>speed: 0.0</cmt>
      </trkpt>
      <trkpt lat="47.357607" lon="8.560018">
        <ele>435</ele>
        <time>2024-05-03T10:22:13Z</time>
        <cmt>speed: 0.0</cmt>
      </trkpt>
      <trkpt lat="47.357607" lon="8.560018">
        <ele>435</ele>
        <time>2024-05-03T10:22:17Z</time>
        <cmt>speed: 0.0</cmt>
      </trkpt>
      <trkpt lat="47.357607" lon="8.560018">
        <ele>435</ele>
        <time>2024-05-03T10:22:21Z</time>
        <cmt>speed: 0.0</cmt>
      </trkpt>
      <trkpt lat="47.356395" lon="8.560334">
        <ele>441</ele>
        <time>2024-05-03T10:28:35Z</time>
        <cmt>speed: 0.0</cmt>
      </trkpt>
      <trkpt lat="47.355858" lon="8.559797">
        <ele>445</ele>
        <time>2024-05-03T10:38:37Z</time>
        <cmt>speed: 0.0</cmt>
      </trkpt>
      <trkpt lat="47.357951" lon="8.559806">
        <ele>453</ele>
        <time>2024-05-03T10:48:35Z</time>
        <cmt>speed: 0.5</cmt>
      </trkpt>
      <trkpt lat="47.360241" lon="8.561839">
        <ele>480</ele>
        <time>2024-05-03T10:58:35Z</time>
        <cmt>speed: 1.1</cmt>
      </trkpt>
      <trkpt lat="47.36032" lon="8.563238">
        <ele>423</ele>
        <time>2024-05-03T11:08:33Z</time>
        <cmt>speed: 0.6</cmt>
      </trkpt>
      <trkpt lat="47.359974" lon="8.56367">
        <ele>434</ele>
        <time>2024-05-03T11:09:54Z</time>
      </trkpt>
      <trkpt lat="47.359974" lon="8.56367">
        <ele>434</ele>
        <time>2024-05-03T11:24:54Z</time>
      </trkpt>
      <trkpt lat="47.360095" lon="8.562842">
        <ele>432</ele>
        <time>2024-05-03T16:43:35Z</time>
        <cmt>speed: 0.8</cmt>
      </trkpt>
      <trkpt lat="47.358741" lon="8.562097">
        <ele>422</ele>
        <time>2024-05-03T16:53:25Z</time>
        <cmt>speed: 0.6</cmt>
      </trkpt>
      <trkpt lat="47.358672" lon="8.562244">
        <ele>416</ele>
        <time>2024-05-03T17:03:31Z</time>
        <cmt>speed: 0.2</cmt>
      </trkpt>
      <trkpt lat="47.357303" lon="8.561897">
        <ele>449</ele>
        <time>2024-05-03T17:13:27Z</time>
        <cmt>speed: 0.2</cmt>
      </trkpt>
      <trkpt lat="47.358026" lon="8.562548">
        <ele>428</ele>
        <time>2024-05-03T17:23:23Z</time>
        <cmt>speed: 0.2</cmt>
      </trkpt>
      <trkpt lat="47.358066" lon="8.563235">
        <ele>446</ele>
        <time>2024-05-03T17:33:23Z</time>
        <cmt>speed: 0.1</cmt>
      </trkpt>
      <trkpt lat="47.358709" lon="8.56215">
        <ele>435</ele>
        <time>2024-05-03T17:43:23Z</time>
        <cmt>speed: 0.1</cmt>
      </trkpt>
      <trkpt lat="47.359842" lon="8.564161">
        <ele>450</ele>
        <time>2024-05-03T17:53:25Z</time>
        <cmt>speed: 2.4</cmt>
      </trkpt>
      <trkpt lat="47.360308" lon="8.561662">
        <ele>424</ele>
        <time>2024-05-03T18:03:25Z</time>
        <cmt>speed: 0.2</cmt>
      </trkpt>
      <trkpt lat="47.359205" lon="8.561787">
        <ele>432</ele>
        <time>2024-05-03T18:13:23Z</time>
        <cmt>speed: 0.4</cmt>
      </trkpt>
      <trkpt lat="47.358076" lon="8.562062">
        <ele>462</ele>
        <time>2024-05-03T18:23:24Z</time>
        <cmt>speed: 0.3</cmt>
      </trkpt>
      <trkpt lat="47.357994" lon="8.562411">
        <ele>446</ele>
        <time>2024-05-03T18:33:28Z</time>
        <cmt>speed: 0.1</cmt>
      </trkpt>
      <trkpt lat="47.357994" lon="8.562411">
        <ele>446</ele>
        <time>2024-05-03T18:43:16Z</time>
      </trkpt>
      <trkpt lat="47.358082" lon="8.562511">
        <ele>434</ele>
        <time>2024-05-03T18:43:26Z</time>
        <cmt>speed: 1.6</cmt>
      </trkpt>
      <trkpt lat="47.358272" lon="8.562289">
        <ele>453</ele>
        <time>2024-05-03T18:53:25Z</time>
        <cmt>speed: 0.8</cmt>
      </trkpt>
      <trkpt lat="47.358272" lon="8.562289">
        <ele>453</ele>
        <time>2024-05-03T19:03:15Z</time>
      </trkpt>
      <trkpt lat="47.357781" lon="8.56246">
        <ele>428</ele>
        <time>2024-05-03T19:03:25Z</time>
        <cmt>speed: 0.3</cmt>
      </trkpt>
      <trkpt lat="47.357918" lon="8.562487">
        <ele>416</ele>
        <time>2024-05-03T19:13:24Z</time>
        <cmt>speed: 0.6</cmt>
      </trkpt>
      <trkpt lat="47.358803" lon="8.56193">
        <ele>424</ele>
        <time>2024-05-03T19:23:24Z</time>
        <cmt>speed: 3.2</cmt>
      </trkpt>
      <trkpt lat="47.358752" lon="8.560695">
        <ele>477</ele>
        <time>2024-05-03T19:33:23Z</time>
        <cmt>speed: 1.2</cmt>
      </trkpt>
      <trkpt lat="47.359303" lon="8.561527">
        <ele>433</ele>
        <time>2024-05-03T19:43:27Z</time>
        <cmt>speed: 0.2</cmt>
      </trkpt>
      <trkpt lat="47.359351" lon="8.5622">
        <ele>451</ele>
        <time>2024-05-03T19:53:27Z</time>
        <cmt>speed: 0.4</cmt>
      </trkpt>
      <trkpt lat="47.359052" lon="8.563417">
        <ele>479</ele>
        <time>2024-05-03T20:03:24Z</time>
        <cmt>speed: 0.2</cmt>
      </trkpt>
      <trkpt lat="47.358717" lon="8.563451">
        <ele>483</ele>
        <time>2024-05-03T20:13:23Z</time>
        <cmt>speed: 0.0</cmt>
      </trkpt>
      <trkpt lat="47.358691" lon="8.563907">
        <ele>453</ele>
        <time>2024-05-03T20:23:23Z</time>
        <cmt>speed: 0.3</cmt>
      </trkpt>
      <trkpt lat="47.358807" lon="8.563855">
        <ele>466</ele>
        <time>2024-05-03T20:33:24Z</time>
        <cmt>speed: 1.1</cmt>
      </trkpt>
      <trkpt lat="47.358708" lon="8.56388">
        <ele>459</ele>
        <time>2024-05-03T20:43:23Z</time>
        <cmt>speed: 0.8</cmt>
      </trkpt>
      <trkpt lat="47.358436" lon="8.564792">
        <ele>454</ele>
        <time>2024-05-03T20:53:23Z</time>
        <cmt>speed: 0.1</cmt>
      </trkpt>
      <trkpt lat="47.358596" lon="8.564603">
        <ele>458</ele>
        <time>2024-05-03T21:03:24Z</time>
        <cmt>speed: 0.6</cmt>
      </trkpt>
      <trkpt lat="47.358596" lon="8.564603">
        <ele>458</ele>
        <time>2024-05-03T21:03:24Z</time>
      </trkpt>
      <trkpt lat="47.358544" lon="8.564787">
        <ele>459</ele>
        <time>2024-05-03T21:13:25Z</time>
        <cmt>speed: 0.3</cmt>
      </trkpt>
      <trkpt lat="47.358574" lon="8.564823">
        <ele>462</ele>
        <time>2024-05-03T21:23:24Z</time>
        <cmt>speed: 0.3</cmt>
      </trkpt>
      <trkpt lat="47.358466" lon="8.564689">
        <ele>424</ele>
        <time>2024-05-03T21:33:25Z</time>
        <cmt>speed: 0.3</cmt>
      </trkpt>
      <trkpt lat="47.358864" lon="8.56441">
        <ele>453</ele>
        <time>2024-05-03T21:43:24Z</time>
        <cmt>speed: 0.7</cmt>
      </trkpt>
      <trkpt lat="47.359195" lon="8.561447">
        <ele>426</ele>
        <time>2024-05-03T21:53:26Z</time>
        <cmt>speed: 1.2</cmt>
      </trkpt>
      <trkpt lat="47.357496" lon="8.561443">
        <ele>460</ele>
        <time>2024-05-03T22:03:24Z</time>
        <cmt>speed: 0.5</cmt>
      </trkpt>
      <trkpt lat="47.357741" lon="8.560741">
        <ele>432</ele>
        <time>2024-05-03T22:13:25Z</time>
        <cmt>speed: 0.2</cmt>
      </trkpt>
      <trkpt lat="47.359567" lon="8.561649">
        <ele>421</ele>
        <time>2024-05-03T22:23:26Z</time>
        <cmt>speed: 0.3</cmt>
      </trkpt>
      <trkpt lat="47.359521" lon="8.561601">
        <ele>436</ele>
        <time>2024-05-03T22:33:24Z</time>
        <cmt>speed: 0.4</cmt>
      </trkpt>
      <trkpt lat="47.357704" lon="8.562671">
        <ele>438</ele>
        <time>2024-05-03T22:43:25Z</time>
        <cmt>speed: 2.3</cmt>
      </trkpt>
      <trkpt lat="47.357548" lon="8.562409">
        <ele>465</ele>
        <time>2024-05-03T22:53:27Z</time>
        <cmt>speed: 1.0</cmt>
      </trkpt>
      <trkpt lat="47.35784" lon="8.562534">
        <ele>451</ele>
        <time>2024-05-03T23:03:26Z</time>
        <cmt>speed: 0.3</cmt>
      </trkpt>
      <trkpt lat="47.359226" lon="8.56229">
        <ele>437</ele>
        <time>2024-05-03T23:13:28Z</time>
        <cmt>speed: 2.3</cmt>
      </trkpt>
      <trkpt lat="47.35913" lon="8.564804">
        <ele>419</ele>
        <time>2024-05-03T23:23:24Z</time>
        <cmt>speed: 1.2</cmt>
      </trkpt>
      <trkpt lat="47.358888" lon="8.565828">
        <ele>442</ele>
        <time>2024-05-03T23:33:24Z</time>
        <cmt>speed: 0.7</cmt>
      </trkpt>
      <trkpt lat="47.358986" lon="8.565167">
        <ele>448</ele>
        <time>2024-05-03T23:43:24Z</time>
        <cmt>speed: 0.8</cmt>
      </trkpt>
      <trkpt lat="47.359959" lon="8.563643">
        <ele>434</ele>
        <time>2024-05-03T23:50:25Z</time>
      </trkpt>
      <trkpt lat="47.359974" lon="8.56367">
        <ele>434</ele>
        <time>2024-05-03T23:57:17Z</time>
      </trkpt>
      <trkpt lat="47.359974" lon="8.56367">
        <ele>434</ele>
        <time>2024-05-04T00:12:17Z</time>
      </trkpt>
      <trkpt lat="47.360537" lon="8.562506">
        <ele>445</ele>
        <time>2024-05-04T03:49:20Z</time>
        <cmt>speed: 2.5</cmt>
      </trkpt>
      <trkpt lat="47.359124" lon="8.562269">
        <ele>446</ele>
        <time>2024-05-04T03:59:16Z</time>
        <cmt>speed: 0.2</cmt>
      </trkpt>
      <trkpt lat="47.358862" lon="8.563912">
        <ele>465</ele>
        <time>2024-05-04T04:09:16Z</time>
        <cmt>speed: 0.9</cmt>
      </trkpt>
      <trkpt lat="47.358503" lon="8.564713">
        <ele>454</ele>
        <time>2024-05-04T04:19:16Z</time>
        <cmt>speed: 0.0</cmt>
      </trkpt>
      <trkpt lat="47.358434" lon="8.564961">
        <ele>428</ele>
        <time>2024-05-04T04:29:16Z</time>
        <cmt>speed: 0.1</cmt>
      </trkpt>
      <trkpt lat="47.358434" lon="8.564961">
        <ele>428</ele>
        <time>2024-05-04T04:29:16Z</time>
      </trkpt>
      <trkpt lat="47.358388" lon="8.564815">
        <ele>431</ele>
        <time>2024-05-04T04:49:18Z</time>
        <cmt>speed: 0.1</cmt>
      </trkpt>
      <trkpt lat="47.358388" lon="8.564815">
        <ele>431</ele>
        <time>2024-05-04T04:49:19Z</time>
      </trkpt>
      <trkpt lat="47.358401" lon="8.564628">
        <ele>451</ele>
        <time>2024-05-04T04:59:16Z</time>
        <cmt>speed: 0.0</cmt>
      </trkpt>
      <trkpt lat="47.358546" lon="8.565417">
        <ele>422</ele>
        <time>2024-05-04T05:09:23Z</time>
        <cmt>speed: 0.4</cmt>
      </trkpt>
      <trkpt lat="47.358553" lon="8.565214">
        <ele>418</ele>
        <time>2024-05-04T05:29:17Z</time>
        <cmt>speed: 0.2</cmt>
      </trkpt>
      <trkpt lat="47.358482" lon="8.564678">
        <ele>467</ele>
        <time>2024-05-04T05:39:15Z</time>
        <cmt>speed: 0.2</cmt>
      </trkpt>
      <trkpt lat="47.358437" lon="8.564625">
        <ele>438</ele>
        <time>2024-05-04T05:49:15Z</time>
        <cmt>speed: 0.1</cmt>
      </trkpt>
      <trkpt lat="47.358496" lon="8.564402">
        <ele>454</ele>
        <time>2024-05-04T05:59:16Z</time>
        <cmt>speed: 0.1</cmt>
      </trkpt>
      <trkpt lat="47.358681" lon="8.563913">
        <ele>435</ele>
        <time>2024-05-04T06:09:19Z</time>
        <cmt>speed: 3.1</cmt>
      </trkpt>
      <trkpt lat="47.359193" lon="8.562418">
        <ele>487</ele>
        <time>2024-05-04T06:19:26Z</time>
        <cmt>speed: 0.7</cmt>
      </trkpt>
      <trkpt lat="47.359347" lon="8.562086">
        <ele>432</ele>
        <time>2024-05-04T06:29:17Z</time>
        <cmt>speed: 1.6</cmt>
      </trkpt>
      <trkpt lat="47.358621" lon="8.560414">
        <ele>467</ele>
        <time>2024-05-04T06:39:19Z</time>
        <cmt>speed: 0.0</cmt>
      </trkpt>
      <trkpt lat="47.358184" lon="8.560668">
        <ele>455</ele>
        <time>2024-05-04T06:49:16Z</time>
        <cmt>speed: 0.2</cmt>
      </trkpt>
      <trkpt lat="47.358128" lon="8.560728">
        <ele>460</ele>
        <time>2024-05-04T06:59:18Z</time>
        <cmt>speed: 0.1</cmt>
      </trkpt>
      <trkpt lat="47.358306" lon="8.562159">
        <ele>471</ele>
        <time>2024-05-04T07:09:15Z</time>
        <cmt>speed: 1.0</cmt>
      </trkpt>
      <trkpt lat="47.358009" lon="8.562788">
        <ele>467</ele>
        <time>2024-05-04T07:19:17Z</time>
        <cmt>speed: 0.0</cmt>
      </trkpt>
      <trkpt lat="47.358009" lon="8.562788">
        <ele>467</ele>
        <time>2024-05-04T07:29:17Z</time>
      </trkpt>
      <trkpt lat="47.357997" lon="8.562944">
        <ele>411</ele>
        <time>2024-05-04T07:29:18Z</time>
        <cmt>speed: 0.2</cmt>
      </trkpt>
      <trkpt lat="47.357729" lon="8.563206">
        <ele>453</ele>
        <time>2024-05-04T07:39:16Z</time>
        <cmt>speed: 0.3</cmt>
      </trkpt>
      <trkpt lat="47.357792" lon="8.562965">
        <ele>449</ele>
        <time>2024-05-04T07:49:18Z</time>
        <cmt>speed: 0.4</cmt>
      </trkpt>
      <trkpt lat="47.357545" lon="8.563053">
        <ele>447</ele>
        <time>2024-05-04T07:59:18Z</time>
        <cmt>speed: 0.1</cmt>
      </trkpt>
      <trkpt lat="47.357545" lon="8.563053">
        <ele>447</ele>
        <time>2024-05-04T08:09:14Z</time>
      </trkpt>
      <trkpt lat="47.357811" lon="8.563049">
        <ele>445</ele>
        <time>2024-05-04T08:14:14Z</time>
        <cmt>speed: 0.2</cmt>
      </trkpt>
      <trkpt lat="47.358388" lon="8.561123">
        <ele>435</ele>
        <time>2024-05-04T08:24:12Z</time>
        <cmt>speed: 0.3</cmt>
      </trkpt>
      <trkpt lat="47.358684" lon="8.559782">
        <ele>426</ele>
        <time>2024-05-04T08:34:11Z</time>
        <cmt>speed: 1.7</cmt>
      </trkpt>
      <trkpt lat="47.358908" lon="8.559562">
        <ele>439</ele>
        <time>2024-05-04T08:44:10Z</time>
        <cmt>speed: 2.3</cmt>
      </trkpt>
      <trkpt lat="47.359616" lon="8.562238">
        <ele>478</ele>
        <time>2024-05-04T09:04:11Z</time>
        <cmt>speed: 2.0</cmt>
      </trkpt>
      <trkpt lat="47.358968" lon="8.563347">
        <ele>449</ele>
        <time>2024-05-04T09:14:10Z</time>
        <cmt>speed: 0.3</cmt>
      </trkpt>
      <trkpt lat="47.358775" lon="8.563881">
        <ele>455</ele>
        <time>2024-05-04T09:24:12Z</time>
        <cmt>speed: 1.0</cmt>
      </trkpt>
      <trkpt lat="47.358775" lon="8.563881">
        <ele>455</ele>
        <time>2024-05-04T09:34:10Z</time>
      </trkpt>
      <trkpt lat="47.358453" lon="8.564799">
        <ele>466</ele>
        <time>2024-05-04T09:34:11Z</time>
        <cmt>speed: 0.1</cmt>
      </trkpt>
      <trkpt lat="47.358651" lon="8.564752">
        <ele>478</ele>
        <time>2024-05-04T09:44:11Z</time>
        <cmt>speed: 0.0</cmt>
      </trkpt>
      <trkpt lat="47.358651" lon="8.564752">
        <ele>478</ele>
        <time>2024-05-04T09:54:17Z</time>
      </trkpt>
      <trkpt lat="47.358571" lon="8.564744">
        <ele>470</ele>
        <time>2024-05-04T09:54:18Z</time>
        <cmt>speed: 0.0</cmt>
      </trkpt>
      <trkpt lat="47.358508" lon="8.564722">
        <ele>460</ele>
        <time>2024-05-04T10:04:11Z</time>
        <cmt>speed: 0.0</cmt>
      </trkpt>
      <trkpt lat="47.358508" lon="8.564722">
        <ele>460</ele>
        <time>2024-05-04T10:14:12Z</time>
      </trkpt>
      <trkpt lat="47.358579" lon="8.564797">
        <ele>459</ele>
        <time>2024-05-04T10:14:13Z</time>
        <cmt>speed: 0.0</cmt>
      </trkpt>
      <trkpt lat="47.358595" lon="8.564744">
        <ele>465</ele>
        <time>2024-05-04T10:25:55Z</time>
        <cmt>speed: 0.1</cmt>
      </trkpt>
      <trkpt lat="47.358501" lon="8.564788">
        <ele>437</ele>
        <time>2024-05-04T10:43:49Z</time>
        <cmt>speed: 0.0</cmt>
      </trkpt>
      <trkpt lat="47.358501" lon="8.564788">
        <ele>437</ele>
        <time>2024-05-04T10:43:52Z</time>
        <cmt>speed: 0.0</cmt>
      </trkpt>
      <trkpt lat="47.358501" lon="8.564788">
        <ele>437</ele>
        <time>2024-05-04T10:43:56Z</time>
        <cmt>speed: 0.0</cmt>
      </trkpt>
      <trkpt lat="47.358501" lon="8.564788">
        <ele>437</ele>
        <time>2024-05-04T10:44:01Z</time>
        <cmt>speed: 0.0</cmt>
      </trkpt>
      <trkpt lat="47.358501" lon="8.564788">
        <ele>437</ele>
        <time>2024-05-04T10:44:05Z</time>
        <cmt>speed: 0.0</cmt>
      </trkpt>
      <trkpt lat="47.358501" lon="8.564788">
        <ele>437</ele>
        <time>2024-05-04T10:44:10Z</time>
        <cmt>speed: 0.0</cmt>
      </trkpt>
      <trkpt lat="47.358501" lon="8.564788">
        <ele>437</ele>
        <time>2024-05-04T10:44:13Z</time>
        <cmt>speed: 0.0</cmt>
      </trkpt>
      <trkpt lat="47.358501" lon="8.564788">
        <ele>437</ele>
        <time>2024-05-04T10:44:18Z</time>
        <cmt>speed: 0.0</cmt>
      </trkpt>
      <trkpt lat="47.358501" lon="8.564788">
        <ele>437</ele>
        <time>2024-05-04T10:44:21Z</time>
        <cmt>speed: 0.0</cmt>
      </trkpt>
      <trkpt lat="47.358501" lon="8.564788">
        <ele>437</ele>
        <time>2024-05-04T10:44:25Z</time>
        <cmt>speed: 0.0</cmt>
      </trkpt>
      <trkpt lat="47.358501" lon="8.564788">
        <ele>437</ele>
        <time>2024-05-04T10:44:29Z</time>
        <cmt>speed: 0.0</cmt>
      </trkpt>
      <trkpt lat="47.358501" lon="8.564788">
        <ele>437</ele>
        <time>2024-05-04T10:44:33Z</time>
        <cmt>speed: 0.0</cmt>
      </trkpt>
      <trkpt lat="47.358501" lon="8.564788">
        <ele>437</ele>
        <time>2024-05-04T10:44:37Z</time>
      </trkpt>
      <trkpt lat="47.358501" lon="8.564788">
        <ele>437</ele>
        <time>2024-05-04T10:44:38Z</time>
        <cmt>speed: 0.0</cmt>
      </trkpt>
      <trkpt lat="47.358501" lon="8.564788">
        <ele>437</ele>
        <time>2024-05-04T10:44:42Z</time>
        <cmt>speed: 0.0</cmt>
      </trkpt>
      <trkpt lat="47.358501" lon="8.564788">
        <ele>437</ele>
        <time>2024-05-04T10:44:47Z</time>
        <cmt>speed: 0.0</cmt>
      </trkpt>
      <trkpt lat="47.358501" lon="8.564788">
        <ele>437</ele>
        <time>2024-05-04T10:44:50Z</time>
        <cmt>speed: 0.0</cmt>
      </trkpt>
      <trkpt lat="47.358501" lon="8.564788">
        <ele>437</ele>
        <time>2024-05-04T10:44:55Z</time>
        <cmt>speed: 0.0</cmt>
      </trkpt>
      <trkpt lat="47.358501" lon="8.564788">
        <ele>437</ele>
        <time>2024-05-04T10:44:58Z</time>
        <cmt>speed: 0.0</cmt>
      </trkpt>
      <trkpt lat="47.358501" lon="8.564788">
        <ele>437</ele>
        <time>2024-05-04T10:45:02Z</time>
        <cmt>speed: 0.0</cmt>
      </trkpt>
      <trkpt lat="47.358501" lon="8.564788">
        <ele>437</ele>
        <time>2024-05-04T10:45:07Z</time>
        <cmt>speed: 0.0</cmt>
      </trkpt>
      <trkpt lat="47.358501" lon="8.564788">
        <ele>437</ele>
        <time>2024-05-04T10:45:11Z</time>
        <cmt>speed: 0.0</cmt>
      </trkpt>
      <trkpt lat="47.358501" lon="8.564788">
        <ele>437</ele>
        <time>2024-05-04T10:45:15Z</time>
        <cmt>speed: 0.0</cmt>
      </trkpt>
      <trkpt lat="47.358501" lon="8.564788">
        <ele>437</ele>
        <time>2024-05-04T10:45:19Z</time>
        <cmt>speed: 0.0</cmt>
      </trkpt>
      <trkpt lat="47.358413" lon="8.564833">
        <ele>455</ele>
        <time>2024-05-04T10:46:55Z</time>
        <cmt>speed: 0.3</cmt>
      </trkpt>
      <trkpt lat="47.358533" lon="8.564757">
        <ele>455</ele>
        <time>2024-05-04T11:07:32Z</time>
        <cmt>speed: 1.0</cmt>
      </trkpt>
      <trkpt lat="47.358499" lon="8.564766">
        <ele>457</ele>
        <time>2024-05-04T11:17:12Z</time>
        <cmt>speed: 0.0</cmt>
      </trkpt>
      <trkpt lat="47.358499" lon="8.564766">
        <ele>457</ele>
        <time>2024-05-04T11:27:00Z</time>
      </trkpt>
      <trkpt lat="47.35831" lon="8.564648">
        <ele>467</ele>
        <time>2024-05-04T11:27:01Z</time>
        <cmt>speed: 0.2</cmt>
      </trkpt>
      <trkpt lat="47.35831" lon="8.564648">
        <ele>467</ele>
        <time>2024-05-04T11:46:55Z</time>
      </trkpt>
      <trkpt lat="47.358441" lon="8.564844">
        <ele>468</ele>
        <time>2024-05-04T11:46:56Z</time>
        <cmt>speed: 0.1</cmt>
      </trkpt>
      <trkpt lat="47.358522" lon="8.564775">
        <ele>482</ele>
        <time>2024-05-04T11:56:54Z</time>
        <cmt>speed: 0.7</cmt>
      </trkpt>
      <trkpt lat="47.358577" lon="8.564975">
        <ele>451</ele>
        <time>2024-05-04T12:06:59Z</time>
        <cmt>speed: 0.5</cmt>
      </trkpt>
      <trkpt lat="47.358647" lon="8.564909">
        <ele>440</ele>
        <time>2024-05-04T12:17:05Z</time>
        <cmt>speed: 0.0</cmt>
      </trkpt>
      <trkpt lat="47.358544" lon="8.565047">
        <ele>456</ele>
        <time>2024-05-04T12:26:59Z</time>
        <cmt>speed: 0.2</cmt>
      </trkpt>
      <trkpt lat="47.358602" lon="8.564848">
        <ele>435</ele>
        <time>2024-05-04T12:37:00Z</time>
        <cmt>speed: 0.4</cmt>
      </trkpt>
      <trkpt lat="47.358602" lon="8.564848">
        <ele>435</ele>
        <time>2024-05-04T12:43:36Z</time>
      </trkpt>
      <trkpt lat="47.358556" lon="8.564865">
        <ele>419</ele>
        <time>2024-05-04T12:47:06Z</time>
        <cmt>speed: 0.8</cmt>
      </trkpt>
      <trkpt lat="47.35872" lon="8.564671">
        <ele>424</ele>
        <time>2024-05-04T12:57:10Z</time>
        <cmt>speed: 1.1</cmt>
      </trkpt>
      <trkpt lat="47.358706" lon="8.564888">
        <ele>466</ele>
        <time>2024-05-04T13:17:28Z</time>
        <cmt>speed: 0.1</cmt>
      </trkpt>
      <trkpt lat="47.358544" lon="8.564929">
        <ele>452</ele>
        <time>2024-05-04T13:36:59Z</time>
        <cmt>speed: 0.1</cmt>
      </trkpt>
      <trkpt lat="47.358544" lon="8.564929">
        <ele>452</ele>
        <time>2024-05-04T13:46:54Z</time>
      </trkpt>
      <trkpt lat="47.358434" lon="8.564532">
        <ele>466</ele>
        <time>2024-05-04T13:46:56Z</time>
        <cmt>speed: 0.1</cmt>
      </trkpt>
      <trkpt lat="47.358256" lon="8.564531">
        <ele>443</ele>
        <time>2024-05-04T13:56:55Z</time>
        <cmt>speed: 1.5</cmt>
      </trkpt>
      <trkpt lat="47.358593" lon="8.56443">
        <ele>446</ele>
        <time>2024-05-04T14:06:58Z</time>
        <cmt>speed: 0.2</cmt>
      </trkpt>
      <trkpt lat="47.358472" lon="8.5647">
        <ele>454</ele>
        <time>2024-05-04T14:17:02Z</time>
        <cmt>speed: 0.3</cmt>
      </trkpt>
      <trkpt lat="47.358472" lon="8.5647">
        <ele>454</ele>
        <time>2024-05-04T14:23:36Z</time>
      </trkpt>
      <trkpt lat="47.358551" lon="8.56465">
        <ele>470</ele>
        <time>2024-05-04T14:28:12Z</time>
        <cmt>speed: 0.1</cmt>
      </trkpt>
      <trkpt lat="47.35845" lon="8.564703">
        <ele>468</ele>
        <time>2024-05-04T14:38:06Z</time>
        <cmt>speed: 0.2</cmt>
      </trkpt>
      <trkpt lat="47.35845" lon="8.564703">
        <ele>468</ele>
        <time>2024-05-04T14:48:01Z</time>
      </trkpt>
      <trkpt lat="47.358443" lon="8.564666">
        <ele>449</ele>
        <time>2024-05-04T14:48:03Z</time>
        <cmt>speed: 0.5</cmt>
      </trkpt>
      <trkpt lat="47.358431" lon="8.564801">
        <ele>463</ele>
        <time>2024-05-04T14:58:03Z</time>
        <cmt>speed: 0.4</cmt>
      </trkpt>
      <trkpt lat="47.35832" lon="8.565193">
        <ele>460</ele>
        <time>2024-05-04T15:08:04Z</time>
        <cmt>speed: 0.9</cmt>
      </trkpt>
      <trkpt lat="47.358442" lon="8.565063">
        <ele>469</ele>
        <time>2024-05-04T15:18:04Z</time>
        <cmt>speed: 0.1</cmt>
      </trkpt>
      <trkpt lat="47.358442" lon="8.565063">
        <ele>469</ele>
        <time>2024-05-04T15:28:08Z</time>
      </trkpt>
      <trkpt lat="47.358162" lon="8.565038">
        <ele>501</ele>
        <time>2024-05-04T15:28:09Z</time>
        <cmt>speed: 0.1</cmt>
      </trkpt>
      <trkpt lat="47.358198" lon="8.564474">
        <ele>434</ele>
        <time>2024-05-04T15:38:04Z</time>
        <cmt>speed: 0.4</cmt>
      </trkpt>
      <trkpt lat="47.358198" lon="8.564474">
        <ele>434</ele>
        <time>2024-05-04T15:48:02Z</time>
      </trkpt>
      <trkpt lat="47.35824" lon="8.564155">
        <ele>473</ele>
        <time>2024-05-04T15:48:04Z</time>
        <cmt>speed: 0.5</cmt>
      </trkpt>
      <trkpt lat="47.358177" lon="8.564331">
        <ele>448</ele>
        <time>2024-05-04T15:58:04Z</time>
        <cmt>speed: 0.1</cmt>
      </trkpt>
      <trkpt lat="47.358177" lon="8.564331">
        <ele>448</ele>
        <time>2024-05-04T16:08:03Z</time>
      </trkpt>
      <trkpt lat="47.358208" lon="8.564171">
        <ele>429</ele>
        <time>2024-05-04T16:08:05Z</time>
        <cmt>speed: 0.3</cmt>
      </trkpt>
      <trkpt lat="47.357738" lon="8.564038">
        <ele>454</ele>
        <time>2024-05-04T16:18:03Z</time>
        <cmt>speed: 0.2</cmt>
      </trkpt>
      <trkpt lat="47.357626" lon="8.564003">
        <ele>454</ele>
        <time>2024-05-04T16:28:04Z</time>
        <cmt>speed: 0.9</cmt>
      </trkpt>
      <trkpt lat="47.357683" lon="8.56404">
        <ele>444</ele>
        <time>2024-05-04T16:38:06Z</time>
        <cmt>speed: 0.0</cmt>
      </trkpt>
      <trkpt lat="47.357683" lon="8.56404">
        <ele>444</ele>
        <time>2024-05-04T16:43:36Z</time>
      </trkpt>
      <trkpt lat="47.357714" lon="8.564083">
        <ele>457</ele>
        <time>2024-05-04T16:48:05Z</time>
        <cmt>speed: 0.1</cmt>
      </trkpt>
      <trkpt lat="47.357681" lon="8.563978">
        <ele>446</ele>
        <time>2024-05-04T16:58:05Z</time>
        <cmt>speed: 0.1</cmt>
      </trkpt>
      <trkpt lat="47.357681" lon="8.563978">
        <ele>446</ele>
        <time>2024-05-04T17:03:36Z</time>
      </trkpt>
      <trkpt lat="47.35768" lon="8.564011">
        <ele>456</ele>
        <time>2024-05-04T17:08:03Z</time>
        <cmt>speed: 0.4</cmt>
      </trkpt>
      <trkpt lat="47.357673" lon="8.564025">
        <ele>457</ele>
        <time>2024-05-04T17:18:05Z</time>
        <cmt>speed: 0.0</cmt>
      </trkpt>
      <trkpt lat="47.357673" lon="8.564025">
        <ele>457</ele>
        <time>2024-05-04T17:28:05Z</time>
      </trkpt>
      <trkpt lat="47.357647" lon="8.563994">
        <ele>463</ele>
        <time>2024-05-04T17:28:07Z</time>
        <cmt>speed: 0.0</cmt>
      </trkpt>
      <trkpt lat="47.357751" lon="8.56405">
        <ele>484</ele>
        <time>2024-05-04T17:38:03Z</time>
        <cmt>speed: 1.0</cmt>
      </trkpt>
      <trkpt lat="47.357695" lon="8.564105">
        <ele>432</ele>
        <time>2024-05-04T17:48:05Z</time>
        <cmt>speed: 0.1</cmt>
      </trkpt>
      <trkpt lat="47.357548" lon="8.563949">
        <ele>432</ele>
        <time>2024-05-04T17:58:03Z</time>
        <cmt>speed: 0.5</cmt>
      </trkpt>
      <trkpt lat="47.357548" lon="8.563949">
        <ele>432</ele>
        <time>2024-05-04T18:08:01Z</time>
      </trkpt>
      <trkpt lat="47.357553" lon="8.564091">
        <ele>468</ele>
        <time>2024-05-04T18:08:03Z</time>
        <cmt>speed: 0.6</cmt>
      </trkpt>
      <trkpt lat="47.357711" lon="8.564072">
        <ele>438</ele>
        <time>2024-05-04T18:16:16Z</time>
        <cmt>speed: 0.3</cmt>
      </trkpt>
      <trkpt lat="47.357798" lon="8.563909">
        <ele>451</ele>
        <time>2024-05-04T18:16:20Z</time>
        <cmt>speed: 0.0</cmt>
      </trkpt>
      <trkpt lat="47.357816" lon="8.563921">
        <ele>448</ele>
        <time>2024-05-04T18:16:24Z</time>
        <cmt>speed: 1.2</cmt>
      </trkpt>
      <trkpt lat="47.357824" lon="8.563974">
        <ele>450</ele>
        <time>2024-05-04T18:16:28Z</time>
        <cmt>speed: 0.4</cmt>
      </trkpt>
      <trkpt lat="47.357817" lon="8.563967">
        <ele>451</ele>
        <time>2024-05-04T18:16:32Z</time>
        <cmt>speed: 0.0</cmt>
      </trkpt>
      <trkpt lat="47.357823" lon="8.563982">
        <ele>452</ele>
        <time>2024-05-04T18:16:36Z</time>
        <cmt>speed: 0.6</cmt>
      </trkpt>
      <trkpt lat="47.357837" lon="8.564033">
        <ele>450</ele>
        <time>2024-05-04T18:16:39Z</time>
        <cmt>speed: 1.1</cmt>
      </trkpt>
      <trkpt lat="47.357873" lon="8.564124">
        <ele>449</ele>
        <time>2024-05-04T18:16:44Z</time>
        <cmt>speed: 1.2</cmt>
      </trkpt>
      <trkpt lat="47.357897" lon="8.564192">
        <ele>450</ele>
        <time>2024-05-04T18:16:48Z</time>
        <cmt>speed: 0.9</cmt>
      </trkpt>
      <trkpt lat="47.357914" lon="8.564528">
        <ele>452</ele>
        <time>2024-05-04T18:18:04Z</time>
        <cmt>speed: 0.0</cmt>
      </trkpt>
      <trkpt lat="47.359959" lon="8.563643">
        <ele>434</ele>
        <time>2024-05-04T18:27:02Z</time>
      </trkpt>
      <trkpt lat="47.359959" lon="8.563643">
        <ele>434</ele>
        <time>2024-05-04T18:33:12Z</time>
      </trkpt>
      <trkpt lat="47.359959" lon="8.563643">
        <ele>434</ele>
        <time>2024-05-04T18:33:16Z</time>
      </trkpt>
      <trkpt lat="47.359959" lon="8.563643">
        <ele>434</ele>
        <time>2024-05-04T18:34:20Z</time>
      </trkpt>
      <trkpt lat="47.359959" lon="8.563643">
        <ele>434</ele>
        <time>2024-05-04T18:44:40Z</time>
      </trkpt>
      <trkpt lat="47.359959" lon="8.563643">
        <ele>434</ele>
        <time>2024-05-04T18:54:40Z</time>
      </trkpt>
      <trkpt lat="47.359959" lon="8.563643">
        <ele>434</ele>
        <time>2024-05-04T19:04:40Z</time>
      </trkpt>
      <trkpt lat="47.359959" lon="8.563643">
        <ele>434</ele>
        <time>2024-05-04T19:14:40Z</time>
      </trkpt>
      <trkpt lat="47.359959" lon="8.563643">
        <ele>434</ele>
        <time>2024-05-04T19:24:40Z</time>
      </trkpt>
      <trkpt lat="47.359959" lon="8.563643">
        <ele>434</ele>
        <time>2024-05-04T19:34:40Z</time>
      </trkpt>
      <trkpt lat="47.359959" lon="8.563643">
        <ele>434</ele>
        <time>2024-05-04T19:44:40Z</time>
      </trkpt>
      <trkpt lat="47.359959" lon="8.563643">
        <ele>434</ele>
        <time>2024-05-04T19:54:40Z</time>
      </trkpt>
      <trkpt lat="47.359959" lon="8.563643">
        <ele>434</ele>
        <time>2024-05-04T20:04:40Z</time>
      </trkpt>
      <trkpt lat="47.359959" lon="8.563643">
        <ele>434</ele>
        <time>2024-05-04T20:14:40Z</time>
      </trkpt>
      <trkpt lat="47.359959" lon="8.563643">
        <ele>434</ele>
        <time>2024-05-04T20:19:34Z</time>
      </trkpt>
      <trkpt lat="47.359959" lon="8.563643">
        <ele>434</ele>
        <time>2024-05-04T20:29:34Z</time>
      </trkpt>
      <trkpt lat="47.359959" lon="8.563643">
        <ele>434</ele>
        <time>2024-05-04T20:39:34Z</time>
      </trkpt>
      <trkpt lat="47.359959" lon="8.563643">
        <ele>434</ele>
        <time>2024-05-04T20:49:34Z</time>
      </trkpt>
      <trkpt lat="47.359959" lon="8.563643">
        <ele>434</ele>
        <time>2024-05-04T20:59:34Z</time>
      </trkpt>
      <trkpt lat="47.359959" lon="8.563643">
        <ele>434</ele>
        <time>2024-05-04T21:09:34Z</time>
      </trkpt>
      <trkpt lat="47.359959" lon="8.563643">
        <ele>434</ele>
        <time>2024-05-04T21:19:34Z</time>
      </trkpt>
      <trkpt lat="47.359959" lon="8.563643">
        <ele>434</ele>
        <time>2024-05-04T21:29:34Z</time>
      </trkpt>
      <trkpt lat="47.359959" lon="8.563643">
        <ele>434</ele>
        <time>2024-05-04T21:39:34Z</time>
      </trkpt>
      <trkpt lat="47.359959" lon="8.563643">
        <ele>434</ele>
        <time>2024-05-04T21:49:34Z</time>
      </trkpt>
      <trkpt lat="47.359959" lon="8.563643">
        <ele>434</ele>
        <time>2024-05-04T21:59:34Z</time>
      </trkpt>
      <trkpt lat="47.359959" lon="8.563643">
        <ele>434</ele>
        <time>2024-05-04T22:09:34Z</time>
      </trkpt>
      <trkpt lat="47.359959" lon="8.563643">
        <ele>434</ele>
        <time>2024-05-04T22:19:34Z</time>
      </trkpt>
      <trkpt lat="47.359959" lon="8.563643">
        <ele>434</ele>
        <time>2024-05-04T22:29:34Z</time>
      </trkpt>
      <trkpt lat="47.359959" lon="8.563643">
        <ele>434</ele>
        <time>2024-05-04T22:35:14Z</time>
      </trkpt>
      <trkpt lat="47.359959" lon="8.563643">
        <ele>434</ele>
        <time>2024-05-05T03:32:14Z</time>
      </trkpt>
      <trkpt lat="47.359955" lon="8.563968">
        <ele>411</ele>
        <time>2024-05-05T03:32:45Z</time>
        <cmt>speed: 1.1</cmt>
      </trkpt>
      <trkpt lat="47.359026" lon="8.565027">
        <ele>430</ele>
        <time>2024-05-05T03:42:20Z</time>
        <cmt>speed: 1.3</cmt>
      </trkpt>
      <trkpt lat="47.358757" lon="8.566186">
        <ele>458</ele>
        <time>2024-05-05T03:52:19Z</time>
        <cmt>speed: 0.3</cmt>
      </trkpt>
      <trkpt lat="47.358757" lon="8.566186">
        <ele>458</ele>
        <time>2024-05-05T03:52:41Z</time>
      </trkpt>
      <trkpt lat="47.358555" lon="8.566175">
        <ele>438</ele>
        <time>2024-05-05T04:02:21Z</time>
        <cmt>speed: 1.2</cmt>
      </trkpt>
      <trkpt lat="47.358499" lon="8.566133">
        <ele>455</ele>
        <time>2024-05-05T04:12:24Z</time>
        <cmt>speed: 0.1</cmt>
      </trkpt>
      <trkpt lat="47.358315" lon="8.566132">
        <ele>433</ele>
        <time>2024-05-05T04:22:22Z</time>
        <cmt>speed: 0.0</cmt>
      </trkpt>
      <trkpt lat="47.35788" lon="8.56553">
        <ele>464</ele>
        <time>2024-05-05T04:32:19Z</time>
        <cmt>speed: 1.8</cmt>
      </trkpt>
      <trkpt lat="47.357875" lon="8.564309">
        <ele>449</ele>
        <time>2024-05-05T04:42:19Z</time>
        <cmt>speed: 0.3</cmt>
      </trkpt>
      <trkpt lat="47.357875" lon="8.564309">
        <ele>449</ele>
        <time>2024-05-05T04:52:20Z</time>
      </trkpt>
      <trkpt lat="47.357225" lon="8.563784">
        <ele>467</ele>
        <time>2024-05-05T04:52:24Z</time>
        <cmt>speed: 0.1</cmt>
      </trkpt>
      <trkpt lat="47.357282" lon="8.564078">
        <ele>465</ele>
        <time>2024-05-05T05:02:21Z</time>
        <cmt>speed: 0.2</cmt>
      </trkpt>
      <trkpt lat="47.357304" lon="8.564198">
        <ele>452</ele>
        <time>2024-05-05T05:12:22Z</time>
        <cmt>speed: 0.1</cmt>
      </trkpt>
      <trkpt lat="47.357289" lon="8.564252">
        <ele>478</ele>
        <time>2024-05-05T05:22:21Z</time>
        <cmt>speed: 0.3</cmt>
      </trkpt>
      <trkpt lat="47.357528" lon="8.56427">
        <ele>420</ele>
        <time>2024-05-05T05:32:21Z</time>
        <cmt>speed: 1.0</cmt>
      </trkpt>
      <trkpt lat="47.357285" lon="8.564184">
        <ele>467</ele>
        <time>2024-05-05T05:42:21Z</time>
        <cmt>speed: 0.0</cmt>
      </trkpt>
      <trkpt lat="47.35726" lon="8.564216">
        <ele>459</ele>
        <time>2024-05-05T05:52:21Z</time>
        <cmt>speed: 0.1</cmt>
      </trkpt>
      <trkpt lat="47.357305" lon="8.564235">
        <ele>464</ele>
        <time>2024-05-05T06:02:21Z</time>
        <cmt>speed: 0.1</cmt>
      </trkpt>
      <trkpt lat="47.358056" lon="8.564278">
        <ele>447</ele>
        <time>2024-05-05T06:12:21Z</time>
        <cmt>speed: 0.7</cmt>
      </trkpt>
      <trkpt lat="47.358468" lon="8.564563">
        <ele>456</ele>
        <time>2024-05-05T06:22:21Z</time>
        <cmt>speed: 0.1</cmt>
      </trkpt>
      <trkpt lat="47.358874" lon="8.563743">
        <ele>464</ele>
        <time>2024-05-05T06:32:24Z</time>
        <cmt>speed: 0.4</cmt>
      </trkpt>
      <trkpt lat="47.360137" lon="8.561888">
        <ele>441</ele>
        <time>2024-05-05T06:42:24Z</time>
        <cmt>speed: 2.4</cmt>
      </trkpt>
      <trkpt lat="47.359666" lon="8.563574">
        <ele>457</ele>
        <time>2024-05-05T06:52:25Z</time>
        <cmt>speed: 0.0</cmt>
      </trkpt>
      <trkpt lat="47.359974" lon="8.56367">
        <ele>434</ele>
        <time>2024-05-05T06:53:09Z</time>
      </trkpt>
      <trkpt lat="47.359974" lon="8.56367">
        <ele>434</ele>
        <time>2024-05-05T07:08:09Z</time>
      </trkpt>
      <trkpt lat="47.35874" lon="8.565641">
        <ele>470</ele>
        <time>2024-05-05T11:04:56Z</time>
        <cmt>speed: 0.2</cmt>
      </trkpt>
      <trkpt lat="47.359674" lon="8.561263">
        <ele>421</ele>
        <time>2024-05-05T11:14:51Z</time>
        <cmt>speed: 1.1</cmt>
      </trkpt>
      <trkpt lat="47.357973" lon="8.562432">
        <ele>439</ele>
        <time>2024-05-05T11:44:52Z</time>
        <cmt>speed: 0.1</cmt>
      </trkpt>
      <trkpt lat="47.358005" lon="8.562182">
        <ele>450</ele>
        <time>2024-05-05T11:54:51Z</time>
        <cmt>speed: 2.2</cmt>
      </trkpt>
      <trkpt lat="47.358314" lon="8.562979">
        <ele>446</ele>
        <time>2024-05-05T12:04:50Z</time>
        <cmt>speed: 0.1</cmt>
      </trkpt>
      <trkpt lat="47.357566" lon="8.563675">
        <ele>432</ele>
        <time>2024-05-05T12:14:43Z</time>
        <cmt>speed: 0.4</cmt>
      </trkpt>
      <trkpt lat="47.357022" lon="8.563173">
        <ele>467</ele>
        <time>2024-05-05T12:24:46Z</time>
        <cmt>speed: 0.6</cmt>
      </trkpt>
      <trkpt lat="47.357022" lon="8.563366">
        <ele>410</ele>
        <time>2024-05-05T12:34:46Z</time>
        <cmt>speed: 2.5</cmt>
      </trkpt>
      <trkpt lat="47.357012" lon="8.563427">
        <ele>429</ele>
        <time>2024-05-05T12:44:45Z</time>
        <cmt>speed: 0.3</cmt>
      </trkpt>
      <trkpt lat="47.356477" lon="8.563143">
        <ele>482</ele>
        <time>2024-05-05T12:54:43Z</time>
        <cmt>speed: 1.0</cmt>
      </trkpt>
      <trkpt lat="47.356431" lon="8.563149">
        <ele>479</ele>
        <time>2024-05-05T13:04:49Z</time>
        <cmt>speed: 0.0</cmt>
      </trkpt>
      <trkpt lat="47.356808" lon="8.563045">
        <ele>451</ele>
        <time>2024-05-05T13:14:46Z</time>
        <cmt>speed: 0.0</cmt>
      </trkpt>
      <trkpt lat="47.356808" lon="8.563045">
        <ele>451</ele>
        <time>2024-05-05T13:24:40Z</time>
      </trkpt>
      <trkpt lat="47.356385" lon="8.563347">
        <ele>406</ele>
        <time>2024-05-05T13:24:42Z</time>
        <cmt>speed: 0.6</cmt>
      </trkpt>
      <trkpt lat="47.356931" lon="8.563054">
        <ele>452</ele>
        <time>2024-05-05T13:34:42Z</time>
        <cmt>speed: 0.3</cmt>
      </trkpt>
      <trkpt lat="47.356862" lon="8.563725">
        <ele>435</ele>
        <time>2024-05-05T13:45:00Z</time>
        <cmt>speed: 0.2</cmt>
      </trkpt>
      <trkpt lat="47.3571" lon="8.563415">
        <ele>454</ele>
        <time>2024-05-05T13:54:45Z</time>
        <cmt>speed: 0.4</cmt>
      </trkpt>
      <trkpt lat="47.357464" lon="8.56346">
        <ele>443</ele>
        <time>2024-05-05T14:04:45Z</time>
        <cmt>speed: 0.1</cmt>
      </trkpt>
      <trkpt lat="47.358231" lon="8.563307">
        <ele>445</ele>
        <time>2024-05-05T14:14:44Z</time>
        <cmt>speed: 0.0</cmt>
      </trkpt>
      <trkpt lat="47.358051" lon="8.562739">
        <ele>406</ele>
        <time>2024-05-05T14:24:45Z</time>
        <cmt>speed: 2.8</cmt>
      </trkpt>
      <trkpt lat="47.358051" lon="8.562739">
        <ele>406</ele>
        <time>2024-05-05T14:44:39Z</time>
      </trkpt>
      <trkpt lat="47.357929" lon="8.562302">
        <ele>465</ele>
        <time>2024-05-05T14:44:43Z</time>
        <cmt>speed: 0.1</cmt>
      </trkpt>
      <trkpt lat="47.357652" lon="8.56198">
        <ele>420</ele>
        <time>2024-05-05T14:54:58Z</time>
        <cmt>speed: 0.8</cmt>
      </trkpt>
      <trkpt lat="47.35905" lon="8.560358">
        <ele>462</ele>
        <time>2024-05-05T15:04:45Z</time>
        <cmt>speed: 0.3</cmt>
      </trkpt>
      <trkpt lat="47.359324" lon="8.561088">
        <ele>434</ele>
        <time>2024-05-05T15:14:47Z</time>
        <cmt>speed: 0.0</cmt>
      </trkpt>
      <trkpt lat="47.359208" lon="8.56254">
        <ele>435</ele>
        <time>2024-05-05T15:24:45Z</time>
        <cmt>speed: 0.2</cmt>
      </trkpt>
      <trkpt lat="47.358729" lon="8.563101">
        <ele>443</ele>
        <time>2024-05-05T15:34:42Z</time>
        <cmt>speed: 0.2</cmt>
      </trkpt>
      <trkpt lat="47.358729" lon="8.563101">
        <ele>443</ele>
        <time>2024-05-05T15:44:43Z</time>
      </trkpt>
      <trkpt lat="47.358611" lon="8.563316">
        <ele>437</ele>
        <time>2024-05-05T15:44:49Z</time>
        <cmt>speed: 0.2</cmt>
      </trkpt>
      <trkpt lat="47.358528" lon="8.56321">
        <ele>455</ele>
        <time>2024-05-05T16:01:28Z</time>
        <cmt>speed: 0.1</cmt>
      </trkpt>
      <trkpt lat="47.358528" lon="8.56321">
        <ele>455</ele>
        <time>2024-05-05T16:11:21Z</time>
      </trkpt>
      <trkpt lat="47.358716" lon="8.563586">
        <ele>420</ele>
        <time>2024-05-05T16:11:27Z</time>
        <cmt>speed: 0.2</cmt>
      </trkpt>
      <trkpt lat="47.358581" lon="8.563341">
        <ele>456</ele>
        <time>2024-05-05T16:21:27Z</time>
        <cmt>speed: 0.4</cmt>
      </trkpt>
      <trkpt lat="47.358581" lon="8.563341">
        <ele>456</ele>
        <time>2024-05-05T16:31:21Z</time>
      </trkpt>
      <trkpt lat="47.358441" lon="8.563241">
        <ele>468</ele>
        <time>2024-05-05T16:31:27Z</time>
        <cmt>speed: 0.6</cmt>
      </trkpt>
      <trkpt lat="47.360126" lon="8.563912">
        <ele>440</ele>
        <time>2024-05-05T16:41:26Z</time>
        <cmt>speed: 0.5</cmt>
      </trkpt>
      <trkpt lat="47.359974" lon="8.56367">
        <ele>434</ele>
        <time>2024-05-05T16:44:14Z</time>
      </trkpt>
      <trkpt lat="47.359974" lon="8.56367">
        <ele>434</ele>
        <time>2024-05-05T16:59:13Z</time>
      </trkpt>
      <trkpt lat="47.359821" lon="8.563971">
        <ele>393</ele>
        <time>2024-05-05T20:50:04Z</time>
        <cmt>speed: 0.2</cmt>
      </trkpt>
      <trkpt lat="47.359184" lon="8.561774">
        <ele>451</ele>
        <time>2024-05-05T21:00:04Z</time>
        <cmt>speed: 0.1</cmt>
      </trkpt>
      <trkpt lat="47.358695" lon="8.562094">
        <ele>465</ele>
        <time>2024-05-05T21:10:01Z</time>
        <cmt>speed: 0.0</cmt>
      </trkpt>
      <trkpt lat="47.357588" lon="8.562286">
        <ele>485</ele>
        <time>2024-05-05T21:20:10Z</time>
        <cmt>speed: 0.6</cmt>
      </trkpt>
      <trkpt lat="47.357835" lon="8.561858">
        <ele>450</ele>
        <time>2024-05-05T21:29:59Z</time>
        <cmt>speed: 0.2</cmt>
      </trkpt>
      <trkpt lat="47.3578" lon="8.561962">
        <ele>459</ele>
        <time>2024-05-05T21:40:00Z</time>
        <cmt>speed: 0.1</cmt>
      </trkpt>
      <trkpt lat="47.358106" lon="8.561053">
        <ele>445</ele>
        <time>2024-05-05T21:49:59Z</time>
        <cmt>speed: 1.6</cmt>
      </trkpt>
      <trkpt lat="47.359292" lon="8.560357">
        <ele>425</ele>
        <time>2024-05-05T21:59:59Z</time>
        <cmt>speed: 2.1</cmt>
      </trkpt>
      <trkpt lat="47.358742" lon="8.56098">
        <ele>430</ele>
        <time>2024-05-05T22:09:59Z</time>
        <cmt>speed: 0.1</cmt>
      </trkpt>
      <trkpt lat="47.359301" lon="8.560632">
        <ele>476</ele>
        <time>2024-05-05T22:20:01Z</time>
        <cmt>speed: 0.3</cmt>
      </trkpt>
      <trkpt lat="47.359004" lon="8.561544">
        <ele>444</ele>
        <time>2024-05-05T22:29:58Z</time>
        <cmt>speed: 0.6</cmt>
      </trkpt>
      <trkpt lat="47.357687" lon="8.562077">
        <ele>457</ele>
        <time>2024-05-05T22:40:02Z</time>
        <cmt>speed: 0.3</cmt>
      </trkpt>
      <trkpt lat="47.357687" lon="8.562077">
        <ele>457</ele>
        <time>2024-05-05T22:49:52Z</time>
      </trkpt>
      <trkpt lat="47.357951" lon="8.562377">
        <ele>419</ele>
        <time>2024-05-05T22:49:59Z</time>
        <cmt>speed: 1.3</cmt>
      </trkpt>
      <trkpt lat="47.359002" lon="8.562156">
        <ele>446</ele>
        <time>2024-05-05T22:59:59Z</time>
        <cmt>speed: 1.9</cmt>
      </trkpt>
      <trkpt lat="47.359974" lon="8.56367">
        <ele>434</ele>
        <time>2024-05-05T23:06:35Z</time>
      </trkpt>
      <trkpt lat="47.359974" lon="8.56367">
        <ele>434</ele>
        <time>2024-05-05T23:21:35Z</time>
      </trkpt>
      <trkpt lat="47.359974" lon="8.56367">
        <ele>434</ele>
        <time>2024-05-06T03:58:04Z</time>
      </trkpt>
      <trkpt lat="47.360477" lon="8.562475">
        <ele>441</ele>
        <time>2024-05-06T03:58:48Z</time>
        <cmt>speed: 1.8</cmt>
      </trkpt>
      <trkpt lat="47.35974" lon="8.560797">
        <ele>428</ele>
        <time>2024-05-06T04:08:18Z</time>
        <cmt>speed: 0.8</cmt>
      </trkpt>
      <trkpt lat="47.359273" lon="8.560211">
        <ele>459</ele>
        <time>2024-05-06T04:18:16Z</time>
        <cmt>speed: 1.5</cmt>
      </trkpt>
      <trkpt lat="47.35873" lon="8.562011">
        <ele>421</ele>
        <time>2024-05-06T04:28:20Z</time>
        <cmt>speed: 0.1</cmt>
      </trkpt>
      <trkpt lat="47.357857" lon="8.562494">
        <ele>472</ele>
        <time>2024-05-06T04:38:22Z</time>
        <cmt>speed: 0.1</cmt>
      </trkpt>
      <trkpt lat="47.357896" lon="8.56289">
        <ele>433</ele>
        <time>2024-05-06T04:48:22Z</time>
        <cmt>speed: 0.2</cmt>
      </trkpt>
      <trkpt lat="47.357896" lon="8.56289">
        <ele>433</ele>
        <time>2024-05-06T04:58:11Z</time>
      </trkpt>
      <trkpt lat="47.357724" lon="8.563036">
        <ele>431</ele>
        <time>2024-05-06T04:58:19Z</time>
        <cmt>speed: 0.2</cmt>
      </trkpt>
      <trkpt lat="47.358614" lon="8.562212">
        <ele>445</ele>
        <time>2024-05-06T05:08:15Z</time>
        <cmt>speed: 0.2</cmt>
      </trkpt>
      <trkpt lat="47.35876" lon="8.561977">
        <ele>433</ele>
        <time>2024-05-06T05:18:17Z</time>
        <cmt>speed: 0.1</cmt>
      </trkpt>
      <trkpt lat="47.358385" lon="8.560417">
        <ele>465</ele>
        <time>2024-05-06T05:28:16Z</time>
        <cmt>speed: 1.1</cmt>
      </trkpt>
      <trkpt lat="47.359291" lon="8.561268">
        <ele>437</ele>
        <time>2024-05-06T05:38:25Z</time>
        <cmt>speed: 0.4</cmt>
      </trkpt>
      <trkpt lat="47.359102" lon="8.561766">
        <ele>433</ele>
        <time>2024-05-06T05:48:20Z</time>
        <cmt>speed: 1.7</cmt>
      </trkpt>
      <trkpt lat="47.359102" lon="8.561766">
        <ele>433</ele>
        <time>2024-05-06T05:58:11Z</time>
      </trkpt>
      <trkpt lat="47.359212" lon="8.561856">
        <ele>441</ele>
        <time>2024-05-06T05:58:19Z</time>
        <cmt>speed: 0.0</cmt>
      </trkpt>
      <trkpt lat="47.359077" lon="8.561531">
        <ele>445</ele>
        <time>2024-05-06T06:08:18Z</time>
        <cmt>speed: 0.0</cmt>
      </trkpt>
      <trkpt lat="47.3593" lon="8.564077">
        <ele>440</ele>
        <time>2024-05-06T06:18:17Z</time>
        <cmt>speed: 2.1</cmt>
      </trkpt>
      <trkpt lat="47.359974" lon="8.56367">
        <ele>434</ele>
        <time>2024-05-06T06:25:43Z</time>
      </trkpt>
      <trkpt lat="47.359974" lon="8.56367">
        <ele>434</ele>
        <time>2024-05-06T06:40:43Z</time>
      </trkpt>
      <trkpt lat="47.359974" lon="8.56367">
        <ele>434</ele>
        <time>2024-05-06T14:44:23Z</time>
      </trkpt>
      <trkpt lat="47.359673" lon="8.56379">
        <ele>459</ele>
        <time>2024-05-06T14:44:57Z</time>
        <cmt>speed: 1.3</cmt>
      </trkpt>
      <trkpt lat="47.358855" lon="8.563804">
        <ele>440</ele>
        <time>2024-05-06T14:54:40Z</time>
        <cmt>speed: 0.9</cmt>
      </trkpt>
      <trkpt lat="47.35879" lon="8.563713">
        <ele>405</ele>
        <time>2024-05-06T15:04:43Z</time>
        <cmt>speed: 0.1</cmt>
      </trkpt>
      <trkpt lat="47.35879" lon="8.563713">
        <ele>405</ele>
        <time>2024-05-06T15:04:48Z</time>
      </trkpt>
      <trkpt lat="47.358979" lon="8.563806">
        <ele>447</ele>
        <time>2024-05-06T15:19:33Z</time>
        <cmt>speed: 0.2</cmt>
      </trkpt>
      <trkpt lat="47.358979" lon="8.563806">
        <ele>447</ele>
        <time>2024-05-06T15:29:21Z</time>
      </trkpt>
      <trkpt lat="47.359119" lon="8.563568">
        <ele>464</ele>
        <time>2024-05-06T15:29:30Z</time>
        <cmt>speed: 0.3</cmt>
      </trkpt>
      <trkpt lat="47.359263" lon="8.56345">
        <ele>482</ele>
        <time>2024-05-06T15:39:30Z</time>
        <cmt>speed: 1.2</cmt>
      </trkpt>
      <trkpt lat="47.359263" lon="8.56345">
        <ele>482</ele>
        <time>2024-05-06T15:49:20Z</time>
      </trkpt>
      <trkpt lat="47.358483" lon="8.563466">
        <ele>418</ele>
        <time>2024-05-06T15:49:29Z</time>
        <cmt>speed: 2.1</cmt>
      </trkpt>
      <trkpt lat="47.358637" lon="8.563906">
        <ele>489</ele>
        <time>2024-05-06T15:59:40Z</time>
        <cmt>speed: 1.6</cmt>
      </trkpt>
      <trkpt lat="47.358947" lon="8.563416">
        <ele>443</ele>
        <time>2024-05-06T16:09:40Z</time>
        <cmt>speed: 0.8</cmt>
      </trkpt>
      <trkpt lat="47.358479" lon="8.56472">
        <ele>445</ele>
        <time>2024-05-06T16:19:28Z</time>
        <cmt>speed: 0.1</cmt>
      </trkpt>
      <trkpt lat="47.358479" lon="8.56472">
        <ele>445</ele>
        <time>2024-05-06T16:29:20Z</time>
      </trkpt>
      <trkpt lat="47.358502" lon="8.564657">
        <ele>451</ele>
        <time>2024-05-06T16:29:30Z</time>
        <cmt>speed: 0.3</cmt>
      </trkpt>
      <trkpt lat="47.358311" lon="8.564665">
        <ele>470</ele>
        <time>2024-05-06T16:39:29Z</time>
        <cmt>speed: 0.2</cmt>
      </trkpt>
      <trkpt lat="47.358311" lon="8.564665">
        <ele>470</ele>
        <time>2024-05-06T16:49:19Z</time>
      </trkpt>
      <trkpt lat="47.358655" lon="8.564921">
        <ele>439</ele>
        <time>2024-05-06T16:49:28Z</time>
        <cmt>speed: 0.9</cmt>
      </trkpt>
      <trkpt lat="47.358467" lon="8.564698">
        <ele>450</ele>
        <time>2024-05-06T16:59:28Z</time>
        <cmt>speed: 0.2</cmt>
      </trkpt>
      <trkpt lat="47.358467" lon="8.564698">
        <ele>450</ele>
        <time>2024-05-06T17:09:18Z</time>
      </trkpt>
      <trkpt lat="47.358463" lon="8.564767">
        <ele>448</ele>
        <time>2024-05-06T17:09:28Z</time>
        <cmt>speed: 1.1</cmt>
      </trkpt>
      <trkpt lat="47.358304" lon="8.564684">
        <ele>439</ele>
        <time>2024-05-06T17:19:29Z</time>
        <cmt>speed: 1.8</cmt>
      </trkpt>
      <trkpt lat="47.358465" lon="8.564839">
        <ele>473</ele>
        <time>2024-05-06T17:29:29Z</time>
        <cmt>speed: 0.5</cmt>
      </trkpt>
      <trkpt lat="47.358563" lon="8.564707">
        <ele>448</ele>
        <time>2024-05-06T17:39:29Z</time>
        <cmt>speed: 0.1</cmt>
      </trkpt>
      <trkpt lat="47.359974" lon="8.56367">
        <ele>434</ele>
        <time>2024-05-06T17:47:52Z</time>
      </trkpt>
      <trkpt lat="47.359974" lon="8.56367">
        <ele>434</ele>
        <time>2024-05-06T18:02:52Z</time>
      </trkpt>
      <trkpt lat="47.359974" lon="8.56367">
        <ele>434</ele>
        <time>2024-05-07T06:03:01Z</time>
      </trkpt>
      <trkpt lat="47.359974" lon="8.56367">
        <ele>434</ele>
        <time>2024-05-07T18:03:19Z</time>
      </trkpt>
      <trkpt lat="47.359729" lon="8.563058">
        <ele>483</ele>
        <time>2024-05-08T06:02:02Z</time>
        <cmt>speed: 0.0</cmt>
      </trkpt>
      <trkpt lat="47.359638" lon="8.561471">
        <ele>440</ele>
        <time>2024-05-08T06:11:59Z</time>
        <cmt>speed: 1.7</cmt>
      </trkpt>
      <trkpt lat="47.358625" lon="8.561081">
        <ele>473</ele>
        <time>2024-05-08T06:21:55Z</time>
        <cmt>speed: 0.3</cmt>
      </trkpt>
      <trkpt lat="47.358625" lon="8.561081">
        <ele>473</ele>
        <time>2024-05-08T06:22:07Z</time>
      </trkpt>
      <trkpt lat="47.358829" lon="8.560957">
        <ele>419</ele>
        <time>2024-05-08T06:31:55Z</time>
        <cmt>speed: 0.8</cmt>
      </trkpt>
      <trkpt lat="47.358787" lon="8.561115">
        <ele>442</ele>
        <time>2024-05-08T06:41:56Z</time>
        <cmt>speed: 1.2</cmt>
      </trkpt>
      <trkpt lat="47.358787" lon="8.561115">
        <ele>442</ele>
        <time>2024-05-08T06:42:07Z</time>
      </trkpt>
      <trkpt lat="47.3589" lon="8.5612">
        <ele>440</ele>
        <time>2024-05-08T06:51:56Z</time>
        <cmt>speed: 0.0</cmt>
      </trkpt>
      <trkpt lat="47.358807" lon="8.561188">
        <ele>474</ele>
        <time>2024-05-08T07:01:56Z</time>
        <cmt>speed: 0.9</cmt>
      </trkpt>
      <trkpt lat="47.358807" lon="8.561188">
        <ele>474</ele>
        <time>2024-05-08T07:02:07Z</time>
      </trkpt>
      <trkpt lat="47.358851" lon="8.561233">
        <ele>424</ele>
        <time>2024-05-08T07:11:58Z</time>
        <cmt>speed: 0.5</cmt>
      </trkpt>
      <trkpt lat="47.358803" lon="8.561187">
        <ele>420</ele>
        <time>2024-05-08T07:21:57Z</time>
        <cmt>speed: 0.0</cmt>
      </trkpt>
      <trkpt lat="47.358803" lon="8.561187">
        <ele>420</ele>
        <time>2024-05-08T07:22:07Z</time>
      </trkpt>
      <trkpt lat="47.358719" lon="8.56089">
        <ele>449</ele>
        <time>2024-05-08T07:31:55Z</time>
        <cmt>speed: 0.1</cmt>
      </trkpt>
      <trkpt lat="47.358744" lon="8.560844">
        <ele>403</ele>
        <time>2024-05-08T07:41:58Z</time>
        <cmt>speed: 0.5</cmt>
      </trkpt>
      <trkpt lat="47.358744" lon="8.560844">
        <ele>403</ele>
        <time>2024-05-08T07:42:07Z</time>
      </trkpt>
      <trkpt lat="47.358498" lon="8.560623">
        <ele>425</ele>
        <time>2024-05-08T07:51:56Z</time>
        <cmt>speed: 2.2</cmt>
      </trkpt>
      <trkpt lat="47.358617" lon="8.560996">
        <ele>428</ele>
        <time>2024-05-08T08:02:01Z</time>
        <cmt>speed: 1.3</cmt>
      </trkpt>
      <trkpt lat="47.358645" lon="8.560782">
        <ele>444</ele>
        <time>2024-05-08T08:11:56Z</time>
        <cmt>speed: 0.2</cmt>
      </trkpt>
      <trkpt lat="47.358621" lon="8.560777">
        <ele>437</ele>
        <time>2024-05-08T08:21:55Z</time>
        <cmt>speed: 0.8</cmt>
      </trkpt>
      <trkpt lat="47.358621" lon="8.560777">
        <ele>437</ele>
        <time>2024-05-08T08:21:56Z</time>
      </trkpt>
      <trkpt lat="47.358354" lon="8.560753">
        <ele>449</ele>
        <time>2024-05-08T08:31:56Z</time>
        <cmt>speed: 0.4</cmt>
      </trkpt>
      <trkpt lat="47.358449" lon="8.560683">
        <ele>444</ele>
        <time>2024-05-08T08:41:56Z</time>
        <cmt>speed: 1.8</cmt>
      </trkpt>
      <trkpt lat="47.358449" lon="8.560683">
        <ele>444</ele>
        <time>2024-05-08T08:41:56Z</time>
      </trkpt>
      <trkpt lat="47.358117" lon="8.560562">
        <ele>410</ele>
        <time>2024-05-08T08:52:04Z</time>
        <cmt>speed: 0.1</cmt>
      </trkpt>
      <trkpt lat="47.358204" lon="8.560592">
        <ele>468</ele>
        <time>2024-05-08T09:02:05Z</time>
        <cmt>speed: 0.9</cmt>
      </trkpt>
      <trkpt lat="47.358226" lon="8.560511">
        <ele>444</ele>
        <time>2024-05-08T09:11:57Z</time>
        <cmt>speed: 0.0</cmt>
      </trkpt>
      <trkpt lat="47.358181" lon="8.559902">
        <ele>439</ele>
        <time>2024-05-08T09:22:00Z</time>
        <cmt>speed: 0.1</cmt>
      </trkpt>
      <trkpt lat="47.358529" lon="8.560121">
        <ele>460</ele>
        <time>2024-05-08T09:31:54Z</time>
        <cmt>speed: 0.4</cmt>
      </trkpt>
      <trkpt lat="47.358529" lon="8.560121">
        <ele>460</ele>
        <time>2024-05-08T09:41:55Z</time>
      </trkpt>
      <trkpt lat="47.358931" lon="8.561228">
        <ele>424</ele>
        <time>2024-05-08T09:41:56Z</time>
        <cmt>speed: 0.0</cmt>
      </trkpt>
      <trkpt lat="47.359116" lon="8.561395">
        <ele>425</ele>
        <time>2024-05-08T09:51:58Z</time>
        <cmt>speed: 0.1</cmt>
      </trkpt>
      <trkpt lat="47.358433" lon="8.561085">
        <ele>425</ele>
        <time>2024-05-08T10:01:54Z</time>
        <cmt>speed: 0.3</cmt>
      </trkpt>
      <trkpt lat="47.358478" lon="8.560962">
        <ele>432</ele>
        <time>2024-05-08T10:11:56Z</time>
        <cmt>speed: 0.0</cmt>
      </trkpt>
      <trkpt lat="47.358922" lon="8.560429">
        <ele>441</ele>
        <time>2024-05-08T10:21:57Z</time>
        <cmt>speed: 0.2</cmt>
      </trkpt>
      <trkpt lat="47.358832" lon="8.560809">
        <ele>438</ele>
        <time>2024-05-08T10:31:56Z</time>
        <cmt>speed: 1.5</cmt>
      </trkpt>
      <trkpt lat="47.358933" lon="8.561116">
        <ele>448</ele>
        <time>2024-05-08T10:41:57Z</time>
        <cmt>speed: 0.0</cmt>
      </trkpt>
      <trkpt lat="47.35896" lon="8.561177">
        <ele>422</ele>
        <time>2024-05-08T10:51:56Z</time>
        <cmt>speed: 0.4</cmt>
      </trkpt>
      <trkpt lat="47.35896" lon="8.561177">
        <ele>422</ele>
        <time>2024-05-08T11:01:53Z</time>
      </trkpt>
      <trkpt lat="47.358776" lon="8.561093">
        <ele>425</ele>
        <time>2024-05-08T11:01:59Z</time>
        <cmt>speed: 0.1</cmt>
      </trkpt>
      <trkpt lat="47.35887" lon="8.560777">
        <ele>429</ele>
        <time>2024-05-08T11:11:56Z</time>
        <cmt>speed: 0.3</cmt>
      </trkpt>
      <trkpt lat="47.35887" lon="8.560777">
        <ele>429</ele>
        <time>2024-05-08T11:21:52Z</time>
      </trkpt>
      <trkpt lat="47.358551" lon="8.561047">
        <ele>403</ele>
        <time>2024-05-08T11:21:58Z</time>
        <cmt>speed: 0.2</cmt>
      </trkpt>
      <trkpt lat="47.358298" lon="8.560545">
        <ele>489</ele>
        <time>2024-05-08T11:31:57Z</time>
        <cmt>speed: 0.9</cmt>
      </trkpt>
      <trkpt lat="47.35865" lon="8.560958">
        <ele>409</ele>
        <time>2024-05-08T11:41:58Z</time>
        <cmt>speed: 1.3</cmt>
      </trkpt>
      <trkpt lat="47.358572" lon="8.562109">
        <ele>447</ele>
        <time>2024-05-08T11:51:56Z</time>
        <cmt>speed: 0.7</cmt>
      </trkpt>
      <trkpt lat="47.358567" lon="8.562795">
        <ele>452</ele>
        <time>2024-05-08T12:01:56Z</time>
        <cmt>speed: 0.4</cmt>
      </trkpt>
      <trkpt lat="47.358598" lon="8.562837">
        <ele>425</ele>
        <time>2024-05-08T12:12:04Z</time>
        <cmt>speed: 0.1</cmt>
      </trkpt>
      <trkpt lat="47.358799" lon="8.562762">
        <ele>453</ele>
        <time>2024-05-08T12:22:37Z</time>
        <cmt>speed: 0.1</cmt>
      </trkpt>
      <trkpt lat="47.358731" lon="8.562659">
        <ele>446</ele>
        <time>2024-05-08T12:31:57Z</time>
        <cmt>speed: 0.4</cmt>
      </trkpt>
      <trkpt lat="47.358731" lon="8.562659">
        <ele>446</ele>
        <time>2024-05-08T12:41:50Z</time>
      </trkpt>
      <trkpt lat="47.358851" lon="8.563353">
        <ele>453</ele>
        <time>2024-05-08T12:41:56Z</time>
        <cmt>speed: 0.0</cmt>
      </trkpt>
      <trkpt lat="47.358721" lon="8.56305">
        <ele>418</ele>
        <time>2024-05-08T12:52:06Z</time>
        <cmt>speed: 1.6</cmt>
      </trkpt>
      <trkpt lat="47.358629" lon="8.563071">
        <ele>426</ele>
        <time>2024-05-08T13:22:22Z</time>
        <cmt>speed: 1.2</cmt>
      </trkpt>
      <trkpt lat="47.358827" lon="8.563098">
        <ele>393</ele>
        <time>2024-05-08T13:31:56Z</time>
        <cmt>speed: 0.9</cmt>
      </trkpt>
      <trkpt lat="47.358731" lon="8.563735">
        <ele>456</ele>
        <time>2024-05-08T13:41:58Z</time>
        <cmt>speed: 0.7</cmt>
      </trkpt>
      <trkpt lat="47.358273" lon="8.563976">
        <ele>479</ele>
        <time>2024-05-08T13:51:56Z</time>
        <cmt>speed: 0.0</cmt>
      </trkpt>
      <trkpt lat="47.358273" lon="8.563976">
        <ele>479</ele>
        <time>2024-05-08T14:01:52Z</time>
      </trkpt>
      <trkpt lat="47.358169" lon="8.564469">
        <ele>447</ele>
        <time>2024-05-08T14:01:58Z</time>
        <cmt>speed: 0.1</cmt>
      </trkpt>
      <trkpt lat="47.358128" lon="8.564137">
        <ele>454</ele>
        <time>2024-05-08T14:12:00Z</time>
        <cmt>speed: 0.1</cmt>
      </trkpt>
      <trkpt lat="47.358128" lon="8.564137">
        <ele>454</ele>
        <time>2024-05-08T14:21:53Z</time>
      </trkpt>
      <trkpt lat="47.358028" lon="8.564075">
        <ele>439</ele>
        <time>2024-05-08T14:21:59Z</time>
        <cmt>speed: 0.2</cmt>
      </trkpt>
      <trkpt lat="47.358039" lon="8.564145">
        <ele>444</ele>
        <time>2024-05-08T14:31:56Z</time>
        <cmt>speed: 0.2</cmt>
      </trkpt>
      <trkpt lat="47.358146" lon="8.564069">
        <ele>451</ele>
        <time>2024-05-08T14:41:57Z</time>
        <cmt>speed: 0.1</cmt>
      </trkpt>
      <trkpt lat="47.358205" lon="8.564248">
        <ele>429</ele>
        <time>2024-05-08T14:51:57Z</time>
        <cmt>speed: 0.6</cmt>
      </trkpt>
      <trkpt lat="47.358205" lon="8.564248">
        <ele>429</ele>
        <time>2024-05-08T15:01:50Z</time>
      </trkpt>
      <trkpt lat="47.358037" lon="8.564071">
        <ele>431</ele>
        <time>2024-05-08T15:01:56Z</time>
        <cmt>speed: 0.9</cmt>
      </trkpt>
      <trkpt lat="47.35807" lon="8.564069">
        <ele>462</ele>
        <time>2024-05-08T15:11:57Z</time>
        <cmt>speed: 0.0</cmt>
      </trkpt>
      <trkpt lat="47.35807" lon="8.564069">
        <ele>462</ele>
        <time>2024-05-08T15:21:49Z</time>
      </trkpt>
      <trkpt lat="47.358202" lon="8.564231">
        <ele>424</ele>
        <time>2024-05-08T15:26:07Z</time>
        <cmt>speed: 0.1</cmt>
      </trkpt>
      <trkpt lat="47.358271" lon="8.564258">
        <ele>417</ele>
        <time>2024-05-08T15:36:07Z</time>
        <cmt>speed: 0.1</cmt>
      </trkpt>
      <trkpt lat="47.358271" lon="8.564258">
        <ele>417</ele>
        <time>2024-05-08T15:46:01Z</time>
      </trkpt>
      <trkpt lat="47.358235" lon="8.564244">
        <ele>423</ele>
        <time>2024-05-08T15:46:07Z</time>
        <cmt>speed: 0.1</cmt>
      </trkpt>
      <trkpt lat="47.358394" lon="8.564471">
        <ele>437</ele>
        <time>2024-05-08T16:01:22Z</time>
        <cmt>speed: 0.7</cmt>
      </trkpt>
      <trkpt lat="47.358246" lon="8.5643">
        <ele>433</ele>
        <time>2024-05-08T16:11:21Z</time>
        <cmt>speed: 0.5</cmt>
      </trkpt>
      <trkpt lat="47.358246" lon="8.5643">
        <ele>433</ele>
        <time>2024-05-08T16:21:16Z</time>
      </trkpt>
      <trkpt lat="47.358138" lon="8.564037">
        <ele>433</ele>
        <time>2024-05-08T16:21:21Z</time>
        <cmt>speed: 0.1</cmt>
      </trkpt>
      <trkpt lat="47.358264" lon="8.564822">
        <ele>463</ele>
        <time>2024-05-08T16:31:49Z</time>
        <cmt>speed: 0.2</cmt>
      </trkpt>
      <trkpt lat="47.35806" lon="8.564641">
        <ele>455</ele>
        <time>2024-05-08T16:41:24Z</time>
        <cmt>speed: 1.7</cmt>
      </trkpt>
      <trkpt lat="47.359236" lon="8.562986">
        <ele>432</ele>
        <time>2024-05-08T16:51:23Z</time>
        <cmt>speed: 2.6</cmt>
      </trkpt>
      <trkpt lat="47.359214" lon="8.562655">
        <ele>450</ele>
        <time>2024-05-08T17:01:21Z</time>
        <cmt>speed: 2.3</cmt>
      </trkpt>
      <trkpt lat="47.359214" lon="8.562655">
        <ele>450</ele>
        <time>2024-05-08T17:21:26Z</time>
      </trkpt>
      <trkpt lat="47.359254" lon="8.562829">
        <ele>481</ele>
        <time>2024-05-08T17:21:32Z</time>
        <cmt>speed: 0.6</cmt>
      </trkpt>
      <trkpt lat="47.359207" lon="8.562483">
        <ele>475</ele>
        <time>2024-05-08T18:11:59Z</time>
        <cmt>speed: 0.6</cmt>
      </trkpt>
      <trkpt lat="47.359207" lon="8.562483">
        <ele>475</ele>
        <time>2024-05-08T18:21:21Z</time>
      </trkpt>
      <trkpt lat="47.359117" lon="8.562735">
        <ele>427</ele>
        <time>2024-05-08T18:21:28Z</time>
        <cmt>speed: 0.1</cmt>
      </trkpt>
      <trkpt lat="47.359338" lon="8.562726">
        <ele>482</ele>
        <time>2024-05-08T18:31:40Z</time>
        <cmt>speed: 0.2</cmt>
      </trkpt>
      <trkpt lat="47.359307" lon="8.562651">
        <ele>439</ele>
        <time>2024-05-08T18:51:29Z</time>
        <cmt>speed: 0.3</cmt>
      </trkpt>
      <trkpt lat="47.359307" lon="8.562651">
        <ele>439</ele>
        <time>2024-05-08T19:01:20Z</time>
      </trkpt>
      <trkpt lat="47.35895" lon="8.562748">
        <ele>429</ele>
        <time>2024-05-08T19:01:27Z</time>
        <cmt>speed: 0.1</cmt>
      </trkpt>
      <trkpt lat="47.35895" lon="8.562748">
        <ele>429</ele>
        <time>2024-05-08T20:01:47Z</time>
      </trkpt>
      <trkpt lat="47.359553" lon="8.562965">
        <ele>486</ele>
        <time>2024-05-08T20:01:54Z</time>
        <cmt>speed: 1.1</cmt>
      </trkpt>
      <trkpt lat="47.359264" lon="8.562877">
        <ele>463</ele>
        <time>2024-05-08T20:11:25Z</time>
        <cmt>speed: 0.9</cmt>
      </trkpt>
      <trkpt lat="47.359198" lon="8.562645">
        <ele>483</ele>
        <time>2024-05-08T20:21:25Z</time>
        <cmt>speed: 0.0</cmt>
      </trkpt>
      <trkpt lat="47.358896" lon="8.560906">
        <ele>435</ele>
        <time>2024-05-08T20:41:22Z</time>
        <cmt>speed: 0.5</cmt>
      </trkpt>
      <trkpt lat="47.358994" lon="8.560177">
        <ele>451</ele>
        <time>2024-05-08T20:51:23Z</time>
        <cmt>speed: 1.0</cmt>
      </trkpt>
      <trkpt lat="47.358067" lon="8.560651">
        <ele>446</ele>
        <time>2024-05-08T21:01:25Z</time>
        <cmt>speed: 0.7</cmt>
      </trkpt>
      <trkpt lat="47.357321" lon="8.562017">
        <ele>457</ele>
        <time>2024-05-08T21:11:23Z</time>
        <cmt>speed: 2.0</cmt>
      </trkpt>
      <trkpt lat="47.357321" lon="8.562017">
        <ele>457</ele>
        <time>2024-05-08T21:21:28Z</time>
      </trkpt>
      <trkpt lat="47.357639" lon="8.561467">
        <ele>460</ele>
        <time>2024-05-08T21:21:35Z</time>
        <cmt>speed: 0.6</cmt>
      </trkpt>
      <trkpt lat="47.358058" lon="8.562031">
        <ele>442</ele>
        <time>2024-05-08T21:31:23Z</time>
        <cmt>speed: 0.0</cmt>
      </trkpt>
      <trkpt lat="47.357504" lon="8.563533">
        <ele>429</ele>
        <time>2024-05-08T21:41:24Z</time>
        <cmt>speed: 1.2</cmt>
      </trkpt>
      <trkpt lat="47.357367" lon="8.563275">
        <ele>454</ele>
        <time>2024-05-08T21:51:24Z</time>
        <cmt>speed: 0.5</cmt>
      </trkpt>
      <trkpt lat="47.356941" lon="8.563435">
        <ele>438</ele>
        <time>2024-05-08T22:01:21Z</time>
        <cmt>speed: 2.2</cmt>
      </trkpt>
      <trkpt lat="47.357296" lon="8.563418">
        <ele>402</ele>
        <time>2024-05-08T22:11:21Z</time>
        <cmt>speed: 0.7</cmt>
      </trkpt>
      <trkpt lat="47.357296" lon="8.563418">
        <ele>402</ele>
        <time>2024-05-08T22:21:14Z</time>
      </trkpt>
      <trkpt lat="47.357035" lon="8.56301">
        <ele>437</ele>
        <time>2024-05-08T22:21:21Z</time>
        <cmt>speed: 0.5</cmt>
      </trkpt>
      <trkpt lat="47.3577" lon="8.561362">
        <ele>462</ele>
        <time>2024-05-08T22:31:23Z</time>
        <cmt>speed: 0.1</cmt>
      </trkpt>
      <trkpt lat="47.360034" lon="8.561493">
        <ele>436</ele>
        <time>2024-05-08T22:51:22Z</time>
        <cmt>speed: 0.9</cmt>
      </trkpt>
      <trkpt lat="47.359542" lon="8.56079">
        <ele>438</ele>
        <time>2024-05-08T23:01:34Z</time>
        <cmt>speed: 0.3</cmt>
      </trkpt>
      <trkpt lat="47.360101" lon="8.561288">
        <ele>440</ele>
        <time>2024-05-08T23:11:23Z</time>
        <cmt>speed: 0.5</cmt>
      </trkpt>
      <trkpt lat="47.360101" lon="8.561288">
        <ele>440</ele>
        <time>2024-05-08T23:21:16Z</time>
      </trkpt>
      <trkpt lat="47.359569" lon="8.561145">
        <ele>438</ele>
        <time>2024-05-08T23:21:24Z</time>
        <cmt>speed: 0.9</cmt>
      </trkpt>
      <trkpt lat="47.358128" lon="8.562528">
        <ele>421</ele>
        <time>2024-05-08T23:31:21Z</time>
        <cmt>speed: 0.5</cmt>
      </trkpt>
      <trkpt lat="47.35753" lon="8.56221">
        <ele>438</ele>
        <time>2024-05-08T23:41:22Z</time>
        <cmt>speed: 0.4</cmt>
      </trkpt>
      <trkpt lat="47.35762" lon="8.561695">
        <ele>468</ele>
        <time>2024-05-08T23:51:26Z</time>
        <cmt>speed: 1.0</cmt>
      </trkpt>
      <trkpt lat="47.358438" lon="8.561743">
        <ele>433</ele>
        <time>2024-05-09T00:01:21Z</time>
        <cmt>speed: 0.0</cmt>
      </trkpt>
      <trkpt lat="47.358141" lon="8.56096">
        <ele>454</ele>
        <time>2024-05-09T00:11:22Z</time>
        <cmt>speed: 1.3</cmt>
      </trkpt>
      <trkpt lat="47.358141" lon="8.56096">
        <ele>454</ele>
        <time>2024-05-09T00:21:18Z</time>
      </trkpt>
      <trkpt lat="47.357525" lon="8.560677">
        <ele>456</ele>
        <time>2024-05-09T00:21:25Z</time>
        <cmt>speed: 0.5</cmt>
      </trkpt>
      <trkpt lat="47.357794" lon="8.560257">
        <ele>467</ele>
        <time>2024-05-09T00:31:24Z</time>
        <cmt>speed: 0.2</cmt>
      </trkpt>
      <trkpt lat="47.357739" lon="8.560348">
        <ele>463</ele>
        <time>2024-05-09T00:41:25Z</time>
        <cmt>speed: 0.1</cmt>
      </trkpt>
      <trkpt lat="47.357655" lon="8.56036">
        <ele>442</ele>
        <time>2024-05-09T00:51:24Z</time>
        <cmt>speed: 0.7</cmt>
      </trkpt>
      <trkpt lat="47.357655" lon="8.56036">
        <ele>442</ele>
        <time>2024-05-09T01:01:15Z</time>
      </trkpt>
      <trkpt lat="47.357697" lon="8.560596">
        <ele>372</ele>
        <time>2024-05-09T01:01:23Z</time>
        <cmt>speed: 1.5</cmt>
      </trkpt>
      <trkpt lat="47.357744" lon="8.560466">
        <ele>441</ele>
        <time>2024-05-09T01:11:25Z</time>
        <cmt>speed: 0.8</cmt>
      </trkpt>
      <trkpt lat="47.357964" lon="8.560917">
        <ele>444</ele>
        <time>2024-05-09T01:21:24Z</time>
        <cmt>speed: 1.8</cmt>
      </trkpt>
      <trkpt lat="47.358353" lon="8.561584">
        <ele>460</ele>
        <time>2024-05-09T01:31:22Z</time>
        <cmt>speed: 0.6</cmt>
      </trkpt>
      <trkpt lat="47.358233" lon="8.561673">
        <ele>441</ele>
        <time>2024-05-09T01:41:23Z</time>
        <cmt>speed: 0.0</cmt>
      </trkpt>
      <trkpt lat="47.359936" lon="8.562234">
        <ele>426</ele>
        <time>2024-05-09T01:51:23Z</time>
        <cmt>speed: 0.1</cmt>
      </trkpt>
      <trkpt lat="47.359585" lon="8.562217">
        <ele>439</ele>
        <time>2024-05-09T02:01:25Z</time>
        <cmt>speed: 0.4</cmt>
      </trkpt>
      <trkpt lat="47.359187" lon="8.562587">
        <ele>437</ele>
        <time>2024-05-09T02:11:22Z</time>
        <cmt>speed: 0.3</cmt>
      </trkpt>
      <trkpt lat="47.359187" lon="8.562587">
        <ele>437</ele>
        <time>2024-05-09T02:21:15Z</time>
      </trkpt>
      <trkpt lat="47.359448" lon="8.562608">
        <ele>448</ele>
        <time>2024-05-09T02:21:23Z</time>
        <cmt>speed: 0.1</cmt>
      </trkpt>
      <trkpt lat="47.359539" lon="8.561758">
        <ele>420</ele>
        <time>2024-05-09T02:31:22Z</time>
        <cmt>speed: 1.1</cmt>
      </trkpt>
      <trkpt lat="47.359539" lon="8.561758">
        <ele>420</ele>
        <time>2024-05-09T02:41:15Z</time>
      </trkpt>
      <trkpt lat="47.359498" lon="8.562616">
        <ele>457</ele>
        <time>2024-05-09T02:41:23Z</time>
        <cmt>speed: 0.4</cmt>
      </trkpt>
      <trkpt lat="47.359473" lon="8.562669">
        <ele>442</ele>
        <time>2024-05-09T02:51:22Z</time>
        <cmt>speed: 0.4</cmt>
      </trkpt>
      <trkpt lat="47.359447" lon="8.562676">
        <ele>458</ele>
        <time>2024-05-09T03:01:23Z</time>
        <cmt>speed: 0.0</cmt>
      </trkpt>
      <trkpt lat="47.359451" lon="8.562575">
        <ele>470</ele>
        <time>2024-05-09T03:11:23Z</time>
        <cmt>speed: 0.3</cmt>
      </trkpt>
      <trkpt lat="47.359451" lon="8.562575">
        <ele>470</ele>
        <time>2024-05-09T03:21:14Z</time>
      </trkpt>
      <trkpt lat="47.359173" lon="8.562605">
        <ele>419</ele>
        <time>2024-05-09T03:21:22Z</time>
        <cmt>speed: 0.1</cmt>
      </trkpt>
      <trkpt lat="47.359217" lon="8.56111">
        <ele>441</ele>
        <time>2024-05-09T03:31:23Z</time>
        <cmt>speed: 0.3</cmt>
      </trkpt>
      <trkpt lat="47.359217" lon="8.56111">
        <ele>441</ele>
        <time>2024-05-09T03:41:15Z</time>
      </trkpt>
      <trkpt lat="47.358935" lon="8.560789">
        <ele>400</ele>
        <time>2024-05-09T03:41:23Z</time>
        <cmt>speed: 0.5</cmt>
      </trkpt>
      <trkpt lat="47.35869" lon="8.561222">
        <ele>443</ele>
        <time>2024-05-09T03:51:23Z</time>
        <cmt>speed: 0.2</cmt>
      </trkpt>
      <trkpt lat="47.35869" lon="8.561222">
        <ele>443</ele>
        <time>2024-05-09T04:01:16Z</time>
      </trkpt>
      <trkpt lat="47.358824" lon="8.561002">
        <ele>456</ele>
        <time>2024-05-09T04:01:24Z</time>
        <cmt>speed: 0.2</cmt>
      </trkpt>
      <trkpt lat="47.3586" lon="8.561159">
        <ele>435</ele>
        <time>2024-05-09T04:11:22Z</time>
        <cmt>speed: 0.3</cmt>
      </trkpt>
      <trkpt lat="47.3586" lon="8.561159">
        <ele>435</ele>
        <time>2024-05-09T04:21:15Z</time>
      </trkpt>
      <trkpt lat="47.358703" lon="8.561044">
        <ele>427</ele>
        <time>2024-05-09T04:21:23Z</time>
        <cmt>speed: 0.0</cmt>
      </trkpt>
      <trkpt lat="47.35803" lon="8.561295">
        <ele>427</ele>
        <time>2024-05-09T04:31:24Z</time>
        <cmt>speed: 0.4</cmt>
      </trkpt>
      <trkpt lat="47.35803" lon="8.561295">
        <ele>427</ele>
        <time>2024-05-09T04:41:13Z</time>
      </trkpt>
      <trkpt lat="47.358533" lon="8.561178">
        <ele>448</ele>
        <time>2024-05-09T04:48:56Z</time>
        <cmt>speed: 0.3</cmt>
      </trkpt>
      <trkpt lat="47.358579" lon="8.560994">
        <ele>393</ele>
        <time>2024-05-09T04:58:58Z</time>
        <cmt>speed: 0.1</cmt>
      </trkpt>
      <trkpt lat="47.360281" lon="8.561787">
        <ele>448</ele>
        <time>2024-05-09T05:08:58Z</time>
        <cmt>speed: 0.8</cmt>
      </trkpt>
      <trkpt lat="47.359959" lon="8.563643">
        <ele>434</ele>
        <time>2024-05-09T05:13:54Z</time>
      </trkpt>
      <trkpt lat="47.359959" lon="8.563643">
        <ele>434</ele>
        <time>2024-05-09T05:28:54Z</time>
      </trkpt>
      <trkpt lat="47.359656" lon="8.564087">
        <ele>428</ele>
        <time>2024-05-09T15:12:56Z</time>
        <cmt>speed: 0.6</cmt>
      </trkpt>
      <trkpt lat="47.358932" lon="8.563524">
        <ele>447</ele>
        <time>2024-05-09T15:22:43Z</time>
        <cmt>speed: 2.0</cmt>
      </trkpt>
      <trkpt lat="47.358647" lon="8.563442">
        <ele>440</ele>
        <time>2024-05-09T15:32:42Z</time>
        <cmt>speed: 0.1</cmt>
      </trkpt>
      <trkpt lat="47.358487" lon="8.563402">
        <ele>433</ele>
        <time>2024-05-09T15:42:43Z</time>
        <cmt>speed: 0.0</cmt>
      </trkpt>
      <trkpt lat="47.358064" lon="8.563819">
        <ele>418</ele>
        <time>2024-05-09T15:52:42Z</time>
        <cmt>speed: 0.7</cmt>
      </trkpt>
      <trkpt lat="47.358234" lon="8.563968">
        <ele>465</ele>
        <time>2024-05-09T16:02:43Z</time>
        <cmt>speed: 0.5</cmt>
      </trkpt>
      <trkpt lat="47.358234" lon="8.563968">
        <ele>465</ele>
        <time>2024-05-09T16:12:32Z</time>
      </trkpt>
      <trkpt lat="47.35821" lon="8.56408">
        <ele>461</ele>
        <time>2024-05-09T16:12:41Z</time>
        <cmt>speed: 1.7</cmt>
      </trkpt>
      <trkpt lat="47.358199" lon="8.563892">
        <ele>451</ele>
        <time>2024-05-09T16:22:42Z</time>
        <cmt>speed: 0.1</cmt>
      </trkpt>
      <trkpt lat="47.358199" lon="8.563892">
        <ele>451</ele>
        <time>2024-05-09T16:32:34Z</time>
      </trkpt>
      <trkpt lat="47.358275" lon="8.563937">
        <ele>444</ele>
        <time>2024-05-09T16:32:44Z</time>
        <cmt>speed: 0.5</cmt>
      </trkpt>
      <trkpt lat="47.358282" lon="8.563887">
        <ele>472</ele>
        <time>2024-05-09T16:42:41Z</time>
        <cmt>speed: 0.2</cmt>
      </trkpt>
      <trkpt lat="47.358062" lon="8.564084">
        <ele>467</ele>
        <time>2024-05-09T16:52:42Z</time>
        <cmt>speed: 1.0</cmt>
      </trkpt>
      <trkpt lat="47.357536" lon="8.56382">
        <ele>499</ele>
        <time>2024-05-09T17:02:43Z</time>
        <cmt>speed: 0.0</cmt>
      </trkpt>
      <trkpt lat="47.357576" lon="8.564107">
        <ele>437</ele>
        <time>2024-05-09T17:12:41Z</time>
        <cmt>speed: 0.4</cmt>
      </trkpt>
      <trkpt lat="47.357594" lon="8.564617">
        <ele>449</ele>
        <time>2024-05-09T17:22:42Z</time>
        <cmt>speed: 0.9</cmt>
      </trkpt>
      <trkpt lat="47.357224" lon="8.564266">
        <ele>452</ele>
        <time>2024-05-09T17:32:44Z</time>
        <cmt>speed: 0.4</cmt>
      </trkpt>
      <trkpt lat="47.357224" lon="8.564266">
        <ele>452</ele>
        <time>2024-05-09T17:32:44Z</time>
      </trkpt>
      <trkpt lat="47.357118" lon="8.564409">
        <ele>471</ele>
        <time>2024-05-09T17:42:42Z</time>
        <cmt>speed: 1.9</cmt>
      </trkpt>
      <trkpt lat="47.357068" lon="8.564587">
        <ele>465</ele>
        <time>2024-05-09T17:52:41Z</time>
        <cmt>speed: 0.5</cmt>
      </trkpt>
      <trkpt lat="47.357068" lon="8.564587">
        <ele>465</ele>
        <time>2024-05-09T17:52:43Z</time>
      </trkpt>
      <trkpt lat="47.357283" lon="8.564411">
        <ele>441</ele>
        <time>2024-05-09T18:02:42Z</time>
        <cmt>speed: 0.2</cmt>
      </trkpt>
      <trkpt lat="47.357466" lon="8.564385">
        <ele>459</ele>
        <time>2024-05-09T18:12:41Z</time>
        <cmt>speed: 0.1</cmt>
      </trkpt>
      <trkpt lat="47.357466" lon="8.564385">
        <ele>459</ele>
        <time>2024-05-09T18:12:43Z</time>
      </trkpt>
      <trkpt lat="47.357648" lon="8.563792">
        <ele>451</ele>
        <time>2024-05-09T18:22:43Z</time>
        <cmt>speed: 0.1</cmt>
      </trkpt>
      <trkpt lat="47.358457" lon="8.562461">
        <ele>424</ele>
        <time>2024-05-09T18:32:43Z</time>
        <cmt>speed: 0.9</cmt>
      </trkpt>
      <trkpt lat="47.358803" lon="8.561065">
        <ele>433</ele>
        <time>2024-05-09T18:42:42Z</time>
        <cmt>speed: 1.5</cmt>
      </trkpt>
      <trkpt lat="47.358995" lon="8.561524">
        <ele>433</ele>
        <time>2024-05-09T18:52:42Z</time>
        <cmt>speed: 0.8</cmt>
      </trkpt>
      <trkpt lat="47.358986" lon="8.56053">
        <ele>434</ele>
        <time>2024-05-09T19:02:47Z</time>
        <cmt>speed: 0.5</cmt>
      </trkpt>
      <trkpt lat="47.358485" lon="8.560041">
        <ele>443</ele>
        <time>2024-05-09T19:12:41Z</time>
        <cmt>speed: 0.4</cmt>
      </trkpt>
      <trkpt lat="47.358485" lon="8.560041">
        <ele>443</ele>
        <time>2024-05-09T19:12:43Z</time>
      </trkpt>
      <trkpt lat="47.358406" lon="8.560087">
        <ele>434</ele>
        <time>2024-05-09T19:22:41Z</time>
        <cmt>speed: 0.1</cmt>
      </trkpt>
      <trkpt lat="47.358352" lon="8.560965">
        <ele>464</ele>
        <time>2024-05-09T19:32:41Z</time>
        <cmt>speed: 1.2</cmt>
      </trkpt>
      <trkpt lat="47.358352" lon="8.560965">
        <ele>464</ele>
        <time>2024-05-09T19:32:43Z</time>
      </trkpt>
      <trkpt lat="47.358482" lon="8.56196">
        <ele>440</ele>
        <time>2024-05-09T19:42:42Z</time>
        <cmt>speed: 0.0</cmt>
      </trkpt>
      <trkpt lat="47.358684" lon="8.56187">
        <ele>442</ele>
        <time>2024-05-09T19:52:43Z</time>
        <cmt>speed: 0.1</cmt>
      </trkpt>
      <trkpt lat="47.358684" lon="8.56187">
        <ele>442</ele>
        <time>2024-05-09T19:52:43Z</time>
      </trkpt>
      <trkpt lat="47.359002" lon="8.563415">
        <ele>438</ele>
        <time>2024-05-09T20:12:43Z</time>
        <cmt>speed: 0.0</cmt>
      </trkpt>
      <trkpt lat="47.358783" lon="8.564585">
        <ele>441</ele>
        <time>2024-05-09T20:22:44Z</time>
        <cmt>speed: 0.0</cmt>
      </trkpt>
      <trkpt lat="47.358729" lon="8.566116">
        <ele>431</ele>
        <time>2024-05-09T20:32:43Z</time>
        <cmt>speed: 0.1</cmt>
      </trkpt>
      <trkpt lat="47.358642" lon="8.566687">
        <ele>454</ele>
        <time>2024-05-09T20:42:48Z</time>
        <cmt>speed: 1.8</cmt>
      </trkpt>
      <trkpt lat="47.358349" lon="8.566217">
        <ele>461</ele>
        <time>2024-05-09T20:52:41Z</time>
        <cmt>speed: 0.2</cmt>
      </trkpt>
      <trkpt lat="47.35851" lon="8.565869">
        <ele>435</ele>
        <time>2024-05-09T21:02:42Z</time>
        <cmt>speed: 0.3</cmt>
      </trkpt>
      <trkpt lat="47.358614" lon="8.565781">
        <ele>457</ele>
        <time>2024-05-09T21:12:41Z</time>
        <cmt>speed: 1.4</cmt>
      </trkpt>
      <trkpt lat="47.358736" lon="8.565427">
        <ele>450</ele>
        <time>2024-05-09T21:22:42Z</time>
        <cmt>speed: 0.2</cmt>
      </trkpt>
      <trkpt lat="47.359618" lon="8.562096">
        <ele>426</ele>
        <time>2024-05-09T21:32:42Z</time>
        <cmt>speed: 1.2</cmt>
      </trkpt>
      <trkpt lat="47.359677" lon="8.560519">
        <ele>427</ele>
        <time>2024-05-09T21:42:42Z</time>
        <cmt>speed: 0.1</cmt>
      </trkpt>
      <trkpt lat="47.357889" lon="8.560637">
        <ele>463</ele>
        <time>2024-05-09T21:52:42Z</time>
        <cmt>speed: 0.2</cmt>
      </trkpt>
      <trkpt lat="47.357943" lon="8.560444">
        <ele>490</ele>
        <time>2024-05-09T22:02:44Z</time>
        <cmt>speed: 0.1</cmt>
      </trkpt>
      <trkpt lat="47.357327" lon="8.561241">
        <ele>433</ele>
        <time>2024-05-09T22:12:43Z</time>
        <cmt>speed: 0.3</cmt>
      </trkpt>
      <trkpt lat="47.357459" lon="8.561676">
        <ele>441</ele>
        <time>2024-05-09T22:22:43Z</time>
        <cmt>speed: 4.7</cmt>
      </trkpt>
      <trkpt lat="47.358271" lon="8.561814">
        <ele>429</ele>
        <time>2024-05-09T22:32:43Z</time>
        <cmt>speed: 0.1</cmt>
      </trkpt>
      <trkpt lat="47.358398" lon="8.560607">
        <ele>456</ele>
        <time>2024-05-09T22:42:43Z</time>
        <cmt>speed: 0.6</cmt>
      </trkpt>
      <trkpt lat="47.358349" lon="8.560756">
        <ele>444</ele>
        <time>2024-05-09T22:52:42Z</time>
        <cmt>speed: 0.4</cmt>
      </trkpt>
      <trkpt lat="47.35851" lon="8.560845">
        <ele>417</ele>
        <time>2024-05-09T23:02:45Z</time>
        <cmt>speed: 0.7</cmt>
      </trkpt>
      <trkpt lat="47.358783" lon="8.56093">
        <ele>422</ele>
        <time>2024-05-09T23:12:43Z</time>
        <cmt>speed: 1.2</cmt>
      </trkpt>
      <trkpt lat="47.358783" lon="8.56093">
        <ele>422</ele>
        <time>2024-05-09T23:12:43Z</time>
      </trkpt>
      <trkpt lat="47.358157" lon="8.56096">
        <ele>484</ele>
        <time>2024-05-09T23:22:45Z</time>
        <cmt>speed: 0.1</cmt>
      </trkpt>
      <trkpt lat="47.35838" lon="8.560762">
        <ele>457</ele>
        <time>2024-05-09T23:42:46Z</time>
        <cmt>speed: 0.1</cmt>
      </trkpt>
      <trkpt lat="47.35838" lon="8.560762">
        <ele>457</ele>
        <time>2024-05-09T23:52:51Z</time>
      </trkpt>
      <trkpt lat="47.358597" lon="8.560677">
        <ele>486</ele>
        <time>2024-05-09T23:52:52Z</time>
        <cmt>speed: 0.1</cmt>
      </trkpt>
      <trkpt lat="47.358452" lon="8.561032">
        <ele>471</ele>
        <time>2024-05-10T00:02:45Z</time>
        <cmt>speed: 0.2</cmt>
      </trkpt>
      <trkpt lat="47.358345" lon="8.560722">
        <ele>445</ele>
        <time>2024-05-10T00:12:48Z</time>
        <cmt>speed: 0.1</cmt>
      </trkpt>
      <trkpt lat="47.359021" lon="8.561181">
        <ele>428</ele>
        <time>2024-05-10T00:22:43Z</time>
        <cmt>speed: 0.2</cmt>
      </trkpt>
      <trkpt lat="47.358798" lon="8.565035">
        <ele>433</ele>
        <time>2024-05-10T00:32:42Z</time>
        <cmt>speed: 1.7</cmt>
      </trkpt>
      <trkpt lat="47.35853" lon="8.565596">
        <ele>433</ele>
        <time>2024-05-10T00:42:44Z</time>
        <cmt>speed: 0.5</cmt>
      </trkpt>
      <trkpt lat="47.358924" lon="8.56566">
        <ele>439</ele>
        <time>2024-05-10T00:52:42Z</time>
        <cmt>speed: 0.5</cmt>
      </trkpt>
      <trkpt lat="47.358568" lon="8.565427">
        <ele>460</ele>
        <time>2024-05-10T01:02:44Z</time>
        <cmt>speed: 0.0</cmt>
      </trkpt>
      <trkpt lat="47.358529" lon="8.565502">
        <ele>431</ele>
        <time>2024-05-10T01:22:43Z</time>
        <cmt>speed: 0.9</cmt>
      </trkpt>
      <trkpt lat="47.358529" lon="8.565502">
        <ele>431</ele>
        <time>2024-05-10T01:32:43Z</time>
      </trkpt>
      <trkpt lat="47.358488" lon="8.56555">
        <ele>449</ele>
        <time>2024-05-10T01:32:44Z</time>
        <cmt>speed: 0.1</cmt>
      </trkpt>
      <trkpt lat="47.358483" lon="8.565574">
        <ele>437</ele>
        <time>2024-05-10T01:42:44Z</time>
        <cmt>speed: 0.4</cmt>
      </trkpt>
      <trkpt lat="47.358483" lon="8.565574">
        <ele>437</ele>
        <time>2024-05-10T01:52:42Z</time>
      </trkpt>
      <trkpt lat="47.358642" lon="8.565604">
        <ele>462</ele>
        <time>2024-05-10T01:52:43Z</time>
        <cmt>speed: 1.0</cmt>
      </trkpt>
      <trkpt lat="47.358487" lon="8.565648">
        <ele>453</ele>
        <time>2024-05-10T02:02:44Z</time>
        <cmt>speed: 0.3</cmt>
      </trkpt>
      <trkpt lat="47.358487" lon="8.565648">
        <ele>453</ele>
        <time>2024-05-10T02:12:43Z</time>
      </trkpt>
      <trkpt lat="47.358518" lon="8.565656">
        <ele>454</ele>
        <time>2024-05-10T02:12:44Z</time>
        <cmt>speed: 0.1</cmt>
      </trkpt>
      <trkpt lat="47.358505" lon="8.565576">
        <ele>451</ele>
        <time>2024-05-10T02:25:12Z</time>
        <cmt>speed: 0.0</cmt>
      </trkpt>
      <trkpt lat="47.358505" lon="8.565576">
        <ele>451</ele>
        <time>2024-05-10T02:35:09Z</time>
      </trkpt>
      <trkpt lat="47.358612" lon="8.56554">
        <ele>464</ele>
        <time>2024-05-10T02:35:10Z</time>
        <cmt>speed: 0.3</cmt>
      </trkpt>
      <trkpt lat="47.358545" lon="8.565562">
        <ele>447</ele>
        <time>2024-05-10T02:45:11Z</time>
        <cmt>speed: 0.2</cmt>
      </trkpt>
      <trkpt lat="47.358524" lon="8.565274">
        <ele>429</ele>
        <time>2024-05-10T02:55:10Z</time>
        <cmt>speed: 0.2</cmt>
      </trkpt>
      <trkpt lat="47.359384" lon="8.561039">
        <ele>443</ele>
        <time>2024-05-10T03:15:13Z</time>
        <cmt>speed: 0.2</cmt>
      </trkpt>
      <trkpt lat="47.359279" lon="8.562871">
        <ele>426</ele>
        <time>2024-05-10T03:25:11Z</time>
        <cmt>speed: 0.0</cmt>
      </trkpt>
      <trkpt lat="47.358512" lon="8.565139">
        <ele>456</ele>
        <time>2024-05-10T03:35:11Z</time>
        <cmt>speed: 0.4</cmt>
      </trkpt>
      <trkpt lat="47.358452" lon="8.56527">
        <ele>443</ele>
        <time>2024-05-10T03:45:10Z</time>
        <cmt>speed: 0.4</cmt>
      </trkpt>
      <trkpt lat="47.358516" lon="8.565963">
        <ele>446</ele>
        <time>2024-05-10T03:55:10Z</time>
        <cmt>speed: 0.7</cmt>
      </trkpt>
      <trkpt lat="47.358579" lon="8.566129">
        <ele>431</ele>
        <time>2024-05-10T04:05:09Z</time>
        <cmt>speed: 0.9</cmt>
      </trkpt>
      <trkpt lat="47.358315" lon="8.566141">
        <ele>467</ele>
        <time>2024-05-10T04:15:11Z</time>
        <cmt>speed: 0.4</cmt>
      </trkpt>
      <trkpt lat="47.358339" lon="8.565895">
        <ele>459</ele>
        <time>2024-05-10T04:25:11Z</time>
        <cmt>speed: 1.0</cmt>
      </trkpt>
      <trkpt lat="47.358523" lon="8.566162">
        <ele>455</ele>
        <time>2024-05-10T04:35:13Z</time>
        <cmt>speed: 0.1</cmt>
      </trkpt>
      <trkpt lat="47.358506" lon="8.566238">
        <ele>421</ele>
        <time>2024-05-10T04:45:10Z</time>
        <cmt>speed: 0.3</cmt>
      </trkpt>
      <trkpt lat="47.358608" lon="8.566118">
        <ele>428</ele>
        <time>2024-05-10T04:55:11Z</time>
        <cmt>speed: 0.1</cmt>
      </trkpt>
      <trkpt lat="47.358566" lon="8.565932">
        <ele>482</ele>
        <time>2024-05-10T05:05:13Z</time>
        <cmt>speed: 0.4</cmt>
      </trkpt>
      <trkpt lat="47.358566" lon="8.565932">
        <ele>482</ele>
        <time>2024-05-10T05:15:11Z</time>
      </trkpt>
      <trkpt lat="47.35857" lon="8.5659">
        <ele>466</ele>
        <time>2024-05-10T05:15:12Z</time>
        <cmt>speed: 0.0</cmt>
      </trkpt>
      <trkpt lat="47.358419" lon="8.566158">
        <ele>454</ele>
        <time>2024-05-10T05:25:12Z</time>
        <cmt>speed: 0.1</cmt>
      </trkpt>
      <trkpt lat="47.358335" lon="8.566126">
        <ele>469</ele>
        <time>2024-05-10T05:35:12Z</time>
        <cmt>speed: 0.1</cmt>
      </trkpt>
      <trkpt lat="47.358353" lon="8.56612">
        <ele>465</ele>
        <time>2024-05-10T05:45:12Z</time>
        <cmt>speed: 0.1</cmt>
      </trkpt>
      <trkpt lat="47.35849" lon="8.565921">
        <ele>472</ele>
        <time>2024-05-10T05:55:10Z</time>
        <cmt>speed: 0.4</cmt>
      </trkpt>
      <trkpt lat="47.358502" lon="8.566287">
        <ele>379</ele>
        <time>2024-05-10T06:05:12Z</time>
        <cmt>speed: 0.1</cmt>
      </trkpt>
      <trkpt lat="47.358502" lon="8.566287">
        <ele>379</ele>
        <time>2024-05-10T06:15:10Z</time>
      </trkpt>
      <trkpt lat="47.358387" lon="8.56618">
        <ele>419</ele>
        <time>2024-05-10T06:15:11Z</time>
        <cmt>speed: 0.1</cmt>
      </trkpt>
      <trkpt lat="47.358272" lon="8.566026">
        <ele>483</ele>
        <time>2024-05-10T06:25:12Z</time>
        <cmt>speed: 1.5</cmt>
      </trkpt>
      <trkpt lat="47.358387" lon="8.566165">
        <ele>440</ele>
        <time>2024-05-10T06:35:10Z</time>
        <cmt>speed: 0.8</cmt>
      </trkpt>
      <trkpt lat="47.358316" lon="8.565914">
        <ele>493</ele>
        <time>2024-05-10T06:45:11Z</time>
        <cmt>speed: 0.1</cmt>
      </trkpt>
      <trkpt lat="47.358579" lon="8.566142">
        <ele>414</ele>
        <time>2024-05-10T06:55:12Z</time>
        <cmt>speed: 1.3</cmt>
      </trkpt>
      <trkpt lat="47.358559" lon="8.565203">
        <ele>456</ele>
        <time>2024-05-10T07:05:14Z</time>
        <cmt>speed: 0.7</cmt>
      </trkpt>
      <trkpt lat="47.359198" lon="8.563585">
        <ele>450</ele>
        <time>2024-05-10T07:15:10Z</time>
        <cmt>speed: 0.1</cmt>
      </trkpt>
      <trkpt lat="47.358828" lon="8.560739">
        <ele>424</ele>
        <time>2024-05-10T07:25:10Z</time>
        <cmt>speed: 0.1</cmt>
      </trkpt>
      <trkpt lat="47.358828" lon="8.560739">
        <ele>424</ele>
        <time>2024-05-10T07:35:10Z</time>
      </trkpt>
      <trkpt lat="47.357936" lon="8.560529">
        <ele>447</ele>
        <time>2024-05-10T07:35:12Z</time>
        <cmt>speed: 0.6</cmt>
      </trkpt>
      <trkpt lat="47.357474" lon="8.561649">
        <ele>434</ele>
        <time>2024-05-10T07:45:11Z</time>
        <cmt>speed: 0.8</cmt>
      </trkpt>
      <trkpt lat="47.358811" lon="8.561854">
        <ele>401</ele>
        <time>2024-05-10T07:55:11Z</time>
        <cmt>speed: 1.6</cmt>
      </trkpt>
      <trkpt lat="47.359211" lon="8.560461">
        <ele>425</ele>
        <time>2024-05-10T08:05:14Z</time>
        <cmt>speed: 0.0</cmt>
      </trkpt>
      <trkpt lat="47.359301" lon="8.560468">
        <ele>460</ele>
        <time>2024-05-10T08:15:29Z</time>
        <cmt>speed: 0.0</cmt>
      </trkpt>
      <trkpt lat="47.3591" lon="8.560512">
        <ele>482</ele>
        <time>2024-05-10T08:25:12Z</time>
        <cmt>speed: 0.1</cmt>
      </trkpt>
      <trkpt lat="47.358309" lon="8.560344">
        <ele>459</ele>
        <time>2024-05-10T08:35:14Z</time>
        <cmt>speed: 0.6</cmt>
      </trkpt>
      <trkpt lat="47.357892" lon="8.561433">
        <ele>478</ele>
        <time>2024-05-10T08:45:12Z</time>
        <cmt>speed: 0.2</cmt>
      </trkpt>
      <trkpt lat="47.35807" lon="8.562888">
        <ele>450</ele>
        <time>2024-05-10T08:55:13Z</time>
        <cmt>speed: 0.6</cmt>
      </trkpt>
      <trkpt lat="47.357721" lon="8.563141">
        <ele>425</ele>
        <time>2024-05-10T09:05:13Z</time>
        <cmt>speed: 1.2</cmt>
      </trkpt>
      <trkpt lat="47.357175" lon="8.563249">
        <ele>435</ele>
        <time>2024-05-10T09:15:11Z</time>
        <cmt>speed: 0.5</cmt>
      </trkpt>
      <trkpt lat="47.35698" lon="8.563671">
        <ele>441</ele>
        <time>2024-05-10T09:25:13Z</time>
        <cmt>speed: 0.5</cmt>
      </trkpt>
      <trkpt lat="47.356953" lon="8.563655">
        <ele>425</ele>
        <time>2024-05-10T09:35:11Z</time>
        <cmt>speed: 0.8</cmt>
      </trkpt>
      <trkpt lat="47.356627" lon="8.563659">
        <ele>446</ele>
        <time>2024-05-10T09:45:13Z</time>
        <cmt>speed: 0.0</cmt>
      </trkpt>
      <trkpt lat="47.357675" lon="8.564003">
        <ele>452</ele>
        <time>2024-05-10T09:55:11Z</time>
        <cmt>speed: 0.1</cmt>
      </trkpt>
      <trkpt lat="47.357625" lon="8.56406">
        <ele>462</ele>
        <time>2024-05-10T10:05:12Z</time>
        <cmt>speed: 0.0</cmt>
      </trkpt>
      <trkpt lat="47.357625" lon="8.56406">
        <ele>462</ele>
        <time>2024-05-10T10:15:11Z</time>
      </trkpt>
      <trkpt lat="47.357734" lon="8.56422">
        <ele>458</ele>
        <time>2024-05-10T10:15:13Z</time>
        <cmt>speed: 0.0</cmt>
      </trkpt>
      <trkpt lat="47.358084" lon="8.563755">
        <ele>449</ele>
        <time>2024-05-10T10:25:12Z</time>
        <cmt>speed: 0.1</cmt>
      </trkpt>
      <trkpt lat="47.358084" lon="8.563755">
        <ele>449</ele>
        <time>2024-05-10T10:35:09Z</time>
      </trkpt>
      <trkpt lat="47.358282" lon="8.563886">
        <ele>442</ele>
        <time>2024-05-10T10:35:11Z</time>
        <cmt>speed: 1.2</cmt>
      </trkpt>
      <trkpt lat="47.358062" lon="8.563699">
        <ele>490</ele>
        <time>2024-05-10T10:45:19Z</time>
        <cmt>speed: 0.4</cmt>
      </trkpt>
      <trkpt lat="47.357936" lon="8.563537">
        <ele>486</ele>
        <time>2024-05-10T10:55:14Z</time>
        <cmt>speed: 1.4</cmt>
      </trkpt>
      <trkpt lat="47.358432" lon="8.56367">
        <ele>444</ele>
        <time>2024-05-10T11:05:19Z</time>
        <cmt>speed: 0.2</cmt>
      </trkpt>
      <trkpt lat="47.358413" lon="8.563916">
        <ele>442</ele>
        <time>2024-05-10T11:55:53Z</time>
        <cmt>speed: 0.0</cmt>
      </trkpt>
      <trkpt lat="47.358405" lon="8.563946">
        <ele>455</ele>
        <time>2024-05-10T12:15:12Z</time>
        <cmt>speed: 0.1</cmt>
      </trkpt>
      <trkpt lat="47.358534" lon="8.563528">
        <ele>439</ele>
        <time>2024-05-10T12:25:12Z</time>
        <cmt>speed: 1.5</cmt>
      </trkpt>
      <trkpt lat="47.358534" lon="8.563528">
        <ele>439</ele>
        <time>2024-05-10T12:35:11Z</time>
      </trkpt>
      <trkpt lat="47.358419" lon="8.563828">
        <ele>444</ele>
        <time>2024-05-10T12:35:13Z</time>
        <cmt>speed: 0.3</cmt>
      </trkpt>
      <trkpt lat="47.358244" lon="8.563766">
        <ele>443</ele>
        <time>2024-05-10T12:45:14Z</time>
        <cmt>speed: 0.4</cmt>
      </trkpt>
      <trkpt lat="47.358244" lon="8.563766">
        <ele>443</ele>
        <time>2024-05-10T12:55:13Z</time>
      </trkpt>
      <trkpt lat="47.358333" lon="8.563683">
        <ele>448</ele>
        <time>2024-05-10T12:55:16Z</time>
        <cmt>speed: 1.8</cmt>
      </trkpt>
      <trkpt lat="47.358364" lon="8.563784">
        <ele>452</ele>
        <time>2024-05-10T13:25:16Z</time>
        <cmt>speed: 0.0</cmt>
      </trkpt>
      <trkpt lat="47.358364" lon="8.563784">
        <ele>452</ele>
        <time>2024-05-10T13:35:11Z</time>
      </trkpt>
      <trkpt lat="47.358434" lon="8.563759">
        <ele>460</ele>
        <time>2024-05-10T13:35:14Z</time>
        <cmt>speed: 0.2</cmt>
      </trkpt>
      <trkpt lat="47.358403" lon="8.563749">
        <ele>458</ele>
        <time>2024-05-10T13:45:15Z</time>
        <cmt>speed: 0.0</cmt>
      </trkpt>
      <trkpt lat="47.358403" lon="8.563749">
        <ele>458</ele>
        <time>2024-05-10T13:55:24Z</time>
      </trkpt>
      <trkpt lat="47.358265" lon="8.563839">
        <ele>449</ele>
        <time>2024-05-10T13:55:27Z</time>
        <cmt>speed: 0.5</cmt>
      </trkpt>
      <trkpt lat="47.358371" lon="8.563819">
        <ele>452</ele>
        <time>2024-05-10T14:05:13Z</time>
        <cmt>speed: 0.6</cmt>
      </trkpt>
      <trkpt lat="47.358246" lon="8.563851">
        <ele>434</ele>
        <time>2024-05-10T14:33:46Z</time>
        <cmt>speed: 0.5</cmt>
      </trkpt>
      <trkpt lat="47.35853" lon="8.563773">
        <ele>457</ele>
        <time>2024-05-10T14:43:44Z</time>
        <cmt>speed: 0.6</cmt>
      </trkpt>
      <trkpt lat="47.358366" lon="8.563783">
        <ele>459</ele>
        <time>2024-05-10T14:53:48Z</time>
        <cmt>speed: 0.1</cmt>
      </trkpt>
      <trkpt lat="47.358187" lon="8.563882">
        <ele>439</ele>
        <time>2024-05-10T15:03:52Z</time>
        <cmt>speed: 0.4</cmt>
      </trkpt>
      <trkpt lat="47.358282" lon="8.563577">
        <ele>479</ele>
        <time>2024-05-10T15:13:52Z</time>
        <cmt>speed: 0.5</cmt>
      </trkpt>
      <trkpt lat="47.35836" lon="8.563827">
        <ele>435</ele>
        <time>2024-05-10T15:23:53Z</time>
        <cmt>speed: 0.4</cmt>
      </trkpt>
      <trkpt lat="47.35836" lon="8.563827">
        <ele>435</ele>
        <time>2024-05-10T15:33:44Z</time>
      </trkpt>
      <trkpt lat="47.358268" lon="8.563804">
        <ele>438</ele>
        <time>2024-05-10T15:33:47Z</time>
        <cmt>speed: 1.0</cmt>
      </trkpt>
      <trkpt lat="47.358439" lon="8.563986">
        <ele>477</ele>
        <time>2024-05-10T15:43:51Z</time>
        <cmt>speed: 0.1</cmt>
      </trkpt>
      <trkpt lat="47.35841" lon="8.563794">
        <ele>439</ele>
        <time>2024-05-10T15:54:06Z</time>
        <cmt>speed: 2.0</cmt>
      </trkpt>
      <trkpt lat="47.358415" lon="8.56366">
        <ele>442</ele>
        <time>2024-05-10T16:03:44Z</time>
        <cmt>speed: 0.0</cmt>
      </trkpt>
      <trkpt lat="47.358415" lon="8.56366">
        <ele>442</ele>
        <time>2024-05-10T16:13:41Z</time>
      </trkpt>
      <trkpt lat="47.358442" lon="8.563484">
        <ele>467</ele>
        <time>2024-05-10T16:13:44Z</time>
        <cmt>speed: 0.1</cmt>
      </trkpt>
      <trkpt lat="47.358392" lon="8.563799">
        <ele>466</ele>
        <time>2024-05-10T16:23:45Z</time>
        <cmt>speed: 0.0</cmt>
      </trkpt>
      <trkpt lat="47.358495" lon="8.562647">
        <ele>448</ele>
        <time>2024-05-10T16:33:44Z</time>
        <cmt>speed: 0.1</cmt>
      </trkpt>
      <trkpt lat="47.360053" lon="8.562088">
        <ele>452</ele>
        <time>2024-05-10T16:43:45Z</time>
        <cmt>speed: 0.1</cmt>
      </trkpt>
      <trkpt lat="47.359959" lon="8.563643">
        <ele>434</ele>
        <time>2024-05-10T16:52:04Z</time>
      </trkpt>
      <trkpt lat="47.359959" lon="8.563643">
        <ele>434</ele>
        <time>2024-05-10T17:07:04Z</time>
      </trkpt>
      <trkpt lat="47.359914" lon="8.563819">
        <ele>454</ele>
        <time>2024-05-10T17:16:41Z</time>
        <cmt>speed: 0.2</cmt>
      </trkpt>
      <trkpt lat="47.360196" lon="8.561613">
        <ele>438</ele>
        <time>2024-05-10T17:26:26Z</time>
        <cmt>speed: 0.3</cmt>
      </trkpt>
      <trkpt lat="47.359104" lon="8.561148">
        <ele>399</ele>
        <time>2024-05-10T17:36:26Z</time>
        <cmt>speed: 0.3</cmt>
      </trkpt>
      <trkpt lat="47.358838" lon="8.561056">
        <ele>433</ele>
        <time>2024-05-10T17:46:25Z</time>
        <cmt>speed: 0.4</cmt>
      </trkpt>
      <trkpt lat="47.358838" lon="8.561056">
        <ele>433</ele>
        <time>2024-05-10T17:56:23Z</time>
      </trkpt>
      <trkpt lat="47.35874" lon="8.560919">
        <ele>442</ele>
        <time>2024-05-10T17:56:26Z</time>
        <cmt>speed: 0.1</cmt>
      </trkpt>
      <trkpt lat="47.358716" lon="8.561065">
        <ele>440</ele>
        <time>2024-05-10T18:06:26Z</time>
        <cmt>speed: 0.2</cmt>
      </trkpt>
      <trkpt lat="47.358716" lon="8.561065">
        <ele>440</ele>
        <time>2024-05-10T18:16:23Z</time>
      </trkpt>
      <trkpt lat="47.358603" lon="8.561044">
        <ele>429</ele>
        <time>2024-05-10T18:16:25Z</time>
        <cmt>speed: 0.5</cmt>
      </trkpt>
      <trkpt lat="47.358758" lon="8.561727">
        <ele>449</ele>
        <time>2024-05-10T18:26:27Z</time>
        <cmt>speed: 0.8</cmt>
      </trkpt>
      <trkpt lat="47.357885" lon="8.562996">
        <ele>409</ele>
        <time>2024-05-10T18:36:26Z</time>
        <cmt>speed: 1.2</cmt>
      </trkpt>
      <trkpt lat="47.357344" lon="8.56366">
        <ele>495</ele>
        <time>2024-05-10T18:46:26Z</time>
        <cmt>speed: 0.6</cmt>
      </trkpt>
      <trkpt lat="47.357395" lon="8.563905">
        <ele>435</ele>
        <time>2024-05-10T18:56:26Z</time>
        <cmt>speed: 0.8</cmt>
      </trkpt>
      <trkpt lat="47.357355" lon="8.563874">
        <ele>445</ele>
        <time>2024-05-10T19:06:25Z</time>
        <cmt>speed: 0.3</cmt>
      </trkpt>
      <trkpt lat="47.357355" lon="8.563874">
        <ele>445</ele>
        <time>2024-05-10T19:16:23Z</time>
      </trkpt>
      <trkpt lat="47.357416" lon="8.563845">
        <ele>457</ele>
        <time>2024-05-10T19:16:26Z</time>
        <cmt>speed: 0.3</cmt>
      </trkpt>
      <trkpt lat="47.357357" lon="8.563835">
        <ele>445</ele>
        <time>2024-05-10T19:26:25Z</time>
        <cmt>speed: 0.9</cmt>
      </trkpt>
      <trkpt lat="47.357357" lon="8.563835">
        <ele>445</ele>
        <time>2024-05-10T19:36:23Z</time>
      </trkpt>
      <trkpt lat="47.357316" lon="8.56385">
        <ele>458</ele>
        <time>2024-05-10T19:36:26Z</time>
        <cmt>speed: 0.5</cmt>
      </trkpt>
      <trkpt lat="47.357289" lon="8.563675">
        <ele>469</ele>
        <time>2024-05-10T19:46:29Z</time>
        <cmt>speed: 0.1</cmt>
      </trkpt>
      <trkpt lat="47.357431" lon="8.564357">
        <ele>466</ele>
        <time>2024-05-10T19:56:26Z</time>
        <cmt>speed: 0.9</cmt>
      </trkpt>
      <trkpt lat="47.358787" lon="8.564886">
        <ele>439</ele>
        <time>2024-05-10T20:06:25Z</time>
        <cmt>speed: 1.7</cmt>
      </trkpt>
      <trkpt lat="47.359315" lon="8.562213">
        <ele>429</ele>
        <time>2024-05-10T20:16:27Z</time>
        <cmt>speed: 1.5</cmt>
      </trkpt>
      <trkpt lat="47.358242" lon="8.561124">
        <ele>428</ele>
        <time>2024-05-10T20:26:27Z</time>
        <cmt>speed: 0.1</cmt>
      </trkpt>
      <trkpt lat="47.357838" lon="8.560597">
        <ele>457</ele>
        <time>2024-05-10T20:36:28Z</time>
        <cmt>speed: 0.2</cmt>
      </trkpt>
      <trkpt lat="47.357758" lon="8.560695">
        <ele>484</ele>
        <time>2024-05-10T20:46:29Z</time>
        <cmt>speed: 0.6</cmt>
      </trkpt>
      <trkpt lat="47.357395" lon="8.56134">
        <ele>392</ele>
        <time>2024-05-10T20:56:28Z</time>
        <cmt>speed: 1.0</cmt>
      </trkpt>
      <trkpt lat="47.357736" lon="8.561112">
        <ele>454</ele>
        <time>2024-05-10T21:06:28Z</time>
        <cmt>speed: 0.4</cmt>
      </trkpt>
      <trkpt lat="47.357798" lon="8.56107">
        <ele>439</ele>
        <time>2024-05-10T21:16:26Z</time>
        <cmt>speed: 0.0</cmt>
      </trkpt>
      <trkpt lat="47.35762" lon="8.561309">
        <ele>400</ele>
        <time>2024-05-10T21:26:27Z</time>
        <cmt>speed: 2.7</cmt>
      </trkpt>
      <trkpt lat="47.3577" lon="8.56132">
        <ele>459</ele>
        <time>2024-05-10T21:36:34Z</time>
        <cmt>speed: 0.1</cmt>
      </trkpt>
      <trkpt lat="47.357888" lon="8.562297">
        <ele>430</ele>
        <time>2024-05-10T21:46:30Z</time>
        <cmt>speed: 0.3</cmt>
      </trkpt>
      <trkpt lat="47.359149" lon="8.562297">
        <ele>455</ele>
        <time>2024-05-10T21:56:27Z</time>
        <cmt>speed: 0.6</cmt>
      </trkpt>
      <trkpt lat="47.359379" lon="8.56205">
        <ele>444</ele>
        <time>2024-05-10T22:06:28Z</time>
        <cmt>speed: 0.4</cmt>
      </trkpt>
      <trkpt lat="47.359808" lon="8.560996">
        <ele>438</ele>
        <time>2024-05-10T22:16:28Z</time>
        <cmt>speed: 5.0</cmt>
      </trkpt>
      <trkpt lat="47.359034" lon="8.561178">
        <ele>434</ele>
        <time>2024-05-10T22:26:27Z</time>
        <cmt>speed: 1.3</cmt>
      </trkpt>
      <trkpt lat="47.359034" lon="8.561178">
        <ele>434</ele>
        <time>2024-05-10T22:36:22Z</time>
      </trkpt>
      <trkpt lat="47.358443" lon="8.561017">
        <ele>438</ele>
        <time>2024-05-10T22:36:26Z</time>
        <cmt>speed: 0.0</cmt>
      </trkpt>
      <trkpt lat="47.358331" lon="8.561687">
        <ele>452</ele>
        <time>2024-05-10T22:46:32Z</time>
        <cmt>speed: 0.5</cmt>
      </trkpt>
      <trkpt lat="47.357729" lon="8.560608">
        <ele>446</ele>
        <time>2024-05-10T22:56:29Z</time>
        <cmt>speed: 0.6</cmt>
      </trkpt>
      <trkpt lat="47.358294" lon="8.56033">
        <ele>457</ele>
        <time>2024-05-10T23:06:28Z</time>
        <cmt>speed: 0.9</cmt>
      </trkpt>
      <trkpt lat="47.359337" lon="8.559711">
        <ele>443</ele>
        <time>2024-05-10T23:16:27Z</time>
        <cmt>speed: 0.6</cmt>
      </trkpt>
      <trkpt lat="47.359419" lon="8.56004">
        <ele>408</ele>
        <time>2024-05-10T23:26:31Z</time>
        <cmt>speed: 0.0</cmt>
      </trkpt>
      <trkpt lat="47.359419" lon="8.56004">
        <ele>408</ele>
        <time>2024-05-10T23:36:38Z</time>
      </trkpt>
      <trkpt lat="47.359762" lon="8.559746">
        <ele>391</ele>
        <time>2024-05-10T23:36:42Z</time>
        <cmt>speed: 0.3</cmt>
      </trkpt>
      <trkpt lat="47.359827" lon="8.559733">
        <ele>439</ele>
        <time>2024-05-10T23:46:55Z</time>
        <cmt>speed: 0.1</cmt>
      </trkpt>
      <trkpt lat="47.359914" lon="8.559829">
        <ele>420</ele>
        <time>2024-05-10T23:56:42Z</time>
        <cmt>speed: 0.0</cmt>
      </trkpt>
      <trkpt lat="47.359689" lon="8.55991">
        <ele>429</ele>
        <time>2024-05-11T00:06:46Z</time>
        <cmt>speed: 0.2</cmt>
      </trkpt>
      <trkpt lat="47.359664" lon="8.559976">
        <ele>496</ele>
        <time>2024-05-11T00:16:42Z</time>
        <cmt>speed: 0.3</cmt>
      </trkpt>
      <trkpt lat="47.359757" lon="8.559948">
        <ele>448</ele>
        <time>2024-05-11T00:27:04Z</time>
        <cmt>speed: 0.3</cmt>
      </trkpt>
      <trkpt lat="47.359757" lon="8.559948">
        <ele>448</ele>
        <time>2024-05-11T00:36:40Z</time>
      </trkpt>
      <trkpt lat="47.359687" lon="8.560087">
        <ele>407</ele>
        <time>2024-05-11T00:36:44Z</time>
        <cmt>speed: 0.0</cmt>
      </trkpt>
      <trkpt lat="47.359875" lon="8.559684">
        <ele>421</ele>
        <time>2024-05-11T00:58:14Z</time>
        <cmt>speed: 0.2</cmt>
      </trkpt>
      <trkpt lat="47.359719" lon="8.559909">
        <ele>444</ele>
        <time>2024-05-11T01:19:35Z</time>
        <cmt>speed: 0.4</cmt>
      </trkpt>
      <trkpt lat="47.359669" lon="8.559821">
        <ele>421</ele>
        <time>2024-05-11T01:29:53Z</time>
        <cmt>speed: 1.3</cmt>
      </trkpt>
      <trkpt lat="47.359669" lon="8.559821">
        <ele>421</ele>
        <time>2024-05-11T01:36:22Z</time>
      </trkpt>
      <trkpt lat="47.359643" lon="8.55981">
        <ele>439</ele>
        <time>2024-05-11T01:39:43Z</time>
        <cmt>speed: 0.2</cmt>
      </trkpt>
      <trkpt lat="47.359726" lon="8.55957">
        <ele>427</ele>
        <time>2024-05-11T02:09:34Z</time>
        <cmt>speed: 0.3</cmt>
      </trkpt>
      <trkpt lat="47.359726" lon="8.55957">
        <ele>427</ele>
        <time>2024-05-11T02:16:22Z</time>
      </trkpt>
      <trkpt lat="47.359764" lon="8.559936">
        <ele>459</ele>
        <time>2024-05-11T02:19:31Z</time>
        <cmt>speed: 0.2</cmt>
      </trkpt>
      <trkpt lat="47.359945" lon="8.559749">
        <ele>477</ele>
        <time>2024-05-11T02:49:37Z</time>
        <cmt>speed: 0.1</cmt>
      </trkpt>
      <trkpt lat="47.359587" lon="8.560208">
        <ele>485</ele>
        <time>2024-05-11T02:59:41Z</time>
        <cmt>speed: 0.0</cmt>
      </trkpt>
      <trkpt lat="47.359817" lon="8.559869">
        <ele>438</ele>
        <time>2024-05-11T03:09:35Z</time>
        <cmt>speed: 0.7</cmt>
      </trkpt>
      <trkpt lat="47.359133" lon="8.560689">
        <ele>441</ele>
        <time>2024-05-11T03:19:25Z</time>
        <cmt>speed: 1.0</cmt>
      </trkpt>
      <trkpt lat="47.358994" lon="8.560876">
        <ele>431</ele>
        <time>2024-05-11T03:29:28Z</time>
        <cmt>speed: 0.0</cmt>
      </trkpt>
      <trkpt lat="47.358994" lon="8.560876">
        <ele>431</ele>
        <time>2024-05-11T03:39:22Z</time>
      </trkpt>
      <trkpt lat="47.358851" lon="8.560783">
        <ele>438</ele>
        <time>2024-05-11T03:39:27Z</time>
        <cmt>speed: 0.4</cmt>
      </trkpt>
      <trkpt lat="47.358821" lon="8.560938">
        <ele>439</ele>
        <time>2024-05-11T03:49:26Z</time>
        <cmt>speed: 0.3</cmt>
      </trkpt>
      <trkpt lat="47.358821" lon="8.560938">
        <ele>439</ele>
        <time>2024-05-11T03:59:22Z</time>
      </trkpt>
      <trkpt lat="47.358929" lon="8.560807">
        <ele>425</ele>
        <time>2024-05-11T03:59:27Z</time>
        <cmt>speed: 1.6</cmt>
      </trkpt>
      <trkpt lat="47.359305" lon="8.56067">
        <ele>472</ele>
        <time>2024-05-11T04:09:27Z</time>
        <cmt>speed: 3.5</cmt>
      </trkpt>
      <trkpt lat="47.359305" lon="8.56067">
        <ele>472</ele>
        <time>2024-05-11T04:19:25Z</time>
      </trkpt>
      <trkpt lat="47.358896" lon="8.560615">
        <ele>437</ele>
        <time>2024-05-11T04:19:30Z</time>
        <cmt>speed: 0.1</cmt>
      </trkpt>
      <trkpt lat="47.359047" lon="8.560754">
        <ele>455</ele>
        <time>2024-05-11T04:31:06Z</time>
        <cmt>speed: 0.7</cmt>
      </trkpt>
      <trkpt lat="47.359047" lon="8.560754">
        <ele>455</ele>
        <time>2024-05-11T04:41:00Z</time>
      </trkpt>
      <trkpt lat="47.35898" lon="8.560513">
        <ele>463</ele>
        <time>2024-05-11T04:41:05Z</time>
        <cmt>speed: 1.2</cmt>
      </trkpt>
      <trkpt lat="47.359165" lon="8.560405">
        <ele>444</ele>
        <time>2024-05-11T04:51:05Z</time>
        <cmt>speed: 0.5</cmt>
      </trkpt>
      <trkpt lat="47.358528" lon="8.560145">
        <ele>447</ele>
        <time>2024-05-11T05:01:05Z</time>
        <cmt>speed: 0.2</cmt>
      </trkpt>
      <trkpt lat="47.358252" lon="8.561883">
        <ele>425</ele>
        <time>2024-05-11T05:11:06Z</time>
        <cmt>speed: 0.0</cmt>
      </trkpt>
      <trkpt lat="47.35977" lon="8.561385">
        <ele>447</ele>
        <time>2024-05-11T05:21:06Z</time>
        <cmt>speed: 0.8</cmt>
      </trkpt>
      <trkpt lat="47.359959" lon="8.563643">
        <ele>434</ele>
        <time>2024-05-11T05:27:28Z</time>
      </trkpt>
      <trkpt lat="47.359707" lon="8.563537">
        <ele>470</ele>
        <time>2024-05-11T05:32:37Z</time>
        <cmt>speed: 0.2</cmt>
      </trkpt>
      <trkpt lat="47.359974" lon="8.56367">
        <ele>434</ele>
        <time>2024-05-11T05:34:55Z</time>
      </trkpt>
      <trkpt lat="47.359603" lon="8.561504">
        <ele>442</ele>
        <time>2024-05-11T05:42:33Z</time>
        <cmt>speed: 0.4</cmt>
      </trkpt>
      <trkpt lat="47.358621" lon="8.56109">
        <ele>453</ele>
        <time>2024-05-11T05:52:34Z</time>
        <cmt>speed: 0.3</cmt>
      </trkpt>
      <trkpt lat="47.358874" lon="8.561244">
        <ele>479</ele>
        <time>2024-05-11T06:02:33Z</time>
        <cmt>speed: 0.1</cmt>
      </trkpt>
      <trkpt lat="47.358449" lon="8.561044">
        <ele>434</ele>
        <time>2024-05-11T06:12:33Z</time>
        <cmt>speed: 0.0</cmt>
      </trkpt>
      <trkpt lat="47.358853" lon="8.561137">
        <ele>417</ele>
        <time>2024-05-11T06:22:33Z</time>
        <cmt>speed: 0.9</cmt>
      </trkpt>
      <trkpt lat="47.358028" lon="8.562828">
        <ele>446</ele>
        <time>2024-05-11T06:32:39Z</time>
        <cmt>speed: 0.3</cmt>
      </trkpt>
      <trkpt lat="47.357808" lon="8.562912">
        <ele>448</ele>
        <time>2024-05-11T06:42:41Z</time>
        <cmt>speed: 0.2</cmt>
      </trkpt>
      <trkpt lat="47.358512" lon="8.562522">
        <ele>429</ele>
        <time>2024-05-11T06:52:33Z</time>
        <cmt>speed: 0.5</cmt>
      </trkpt>
      <trkpt lat="47.358387" lon="8.562209">
        <ele>476</ele>
        <time>2024-05-11T07:02:31Z</time>
        <cmt>speed: 0.8</cmt>
      </trkpt>
      <trkpt lat="47.358568" lon="8.562488">
        <ele>438</ele>
        <time>2024-05-11T07:12:33Z</time>
        <cmt>speed: 0.2</cmt>
      </trkpt>
      <trkpt lat="47.359038" lon="8.561907">
        <ele>445</ele>
        <time>2024-05-11T07:22:34Z</time>
        <cmt>speed: 0.4</cmt>
      </trkpt>
      <trkpt lat="47.35907" lon="8.561012">
        <ele>429</ele>
        <time>2024-05-11T07:32:33Z</time>
        <cmt>speed: 2.9</cmt>
      </trkpt>
      <trkpt lat="47.359094" lon="8.56243">
        <ele>434</ele>
        <time>2024-05-11T07:42:34Z</time>
        <cmt>speed: 0.1</cmt>
      </trkpt>
      <trkpt lat="47.358704" lon="8.563773">
        <ele>454</ele>
        <time>2024-05-11T07:52:33Z</time>
        <cmt>speed: 0.4</cmt>
      </trkpt>
      <trkpt lat="47.35869" lon="8.56442">
        <ele>440</ele>
        <time>2024-05-11T08:02:33Z</time>
        <cmt>speed: 0.5</cmt>
      </trkpt>
      <trkpt lat="47.358561" lon="8.564908">
        <ele>431</ele>
        <time>2024-05-11T08:12:34Z</time>
        <cmt>speed: 0.1</cmt>
      </trkpt>
      <trkpt lat="47.358589" lon="8.565004">
        <ele>460</ele>
        <time>2024-05-11T08:22:35Z</time>
        <cmt>speed: 0.5</cmt>
      </trkpt>
      <trkpt lat="47.358673" lon="8.564972">
        <ele>451</ele>
        <time>2024-05-11T08:32:49Z</time>
        <cmt>speed: 0.0</cmt>
      </trkpt>
      <trkpt lat="47.358602" lon="8.564995">
        <ele>448</ele>
        <time>2024-05-11T08:42:44Z</time>
        <cmt>speed: 0.1</cmt>
      </trkpt>
      <trkpt lat="47.358548" lon="8.565056">
        <ele>443</ele>
        <time>2024-05-11T08:53:18Z</time>
        <cmt>speed: 0.5</cmt>
      </trkpt>
      <trkpt lat="47.358548" lon="8.565056">
        <ele>443</ele>
        <time>2024-05-11T09:02:37Z</time>
      </trkpt>
      <trkpt lat="47.358659" lon="8.564809">
        <ele>430</ele>
        <time>2024-05-11T09:02:43Z</time>
        <cmt>speed: 0.7</cmt>
      </trkpt>
      <trkpt lat="47.358659" lon="8.564809">
        <ele>430</ele>
        <time>2024-05-11T09:22:31Z</time>
      </trkpt>
      <trkpt lat="47.358549" lon="8.565051">
        <ele>433</ele>
        <time>2024-05-11T09:22:36Z</time>
        <cmt>speed: 0.2</cmt>
      </trkpt>
      <trkpt lat="47.358676" lon="8.564792">
        <ele>438</ele>
        <time>2024-05-11T09:32:35Z</time>
        <cmt>speed: 0.0</cmt>
      </trkpt>
      <trkpt lat="47.358676" lon="8.564792">
        <ele>438</ele>
        <time>2024-05-11T09:42:31Z</time>
      </trkpt>
      <trkpt lat="47.358901" lon="8.564733">
        <ele>458</ele>
        <time>2024-05-11T09:42:37Z</time>
        <cmt>speed: 0.2</cmt>
      </trkpt>
      <trkpt lat="47.358767" lon="8.564902">
        <ele>429</ele>
        <time>2024-05-11T09:52:35Z</time>
        <cmt>speed: 0.2</cmt>
      </trkpt>
      <trkpt lat="47.35847" lon="8.565134">
        <ele>452</ele>
        <time>2024-05-11T10:24:42Z</time>
        <cmt>speed: 1.6</cmt>
      </trkpt>
      <trkpt lat="47.358654" lon="8.564914">
        <ele>449</ele>
        <time>2024-05-11T10:44:44Z</time>
        <cmt>speed: 0.3</cmt>
      </trkpt>
      <trkpt lat="47.358663" lon="8.564706">
        <ele>446</ele>
        <time>2024-05-11T10:55:03Z</time>
        <cmt>speed: 0.2</cmt>
      </trkpt>
      <trkpt lat="47.358663" lon="8.564706">
        <ele>446</ele>
        <time>2024-05-11T11:04:51Z</time>
      </trkpt>
      <trkpt lat="47.358547" lon="8.564884">
        <ele>459</ele>
        <time>2024-05-11T11:04:57Z</time>
        <cmt>speed: 0.2</cmt>
      </trkpt>
      <trkpt lat="47.358552" lon="8.56485">
        <ele>440</ele>
        <time>2024-05-11T11:14:48Z</time>
        <cmt>speed: 0.1</cmt>
      </trkpt>
      <trkpt lat="47.358601" lon="8.564982">
        <ele>448</ele>
        <time>2024-05-11T11:24:36Z</time>
        <cmt>speed: 0.0</cmt>
      </trkpt>
      <trkpt lat="47.358605" lon="8.564868">
        <ele>490</ele>
        <time>2024-05-11T11:34:34Z</time>
        <cmt>speed: 0.3</cmt>
      </trkpt>
      <trkpt lat="47.358442" lon="8.565317">
        <ele>475</ele>
        <time>2024-05-11T12:00:04Z</time>
        <cmt>speed: 0.9</cmt>
      </trkpt>
      <trkpt lat="47.358442" lon="8.565317">
        <ele>475</ele>
        <time>2024-05-11T12:09:56Z</time>
      </trkpt>
      <trkpt lat="47.358597" lon="8.564904">
        <ele>445</ele>
        <time>2024-05-11T12:10:02Z</time>
        <cmt>speed: 0.1</cmt>
      </trkpt>
      <trkpt lat="47.358617" lon="8.564956">
        <ele>442</ele>
        <time>2024-05-11T12:26:38Z</time>
        <cmt>speed: 0.6</cmt>
      </trkpt>
      <trkpt lat="47.358585" lon="8.564907">
        <ele>442</ele>
        <time>2024-05-11T12:36:40Z</time>
        <cmt>speed: 0.0</cmt>
      </trkpt>
      <trkpt lat="47.358585" lon="8.564907">
        <ele>442</ele>
        <time>2024-05-11T12:47:12Z</time>
      </trkpt>
      <trkpt lat="47.35841" lon="8.564919">
        <ele>479</ele>
        <time>2024-05-11T12:47:19Z</time>
        <cmt>speed: 0.6</cmt>
      </trkpt>
      <trkpt lat="47.35841" lon="8.564919">
        <ele>479</ele>
        <time>2024-05-11T13:46:33Z</time>
      </trkpt>
      <trkpt lat="47.358603" lon="8.564958">
        <ele>455</ele>
        <time>2024-05-11T13:46:40Z</time>
        <cmt>speed: 0.0</cmt>
      </trkpt>
      <trkpt lat="47.358504" lon="8.564905">
        <ele>435</ele>
        <time>2024-05-11T13:56:41Z</time>
        <cmt>speed: 0.2</cmt>
      </trkpt>
      <trkpt lat="47.358644" lon="8.564323">
        <ele>429</ele>
        <time>2024-05-11T14:06:38Z</time>
        <cmt>speed: 3.8</cmt>
      </trkpt>
      <trkpt lat="47.358582" lon="8.564081">
        <ele>436</ele>
        <time>2024-05-11T14:16:37Z</time>
        <cmt>speed: 0.1</cmt>
      </trkpt>
      <trkpt lat="47.358582" lon="8.564081">
        <ele>436</ele>
        <time>2024-05-11T14:26:38Z</time>
      </trkpt>
      <trkpt lat="47.358482" lon="8.564047">
        <ele>433</ele>
        <time>2024-05-11T14:26:45Z</time>
        <cmt>speed: 0.4</cmt>
      </trkpt>
      <trkpt lat="47.358498" lon="8.563993">
        <ele>439</ele>
        <time>2024-05-11T14:36:40Z</time>
        <cmt>speed: 0.2</cmt>
      </trkpt>
      <trkpt lat="47.358498" lon="8.563993">
        <ele>439</ele>
        <time>2024-05-11T14:46:37Z</time>
      </trkpt>
      <trkpt lat="47.358526" lon="8.56416">
        <ele>445</ele>
        <time>2024-05-11T14:46:44Z</time>
        <cmt>speed: 1.1</cmt>
      </trkpt>
      <trkpt lat="47.358496" lon="8.56401">
        <ele>464</ele>
        <time>2024-05-11T14:56:42Z</time>
        <cmt>speed: 0.3</cmt>
      </trkpt>
      <trkpt lat="47.358496" lon="8.56401">
        <ele>464</ele>
        <time>2024-05-11T15:06:35Z</time>
      </trkpt>
      <trkpt lat="47.358381" lon="8.564091">
        <ele>444</ele>
        <time>2024-05-11T15:06:42Z</time>
        <cmt>speed: 0.1</cmt>
      </trkpt>
      <trkpt lat="47.358529" lon="8.564033">
        <ele>425</ele>
        <time>2024-05-11T15:16:40Z</time>
        <cmt>speed: 0.0</cmt>
      </trkpt>
      <trkpt lat="47.3585" lon="8.56417">
        <ele>435</ele>
        <time>2024-05-11T15:26:38Z</time>
        <cmt>speed: 0.3</cmt>
      </trkpt>
      <trkpt lat="47.358471" lon="8.563912">
        <ele>444</ele>
        <time>2024-05-11T15:36:39Z</time>
        <cmt>speed: 0.2</cmt>
      </trkpt>
      <trkpt lat="47.358471" lon="8.563912">
        <ele>444</ele>
        <time>2024-05-11T15:46:32Z</time>
      </trkpt>
      <trkpt lat="47.358279" lon="8.56394">
        <ele>447</ele>
        <time>2024-05-11T15:46:38Z</time>
        <cmt>speed: 0.1</cmt>
      </trkpt>
      <trkpt lat="47.357662" lon="8.564214">
        <ele>470</ele>
        <time>2024-05-11T15:56:38Z</time>
        <cmt>speed: 0.2</cmt>
      </trkpt>
      <trkpt lat="47.357662" lon="8.564214">
        <ele>470</ele>
        <time>2024-05-11T16:06:31Z</time>
      </trkpt>
      <trkpt lat="47.357449" lon="8.564182">
        <ele>487</ele>
        <time>2024-05-11T16:06:38Z</time>
        <cmt>speed: 1.2</cmt>
      </trkpt>
      <trkpt lat="47.35732" lon="8.564017">
        <ele>494</ele>
        <time>2024-05-11T16:16:39Z</time>
        <cmt>speed: 1.4</cmt>
      </trkpt>
      <trkpt lat="47.357484" lon="8.564054">
        <ele>448</ele>
        <time>2024-05-11T16:26:39Z</time>
        <cmt>speed: 0.2</cmt>
      </trkpt>
      <trkpt lat="47.357401" lon="8.564166">
        <ele>461</ele>
        <time>2024-05-11T16:36:41Z</time>
        <cmt>speed: 0.3</cmt>
      </trkpt>
      <trkpt lat="47.357401" lon="8.564166">
        <ele>461</ele>
        <time>2024-05-11T16:46:34Z</time>
      </trkpt>
      <trkpt lat="47.357434" lon="8.564169">
        <ele>454</ele>
        <time>2024-05-11T16:46:41Z</time>
        <cmt>speed: 0.0</cmt>
      </trkpt>
      <trkpt lat="47.357425" lon="8.564253">
        <ele>456</ele>
        <time>2024-05-11T16:56:41Z</time>
        <cmt>speed: 0.4</cmt>
      </trkpt>
      <trkpt lat="47.357425" lon="8.564253">
        <ele>456</ele>
        <time>2024-05-11T17:06:34Z</time>
      </trkpt>
      <trkpt lat="47.357405" lon="8.564356">
        <ele>472</ele>
        <time>2024-05-11T17:06:41Z</time>
        <cmt>speed: 0.2</cmt>
      </trkpt>
      <trkpt lat="47.357359" lon="8.564121">
        <ele>466</ele>
        <time>2024-05-11T17:16:39Z</time>
        <cmt>speed: 0.5</cmt>
      </trkpt>
      <trkpt lat="47.357451" lon="8.564026">
        <ele>437</ele>
        <time>2024-05-11T17:26:39Z</time>
        <cmt>speed: 0.8</cmt>
      </trkpt>
      <trkpt lat="47.357381" lon="8.564116">
        <ele>440</ele>
        <time>2024-05-11T17:36:39Z</time>
        <cmt>speed: 0.9</cmt>
      </trkpt>
      <trkpt lat="47.357381" lon="8.564116">
        <ele>440</ele>
        <time>2024-05-11T17:46:33Z</time>
      </trkpt>
      <trkpt lat="47.357394" lon="8.564216">
        <ele>457</ele>
        <time>2024-05-11T17:46:40Z</time>
        <cmt>speed: 0.3</cmt>
      </trkpt>
      <trkpt lat="47.357282" lon="8.564132">
        <ele>472</ele>
        <time>2024-05-11T17:56:39Z</time>
        <cmt>speed: 0.1</cmt>
      </trkpt>
      <trkpt lat="47.357423" lon="8.564484">
        <ele>452</ele>
        <time>2024-05-11T18:06:37Z</time>
        <cmt>speed: 0.1</cmt>
      </trkpt>
      <trkpt lat="47.357183" lon="8.564604">
        <ele>470</ele>
        <time>2024-05-11T18:16:38Z</time>
        <cmt>speed: 0.2</cmt>
      </trkpt>
      <trkpt lat="47.357212" lon="8.564519">
        <ele>452</ele>
        <time>2024-05-11T18:26:37Z</time>
        <cmt>speed: 0.5</cmt>
      </trkpt>
      <trkpt lat="47.357289" lon="8.564397">
        <ele>470</ele>
        <time>2024-05-11T18:36:38Z</time>
        <cmt>speed: 0.3</cmt>
      </trkpt>
      <trkpt lat="47.357289" lon="8.564397">
        <ele>470</ele>
        <time>2024-05-11T18:46:30Z</time>
      </trkpt>
      <trkpt lat="47.357261" lon="8.5644">
        <ele>472</ele>
        <time>2024-05-11T18:46:38Z</time>
        <cmt>speed: 0.2</cmt>
      </trkpt>
      <trkpt lat="47.357134" lon="8.564678">
        <ele>480</ele>
        <time>2024-05-11T18:56:37Z</time>
        <cmt>speed: 0.0</cmt>
      </trkpt>
      <trkpt lat="47.357134" lon="8.564678">
        <ele>480</ele>
        <time>2024-05-11T19:06:32Z</time>
      </trkpt>
      <trkpt lat="47.356963" lon="8.56391">
        <ele>445</ele>
        <time>2024-05-11T19:06:39Z</time>
        <cmt>speed: 0.0</cmt>
      </trkpt>
      <trkpt lat="47.357497" lon="8.563006">
        <ele>428</ele>
        <time>2024-05-11T19:16:40Z</time>
        <cmt>speed: 0.8</cmt>
      </trkpt>
      <trkpt lat="47.358033" lon="8.561385">
        <ele>423</ele>
        <time>2024-05-11T19:26:41Z</time>
        <cmt>speed: 2.1</cmt>
      </trkpt>
      <trkpt lat="47.3601" lon="8.56318">
        <ele>416</ele>
        <time>2024-05-11T19:36:45Z</time>
        <cmt>speed: 0.8</cmt>
      </trkpt>
      <trkpt lat="47.359959" lon="8.563643">
        <ele>434</ele>
        <time>2024-05-11T19:40:27Z</time>
      </trkpt>
      <trkpt lat="47.359885" lon="8.563735">
        <ele>427</ele>
        <time>2024-05-11T19:48:25Z</time>
        <cmt>speed: 0.5</cmt>
      </trkpt>
      <trkpt lat="47.359298" lon="8.562567">
        <ele>458</ele>
        <time>2024-05-11T19:58:23Z</time>
        <cmt>speed: 0.9</cmt>
      </trkpt>
      <trkpt lat="47.35905" lon="8.562703">
        <ele>443</ele>
        <time>2024-05-11T20:08:22Z</time>
        <cmt>speed: 1.0</cmt>
      </trkpt>
      <trkpt lat="47.358976" lon="8.562502">
        <ele>440</ele>
        <time>2024-05-11T20:18:23Z</time>
        <cmt>speed: 0.5</cmt>
      </trkpt>
      <trkpt lat="47.358976" lon="8.562502">
        <ele>440</ele>
        <time>2024-05-11T20:28:16Z</time>
      </trkpt>
      <trkpt lat="47.358942" lon="8.562539">
        <ele>436</ele>
        <time>2024-05-11T20:28:24Z</time>
        <cmt>speed: 0.1</cmt>
      </trkpt>
      <trkpt lat="47.359974" lon="8.56367">
        <ele>434</ele>
        <time>2024-05-13T18:25:07Z</time>
      </trkpt>
      <trkpt lat="47.359974" lon="8.56367">
        <ele>434</ele>
        <time>2024-05-13T18:35:07Z</time>
      </trkpt>
      <trkpt lat="47.359974" lon="8.56367">
        <ele>434</ele>
        <time>2024-05-13T18:45:07Z</time>
      </trkpt>
      <trkpt lat="47.359974" lon="8.56367">
        <ele>434</ele>
        <time>2024-05-13T18:55:07Z</time>
      </trkpt>
      <trkpt lat="47.359974" lon="8.56367">
        <ele>434</ele>
        <time>2024-05-13T19:05:07Z</time>
      </trkpt>
      <trkpt lat="47.359974" lon="8.56367">
        <ele>434</ele>
        <time>2024-05-13T19:15:07Z</time>
      </trkpt>
      <trkpt lat="47.359974" lon="8.56367">
        <ele>434</ele>
        <time>2024-05-13T19:25:07Z</time>
      </trkpt>
      <trkpt lat="47.359974" lon="8.56367">
        <ele>434</ele>
        <time>2024-05-13T19:35:07Z</time>
      </trkpt>
      <trkpt lat="47.359974" lon="8.56367">
        <ele>434</ele>
        <time>2024-05-13T19:45:07Z</time>
      </trkpt>
      <trkpt lat="47.359974" lon="8.56367">
        <ele>434</ele>
        <time>2024-05-13T19:55:07Z</time>
      </trkpt>
      <trkpt lat="47.359974" lon="8.56367">
        <ele>434</ele>
        <time>2024-05-13T19:56:41Z</time>
      </trkpt>
      <trkpt lat="47.359937" lon="8.563326">
        <ele>455</ele>
        <time>2024-05-13T20:01:49Z</time>
        <cmt>speed: 0.0</cmt>
      </trkpt>
      <trkpt lat="47.359559" lon="8.563394">
        <ele>485</ele>
        <time>2024-05-13T20:11:38Z</time>
        <cmt>speed: 0.4</cmt>
      </trkpt>
      <trkpt lat="47.360085" lon="8.562912">
        <ele>427</ele>
        <time>2024-05-13T20:21:41Z</time>
        <cmt>speed: 0.3</cmt>
      </trkpt>
      <trkpt lat="47.360085" lon="8.562912">
        <ele>427</ele>
        <time>2024-05-13T20:21:54Z</time>
      </trkpt>
      <trkpt lat="47.360294" lon="8.563025">
        <ele>410</ele>
        <time>2024-05-13T20:31:43Z</time>
        <cmt>speed: 0.2</cmt>
      </trkpt>
      <trkpt lat="47.360058" lon="8.563175">
        <ele>421</ele>
        <time>2024-05-13T20:41:44Z</time>
        <cmt>speed: 0.2</cmt>
      </trkpt>
      <trkpt lat="47.359954" lon="8.56311">
        <ele>432</ele>
        <time>2024-05-13T20:51:39Z</time>
        <cmt>speed: 0.1</cmt>
      </trkpt>
      <trkpt lat="47.359898" lon="8.563093">
        <ele>468</ele>
        <time>2024-05-13T21:01:42Z</time>
        <cmt>speed: 0.4</cmt>
      </trkpt>
      <trkpt lat="47.359898" lon="8.563093">
        <ele>468</ele>
        <time>2024-05-13T21:01:44Z</time>
      </trkpt>
      <trkpt lat="47.359886" lon="8.563175">
        <ele>478</ele>
        <time>2024-05-13T21:11:46Z</time>
        <cmt>speed: 0.5</cmt>
      </trkpt>
      <trkpt lat="47.359974" lon="8.56367">
        <ele>434</ele>
        <time>2024-05-13T21:15:28Z</time>
      </trkpt>
      <trkpt lat="47.359645" lon="8.561629">
        <ele>433</ele>
        <time>2024-05-13T21:21:39Z</time>
        <cmt>speed: 1.0</cmt>
      </trkpt>
      <trkpt lat="47.359097" lon="8.560838">
        <ele>482</ele>
        <time>2024-05-13T21:31:37Z</time>
        <cmt>speed: 0.2</cmt>
      </trkpt>
      <trkpt lat="47.357625" lon="8.560724">
        <ele>447</ele>
        <time>2024-05-13T21:41:38Z</time>
        <cmt>speed: 1.1</cmt>
      </trkpt>
      <trkpt lat="47.357333" lon="8.561402">
        <ele>407</ele>
        <time>2024-05-13T21:51:42Z</time>
        <cmt>speed: 0.4</cmt>
      </trkpt>
      <trkpt lat="47.358262" lon="8.562558">
        <ele>389</ele>
        <time>2024-05-13T22:01:43Z</time>
        <cmt>speed: 0.5</cmt>
      </trkpt>
      <trkpt lat="47.358262" lon="8.562558">
        <ele>389</ele>
        <time>2024-05-13T22:01:43Z</time>
      </trkpt>
      <trkpt lat="47.357699" lon="8.563516">
        <ele>452</ele>
        <time>2024-05-13T22:11:40Z</time>
        <cmt>speed: 0.4</cmt>
      </trkpt>
      <trkpt lat="47.357962" lon="8.563343">
        <ele>442</ele>
        <time>2024-05-13T22:21:40Z</time>
      </trkpt>
      <trkpt lat="47.357962" lon="8.563343">
        <ele>442</ele>
        <time>2024-05-13T22:21:40Z</time>
        <cmt>speed: 0.2</cmt>
      </trkpt>
      <trkpt lat="47.357911" lon="8.563172">
        <ele>430</ele>
        <time>2024-05-13T22:31:40Z</time>
        <cmt>speed: 0.5</cmt>
      </trkpt>
      <trkpt lat="47.357911" lon="8.563172">
        <ele>430</ele>
        <time>2024-05-13T22:41:42Z</time>
      </trkpt>
      <trkpt lat="47.358027" lon="8.563502">
        <ele>446</ele>
        <time>2024-05-13T22:41:43Z</time>
        <cmt>speed: 0.0</cmt>
      </trkpt>
      <trkpt lat="47.357768" lon="8.563486">
        <ele>438</ele>
        <time>2024-05-13T22:51:40Z</time>
        <cmt>speed: 6.6</cmt>
      </trkpt>
      <trkpt lat="47.357863" lon="8.563326">
        <ele>451</ele>
        <time>2024-05-13T23:01:38Z</time>
        <cmt>speed: 0.1</cmt>
      </trkpt>
      <trkpt lat="47.357503" lon="8.5637">
        <ele>459</ele>
        <time>2024-05-13T23:11:37Z</time>
        <cmt>speed: 1.4</cmt>
      </trkpt>
      <trkpt lat="47.35787" lon="8.563327">
        <ele>450</ele>
        <time>2024-05-13T23:21:38Z</time>
        <cmt>speed: 0.7</cmt>
      </trkpt>
      <trkpt lat="47.35787" lon="8.563327">
        <ele>450</ele>
        <time>2024-05-13T23:21:38Z</time>
      </trkpt>
      <trkpt lat="47.357714" lon="8.563551">
        <ele>461</ele>
        <time>2024-05-13T23:31:41Z</time>
        <cmt>speed: 0.0</cmt>
      </trkpt>
      <trkpt lat="47.357714" lon="8.563551">
        <ele>461</ele>
        <time>2024-05-13T23:41:40Z</time>
      </trkpt>
      <trkpt lat="47.357637" lon="8.5633">
        <ele>437</ele>
        <time>2024-05-13T23:41:41Z</time>
        <cmt>speed: 0.2</cmt>
      </trkpt>
      <trkpt lat="47.357852" lon="8.562065">
        <ele>445</ele>
        <time>2024-05-13T23:51:40Z</time>
        <cmt>speed: 0.2</cmt>
      </trkpt>
      <trkpt lat="47.357852" lon="8.562065">
        <ele>445</ele>
        <time>2024-05-14T00:01:41Z</time>
      </trkpt>
      <trkpt lat="47.357859" lon="8.562356">
        <ele>407</ele>
        <time>2024-05-14T00:01:42Z</time>
        <cmt>speed: 0.3</cmt>
      </trkpt>
      <trkpt lat="47.357898" lon="8.562408">
        <ele>422</ele>
        <time>2024-05-14T00:11:42Z</time>
        <cmt>speed: 0.1</cmt>
      </trkpt>
      <trkpt lat="47.357898" lon="8.562408">
        <ele>422</ele>
        <time>2024-05-14T00:21:38Z</time>
      </trkpt>
      <trkpt lat="47.358048" lon="8.562244">
        <ele>484</ele>
        <time>2024-05-14T00:21:39Z</time>
        <cmt>speed: 0.8</cmt>
      </trkpt>
      <trkpt lat="47.357883" lon="8.562219">
        <ele>464</ele>
        <time>2024-05-14T00:31:45Z</time>
        <cmt>speed: 0.2</cmt>
      </trkpt>
      <trkpt lat="47.35882" lon="8.560453">
        <ele>415</ele>
        <time>2024-05-14T00:41:43Z</time>
        <cmt>speed: 0.2</cmt>
      </trkpt>
      <trkpt lat="47.358501" lon="8.559541">
        <ele>461</ele>
        <time>2024-05-14T00:51:39Z</time>
        <cmt>speed: 0.2</cmt>
      </trkpt>
      <trkpt lat="47.358881" lon="8.560392">
        <ele>458</ele>
        <time>2024-05-14T01:01:38Z</time>
        <cmt>speed: 0.6</cmt>
      </trkpt>
      <trkpt lat="47.359226" lon="8.562241">
        <ele>436</ele>
        <time>2024-05-14T01:11:38Z</time>
        <cmt>speed: 0.5</cmt>
      </trkpt>
      <trkpt lat="47.359136" lon="8.56327">
        <ele>443</ele>
        <time>2024-05-14T01:21:40Z</time>
        <cmt>speed: 0.6</cmt>
      </trkpt>
      <trkpt lat="47.359002" lon="8.564232">
        <ele>452</ele>
        <time>2024-05-14T01:31:40Z</time>
        <cmt>speed: 0.6</cmt>
      </trkpt>
      <trkpt lat="47.358913" lon="8.563427">
        <ele>466</ele>
        <time>2024-05-14T01:41:38Z</time>
        <cmt>speed: 0.8</cmt>
      </trkpt>
      <trkpt lat="47.359284" lon="8.562829">
        <ele>430</ele>
        <time>2024-05-14T01:51:42Z</time>
        <cmt>speed: 0.0</cmt>
      </trkpt>
      <trkpt lat="47.359284" lon="8.562829">
        <ele>430</ele>
        <time>2024-05-14T02:01:37Z</time>
      </trkpt>
      <trkpt lat="47.359145" lon="8.562464">
        <ele>453</ele>
        <time>2024-05-14T02:02:10Z</time>
        <cmt>speed: 0.0</cmt>
      </trkpt>
      <trkpt lat="47.359256" lon="8.562533">
        <ele>457</ele>
        <time>2024-05-14T02:12:08Z</time>
        <cmt>speed: 0.1</cmt>
      </trkpt>
      <trkpt lat="47.359256" lon="8.562533">
        <ele>457</ele>
        <time>2024-05-14T02:22:07Z</time>
      </trkpt>
      <trkpt lat="47.359204" lon="8.562353">
        <ele>444</ele>
        <time>2024-05-14T02:22:09Z</time>
        <cmt>speed: 0.1</cmt>
      </trkpt>
      <trkpt lat="47.359229" lon="8.562583">
        <ele>457</ele>
        <time>2024-05-14T02:33:00Z</time>
        <cmt>speed: 0.6</cmt>
      </trkpt>
      <trkpt lat="47.359259" lon="8.562779">
        <ele>455</ele>
        <time>2024-05-14T02:42:59Z</time>
        <cmt>speed: 0.2</cmt>
      </trkpt>
      <trkpt lat="47.359311" lon="8.562774">
        <ele>456</ele>
        <time>2024-05-14T02:53:00Z</time>
        <cmt>speed: 0.0</cmt>
      </trkpt>
      <trkpt lat="47.359311" lon="8.562774">
        <ele>456</ele>
        <time>2024-05-14T03:02:59Z</time>
      </trkpt>
      <trkpt lat="47.359213" lon="8.562233">
        <ele>509</ele>
        <time>2024-05-14T03:03:01Z</time>
        <cmt>speed: 0.2</cmt>
      </trkpt>
      <trkpt lat="47.359205" lon="8.562647">
        <ele>458</ele>
        <time>2024-05-14T03:13:28Z</time>
        <cmt>speed: 0.7</cmt>
      </trkpt>
      <trkpt lat="47.359205" lon="8.562647">
        <ele>458</ele>
        <time>2024-05-14T03:23:42Z</time>
      </trkpt>
      <trkpt lat="47.359327" lon="8.56316">
        <ele>444</ele>
        <time>2024-05-14T03:23:44Z</time>
        <cmt>speed: 0.4</cmt>
      </trkpt>
      <trkpt lat="47.358921" lon="8.563062">
        <ele>408</ele>
        <time>2024-05-14T03:33:26Z</time>
        <cmt>speed: 0.5</cmt>
      </trkpt>
      <trkpt lat="47.358921" lon="8.563062">
        <ele>408</ele>
        <time>2024-05-14T03:43:17Z</time>
      </trkpt>
      <trkpt lat="47.359198" lon="8.562606">
        <ele>438</ele>
        <time>2024-05-14T03:43:19Z</time>
        <cmt>speed: 1.6</cmt>
      </trkpt>
      <trkpt lat="47.359025" lon="8.56262">
        <ele>480</ele>
        <time>2024-05-14T03:55:10Z</time>
        <cmt>speed: 1.1</cmt>
      </trkpt>
      <trkpt lat="47.359135" lon="8.562875">
        <ele>462</ele>
        <time>2024-05-14T04:47:34Z</time>
        <cmt>speed: 0.7</cmt>
      </trkpt>
      <trkpt lat="47.359059" lon="8.562789">
        <ele>454</ele>
        <time>2024-05-14T04:57:39Z</time>
        <cmt>speed: 0.0</cmt>
      </trkpt>
      <trkpt lat="47.359059" lon="8.562789">
        <ele>454</ele>
        <time>2024-05-14T05:07:26Z</time>
      </trkpt>
      <trkpt lat="47.35909" lon="8.562941">
        <ele>490</ele>
        <time>2024-05-14T05:07:28Z</time>
        <cmt>speed: 0.6</cmt>
      </trkpt>
      <trkpt lat="47.35909" lon="8.562941">
        <ele>490</ele>
        <time>2024-05-14T05:27:25Z</time>
      </trkpt>
      <trkpt lat="47.358787" lon="8.562751">
        <ele>448</ele>
        <time>2024-05-14T05:27:27Z</time>
        <cmt>speed: 0.7</cmt>
      </trkpt>
      <trkpt lat="47.359044" lon="8.562611">
        <ele>486</ele>
        <time>2024-05-14T05:38:02Z</time>
        <cmt>speed: 0.3</cmt>
      </trkpt>
      <trkpt lat="47.359044" lon="8.562611">
        <ele>486</ele>
        <time>2024-05-14T05:48:08Z</time>
      </trkpt>
      <trkpt lat="47.358807" lon="8.562817">
        <ele>416</ele>
        <time>2024-05-14T05:48:10Z</time>
        <cmt>speed: 0.3</cmt>
      </trkpt>
      <trkpt lat="47.358996" lon="8.562501">
        <ele>518</ele>
        <time>2024-05-14T05:58:10Z</time>
        <cmt>speed: 0.1</cmt>
      </trkpt>
      <trkpt lat="47.358996" lon="8.562501">
        <ele>518</ele>
        <time>2024-05-14T06:01:37Z</time>
      </trkpt>
      <trkpt lat="47.358921" lon="8.562796">
        <ele>425</ele>
        <time>2024-05-14T06:08:05Z</time>
        <cmt>speed: 1.0</cmt>
      </trkpt>
      <trkpt lat="47.359118" lon="8.562406">
        <ele>458</ele>
        <time>2024-05-14T06:18:02Z</time>
        <cmt>speed: 0.1</cmt>
      </trkpt>
      <trkpt lat="47.359258" lon="8.5627">
        <ele>441</ele>
        <time>2024-05-14T06:38:04Z</time>
        <cmt>speed: 0.1</cmt>
      </trkpt>
      <trkpt lat="47.359258" lon="8.5627">
        <ele>441</ele>
        <time>2024-05-14T06:41:37Z</time>
      </trkpt>
      <trkpt lat="47.359225" lon="8.562586">
        <ele>454</ele>
        <time>2024-05-14T06:48:16Z</time>
        <cmt>speed: 0.0</cmt>
      </trkpt>
      <trkpt lat="47.359225" lon="8.562586">
        <ele>454</ele>
        <time>2024-05-14T07:01:37Z</time>
      </trkpt>
      <trkpt lat="47.35989" lon="8.562982">
        <ele>449</ele>
        <time>2024-05-14T07:14:37Z</time>
        <cmt>speed: 0.2</cmt>
      </trkpt>
      <trkpt lat="47.35989" lon="8.562982">
        <ele>449</ele>
        <time>2024-05-14T07:24:41Z</time>
      </trkpt>
      <trkpt lat="47.358961" lon="8.562581">
        <ele>455</ele>
        <time>2024-05-14T07:24:43Z</time>
        <cmt>speed: 0.0</cmt>
      </trkpt>
      <trkpt lat="47.359246" lon="8.562485">
        <ele>467</ele>
        <time>2024-05-14T07:37:29Z</time>
        <cmt>speed: 0.3</cmt>
      </trkpt>
      <trkpt lat="47.359216" lon="8.562757">
        <ele>450</ele>
        <time>2024-05-14T08:10:39Z</time>
        <cmt>speed: 0.3</cmt>
      </trkpt>
      <trkpt lat="47.359085" lon="8.562892">
        <ele>442</ele>
        <time>2024-05-14T08:20:00Z</time>
        <cmt>speed: 1.9</cmt>
      </trkpt>
      <trkpt lat="47.359085" lon="8.562892">
        <ele>442</ele>
        <time>2024-05-14T08:21:37Z</time>
      </trkpt>
      <trkpt lat="47.359272" lon="8.562773">
        <ele>469</ele>
        <time>2024-05-14T08:30:16Z</time>
        <cmt>speed: 0.0</cmt>
      </trkpt>
      <trkpt lat="47.359213" lon="8.562739">
        <ele>441</ele>
        <time>2024-05-14T08:40:24Z</time>
        <cmt>speed: 0.3</cmt>
      </trkpt>
      <trkpt lat="47.359213" lon="8.562739">
        <ele>441</ele>
        <time>2024-05-14T08:41:37Z</time>
      </trkpt>
      <trkpt lat="47.359296" lon="8.562625">
        <ele>434</ele>
        <time>2024-05-14T08:50:00Z</time>
        <cmt>speed: 0.1</cmt>
      </trkpt>
      <trkpt lat="47.359267" lon="8.562995">
        <ele>384</ele>
        <time>2024-05-14T08:59:58Z</time>
        <cmt>speed: 0.1</cmt>
      </trkpt>
      <trkpt lat="47.359267" lon="8.562995">
        <ele>384</ele>
        <time>2024-05-14T09:10:11Z</time>
      </trkpt>
      <trkpt lat="47.359229" lon="8.562775">
        <ele>421</ele>
        <time>2024-05-14T09:10:13Z</time>
        <cmt>speed: 0.8</cmt>
      </trkpt>
      <trkpt lat="47.359229" lon="8.562775">
        <ele>421</ele>
        <time>2024-05-14T09:21:37Z</time>
      </trkpt>
      <trkpt lat="47.359248" lon="8.562703">
        <ele>456</ele>
        <time>2024-05-14T09:27:09Z</time>
        <cmt>speed: 0.6</cmt>
      </trkpt>
      <trkpt lat="47.359076" lon="8.56251">
        <ele>478</ele>
        <time>2024-05-14T09:39:31Z</time>
        <cmt>speed: 1.8</cmt>
      </trkpt>
      <trkpt lat="47.359278" lon="8.562763">
        <ele>433</ele>
        <time>2024-05-14T09:59:32Z</time>
        <cmt>speed: 0.7</cmt>
      </trkpt>
      <trkpt lat="47.359278" lon="8.562763">
        <ele>433</ele>
        <time>2024-05-14T10:01:37Z</time>
      </trkpt>
      <trkpt lat="47.359199" lon="8.562899">
        <ele>432</ele>
        <time>2024-05-14T10:09:32Z</time>
        <cmt>speed: 0.2</cmt>
      </trkpt>
      <trkpt lat="47.359301" lon="8.562756">
        <ele>428</ele>
        <time>2024-05-14T10:20:24Z</time>
        <cmt>speed: 0.6</cmt>
      </trkpt>
      <trkpt lat="47.359301" lon="8.562756">
        <ele>428</ele>
        <time>2024-05-14T10:30:31Z</time>
      </trkpt>
      <trkpt lat="47.359253" lon="8.562651">
        <ele>451</ele>
        <time>2024-05-14T10:30:34Z</time>
        <cmt>speed: 0.4</cmt>
      </trkpt>
      <trkpt lat="47.359147" lon="8.562661">
        <ele>442</ele>
        <time>2024-05-14T10:40:39Z</time>
        <cmt>speed: 0.2</cmt>
      </trkpt>
      <trkpt lat="47.359208" lon="8.562219">
        <ele>444</ele>
        <time>2024-05-14T10:50:37Z</time>
        <cmt>speed: 0.6</cmt>
      </trkpt>
      <trkpt lat="47.358998" lon="8.562238">
        <ele>413</ele>
        <time>2024-05-14T11:00:51Z</time>
        <cmt>speed: 0.2</cmt>
      </trkpt>
      <trkpt lat="47.359422" lon="8.5618">
        <ele>410</ele>
        <time>2024-05-14T11:20:37Z</time>
        <cmt>speed: 0.1</cmt>
      </trkpt>
      <trkpt lat="47.358394" lon="8.562372">
        <ele>441</ele>
        <time>2024-05-14T11:30:36Z</time>
        <cmt>speed: 0.6</cmt>
      </trkpt>
      <trkpt lat="47.357952" lon="8.563159">
        <ele>457</ele>
        <time>2024-05-14T11:40:37Z</time>
        <cmt>speed: 0.4</cmt>
      </trkpt>
      <trkpt lat="47.358086" lon="8.563085">
        <ele>442</ele>
        <time>2024-05-14T11:50:44Z</time>
        <cmt>speed: 0.7</cmt>
      </trkpt>
      <trkpt lat="47.358086" lon="8.563085">
        <ele>442</ele>
        <time>2024-05-14T12:00:34Z</time>
      </trkpt>
      <trkpt lat="47.357928" lon="8.563165">
        <ele>435</ele>
        <time>2024-05-14T12:00:37Z</time>
        <cmt>speed: 0.0</cmt>
      </trkpt>
      <trkpt lat="47.357828" lon="8.563261">
        <ele>432</ele>
        <time>2024-05-14T12:10:44Z</time>
        <cmt>speed: 0.2</cmt>
      </trkpt>
      <trkpt lat="47.357213" lon="8.563596">
        <ele>422</ele>
        <time>2024-05-14T12:20:38Z</time>
        <cmt>speed: 0.1</cmt>
      </trkpt>
      <trkpt lat="47.356877" lon="8.563512">
        <ele>450</ele>
        <time>2024-05-14T12:30:39Z</time>
        <cmt>speed: 1.1</cmt>
      </trkpt>
      <trkpt lat="47.356997" lon="8.563516">
        <ele>428</ele>
        <time>2024-05-14T12:40:38Z</time>
        <cmt>speed: 0.1</cmt>
      </trkpt>
      <trkpt lat="47.357776" lon="8.563245">
        <ele>422</ele>
        <time>2024-05-14T12:50:39Z</time>
        <cmt>speed: 1.9</cmt>
      </trkpt>
      <trkpt lat="47.35733" lon="8.563766">
        <ele>472</ele>
        <time>2024-05-14T13:00:48Z</time>
        <cmt>speed: 0.2</cmt>
      </trkpt>
      <trkpt lat="47.357641" lon="8.563487">
        <ele>434</ele>
        <time>2024-05-14T13:10:37Z</time>
        <cmt>speed: 0.0</cmt>
      </trkpt>
      <trkpt lat="47.357863" lon="8.563964">
        <ele>457</ele>
        <time>2024-05-14T13:20:36Z</time>
        <cmt>speed: 0.0</cmt>
      </trkpt>
      <trkpt lat="47.357814" lon="8.563954">
        <ele>450</ele>
        <time>2024-05-14T13:30:39Z</time>
        <cmt>speed: 0.2</cmt>
      </trkpt>
      <trkpt lat="47.357814" lon="8.563954">
        <ele>450</ele>
        <time>2024-05-14T13:40:44Z</time>
      </trkpt>
      <trkpt lat="47.357872" lon="8.564006">
        <ele>415</ele>
        <time>2024-05-14T13:40:47Z</time>
        <cmt>speed: 0.1</cmt>
      </trkpt>
      <trkpt lat="47.357911" lon="8.564007">
        <ele>480</ele>
        <time>2024-05-14T13:50:37Z</time>
        <cmt>speed: 1.4</cmt>
      </trkpt>
      <trkpt lat="47.357911" lon="8.564007">
        <ele>480</ele>
        <time>2024-05-14T14:00:42Z</time>
      </trkpt>
      <trkpt lat="47.357602" lon="8.564078">
        <ele>450</ele>
        <time>2024-05-14T14:00:45Z</time>
        <cmt>speed: 0.3</cmt>
      </trkpt>
      <trkpt lat="47.357819" lon="8.56402">
        <ele>478</ele>
        <time>2024-05-14T14:10:38Z</time>
        <cmt>speed: 0.3</cmt>
      </trkpt>
      <trkpt lat="47.357819" lon="8.56402">
        <ele>478</ele>
        <time>2024-05-14T14:20:33Z</time>
      </trkpt>
      <trkpt lat="47.357775" lon="8.563905">
        <ele>449</ele>
        <time>2024-05-14T14:20:36Z</time>
        <cmt>speed: 0.0</cmt>
      </trkpt>
      <trkpt lat="47.35782" lon="8.564041">
        <ele>449</ele>
        <time>2024-05-14T14:30:38Z</time>
        <cmt>speed: 0.2</cmt>
      </trkpt>
      <trkpt lat="47.357656" lon="8.564081">
        <ele>461</ele>
        <time>2024-05-14T14:40:35Z</time>
        <cmt>speed: 0.2</cmt>
      </trkpt>
      <trkpt lat="47.357708" lon="8.564254">
        <ele>466</ele>
        <time>2024-05-14T14:50:37Z</time>
        <cmt>speed: 0.0</cmt>
      </trkpt>
      <trkpt lat="47.357617" lon="8.564332">
        <ele>442</ele>
        <time>2024-05-14T15:00:47Z</time>
        <cmt>speed: 0.4</cmt>
      </trkpt>
      <trkpt lat="47.357672" lon="8.564335">
        <ele>453</ele>
        <time>2024-05-14T15:10:47Z</time>
        <cmt>speed: 0.0</cmt>
      </trkpt>
      <trkpt lat="47.357672" lon="8.564335">
        <ele>453</ele>
        <time>2024-05-14T15:20:39Z</time>
      </trkpt>
      <trkpt lat="47.35758" lon="8.564312">
        <ele>454</ele>
        <time>2024-05-14T15:20:42Z</time>
        <cmt>speed: 0.4</cmt>
      </trkpt>
      <trkpt lat="47.357881" lon="8.564747">
        <ele>440</ele>
        <time>2024-05-14T15:30:35Z</time>
        <cmt>speed: 1.0</cmt>
      </trkpt>
      <trkpt lat="47.357656" lon="8.564474">
        <ele>459</ele>
        <time>2024-05-14T15:40:02Z</time>
        <cmt>speed: 0.0</cmt>
      </trkpt>
      <trkpt lat="47.357706" lon="8.564426">
        <ele>461</ele>
        <time>2024-05-14T15:40:06Z</time>
        <cmt>speed: 0.0</cmt>
      </trkpt>
      <trkpt lat="47.357706" lon="8.564426">
        <ele>461</ele>
        <time>2024-05-14T15:40:11Z</time>
        <cmt>speed: 0.0</cmt>
      </trkpt>
      <trkpt lat="47.357706" lon="8.564426">
        <ele>461</ele>
        <time>2024-05-14T15:40:15Z</time>
        <cmt>speed: 0.0</cmt>
      </trkpt>
      <trkpt lat="47.357706" lon="8.564426">
        <ele>461</ele>
        <time>2024-05-14T15:40:19Z</time>
        <cmt>speed: 0.0</cmt>
      </trkpt>
      <trkpt lat="47.357706" lon="8.564426">
        <ele>461</ele>
        <time>2024-05-14T15:40:23Z</time>
        <cmt>speed: 0.0</cmt>
      </trkpt>
      <trkpt lat="47.357706" lon="8.564426">
        <ele>461</ele>
        <time>2024-05-14T15:40:27Z</time>
        <cmt>speed: 0.0</cmt>
      </trkpt>
      <trkpt lat="47.357706" lon="8.564426">
        <ele>461</ele>
        <time>2024-05-14T15:40:31Z</time>
        <cmt>speed: 0.0</cmt>
      </trkpt>
      <trkpt lat="47.357706" lon="8.564426">
        <ele>461</ele>
        <time>2024-05-14T15:40:35Z</time>
        <cmt>speed: 0.0</cmt>
      </trkpt>
      <trkpt lat="47.357706" lon="8.564426">
        <ele>461</ele>
        <time>2024-05-14T15:40:39Z</time>
        <cmt>speed: 0.0</cmt>
      </trkpt>
      <trkpt lat="47.357644" lon="8.564285">
        <ele>442</ele>
        <time>2024-05-14T15:42:37Z</time>
        <cmt>speed: 0.2</cmt>
      </trkpt>
      <trkpt lat="47.357535" lon="8.56434">
        <ele>484</ele>
        <time>2024-05-14T15:52:36Z</time>
        <cmt>speed: 0.2</cmt>
      </trkpt>
      <trkpt lat="47.357419" lon="8.563477">
        <ele>435</ele>
        <time>2024-05-14T16:02:36Z</time>
        <cmt>speed: 0.8</cmt>
      </trkpt>
      <trkpt lat="47.357595" lon="8.563198">
        <ele>446</ele>
        <time>2024-05-14T16:12:42Z</time>
        <cmt>speed: 0.6</cmt>
      </trkpt>
      <trkpt lat="47.357883" lon="8.562799">
        <ele>447</ele>
        <time>2024-05-14T16:22:42Z</time>
        <cmt>speed: 0.3</cmt>
      </trkpt>
      <trkpt lat="47.35806" lon="8.562645">
        <ele>465</ele>
        <time>2024-05-14T16:32:40Z</time>
        <cmt>speed: 0.4</cmt>
      </trkpt>
      <trkpt lat="47.359101" lon="8.561531">
        <ele>465</ele>
        <time>2024-05-14T16:42:38Z</time>
        <cmt>speed: 0.9</cmt>
      </trkpt>
      <trkpt lat="47.359681" lon="8.561365">
        <ele>426</ele>
        <time>2024-05-14T16:52:38Z</time>
        <cmt>speed: 0.5</cmt>
      </trkpt>
      <trkpt lat="47.358719" lon="8.56198">
        <ele>427</ele>
        <time>2024-05-14T17:02:36Z</time>
        <cmt>speed: 0.9</cmt>
      </trkpt>
      <trkpt lat="47.358368" lon="8.562979">
        <ele>437</ele>
        <time>2024-05-14T17:12:38Z</time>
        <cmt>speed: 0.0</cmt>
      </trkpt>
      <trkpt lat="47.358073" lon="8.563074">
        <ele>446</ele>
        <time>2024-05-14T17:22:36Z</time>
        <cmt>speed: 2.3</cmt>
      </trkpt>
      <trkpt lat="47.358385" lon="8.563043">
        <ele>466</ele>
        <time>2024-05-14T17:32:37Z</time>
        <cmt>speed: 0.1</cmt>
      </trkpt>
      <trkpt lat="47.358408" lon="8.563248">
        <ele>473</ele>
        <time>2024-05-14T17:42:35Z</time>
        <cmt>speed: 1.2</cmt>
      </trkpt>
      <trkpt lat="47.358393" lon="8.56306">
        <ele>446</ele>
        <time>2024-05-14T17:52:37Z</time>
        <cmt>speed: 0.0</cmt>
      </trkpt>
      <trkpt lat="47.358393" lon="8.56306">
        <ele>446</ele>
        <time>2024-05-14T18:02:33Z</time>
      </trkpt>
      <trkpt lat="47.358405" lon="8.563078">
        <ele>464</ele>
        <time>2024-05-14T18:02:37Z</time>
        <cmt>speed: 0.1</cmt>
      </trkpt>
      <trkpt lat="47.358337" lon="8.56317">
        <ele>438</ele>
        <time>2024-05-14T18:12:37Z</time>
        <cmt>speed: 0.3</cmt>
      </trkpt>
      <trkpt lat="47.358337" lon="8.56317">
        <ele>438</ele>
        <time>2024-05-14T18:22:32Z</time>
      </trkpt>
      <trkpt lat="47.35845" lon="8.562997">
        <ele>444</ele>
        <time>2024-05-14T18:22:36Z</time>
        <cmt>speed: 0.1</cmt>
      </trkpt>
      <trkpt lat="47.358412" lon="8.563036">
        <ele>439</ele>
        <time>2024-05-14T18:32:36Z</time>
        <cmt>speed: 0.5</cmt>
      </trkpt>
      <trkpt lat="47.358412" lon="8.563036">
        <ele>439</ele>
        <time>2024-05-14T18:42:34Z</time>
      </trkpt>
      <trkpt lat="47.358418" lon="8.563006">
        <ele>465</ele>
        <time>2024-05-14T18:42:38Z</time>
        <cmt>speed: 0.1</cmt>
      </trkpt>
      <trkpt lat="47.358459" lon="8.563063">
        <ele>422</ele>
        <time>2024-05-14T18:52:37Z</time>
        <cmt>speed: 0.4</cmt>
      </trkpt>
      <trkpt lat="47.358655" lon="8.561245">
        <ele>415</ele>
        <time>2024-05-14T19:02:36Z</time>
        <cmt>speed: 0.6</cmt>
      </trkpt>
      <trkpt lat="47.359038" lon="8.560804">
        <ele>459</ele>
        <time>2024-05-14T19:12:37Z</time>
        <cmt>speed: 1.3</cmt>
      </trkpt>
      <trkpt lat="47.360078" lon="8.56152">
        <ele>417</ele>
        <time>2024-05-14T19:22:38Z</time>
        <cmt>speed: 0.1</cmt>
      </trkpt>
      <trkpt lat="47.360192" lon="8.561616">
        <ele>440</ele>
        <time>2024-05-14T19:32:37Z</time>
        <cmt>speed: 0.3</cmt>
      </trkpt>
      <trkpt lat="47.360053" lon="8.56092">
        <ele>441</ele>
        <time>2024-05-14T19:42:41Z</time>
        <cmt>speed: 0.8</cmt>
      </trkpt>
      <trkpt lat="47.359905" lon="8.561546">
        <ele>370</ele>
        <time>2024-05-14T19:52:37Z</time>
        <cmt>speed: 1.4</cmt>
      </trkpt>
      <trkpt lat="47.360139" lon="8.561546">
        <ele>481</ele>
        <time>2024-05-14T20:02:40Z</time>
        <cmt>speed: 0.9</cmt>
      </trkpt>
      <trkpt lat="47.359959" lon="8.563643">
        <ele>434</ele>
        <time>2024-05-14T20:05:12Z</time>
      </trkpt>
      <trkpt lat="47.359959" lon="8.563643">
        <ele>434</ele>
        <time>2024-05-14T20:20:12Z</time>
      </trkpt>
      <trkpt lat="47.359959" lon="8.563643">
        <ele>434</ele>
        <time>2024-05-15T08:20:10Z</time>
      </trkpt>
      <trkpt lat="47.359959" lon="8.563643">
        <ele>434</ele>
        <time>2024-05-15T20:20:29Z</time>
      </trkpt>
      <trkpt lat="47.360625" lon="8.562449">
        <ele>460</ele>
        <time>2024-05-16T01:39:32Z</time>
        <cmt>speed: 0.7</cmt>
      </trkpt>
      <trkpt lat="47.357623" lon="8.562052">
        <ele>454</ele>
        <time>2024-05-16T01:49:30Z</time>
        <cmt>speed: 0.8</cmt>
      </trkpt>
      <trkpt lat="47.35766" lon="8.562539">
        <ele>447</ele>
        <time>2024-05-16T01:59:29Z</time>
        <cmt>speed: 0.1</cmt>
      </trkpt>
      <trkpt lat="47.35766" lon="8.562539">
        <ele>447</ele>
        <time>2024-05-16T01:59:34Z</time>
      </trkpt>
      <trkpt lat="47.357956" lon="8.562226">
        <ele>443</ele>
        <time>2024-05-16T02:09:26Z</time>
        <cmt>speed: 0.0</cmt>
      </trkpt>
      <trkpt lat="47.357415" lon="8.561826">
        <ele>455</ele>
        <time>2024-05-16T02:19:29Z</time>
        <cmt>speed: 1.8</cmt>
      </trkpt>
      <trkpt lat="47.357643" lon="8.561198">
        <ele>474</ele>
        <time>2024-05-16T02:29:29Z</time>
        <cmt>speed: 0.6</cmt>
      </trkpt>
      <trkpt lat="47.357394" lon="8.561343">
        <ele>467</ele>
        <time>2024-05-16T02:39:29Z</time>
        <cmt>speed: 0.1</cmt>
      </trkpt>
      <trkpt lat="47.357933" lon="8.560654">
        <ele>462</ele>
        <time>2024-05-16T02:49:27Z</time>
        <cmt>speed: 0.9</cmt>
      </trkpt>
      <trkpt lat="47.357719" lon="8.560186">
        <ele>454</ele>
        <time>2024-05-16T02:59:28Z</time>
        <cmt>speed: 0.0</cmt>
      </trkpt>
      <trkpt lat="47.357737" lon="8.560283">
        <ele>448</ele>
        <time>2024-05-16T03:09:32Z</time>
        <cmt>speed: 0.1</cmt>
      </trkpt>
      <trkpt lat="47.357848" lon="8.560514">
        <ele>429</ele>
        <time>2024-05-16T03:19:27Z</time>
        <cmt>speed: 2.3</cmt>
      </trkpt>
      <trkpt lat="47.359107" lon="8.560888">
        <ele>429</ele>
        <time>2024-05-16T03:29:25Z</time>
        <cmt>speed: 3.7</cmt>
      </trkpt>
      <trkpt lat="47.358574" lon="8.5624">
        <ele>440</ele>
        <time>2024-05-16T03:39:26Z</time>
        <cmt>speed: 0.3</cmt>
      </trkpt>
      <trkpt lat="47.358361" lon="8.562497">
        <ele>455</ele>
        <time>2024-05-16T03:49:26Z</time>
        <cmt>speed: 1.4</cmt>
      </trkpt>
      <trkpt lat="47.357493" lon="8.563203">
        <ele>473</ele>
        <time>2024-05-16T03:59:36Z</time>
        <cmt>speed: 2.3</cmt>
      </trkpt>
      <trkpt lat="47.357139" lon="8.563876">
        <ele>460</ele>
        <time>2024-05-16T04:09:27Z</time>
        <cmt>speed: 0.1</cmt>
      </trkpt>
      <trkpt lat="47.357114" lon="8.563643">
        <ele>452</ele>
        <time>2024-05-16T04:19:29Z</time>
        <cmt>speed: 0.1</cmt>
      </trkpt>
      <trkpt lat="47.357127" lon="8.563621">
        <ele>469</ele>
        <time>2024-05-16T04:29:27Z</time>
        <cmt>speed: 2.9</cmt>
      </trkpt>
      <trkpt lat="47.357188" lon="8.563441">
        <ele>469</ele>
        <time>2024-05-16T04:39:28Z</time>
        <cmt>speed: 0.3</cmt>
      </trkpt>
      <trkpt lat="47.357138" lon="8.563658">
        <ele>461</ele>
        <time>2024-05-16T04:49:28Z</time>
        <cmt>speed: 0.6</cmt>
      </trkpt>
      <trkpt lat="47.357132" lon="8.563512">
        <ele>490</ele>
        <time>2024-05-16T04:59:27Z</time>
        <cmt>speed: 0.8</cmt>
      </trkpt>
      <trkpt lat="47.357102" lon="8.56355">
        <ele>459</ele>
        <time>2024-05-16T05:09:26Z</time>
        <cmt>speed: 0.8</cmt>
      </trkpt>
      <trkpt lat="47.357439" lon="8.564009">
        <ele>459</ele>
        <time>2024-05-16T05:19:27Z</time>
        <cmt>speed: 0.1</cmt>
      </trkpt>
      <trkpt lat="47.357516" lon="8.564553">
        <ele>473</ele>
        <time>2024-05-16T05:29:27Z</time>
        <cmt>speed: 1.1</cmt>
      </trkpt>
      <trkpt lat="47.357516" lon="8.564553">
        <ele>473</ele>
        <time>2024-05-16T05:39:18Z</time>
      </trkpt>
      <trkpt lat="47.357365" lon="8.564438">
        <ele>489</ele>
        <time>2024-05-16T05:39:28Z</time>
        <cmt>speed: 0.0</cmt>
      </trkpt>
      <trkpt lat="47.357375" lon="8.56419">
        <ele>449</ele>
        <time>2024-05-16T05:49:26Z</time>
        <cmt>speed: 0.7</cmt>
      </trkpt>
      <trkpt lat="47.357375" lon="8.56419">
        <ele>449</ele>
        <time>2024-05-16T05:59:18Z</time>
      </trkpt>
      <trkpt lat="47.35703" lon="8.564064">
        <ele>437</ele>
        <time>2024-05-16T05:59:28Z</time>
        <cmt>speed: 0.3</cmt>
      </trkpt>
      <trkpt lat="47.357165" lon="8.563922">
        <ele>455</ele>
        <time>2024-05-16T06:09:28Z</time>
        <cmt>speed: 0.1</cmt>
      </trkpt>
      <trkpt lat="47.35712" lon="8.5637">
        <ele>437</ele>
        <time>2024-05-16T06:19:28Z</time>
        <cmt>speed: 0.0</cmt>
      </trkpt>
      <trkpt lat="47.357112" lon="8.563233">
        <ele>400</ele>
        <time>2024-05-16T06:29:27Z</time>
        <cmt>speed: 1.7</cmt>
      </trkpt>
      <trkpt lat="47.35747" lon="8.562904">
        <ele>452</ele>
        <time>2024-05-16T06:39:28Z</time>
        <cmt>speed: 0.1</cmt>
      </trkpt>
      <trkpt lat="47.358987" lon="8.561904">
        <ele>468</ele>
        <time>2024-05-16T06:49:37Z</time>
        <cmt>speed: 0.2</cmt>
      </trkpt>
      <trkpt lat="47.358987" lon="8.561904">
        <ele>468</ele>
        <time>2024-05-16T06:59:19Z</time>
      </trkpt>
      <trkpt lat="47.359054" lon="8.561152">
        <ele>470</ele>
        <time>2024-05-16T06:59:29Z</time>
        <cmt>speed: 0.2</cmt>
      </trkpt>
      <trkpt lat="47.358229" lon="8.560894">
        <ele>397</ele>
        <time>2024-05-16T07:09:29Z</time>
        <cmt>speed: 3.4</cmt>
      </trkpt>
      <trkpt lat="47.359296" lon="8.560181">
        <ele>500</ele>
        <time>2024-05-16T07:19:27Z</time>
        <cmt>speed: 0.1</cmt>
      </trkpt>
      <trkpt lat="47.35859" lon="8.560158">
        <ele>466</ele>
        <time>2024-05-16T07:29:27Z</time>
        <cmt>speed: 0.2</cmt>
      </trkpt>
      <trkpt lat="47.358381" lon="8.560657">
        <ele>415</ele>
        <time>2024-05-16T07:39:27Z</time>
        <cmt>speed: 0.9</cmt>
      </trkpt>
      <trkpt lat="47.359285" lon="8.561328">
        <ele>434</ele>
        <time>2024-05-16T07:49:39Z</time>
        <cmt>speed: 0.8</cmt>
      </trkpt>
      <trkpt lat="47.359446" lon="8.560272">
        <ele>432</ele>
        <time>2024-05-16T07:59:34Z</time>
        <cmt>speed: 0.8</cmt>
      </trkpt>
      <trkpt lat="47.359225" lon="8.559319">
        <ele>452</ele>
        <time>2024-05-16T08:09:30Z</time>
        <cmt>speed: 0.4</cmt>
      </trkpt>
      <trkpt lat="47.358371" lon="8.560666">
        <ele>440</ele>
        <time>2024-05-16T08:29:41Z</time>
        <cmt>speed: 0.3</cmt>
      </trkpt>
      <trkpt lat="47.358371" lon="8.560666">
        <ele>440</ele>
        <time>2024-05-16T08:39:17Z</time>
      </trkpt>
      <trkpt lat="47.358643" lon="8.560523">
        <ele>427</ele>
        <time>2024-05-16T08:39:27Z</time>
        <cmt>speed: 1.3</cmt>
      </trkpt>
      <trkpt lat="47.358567" lon="8.561083">
        <ele>420</ele>
        <time>2024-05-16T08:49:28Z</time>
        <cmt>speed: 0.4</cmt>
      </trkpt>
      <trkpt lat="47.35887" lon="8.560982">
        <ele>472</ele>
        <time>2024-05-16T09:09:29Z</time>
        <cmt>speed: 0.0</cmt>
      </trkpt>
      <trkpt lat="47.358944" lon="8.561191">
        <ele>441</ele>
        <time>2024-05-16T09:29:37Z</time>
        <cmt>speed: 0.4</cmt>
      </trkpt>
      <trkpt lat="47.358944" lon="8.561191">
        <ele>441</ele>
        <time>2024-05-16T09:39:17Z</time>
      </trkpt>
      <trkpt lat="47.358768" lon="8.561326">
        <ele>462</ele>
        <time>2024-05-16T09:42:31Z</time>
        <cmt>speed: 0.4</cmt>
      </trkpt>
      <trkpt lat="47.358964" lon="8.561251">
        <ele>442</ele>
        <time>2024-05-16T09:52:23Z</time>
        <cmt>speed: 1.5</cmt>
      </trkpt>
      <trkpt lat="47.358584" lon="8.561159">
        <ele>462</ele>
        <time>2024-05-16T10:02:20Z</time>
        <cmt>speed: 0.2</cmt>
      </trkpt>
      <trkpt lat="47.359045" lon="8.56088">
        <ele>411</ele>
        <time>2024-05-16T10:12:21Z</time>
        <cmt>speed: 1.3</cmt>
      </trkpt>
      <trkpt lat="47.359045" lon="8.56088">
        <ele>411</ele>
        <time>2024-05-16T10:22:13Z</time>
      </trkpt>
      <trkpt lat="47.358915" lon="8.561168">
        <ele>439</ele>
        <time>2024-05-16T10:22:23Z</time>
        <cmt>speed: 0.0</cmt>
      </trkpt>
      <trkpt lat="47.358887" lon="8.561436">
        <ele>437</ele>
        <time>2024-05-16T10:32:22Z</time>
        <cmt>speed: 0.2</cmt>
      </trkpt>
      <trkpt lat="47.358887" lon="8.561436">
        <ele>437</ele>
        <time>2024-05-16T10:42:11Z</time>
      </trkpt>
      <trkpt lat="47.358814" lon="8.560981">
        <ele>438</ele>
        <time>2024-05-16T10:42:21Z</time>
        <cmt>speed: 1.7</cmt>
      </trkpt>
      <trkpt lat="47.358782" lon="8.561205">
        <ele>449</ele>
        <time>2024-05-16T10:52:31Z</time>
        <cmt>speed: 0.3</cmt>
      </trkpt>
      <trkpt lat="47.358782" lon="8.561205">
        <ele>449</ele>
        <time>2024-05-16T11:02:49Z</time>
      </trkpt>
      <trkpt lat="47.358884" lon="8.561229">
        <ele>492</ele>
        <time>2024-05-16T11:02:50Z</time>
        <cmt>speed: 0.3</cmt>
      </trkpt>
      <trkpt lat="47.35881" lon="8.561024">
        <ele>451</ele>
        <time>2024-05-16T11:12:22Z</time>
        <cmt>speed: 0.5</cmt>
      </trkpt>
      <trkpt lat="47.358783" lon="8.560968">
        <ele>478</ele>
        <time>2024-05-16T11:22:20Z</time>
        <cmt>speed: 0.3</cmt>
      </trkpt>
      <trkpt lat="47.358783" lon="8.560968">
        <ele>478</ele>
        <time>2024-05-16T11:22:20Z</time>
      </trkpt>
      <trkpt lat="47.358767" lon="8.561009">
        <ele>478</ele>
        <time>2024-05-16T11:32:21Z</time>
        <cmt>speed: 1.2</cmt>
      </trkpt>
      <trkpt lat="47.358681" lon="8.561431">
        <ele>479</ele>
        <time>2024-05-16T11:42:21Z</time>
        <cmt>speed: 0.1</cmt>
      </trkpt>
      <trkpt lat="47.359061" lon="8.562373">
        <ele>409</ele>
        <time>2024-05-16T11:52:23Z</time>
        <cmt>speed: 0.0</cmt>
      </trkpt>
      <trkpt lat="47.358933" lon="8.563425">
        <ele>452</ele>
        <time>2024-05-16T12:02:23Z</time>
        <cmt>speed: 0.9</cmt>
      </trkpt>
      <trkpt lat="47.358603" lon="8.563882">
        <ele>430</ele>
        <time>2024-05-16T12:12:21Z</time>
        <cmt>speed: 0.7</cmt>
      </trkpt>
      <trkpt lat="47.358179" lon="8.564042">
        <ele>444</ele>
        <time>2024-05-16T12:22:21Z</time>
        <cmt>speed: 2.2</cmt>
      </trkpt>
      <trkpt lat="47.358295" lon="8.56403">
        <ele>453</ele>
        <time>2024-05-16T12:32:21Z</time>
        <cmt>speed: 0.2</cmt>
      </trkpt>
      <trkpt lat="47.358295" lon="8.56403">
        <ele>453</ele>
        <time>2024-05-16T12:42:20Z</time>
      </trkpt>
      <trkpt lat="47.358277" lon="8.563876">
        <ele>465</ele>
        <time>2024-05-16T12:42:21Z</time>
        <cmt>speed: 0.2</cmt>
      </trkpt>
      <trkpt lat="47.358306" lon="8.563941">
        <ele>443</ele>
        <time>2024-05-16T12:52:21Z</time>
        <cmt>speed: 0.7</cmt>
      </trkpt>
      <trkpt lat="47.358306" lon="8.563941">
        <ele>443</ele>
        <time>2024-05-16T13:02:28Z</time>
      </trkpt>
      <trkpt lat="47.358338" lon="8.563858">
        <ele>442</ele>
        <time>2024-05-16T13:02:29Z</time>
        <cmt>speed: 0.1</cmt>
      </trkpt>
      <trkpt lat="47.358509" lon="8.563941">
        <ele>446</ele>
        <time>2024-05-16T13:12:29Z</time>
        <cmt>speed: 2.4</cmt>
      </trkpt>
      <trkpt lat="47.358295" lon="8.563797">
        <ele>457</ele>
        <time>2024-05-16T13:22:31Z</time>
        <cmt>speed: 0.5</cmt>
      </trkpt>
      <trkpt lat="47.35837" lon="8.563844">
        <ele>427</ele>
        <time>2024-05-16T13:32:22Z</time>
        <cmt>speed: 0.1</cmt>
      </trkpt>
      <trkpt lat="47.358327" lon="8.564019">
        <ele>434</ele>
        <time>2024-05-16T13:42:21Z</time>
        <cmt>speed: 0.2</cmt>
      </trkpt>
      <trkpt lat="47.358136" lon="8.563815">
        <ele>458</ele>
        <time>2024-05-16T13:52:26Z</time>
        <cmt>speed: 0.3</cmt>
      </trkpt>
      <trkpt lat="47.358175" lon="8.563981">
        <ele>424</ele>
        <time>2024-05-16T14:02:20Z</time>
        <cmt>speed: 0.1</cmt>
      </trkpt>
      <trkpt lat="47.358322" lon="8.563974">
        <ele>439</ele>
        <time>2024-05-16T14:13:04Z</time>
        <cmt>speed: 0.8</cmt>
      </trkpt>
      <trkpt lat="47.358332" lon="8.563928">
        <ele>455</ele>
        <time>2024-05-16T14:22:21Z</time>
        <cmt>speed: 0.1</cmt>
      </trkpt>
      <trkpt lat="47.358332" lon="8.563928">
        <ele>455</ele>
        <time>2024-05-16T14:22:21Z</time>
      </trkpt>
      <trkpt lat="47.358342" lon="8.563935">
        <ele>438</ele>
        <time>2024-05-16T14:32:22Z</time>
        <cmt>speed: 0.2</cmt>
      </trkpt>
      <trkpt lat="47.358342" lon="8.563935">
        <ele>438</ele>
        <time>2024-05-16T14:42:21Z</time>
      </trkpt>
      <trkpt lat="47.358257" lon="8.563402">
        <ele>460</ele>
        <time>2024-05-16T14:42:22Z</time>
        <cmt>speed: 0.0</cmt>
      </trkpt>
      <trkpt lat="47.358429" lon="8.563629">
        <ele>462</ele>
        <time>2024-05-16T14:52:22Z</time>
        <cmt>speed: 0.5</cmt>
      </trkpt>
      <trkpt lat="47.359921" lon="8.563627">
        <ele>417</ele>
        <time>2024-05-16T15:02:27Z</time>
        <cmt>speed: 0.6</cmt>
      </trkpt>
      <trkpt lat="47.359974" lon="8.56367">
        <ele>434</ele>
        <time>2024-05-16T15:03:20Z</time>
      </trkpt>
      <trkpt lat="47.359974" lon="8.56367">
        <ele>434</ele>
        <time>2024-05-16T15:18:18Z</time>
      </trkpt>
      <trkpt lat="47.359974" lon="8.56367">
        <ele>434</ele>
        <time>2024-05-16T15:18:20Z</time>
      </trkpt>
      <trkpt lat="47.359974" lon="8.56367">
        <ele>434</ele>
        <time>2024-05-16T16:09:23Z</time>
      </trkpt>
      <trkpt lat="47.359974" lon="8.56367">
        <ele>434</ele>
        <time>2024-05-16T16:19:37Z</time>
      </trkpt>
      <trkpt lat="47.359974" lon="8.56367">
        <ele>434</ele>
        <time>2024-05-16T16:29:37Z</time>
      </trkpt>
      <trkpt lat="47.359974" lon="8.56367">
        <ele>434</ele>
        <time>2024-05-16T16:39:37Z</time>
      </trkpt>
      <trkpt lat="47.359974" lon="8.56367">
        <ele>434</ele>
        <time>2024-05-16T16:49:37Z</time>
      </trkpt>
      <trkpt lat="47.359974" lon="8.56367">
        <ele>434</ele>
        <time>2024-05-16T16:59:37Z</time>
      </trkpt>
      <trkpt lat="47.359974" lon="8.56367">
        <ele>434</ele>
        <time>2024-05-16T17:09:37Z</time>
      </trkpt>
      <trkpt lat="47.359974" lon="8.56367">
        <ele>434</ele>
        <time>2024-05-16T17:19:37Z</time>
      </trkpt>
      <trkpt lat="47.359974" lon="8.56367">
        <ele>434</ele>
        <time>2024-05-16T17:29:37Z</time>
      </trkpt>
      <trkpt lat="47.359974" lon="8.56367">
        <ele>434</ele>
        <time>2024-05-16T17:34:15Z</time>
      </trkpt>
      <trkpt lat="47.359974" lon="8.56367">
        <ele>434</ele>
        <time>2024-05-16T17:44:15Z</time>
      </trkpt>
      <trkpt lat="47.359974" lon="8.56367">
        <ele>434</ele>
        <time>2024-05-16T17:54:15Z</time>
      </trkpt>
      <trkpt lat="47.359974" lon="8.56367">
        <ele>434</ele>
        <time>2024-05-16T18:04:15Z</time>
      </trkpt>
      <trkpt lat="47.359974" lon="8.56367">
        <ele>434</ele>
        <time>2024-05-16T18:14:15Z</time>
      </trkpt>
      <trkpt lat="47.359974" lon="8.56367">
        <ele>434</ele>
        <time>2024-05-16T18:24:15Z</time>
      </trkpt>
      <trkpt lat="47.359974" lon="8.56367">
        <ele>434</ele>
        <time>2024-05-16T18:34:15Z</time>
      </trkpt>
      <trkpt lat="47.359974" lon="8.56367">
        <ele>434</ele>
        <time>2024-05-16T18:44:15Z</time>
      </trkpt>
      <trkpt lat="47.359974" lon="8.56367">
        <ele>434</ele>
        <time>2024-05-16T18:54:15Z</time>
      </trkpt>
      <trkpt lat="47.359974" lon="8.56367">
        <ele>434</ele>
        <time>2024-05-16T19:04:15Z</time>
      </trkpt>
      <trkpt lat="47.359974" lon="8.56367">
        <ele>434</ele>
        <time>2024-05-16T19:14:15Z</time>
      </trkpt>
      <trkpt lat="47.359974" lon="8.56367">
        <ele>434</ele>
        <time>2024-05-16T19:24:15Z</time>
      </trkpt>
      <trkpt lat="47.359974" lon="8.56367">
        <ele>434</ele>
        <time>2024-05-16T19:34:15Z</time>
      </trkpt>
      <trkpt lat="47.359974" lon="8.56367">
        <ele>434</ele>
        <time>2024-05-16T19:44:15Z</time>
      </trkpt>
      <trkpt lat="47.359974" lon="8.56367">
        <ele>434</ele>
        <time>2024-05-16T19:54:15Z</time>
      </trkpt>
      <trkpt lat="47.359974" lon="8.56367">
        <ele>434</ele>
        <time>2024-05-16T20:04:15Z</time>
      </trkpt>
      <trkpt lat="47.359974" lon="8.56367">
        <ele>434</ele>
        <time>2024-05-16T20:14:15Z</time>
      </trkpt>
      <trkpt lat="47.359974" lon="8.56367">
        <ele>434</ele>
        <time>2024-05-16T20:24:15Z</time>
      </trkpt>
      <trkpt lat="47.359974" lon="8.56367">
        <ele>434</ele>
        <time>2024-05-16T20:34:15Z</time>
      </trkpt>
      <trkpt lat="47.359974" lon="8.56367">
        <ele>434</ele>
        <time>2024-05-16T20:44:15Z</time>
      </trkpt>
      <trkpt lat="47.359974" lon="8.56367">
        <ele>434</ele>
        <time>2024-05-16T20:54:15Z</time>
      </trkpt>
      <trkpt lat="47.359974" lon="8.56367">
        <ele>434</ele>
        <time>2024-05-16T21:04:15Z</time>
      </trkpt>
      <trkpt lat="47.359974" lon="8.56367">
        <ele>434</ele>
        <time>2024-05-16T21:14:15Z</time>
      </trkpt>
      <trkpt lat="47.359974" lon="8.56367">
        <ele>434</ele>
        <time>2024-05-16T21:24:15Z</time>
      </trkpt>
      <trkpt lat="47.359974" lon="8.56367">
        <ele>434</ele>
        <time>2024-05-16T21:34:15Z</time>
      </trkpt>
      <trkpt lat="47.359974" lon="8.56367">
        <ele>434</ele>
        <time>2024-05-16T21:44:15Z</time>
      </trkpt>
      <trkpt lat="47.359974" lon="8.56367">
        <ele>434</ele>
        <time>2024-05-16T21:54:15Z</time>
      </trkpt>
      <trkpt lat="47.359974" lon="8.56367">
        <ele>434</ele>
        <time>2024-05-16T22:04:15Z</time>
      </trkpt>
      <trkpt lat="47.359974" lon="8.56367">
        <ele>434</ele>
        <time>2024-05-16T22:14:15Z</time>
      </trkpt>
      <trkpt lat="47.359974" lon="8.56367">
        <ele>434</ele>
        <time>2024-05-16T22:24:15Z</time>
      </trkpt>
      <trkpt lat="47.359974" lon="8.56367">
        <ele>434</ele>
        <time>2024-05-16T22:34:15Z</time>
      </trkpt>
      <trkpt lat="47.359974" lon="8.56367">
        <ele>434</ele>
        <time>2024-05-16T22:44:15Z</time>
      </trkpt>
      <trkpt lat="47.359974" lon="8.56367">
        <ele>434</ele>
        <time>2024-05-16T22:54:15Z</time>
      </trkpt>
      <trkpt lat="47.359974" lon="8.56367">
        <ele>434</ele>
        <time>2024-05-16T23:04:15Z</time>
      </trkpt>
      <trkpt lat="47.359974" lon="8.56367">
        <ele>434</ele>
        <time>2024-05-16T23:14:15Z</time>
      </trkpt>
      <trkpt lat="47.359974" lon="8.56367">
        <ele>434</ele>
        <time>2024-05-16T23:24:15Z</time>
      </trkpt>
      <trkpt lat="47.359974" lon="8.56367">
        <ele>434</ele>
        <time>2024-05-16T23:34:15Z</time>
      </trkpt>
      <trkpt lat="47.359974" lon="8.56367">
        <ele>434</ele>
        <time>2024-05-16T23:44:15Z</time>
      </trkpt>
      <trkpt lat="47.359974" lon="8.56367">
        <ele>434</ele>
        <time>2024-05-16T23:54:15Z</time>
      </trkpt>
      <trkpt lat="47.359974" lon="8.56367">
        <ele>434</ele>
        <time>2024-05-17T00:04:15Z</time>
      </trkpt>
      <trkpt lat="47.359974" lon="8.56367">
        <ele>434</ele>
        <time>2024-05-17T00:14:15Z</time>
      </trkpt>
      <trkpt lat="47.359974" lon="8.56367">
        <ele>434</ele>
        <time>2024-05-17T00:24:15Z</time>
      </trkpt>
      <trkpt lat="47.359974" lon="8.56367">
        <ele>434</ele>
        <time>2024-05-17T00:34:15Z</time>
      </trkpt>
      <trkpt lat="47.359974" lon="8.56367">
        <ele>434</ele>
        <time>2024-05-17T00:44:15Z</time>
      </trkpt>
      <trkpt lat="47.359974" lon="8.56367">
        <ele>434</ele>
        <time>2024-05-17T00:54:15Z</time>
      </trkpt>
      <trkpt lat="47.359974" lon="8.56367">
        <ele>434</ele>
        <time>2024-05-17T01:04:15Z</time>
      </trkpt>
      <trkpt lat="47.359974" lon="8.56367">
        <ele>434</ele>
        <time>2024-05-17T01:14:15Z</time>
      </trkpt>
      <trkpt lat="47.359974" lon="8.56367">
        <ele>434</ele>
        <time>2024-05-17T01:24:15Z</time>
      </trkpt>
      <trkpt lat="47.359974" lon="8.56367">
        <ele>434</ele>
        <time>2024-05-17T01:34:15Z</time>
      </trkpt>
      <trkpt lat="47.359974" lon="8.56367">
        <ele>434</ele>
        <time>2024-05-17T01:44:15Z</time>
      </trkpt>
      <trkpt lat="47.359974" lon="8.56367">
        <ele>434</ele>
        <time>2024-05-17T01:54:15Z</time>
      </trkpt>
      <trkpt lat="47.359974" lon="8.56367">
        <ele>434</ele>
        <time>2024-05-17T02:04:15Z</time>
      </trkpt>
      <trkpt lat="47.359974" lon="8.56367">
        <ele>434</ele>
        <time>2024-05-17T02:14:15Z</time>
      </trkpt>
      <trkpt lat="47.359974" lon="8.56367">
        <ele>434</ele>
        <time>2024-05-17T02:24:15Z</time>
      </trkpt>
      <trkpt lat="47.359974" lon="8.56367">
        <ele>434</ele>
        <time>2024-05-17T02:34:15Z</time>
      </trkpt>
      <trkpt lat="47.359974" lon="8.56367">
        <ele>434</ele>
        <time>2024-05-17T02:44:15Z</time>
      </trkpt>
      <trkpt lat="47.359974" lon="8.56367">
        <ele>434</ele>
        <time>2024-05-17T02:54:15Z</time>
      </trkpt>
      <trkpt lat="47.359974" lon="8.56367">
        <ele>434</ele>
        <time>2024-05-17T03:04:15Z</time>
      </trkpt>
      <trkpt lat="47.359974" lon="8.56367">
        <ele>434</ele>
        <time>2024-05-17T03:14:15Z</time>
      </trkpt>
      <trkpt lat="47.359974" lon="8.56367">
        <ele>434</ele>
        <time>2024-05-17T03:24:15Z</time>
      </trkpt>
      <trkpt lat="47.359974" lon="8.56367">
        <ele>434</ele>
        <time>2024-05-17T03:34:15Z</time>
      </trkpt>
      <trkpt lat="47.359974" lon="8.56367">
        <ele>434</ele>
        <time>2024-05-17T03:44:15Z</time>
      </trkpt>
      <trkpt lat="47.359974" lon="8.56367">
        <ele>434</ele>
        <time>2024-05-17T03:54:15Z</time>
      </trkpt>
      <trkpt lat="47.359974" lon="8.56367">
        <ele>434</ele>
        <time>2024-05-17T04:04:15Z</time>
      </trkpt>
      <trkpt lat="47.359974" lon="8.56367">
        <ele>434</ele>
        <time>2024-05-17T04:14:15Z</time>
      </trkpt>
      <trkpt lat="47.359974" lon="8.56367">
        <ele>434</ele>
        <time>2024-05-17T04:24:15Z</time>
      </trkpt>
      <trkpt lat="47.359974" lon="8.56367">
        <ele>434</ele>
        <time>2024-05-17T04:34:15Z</time>
      </trkpt>
      <trkpt lat="47.359974" lon="8.56367">
        <ele>434</ele>
        <time>2024-05-17T04:44:15Z</time>
      </trkpt>
      <trkpt lat="47.359974" lon="8.56367">
        <ele>434</ele>
        <time>2024-05-17T04:54:15Z</time>
      </trkpt>
      <trkpt lat="47.359974" lon="8.56367">
        <ele>434</ele>
        <time>2024-05-17T05:04:15Z</time>
      </trkpt>
      <trkpt lat="47.359974" lon="8.56367">
        <ele>434</ele>
        <time>2024-05-17T05:14:15Z</time>
      </trkpt>
      <trkpt lat="47.359974" lon="8.56367">
        <ele>434</ele>
        <time>2024-05-17T05:24:15Z</time>
      </trkpt>
      <trkpt lat="47.359974" lon="8.56367">
        <ele>434</ele>
        <time>2024-05-17T05:34:15Z</time>
      </trkpt>
      <trkpt lat="47.359974" lon="8.56367">
        <ele>434</ele>
        <time>2024-05-17T05:44:15Z</time>
      </trkpt>
      <trkpt lat="47.359974" lon="8.56367">
        <ele>434</ele>
        <time>2024-05-17T05:54:15Z</time>
      </trkpt>
      <trkpt lat="47.359974" lon="8.56367">
        <ele>434</ele>
        <time>2024-05-17T06:04:15Z</time>
      </trkpt>
      <trkpt lat="47.359974" lon="8.56367">
        <ele>434</ele>
        <time>2024-05-17T06:14:15Z</time>
      </trkpt>
      <trkpt lat="47.359974" lon="8.56367">
        <ele>434</ele>
        <time>2024-05-17T06:24:15Z</time>
      </trkpt>
      <trkpt lat="47.359974" lon="8.56367">
        <ele>434</ele>
        <time>2024-05-17T06:34:15Z</time>
      </trkpt>
      <trkpt lat="47.359974" lon="8.56367">
        <ele>434</ele>
        <time>2024-05-17T06:44:15Z</time>
      </trkpt>
      <trkpt lat="47.359974" lon="8.56367">
        <ele>434</ele>
        <time>2024-05-17T06:54:15Z</time>
      </trkpt>
      <trkpt lat="47.359974" lon="8.56367">
        <ele>434</ele>
        <time>2024-05-17T07:04:15Z</time>
      </trkpt>
      <trkpt lat="47.359974" lon="8.56367">
        <ele>434</ele>
        <time>2024-05-17T07:14:15Z</time>
      </trkpt>
      <trkpt lat="47.359974" lon="8.56367">
        <ele>434</ele>
        <time>2024-05-17T07:24:15Z</time>
      </trkpt>
      <trkpt lat="47.359974" lon="8.56367">
        <ele>434</ele>
        <time>2024-05-17T07:34:15Z</time>
      </trkpt>
      <trkpt lat="47.359974" lon="8.56367">
        <ele>434</ele>
        <time>2024-05-17T07:44:15Z</time>
      </trkpt>
      <trkpt lat="47.359974" lon="8.56367">
        <ele>434</ele>
        <time>2024-05-17T07:54:15Z</time>
      </trkpt>
      <trkpt lat="47.359974" lon="8.56367">
        <ele>434</ele>
        <time>2024-05-17T08:04:15Z</time>
      </trkpt>
      <trkpt lat="47.359974" lon="8.56367">
        <ele>434</ele>
        <time>2024-05-17T08:14:15Z</time>
      </trkpt>
      <trkpt lat="47.359974" lon="8.56367">
        <ele>434</ele>
        <time>2024-05-17T08:24:15Z</time>
      </trkpt>
      <trkpt lat="47.359974" lon="8.56367">
        <ele>434</ele>
        <time>2024-05-17T08:34:15Z</time>
      </trkpt>
      <trkpt lat="47.359974" lon="8.56367">
        <ele>434</ele>
        <time>2024-05-17T08:44:15Z</time>
      </trkpt>
      <trkpt lat="47.359974" lon="8.56367">
        <ele>434</ele>
        <time>2024-05-17T08:54:15Z</time>
      </trkpt>
      <trkpt lat="47.359974" lon="8.56367">
        <ele>434</ele>
        <time>2024-05-17T09:04:15Z</time>
      </trkpt>
      <trkpt lat="47.359974" lon="8.56367">
        <ele>434</ele>
        <time>2024-05-17T09:14:15Z</time>
      </trkpt>
      <trkpt lat="47.359974" lon="8.56367">
        <ele>434</ele>
        <time>2024-05-17T09:24:15Z</time>
      </trkpt>
      <trkpt lat="47.359974" lon="8.56367">
        <ele>434</ele>
        <time>2024-05-17T09:34:15Z</time>
      </trkpt>
      <trkpt lat="47.359974" lon="8.56367">
        <ele>434</ele>
        <time>2024-05-17T09:44:15Z</time>
      </trkpt>
      <trkpt lat="47.359974" lon="8.56367">
        <ele>434</ele>
        <time>2024-05-17T09:54:15Z</time>
      </trkpt>
      <trkpt lat="47.359974" lon="8.56367">
        <ele>434</ele>
        <time>2024-05-17T10:04:15Z</time>
      </trkpt>
      <trkpt lat="47.359974" lon="8.56367">
        <ele>434</ele>
        <time>2024-05-17T10:14:15Z</time>
      </trkpt>
      <trkpt lat="47.359974" lon="8.56367">
        <ele>434</ele>
        <time>2024-05-17T10:24:15Z</time>
      </trkpt>
      <trkpt lat="47.359974" lon="8.56367">
        <ele>434</ele>
        <time>2024-05-17T10:34:15Z</time>
      </trkpt>
      <trkpt lat="47.359974" lon="8.56367">
        <ele>434</ele>
        <time>2024-05-17T10:44:15Z</time>
      </trkpt>
      <trkpt lat="47.359974" lon="8.56367">
        <ele>434</ele>
        <time>2024-05-17T10:54:15Z</time>
      </trkpt>
      <trkpt lat="47.359974" lon="8.56367">
        <ele>434</ele>
        <time>2024-05-17T11:04:15Z</time>
      </trkpt>
      <trkpt lat="47.359974" lon="8.56367">
        <ele>434</ele>
        <time>2024-05-17T11:14:15Z</time>
      </trkpt>
      <trkpt lat="47.359974" lon="8.56367">
        <ele>434</ele>
        <time>2024-05-17T11:24:15Z</time>
      </trkpt>
      <trkpt lat="47.359974" lon="8.56367">
        <ele>434</ele>
        <time>2024-05-17T11:34:15Z</time>
      </trkpt>
      <trkpt lat="47.359974" lon="8.56367">
        <ele>434</ele>
        <time>2024-05-17T11:44:15Z</time>
      </trkpt>
      <trkpt lat="47.359974" lon="8.56367">
        <ele>434</ele>
        <time>2024-05-17T11:54:15Z</time>
      </trkpt>
      <trkpt lat="47.359974" lon="8.56367">
        <ele>434</ele>
        <time>2024-05-17T12:04:15Z</time>
      </trkpt>
      <trkpt lat="47.359974" lon="8.56367">
        <ele>434</ele>
        <time>2024-05-17T12:14:15Z</time>
      </trkpt>
      <trkpt lat="47.359974" lon="8.56367">
        <ele>434</ele>
        <time>2024-05-17T12:24:15Z</time>
      </trkpt>
      <trkpt lat="47.359974" lon="8.56367">
        <ele>434</ele>
        <time>2024-05-17T12:34:15Z</time>
      </trkpt>
      <trkpt lat="47.359974" lon="8.56367">
        <ele>434</ele>
        <time>2024-05-17T12:44:15Z</time>
      </trkpt>
      <trkpt lat="47.359974" lon="8.56367">
        <ele>434</ele>
        <time>2024-05-17T12:54:15Z</time>
      </trkpt>
      <trkpt lat="47.359974" lon="8.56367">
        <ele>434</ele>
        <time>2024-05-17T13:04:15Z</time>
      </trkpt>
      <trkpt lat="47.359974" lon="8.56367">
        <ele>434</ele>
        <time>2024-05-17T13:14:15Z</time>
      </trkpt>
      <trkpt lat="47.359974" lon="8.56367">
        <ele>434</ele>
        <time>2024-05-17T13:24:15Z</time>
      </trkpt>
      <trkpt lat="47.359974" lon="8.56367">
        <ele>434</ele>
        <time>2024-05-17T13:34:15Z</time>
      </trkpt>
      <trkpt lat="47.359974" lon="8.56367">
        <ele>434</ele>
        <time>2024-05-17T13:44:15Z</time>
      </trkpt>
      <trkpt lat="47.359974" lon="8.56367">
        <ele>434</ele>
        <time>2024-05-17T13:54:15Z</time>
      </trkpt>
      <trkpt lat="47.359974" lon="8.56367">
        <ele>434</ele>
        <time>2024-05-17T14:04:15Z</time>
      </trkpt>
      <trkpt lat="47.359974" lon="8.56367">
        <ele>434</ele>
        <time>2024-05-17T14:14:15Z</time>
      </trkpt>
      <trkpt lat="47.359974" lon="8.56367">
        <ele>434</ele>
        <time>2024-05-17T14:24:15Z</time>
      </trkpt>
      <trkpt lat="47.359974" lon="8.56367">
        <ele>434</ele>
        <time>2024-05-17T14:34:15Z</time>
      </trkpt>
      <trkpt lat="47.359974" lon="8.56367">
        <ele>434</ele>
        <time>2024-05-17T14:44:15Z</time>
      </trkpt>
      <trkpt lat="47.359974" lon="8.56367">
        <ele>434</ele>
        <time>2024-05-17T14:54:15Z</time>
      </trkpt>
      <trkpt lat="47.359974" lon="8.56367">
        <ele>434</ele>
        <time>2024-05-17T15:04:15Z</time>
      </trkpt>
      <trkpt lat="47.359974" lon="8.56367">
        <ele>434</ele>
        <time>2024-05-17T15:14:15Z</time>
      </trkpt>
      <trkpt lat="47.359974" lon="8.56367">
        <ele>434</ele>
        <time>2024-05-17T15:24:15Z</time>
      </trkpt>
      <trkpt lat="47.359974" lon="8.56367">
        <ele>434</ele>
        <time>2024-05-17T15:34:15Z</time>
      </trkpt>
      <trkpt lat="47.359974" lon="8.56367">
        <ele>434</ele>
        <time>2024-05-17T15:44:15Z</time>
      </trkpt>
      <trkpt lat="47.359974" lon="8.56367">
        <ele>434</ele>
        <time>2024-05-17T15:54:15Z</time>
      </trkpt>
      <trkpt lat="47.359974" lon="8.56367">
        <ele>434</ele>
        <time>2024-05-17T16:04:15Z</time>
      </trkpt>
      <trkpt lat="47.359974" lon="8.56367">
        <ele>434</ele>
        <time>2024-05-17T16:14:15Z</time>
      </trkpt>
      <trkpt lat="47.359974" lon="8.56367">
        <ele>434</ele>
        <time>2024-05-17T16:24:15Z</time>
      </trkpt>
      <trkpt lat="47.359974" lon="8.56367">
        <ele>434</ele>
        <time>2024-05-17T16:34:15Z</time>
      </trkpt>
      <trkpt lat="47.359974" lon="8.56367">
        <ele>434</ele>
        <time>2024-05-17T16:44:15Z</time>
      </trkpt>
      <trkpt lat="47.359974" lon="8.56367">
        <ele>434</ele>
        <time>2024-05-17T16:54:15Z</time>
      </trkpt>
      <trkpt lat="47.359974" lon="8.56367">
        <ele>434</ele>
        <time>2024-05-17T17:04:15Z</time>
      </trkpt>
      <trkpt lat="47.359974" lon="8.56367">
        <ele>434</ele>
        <time>2024-05-17T17:14:15Z</time>
      </trkpt>
      <trkpt lat="47.359974" lon="8.56367">
        <ele>434</ele>
        <time>2024-05-17T17:24:15Z</time>
      </trkpt>
      <trkpt lat="47.359974" lon="8.56367">
        <ele>434</ele>
        <time>2024-05-17T17:34:15Z</time>
      </trkpt>
      <trkpt lat="47.359974" lon="8.56367">
        <ele>434</ele>
        <time>2024-05-17T17:44:15Z</time>
      </trkpt>
      <trkpt lat="47.359974" lon="8.56367">
        <ele>434</ele>
        <time>2024-05-17T17:54:15Z</time>
      </trkpt>
      <trkpt lat="47.359974" lon="8.56367">
        <ele>434</ele>
        <time>2024-05-17T18:04:15Z</time>
      </trkpt>
      <trkpt lat="47.359974" lon="8.56367">
        <ele>434</ele>
        <time>2024-05-17T18:14:15Z</time>
      </trkpt>
      <trkpt lat="47.359974" lon="8.56367">
        <ele>434</ele>
        <time>2024-05-17T18:24:15Z</time>
      </trkpt>
      <trkpt lat="47.359974" lon="8.56367">
        <ele>434</ele>
        <time>2024-05-17T18:34:15Z</time>
      </trkpt>
      <trkpt lat="47.359974" lon="8.56367">
        <ele>434</ele>
        <time>2024-05-17T18:44:15Z</time>
      </trkpt>
      <trkpt lat="47.359974" lon="8.56367">
        <ele>434</ele>
        <time>2024-05-17T18:54:15Z</time>
      </trkpt>
      <trkpt lat="47.359974" lon="8.56367">
        <ele>434</ele>
        <time>2024-05-17T19:04:15Z</time>
      </trkpt>
      <trkpt lat="47.359974" lon="8.56367">
        <ele>434</ele>
        <time>2024-05-17T19:14:15Z</time>
      </trkpt>
      <trkpt lat="47.359974" lon="8.56367">
        <ele>434</ele>
        <time>2024-05-17T19:24:15Z</time>
      </trkpt>
      <trkpt lat="47.359974" lon="8.56367">
        <ele>434</ele>
        <time>2024-05-17T19:34:15Z</time>
      </trkpt>
      <trkpt lat="47.359974" lon="8.56367">
        <ele>434</ele>
        <time>2024-05-17T19:44:15Z</time>
      </trkpt>
      <trkpt lat="47.359974" lon="8.56367">
        <ele>434</ele>
        <time>2024-05-17T19:54:15Z</time>
      </trkpt>
      <trkpt lat="47.359974" lon="8.56367">
        <ele>434</ele>
        <time>2024-05-17T20:04:15Z</time>
      </trkpt>
      <trkpt lat="47.359974" lon="8.56367">
        <ele>434</ele>
        <time>2024-05-17T20:14:15Z</time>
      </trkpt>
      <trkpt lat="47.359974" lon="8.56367">
        <ele>434</ele>
        <time>2024-05-17T20:24:15Z</time>
      </trkpt>
      <trkpt lat="47.359974" lon="8.56367">
        <ele>434</ele>
        <time>2024-05-17T20:34:15Z</time>
      </trkpt>
      <trkpt lat="47.359974" lon="8.56367">
        <ele>434</ele>
        <time>2024-05-17T20:44:15Z</time>
      </trkpt>
      <trkpt lat="47.359974" lon="8.56367">
        <ele>434</ele>
        <time>2024-05-17T20:54:15Z</time>
      </trkpt>
      <trkpt lat="47.359974" lon="8.56367">
        <ele>434</ele>
        <time>2024-05-17T21:04:15Z</time>
      </trkpt>
      <trkpt lat="47.359974" lon="8.56367">
        <ele>434</ele>
        <time>2024-05-17T21:14:15Z</time>
      </trkpt>
      <trkpt lat="47.359974" lon="8.56367">
        <ele>434</ele>
        <time>2024-05-17T21:24:15Z</time>
      </trkpt>
      <trkpt lat="47.359974" lon="8.56367">
        <ele>434</ele>
        <time>2024-05-17T21:34:15Z</time>
      </trkpt>
      <trkpt lat="47.359974" lon="8.56367">
        <ele>434</ele>
        <time>2024-05-17T21:44:15Z</time>
      </trkpt>
      <trkpt lat="47.359974" lon="8.56367">
        <ele>434</ele>
        <time>2024-05-17T21:54:15Z</time>
      </trkpt>
      <trkpt lat="47.359974" lon="8.56367">
        <ele>434</ele>
        <time>2024-05-17T22:04:15Z</time>
      </trkpt>
      <trkpt lat="47.359974" lon="8.56367">
        <ele>434</ele>
        <time>2024-05-17T22:14:15Z</time>
      </trkpt>
      <trkpt lat="47.359974" lon="8.56367">
        <ele>434</ele>
        <time>2024-05-17T22:24:15Z</time>
      </trkpt>
      <trkpt lat="47.359974" lon="8.56367">
        <ele>434</ele>
        <time>2024-05-17T22:34:15Z</time>
      </trkpt>
      <trkpt lat="47.359974" lon="8.56367">
        <ele>434</ele>
        <time>2024-05-17T22:44:15Z</time>
      </trkpt>
      <trkpt lat="47.359974" lon="8.56367">
        <ele>434</ele>
        <time>2024-05-17T22:54:15Z</time>
      </trkpt>
      <trkpt lat="47.359974" lon="8.56367">
        <ele>434</ele>
        <time>2024-05-17T23:04:15Z</time>
      </trkpt>
      <trkpt lat="47.359974" lon="8.56367">
        <ele>434</ele>
        <time>2024-05-17T23:14:15Z</time>
      </trkpt>
      <trkpt lat="47.359974" lon="8.56367">
        <ele>434</ele>
        <time>2024-05-17T23:24:15Z</time>
      </trkpt>
      <trkpt lat="47.359974" lon="8.56367">
        <ele>434</ele>
        <time>2024-05-17T23:34:15Z</time>
      </trkpt>
      <trkpt lat="47.359974" lon="8.56367">
        <ele>434</ele>
        <time>2024-05-17T23:44:15Z</time>
      </trkpt>
      <trkpt lat="47.359974" lon="8.56367">
        <ele>434</ele>
        <time>2024-05-17T23:54:15Z</time>
      </trkpt>
      <trkpt lat="47.359974" lon="8.56367">
        <ele>434</ele>
        <time>2024-05-18T00:04:15Z</time>
      </trkpt>
      <trkpt lat="47.359974" lon="8.56367">
        <ele>434</ele>
        <time>2024-05-18T00:14:15Z</time>
      </trkpt>
      <trkpt lat="47.359974" lon="8.56367">
        <ele>434</ele>
        <time>2024-05-18T00:24:15Z</time>
      </trkpt>
      <trkpt lat="47.359974" lon="8.56367">
        <ele>434</ele>
        <time>2024-05-18T00:34:15Z</time>
      </trkpt>
      <trkpt lat="47.359974" lon="8.56367">
        <ele>434</ele>
        <time>2024-05-18T00:44:15Z</time>
      </trkpt>
      <trkpt lat="47.359974" lon="8.56367">
        <ele>434</ele>
        <time>2024-05-18T00:54:15Z</time>
      </trkpt>
      <trkpt lat="47.359974" lon="8.56367">
        <ele>434</ele>
        <time>2024-05-18T01:04:15Z</time>
      </trkpt>
      <trkpt lat="47.359974" lon="8.56367">
        <ele>434</ele>
        <time>2024-05-18T01:14:15Z</time>
      </trkpt>
      <trkpt lat="47.359974" lon="8.56367">
        <ele>434</ele>
        <time>2024-05-18T01:24:15Z</time>
      </trkpt>
      <trkpt lat="47.359974" lon="8.56367">
        <ele>434</ele>
        <time>2024-05-18T01:34:15Z</time>
      </trkpt>
      <trkpt lat="47.359974" lon="8.56367">
        <ele>434</ele>
        <time>2024-05-18T01:44:15Z</time>
      </trkpt>
      <trkpt lat="47.359974" lon="8.56367">
        <ele>434</ele>
        <time>2024-05-18T01:54:15Z</time>
      </trkpt>
      <trkpt lat="47.359974" lon="8.56367">
        <ele>434</ele>
        <time>2024-05-18T02:04:15Z</time>
      </trkpt>
      <trkpt lat="47.359974" lon="8.56367">
        <ele>434</ele>
        <time>2024-05-18T02:14:15Z</time>
      </trkpt>
      <trkpt lat="47.359974" lon="8.56367">
        <ele>434</ele>
        <time>2024-05-18T02:24:15Z</time>
      </trkpt>
      <trkpt lat="47.359974" lon="8.56367">
        <ele>434</ele>
        <time>2024-05-18T02:34:15Z</time>
      </trkpt>
      <trkpt lat="47.359974" lon="8.56367">
        <ele>434</ele>
        <time>2024-05-18T02:44:15Z</time>
      </trkpt>
      <trkpt lat="47.359974" lon="8.56367">
        <ele>434</ele>
        <time>2024-05-18T02:54:15Z</time>
      </trkpt>
      <trkpt lat="47.359974" lon="8.56367">
        <ele>434</ele>
        <time>2024-05-18T03:04:15Z</time>
      </trkpt>
      <trkpt lat="47.359974" lon="8.56367">
        <ele>434</ele>
        <time>2024-05-18T03:14:15Z</time>
      </trkpt>
      <trkpt lat="47.359974" lon="8.56367">
        <ele>434</ele>
        <time>2024-05-18T03:24:15Z</time>
      </trkpt>
      <trkpt lat="47.359974" lon="8.56367">
        <ele>434</ele>
        <time>2024-05-18T03:34:15Z</time>
      </trkpt>
      <trkpt lat="47.359974" lon="8.56367">
        <ele>434</ele>
        <time>2024-05-18T03:44:15Z</time>
      </trkpt>
      <trkpt lat="47.359974" lon="8.56367">
        <ele>434</ele>
        <time>2024-05-18T03:54:15Z</time>
      </trkpt>
      <trkpt lat="47.359974" lon="8.56367">
        <ele>434</ele>
        <time>2024-05-18T04:04:15Z</time>
      </trkpt>
      <trkpt lat="47.359974" lon="8.56367">
        <ele>434</ele>
        <time>2024-05-18T04:14:15Z</time>
      </trkpt>
      <trkpt lat="47.359974" lon="8.56367">
        <ele>434</ele>
        <time>2024-05-18T04:24:15Z</time>
      </trkpt>
      <trkpt lat="47.359974" lon="8.56367">
        <ele>434</ele>
        <time>2024-05-18T04:34:15Z</time>
      </trkpt>
      <trkpt lat="47.359974" lon="8.56367">
        <ele>434</ele>
        <time>2024-05-18T04:44:15Z</time>
      </trkpt>
      <trkpt lat="47.359974" lon="8.56367">
        <ele>434</ele>
        <time>2024-05-18T04:54:15Z</time>
      </trkpt>
      <trkpt lat="47.359974" lon="8.56367">
        <ele>434</ele>
        <time>2024-05-18T05:04:15Z</time>
      </trkpt>
      <trkpt lat="47.359974" lon="8.56367">
        <ele>434</ele>
        <time>2024-05-18T05:14:15Z</time>
      </trkpt>
      <trkpt lat="47.359974" lon="8.56367">
        <ele>434</ele>
        <time>2024-05-18T05:24:15Z</time>
      </trkpt>
      <trkpt lat="47.359974" lon="8.56367">
        <ele>434</ele>
        <time>2024-05-18T05:34:15Z</time>
      </trkpt>
      <trkpt lat="47.359974" lon="8.56367">
        <ele>434</ele>
        <time>2024-05-18T05:44:15Z</time>
      </trkpt>
      <trkpt lat="47.359974" lon="8.56367">
        <ele>434</ele>
        <time>2024-05-18T05:54:15Z</time>
      </trkpt>
      <trkpt lat="47.359974" lon="8.56367">
        <ele>434</ele>
        <time>2024-05-18T06:04:15Z</time>
      </trkpt>
      <trkpt lat="47.359974" lon="8.56367">
        <ele>434</ele>
        <time>2024-05-18T06:14:15Z</time>
      </trkpt>
      <trkpt lat="47.359974" lon="8.56367">
        <ele>434</ele>
        <time>2024-05-18T06:24:15Z</time>
      </trkpt>
      <trkpt lat="47.359974" lon="8.56367">
        <ele>434</ele>
        <time>2024-05-18T06:34:15Z</time>
      </trkpt>
      <trkpt lat="47.359974" lon="8.56367">
        <ele>434</ele>
        <time>2024-05-18T06:44:15Z</time>
      </trkpt>
      <trkpt lat="47.359974" lon="8.56367">
        <ele>434</ele>
        <time>2024-05-18T06:54:15Z</time>
      </trkpt>
      <trkpt lat="47.359974" lon="8.56367">
        <ele>434</ele>
        <time>2024-05-18T07:04:15Z</time>
      </trkpt>
      <trkpt lat="47.359974" lon="8.56367">
        <ele>434</ele>
        <time>2024-05-18T07:14:15Z</time>
      </trkpt>
      <trkpt lat="47.359974" lon="8.56367">
        <ele>434</ele>
        <time>2024-05-18T07:24:15Z</time>
      </trkpt>
      <trkpt lat="47.359974" lon="8.56367">
        <ele>434</ele>
        <time>2024-05-18T07:34:15Z</time>
      </trkpt>
      <trkpt lat="47.359974" lon="8.56367">
        <ele>434</ele>
        <time>2024-05-18T07:44:15Z</time>
      </trkpt>
      <trkpt lat="47.359974" lon="8.56367">
        <ele>434</ele>
        <time>2024-05-18T07:54:15Z</time>
      </trkpt>
      <trkpt lat="47.359974" lon="8.56367">
        <ele>434</ele>
        <time>2024-05-18T08:04:15Z</time>
      </trkpt>
      <trkpt lat="47.359974" lon="8.56367">
        <ele>434</ele>
        <time>2024-05-18T08:14:15Z</time>
      </trkpt>
      <trkpt lat="47.359974" lon="8.56367">
        <ele>434</ele>
        <time>2024-05-18T08:24:15Z</time>
      </trkpt>
      <trkpt lat="47.359974" lon="8.56367">
        <ele>434</ele>
        <time>2024-05-18T08:34:15Z</time>
      </trkpt>
      <trkpt lat="47.359974" lon="8.56367">
        <ele>434</ele>
        <time>2024-05-18T08:42:14Z</time>
      </trkpt>
      <trkpt lat="47.359974" lon="8.56367">
        <ele>434</ele>
        <time>2024-05-18T20:42:14Z</time>
      </trkpt>
      <trkpt lat="47.359749" lon="8.56319">
        <ele>393</ele>
        <time>2024-05-19T06:17:33Z</time>
        <cmt>speed: 0.1</cmt>
      </trkpt>
      <trkpt lat="47.358959" lon="8.56133">
        <ele>411</ele>
        <time>2024-05-19T06:27:03Z</time>
        <cmt>speed: 0.9</cmt>
      </trkpt>
      <trkpt lat="47.35837" lon="8.561122">
        <ele>448</ele>
        <time>2024-05-19T06:37:10Z</time>
        <cmt>speed: 0.2</cmt>
      </trkpt>
      <trkpt lat="47.358585" lon="8.56118">
        <ele>399</ele>
        <time>2024-05-19T06:46:58Z</time>
        <cmt>speed: 0.4</cmt>
      </trkpt>
      <trkpt lat="47.359199" lon="8.560918">
        <ele>483</ele>
        <time>2024-05-19T06:56:59Z</time>
        <cmt>speed: 0.1</cmt>
      </trkpt>
      <trkpt lat="47.359199" lon="8.560918">
        <ele>483</ele>
        <time>2024-05-19T06:57:10Z</time>
      </trkpt>
      <trkpt lat="47.358941" lon="8.560889">
        <ele>403</ele>
        <time>2024-05-19T07:07:02Z</time>
        <cmt>speed: 0.2</cmt>
      </trkpt>
      <trkpt lat="47.358433" lon="8.560668">
        <ele>455</ele>
        <time>2024-05-19T07:17:30Z</time>
        <cmt>speed: 0.2</cmt>
      </trkpt>
      <trkpt lat="47.358433" lon="8.560668">
        <ele>455</ele>
        <time>2024-05-19T07:17:30Z</time>
      </trkpt>
      <trkpt lat="47.359266" lon="8.560932">
        <ele>472</ele>
        <time>2024-05-19T07:47:03Z</time>
        <cmt>speed: 0.1</cmt>
      </trkpt>
      <trkpt lat="47.358954" lon="8.560939">
        <ele>414</ele>
        <time>2024-05-19T07:57:04Z</time>
        <cmt>speed: 0.0</cmt>
      </trkpt>
      <trkpt lat="47.358954" lon="8.560939">
        <ele>414</ele>
        <time>2024-05-19T07:57:10Z</time>
      </trkpt>
      <trkpt lat="47.358739" lon="8.560508">
        <ele>453</ele>
        <time>2024-05-19T08:36:59Z</time>
        <cmt>speed: 0.8</cmt>
      </trkpt>
      <trkpt lat="47.358739" lon="8.560508">
        <ele>453</ele>
        <time>2024-05-19T08:37:10Z</time>
      </trkpt>
      <trkpt lat="47.359009" lon="8.560784">
        <ele>443</ele>
        <time>2024-05-19T08:47:00Z</time>
        <cmt>speed: 0.5</cmt>
      </trkpt>
      <trkpt lat="47.359061" lon="8.560931">
        <ele>483</ele>
        <time>2024-05-19T08:57:01Z</time>
        <cmt>speed: 0.5</cmt>
      </trkpt>
      <trkpt lat="47.359061" lon="8.560931">
        <ele>483</ele>
        <time>2024-05-19T08:57:10Z</time>
      </trkpt>
      <trkpt lat="47.359089" lon="8.560896">
        <ele>454</ele>
        <time>2024-05-19T09:07:02Z</time>
        <cmt>speed: 0.1</cmt>
      </trkpt>
      <trkpt lat="47.358823" lon="8.560888">
        <ele>464</ele>
        <time>2024-05-19T09:27:27Z</time>
        <cmt>speed: 0.9</cmt>
      </trkpt>
      <trkpt lat="47.359115" lon="8.560531">
        <ele>445</ele>
        <time>2024-05-19T09:57:03Z</time>
        <cmt>speed: 0.1</cmt>
      </trkpt>
      <trkpt lat="47.359115" lon="8.560531">
        <ele>445</ele>
        <time>2024-05-19T09:57:10Z</time>
      </trkpt>
      <trkpt lat="47.359361" lon="8.560818">
        <ele>433</ele>
        <time>2024-05-19T10:07:10Z</time>
        <cmt>speed: 0.3</cmt>
      </trkpt>
      <trkpt lat="47.359378" lon="8.560073">
        <ele>437</ele>
        <time>2024-05-19T10:17:02Z</time>
        <cmt>speed: 0.1</cmt>
      </trkpt>
      <trkpt lat="47.359178" lon="8.559439">
        <ele>470</ele>
        <time>2024-05-19T10:27:01Z</time>
        <cmt>speed: 0.4</cmt>
      </trkpt>
      <trkpt lat="47.358671" lon="8.55943">
        <ele>443</ele>
        <time>2024-05-19T10:37:00Z</time>
        <cmt>speed: 0.4</cmt>
      </trkpt>
      <trkpt lat="47.357982" lon="8.5598">
        <ele>451</ele>
        <time>2024-05-19T10:47:01Z</time>
        <cmt>speed: 0.3</cmt>
      </trkpt>
      <trkpt lat="47.357762" lon="8.559969">
        <ele>465</ele>
        <time>2024-05-19T10:57:00Z</time>
        <cmt>speed: 0.2</cmt>
      </trkpt>
      <trkpt lat="47.357767" lon="8.560471">
        <ele>442</ele>
        <time>2024-05-19T11:07:02Z</time>
        <cmt>speed: 0.2</cmt>
      </trkpt>
      <trkpt lat="47.357767" lon="8.560471">
        <ele>442</ele>
        <time>2024-05-19T11:17:08Z</time>
      </trkpt>
      <trkpt lat="47.357813" lon="8.560516">
        <ele>413</ele>
        <time>2024-05-19T11:17:09Z</time>
        <cmt>speed: 0.1</cmt>
      </trkpt>
      <trkpt lat="47.357778" lon="8.560558">
        <ele>457</ele>
        <time>2024-05-19T11:27:01Z</time>
        <cmt>speed: 0.0</cmt>
      </trkpt>
      <trkpt lat="47.357778" lon="8.560558">
        <ele>457</ele>
        <time>2024-05-19T11:37:05Z</time>
      </trkpt>
      <trkpt lat="47.357784" lon="8.560557">
        <ele>428</ele>
        <time>2024-05-19T11:37:06Z</time>
        <cmt>speed: 0.7</cmt>
      </trkpt>
      <trkpt lat="47.357755" lon="8.561181">
        <ele>462</ele>
        <time>2024-05-19T11:47:05Z</time>
        <cmt>speed: 0.2</cmt>
      </trkpt>
      <trkpt lat="47.357755" lon="8.561181">
        <ele>462</ele>
        <time>2024-05-19T11:57:04Z</time>
      </trkpt>
      <trkpt lat="47.357572" lon="8.561466">
        <ele>455</ele>
        <time>2024-05-19T11:57:05Z</time>
        <cmt>speed: 0.5</cmt>
      </trkpt>
      <trkpt lat="47.358131" lon="8.562292">
        <ele>473</ele>
        <time>2024-05-19T12:06:59Z</time>
        <cmt>speed: 0.7</cmt>
      </trkpt>
      <trkpt lat="47.357419" lon="8.563074">
        <ele>458</ele>
        <time>2024-05-19T12:16:59Z</time>
        <cmt>speed: 0.1</cmt>
      </trkpt>
      <trkpt lat="47.356806" lon="8.563489">
        <ele>422</ele>
        <time>2024-05-19T12:27:01Z</time>
        <cmt>speed: 0.0</cmt>
      </trkpt>
      <trkpt lat="47.356874" lon="8.563368">
        <ele>441</ele>
        <time>2024-05-19T12:37:01Z</time>
        <cmt>speed: 0.0</cmt>
      </trkpt>
      <trkpt lat="47.356891" lon="8.563456">
        <ele>446</ele>
        <time>2024-05-19T12:47:01Z</time>
        <cmt>speed: 0.1</cmt>
      </trkpt>
      <trkpt lat="47.356891" lon="8.563456">
        <ele>446</ele>
        <time>2024-05-19T12:57:21Z</time>
      </trkpt>
      <trkpt lat="47.356845" lon="8.563324">
        <ele>456</ele>
        <time>2024-05-19T12:57:22Z</time>
        <cmt>speed: 0.1</cmt>
      </trkpt>
      <trkpt lat="47.356963" lon="8.563432">
        <ele>404</ele>
        <time>2024-05-19T13:07:14Z</time>
        <cmt>speed: 0.4</cmt>
      </trkpt>
      <trkpt lat="47.356963" lon="8.563432">
        <ele>404</ele>
        <time>2024-05-19T13:37:00Z</time>
      </trkpt>
      <trkpt lat="47.356937" lon="8.563204">
        <ele>427</ele>
        <time>2024-05-19T13:37:01Z</time>
        <cmt>speed: 0.5</cmt>
      </trkpt>
      <trkpt lat="47.356833" lon="8.56333">
        <ele>447</ele>
        <time>2024-05-19T13:47:03Z</time>
        <cmt>speed: 0.3</cmt>
      </trkpt>
      <trkpt lat="47.356953" lon="8.563252">
        <ele>442</ele>
        <time>2024-05-19T14:07:02Z</time>
        <cmt>speed: 0.0</cmt>
      </trkpt>
      <trkpt lat="47.356953" lon="8.563252">
        <ele>442</ele>
        <time>2024-05-19T14:16:59Z</time>
      </trkpt>
      <trkpt lat="47.356885" lon="8.563241">
        <ele>430</ele>
        <time>2024-05-19T14:17:00Z</time>
        <cmt>speed: 0.2</cmt>
      </trkpt>
      <trkpt lat="47.356885" lon="8.563777">
        <ele>422</ele>
        <time>2024-05-19T14:27:02Z</time>
        <cmt>speed: 0.2</cmt>
      </trkpt>
      <trkpt lat="47.356885" lon="8.563777">
        <ele>422</ele>
        <time>2024-05-19T14:37:00Z</time>
      </trkpt>
      <trkpt lat="47.35716" lon="8.563329">
        <ele>442</ele>
        <time>2024-05-19T14:37:02Z</time>
        <cmt>speed: 0.5</cmt>
      </trkpt>
      <trkpt lat="47.357367" lon="8.563555">
        <ele>421</ele>
        <time>2024-05-19T14:47:00Z</time>
        <cmt>speed: 0.1</cmt>
      </trkpt>
      <trkpt lat="47.35765" lon="8.563214">
        <ele>428</ele>
        <time>2024-05-19T14:57:00Z</time>
        <cmt>speed: 0.2</cmt>
      </trkpt>
      <trkpt lat="47.358787" lon="8.562143">
        <ele>423</ele>
        <time>2024-05-19T15:07:03Z</time>
        <cmt>speed: 0.5</cmt>
      </trkpt>
      <trkpt lat="47.359097" lon="8.562806">
        <ele>472</ele>
        <time>2024-05-19T15:17:03Z</time>
        <cmt>speed: 0.4</cmt>
      </trkpt>
      <trkpt lat="47.358539" lon="8.563275">
        <ele>462</ele>
        <time>2024-05-19T15:26:59Z</time>
        <cmt>speed: 0.5</cmt>
      </trkpt>
      <trkpt lat="47.358264" lon="8.563808">
        <ele>454</ele>
        <time>2024-05-19T15:37:04Z</time>
        <cmt>speed: 0.2</cmt>
      </trkpt>
      <trkpt lat="47.358361" lon="8.563702">
        <ele>462</ele>
        <time>2024-05-19T15:47:04Z</time>
        <cmt>speed: 0.1</cmt>
      </trkpt>
      <trkpt lat="47.358361" lon="8.563702">
        <ele>462</ele>
        <time>2024-05-19T15:57:05Z</time>
      </trkpt>
      <trkpt lat="47.358214" lon="8.563714">
        <ele>462</ele>
        <time>2024-05-19T15:57:07Z</time>
        <cmt>speed: 0.3</cmt>
      </trkpt>
      <trkpt lat="47.358465" lon="8.563857">
        <ele>428</ele>
        <time>2024-05-19T16:07:31Z</time>
        <cmt>speed: 2.3</cmt>
      </trkpt>
      <trkpt lat="47.358465" lon="8.563857">
        <ele>428</ele>
        <time>2024-05-19T16:16:58Z</time>
      </trkpt>
      <trkpt lat="47.358116" lon="8.563548">
        <ele>422</ele>
        <time>2024-05-19T16:19:45Z</time>
        <cmt>speed: 1.5</cmt>
      </trkpt>
      <trkpt lat="47.358422" lon="8.56399">
        <ele>465</ele>
        <time>2024-05-19T16:29:27Z</time>
        <cmt>speed: 0.0</cmt>
      </trkpt>
      <trkpt lat="47.358125" lon="8.563687">
        <ele>474</ele>
        <time>2024-05-19T16:39:27Z</time>
        <cmt>speed: 0.7</cmt>
      </trkpt>
      <trkpt lat="47.358175" lon="8.563724">
        <ele>429</ele>
        <time>2024-05-19T16:49:29Z</time>
        <cmt>speed: 0.3</cmt>
      </trkpt>
      <trkpt lat="47.358175" lon="8.563724">
        <ele>429</ele>
        <time>2024-05-19T16:59:26Z</time>
      </trkpt>
      <trkpt lat="47.358079" lon="8.563877">
        <ele>459</ele>
        <time>2024-05-19T16:59:28Z</time>
        <cmt>speed: 0.0</cmt>
      </trkpt>
      <trkpt lat="47.358431" lon="8.564061">
        <ele>464</ele>
        <time>2024-05-19T17:09:26Z</time>
        <cmt>speed: 0.6</cmt>
      </trkpt>
      <trkpt lat="47.358272" lon="8.564047">
        <ele>436</ele>
        <time>2024-05-19T17:19:28Z</time>
        <cmt>speed: 0.3</cmt>
      </trkpt>
      <trkpt lat="47.358461" lon="8.565012">
        <ele>428</ele>
        <time>2024-05-19T17:29:29Z</time>
        <cmt>speed: 0.3</cmt>
      </trkpt>
      <trkpt lat="47.358653" lon="8.56537">
        <ele>457</ele>
        <time>2024-05-19T17:39:27Z</time>
        <cmt>speed: 1.0</cmt>
      </trkpt>
      <trkpt lat="47.358896" lon="8.564342">
        <ele>436</ele>
        <time>2024-05-19T17:49:29Z</time>
        <cmt>speed: 0.3</cmt>
      </trkpt>
      <trkpt lat="47.359278" lon="8.5623">
        <ele>473</ele>
        <time>2024-05-19T17:59:29Z</time>
        <cmt>speed: 1.5</cmt>
      </trkpt>
      <trkpt lat="47.357773" lon="8.561513">
        <ele>481</ele>
        <time>2024-05-19T18:09:27Z</time>
        <cmt>speed: 0.2</cmt>
      </trkpt>
      <trkpt lat="47.357819" lon="8.562402">
        <ele>437</ele>
        <time>2024-05-19T18:19:30Z</time>
        <cmt>speed: 0.1</cmt>
      </trkpt>
      <trkpt lat="47.358099" lon="8.562455">
        <ele>441</ele>
        <time>2024-05-19T18:29:28Z</time>
        <cmt>speed: 0.9</cmt>
      </trkpt>
      <trkpt lat="47.358786" lon="8.560914">
        <ele>440</ele>
        <time>2024-05-19T18:39:27Z</time>
        <cmt>speed: 0.5</cmt>
      </trkpt>
      <trkpt lat="47.360209" lon="8.561773">
        <ele>463</ele>
        <time>2024-05-19T18:49:38Z</time>
        <cmt>speed: 0.8</cmt>
      </trkpt>
      <trkpt lat="47.360102" lon="8.561469">
        <ele>463</ele>
        <time>2024-05-19T18:59:49Z</time>
        <cmt>speed: 0.4</cmt>
      </trkpt>
      <trkpt lat="47.359974" lon="8.56367">
        <ele>434</ele>
        <time>2024-05-19T19:07:19Z</time>
      </trkpt>
      <trkpt lat="47.359922" lon="8.563581">
        <ele>442</ele>
        <time>2024-05-19T19:12:10Z</time>
        <cmt>speed: 1.0</cmt>
      </trkpt>
      <trkpt lat="47.358497" lon="8.560313">
        <ele>468</ele>
        <time>2024-05-19T19:22:09Z</time>
        <cmt>speed: 0.7</cmt>
      </trkpt>
      <trkpt lat="47.358166" lon="8.561558">
        <ele>436</ele>
        <time>2024-05-19T19:32:09Z</time>
        <cmt>speed: 0.3</cmt>
      </trkpt>
      <trkpt lat="47.35874" lon="8.562348">
        <ele>454</ele>
        <time>2024-05-19T19:42:10Z</time>
        <cmt>speed: 2.3</cmt>
      </trkpt>
      <trkpt lat="47.359" lon="8.562021">
        <ele>388</ele>
        <time>2024-05-19T19:52:09Z</time>
        <cmt>speed: 0.9</cmt>
      </trkpt>
      <trkpt lat="47.358905" lon="8.562307">
        <ele>371</ele>
        <time>2024-05-19T20:02:08Z</time>
        <cmt>speed: 0.7</cmt>
      </trkpt>
      <trkpt lat="47.358764" lon="8.56258">
        <ele>423</ele>
        <time>2024-05-19T20:12:07Z</time>
        <cmt>speed: 0.6</cmt>
      </trkpt>
      <trkpt lat="47.358764" lon="8.56258">
        <ele>423</ele>
        <time>2024-05-19T20:12:07Z</time>
      </trkpt>
      <trkpt lat="47.35869" lon="8.562546">
        <ele>470</ele>
        <time>2024-05-19T20:23:48Z</time>
        <cmt>speed: 0.6</cmt>
      </trkpt>
      <trkpt lat="47.35869" lon="8.562546">
        <ele>470</ele>
        <time>2024-05-19T20:33:47Z</time>
      </trkpt>
      <trkpt lat="47.358789" lon="8.562417">
        <ele>431</ele>
        <time>2024-05-19T20:33:49Z</time>
        <cmt>speed: 0.2</cmt>
      </trkpt>
      <trkpt lat="47.358698" lon="8.562471">
        <ele>439</ele>
        <time>2024-05-19T20:43:52Z</time>
        <cmt>speed: 0.1</cmt>
      </trkpt>
      <trkpt lat="47.35878" lon="8.562333">
        <ele>437</ele>
        <time>2024-05-19T20:53:46Z</time>
        <cmt>speed: 0.3</cmt>
      </trkpt>
      <trkpt lat="47.358417" lon="8.562612">
        <ele>453</ele>
        <time>2024-05-19T21:03:47Z</time>
        <cmt>speed: 0.6</cmt>
      </trkpt>
      <trkpt lat="47.359375" lon="8.562418">
        <ele>452</ele>
        <time>2024-05-19T21:13:47Z</time>
        <cmt>speed: 1.1</cmt>
      </trkpt>
      <trkpt lat="47.358895" lon="8.563986">
        <ele>436</ele>
        <time>2024-05-19T21:23:47Z</time>
        <cmt>speed: 1.1</cmt>
      </trkpt>
      <trkpt lat="47.358895" lon="8.563986">
        <ele>436</ele>
        <time>2024-05-19T21:33:42Z</time>
      </trkpt>
      <trkpt lat="47.358857" lon="8.564766">
        <ele>437</ele>
        <time>2024-05-19T21:33:44Z</time>
        <cmt>speed: 0.4</cmt>
      </trkpt>
      <trkpt lat="47.359028" lon="8.564853">
        <ele>466</ele>
        <time>2024-05-19T21:43:45Z</time>
        <cmt>speed: 0.3</cmt>
      </trkpt>
      <trkpt lat="47.35912" lon="8.563196">
        <ele>447</ele>
        <time>2024-05-19T21:53:47Z</time>
        <cmt>speed: 0.7</cmt>
      </trkpt>
      <trkpt lat="47.357328" lon="8.562033">
        <ele>459</ele>
        <time>2024-05-19T22:04:05Z</time>
        <cmt>speed: 0.9</cmt>
      </trkpt>
      <trkpt lat="47.357583" lon="8.56026">
        <ele>456</ele>
        <time>2024-05-19T22:13:50Z</time>
        <cmt>speed: 0.9</cmt>
      </trkpt>
      <trkpt lat="47.358434" lon="8.560374">
        <ele>447</ele>
        <time>2024-05-19T22:23:45Z</time>
        <cmt>speed: 1.7</cmt>
      </trkpt>
      <trkpt lat="47.359652" lon="8.561284">
        <ele>428</ele>
        <time>2024-05-19T22:33:48Z</time>
        <cmt>speed: 0.6</cmt>
      </trkpt>
      <trkpt lat="47.359963" lon="8.562247">
        <ele>429</ele>
        <time>2024-05-19T22:43:50Z</time>
        <cmt>speed: 0.0</cmt>
      </trkpt>
      <trkpt lat="47.359736" lon="8.562591">
        <ele>432</ele>
        <time>2024-05-19T22:53:49Z</time>
        <cmt>speed: 0.1</cmt>
      </trkpt>
      <trkpt lat="47.359536" lon="8.562775">
        <ele>449</ele>
        <time>2024-05-19T23:03:49Z</time>
        <cmt>speed: 0.2</cmt>
      </trkpt>
      <trkpt lat="47.358918" lon="8.564698">
        <ele>451</ele>
        <time>2024-05-19T23:13:45Z</time>
        <cmt>speed: 0.3</cmt>
      </trkpt>
      <trkpt lat="47.358793" lon="8.564683">
        <ele>434</ele>
        <time>2024-05-19T23:23:46Z</time>
        <cmt>speed: 1.0</cmt>
      </trkpt>
      <trkpt lat="47.358793" lon="8.564683">
        <ele>434</ele>
        <time>2024-05-19T23:33:43Z</time>
      </trkpt>
      <trkpt lat="47.359064" lon="8.564968">
        <ele>452</ele>
        <time>2024-05-19T23:33:46Z</time>
        <cmt>speed: 0.5</cmt>
      </trkpt>
      <trkpt lat="47.35873" lon="8.565503">
        <ele>443</ele>
        <time>2024-05-19T23:43:45Z</time>
        <cmt>speed: 0.1</cmt>
      </trkpt>
      <trkpt lat="47.35665" lon="8.565336">
        <ele>481</ele>
        <time>2024-05-19T23:53:46Z</time>
        <cmt>speed: 1.8</cmt>
      </trkpt>
      <trkpt lat="47.357055" lon="8.564003">
        <ele>420</ele>
        <time>2024-05-20T00:03:45Z</time>
        <cmt>speed: 0.7</cmt>
      </trkpt>
      <trkpt lat="47.357077" lon="8.563945">
        <ele>464</ele>
        <time>2024-05-20T00:13:46Z</time>
        <cmt>speed: 1.5</cmt>
      </trkpt>
      <trkpt lat="47.357168" lon="8.564117">
        <ele>458</ele>
        <time>2024-05-20T00:23:46Z</time>
        <cmt>speed: 0.1</cmt>
      </trkpt>
      <trkpt lat="47.357168" lon="8.564117">
        <ele>458</ele>
        <time>2024-05-20T00:32:07Z</time>
      </trkpt>
      <trkpt lat="47.357144" lon="8.564128">
        <ele>461</ele>
        <time>2024-05-20T00:41:52Z</time>
        <cmt>speed: 0.2</cmt>
      </trkpt>
      <trkpt lat="47.357145" lon="8.564414">
        <ele>472</ele>
        <time>2024-05-20T00:51:52Z</time>
        <cmt>speed: 1.7</cmt>
      </trkpt>
      <trkpt lat="47.357145" lon="8.564414">
        <ele>472</ele>
        <time>2024-05-20T00:52:07Z</time>
      </trkpt>
      <trkpt lat="47.357217" lon="8.564191">
        <ele>470</ele>
        <time>2024-05-20T01:01:51Z</time>
        <cmt>speed: 0.4</cmt>
      </trkpt>
      <trkpt lat="47.357087" lon="8.564092">
        <ele>470</ele>
        <time>2024-05-20T01:11:50Z</time>
        <cmt>speed: 2.4</cmt>
      </trkpt>
      <trkpt lat="47.357146" lon="8.564181">
        <ele>447</ele>
        <time>2024-05-20T01:21:52Z</time>
        <cmt>speed: 0.1</cmt>
      </trkpt>
      <trkpt lat="47.357146" lon="8.564181">
        <ele>447</ele>
        <time>2024-05-20T01:31:48Z</time>
      </trkpt>
      <trkpt lat="47.357086" lon="8.564191">
        <ele>458</ele>
        <time>2024-05-20T01:31:51Z</time>
        <cmt>speed: 0.9</cmt>
      </trkpt>
      <trkpt lat="47.357182" lon="8.564161">
        <ele>456</ele>
        <time>2024-05-20T01:41:50Z</time>
        <cmt>speed: 1.5</cmt>
      </trkpt>
      <trkpt lat="47.357182" lon="8.564161">
        <ele>456</ele>
        <time>2024-05-20T01:51:47Z</time>
      </trkpt>
      <trkpt lat="47.357173" lon="8.564198">
        <ele>472</ele>
        <time>2024-05-20T01:51:50Z</time>
        <cmt>speed: 0.5</cmt>
      </trkpt>
      <trkpt lat="47.357198" lon="8.564179">
        <ele>464</ele>
        <time>2024-05-20T02:01:54Z</time>
        <cmt>speed: 0.1</cmt>
      </trkpt>
      <trkpt lat="47.357198" lon="8.564179">
        <ele>464</ele>
        <time>2024-05-20T02:11:51Z</time>
      </trkpt>
      <trkpt lat="47.357255" lon="8.564183">
        <ele>467</ele>
        <time>2024-05-20T02:11:54Z</time>
        <cmt>speed: 0.2</cmt>
      </trkpt>
      <trkpt lat="47.35722" lon="8.564208">
        <ele>485</ele>
        <time>2024-05-20T02:21:50Z</time>
        <cmt>speed: 0.8</cmt>
      </trkpt>
      <trkpt lat="47.35722" lon="8.564208">
        <ele>485</ele>
        <time>2024-05-20T02:31:47Z</time>
      </trkpt>
      <trkpt lat="47.357156" lon="8.564097">
        <ele>486</ele>
        <time>2024-05-20T02:33:59Z</time>
        <cmt>speed: 0.4</cmt>
      </trkpt>
      <trkpt lat="47.35715" lon="8.564122">
        <ele>450</ele>
        <time>2024-05-20T02:43:59Z</time>
        <cmt>speed: 0.4</cmt>
      </trkpt>
      <trkpt lat="47.35715" lon="8.564122">
        <ele>450</ele>
        <time>2024-05-20T02:53:56Z</time>
      </trkpt>
      <trkpt lat="47.357194" lon="8.564133">
        <ele>444</ele>
        <time>2024-05-20T02:53:59Z</time>
        <cmt>speed: 0.8</cmt>
      </trkpt>
      <trkpt lat="47.357192" lon="8.564116">
        <ele>451</ele>
        <time>2024-05-20T03:04:00Z</time>
        <cmt>speed: 0.6</cmt>
      </trkpt>
      <trkpt lat="47.357192" lon="8.564116">
        <ele>451</ele>
        <time>2024-05-20T03:13:57Z</time>
      </trkpt>
      <trkpt lat="47.357217" lon="8.564087">
        <ele>465</ele>
        <time>2024-05-20T03:14:00Z</time>
        <cmt>speed: 0.1</cmt>
      </trkpt>
      <trkpt lat="47.357165" lon="8.564138">
        <ele>452</ele>
        <time>2024-05-20T03:24:00Z</time>
        <cmt>speed: 0.6</cmt>
      </trkpt>
      <trkpt lat="47.357165" lon="8.564138">
        <ele>452</ele>
        <time>2024-05-20T03:31:47Z</time>
      </trkpt>
      <trkpt lat="47.357193" lon="8.564155">
        <ele>470</ele>
        <time>2024-05-20T03:34:01Z</time>
        <cmt>speed: 0.1</cmt>
      </trkpt>
      <trkpt lat="47.357199" lon="8.564068">
        <ele>466</ele>
        <time>2024-05-20T03:44:01Z</time>
        <cmt>speed: 0.4</cmt>
      </trkpt>
      <trkpt lat="47.357199" lon="8.564068">
        <ele>466</ele>
        <time>2024-05-20T03:53:56Z</time>
      </trkpt>
      <trkpt lat="47.357207" lon="8.564089">
        <ele>451</ele>
        <time>2024-05-20T03:54:00Z</time>
        <cmt>speed: 0.2</cmt>
      </trkpt>
      <trkpt lat="47.357168" lon="8.564151">
        <ele>449</ele>
        <time>2024-05-20T04:03:59Z</time>
        <cmt>speed: 0.1</cmt>
      </trkpt>
      <trkpt lat="47.357168" lon="8.564151">
        <ele>449</ele>
        <time>2024-05-20T04:13:55Z</time>
      </trkpt>
      <trkpt lat="47.357258" lon="8.564043">
        <ele>464</ele>
        <time>2024-05-20T04:13:59Z</time>
        <cmt>speed: 0.3</cmt>
      </trkpt>
      <trkpt lat="47.357102" lon="8.564064">
        <ele>473</ele>
        <time>2024-05-20T04:24:01Z</time>
        <cmt>speed: 0.2</cmt>
      </trkpt>
      <trkpt lat="47.357102" lon="8.564064">
        <ele>473</ele>
        <time>2024-05-20T04:33:59Z</time>
      </trkpt>
      <trkpt lat="47.357196" lon="8.564138">
        <ele>485</ele>
        <time>2024-05-20T04:34:02Z</time>
        <cmt>speed: 2.0</cmt>
      </trkpt>
      <trkpt lat="47.357114" lon="8.564125">
        <ele>458</ele>
        <time>2024-05-20T04:43:59Z</time>
        <cmt>speed: 0.4</cmt>
      </trkpt>
      <trkpt lat="47.357153" lon="8.564047">
        <ele>467</ele>
        <time>2024-05-20T04:53:58Z</time>
        <cmt>speed: 2.8</cmt>
      </trkpt>
      <trkpt lat="47.357202" lon="8.564098">
        <ele>459</ele>
        <time>2024-05-20T05:03:59Z</time>
        <cmt>speed: 0.1</cmt>
      </trkpt>
      <trkpt lat="47.357202" lon="8.564098">
        <ele>459</ele>
        <time>2024-05-20T05:13:55Z</time>
      </trkpt>
      <trkpt lat="47.35713" lon="8.564114">
        <ele>466</ele>
        <time>2024-05-20T05:13:59Z</time>
        <cmt>speed: 0.9</cmt>
      </trkpt>
      <trkpt lat="47.357236" lon="8.564178">
        <ele>462</ele>
        <time>2024-05-20T05:23:59Z</time>
        <cmt>speed: 1.0</cmt>
      </trkpt>
      <trkpt lat="47.357236" lon="8.564178">
        <ele>462</ele>
        <time>2024-05-20T05:33:57Z</time>
      </trkpt>
      <trkpt lat="47.35721" lon="8.564112">
        <ele>450</ele>
        <time>2024-05-20T05:34:01Z</time>
        <cmt>speed: 0.1</cmt>
      </trkpt>
      <trkpt lat="47.35725" lon="8.564166">
        <ele>501</ele>
        <time>2024-05-20T05:43:59Z</time>
        <cmt>speed: 0.0</cmt>
      </trkpt>
      <trkpt lat="47.357212" lon="8.564104">
        <ele>453</ele>
        <time>2024-05-20T05:53:59Z</time>
        <cmt>speed: 0.4</cmt>
      </trkpt>
      <trkpt lat="47.357295" lon="8.564213">
        <ele>496</ele>
        <time>2024-05-20T06:03:59Z</time>
        <cmt>speed: 0.5</cmt>
      </trkpt>
      <trkpt lat="47.357441" lon="8.564113">
        <ele>436</ele>
        <time>2024-05-20T06:13:59Z</time>
        <cmt>speed: 1.5</cmt>
      </trkpt>
      <trkpt lat="47.357499" lon="8.562995">
        <ele>441</ele>
        <time>2024-05-20T06:24:04Z</time>
        <cmt>speed: 1.5</cmt>
      </trkpt>
      <trkpt lat="47.358658" lon="8.561997">
        <ele>467</ele>
        <time>2024-05-20T06:34:03Z</time>
        <cmt>speed: 0.4</cmt>
      </trkpt>
      <trkpt lat="47.359165" lon="8.560584">
        <ele>444</ele>
        <time>2024-05-20T06:44:00Z</time>
        <cmt>speed: 0.2</cmt>
      </trkpt>
      <trkpt lat="47.358582" lon="8.560016">
        <ele>447</ele>
        <time>2024-05-20T06:53:58Z</time>
        <cmt>speed: 0.7</cmt>
      </trkpt>
      <trkpt lat="47.358473" lon="8.560009">
        <ele>423</ele>
        <time>2024-05-20T07:03:59Z</time>
        <cmt>speed: 0.5</cmt>
      </trkpt>
      <trkpt lat="47.35856" lon="8.560116">
        <ele>449</ele>
        <time>2024-05-20T07:13:59Z</time>
        <cmt>speed: 0.4</cmt>
      </trkpt>
      <trkpt lat="47.358988" lon="8.561308">
        <ele>436</ele>
        <time>2024-05-20T07:24:01Z</time>
        <cmt>speed: 0.7</cmt>
      </trkpt>
      <trkpt lat="47.358988" lon="8.561308">
        <ele>436</ele>
        <time>2024-05-20T07:34:15Z</time>
      </trkpt>
      <trkpt lat="47.358785" lon="8.561122">
        <ele>461</ele>
        <time>2024-05-20T07:34:19Z</time>
        <cmt>speed: 1.0</cmt>
      </trkpt>
      <trkpt lat="47.358957" lon="8.561045">
        <ele>416</ele>
        <time>2024-05-20T07:44:21Z</time>
        <cmt>speed: 0.3</cmt>
      </trkpt>
      <trkpt lat="47.358957" lon="8.561045">
        <ele>416</ele>
        <time>2024-05-20T07:53:59Z</time>
      </trkpt>
      <trkpt lat="47.358826" lon="8.561322">
        <ele>437</ele>
        <time>2024-05-20T07:54:03Z</time>
        <cmt>speed: 0.0</cmt>
      </trkpt>
      <trkpt lat="47.358914" lon="8.561215">
        <ele>434</ele>
        <time>2024-05-20T08:04:03Z</time>
        <cmt>speed: 0.5</cmt>
      </trkpt>
      <trkpt lat="47.358911" lon="8.561299">
        <ele>422</ele>
        <time>2024-05-20T08:14:03Z</time>
        <cmt>speed: 0.1</cmt>
      </trkpt>
      <trkpt lat="47.358687" lon="8.561037">
        <ele>471</ele>
        <time>2024-05-20T08:24:11Z</time>
        <cmt>speed: 0.2</cmt>
      </trkpt>
      <trkpt lat="47.358687" lon="8.561037">
        <ele>471</ele>
        <time>2024-05-20T08:31:47Z</time>
      </trkpt>
      <trkpt lat="47.358962" lon="8.561101">
        <ele>445</ele>
        <time>2024-05-20T08:34:29Z</time>
        <cmt>speed: 0.0</cmt>
      </trkpt>
      <trkpt lat="47.358877" lon="8.560971">
        <ele>454</ele>
        <time>2024-05-20T08:44:00Z</time>
        <cmt>speed: 0.1</cmt>
      </trkpt>
      <trkpt lat="47.358877" lon="8.560971">
        <ele>454</ele>
        <time>2024-05-20T08:54:30Z</time>
      </trkpt>
      <trkpt lat="47.358952" lon="8.561084">
        <ele>443</ele>
        <time>2024-05-20T08:54:34Z</time>
        <cmt>speed: 0.3</cmt>
      </trkpt>
      <trkpt lat="47.358998" lon="8.561085">
        <ele>404</ele>
        <time>2024-05-20T09:04:01Z</time>
        <cmt>speed: 0.3</cmt>
      </trkpt>
      <trkpt lat="47.358998" lon="8.561085">
        <ele>404</ele>
        <time>2024-05-20T09:13:59Z</time>
      </trkpt>
      <trkpt lat="47.358725" lon="8.561136">
        <ele>432</ele>
        <time>2024-05-20T09:14:04Z</time>
        <cmt>speed: 0.3</cmt>
      </trkpt>
      <trkpt lat="47.358555" lon="8.561188">
        <ele>474</ele>
        <time>2024-05-20T09:24:05Z</time>
        <cmt>speed: 0.5</cmt>
      </trkpt>
      <trkpt lat="47.358555" lon="8.561188">
        <ele>474</ele>
        <time>2024-05-20T09:31:47Z</time>
      </trkpt>
      <trkpt lat="47.358998" lon="8.561089">
        <ele>439</ele>
        <time>2024-05-20T09:34:03Z</time>
        <cmt>speed: 0.3</cmt>
      </trkpt>
      <trkpt lat="47.358737" lon="8.560908">
        <ele>484</ele>
        <time>2024-05-20T09:44:00Z</time>
        <cmt>speed: 0.0</cmt>
      </trkpt>
      <trkpt lat="47.358857" lon="8.561017">
        <ele>469</ele>
        <time>2024-05-20T09:54:00Z</time>
        <cmt>speed: 1.0</cmt>
      </trkpt>
      <trkpt lat="47.359207" lon="8.561141">
        <ele>460</ele>
        <time>2024-05-20T10:04:04Z</time>
        <cmt>speed: 0.1</cmt>
      </trkpt>
      <trkpt lat="47.358523" lon="8.562424">
        <ele>474</ele>
        <time>2024-05-20T10:14:01Z</time>
        <cmt>speed: 0.0</cmt>
      </trkpt>
      <trkpt lat="47.358508" lon="8.562374">
        <ele>473</ele>
        <time>2024-05-20T10:24:01Z</time>
        <cmt>speed: 0.6</cmt>
      </trkpt>
      <trkpt lat="47.358049" lon="8.561444">
        <ele>409</ele>
        <time>2024-05-20T10:34:00Z</time>
        <cmt>speed: 0.7</cmt>
      </trkpt>
      <trkpt lat="47.358082" lon="8.560871">
        <ele>460</ele>
        <time>2024-05-20T10:44:01Z</time>
        <cmt>speed: 0.7</cmt>
      </trkpt>
      <trkpt lat="47.358082" lon="8.560871">
        <ele>460</ele>
        <time>2024-05-20T10:53:56Z</time>
      </trkpt>
      <trkpt lat="47.357839" lon="8.56065">
        <ele>429</ele>
        <time>2024-05-20T10:54:01Z</time>
        <cmt>speed: 2.3</cmt>
      </trkpt>
      <trkpt lat="47.357594" lon="8.559937">
        <ele>446</ele>
        <time>2024-05-20T11:04:00Z</time>
        <cmt>speed: 1.1</cmt>
      </trkpt>
      <trkpt lat="47.358081" lon="8.560853">
        <ele>455</ele>
        <time>2024-05-20T11:24:03Z</time>
        <cmt>speed: 0.3</cmt>
      </trkpt>
      <trkpt lat="47.357894" lon="8.562224">
        <ele>441</ele>
        <time>2024-05-20T11:34:02Z</time>
        <cmt>speed: 0.5</cmt>
      </trkpt>
      <trkpt lat="47.358334" lon="8.562683">
        <ele>464</ele>
        <time>2024-05-20T11:44:00Z</time>
        <cmt>speed: 0.1</cmt>
      </trkpt>
      <trkpt lat="47.358334" lon="8.562683">
        <ele>464</ele>
        <time>2024-05-20T11:54:04Z</time>
      </trkpt>
      <trkpt lat="47.358244" lon="8.562849">
        <ele>432</ele>
        <time>2024-05-20T11:54:09Z</time>
        <cmt>speed: 0.1</cmt>
      </trkpt>
      <trkpt lat="47.35829" lon="8.562781">
        <ele>437</ele>
        <time>2024-05-20T12:04:10Z</time>
        <cmt>speed: 0.6</cmt>
      </trkpt>
      <trkpt lat="47.35829" lon="8.562781">
        <ele>437</ele>
        <time>2024-05-20T12:14:00Z</time>
      </trkpt>
      <trkpt lat="47.358339" lon="8.562899">
        <ele>422</ele>
        <time>2024-05-20T12:14:05Z</time>
        <cmt>speed: 0.0</cmt>
      </trkpt>
      <trkpt lat="47.358455" lon="8.562847">
        <ele>457</ele>
        <time>2024-05-20T12:24:01Z</time>
        <cmt>speed: 0.6</cmt>
      </trkpt>
      <trkpt lat="47.358455" lon="8.562847">
        <ele>457</ele>
        <time>2024-05-20T12:34:03Z</time>
      </trkpt>
      <trkpt lat="47.358301" lon="8.562831">
        <ele>433</ele>
        <time>2024-05-20T12:34:08Z</time>
        <cmt>speed: 0.2</cmt>
      </trkpt>
      <trkpt lat="47.358378" lon="8.562693">
        <ele>452</ele>
        <time>2024-05-20T12:44:02Z</time>
        <cmt>speed: 0.2</cmt>
      </trkpt>
      <trkpt lat="47.358378" lon="8.562693">
        <ele>452</ele>
        <time>2024-05-20T12:53:55Z</time>
      </trkpt>
      <trkpt lat="47.358012" lon="8.562783">
        <ele>427</ele>
        <time>2024-05-20T12:54:00Z</time>
        <cmt>speed: 2.6</cmt>
      </trkpt>
      <trkpt lat="47.358315" lon="8.562534">
        <ele>430</ele>
        <time>2024-05-20T13:04:04Z</time>
        <cmt>speed: 0.5</cmt>
      </trkpt>
      <trkpt lat="47.358315" lon="8.562534">
        <ele>430</ele>
        <time>2024-05-20T13:14:05Z</time>
      </trkpt>
      <trkpt lat="47.358424" lon="8.562666">
        <ele>440</ele>
        <time>2024-05-20T13:14:10Z</time>
        <cmt>speed: 0.2</cmt>
      </trkpt>
      <trkpt lat="47.358524" lon="8.562622">
        <ele>462</ele>
        <time>2024-05-20T13:24:39Z</time>
        <cmt>speed: 0.3</cmt>
      </trkpt>
      <trkpt lat="47.358524" lon="8.562622">
        <ele>462</ele>
        <time>2024-05-20T13:34:11Z</time>
      </trkpt>
      <trkpt lat="47.35841" lon="8.562774">
        <ele>430</ele>
        <time>2024-05-20T13:34:16Z</time>
        <cmt>speed: 0.4</cmt>
      </trkpt>
      <trkpt lat="47.358207" lon="8.562771">
        <ele>439</ele>
        <time>2024-05-20T13:44:23Z</time>
        <cmt>speed: 1.1</cmt>
      </trkpt>
      <trkpt lat="47.358207" lon="8.562771">
        <ele>439</ele>
        <time>2024-05-20T13:54:02Z</time>
      </trkpt>
      <trkpt lat="47.358319" lon="8.562744">
        <ele>434</ele>
        <time>2024-05-20T13:54:07Z</time>
        <cmt>speed: 1.1</cmt>
      </trkpt>
      <trkpt lat="47.358388" lon="8.562664">
        <ele>429</ele>
        <time>2024-05-20T14:04:08Z</time>
        <cmt>speed: 0.2</cmt>
      </trkpt>
      <trkpt lat="47.358388" lon="8.562664">
        <ele>429</ele>
        <time>2024-05-20T14:11:47Z</time>
      </trkpt>
      <trkpt lat="47.358202" lon="8.562748">
        <ele>438</ele>
        <time>2024-05-20T14:14:01Z</time>
        <cmt>speed: 0.1</cmt>
      </trkpt>
      <trkpt lat="47.358202" lon="8.562748">
        <ele>438</ele>
        <time>2024-05-20T14:34:22Z</time>
      </trkpt>
      <trkpt lat="47.358234" lon="8.562775">
        <ele>441</ele>
        <time>2024-05-20T14:34:27Z</time>
        <cmt>speed: 0.4</cmt>
      </trkpt>
      <trkpt lat="47.358362" lon="8.562795">
        <ele>452</ele>
        <time>2024-05-20T15:04:21Z</time>
        <cmt>speed: 0.2</cmt>
      </trkpt>
      <trkpt lat="47.358362" lon="8.562795">
        <ele>452</ele>
        <time>2024-05-20T15:14:18Z</time>
      </trkpt>
      <trkpt lat="47.358564" lon="8.56327">
        <ele>401</ele>
        <time>2024-05-20T15:14:23Z</time>
        <cmt>speed: 0.2</cmt>
      </trkpt>
      <trkpt lat="47.35847" lon="8.56288">
        <ele>434</ele>
        <time>2024-05-20T15:31:52Z</time>
        <cmt>speed: 0.6</cmt>
      </trkpt>
      <trkpt lat="47.358385" lon="8.562863">
        <ele>432</ele>
        <time>2024-05-20T15:41:52Z</time>
        <cmt>speed: 1.3</cmt>
      </trkpt>
      <trkpt lat="47.358385" lon="8.562863">
        <ele>432</ele>
        <time>2024-05-20T15:51:49Z</time>
      </trkpt>
      <trkpt lat="47.357725" lon="8.562383">
        <ele>372</ele>
        <time>2024-05-20T15:51:54Z</time>
        <cmt>speed: 0.1</cmt>
      </trkpt>
      <trkpt lat="47.358424" lon="8.562848">
        <ele>460</ele>
        <time>2024-05-20T16:02:36Z</time>
        <cmt>speed: 0.5</cmt>
      </trkpt>
      <trkpt lat="47.358424" lon="8.562848">
        <ele>460</ele>
        <time>2024-05-20T16:12:16Z</time>
      </trkpt>
      <trkpt lat="47.358541" lon="8.562946">
        <ele>444</ele>
        <time>2024-05-20T16:12:21Z</time>
        <cmt>speed: 0.3</cmt>
      </trkpt>
      <trkpt lat="47.358142" lon="8.562578">
        <ele>476</ele>
        <time>2024-05-20T16:22:07Z</time>
        <cmt>speed: 0.0</cmt>
      </trkpt>
      <trkpt lat="47.358142" lon="8.562578">
        <ele>476</ele>
        <time>2024-05-20T16:31:57Z</time>
      </trkpt>
      <trkpt lat="47.358585" lon="8.563209">
        <ele>470</ele>
        <time>2024-05-20T16:32:03Z</time>
        <cmt>speed: 0.5</cmt>
      </trkpt>
      <trkpt lat="47.35836" lon="8.562813">
        <ele>458</ele>
        <time>2024-05-20T16:52:04Z</time>
        <cmt>speed: 0.1</cmt>
      </trkpt>
      <trkpt lat="47.358378" lon="8.562801">
        <ele>448</ele>
        <time>2024-05-20T17:01:53Z</time>
        <cmt>speed: 0.1</cmt>
      </trkpt>
      <trkpt lat="47.358378" lon="8.562801">
        <ele>448</ele>
        <time>2024-05-20T17:11:47Z</time>
      </trkpt>
      <trkpt lat="47.35835" lon="8.562828">
        <ele>446</ele>
        <time>2024-05-20T17:11:53Z</time>
        <cmt>speed: 0.0</cmt>
      </trkpt>
      <trkpt lat="47.358413" lon="8.562822">
        <ele>441</ele>
        <time>2024-05-20T17:21:58Z</time>
        <cmt>speed: 0.5</cmt>
      </trkpt>
      <trkpt lat="47.358413" lon="8.562822">
        <ele>441</ele>
        <time>2024-05-20T17:31:47Z</time>
      </trkpt>
      <trkpt lat="47.358426" lon="8.562959">
        <ele>433</ele>
        <time>2024-05-20T17:31:53Z</time>
        <cmt>speed: 0.3</cmt>
      </trkpt>
      <trkpt lat="47.358393" lon="8.562963">
        <ele>437</ele>
        <time>2024-05-20T17:41:53Z</time>
        <cmt>speed: 0.7</cmt>
      </trkpt>
      <trkpt lat="47.358393" lon="8.562963">
        <ele>437</ele>
        <time>2024-05-20T17:51:48Z</time>
      </trkpt>
      <trkpt lat="47.358066" lon="8.56312">
        <ele>476</ele>
        <time>2024-05-20T17:51:53Z</time>
        <cmt>speed: 0.0</cmt>
      </trkpt>
      <trkpt lat="47.358417" lon="8.562389">
        <ele>436</ele>
        <time>2024-05-20T18:01:53Z</time>
        <cmt>speed: 0.7</cmt>
      </trkpt>
      <trkpt lat="47.35908" lon="8.561294">
        <ele>452</ele>
        <time>2024-05-20T18:11:55Z</time>
        <cmt>speed: 1.9</cmt>
      </trkpt>
      <trkpt lat="47.35945" lon="8.561326">
        <ele>437</ele>
        <time>2024-05-20T18:21:56Z</time>
        <cmt>speed: 0.1</cmt>
      </trkpt>
      <trkpt lat="47.35864" lon="8.560278">
        <ele>445</ele>
        <time>2024-05-20T18:31:55Z</time>
        <cmt>speed: 0.0</cmt>
      </trkpt>
      <trkpt lat="47.358391" lon="8.560256">
        <ele>471</ele>
        <time>2024-05-20T18:41:53Z</time>
        <cmt>speed: 0.3</cmt>
      </trkpt>
      <trkpt lat="47.358391" lon="8.560256">
        <ele>471</ele>
        <time>2024-05-20T18:51:49Z</time>
      </trkpt>
      <trkpt lat="47.358363" lon="8.560042">
        <ele>443</ele>
        <time>2024-05-20T18:51:55Z</time>
        <cmt>speed: 0.0</cmt>
      </trkpt>
      <trkpt lat="47.358516" lon="8.559973">
        <ele>423</ele>
        <time>2024-05-20T19:01:54Z</time>
        <cmt>speed: 0.2</cmt>
      </trkpt>
      <trkpt lat="47.358698" lon="8.560404">
        <ele>444</ele>
        <time>2024-05-20T19:11:55Z</time>
        <cmt>speed: 0.3</cmt>
      </trkpt>
      <trkpt lat="47.358904" lon="8.560907">
        <ele>465</ele>
        <time>2024-05-20T19:21:53Z</time>
        <cmt>speed: 0.3</cmt>
      </trkpt>
      <trkpt lat="47.359535" lon="8.560539">
        <ele>431</ele>
        <time>2024-05-20T19:31:57Z</time>
        <cmt>speed: 0.9</cmt>
      </trkpt>
      <trkpt lat="47.359412" lon="8.560512">
        <ele>442</ele>
        <time>2024-05-20T19:42:10Z</time>
        <cmt>speed: 0.4</cmt>
      </trkpt>
      <trkpt lat="47.359126" lon="8.561172">
        <ele>429</ele>
        <time>2024-05-20T19:51:57Z</time>
        <cmt>speed: 0.6</cmt>
      </trkpt>
      <trkpt lat="47.357916" lon="8.561982">
        <ele>423</ele>
        <time>2024-05-20T20:01:54Z</time>
        <cmt>speed: 4.7</cmt>
      </trkpt>
      <trkpt lat="47.357471" lon="8.562778">
        <ele>452</ele>
        <time>2024-05-20T20:11:54Z</time>
        <cmt>speed: 0.6</cmt>
      </trkpt>
      <trkpt lat="47.356985" lon="8.563653">
        <ele>435</ele>
        <time>2024-05-20T20:21:54Z</time>
        <cmt>speed: 0.1</cmt>
      </trkpt>
      <trkpt lat="47.356985" lon="8.563653">
        <ele>435</ele>
        <time>2024-05-20T20:31:52Z</time>
      </trkpt>
      <trkpt lat="47.35695" lon="8.563936">
        <ele>401</ele>
        <time>2024-05-20T20:31:58Z</time>
        <cmt>speed: 0.6</cmt>
      </trkpt>
      <trkpt lat="47.35685" lon="8.56369">
        <ele>461</ele>
        <time>2024-05-20T20:42:26Z</time>
        <cmt>speed: 1.0</cmt>
      </trkpt>
      <trkpt lat="47.356918" lon="8.563638">
        <ele>478</ele>
        <time>2024-05-20T20:54:35Z</time>
        <cmt>speed: 0.9</cmt>
      </trkpt>
      <trkpt lat="47.356954" lon="8.56371">
        <ele>455</ele>
        <time>2024-05-20T21:04:29Z</time>
        <cmt>speed: 0.4</cmt>
      </trkpt>
      <trkpt lat="47.356954" lon="8.56371">
        <ele>455</ele>
        <time>2024-05-20T21:14:25Z</time>
      </trkpt>
      <trkpt lat="47.35709" lon="8.563663">
        <ele>447</ele>
        <time>2024-05-20T21:14:32Z</time>
        <cmt>speed: 0.0</cmt>
      </trkpt>
      <trkpt lat="47.356932" lon="8.56371">
        <ele>452</ele>
        <time>2024-05-20T21:24:29Z</time>
        <cmt>speed: 0.2</cmt>
      </trkpt>
      <trkpt lat="47.356932" lon="8.56371">
        <ele>452</ele>
        <time>2024-05-20T21:31:47Z</time>
      </trkpt>
      <trkpt lat="47.356962" lon="8.563806">
        <ele>424</ele>
        <time>2024-05-20T21:34:30Z</time>
        <cmt>speed: 0.1</cmt>
      </trkpt>
      <trkpt lat="47.356953" lon="8.563724">
        <ele>434</ele>
        <time>2024-05-20T21:44:30Z</time>
        <cmt>speed: 0.1</cmt>
      </trkpt>
      <trkpt lat="47.356953" lon="8.563724">
        <ele>434</ele>
        <time>2024-05-20T21:54:24Z</time>
      </trkpt>
      <trkpt lat="47.356904" lon="8.563742">
        <ele>452</ele>
        <time>2024-05-20T21:54:30Z</time>
        <cmt>speed: 0.0</cmt>
      </trkpt>
      <trkpt lat="47.357367" lon="8.564501">
        <ele>471</ele>
        <time>2024-05-20T22:04:29Z</time>
        <cmt>speed: 0.5</cmt>
      </trkpt>
      <trkpt lat="47.357367" lon="8.564501">
        <ele>471</ele>
        <time>2024-05-20T22:14:22Z</time>
      </trkpt>
      <trkpt lat="47.358445" lon="8.564729">
        <ele>462</ele>
        <time>2024-05-20T22:14:28Z</time>
        <cmt>speed: 1.9</cmt>
      </trkpt>
      <trkpt lat="47.358167" lon="8.564735">
        <ele>472</ele>
        <time>2024-05-20T22:24:27Z</time>
        <cmt>speed: 0.0</cmt>
      </trkpt>
      <trkpt lat="47.358943" lon="8.565057">
        <ele>434</ele>
        <time>2024-05-20T22:34:28Z</time>
        <cmt>speed: 0.3</cmt>
      </trkpt>
      <trkpt lat="47.358601" lon="8.565222">
        <ele>386</ele>
        <time>2024-05-20T22:44:27Z</time>
        <cmt>speed: 2.4</cmt>
      </trkpt>
      <trkpt lat="47.359149" lon="8.564884">
        <ele>490</ele>
        <time>2024-05-20T22:54:26Z</time>
        <cmt>speed: 0.5</cmt>
      </trkpt>
      <trkpt lat="47.359434" lon="8.560098">
        <ele>418</ele>
        <time>2024-05-20T23:04:29Z</time>
        <cmt>speed: 0.9</cmt>
      </trkpt>
      <trkpt lat="47.358174" lon="8.560668">
        <ele>438</ele>
        <time>2024-05-20T23:14:28Z</time>
        <cmt>speed: 1.8</cmt>
      </trkpt>
      <trkpt lat="47.356393" lon="8.558814">
        <ele>382</ele>
        <time>2024-05-20T23:44:32Z</time>
        <cmt>speed: 0.1</cmt>
      </trkpt>
      <trkpt lat="47.357859" lon="8.558844">
        <ele>425</ele>
        <time>2024-05-20T23:54:34Z</time>
        <cmt>speed: 1.6</cmt>
      </trkpt>
      <trkpt lat="47.358188" lon="8.560666">
        <ele>449</ele>
        <time>2024-05-21T00:04:28Z</time>
        <cmt>speed: 3.7</cmt>
      </trkpt>
      <trkpt lat="47.358073" lon="8.561317">
        <ele>441</ele>
        <time>2024-05-21T00:14:28Z</time>
        <cmt>speed: 4.8</cmt>
      </trkpt>
      <trkpt lat="47.357542" lon="8.562562">
        <ele>443</ele>
        <time>2024-05-21T00:24:28Z</time>
        <cmt>speed: 1.1</cmt>
      </trkpt>
      <trkpt lat="47.357363" lon="8.564222">
        <ele>475</ele>
        <time>2024-05-21T00:34:27Z</time>
        <cmt>speed: 1.3</cmt>
      </trkpt>
      <trkpt lat="47.357434" lon="8.564585">
        <ele>465</ele>
        <time>2024-05-21T00:44:27Z</time>
        <cmt>speed: 0.5</cmt>
      </trkpt>
      <trkpt lat="47.357407" lon="8.564599">
        <ele>462</ele>
        <time>2024-05-21T00:54:28Z</time>
        <cmt>speed: 0.3</cmt>
      </trkpt>
      <trkpt lat="47.357357" lon="8.564619">
        <ele>482</ele>
        <time>2024-05-21T01:04:28Z</time>
        <cmt>speed: 1.4</cmt>
      </trkpt>
      <trkpt lat="47.357815" lon="8.564572">
        <ele>456</ele>
        <time>2024-05-21T01:14:28Z</time>
        <cmt>speed: 0.5</cmt>
      </trkpt>
      <trkpt lat="47.357704" lon="8.564513">
        <ele>462</ele>
        <time>2024-05-21T01:24:28Z</time>
        <cmt>speed: 0.3</cmt>
      </trkpt>
      <trkpt lat="47.358386" lon="8.564688">
        <ele>466</ele>
        <time>2024-05-21T01:34:27Z</time>
        <cmt>speed: 0.6</cmt>
      </trkpt>
      <trkpt lat="47.359276" lon="8.562223">
        <ele>444</ele>
        <time>2024-05-21T01:44:29Z</time>
        <cmt>speed: 0.4</cmt>
      </trkpt>
      <trkpt lat="47.359868" lon="8.559341">
        <ele>429</ele>
        <time>2024-05-21T01:54:29Z</time>
        <cmt>speed: 1.8</cmt>
      </trkpt>
      <trkpt lat="47.359466" lon="8.556942">
        <ele>389</ele>
        <time>2024-05-21T02:04:30Z</time>
        <cmt>speed: 1.9</cmt>
      </trkpt>
      <trkpt lat="47.35966" lon="8.559906">
        <ele>467</ele>
        <time>2024-05-21T02:14:31Z</time>
        <cmt>speed: 0.3</cmt>
      </trkpt>
      <trkpt lat="47.359127" lon="8.561089">
        <ele>470</ele>
        <time>2024-05-21T02:24:30Z</time>
        <cmt>speed: 0.9</cmt>
      </trkpt>
      <trkpt lat="47.358334" lon="8.560686">
        <ele>452</ele>
        <time>2024-05-21T02:44:29Z</time>
        <cmt>speed: 0.4</cmt>
      </trkpt>
      <trkpt lat="47.358334" lon="8.560686">
        <ele>452</ele>
        <time>2024-05-21T02:54:22Z</time>
      </trkpt>
      <trkpt lat="47.358374" lon="8.560595">
        <ele>429</ele>
        <time>2024-05-21T02:54:29Z</time>
        <cmt>speed: 0.8</cmt>
      </trkpt>
      <trkpt lat="47.357782" lon="8.560639">
        <ele>451</ele>
        <time>2024-05-21T03:04:34Z</time>
        <cmt>speed: 0.5</cmt>
      </trkpt>
      <trkpt lat="47.357905" lon="8.560573">
        <ele>461</ele>
        <time>2024-05-21T03:14:28Z</time>
        <cmt>speed: 0.7</cmt>
      </trkpt>
      <trkpt lat="47.357851" lon="8.560555">
        <ele>468</ele>
        <time>2024-05-21T03:24:31Z</time>
        <cmt>speed: 1.1</cmt>
      </trkpt>
      <trkpt lat="47.358771" lon="8.560891">
        <ele>449</ele>
        <time>2024-05-21T03:34:30Z</time>
        <cmt>speed: 0.6</cmt>
      </trkpt>
      <trkpt lat="47.360264" lon="8.560017">
        <ele>494</ele>
        <time>2024-05-21T03:44:30Z</time>
        <cmt>speed: 1.2</cmt>
      </trkpt>
      <trkpt lat="47.360264" lon="8.560017">
        <ele>494</ele>
        <time>2024-05-21T03:54:24Z</time>
      </trkpt>
      <trkpt lat="47.359388" lon="8.56021">
        <ele>504</ele>
        <time>2024-05-21T03:54:31Z</time>
        <cmt>speed: 0.5</cmt>
      </trkpt>
      <trkpt lat="47.359388" lon="8.56021">
        <ele>504</ele>
        <time>2024-05-21T04:14:23Z</time>
      </trkpt>
      <trkpt lat="47.35904" lon="8.560423">
        <ele>497</ele>
        <time>2024-05-21T04:14:31Z</time>
        <cmt>speed: 0.2</cmt>
      </trkpt>
      <trkpt lat="47.359374" lon="8.560674">
        <ele>430</ele>
        <time>2024-05-21T04:34:52Z</time>
        <cmt>speed: 0.1</cmt>
      </trkpt>
      <trkpt lat="47.359215" lon="8.561109">
        <ele>439</ele>
        <time>2024-05-21T04:44:32Z</time>
        <cmt>speed: 0.2</cmt>
      </trkpt>
      <trkpt lat="47.359215" lon="8.561109">
        <ele>439</ele>
        <time>2024-05-21T04:54:39Z</time>
      </trkpt>
      <trkpt lat="47.359495" lon="8.560862">
        <ele>459</ele>
        <time>2024-05-21T04:54:46Z</time>
        <cmt>speed: 1.2</cmt>
      </trkpt>
      <trkpt lat="47.359976" lon="8.560426">
        <ele>474</ele>
        <time>2024-05-21T05:04:30Z</time>
        <cmt>speed: 1.2</cmt>
      </trkpt>
      <trkpt lat="47.359344" lon="8.560196">
        <ele>441</ele>
        <time>2024-05-21T05:14:38Z</time>
        <cmt>speed: 0.6</cmt>
      </trkpt>
      <trkpt lat="47.35958" lon="8.560635">
        <ele>446</ele>
        <time>2024-05-21T05:24:34Z</time>
        <cmt>speed: 0.4</cmt>
      </trkpt>
      <trkpt lat="47.35958" lon="8.560635">
        <ele>446</ele>
        <time>2024-05-21T05:34:30Z</time>
      </trkpt>
      <trkpt lat="47.359406" lon="8.560555">
        <ele>412</ele>
        <time>2024-05-21T05:34:37Z</time>
        <cmt>speed: 0.2</cmt>
      </trkpt>
      <trkpt lat="47.359707" lon="8.560319">
        <ele>456</ele>
        <time>2024-05-21T05:44:32Z</time>
        <cmt>speed: 0.1</cmt>
      </trkpt>
      <trkpt lat="47.359707" lon="8.560319">
        <ele>456</ele>
        <time>2024-05-21T05:51:47Z</time>
      </trkpt>
      <trkpt lat="47.359666" lon="8.560479">
        <ele>426</ele>
        <time>2024-05-21T05:54:36Z</time>
        <cmt>speed: 3.5</cmt>
      </trkpt>
      <trkpt lat="47.359398" lon="8.561562">
        <ele>424</ele>
        <time>2024-05-21T06:04:33Z</time>
        <cmt>speed: 0.7</cmt>
      </trkpt>
      <trkpt lat="47.35974" lon="8.561777">
        <ele>398</ele>
        <time>2024-05-21T06:14:34Z</time>
        <cmt>speed: 0.2</cmt>
      </trkpt>
      <trkpt lat="47.360029" lon="8.561704">
        <ele>419</ele>
        <time>2024-05-21T06:24:36Z</time>
        <cmt>speed: 0.1</cmt>
      </trkpt>
      <trkpt lat="47.360289" lon="8.563248">
        <ele>431</ele>
        <time>2024-05-21T06:34:29Z</time>
        <cmt>speed: 0.8</cmt>
      </trkpt>
      <trkpt lat="47.359959" lon="8.563643">
        <ele>434</ele>
        <time>2024-05-21T06:37:51Z</time>
      </trkpt>
      <trkpt lat="47.359959" lon="8.563643">
        <ele>434</ele>
        <time>2024-05-21T06:46:29Z</time>
      </trkpt>
      <trkpt lat="47.359959" lon="8.563643">
        <ele>434</ele>
        <time>2024-05-21T06:56:29Z</time>
      </trkpt>
      <trkpt lat="47.359959" lon="8.563643">
        <ele>434</ele>
        <time>2024-05-21T07:06:29Z</time>
      </trkpt>
      <trkpt lat="47.359959" lon="8.563643">
        <ele>434</ele>
        <time>2024-05-21T07:16:29Z</time>
      </trkpt>
      <trkpt lat="47.359959" lon="8.563643">
        <ele>434</ele>
        <time>2024-05-21T07:26:29Z</time>
      </trkpt>
      <trkpt lat="47.359959" lon="8.563643">
        <ele>434</ele>
        <time>2024-05-21T07:36:29Z</time>
      </trkpt>
      <trkpt lat="47.359959" lon="8.563643">
        <ele>434</ele>
        <time>2024-05-21T07:46:29Z</time>
      </trkpt>
      <trkpt lat="47.359959" lon="8.563643">
        <ele>434</ele>
        <time>2024-05-21T07:56:29Z</time>
      </trkpt>
      <trkpt lat="47.359959" lon="8.563643">
        <ele>434</ele>
        <time>2024-05-21T08:06:29Z</time>
      </trkpt>
      <trkpt lat="47.359959" lon="8.563643">
        <ele>434</ele>
        <time>2024-05-21T08:07:00Z</time>
      </trkpt>
      <trkpt lat="47.359959" lon="8.563643">
        <ele>434</ele>
        <time>2024-05-21T08:17:00Z</time>
      </trkpt>
      <trkpt lat="47.359959" lon="8.563643">
        <ele>434</ele>
        <time>2024-05-21T08:27:00Z</time>
      </trkpt>
      <trkpt lat="47.359959" lon="8.563643">
        <ele>434</ele>
        <time>2024-05-21T08:37:00Z</time>
      </trkpt>
      <trkpt lat="47.359959" lon="8.563643">
        <ele>434</ele>
        <time>2024-05-21T08:47:00Z</time>
      </trkpt>
      <trkpt lat="47.359959" lon="8.563643">
        <ele>434</ele>
        <time>2024-05-21T08:57:00Z</time>
      </trkpt>
      <trkpt lat="47.359959" lon="8.563643">
        <ele>434</ele>
        <time>2024-05-21T08:58:23Z</time>
      </trkpt>
      <trkpt lat="47.359959" lon="8.563643">
        <ele>434</ele>
        <time>2024-05-21T15:46:55Z</time>
      </trkpt>
      <trkpt lat="47.360102" lon="8.563097">
        <ele>437</ele>
        <time>2024-05-21T15:47:46Z</time>
        <cmt>speed: 0.4</cmt>
      </trkpt>
      <trkpt lat="47.359964" lon="8.561688">
        <ele>444</ele>
        <time>2024-05-21T15:57:10Z</time>
        <cmt>speed: 1.0</cmt>
      </trkpt>
      <trkpt lat="47.359258" lon="8.560447">
        <ele>442</ele>
        <time>2024-05-21T16:07:13Z</time>
        <cmt>speed: 0.0</cmt>
      </trkpt>
      <trkpt lat="47.359107" lon="8.560603">
        <ele>470</ele>
        <time>2024-05-21T16:17:16Z</time>
        <cmt>speed: 2.7</cmt>
      </trkpt>
      <trkpt lat="47.359107" lon="8.560603">
        <ele>470</ele>
        <time>2024-05-21T16:27:10Z</time>
      </trkpt>
      <trkpt lat="47.359358" lon="8.560449">
        <ele>407</ele>
        <time>2024-05-21T16:27:19Z</time>
        <cmt>speed: 0.1</cmt>
      </trkpt>
      <trkpt lat="47.359407" lon="8.560426">
        <ele>469</ele>
        <time>2024-05-21T16:57:09Z</time>
        <cmt>speed: 0.0</cmt>
      </trkpt>
      <trkpt lat="47.359407" lon="8.560426">
        <ele>469</ele>
        <time>2024-05-21T17:07:04Z</time>
      </trkpt>
      <trkpt lat="47.35957" lon="8.560482">
        <ele>414</ele>
        <time>2024-05-21T17:07:14Z</time>
        <cmt>speed: 0.0</cmt>
      </trkpt>
      <trkpt lat="47.359275" lon="8.560538">
        <ele>459</ele>
        <time>2024-05-21T17:27:12Z</time>
        <cmt>speed: 0.3</cmt>
      </trkpt>
      <trkpt lat="47.358675" lon="8.560762">
        <ele>481</ele>
        <time>2024-05-21T17:37:17Z</time>
        <cmt>speed: 0.2</cmt>
      </trkpt>
      <trkpt lat="47.35925" lon="8.560762">
        <ele>485</ele>
        <time>2024-05-21T17:47:12Z</time>
        <cmt>speed: 0.3</cmt>
      </trkpt>
      <trkpt lat="47.35914" lon="8.561166">
        <ele>443</ele>
        <time>2024-05-21T17:57:07Z</time>
        <cmt>speed: 0.2</cmt>
      </trkpt>
      <trkpt lat="47.358898" lon="8.561054">
        <ele>453</ele>
        <time>2024-05-21T18:17:08Z</time>
        <cmt>speed: 0.8</cmt>
      </trkpt>
      <trkpt lat="47.358898" lon="8.561054">
        <ele>453</ele>
        <time>2024-05-21T18:27:02Z</time>
      </trkpt>
      <trkpt lat="47.35859" lon="8.561253">
        <ele>432</ele>
        <time>2024-05-21T18:27:10Z</time>
        <cmt>speed: 0.8</cmt>
      </trkpt>
      <trkpt lat="47.358648" lon="8.561241">
        <ele>435</ele>
        <time>2024-05-21T18:37:12Z</time>
        <cmt>speed: 0.0</cmt>
      </trkpt>
      <trkpt lat="47.358484" lon="8.560961">
        <ele>393</ele>
        <time>2024-05-21T18:47:15Z</time>
        <cmt>speed: 0.6</cmt>
      </trkpt>
      <trkpt lat="47.358647" lon="8.561045">
        <ele>435</ele>
        <time>2024-05-21T18:57:16Z</time>
        <cmt>speed: 0.4</cmt>
      </trkpt>
      <trkpt lat="47.359502" lon="8.560599">
        <ele>416</ele>
        <time>2024-05-21T19:07:10Z</time>
        <cmt>speed: 1.0</cmt>
      </trkpt>
      <trkpt lat="47.35948" lon="8.560081">
        <ele>401</ele>
        <time>2024-05-21T19:17:14Z</time>
        <cmt>speed: 1.0</cmt>
      </trkpt>
      <trkpt lat="47.359076" lon="8.560224">
        <ele>450</ele>
        <time>2024-05-21T19:27:09Z</time>
        <cmt>speed: 0.2</cmt>
      </trkpt>
      <trkpt lat="47.358752" lon="8.560872">
        <ele>426</ele>
        <time>2024-05-21T19:37:10Z</time>
        <cmt>speed: 0.8</cmt>
      </trkpt>
      <trkpt lat="47.358752" lon="8.560872">
        <ele>426</ele>
        <time>2024-05-21T19:46:59Z</time>
      </trkpt>
      <trkpt lat="47.357874" lon="8.561408">
        <ele>424</ele>
        <time>2024-05-21T19:47:09Z</time>
        <cmt>speed: 0.2</cmt>
      </trkpt>
      <trkpt lat="47.358359" lon="8.56199">
        <ele>445</ele>
        <time>2024-05-21T19:57:08Z</time>
        <cmt>speed: 1.0</cmt>
      </trkpt>
      <trkpt lat="47.358359" lon="8.56199">
        <ele>445</ele>
        <time>2024-05-21T20:06:59Z</time>
      </trkpt>
      <trkpt lat="47.358799" lon="8.562352">
        <ele>445</ele>
        <time>2024-05-21T20:07:08Z</time>
        <cmt>speed: 2.2</cmt>
      </trkpt>
      <trkpt lat="47.358667" lon="8.562714">
        <ele>494</ele>
        <time>2024-05-21T20:17:08Z</time>
        <cmt>speed: 0.5</cmt>
      </trkpt>
      <trkpt lat="47.358733" lon="8.562131">
        <ele>491</ele>
        <time>2024-05-21T20:27:15Z</time>
        <cmt>speed: 0.5</cmt>
      </trkpt>
      <trkpt lat="47.359805" lon="8.561601">
        <ele>454</ele>
        <time>2024-05-21T20:47:10Z</time>
        <cmt>speed: 2.2</cmt>
      </trkpt>
      <trkpt lat="47.359605" lon="8.562554">
        <ele>380</ele>
        <time>2024-05-21T20:57:19Z</time>
        <cmt>speed: 0.1</cmt>
      </trkpt>
      <trkpt lat="47.359605" lon="8.562554">
        <ele>380</ele>
        <time>2024-05-21T21:07:06Z</time>
      </trkpt>
      <trkpt lat="47.360153" lon="8.56239">
        <ele>466</ele>
        <time>2024-05-21T21:07:16Z</time>
        <cmt>speed: 0.0</cmt>
      </trkpt>
      <trkpt lat="47.359967" lon="8.56248">
        <ele>463</ele>
        <time>2024-05-21T21:17:15Z</time>
        <cmt>speed: 0.0</cmt>
      </trkpt>
      <trkpt lat="47.359967" lon="8.56248">
        <ele>463</ele>
        <time>2024-05-21T21:27:05Z</time>
      </trkpt>
      <trkpt lat="47.360433" lon="8.562589">
        <ele>493</ele>
        <time>2024-05-21T21:27:15Z</time>
        <cmt>speed: 0.4</cmt>
      </trkpt>
      <trkpt lat="47.359228" lon="8.562464">
        <ele>435</ele>
        <time>2024-05-21T21:47:10Z</time>
        <cmt>speed: 2.7</cmt>
      </trkpt>
      <trkpt lat="47.358875" lon="8.564739">
        <ele>405</ele>
        <time>2024-05-21T21:57:08Z</time>
        <cmt>speed: 3.9</cmt>
      </trkpt>
      <trkpt lat="47.358551" lon="8.56572">
        <ele>457</ele>
        <time>2024-05-21T22:07:08Z</time>
        <cmt>speed: 0.3</cmt>
      </trkpt>
      <trkpt lat="47.35883" lon="8.564413">
        <ele>461</ele>
        <time>2024-05-21T22:17:08Z</time>
        <cmt>speed: 2.0</cmt>
      </trkpt>
      <trkpt lat="47.359017" lon="8.564099">
        <ele>471</ele>
        <time>2024-05-21T22:27:09Z</time>
        <cmt>speed: 0.2</cmt>
      </trkpt>
      <trkpt lat="47.358902" lon="8.564108">
        <ele>456</ele>
        <time>2024-05-21T22:37:10Z</time>
        <cmt>speed: 1.9</cmt>
      </trkpt>
      <trkpt lat="47.359179" lon="8.562765">
        <ele>469</ele>
        <time>2024-05-21T22:47:08Z</time>
        <cmt>speed: 2.2</cmt>
      </trkpt>
      <trkpt lat="47.359791" lon="8.560753">
        <ele>463</ele>
        <time>2024-05-21T22:57:10Z</time>
        <cmt>speed: 8.0</cmt>
      </trkpt>
      <trkpt lat="47.360052" lon="8.561702">
        <ele>459</ele>
        <time>2024-05-21T23:07:09Z</time>
        <cmt>speed: 0.6</cmt>
      </trkpt>
      <trkpt lat="47.358237" lon="8.562375">
        <ele>441</ele>
        <time>2024-05-21T23:17:10Z</time>
        <cmt>speed: 0.3</cmt>
      </trkpt>
      <trkpt lat="47.35769" lon="8.562125">
        <ele>504</ele>
        <time>2024-05-21T23:27:09Z</time>
        <cmt>speed: 2.3</cmt>
      </trkpt>
      <trkpt lat="47.357584" lon="8.561491">
        <ele>463</ele>
        <time>2024-05-21T23:37:09Z</time>
        <cmt>speed: 1.5</cmt>
      </trkpt>
      <trkpt lat="47.358067" lon="8.560929">
        <ele>456</ele>
        <time>2024-05-21T23:47:10Z</time>
        <cmt>speed: 0.5</cmt>
      </trkpt>
      <trkpt lat="47.35829" lon="8.560461">
        <ele>434</ele>
        <time>2024-05-21T23:57:13Z</time>
        <cmt>speed: 0.0</cmt>
      </trkpt>
      <trkpt lat="47.358124" lon="8.560787">
        <ele>460</ele>
        <time>2024-05-22T00:07:11Z</time>
        <cmt>speed: 0.5</cmt>
      </trkpt>
      <trkpt lat="47.357962" lon="8.560433">
        <ele>465</ele>
        <time>2024-05-22T00:17:10Z</time>
        <cmt>speed: 0.5</cmt>
      </trkpt>
      <trkpt lat="47.357849" lon="8.560489">
        <ele>469</ele>
        <time>2024-05-22T00:27:16Z</time>
        <cmt>speed: 1.6</cmt>
      </trkpt>
      <trkpt lat="47.357849" lon="8.560489">
        <ele>469</ele>
        <time>2024-05-22T00:27:17Z</time>
      </trkpt>
      <trkpt lat="47.358887" lon="8.560557">
        <ele>419</ele>
        <time>2024-05-22T00:37:13Z</time>
        <cmt>speed: 0.4</cmt>
      </trkpt>
      <trkpt lat="47.359188" lon="8.562648">
        <ele>439</ele>
        <time>2024-05-22T00:47:09Z</time>
        <cmt>speed: 0.2</cmt>
      </trkpt>
      <trkpt lat="47.359111" lon="8.56242">
        <ele>473</ele>
        <time>2024-05-22T00:57:13Z</time>
        <cmt>speed: 0.9</cmt>
      </trkpt>
      <trkpt lat="47.359148" lon="8.562639">
        <ele>453</ele>
        <time>2024-05-22T01:17:24Z</time>
        <cmt>speed: 1.1</cmt>
      </trkpt>
      <trkpt lat="47.359316" lon="8.562638">
        <ele>508</ele>
        <time>2024-05-22T01:37:28Z</time>
        <cmt>speed: 0.3</cmt>
      </trkpt>
      <trkpt lat="47.359222" lon="8.562844">
        <ele>471</ele>
        <time>2024-05-22T01:47:16Z</time>
        <cmt>speed: 0.0</cmt>
      </trkpt>
      <trkpt lat="47.359222" lon="8.562844">
        <ele>471</ele>
        <time>2024-05-22T01:47:16Z</time>
      </trkpt>
      <trkpt lat="47.359176" lon="8.562748">
        <ele>455</ele>
        <time>2024-05-22T01:57:12Z</time>
        <cmt>speed: 1.3</cmt>
      </trkpt>
      <trkpt lat="47.359173" lon="8.562708">
        <ele>478</ele>
        <time>2024-05-22T02:17:09Z</time>
        <cmt>speed: 0.7</cmt>
      </trkpt>
      <trkpt lat="47.359339" lon="8.56251">
        <ele>506</ele>
        <time>2024-05-22T02:27:14Z</time>
        <cmt>speed: 0.0</cmt>
      </trkpt>
      <trkpt lat="47.359339" lon="8.56251">
        <ele>506</ele>
        <time>2024-05-22T02:27:14Z</time>
      </trkpt>
      <trkpt lat="47.359266" lon="8.562665">
        <ele>470</ele>
        <time>2024-05-22T02:37:10Z</time>
        <cmt>speed: 0.2</cmt>
      </trkpt>
      <trkpt lat="47.359321" lon="8.562605">
        <ele>473</ele>
        <time>2024-05-22T02:47:09Z</time>
        <cmt>speed: 1.9</cmt>
      </trkpt>
      <trkpt lat="47.359321" lon="8.562605">
        <ele>473</ele>
        <time>2024-05-22T02:47:10Z</time>
      </trkpt>
      <trkpt lat="47.359304" lon="8.562763">
        <ele>478</ele>
        <time>2024-05-22T02:57:10Z</time>
        <cmt>speed: 0.0</cmt>
      </trkpt>
      <trkpt lat="47.359124" lon="8.562899">
        <ele>436</ele>
        <time>2024-05-22T03:07:11Z</time>
        <cmt>speed: 0.4</cmt>
      </trkpt>
      <trkpt lat="47.358857" lon="8.562806">
        <ele>404</ele>
        <time>2024-05-22T03:27:51Z</time>
        <cmt>speed: 1.7</cmt>
      </trkpt>
      <trkpt lat="47.358857" lon="8.562806">
        <ele>404</ele>
        <time>2024-05-22T03:27:51Z</time>
      </trkpt>
      <trkpt lat="47.359276" lon="8.56259">
        <ele>448</ele>
        <time>2024-05-22T03:37:12Z</time>
        <cmt>speed: 0.1</cmt>
      </trkpt>
      <trkpt lat="47.359265" lon="8.562715">
        <ele>455</ele>
        <time>2024-05-22T03:47:13Z</time>
        <cmt>speed: 0.1</cmt>
      </trkpt>
      <trkpt lat="47.359265" lon="8.562715">
        <ele>455</ele>
        <time>2024-05-22T03:47:13Z</time>
      </trkpt>
      <trkpt lat="47.359267" lon="8.562606">
        <ele>436</ele>
        <time>2024-05-22T03:57:11Z</time>
        <cmt>speed: 0.0</cmt>
      </trkpt>
      <trkpt lat="47.359267" lon="8.562606">
        <ele>436</ele>
        <time>2024-05-22T04:07:09Z</time>
      </trkpt>
      <trkpt lat="47.359331" lon="8.562671">
        <ele>433</ele>
        <time>2024-05-22T04:13:44Z</time>
        <cmt>speed: 0.6</cmt>
      </trkpt>
      <trkpt lat="47.35934" lon="8.562737">
        <ele>499</ele>
        <time>2024-05-22T04:23:41Z</time>
        <cmt>speed: 0.2</cmt>
      </trkpt>
      <trkpt lat="47.35919" lon="8.562677">
        <ele>420</ele>
        <time>2024-05-22T04:33:40Z</time>
        <cmt>speed: 0.4</cmt>
      </trkpt>
      <trkpt lat="47.35919" lon="8.562677">
        <ele>420</ele>
        <time>2024-05-22T04:33:40Z</time>
      </trkpt>
      <trkpt lat="47.35919" lon="8.562677">
        <ele>420</ele>
        <time>2024-05-22T05:09:42Z</time>
      </trkpt>
      <trkpt lat="47.359157" lon="8.562662">
        <ele>475</ele>
        <time>2024-05-22T05:09:43Z</time>
        <cmt>speed: 0.0</cmt>
      </trkpt>
      <trkpt lat="47.358998" lon="8.56266">
        <ele>472</ele>
        <time>2024-05-22T05:29:16Z</time>
        <cmt>speed: 0.6</cmt>
      </trkpt>
      <trkpt lat="47.358991" lon="8.562825">
        <ele>427</ele>
        <time>2024-05-22T05:39:14Z</time>
        <cmt>speed: 0.3</cmt>
      </trkpt>
      <trkpt lat="47.359124" lon="8.562644">
        <ele>472</ele>
        <time>2024-05-22T05:49:14Z</time>
        <cmt>speed: 0.1</cmt>
      </trkpt>
      <trkpt lat="47.359124" lon="8.562644">
        <ele>472</ele>
        <time>2024-05-22T05:49:14Z</time>
      </trkpt>
      <trkpt lat="47.359206" lon="8.562672">
        <ele>469</ele>
        <time>2024-05-22T05:59:13Z</time>
        <cmt>speed: 0.0</cmt>
      </trkpt>
      <trkpt lat="47.359197" lon="8.562663">
        <ele>456</ele>
        <time>2024-05-22T06:09:14Z</time>
        <cmt>speed: 0.5</cmt>
      </trkpt>
      <trkpt lat="47.359197" lon="8.562663">
        <ele>456</ele>
        <time>2024-05-22T06:09:14Z</time>
      </trkpt>
      <trkpt lat="47.359136" lon="8.562678">
        <ele>455</ele>
        <time>2024-05-22T06:19:18Z</time>
        <cmt>speed: 0.0</cmt>
      </trkpt>
      <trkpt lat="47.359224" lon="8.56257">
        <ele>456</ele>
        <time>2024-05-22T06:29:13Z</time>
        <cmt>speed: 0.3</cmt>
      </trkpt>
      <trkpt lat="47.359224" lon="8.56257">
        <ele>456</ele>
        <time>2024-05-22T06:29:13Z</time>
      </trkpt>
      <trkpt lat="47.359258" lon="8.562641">
        <ele>454</ele>
        <time>2024-05-22T06:49:22Z</time>
        <cmt>speed: 0.6</cmt>
      </trkpt>
      <trkpt lat="47.359182" lon="8.562921">
        <ele>428</ele>
        <time>2024-05-22T07:04:36Z</time>
        <cmt>speed: 0.1</cmt>
      </trkpt>
      <trkpt lat="47.359182" lon="8.562921">
        <ele>428</ele>
        <time>2024-05-22T07:14:35Z</time>
      </trkpt>
      <trkpt lat="47.359203" lon="8.562768">
        <ele>459</ele>
        <time>2024-05-22T07:14:36Z</time>
        <cmt>speed: 0.4</cmt>
      </trkpt>
      <trkpt lat="47.359203" lon="8.562768">
        <ele>459</ele>
        <time>2024-05-22T07:29:14Z</time>
      </trkpt>
      <trkpt lat="47.359244" lon="8.562689">
        <ele>457</ele>
        <time>2024-05-22T07:30:47Z</time>
        <cmt>speed: 0.2</cmt>
      </trkpt>
      <trkpt lat="47.35928" lon="8.562786">
        <ele>450</ele>
        <time>2024-05-22T07:40:53Z</time>
        <cmt>speed: 0.4</cmt>
      </trkpt>
      <trkpt lat="47.35928" lon="8.562786">
        <ele>450</ele>
        <time>2024-05-22T07:50:48Z</time>
      </trkpt>
      <trkpt lat="47.359208" lon="8.562698">
        <ele>443</ele>
        <time>2024-05-22T07:50:49Z</time>
        <cmt>speed: 0.1</cmt>
      </trkpt>
      <trkpt lat="47.359218" lon="8.563055">
        <ele>430</ele>
        <time>2024-05-22T08:01:00Z</time>
        <cmt>speed: 0.1</cmt>
      </trkpt>
      <trkpt lat="47.359216" lon="8.5629">
        <ele>484</ele>
        <time>2024-05-22T08:11:51Z</time>
        <cmt>speed: 1.0</cmt>
      </trkpt>
      <trkpt lat="47.359447" lon="8.562757">
        <ele>424</ele>
        <time>2024-05-22T08:44:42Z</time>
        <cmt>speed: 0.0</cmt>
      </trkpt>
      <trkpt lat="47.359447" lon="8.562757">
        <ele>424</ele>
        <time>2024-05-22T08:49:14Z</time>
      </trkpt>
      <trkpt lat="47.359035" lon="8.563024">
        <ele>424</ele>
        <time>2024-05-22T09:04:36Z</time>
        <cmt>speed: 0.1</cmt>
      </trkpt>
      <trkpt lat="47.359122" lon="8.561816">
        <ele>447</ele>
        <time>2024-05-22T09:14:16Z</time>
        <cmt>speed: 0.2</cmt>
      </trkpt>
      <trkpt lat="47.359262" lon="8.560711">
        <ele>466</ele>
        <time>2024-05-22T09:24:18Z</time>
        <cmt>speed: 0.0</cmt>
      </trkpt>
      <trkpt lat="47.358816" lon="8.561352">
        <ele>451</ele>
        <time>2024-05-22T09:34:19Z</time>
        <cmt>speed: 0.4</cmt>
      </trkpt>
      <trkpt lat="47.358923" lon="8.561425">
        <ele>436</ele>
        <time>2024-05-22T09:44:18Z</time>
        <cmt>speed: 0.1</cmt>
      </trkpt>
      <trkpt lat="47.358923" lon="8.561425">
        <ele>436</ele>
        <time>2024-05-22T09:54:27Z</time>
      </trkpt>
      <trkpt lat="47.358565" lon="8.560786">
        <ele>456</ele>
        <time>2024-05-22T09:54:28Z</time>
        <cmt>speed: 0.2</cmt>
      </trkpt>
      <trkpt lat="47.35879" lon="8.561283">
        <ele>448</ele>
        <time>2024-05-22T10:04:18Z</time>
        <cmt>speed: 0.1</cmt>
      </trkpt>
      <trkpt lat="47.35879" lon="8.561283">
        <ele>448</ele>
        <time>2024-05-22T10:09:14Z</time>
      </trkpt>
      <trkpt lat="47.358921" lon="8.561345">
        <ele>414</ele>
        <time>2024-05-22T10:14:16Z</time>
        <cmt>speed: 0.3</cmt>
      </trkpt>
      <trkpt lat="47.358846" lon="8.561231">
        <ele>419</ele>
        <time>2024-05-22T10:24:15Z</time>
        <cmt>speed: 0.0</cmt>
      </trkpt>
      <trkpt lat="47.358846" lon="8.561231">
        <ele>419</ele>
        <time>2024-05-22T10:34:14Z</time>
      </trkpt>
      <trkpt lat="47.359044" lon="8.561427">
        <ele>399</ele>
        <time>2024-05-22T10:34:15Z</time>
        <cmt>speed: 0.8</cmt>
      </trkpt>
      <trkpt lat="47.358902" lon="8.561283">
        <ele>396</ele>
        <time>2024-05-22T10:44:17Z</time>
        <cmt>speed: 0.3</cmt>
      </trkpt>
      <trkpt lat="47.358902" lon="8.561283">
        <ele>396</ele>
        <time>2024-05-22T10:54:17Z</time>
      </trkpt>
      <trkpt lat="47.358605" lon="8.560468">
        <ele>436</ele>
        <time>2024-05-22T10:54:18Z</time>
        <cmt>speed: 0.1</cmt>
      </trkpt>
      <trkpt lat="47.358796" lon="8.560347">
        <ele>390</ele>
        <time>2024-05-22T11:04:24Z</time>
        <cmt>speed: 0.9</cmt>
      </trkpt>
      <trkpt lat="47.359043" lon="8.561116">
        <ele>439</ele>
        <time>2024-05-22T11:14:16Z</time>
        <cmt>speed: 0.4</cmt>
      </trkpt>
      <trkpt lat="47.358684" lon="8.560885">
        <ele>404</ele>
        <time>2024-05-22T11:24:18Z</time>
        <cmt>speed: 0.4</cmt>
      </trkpt>
      <trkpt lat="47.3592" lon="8.561089">
        <ele>445</ele>
        <time>2024-05-22T11:34:19Z</time>
        <cmt>speed: 0.6</cmt>
      </trkpt>
      <trkpt lat="47.35908" lon="8.561354">
        <ele>418</ele>
        <time>2024-05-22T11:44:15Z</time>
        <cmt>speed: 0.3</cmt>
      </trkpt>
      <trkpt lat="47.35908" lon="8.561354">
        <ele>418</ele>
        <time>2024-05-22T11:49:14Z</time>
      </trkpt>
      <trkpt lat="47.360065" lon="8.561566">
        <ele>430</ele>
        <time>2024-05-22T12:04:17Z</time>
        <cmt>speed: 0.1</cmt>
      </trkpt>
      <trkpt lat="47.359974" lon="8.56367">
        <ele>434</ele>
        <time>2024-05-22T12:13:38Z</time>
      </trkpt>
      <trkpt lat="47.359688" lon="8.563462">
        <ele>440</ele>
        <time>2024-05-22T12:18:32Z</time>
        <cmt>speed: 0.9</cmt>
      </trkpt>
      <trkpt lat="47.359013" lon="8.563638">
        <ele>430</ele>
        <time>2024-05-22T12:28:30Z</time>
        <cmt>speed: 0.3</cmt>
      </trkpt>
      <trkpt lat="47.359013" lon="8.563638">
        <ele>430</ele>
        <time>2024-05-22T12:38:28Z</time>
      </trkpt>
      <trkpt lat="47.358603" lon="8.56388">
        <ele>460</ele>
        <time>2024-05-22T12:38:29Z</time>
        <cmt>speed: 0.3</cmt>
      </trkpt>
      <trkpt lat="47.358857" lon="8.563914">
        <ele>432</ele>
        <time>2024-05-22T12:48:29Z</time>
        <cmt>speed: 0.5</cmt>
      </trkpt>
      <trkpt lat="47.358629" lon="8.564075">
        <ele>385</ele>
        <time>2024-05-22T12:58:29Z</time>
        <cmt>speed: 0.6</cmt>
      </trkpt>
      <trkpt lat="47.358563" lon="8.563881">
        <ele>438</ele>
        <time>2024-05-22T13:08:30Z</time>
        <cmt>speed: 0.5</cmt>
      </trkpt>
      <trkpt lat="47.358563" lon="8.563881">
        <ele>438</ele>
        <time>2024-05-22T13:18:47Z</time>
      </trkpt>
      <trkpt lat="47.35869" lon="8.563713">
        <ele>415</ele>
        <time>2024-05-22T13:18:48Z</time>
        <cmt>speed: 1.2</cmt>
      </trkpt>
      <trkpt lat="47.358611" lon="8.563863">
        <ele>436</ele>
        <time>2024-05-22T13:28:44Z</time>
        <cmt>speed: 0.2</cmt>
      </trkpt>
      <trkpt lat="47.358611" lon="8.563863">
        <ele>436</ele>
        <time>2024-05-22T13:38:49Z</time>
      </trkpt>
      <trkpt lat="47.35866" lon="8.563902">
        <ele>448</ele>
        <time>2024-05-22T13:38:51Z</time>
        <cmt>speed: 0.1</cmt>
      </trkpt>
      <trkpt lat="47.35866" lon="8.563902">
        <ele>448</ele>
        <time>2024-05-22T13:58:53Z</time>
      </trkpt>
      <trkpt lat="47.358677" lon="8.563866">
        <ele>447</ele>
        <time>2024-05-22T13:58:55Z</time>
        <cmt>speed: 1.7</cmt>
      </trkpt>
      <trkpt lat="47.358553" lon="8.564006">
        <ele>474</ele>
        <time>2024-05-22T14:08:37Z</time>
        <cmt>speed: 0.2</cmt>
      </trkpt>
      <trkpt lat="47.358553" lon="8.564006">
        <ele>474</ele>
        <time>2024-05-22T14:38:30Z</time>
      </trkpt>
      <trkpt lat="47.358651" lon="8.563842">
        <ele>429</ele>
        <time>2024-05-22T14:38:32Z</time>
        <cmt>speed: 0.0</cmt>
      </trkpt>
      <trkpt lat="47.35899" lon="8.563045">
        <ele>475</ele>
        <time>2024-05-22T14:48:36Z</time>
        <cmt>speed: 0.0</cmt>
      </trkpt>
      <trkpt lat="47.35899" lon="8.563045">
        <ele>475</ele>
        <time>2024-05-22T14:58:29Z</time>
      </trkpt>
      <trkpt lat="47.358794" lon="8.561892">
        <ele>465</ele>
        <time>2024-05-22T14:58:31Z</time>
        <cmt>speed: 0.4</cmt>
      </trkpt>
      <trkpt lat="47.359395" lon="8.561946">
        <ele>455</ele>
        <time>2024-05-22T15:08:31Z</time>
        <cmt>speed: 0.7</cmt>
      </trkpt>
      <trkpt lat="47.358846" lon="8.561063">
        <ele>448</ele>
        <time>2024-05-22T15:18:31Z</time>
        <cmt>speed: 1.2</cmt>
      </trkpt>
      <trkpt lat="47.358721" lon="8.560234">
        <ele>443</ele>
        <time>2024-05-22T15:28:33Z</time>
        <cmt>speed: 0.6</cmt>
      </trkpt>
      <trkpt lat="47.358721" lon="8.560234">
        <ele>443</ele>
        <time>2024-05-22T15:38:35Z</time>
      </trkpt>
      <trkpt lat="47.358125" lon="8.560355">
        <ele>448</ele>
        <time>2024-05-22T15:38:37Z</time>
        <cmt>speed: 0.5</cmt>
      </trkpt>
      <trkpt lat="47.35775" lon="8.560092">
        <ele>430</ele>
        <time>2024-05-22T15:48:44Z</time>
        <cmt>speed: 0.4</cmt>
      </trkpt>
      <trkpt lat="47.357735" lon="8.56022">
        <ele>432</ele>
        <time>2024-05-22T15:58:33Z</time>
        <cmt>speed: 1.0</cmt>
      </trkpt>
      <trkpt lat="47.358053" lon="8.560641">
        <ele>436</ele>
        <time>2024-05-22T16:08:32Z</time>
        <cmt>speed: 0.4</cmt>
      </trkpt>
      <trkpt lat="47.359302" lon="8.560796">
        <ele>449</ele>
        <time>2024-05-22T16:18:31Z</time>
        <cmt>speed: 0.1</cmt>
      </trkpt>
      <trkpt lat="47.360532" lon="8.562565">
        <ele>437</ele>
        <time>2024-05-22T16:28:33Z</time>
        <cmt>speed: 0.6</cmt>
      </trkpt>
      <trkpt lat="47.359959" lon="8.563643">
        <ele>434</ele>
        <time>2024-05-22T16:30:54Z</time>
      </trkpt>
      <trkpt lat="47.359959" lon="8.563643">
        <ele>434</ele>
        <time>2024-05-22T16:45:54Z</time>
      </trkpt>
      <trkpt lat="47.360522" lon="8.56284">
        <ele>486</ele>
        <time>2024-05-22T19:27:03Z</time>
        <cmt>speed: 1.1</cmt>
      </trkpt>
      <trkpt lat="47.35859" lon="8.561848">
        <ele>439</ele>
        <time>2024-05-22T19:36:46Z</time>
        <cmt>speed: 1.5</cmt>
      </trkpt>
      <trkpt lat="47.357848" lon="8.562436">
        <ele>440</ele>
        <time>2024-05-22T19:46:48Z</time>
        <cmt>speed: 0.0</cmt>
      </trkpt>
      <trkpt lat="47.357848" lon="8.562436">
        <ele>440</ele>
        <time>2024-05-22T19:47:01Z</time>
      </trkpt>
      <trkpt lat="47.357807" lon="8.562863">
        <ele>453</ele>
        <time>2024-05-22T19:56:53Z</time>
        <cmt>speed: 0.6</cmt>
      </trkpt>
      <trkpt lat="47.357833" lon="8.563504">
        <ele>429</ele>
        <time>2024-05-22T20:06:46Z</time>
        <cmt>speed: 0.1</cmt>
      </trkpt>
      <trkpt lat="47.357833" lon="8.563504">
        <ele>429</ele>
        <time>2024-05-22T20:07:01Z</time>
      </trkpt>
      <trkpt lat="47.357873" lon="8.563295">
        <ele>439</ele>
        <time>2024-05-22T20:16:48Z</time>
        <cmt>speed: 0.1</cmt>
      </trkpt>
      <trkpt lat="47.357794" lon="8.563537">
        <ele>451</ele>
        <time>2024-05-22T20:26:50Z</time>
        <cmt>speed: 0.0</cmt>
      </trkpt>
      <trkpt lat="47.357794" lon="8.563537">
        <ele>451</ele>
        <time>2024-05-22T20:27:01Z</time>
      </trkpt>
      <trkpt lat="47.357819" lon="8.563407">
        <ele>450</ele>
        <time>2024-05-22T20:45:04Z</time>
        <cmt>speed: 0.0</cmt>
      </trkpt>
      <trkpt lat="47.357819" lon="8.563407">
        <ele>450</ele>
        <time>2024-05-22T20:54:57Z</time>
      </trkpt>
      <trkpt lat="47.357806" lon="8.563441">
        <ele>440</ele>
        <time>2024-05-22T20:55:00Z</time>
        <cmt>speed: 0.1</cmt>
      </trkpt>
      <trkpt lat="47.35778" lon="8.56345">
        <ele>430</ele>
        <time>2024-05-22T21:05:00Z</time>
        <cmt>speed: 0.1</cmt>
      </trkpt>
      <trkpt lat="47.35778" lon="8.56345">
        <ele>430</ele>
        <time>2024-05-22T21:14:56Z</time>
      </trkpt>
      <trkpt lat="47.357921" lon="8.563344">
        <ele>451</ele>
        <time>2024-05-22T21:14:59Z</time>
        <cmt>speed: 1.7</cmt>
      </trkpt>
      <trkpt lat="47.357762" lon="8.563392">
        <ele>427</ele>
        <time>2024-05-22T21:25:00Z</time>
        <cmt>speed: 0.0</cmt>
      </trkpt>
      <trkpt lat="47.357762" lon="8.563392">
        <ele>427</ele>
        <time>2024-05-22T21:34:57Z</time>
      </trkpt>
      <trkpt lat="47.35781" lon="8.563393">
        <ele>435</ele>
        <time>2024-05-22T21:35:00Z</time>
        <cmt>speed: 0.2</cmt>
      </trkpt>
      <trkpt lat="47.35781" lon="8.56344">
        <ele>446</ele>
        <time>2024-05-22T21:44:59Z</time>
        <cmt>speed: 0.5</cmt>
      </trkpt>
      <trkpt lat="47.35781" lon="8.56344">
        <ele>446</ele>
        <time>2024-05-22T21:54:58Z</time>
      </trkpt>
      <trkpt lat="47.357854" lon="8.563483">
        <ele>439</ele>
        <time>2024-05-22T21:55:01Z</time>
        <cmt>speed: 0.2</cmt>
      </trkpt>
      <trkpt lat="47.357883" lon="8.563477">
        <ele>460</ele>
        <time>2024-05-22T22:04:58Z</time>
        <cmt>speed: 1.0</cmt>
      </trkpt>
      <trkpt lat="47.357883" lon="8.563477">
        <ele>460</ele>
        <time>2024-05-22T22:14:57Z</time>
      </trkpt>
      <trkpt lat="47.357778" lon="8.563497">
        <ele>446</ele>
        <time>2024-05-22T22:15:00Z</time>
        <cmt>speed: 0.1</cmt>
      </trkpt>
      <trkpt lat="47.357664" lon="8.563596">
        <ele>481</ele>
        <time>2024-05-22T22:24:59Z</time>
        <cmt>speed: 1.4</cmt>
      </trkpt>
      <trkpt lat="47.357777" lon="8.563502">
        <ele>455</ele>
        <time>2024-05-22T22:34:58Z</time>
        <cmt>speed: 0.4</cmt>
      </trkpt>
      <trkpt lat="47.357798" lon="8.563714">
        <ele>449</ele>
        <time>2024-05-22T22:44:59Z</time>
        <cmt>speed: 0.3</cmt>
      </trkpt>
      <trkpt lat="47.357798" lon="8.563714">
        <ele>449</ele>
        <time>2024-05-22T22:47:01Z</time>
      </trkpt>
      <trkpt lat="47.357904" lon="8.563601">
        <ele>469</ele>
        <time>2024-05-22T22:55:03Z</time>
        <cmt>speed: 0.0</cmt>
      </trkpt>
      <trkpt lat="47.35779" lon="8.563698">
        <ele>463</ele>
        <time>2024-05-22T23:05:04Z</time>
        <cmt>speed: 0.3</cmt>
      </trkpt>
      <trkpt lat="47.357691" lon="8.563633">
        <ele>447</ele>
        <time>2024-05-22T23:15:04Z</time>
        <cmt>speed: 0.1</cmt>
      </trkpt>
      <trkpt lat="47.357708" lon="8.56368">
        <ele>420</ele>
        <time>2024-05-22T23:25:04Z</time>
        <cmt>speed: 0.1</cmt>
      </trkpt>
      <trkpt lat="47.357708" lon="8.56368">
        <ele>420</ele>
        <time>2024-05-22T23:27:01Z</time>
      </trkpt>
      <trkpt lat="47.357643" lon="8.563568">
        <ele>496</ele>
        <time>2024-05-22T23:35:05Z</time>
        <cmt>speed: 0.1</cmt>
      </trkpt>
      <trkpt lat="47.357661" lon="8.563257">
        <ele>438</ele>
        <time>2024-05-22T23:45:05Z</time>
        <cmt>speed: 1.8</cmt>
      </trkpt>
      <trkpt lat="47.359327" lon="8.561566">
        <ele>446</ele>
        <time>2024-05-22T23:55:08Z</time>
        <cmt>speed: 1.4</cmt>
      </trkpt>
      <trkpt lat="47.360078" lon="8.56156">
        <ele>418</ele>
        <time>2024-05-23T00:05:02Z</time>
        <cmt>speed: 1.5</cmt>
      </trkpt>
      <trkpt lat="47.359985" lon="8.560633">
        <ele>429</ele>
        <time>2024-05-23T00:15:07Z</time>
        <cmt>speed: 0.6</cmt>
      </trkpt>
      <trkpt lat="47.359691" lon="8.560445">
        <ele>449</ele>
        <time>2024-05-23T00:25:05Z</time>
        <cmt>speed: 0.2</cmt>
      </trkpt>
      <trkpt lat="47.358595" lon="8.559739">
        <ele>447</ele>
        <time>2024-05-23T00:35:07Z</time>
        <cmt>speed: 0.4</cmt>
      </trkpt>
      <trkpt lat="47.357475" lon="8.561248">
        <ele>453</ele>
        <time>2024-05-23T01:05:05Z</time>
        <cmt>speed: 0.2</cmt>
      </trkpt>
      <trkpt lat="47.358831" lon="8.562121">
        <ele>454</ele>
        <time>2024-05-23T01:15:05Z</time>
        <cmt>speed: 0.7</cmt>
      </trkpt>
      <trkpt lat="47.358163" lon="8.561918">
        <ele>377</ele>
        <time>2024-05-23T01:25:04Z</time>
        <cmt>speed: 0.7</cmt>
      </trkpt>
      <trkpt lat="47.358163" lon="8.561918">
        <ele>377</ele>
        <time>2024-05-23T01:35:01Z</time>
      </trkpt>
      <trkpt lat="47.358828" lon="8.561657">
        <ele>471</ele>
        <time>2024-05-23T01:35:04Z</time>
        <cmt>speed: 0.1</cmt>
      </trkpt>
      <trkpt lat="47.358392" lon="8.561461">
        <ele>425</ele>
        <time>2024-05-23T01:45:02Z</time>
        <cmt>speed: 0.6</cmt>
      </trkpt>
      <trkpt lat="47.358392" lon="8.561461">
        <ele>425</ele>
        <time>2024-05-23T01:47:01Z</time>
      </trkpt>
      <trkpt lat="47.358363" lon="8.561424">
        <ele>419</ele>
        <time>2024-05-23T01:55:03Z</time>
        <cmt>speed: 0.2</cmt>
      </trkpt>
      <trkpt lat="47.359034" lon="8.562066">
        <ele>459</ele>
        <time>2024-05-23T02:05:03Z</time>
        <cmt>speed: 1.1</cmt>
      </trkpt>
      <trkpt lat="47.357783" lon="8.562342">
        <ele>443</ele>
        <time>2024-05-23T02:15:27Z</time>
        <cmt>speed: 2.1</cmt>
      </trkpt>
      <trkpt lat="47.357642" lon="8.562413">
        <ele>437</ele>
        <time>2024-05-23T02:25:04Z</time>
        <cmt>speed: 1.1</cmt>
      </trkpt>
      <trkpt lat="47.357556" lon="8.561497">
        <ele>427</ele>
        <time>2024-05-23T02:35:16Z</time>
        <cmt>speed: 0.1</cmt>
      </trkpt>
      <trkpt lat="47.357542" lon="8.560571">
        <ele>471</ele>
        <time>2024-05-23T02:45:09Z</time>
        <cmt>speed: 1.0</cmt>
      </trkpt>
      <trkpt lat="47.357542" lon="8.560571">
        <ele>471</ele>
        <time>2024-05-23T02:55:01Z</time>
      </trkpt>
      <trkpt lat="47.357931" lon="8.560747">
        <ele>434</ele>
        <time>2024-05-23T02:55:05Z</time>
        <cmt>speed: 1.8</cmt>
      </trkpt>
      <trkpt lat="47.358929" lon="8.560905">
        <ele>459</ele>
        <time>2024-05-23T03:05:03Z</time>
        <cmt>speed: 0.6</cmt>
      </trkpt>
      <trkpt lat="47.358632" lon="8.560591">
        <ele>455</ele>
        <time>2024-05-23T03:15:32Z</time>
        <cmt>speed: 0.1</cmt>
      </trkpt>
      <trkpt lat="47.358688" lon="8.56082">
        <ele>452</ele>
        <time>2024-05-23T03:25:06Z</time>
        <cmt>speed: 0.0</cmt>
      </trkpt>
      <trkpt lat="47.358688" lon="8.56082">
        <ele>452</ele>
        <time>2024-05-23T03:35:01Z</time>
      </trkpt>
      <trkpt lat="47.359055" lon="8.560842">
        <ele>473</ele>
        <time>2024-05-23T03:35:04Z</time>
        <cmt>speed: 0.4</cmt>
      </trkpt>
      <trkpt lat="47.358809" lon="8.56131">
        <ele>454</ele>
        <time>2024-05-23T03:45:05Z</time>
        <cmt>speed: 0.1</cmt>
      </trkpt>
      <trkpt lat="47.358809" lon="8.56131">
        <ele>454</ele>
        <time>2024-05-23T03:47:01Z</time>
      </trkpt>
      <trkpt lat="47.358655" lon="8.561021">
        <ele>421</ele>
        <time>2024-05-23T03:55:04Z</time>
        <cmt>speed: 7.9</cmt>
      </trkpt>
      <trkpt lat="47.358859" lon="8.561202">
        <ele>417</ele>
        <time>2024-05-23T04:05:06Z</time>
        <cmt>speed: 0.4</cmt>
      </trkpt>
      <trkpt lat="47.358859" lon="8.561202">
        <ele>417</ele>
        <time>2024-05-23T04:15:01Z</time>
      </trkpt>
      <trkpt lat="47.358543" lon="8.560763">
        <ele>383</ele>
        <time>2024-05-23T04:15:04Z</time>
        <cmt>speed: 0.6</cmt>
      </trkpt>
      <trkpt lat="47.358921" lon="8.561711">
        <ele>504</ele>
        <time>2024-05-23T04:25:06Z</time>
        <cmt>speed: 0.3</cmt>
      </trkpt>
      <trkpt lat="47.358921" lon="8.561711">
        <ele>504</ele>
        <time>2024-05-23T04:27:01Z</time>
      </trkpt>
      <trkpt lat="47.359016" lon="8.56131">
        <ele>419</ele>
        <time>2024-05-23T04:35:10Z</time>
        <cmt>speed: 0.1</cmt>
      </trkpt>
      <trkpt lat="47.358878" lon="8.561383">
        <ele>443</ele>
        <time>2024-05-23T04:45:13Z</time>
        <cmt>speed: 0.1</cmt>
      </trkpt>
      <trkpt lat="47.358878" lon="8.561383">
        <ele>443</ele>
        <time>2024-05-23T04:47:01Z</time>
      </trkpt>
      <trkpt lat="47.358903" lon="8.561339">
        <ele>463</ele>
        <time>2024-05-23T04:55:08Z</time>
        <cmt>speed: 0.3</cmt>
      </trkpt>
      <trkpt lat="47.358793" lon="8.561174">
        <ele>459</ele>
        <time>2024-05-23T05:05:07Z</time>
        <cmt>speed: 0.3</cmt>
      </trkpt>
      <trkpt lat="47.358793" lon="8.561174">
        <ele>459</ele>
        <time>2024-05-23T05:15:03Z</time>
      </trkpt>
      <trkpt lat="47.358837" lon="8.561213">
        <ele>365</ele>
        <time>2024-05-23T05:15:07Z</time>
        <cmt>speed: 0.0</cmt>
      </trkpt>
      <trkpt lat="47.358885" lon="8.561229">
        <ele>429</ele>
        <time>2024-05-23T05:35:07Z</time>
        <cmt>speed: 0.1</cmt>
      </trkpt>
      <trkpt lat="47.358978" lon="8.561349">
        <ele>410</ele>
        <time>2024-05-23T05:45:07Z</time>
        <cmt>speed: 0.7</cmt>
      </trkpt>
      <trkpt lat="47.358978" lon="8.561349">
        <ele>410</ele>
        <time>2024-05-23T05:47:01Z</time>
      </trkpt>
      <trkpt lat="47.358731" lon="8.561126">
        <ele>421</ele>
        <time>2024-05-23T05:55:06Z</time>
        <cmt>speed: 0.1</cmt>
      </trkpt>
      <trkpt lat="47.358983" lon="8.561349">
        <ele>406</ele>
        <time>2024-05-23T06:15:07Z</time>
        <cmt>speed: 0.2</cmt>
      </trkpt>
      <trkpt lat="47.3592" lon="8.560645">
        <ele>397</ele>
        <time>2024-05-23T06:45:13Z</time>
        <cmt>speed: 0.8</cmt>
      </trkpt>
      <trkpt lat="47.3592" lon="8.560645">
        <ele>397</ele>
        <time>2024-05-23T06:55:05Z</time>
      </trkpt>
      <trkpt lat="47.359653" lon="8.560739">
        <ele>473</ele>
        <time>2024-05-23T06:55:09Z</time>
        <cmt>speed: 0.2</cmt>
      </trkpt>
      <trkpt lat="47.359642" lon="8.56076">
        <ele>469</ele>
        <time>2024-05-23T07:05:24Z</time>
        <cmt>speed: 0.2</cmt>
      </trkpt>
      <trkpt lat="47.359446" lon="8.560881">
        <ele>442</ele>
        <time>2024-05-23T07:16:55Z</time>
        <cmt>speed: 0.0</cmt>
      </trkpt>
      <trkpt lat="47.359446" lon="8.560881">
        <ele>442</ele>
        <time>2024-05-23T07:27:04Z</time>
      </trkpt>
      <trkpt lat="47.359506" lon="8.560117">
        <ele>420</ele>
        <time>2024-05-23T07:27:08Z</time>
        <cmt>speed: 0.6</cmt>
      </trkpt>
      <trkpt lat="47.359392" lon="8.560887">
        <ele>469</ele>
        <time>2024-05-23T07:37:08Z</time>
        <cmt>speed: 0.5</cmt>
      </trkpt>
      <trkpt lat="47.359392" lon="8.560887">
        <ele>469</ele>
        <time>2024-05-23T08:07:14Z</time>
      </trkpt>
      <trkpt lat="47.359632" lon="8.560461">
        <ele>410</ele>
        <time>2024-05-23T08:07:19Z</time>
        <cmt>speed: 0.9</cmt>
      </trkpt>
      <trkpt lat="47.359427" lon="8.560633">
        <ele>467</ele>
        <time>2024-05-23T08:16:53Z</time>
        <cmt>speed: 0.0</cmt>
      </trkpt>
      <trkpt lat="47.359427" lon="8.560633">
        <ele>467</ele>
        <time>2024-05-23T08:27:01Z</time>
      </trkpt>
      <trkpt lat="47.359331" lon="8.560744">
        <ele>431</ele>
        <time>2024-05-23T08:29:41Z</time>
        <cmt>speed: 0.3</cmt>
      </trkpt>
      <trkpt lat="47.359256" lon="8.561044">
        <ele>470</ele>
        <time>2024-05-23T08:39:36Z</time>
        <cmt>speed: 0.2</cmt>
      </trkpt>
      <trkpt lat="47.359414" lon="8.560586">
        <ele>422</ele>
        <time>2024-05-23T08:49:36Z</time>
        <cmt>speed: 0.1</cmt>
      </trkpt>
      <trkpt lat="47.359391" lon="8.561164">
        <ele>476</ele>
        <time>2024-05-23T08:59:36Z</time>
        <cmt>speed: 1.1</cmt>
      </trkpt>
      <trkpt lat="47.359391" lon="8.561164">
        <ele>476</ele>
        <time>2024-05-23T09:09:35Z</time>
      </trkpt>
      <trkpt lat="47.359586" lon="8.560551">
        <ele>470</ele>
        <time>2024-05-23T09:09:40Z</time>
        <cmt>speed: 0.5</cmt>
      </trkpt>
      <trkpt lat="47.359527" lon="8.561438">
        <ele>436</ele>
        <time>2024-05-23T09:29:32Z</time>
        <cmt>speed: 0.3</cmt>
      </trkpt>
      <trkpt lat="47.359974" lon="8.56367">
        <ele>434</ele>
        <time>2024-05-23T09:36:24Z</time>
      </trkpt>
      <trkpt lat="47.359974" lon="8.56367">
        <ele>434</ele>
        <time>2024-05-23T09:51:24Z</time>
      </trkpt>
      <trkpt lat="47.359726" lon="8.563318">
        <ele>423</ele>
        <time>2024-05-23T16:22:02Z</time>
        <cmt>speed: 1.0</cmt>
      </trkpt>
      <trkpt lat="47.359337" lon="8.56194">
        <ele>442</ele>
        <time>2024-05-23T16:31:58Z</time>
        <cmt>speed: 0.5</cmt>
      </trkpt>
      <trkpt lat="47.358767" lon="8.561071">
        <ele>441</ele>
        <time>2024-05-23T16:42:00Z</time>
        <cmt>speed: 0.1</cmt>
      </trkpt>
      <trkpt lat="47.358767" lon="8.561071">
        <ele>441</ele>
        <time>2024-05-23T16:42:06Z</time>
      </trkpt>
      <trkpt lat="47.358431" lon="8.561142">
        <ele>422</ele>
        <time>2024-05-23T16:51:55Z</time>
        <cmt>speed: 0.2</cmt>
      </trkpt>
      <trkpt lat="47.358406" lon="8.561703">
        <ele>438</ele>
        <time>2024-05-23T17:01:55Z</time>
        <cmt>speed: 0.8</cmt>
      </trkpt>
      <trkpt lat="47.357799" lon="8.561504">
        <ele>448</ele>
        <time>2024-05-23T17:11:55Z</time>
        <cmt>speed: 0.5</cmt>
      </trkpt>
      <trkpt lat="47.357799" lon="8.561504">
        <ele>448</ele>
        <time>2024-05-23T17:21:56Z</time>
      </trkpt>
      <trkpt lat="47.357851" lon="8.562853">
        <ele>441</ele>
        <time>2024-05-23T17:22:01Z</time>
        <cmt>speed: 0.0</cmt>
      </trkpt>
      <trkpt lat="47.357916" lon="8.562768">
        <ele>448</ele>
        <time>2024-05-23T17:32:03Z</time>
        <cmt>speed: 0.4</cmt>
      </trkpt>
      <trkpt lat="47.357916" lon="8.562768">
        <ele>448</ele>
        <time>2024-05-23T17:42:05Z</time>
      </trkpt>
      <trkpt lat="47.358079" lon="8.562794">
        <ele>462</ele>
        <time>2024-05-23T17:42:11Z</time>
        <cmt>speed: 0.0</cmt>
      </trkpt>
      <trkpt lat="47.357945" lon="8.562872">
        <ele>455</ele>
        <time>2024-05-23T17:54:02Z</time>
        <cmt>speed: 0.6</cmt>
      </trkpt>
      <trkpt lat="47.357583" lon="8.562992">
        <ele>463</ele>
        <time>2024-05-23T18:04:12Z</time>
        <cmt>speed: 2.3</cmt>
      </trkpt>
      <trkpt lat="47.357541" lon="8.56362">
        <ele>449</ele>
        <time>2024-05-23T18:14:02Z</time>
        <cmt>speed: 0.4</cmt>
      </trkpt>
      <trkpt lat="47.357541" lon="8.56362">
        <ele>449</ele>
        <time>2024-05-23T18:21:49Z</time>
      </trkpt>
      <trkpt lat="47.357608" lon="8.563739">
        <ele>435</ele>
        <time>2024-05-23T18:24:00Z</time>
        <cmt>speed: 2.5</cmt>
      </trkpt>
      <trkpt lat="47.357573" lon="8.563553">
        <ele>450</ele>
        <time>2024-05-23T18:34:01Z</time>
        <cmt>speed: 0.0</cmt>
      </trkpt>
      <trkpt lat="47.357573" lon="8.563553">
        <ele>450</ele>
        <time>2024-05-23T18:43:54Z</time>
      </trkpt>
      <trkpt lat="47.357275" lon="8.56341">
        <ele>482</ele>
        <time>2024-05-23T18:44:00Z</time>
        <cmt>speed: 1.5</cmt>
      </trkpt>
      <trkpt lat="47.357534" lon="8.563489">
        <ele>456</ele>
        <time>2024-05-23T18:54:01Z</time>
        <cmt>speed: 0.4</cmt>
      </trkpt>
      <trkpt lat="47.357534" lon="8.563489">
        <ele>456</ele>
        <time>2024-05-23T19:03:55Z</time>
      </trkpt>
      <trkpt lat="47.357537" lon="8.563669">
        <ele>446</ele>
        <time>2024-05-23T19:04:01Z</time>
        <cmt>speed: 0.1</cmt>
      </trkpt>
      <trkpt lat="47.357845" lon="8.563795">
        <ele>438</ele>
        <time>2024-05-23T19:14:01Z</time>
        <cmt>speed: 0.5</cmt>
      </trkpt>
      <trkpt lat="47.357845" lon="8.563795">
        <ele>438</ele>
        <time>2024-05-23T19:23:54Z</time>
      </trkpt>
      <trkpt lat="47.357513" lon="8.563729">
        <ele>465</ele>
        <time>2024-05-23T19:24:00Z</time>
        <cmt>speed: 0.4</cmt>
      </trkpt>
      <trkpt lat="47.357614" lon="8.563516">
        <ele>444</ele>
        <time>2024-05-23T19:34:01Z</time>
        <cmt>speed: 1.3</cmt>
      </trkpt>
      <trkpt lat="47.357566" lon="8.563543">
        <ele>449</ele>
        <time>2024-05-23T19:44:00Z</time>
        <cmt>speed: 1.7</cmt>
      </trkpt>
      <trkpt lat="47.35741" lon="8.563715">
        <ele>439</ele>
        <time>2024-05-23T19:54:00Z</time>
        <cmt>speed: 0.7</cmt>
      </trkpt>
      <trkpt lat="47.357516" lon="8.563682">
        <ele>490</ele>
        <time>2024-05-23T20:04:02Z</time>
        <cmt>speed: 0.3</cmt>
      </trkpt>
      <trkpt lat="47.357594" lon="8.563697">
        <ele>459</ele>
        <time>2024-05-23T20:14:03Z</time>
        <cmt>speed: 0.1</cmt>
      </trkpt>
      <trkpt lat="47.357594" lon="8.563697">
        <ele>459</ele>
        <time>2024-05-23T20:23:56Z</time>
      </trkpt>
      <trkpt lat="47.35756" lon="8.563754">
        <ele>452</ele>
        <time>2024-05-23T20:24:03Z</time>
        <cmt>speed: 0.0</cmt>
      </trkpt>
      <trkpt lat="47.357555" lon="8.563757">
        <ele>453</ele>
        <time>2024-05-23T20:34:02Z</time>
        <cmt>speed: 1.4</cmt>
      </trkpt>
      <trkpt lat="47.357555" lon="8.563757">
        <ele>453</ele>
        <time>2024-05-23T20:43:55Z</time>
      </trkpt>
      <trkpt lat="47.357573" lon="8.56373">
        <ele>455</ele>
        <time>2024-05-23T20:44:02Z</time>
        <cmt>speed: 0.1</cmt>
      </trkpt>
      <trkpt lat="47.358191" lon="8.562996">
        <ele>454</ele>
        <time>2024-05-23T20:54:05Z</time>
        <cmt>speed: 2.6</cmt>
      </trkpt>
      <trkpt lat="47.358191" lon="8.562996">
        <ele>454</ele>
        <time>2024-05-23T21:03:57Z</time>
      </trkpt>
      <trkpt lat="47.358076" lon="8.563076">
        <ele>401</ele>
        <time>2024-05-23T21:04:03Z</time>
        <cmt>speed: 0.3</cmt>
      </trkpt>
      <trkpt lat="47.358099" lon="8.562972">
        <ele>453</ele>
        <time>2024-05-23T21:14:02Z</time>
        <cmt>speed: 0.1</cmt>
      </trkpt>
      <trkpt lat="47.357944" lon="8.562894">
        <ele>448</ele>
        <time>2024-05-23T21:24:02Z</time>
        <cmt>speed: 0.3</cmt>
      </trkpt>
      <trkpt lat="47.358633" lon="8.56057">
        <ele>480</ele>
        <time>2024-05-23T21:34:09Z</time>
        <cmt>speed: 0.4</cmt>
      </trkpt>
      <trkpt lat="47.359616" lon="8.558756">
        <ele>486</ele>
        <time>2024-05-23T21:44:02Z</time>
        <cmt>speed: 0.6</cmt>
      </trkpt>
      <trkpt lat="47.358811" lon="8.55997">
        <ele>453</ele>
        <time>2024-05-23T21:54:04Z</time>
        <cmt>speed: 0.1</cmt>
      </trkpt>
      <trkpt lat="47.359785" lon="8.559924">
        <ele>419</ele>
        <time>2024-05-23T22:04:00Z</time>
        <cmt>speed: 0.5</cmt>
      </trkpt>
      <trkpt lat="47.359827" lon="8.562589">
        <ele>432</ele>
        <time>2024-05-23T22:14:02Z</time>
        <cmt>speed: 2.3</cmt>
      </trkpt>
      <trkpt lat="47.359085" lon="8.563865">
        <ele>443</ele>
        <time>2024-05-23T22:24:02Z</time>
        <cmt>speed: 0.1</cmt>
      </trkpt>
      <trkpt lat="47.358743" lon="8.565301">
        <ele>455</ele>
        <time>2024-05-23T22:34:01Z</time>
        <cmt>speed: 0.1</cmt>
      </trkpt>
      <trkpt lat="47.358709" lon="8.565366">
        <ele>451</ele>
        <time>2024-05-23T22:44:01Z</time>
        <cmt>speed: 0.0</cmt>
      </trkpt>
      <trkpt lat="47.358793" lon="8.565441">
        <ele>478</ele>
        <time>2024-05-23T22:54:02Z</time>
        <cmt>speed: 0.1</cmt>
      </trkpt>
      <trkpt lat="47.358678" lon="8.564834">
        <ele>468</ele>
        <time>2024-05-23T23:04:04Z</time>
        <cmt>speed: 0.4</cmt>
      </trkpt>
      <trkpt lat="47.358798" lon="8.565249">
        <ele>455</ele>
        <time>2024-05-23T23:14:01Z</time>
        <cmt>speed: 0.2</cmt>
      </trkpt>
      <trkpt lat="47.358798" lon="8.565249">
        <ele>455</ele>
        <time>2024-05-23T23:23:54Z</time>
      </trkpt>
      <trkpt lat="47.358723" lon="8.565322">
        <ele>457</ele>
        <time>2024-05-23T23:24:01Z</time>
        <cmt>speed: 0.1</cmt>
      </trkpt>
      <trkpt lat="47.358783" lon="8.565198">
        <ele>442</ele>
        <time>2024-05-23T23:34:00Z</time>
        <cmt>speed: 2.2</cmt>
      </trkpt>
      <trkpt lat="47.359506" lon="8.563368">
        <ele>403</ele>
        <time>2024-05-23T23:44:05Z</time>
        <cmt>speed: 0.0</cmt>
      </trkpt>
      <trkpt lat="47.359251" lon="8.561757">
        <ele>426</ele>
        <time>2024-05-23T23:54:03Z</time>
        <cmt>speed: 4.9</cmt>
      </trkpt>
      <trkpt lat="47.358807" lon="8.561986">
        <ele>418</ele>
        <time>2024-05-24T00:04:00Z</time>
        <cmt>speed: 0.8</cmt>
      </trkpt>
      <trkpt lat="47.359329" lon="8.560726">
        <ele>444</ele>
        <time>2024-05-24T00:14:06Z</time>
        <cmt>speed: 0.4</cmt>
      </trkpt>
      <trkpt lat="47.358505" lon="8.560252">
        <ele>419</ele>
        <time>2024-05-24T00:24:01Z</time>
        <cmt>speed: 1.0</cmt>
      </trkpt>
      <trkpt lat="47.358071" lon="8.560727">
        <ele>417</ele>
        <time>2024-05-24T00:34:01Z</time>
        <cmt>speed: 0.2</cmt>
      </trkpt>
      <trkpt lat="47.358071" lon="8.560727">
        <ele>417</ele>
        <time>2024-05-24T00:44:01Z</time>
      </trkpt>
      <trkpt lat="47.358147" lon="8.561203">
        <ele>427</ele>
        <time>2024-05-24T00:44:08Z</time>
        <cmt>speed: 0.5</cmt>
      </trkpt>
      <trkpt lat="47.357474" lon="8.561469">
        <ele>429</ele>
        <time>2024-05-24T00:54:11Z</time>
        <cmt>speed: 0.5</cmt>
      </trkpt>
      <trkpt lat="47.357905" lon="8.559911">
        <ele>457</ele>
        <time>2024-05-24T01:04:04Z</time>
        <cmt>speed: 0.8</cmt>
      </trkpt>
      <trkpt lat="47.359338" lon="8.559469">
        <ele>434</ele>
        <time>2024-05-24T01:14:03Z</time>
        <cmt>speed: 0.2</cmt>
      </trkpt>
      <trkpt lat="47.360261" lon="8.561005">
        <ele>388</ele>
        <time>2024-05-24T01:24:15Z</time>
        <cmt>speed: 2.8</cmt>
      </trkpt>
      <trkpt lat="47.360084" lon="8.560976">
        <ele>435</ele>
        <time>2024-05-24T01:34:05Z</time>
        <cmt>speed: 0.4</cmt>
      </trkpt>
      <trkpt lat="47.360165" lon="8.561015">
        <ele>417</ele>
        <time>2024-05-24T01:44:00Z</time>
        <cmt>speed: 0.0</cmt>
      </trkpt>
      <trkpt lat="47.359186" lon="8.561451">
        <ele>439</ele>
        <time>2024-05-24T01:54:03Z</time>
        <cmt>speed: 0.1</cmt>
      </trkpt>
      <trkpt lat="47.358012" lon="8.563007">
        <ele>449</ele>
        <time>2024-05-24T02:04:03Z</time>
        <cmt>speed: 0.0</cmt>
      </trkpt>
      <trkpt lat="47.359579" lon="8.561655">
        <ele>433</ele>
        <time>2024-05-24T02:14:02Z</time>
        <cmt>speed: 0.6</cmt>
      </trkpt>
      <trkpt lat="47.358984" lon="8.565118">
        <ele>502</ele>
        <time>2024-05-24T02:24:00Z</time>
        <cmt>speed: 0.3</cmt>
      </trkpt>
      <trkpt lat="47.358849" lon="8.565268">
        <ele>437</ele>
        <time>2024-05-24T02:34:01Z</time>
        <cmt>speed: 0.4</cmt>
      </trkpt>
      <trkpt lat="47.358802" lon="8.565344">
        <ele>433</ele>
        <time>2024-05-24T02:44:02Z</time>
        <cmt>speed: 0.0</cmt>
      </trkpt>
      <trkpt lat="47.35888" lon="8.561939">
        <ele>434</ele>
        <time>2024-05-24T02:54:03Z</time>
        <cmt>speed: 0.8</cmt>
      </trkpt>
      <trkpt lat="47.357893" lon="8.562979">
        <ele>426</ele>
        <time>2024-05-24T03:04:06Z</time>
        <cmt>speed: 0.1</cmt>
      </trkpt>
      <trkpt lat="47.358596" lon="8.561445">
        <ele>468</ele>
        <time>2024-05-24T03:14:01Z</time>
        <cmt>speed: 0.2</cmt>
      </trkpt>
      <trkpt lat="47.358795" lon="8.560896">
        <ele>414</ele>
        <time>2024-05-24T03:24:02Z</time>
        <cmt>speed: 0.1</cmt>
      </trkpt>
      <trkpt lat="47.359193" lon="8.560545">
        <ele>402</ele>
        <time>2024-05-24T03:34:03Z</time>
        <cmt>speed: 0.6</cmt>
      </trkpt>
      <trkpt lat="47.36002" lon="8.56175">
        <ele>424</ele>
        <time>2024-05-24T03:44:04Z</time>
        <cmt>speed: 0.7</cmt>
      </trkpt>
      <trkpt lat="47.359959" lon="8.563643">
        <ele>434</ele>
        <time>2024-05-24T03:52:36Z</time>
      </trkpt>
      <trkpt lat="47.359959" lon="8.563643">
        <ele>434</ele>
        <time>2024-05-24T04:07:36Z</time>
      </trkpt>
      <trkpt lat="47.359956" lon="8.563102">
        <ele>440</ele>
        <time>2024-05-24T11:09:51Z</time>
        <cmt>speed: 1.5</cmt>
      </trkpt>
      <trkpt lat="47.360324" lon="8.56162">
        <ele>433</ele>
        <time>2024-05-24T11:19:39Z</time>
        <cmt>speed: 0.7</cmt>
      </trkpt>
      <trkpt lat="47.359339" lon="8.560591">
        <ele>409</ele>
        <time>2024-05-24T11:29:37Z</time>
        <cmt>speed: 0.4</cmt>
      </trkpt>
      <trkpt lat="47.359275" lon="8.559574">
        <ele>436</ele>
        <time>2024-05-24T11:39:41Z</time>
        <cmt>speed: 0.8</cmt>
      </trkpt>
      <trkpt lat="47.359125" lon="8.560445">
        <ele>439</ele>
        <time>2024-05-24T11:49:38Z</time>
        <cmt>speed: 0.3</cmt>
      </trkpt>
      <trkpt lat="47.358766" lon="8.561325">
        <ele>438</ele>
        <time>2024-05-24T11:59:37Z</time>
        <cmt>speed: 0.0</cmt>
      </trkpt>
      <trkpt lat="47.358766" lon="8.561325">
        <ele>438</ele>
        <time>2024-05-24T12:09:31Z</time>
      </trkpt>
      <trkpt lat="47.358118" lon="8.561107">
        <ele>423</ele>
        <time>2024-05-24T12:09:40Z</time>
        <cmt>speed: 1.6</cmt>
      </trkpt>
      <trkpt lat="47.358177" lon="8.561054">
        <ele>419</ele>
        <time>2024-05-24T12:19:37Z</time>
        <cmt>speed: 0.3</cmt>
      </trkpt>
      <trkpt lat="47.358177" lon="8.561054">
        <ele>419</ele>
        <time>2024-05-24T12:29:33Z</time>
      </trkpt>
      <trkpt lat="47.358321" lon="8.56096">
        <ele>432</ele>
        <time>2024-05-24T12:29:42Z</time>
        <cmt>speed: 0.2</cmt>
      </trkpt>
      <trkpt lat="47.359132" lon="8.561277">
        <ele>421</ele>
        <time>2024-05-24T12:39:37Z</time>
        <cmt>speed: 0.7</cmt>
      </trkpt>
      <trkpt lat="47.35919" lon="8.560449">
        <ele>434</ele>
        <time>2024-05-24T12:49:37Z</time>
        <cmt>speed: 1.2</cmt>
      </trkpt>
      <trkpt lat="47.358922" lon="8.560927">
        <ele>437</ele>
        <time>2024-05-24T12:59:37Z</time>
        <cmt>speed: 0.4</cmt>
      </trkpt>
      <trkpt lat="47.358817" lon="8.560754">
        <ele>437</ele>
        <time>2024-05-24T13:09:36Z</time>
        <cmt>speed: 2.1</cmt>
      </trkpt>
      <trkpt lat="47.358966" lon="8.560987">
        <ele>434</ele>
        <time>2024-05-24T13:19:37Z</time>
        <cmt>speed: 0.3</cmt>
      </trkpt>
      <trkpt lat="47.358968" lon="8.56093">
        <ele>405</ele>
        <time>2024-05-24T13:41:19Z</time>
        <cmt>speed: 0.2</cmt>
      </trkpt>
      <trkpt lat="47.358968" lon="8.56093">
        <ele>405</ele>
        <time>2024-05-24T13:51:08Z</time>
      </trkpt>
      <trkpt lat="47.358975" lon="8.561">
        <ele>424</ele>
        <time>2024-05-24T13:51:18Z</time>
        <cmt>speed: 0.7</cmt>
      </trkpt>
      <trkpt lat="47.359141" lon="8.560711">
        <ele>402</ele>
        <time>2024-05-24T14:01:15Z</time>
        <cmt>speed: 1.1</cmt>
      </trkpt>
      <trkpt lat="47.359141" lon="8.560711">
        <ele>402</ele>
        <time>2024-05-24T14:11:06Z</time>
      </trkpt>
      <trkpt lat="47.358867" lon="8.561036">
        <ele>440</ele>
        <time>2024-05-24T14:11:15Z</time>
        <cmt>speed: 0.1</cmt>
      </trkpt>
      <trkpt lat="47.358915" lon="8.560916">
        <ele>451</ele>
        <time>2024-05-24T14:21:18Z</time>
        <cmt>speed: 0.1</cmt>
      </trkpt>
      <trkpt lat="47.358915" lon="8.560916">
        <ele>451</ele>
        <time>2024-05-24T14:29:28Z</time>
      </trkpt>
      <trkpt lat="47.359018" lon="8.561223">
        <ele>434</ele>
        <time>2024-05-24T14:31:17Z</time>
        <cmt>speed: 0.1</cmt>
      </trkpt>
      <trkpt lat="47.358793" lon="8.56104">
        <ele>392</ele>
        <time>2024-05-24T14:41:21Z</time>
        <cmt>speed: 0.2</cmt>
      </trkpt>
      <trkpt lat="47.359809" lon="8.563605">
        <ele>437</ele>
        <time>2024-05-24T14:51:19Z</time>
        <cmt>speed: 0.9</cmt>
      </trkpt>
      <trkpt lat="47.359974" lon="8.56367">
        <ele>434</ele>
        <time>2024-05-24T14:52:08Z</time>
      </trkpt>
      <trkpt lat="47.359974" lon="8.56367">
        <ele>434</ele>
        <time>2024-05-24T14:54:26Z</time>
      </trkpt>
      <trkpt lat="47.359974" lon="8.56367">
        <ele>434</ele>
        <time>2024-05-24T15:04:26Z</time>
      </trkpt>
      <trkpt lat="47.359974" lon="8.56367">
        <ele>434</ele>
        <time>2024-05-24T15:14:26Z</time>
      </trkpt>
      <trkpt lat="47.359974" lon="8.56367">
        <ele>434</ele>
        <time>2024-05-24T15:24:26Z</time>
      </trkpt>
      <trkpt lat="47.359974" lon="8.56367">
        <ele>434</ele>
        <time>2024-05-24T15:34:26Z</time>
      </trkpt>
      <trkpt lat="47.359974" lon="8.56367">
        <ele>434</ele>
        <time>2024-05-24T15:44:26Z</time>
      </trkpt>
      <trkpt lat="47.359974" lon="8.56367">
        <ele>434</ele>
        <time>2024-05-24T15:54:26Z</time>
      </trkpt>
      <trkpt lat="47.359974" lon="8.56367">
        <ele>434</ele>
        <time>2024-05-24T16:04:26Z</time>
      </trkpt>
      <trkpt lat="47.359974" lon="8.56367">
        <ele>434</ele>
        <time>2024-05-24T16:14:26Z</time>
      </trkpt>
      <trkpt lat="47.359974" lon="8.56367">
        <ele>434</ele>
        <time>2024-05-24T16:20:40Z</time>
      </trkpt>
      <trkpt lat="47.359974" lon="8.56367">
        <ele>434</ele>
        <time>2024-05-24T16:30:41Z</time>
      </trkpt>
      <trkpt lat="47.359974" lon="8.56367">
        <ele>434</ele>
        <time>2024-05-24T16:40:41Z</time>
      </trkpt>
      <trkpt lat="47.359974" lon="8.56367">
        <ele>434</ele>
        <time>2024-05-24T16:50:41Z</time>
      </trkpt>
      <trkpt lat="47.359974" lon="8.56367">
        <ele>434</ele>
        <time>2024-05-24T17:00:41Z</time>
      </trkpt>
      <trkpt lat="47.359974" lon="8.56367">
        <ele>434</ele>
        <time>2024-05-24T17:10:41Z</time>
      </trkpt>
      <trkpt lat="47.359974" lon="8.56367">
        <ele>434</ele>
        <time>2024-05-24T17:20:41Z</time>
      </trkpt>
      <trkpt lat="47.359974" lon="8.56367">
        <ele>434</ele>
        <time>2024-05-24T17:30:41Z</time>
      </trkpt>
      <trkpt lat="47.359974" lon="8.56367">
        <ele>434</ele>
        <time>2024-05-24T17:40:41Z</time>
      </trkpt>
      <trkpt lat="47.359974" lon="8.56367">
        <ele>434</ele>
        <time>2024-05-24T17:50:41Z</time>
      </trkpt>
      <trkpt lat="47.359974" lon="8.56367">
        <ele>434</ele>
        <time>2024-05-24T18:00:41Z</time>
      </trkpt>
      <trkpt lat="47.359974" lon="8.56367">
        <ele>434</ele>
        <time>2024-05-24T18:10:41Z</time>
      </trkpt>
      <trkpt lat="47.359974" lon="8.56367">
        <ele>434</ele>
        <time>2024-05-24T18:20:41Z</time>
      </trkpt>
      <trkpt lat="47.359974" lon="8.56367">
        <ele>434</ele>
        <time>2024-05-24T18:30:41Z</time>
      </trkpt>
      <trkpt lat="47.359974" lon="8.56367">
        <ele>434</ele>
        <time>2024-05-24T18:40:41Z</time>
      </trkpt>
      <trkpt lat="47.359974" lon="8.56367">
        <ele>434</ele>
        <time>2024-05-24T18:50:41Z</time>
      </trkpt>
      <trkpt lat="47.359974" lon="8.56367">
        <ele>434</ele>
        <time>2024-05-24T19:00:41Z</time>
      </trkpt>
      <trkpt lat="47.359974" lon="8.56367">
        <ele>434</ele>
        <time>2024-05-24T19:10:41Z</time>
      </trkpt>
      <trkpt lat="47.359974" lon="8.56367">
        <ele>434</ele>
        <time>2024-05-24T19:20:41Z</time>
      </trkpt>
      <trkpt lat="47.359974" lon="8.56367">
        <ele>434</ele>
        <time>2024-05-24T19:30:41Z</time>
      </trkpt>
      <trkpt lat="47.359974" lon="8.56367">
        <ele>434</ele>
        <time>2024-05-24T19:40:41Z</time>
      </trkpt>
      <trkpt lat="47.359974" lon="8.56367">
        <ele>434</ele>
        <time>2024-05-24T19:50:41Z</time>
      </trkpt>
      <trkpt lat="47.359974" lon="8.56367">
        <ele>434</ele>
        <time>2024-05-24T20:00:41Z</time>
      </trkpt>
      <trkpt lat="47.359974" lon="8.56367">
        <ele>434</ele>
        <time>2024-05-24T20:10:41Z</time>
      </trkpt>
      <trkpt lat="47.359974" lon="8.56367">
        <ele>434</ele>
        <time>2024-05-24T20:20:41Z</time>
      </trkpt>
      <trkpt lat="47.359974" lon="8.56367">
        <ele>434</ele>
        <time>2024-05-24T20:30:41Z</time>
      </trkpt>
      <trkpt lat="47.359974" lon="8.56367">
        <ele>434</ele>
        <time>2024-05-24T20:40:41Z</time>
      </trkpt>
      <trkpt lat="47.359974" lon="8.56367">
        <ele>434</ele>
        <time>2024-05-24T20:47:41Z</time>
      </trkpt>
      <trkpt lat="47.359724" lon="8.562254">
        <ele>434</ele>
        <time>2024-05-24T21:10:22Z</time>
        <cmt>speed: 0.1</cmt>
      </trkpt>
      <trkpt lat="47.359559" lon="8.561442">
        <ele>424</ele>
        <time>2024-05-24T21:20:17Z</time>
        <cmt>speed: 0.5</cmt>
      </trkpt>
      <trkpt lat="47.358872" lon="8.56174">
        <ele>443</ele>
        <time>2024-05-24T21:30:11Z</time>
        <cmt>speed: 0.6</cmt>
      </trkpt>
      <trkpt lat="47.357755" lon="8.56134">
        <ele>448</ele>
        <time>2024-05-24T21:40:13Z</time>
        <cmt>speed: 0.2</cmt>
      </trkpt>
      <trkpt lat="47.357716" lon="8.560995">
        <ele>421</ele>
        <time>2024-05-24T21:50:16Z</time>
        <cmt>speed: 0.1</cmt>
      </trkpt>
      <trkpt lat="47.35785" lon="8.561096">
        <ele>446</ele>
        <time>2024-05-24T22:00:11Z</time>
        <cmt>speed: 1.3</cmt>
      </trkpt>
      <trkpt lat="47.3589" lon="8.559834">
        <ele>454</ele>
        <time>2024-05-24T22:10:12Z</time>
        <cmt>speed: 1.5</cmt>
      </trkpt>
      <trkpt lat="47.358841" lon="8.560743">
        <ele>427</ele>
        <time>2024-05-24T22:20:13Z</time>
        <cmt>speed: 0.4</cmt>
      </trkpt>
      <trkpt lat="47.359068" lon="8.562908">
        <ele>422</ele>
        <time>2024-05-24T22:30:14Z</time>
        <cmt>speed: 0.0</cmt>
      </trkpt>
      <trkpt lat="47.358778" lon="8.565341">
        <ele>454</ele>
        <time>2024-05-24T22:40:11Z</time>
        <cmt>speed: 0.3</cmt>
      </trkpt>
      <trkpt lat="47.35871" lon="8.565218">
        <ele>456</ele>
        <time>2024-05-24T22:50:10Z</time>
        <cmt>speed: 0.1</cmt>
      </trkpt>
      <trkpt lat="47.35871" lon="8.565218">
        <ele>456</ele>
        <time>2024-05-24T22:50:12Z</time>
      </trkpt>
      <trkpt lat="47.358698" lon="8.56517">
        <ele>422</ele>
        <time>2024-05-24T23:00:10Z</time>
        <cmt>speed: 0.5</cmt>
      </trkpt>
      <trkpt lat="47.358607" lon="8.565251">
        <ele>433</ele>
        <time>2024-05-24T23:10:10Z</time>
        <cmt>speed: 0.8</cmt>
      </trkpt>
      <trkpt lat="47.358607" lon="8.565251">
        <ele>433</ele>
        <time>2024-05-24T23:10:12Z</time>
      </trkpt>
      <trkpt lat="47.358678" lon="8.565261">
        <ele>460</ele>
        <time>2024-05-24T23:20:11Z</time>
        <cmt>speed: 0.8</cmt>
      </trkpt>
      <trkpt lat="47.358609" lon="8.56547">
        <ele>434</ele>
        <time>2024-05-24T23:30:11Z</time>
        <cmt>speed: 0.2</cmt>
      </trkpt>
      <trkpt lat="47.358609" lon="8.56547">
        <ele>434</ele>
        <time>2024-05-24T23:30:12Z</time>
      </trkpt>
      <trkpt lat="47.358711" lon="8.565526">
        <ele>472</ele>
        <time>2024-05-24T23:40:14Z</time>
        <cmt>speed: 0.0</cmt>
      </trkpt>
      <trkpt lat="47.358515" lon="8.56517">
        <ele>456</ele>
        <time>2024-05-24T23:50:11Z</time>
        <cmt>speed: 0.8</cmt>
      </trkpt>
      <trkpt lat="47.358434" lon="8.564691">
        <ele>460</ele>
        <time>2024-05-25T00:00:10Z</time>
        <cmt>speed: 0.3</cmt>
      </trkpt>
      <trkpt lat="47.359278" lon="8.563599">
        <ele>447</ele>
        <time>2024-05-25T00:10:11Z</time>
        <cmt>speed: 0.5</cmt>
      </trkpt>
      <trkpt lat="47.358993" lon="8.56063">
        <ele>405</ele>
        <time>2024-05-25T00:20:10Z</time>
        <cmt>speed: 0.1</cmt>
      </trkpt>
      <trkpt lat="47.358392" lon="8.560675">
        <ele>413</ele>
        <time>2024-05-25T00:30:12Z</time>
        <cmt>speed: 1.5</cmt>
      </trkpt>
      <trkpt lat="47.359437" lon="8.561463">
        <ele>431</ele>
        <time>2024-05-25T00:40:13Z</time>
        <cmt>speed: 1.7</cmt>
      </trkpt>
      <trkpt lat="47.359832" lon="8.560133">
        <ele>454</ele>
        <time>2024-05-25T00:50:11Z</time>
        <cmt>speed: 1.6</cmt>
      </trkpt>
      <trkpt lat="47.358796" lon="8.560874">
        <ele>420</ele>
        <time>2024-05-25T01:00:18Z</time>
        <cmt>speed: 0.5</cmt>
      </trkpt>
      <trkpt lat="47.358825" lon="8.560865">
        <ele>449</ele>
        <time>2024-05-25T01:10:12Z</time>
        <cmt>speed: 0.2</cmt>
      </trkpt>
      <trkpt lat="47.358825" lon="8.560865">
        <ele>449</ele>
        <time>2024-05-25T01:10:12Z</time>
      </trkpt>
      <trkpt lat="47.358876" lon="8.561023">
        <ele>410</ele>
        <time>2024-05-25T01:20:11Z</time>
        <cmt>speed: 0.2</cmt>
      </trkpt>
      <trkpt lat="47.358823" lon="8.560961">
        <ele>413</ele>
        <time>2024-05-25T01:30:11Z</time>
        <cmt>speed: 0.0</cmt>
      </trkpt>
      <trkpt lat="47.358823" lon="8.560961">
        <ele>413</ele>
        <time>2024-05-25T01:30:11Z</time>
      </trkpt>
      <trkpt lat="47.358687" lon="8.56115">
        <ele>478</ele>
        <time>2024-05-25T01:40:14Z</time>
        <cmt>speed: 0.2</cmt>
      </trkpt>
      <trkpt lat="47.35784" lon="8.560272">
        <ele>445</ele>
        <time>2024-05-25T01:50:14Z</time>
        <cmt>speed: 0.4</cmt>
      </trkpt>
      <trkpt lat="47.35784" lon="8.560272">
        <ele>445</ele>
        <time>2024-05-25T01:50:14Z</time>
      </trkpt>
      <trkpt lat="47.35779" lon="8.56072">
        <ele>424</ele>
        <time>2024-05-25T02:00:13Z</time>
        <cmt>speed: 0.7</cmt>
      </trkpt>
      <trkpt lat="47.357848" lon="8.560654">
        <ele>461</ele>
        <time>2024-05-25T02:10:13Z</time>
        <cmt>speed: 0.3</cmt>
      </trkpt>
      <trkpt lat="47.358674" lon="8.559699">
        <ele>405</ele>
        <time>2024-05-25T02:20:12Z</time>
        <cmt>speed: 1.4</cmt>
      </trkpt>
      <trkpt lat="47.358831" lon="8.559448">
        <ele>419</ele>
        <time>2024-05-25T02:30:12Z</time>
        <cmt>speed: 2.7</cmt>
      </trkpt>
      <trkpt lat="47.358556" lon="8.562268">
        <ele>437</ele>
        <time>2024-05-25T02:50:12Z</time>
        <cmt>speed: 0.1</cmt>
      </trkpt>
      <trkpt lat="47.358556" lon="8.562268">
        <ele>437</ele>
        <time>2024-05-25T02:50:12Z</time>
      </trkpt>
      <trkpt lat="47.358305" lon="8.561608">
        <ele>442</ele>
        <time>2024-05-25T03:00:13Z</time>
        <cmt>speed: 0.2</cmt>
      </trkpt>
      <trkpt lat="47.358305" lon="8.561608">
        <ele>442</ele>
        <time>2024-05-25T03:10:32Z</time>
      </trkpt>
      <trkpt lat="47.358432" lon="8.562368">
        <ele>434</ele>
        <time>2024-05-25T03:10:33Z</time>
        <cmt>speed: 0.3</cmt>
      </trkpt>
      <trkpt lat="47.358486" lon="8.562421">
        <ele>443</ele>
        <time>2024-05-25T03:20:11Z</time>
        <cmt>speed: 0.4</cmt>
      </trkpt>
      <trkpt lat="47.358525" lon="8.562534">
        <ele>423</ele>
        <time>2024-05-25T03:30:12Z</time>
        <cmt>speed: 0.0</cmt>
      </trkpt>
      <trkpt lat="47.358537" lon="8.562478">
        <ele>452</ele>
        <time>2024-05-25T03:40:13Z</time>
        <cmt>speed: 0.1</cmt>
      </trkpt>
      <trkpt lat="47.358475" lon="8.56253">
        <ele>451</ele>
        <time>2024-05-25T03:50:11Z</time>
        <cmt>speed: 1.2</cmt>
      </trkpt>
      <trkpt lat="47.358475" lon="8.56253">
        <ele>451</ele>
        <time>2024-05-25T03:50:11Z</time>
      </trkpt>
      <trkpt lat="47.35853" lon="8.562525">
        <ele>430</ele>
        <time>2024-05-25T04:00:11Z</time>
        <cmt>speed: 0.3</cmt>
      </trkpt>
      <trkpt lat="47.358604" lon="8.562557">
        <ele>421</ele>
        <time>2024-05-25T04:10:14Z</time>
        <cmt>speed: 0.1</cmt>
      </trkpt>
      <trkpt lat="47.358604" lon="8.562557">
        <ele>421</ele>
        <time>2024-05-25T04:10:14Z</time>
      </trkpt>
      <trkpt lat="47.358657" lon="8.562639">
        <ele>469</ele>
        <time>2024-05-25T04:20:20Z</time>
        <cmt>speed: 0.3</cmt>
      </trkpt>
      <trkpt lat="47.358657" lon="8.562303">
        <ele>455</ele>
        <time>2024-05-25T04:30:11Z</time>
        <cmt>speed: 0.5</cmt>
      </trkpt>
      <trkpt lat="47.35975" lon="8.561304">
        <ele>407</ele>
        <time>2024-05-25T04:40:16Z</time>
        <cmt>speed: 0.0</cmt>
      </trkpt>
      <trkpt lat="47.359818" lon="8.562922">
        <ele>370</ele>
        <time>2024-05-25T04:50:14Z</time>
        <cmt>speed: 0.9</cmt>
      </trkpt>
      <trkpt lat="47.360103" lon="8.563416">
        <ele>441</ele>
        <time>2024-05-25T05:00:12Z</time>
        <cmt>speed: 0.3</cmt>
      </trkpt>
      <trkpt lat="47.360577" lon="8.562431">
        <ele>423</ele>
        <time>2024-05-25T05:10:13Z</time>
        <cmt>speed: 1.2</cmt>
      </trkpt>
      <trkpt lat="47.358922" lon="8.561283">
        <ele>432</ele>
        <time>2024-05-25T05:20:13Z</time>
        <cmt>speed: 0.7</cmt>
      </trkpt>
      <trkpt lat="47.358922" lon="8.561283">
        <ele>432</ele>
        <time>2024-05-25T05:30:12Z</time>
      </trkpt>
      <trkpt lat="47.358905" lon="8.561113">
        <ele>425</ele>
        <time>2024-05-25T05:30:13Z</time>
        <cmt>speed: 0.0</cmt>
      </trkpt>
      <trkpt lat="47.359165" lon="8.561342">
        <ele>406</ele>
        <time>2024-05-25T05:40:12Z</time>
        <cmt>speed: 0.7</cmt>
      </trkpt>
      <trkpt lat="47.359165" lon="8.561342">
        <ele>406</ele>
        <time>2024-05-25T05:50:13Z</time>
      </trkpt>
      <trkpt lat="47.359171" lon="8.561147">
        <ele>471</ele>
        <time>2024-05-25T05:50:14Z</time>
        <cmt>speed: 1.0</cmt>
      </trkpt>
      <trkpt lat="47.358979" lon="8.561206">
        <ele>421</ele>
        <time>2024-05-25T06:00:13Z</time>
        <cmt>speed: 0.0</cmt>
      </trkpt>
      <trkpt lat="47.358979" lon="8.561206">
        <ele>421</ele>
        <time>2024-05-25T06:10:12Z</time>
      </trkpt>
      <trkpt lat="47.358885" lon="8.561211">
        <ele>439</ele>
        <time>2024-05-25T06:10:13Z</time>
        <cmt>speed: 1.1</cmt>
      </trkpt>
      <trkpt lat="47.35881" lon="8.561148">
        <ele>429</ele>
        <time>2024-05-25T06:29:08Z</time>
        <cmt>speed: 0.0</cmt>
      </trkpt>
      <trkpt lat="47.358952" lon="8.561173">
        <ele>424</ele>
        <time>2024-05-25T06:39:12Z</time>
        <cmt>speed: 0.4</cmt>
      </trkpt>
      <trkpt lat="47.358953" lon="8.56119">
        <ele>454</ele>
        <time>2024-05-25T06:49:12Z</time>
        <cmt>speed: 0.0</cmt>
      </trkpt>
      <trkpt lat="47.358953" lon="8.56119">
        <ele>454</ele>
        <time>2024-05-25T06:50:10Z</time>
      </trkpt>
      <trkpt lat="47.358956" lon="8.561157">
        <ele>435</ele>
        <time>2024-05-25T06:59:28Z</time>
        <cmt>speed: 0.4</cmt>
      </trkpt>
      <trkpt lat="47.358826" lon="8.561122">
        <ele>435</ele>
        <time>2024-05-25T07:09:20Z</time>
        <cmt>speed: 0.4</cmt>
      </trkpt>
      <trkpt lat="47.358826" lon="8.561122">
        <ele>435</ele>
        <time>2024-05-25T07:10:10Z</time>
      </trkpt>
      <trkpt lat="47.358851" lon="8.561102">
        <ele>434</ele>
        <time>2024-05-25T07:19:11Z</time>
        <cmt>speed: 0.1</cmt>
      </trkpt>
      <trkpt lat="47.358835" lon="8.561274">
        <ele>444</ele>
        <time>2024-05-25T07:29:37Z</time>
        <cmt>speed: 0.2</cmt>
      </trkpt>
      <trkpt lat="47.358835" lon="8.561274">
        <ele>444</ele>
        <time>2024-05-25T07:30:10Z</time>
      </trkpt>
      <trkpt lat="47.35885" lon="8.561185">
        <ele>435</ele>
        <time>2024-05-25T07:39:18Z</time>
        <cmt>speed: 0.0</cmt>
      </trkpt>
      <trkpt lat="47.358933" lon="8.561003">
        <ele>413</ele>
        <time>2024-05-25T07:49:22Z</time>
        <cmt>speed: 0.3</cmt>
      </trkpt>
      <trkpt lat="47.358933" lon="8.561003">
        <ele>413</ele>
        <time>2024-05-25T07:50:10Z</time>
      </trkpt>
      <trkpt lat="47.35894" lon="8.561212">
        <ele>416</ele>
        <time>2024-05-25T08:09:24Z</time>
        <cmt>speed: 0.3</cmt>
      </trkpt>
      <trkpt lat="47.35894" lon="8.561212">
        <ele>416</ele>
        <time>2024-05-25T08:10:10Z</time>
      </trkpt>
      <trkpt lat="47.358974" lon="8.561384">
        <ele>413</ele>
        <time>2024-05-25T08:19:54Z</time>
        <cmt>speed: 0.1</cmt>
      </trkpt>
      <trkpt lat="47.358836" lon="8.561181">
        <ele>400</ele>
        <time>2024-05-25T08:29:12Z</time>
        <cmt>speed: 0.4</cmt>
      </trkpt>
      <trkpt lat="47.358836" lon="8.561181">
        <ele>400</ele>
        <time>2024-05-25T08:39:11Z</time>
      </trkpt>
      <trkpt lat="47.358866" lon="8.560985">
        <ele>456</ele>
        <time>2024-05-25T08:39:13Z</time>
        <cmt>speed: 0.0</cmt>
      </trkpt>
      <trkpt lat="47.358839" lon="8.561056">
        <ele>445</ele>
        <time>2024-05-25T08:49:25Z</time>
        <cmt>speed: 0.1</cmt>
      </trkpt>
      <trkpt lat="47.358839" lon="8.561056">
        <ele>445</ele>
        <time>2024-05-25T08:50:10Z</time>
      </trkpt>
      <trkpt lat="47.35903" lon="8.561244">
        <ele>440</ele>
        <time>2024-05-25T09:19:17Z</time>
        <cmt>speed: 0.0</cmt>
      </trkpt>
      <trkpt lat="47.358824" lon="8.5607">
        <ele>458</ele>
        <time>2024-05-25T09:39:23Z</time>
        <cmt>speed: 0.1</cmt>
      </trkpt>
      <trkpt lat="47.358704" lon="8.560648">
        <ele>464</ele>
        <time>2024-05-25T09:49:13Z</time>
        <cmt>speed: 0.0</cmt>
      </trkpt>
      <trkpt lat="47.358704" lon="8.560648">
        <ele>464</ele>
        <time>2024-05-25T09:59:26Z</time>
      </trkpt>
      <trkpt lat="47.358809" lon="8.56068">
        <ele>416</ele>
        <time>2024-05-25T09:59:28Z</time>
        <cmt>speed: 0.3</cmt>
      </trkpt>
      <trkpt lat="47.358749" lon="8.560545">
        <ele>426</ele>
        <time>2024-05-25T10:09:15Z</time>
        <cmt>speed: 0.2</cmt>
      </trkpt>
      <trkpt lat="47.359227" lon="8.560406">
        <ele>450</ele>
        <time>2024-05-25T10:19:17Z</time>
        <cmt>speed: 0.1</cmt>
      </trkpt>
      <trkpt lat="47.359343" lon="8.56004">
        <ele>423</ele>
        <time>2024-05-25T10:29:09Z</time>
        <cmt>speed: 0.3</cmt>
      </trkpt>
      <trkpt lat="47.358756" lon="8.560327">
        <ele>434</ele>
        <time>2024-05-25T10:39:10Z</time>
        <cmt>speed: 0.6</cmt>
      </trkpt>
      <trkpt lat="47.358211" lon="8.5598">
        <ele>438</ele>
        <time>2024-05-25T10:49:10Z</time>
        <cmt>speed: 2.1</cmt>
      </trkpt>
      <trkpt lat="47.358201" lon="8.560122">
        <ele>491</ele>
        <time>2024-05-25T10:59:11Z</time>
        <cmt>speed: 0.4</cmt>
      </trkpt>
      <trkpt lat="47.357828" lon="8.560826">
        <ele>406</ele>
        <time>2024-05-25T11:09:12Z</time>
        <cmt>speed: 0.2</cmt>
      </trkpt>
      <trkpt lat="47.358563" lon="8.562233">
        <ele>456</ele>
        <time>2024-05-25T11:19:09Z</time>
        <cmt>speed: 0.6</cmt>
      </trkpt>
      <trkpt lat="47.358523" lon="8.562729">
        <ele>459</ele>
        <time>2024-05-25T11:29:10Z</time>
        <cmt>speed: 0.1</cmt>
      </trkpt>
      <trkpt lat="47.358523" lon="8.562729">
        <ele>459</ele>
        <time>2024-05-25T11:39:09Z</time>
      </trkpt>
      <trkpt lat="47.35826" lon="8.562867">
        <ele>456</ele>
        <time>2024-05-25T11:39:11Z</time>
        <cmt>speed: 0.1</cmt>
      </trkpt>
      <trkpt lat="47.358429" lon="8.562822">
        <ele>477</ele>
        <time>2024-05-25T11:49:28Z</time>
        <cmt>speed: 0.7</cmt>
      </trkpt>
      <trkpt lat="47.358256" lon="8.56281">
        <ele>434</ele>
        <time>2024-05-25T11:59:10Z</time>
        <cmt>speed: 1.8</cmt>
      </trkpt>
      <trkpt lat="47.358256" lon="8.56281">
        <ele>434</ele>
        <time>2024-05-25T12:09:32Z</time>
      </trkpt>
      <trkpt lat="47.358393" lon="8.562668">
        <ele>461</ele>
        <time>2024-05-25T12:09:34Z</time>
        <cmt>speed: 0.7</cmt>
      </trkpt>
      <trkpt lat="47.358259" lon="8.562788">
        <ele>425</ele>
        <time>2024-05-25T12:19:17Z</time>
        <cmt>speed: 0.2</cmt>
      </trkpt>
      <trkpt lat="47.358234" lon="8.562679">
        <ele>432</ele>
        <time>2024-05-25T12:49:11Z</time>
        <cmt>speed: 0.4</cmt>
      </trkpt>
      <trkpt lat="47.358234" lon="8.562679">
        <ele>432</ele>
        <time>2024-05-25T13:09:18Z</time>
      </trkpt>
      <trkpt lat="47.358035" lon="8.562756">
        <ele>472</ele>
        <time>2024-05-25T13:09:20Z</time>
        <cmt>speed: 0.0</cmt>
      </trkpt>
      <trkpt lat="47.358348" lon="8.562923">
        <ele>466</ele>
        <time>2024-05-25T13:19:57Z</time>
        <cmt>speed: 0.5</cmt>
      </trkpt>
      <trkpt lat="47.358348" lon="8.562923">
        <ele>466</ele>
        <time>2024-05-25T13:29:30Z</time>
      </trkpt>
      <trkpt lat="47.358307" lon="8.562828">
        <ele>417</ele>
        <time>2024-05-25T13:29:32Z</time>
        <cmt>speed: 0.3</cmt>
      </trkpt>
      <trkpt lat="47.358189" lon="8.562893">
        <ele>426</ele>
        <time>2024-05-25T13:39:25Z</time>
        <cmt>speed: 0.3</cmt>
      </trkpt>
      <trkpt lat="47.358189" lon="8.562893">
        <ele>426</ele>
        <time>2024-05-25T13:49:32Z</time>
      </trkpt>
      <trkpt lat="47.358411" lon="8.56266">
        <ele>462</ele>
        <time>2024-05-25T13:49:34Z</time>
        <cmt>speed: 0.8</cmt>
      </trkpt>
      <trkpt lat="47.358296" lon="8.562781">
        <ele>427</ele>
        <time>2024-05-25T13:59:56Z</time>
        <cmt>speed: 0.2</cmt>
      </trkpt>
      <trkpt lat="47.358296" lon="8.562781">
        <ele>427</ele>
        <time>2024-05-25T14:09:16Z</time>
      </trkpt>
      <trkpt lat="47.35825" lon="8.56288">
        <ele>405</ele>
        <time>2024-05-25T14:09:18Z</time>
        <cmt>speed: 0.4</cmt>
      </trkpt>
      <trkpt lat="47.358503" lon="8.562766">
        <ele>474</ele>
        <time>2024-05-25T14:19:10Z</time>
        <cmt>speed: 0.0</cmt>
      </trkpt>
      <trkpt lat="47.358075" lon="8.563005">
        <ele>472</ele>
        <time>2024-05-25T14:29:09Z</time>
        <cmt>speed: 0.2</cmt>
      </trkpt>
      <trkpt lat="47.358075" lon="8.563005">
        <ele>472</ele>
        <time>2024-05-25T14:29:09Z</time>
      </trkpt>
      <trkpt lat="47.358071" lon="8.562921">
        <ele>396</ele>
        <time>2024-05-25T14:39:12Z</time>
        <cmt>speed: 0.2</cmt>
      </trkpt>
      <trkpt lat="47.358071" lon="8.562921">
        <ele>396</ele>
        <time>2024-05-25T14:49:09Z</time>
      </trkpt>
      <trkpt lat="47.357816" lon="8.563009">
        <ele>404</ele>
        <time>2024-05-25T14:49:11Z</time>
        <cmt>speed: 0.3</cmt>
      </trkpt>
      <trkpt lat="47.357663" lon="8.563251">
        <ele>453</ele>
        <time>2024-05-25T14:59:11Z</time>
        <cmt>speed: 0.6</cmt>
      </trkpt>
      <trkpt lat="47.356961" lon="8.563506">
        <ele>456</ele>
        <time>2024-05-25T15:09:13Z</time>
        <cmt>speed: 0.1</cmt>
      </trkpt>
      <trkpt lat="47.356756" lon="8.563426">
        <ele>424</ele>
        <time>2024-05-25T15:19:12Z</time>
        <cmt>speed: 1.3</cmt>
      </trkpt>
      <trkpt lat="47.357678" lon="8.562991">
        <ele>451</ele>
        <time>2024-05-25T15:29:12Z</time>
        <cmt>speed: 0.4</cmt>
      </trkpt>
      <trkpt lat="47.358543" lon="8.562219">
        <ele>435</ele>
        <time>2024-05-25T15:39:10Z</time>
        <cmt>speed: 0.8</cmt>
      </trkpt>
      <trkpt lat="47.358702" lon="8.560355">
        <ele>455</ele>
        <time>2024-05-25T15:49:15Z</time>
        <cmt>speed: 0.2</cmt>
      </trkpt>
      <trkpt lat="47.358271" lon="8.560766">
        <ele>463</ele>
        <time>2024-05-25T15:59:20Z</time>
        <cmt>speed: 0.1</cmt>
      </trkpt>
      <trkpt lat="47.358271" lon="8.560766">
        <ele>463</ele>
        <time>2024-05-25T16:09:11Z</time>
      </trkpt>
      <trkpt lat="47.358627" lon="8.560979">
        <ele>484</ele>
        <time>2024-05-25T16:09:14Z</time>
        <cmt>speed: 0.2</cmt>
      </trkpt>
      <trkpt lat="47.358311" lon="8.561002">
        <ele>435</ele>
        <time>2024-05-25T16:19:14Z</time>
        <cmt>speed: 0.1</cmt>
      </trkpt>
      <trkpt lat="47.358708" lon="8.560965">
        <ele>457</ele>
        <time>2024-05-25T16:29:10Z</time>
        <cmt>speed: 1.3</cmt>
      </trkpt>
      <trkpt lat="47.358748" lon="8.56117">
        <ele>457</ele>
        <time>2024-05-25T16:39:10Z</time>
        <cmt>speed: 0.1</cmt>
      </trkpt>
      <trkpt lat="47.358748" lon="8.56117">
        <ele>457</ele>
        <time>2024-05-25T16:49:07Z</time>
      </trkpt>
      <trkpt lat="47.358702" lon="8.562172">
        <ele>425</ele>
        <time>2024-05-25T16:49:10Z</time>
        <cmt>speed: 0.8</cmt>
      </trkpt>
      <trkpt lat="47.358743" lon="8.562214">
        <ele>433</ele>
        <time>2024-05-25T16:59:09Z</time>
        <cmt>speed: 1.5</cmt>
      </trkpt>
      <trkpt lat="47.358743" lon="8.562214">
        <ele>433</ele>
        <time>2024-05-25T17:09:12Z</time>
      </trkpt>
      <trkpt lat="47.359023" lon="8.562446">
        <ele>381</ele>
        <time>2024-05-25T17:09:15Z</time>
        <cmt>speed: 1.1</cmt>
      </trkpt>
      <trkpt lat="47.3587" lon="8.562284">
        <ele>438</ele>
        <time>2024-05-25T17:19:09Z</time>
        <cmt>speed: 0.6</cmt>
      </trkpt>
      <trkpt lat="47.3587" lon="8.562284">
        <ele>438</ele>
        <time>2024-05-25T17:29:08Z</time>
      </trkpt>
      <trkpt lat="47.358848" lon="8.562195">
        <ele>423</ele>
        <time>2024-05-25T17:29:11Z</time>
        <cmt>speed: 0.0</cmt>
      </trkpt>
      <trkpt lat="47.358676" lon="8.562265">
        <ele>441</ele>
        <time>2024-05-25T17:39:11Z</time>
        <cmt>speed: 0.6</cmt>
      </trkpt>
      <trkpt lat="47.358676" lon="8.562265">
        <ele>441</ele>
        <time>2024-05-25T17:49:09Z</time>
      </trkpt>
      <trkpt lat="47.358741" lon="8.562301">
        <ele>428</ele>
        <time>2024-05-25T17:49:12Z</time>
        <cmt>speed: 0.7</cmt>
      </trkpt>
      <trkpt lat="47.358733" lon="8.562357">
        <ele>434</ele>
        <time>2024-05-25T17:59:12Z</time>
        <cmt>speed: 0.0</cmt>
      </trkpt>
      <trkpt lat="47.358733" lon="8.562357">
        <ele>434</ele>
        <time>2024-05-25T18:09:09Z</time>
      </trkpt>
      <trkpt lat="47.358801" lon="8.56227">
        <ele>443</ele>
        <time>2024-05-25T18:09:12Z</time>
        <cmt>speed: 0.0</cmt>
      </trkpt>
      <trkpt lat="47.358677" lon="8.562259">
        <ele>438</ele>
        <time>2024-05-25T18:19:11Z</time>
        <cmt>speed: 0.0</cmt>
      </trkpt>
      <trkpt lat="47.357758" lon="8.562617">
        <ele>394</ele>
        <time>2024-05-25T18:29:34Z</time>
        <cmt>speed: 0.2</cmt>
      </trkpt>
      <trkpt lat="47.358099" lon="8.563554">
        <ele>458</ele>
        <time>2024-05-25T19:47:56Z</time>
        <cmt>speed: 0.1</cmt>
      </trkpt>
      <trkpt lat="47.358063" lon="8.563494">
        <ele>435</ele>
        <time>2024-05-25T19:57:51Z</time>
        <cmt>speed: 0.2</cmt>
      </trkpt>
      <trkpt lat="47.357964" lon="8.563285">
        <ele>444</ele>
        <time>2024-05-25T20:07:52Z</time>
        <cmt>speed: 0.0</cmt>
      </trkpt>
      <trkpt lat="47.358016" lon="8.563433">
        <ele>427</ele>
        <time>2024-05-25T20:17:51Z</time>
        <cmt>speed: 0.2</cmt>
      </trkpt>
      <trkpt lat="47.357946" lon="8.563458">
        <ele>451</ele>
        <time>2024-05-25T20:27:50Z</time>
        <cmt>speed: 0.9</cmt>
      </trkpt>
      <trkpt lat="47.357859" lon="8.563948">
        <ele>467</ele>
        <time>2024-05-25T20:37:52Z</time>
        <cmt>speed: 0.3</cmt>
      </trkpt>
      <trkpt lat="47.358184" lon="8.564587">
        <ele>459</ele>
        <time>2024-05-25T20:47:51Z</time>
        <cmt>speed: 0.2</cmt>
      </trkpt>
      <trkpt lat="47.358213" lon="8.564829">
        <ele>477</ele>
        <time>2024-05-25T20:57:56Z</time>
        <cmt>speed: 0.0</cmt>
      </trkpt>
      <trkpt lat="47.358735" lon="8.563957">
        <ele>464</ele>
        <time>2024-05-25T21:07:52Z</time>
        <cmt>speed: 0.2</cmt>
      </trkpt>
      <trkpt lat="47.359241" lon="8.561813">
        <ele>435</ele>
        <time>2024-05-25T21:17:49Z</time>
        <cmt>speed: 1.0</cmt>
      </trkpt>
      <trkpt lat="47.358813" lon="8.560933">
        <ele>447</ele>
        <time>2024-05-25T21:27:51Z</time>
        <cmt>speed: 0.7</cmt>
      </trkpt>
      <trkpt lat="47.359792" lon="8.560516">
        <ele>450</ele>
        <time>2024-05-25T21:37:52Z</time>
        <cmt>speed: 1.8</cmt>
      </trkpt>
      <trkpt lat="47.358989" lon="8.561141">
        <ele>441</ele>
        <time>2024-05-25T21:47:51Z</time>
        <cmt>speed: 0.0</cmt>
      </trkpt>
      <trkpt lat="47.358718" lon="8.56222">
        <ele>437</ele>
        <time>2024-05-25T21:57:51Z</time>
        <cmt>speed: 0.4</cmt>
      </trkpt>
      <trkpt lat="47.358718" lon="8.56222">
        <ele>437</ele>
        <time>2024-05-25T22:07:47Z</time>
      </trkpt>
      <trkpt lat="47.358631" lon="8.562394">
        <ele>456</ele>
        <time>2024-05-25T22:07:51Z</time>
        <cmt>speed: 0.1</cmt>
      </trkpt>
      <trkpt lat="47.358654" lon="8.562413">
        <ele>441</ele>
        <time>2024-05-25T22:17:52Z</time>
        <cmt>speed: 0.8</cmt>
      </trkpt>
      <trkpt lat="47.358654" lon="8.562413">
        <ele>441</ele>
        <time>2024-05-25T22:27:45Z</time>
      </trkpt>
      <trkpt lat="47.358617" lon="8.562275">
        <ele>457</ele>
        <time>2024-05-25T22:32:45Z</time>
        <cmt>speed: 0.1</cmt>
      </trkpt>
      <trkpt lat="47.358764" lon="8.562264">
        <ele>443</ele>
        <time>2024-05-25T22:42:37Z</time>
        <cmt>speed: 0.0</cmt>
      </trkpt>
      <trkpt lat="47.358764" lon="8.562264">
        <ele>443</ele>
        <time>2024-05-25T22:52:31Z</time>
      </trkpt>
      <trkpt lat="47.35885" lon="8.562264">
        <ele>430</ele>
        <time>2024-05-25T22:52:35Z</time>
        <cmt>speed: 2.1</cmt>
      </trkpt>
      <trkpt lat="47.358697" lon="8.562161">
        <ele>467</ele>
        <time>2024-05-25T23:02:37Z</time>
        <cmt>speed: 0.5</cmt>
      </trkpt>
      <trkpt lat="47.359242" lon="8.561221">
        <ele>467</ele>
        <time>2024-05-25T23:12:36Z</time>
        <cmt>speed: 0.6</cmt>
      </trkpt>
      <trkpt lat="47.359224" lon="8.561456">
        <ele>450</ele>
        <time>2024-05-25T23:22:37Z</time>
        <cmt>speed: 0.5</cmt>
      </trkpt>
      <trkpt lat="47.359224" lon="8.561456">
        <ele>450</ele>
        <time>2024-05-25T23:32:31Z</time>
      </trkpt>
      <trkpt lat="47.358574" lon="8.562448">
        <ele>482</ele>
        <time>2024-05-25T23:32:35Z</time>
        <cmt>speed: 0.7</cmt>
      </trkpt>
      <trkpt lat="47.358821" lon="8.562217">
        <ele>438</ele>
        <time>2024-05-25T23:42:35Z</time>
        <cmt>speed: 0.4</cmt>
      </trkpt>
      <trkpt lat="47.358708" lon="8.562092">
        <ele>454</ele>
        <time>2024-05-25T23:52:35Z</time>
        <cmt>speed: 0.2</cmt>
      </trkpt>
      <trkpt lat="47.358768" lon="8.562289">
        <ele>466</ele>
        <time>2024-05-26T00:02:37Z</time>
        <cmt>speed: 0.2</cmt>
      </trkpt>
      <trkpt lat="47.358026" lon="8.562172">
        <ele>427</ele>
        <time>2024-05-26T00:12:36Z</time>
        <cmt>speed: 1.5</cmt>
      </trkpt>
      <trkpt lat="47.357739" lon="8.561377">
        <ele>456</ele>
        <time>2024-05-26T00:22:37Z</time>
        <cmt>speed: 0.4</cmt>
      </trkpt>
      <trkpt lat="47.357845" lon="8.560172">
        <ele>419</ele>
        <time>2024-05-26T00:32:37Z</time>
        <cmt>speed: 0.8</cmt>
      </trkpt>
      <trkpt lat="47.357542" lon="8.560308">
        <ele>410</ele>
        <time>2024-05-26T00:42:43Z</time>
        <cmt>speed: 0.0</cmt>
      </trkpt>
      <trkpt lat="47.358621" lon="8.56019">
        <ele>446</ele>
        <time>2024-05-26T00:52:34Z</time>
        <cmt>speed: 0.6</cmt>
      </trkpt>
      <trkpt lat="47.359442" lon="8.559618">
        <ele>414</ele>
        <time>2024-05-26T01:02:34Z</time>
        <cmt>speed: 0.1</cmt>
      </trkpt>
      <trkpt lat="47.360073" lon="8.561783">
        <ele>445</ele>
        <time>2024-05-26T01:12:36Z</time>
        <cmt>speed: 0.7</cmt>
      </trkpt>
      <trkpt lat="47.359703" lon="8.562501">
        <ele>443</ele>
        <time>2024-05-26T01:22:37Z</time>
        <cmt>speed: 0.1</cmt>
      </trkpt>
      <trkpt lat="47.35889" lon="8.56562">
        <ele>442</ele>
        <time>2024-05-26T01:32:37Z</time>
        <cmt>speed: 0.3</cmt>
      </trkpt>
      <trkpt lat="47.358671" lon="8.56604">
        <ele>474</ele>
        <time>2024-05-26T01:42:35Z</time>
        <cmt>speed: 0.1</cmt>
      </trkpt>
      <trkpt lat="47.359404" lon="8.562595">
        <ele>466</ele>
        <time>2024-05-26T01:52:36Z</time>
        <cmt>speed: 2.1</cmt>
      </trkpt>
      <trkpt lat="47.359448" lon="8.561561">
        <ele>455</ele>
        <time>2024-05-26T02:02:36Z</time>
        <cmt>speed: 1.0</cmt>
      </trkpt>
      <trkpt lat="47.359448" lon="8.561561">
        <ele>455</ele>
        <time>2024-05-26T02:12:31Z</time>
      </trkpt>
      <trkpt lat="47.358469" lon="8.562093">
        <ele>444</ele>
        <time>2024-05-26T02:12:35Z</time>
        <cmt>speed: 0.3</cmt>
      </trkpt>
      <trkpt lat="47.35811" lon="8.560988">
        <ele>461</ele>
        <time>2024-05-26T02:22:37Z</time>
        <cmt>speed: 0.7</cmt>
      </trkpt>
      <trkpt lat="47.35811" lon="8.560988">
        <ele>461</ele>
        <time>2024-05-26T02:32:32Z</time>
      </trkpt>
      <trkpt lat="47.357715" lon="8.560931">
        <ele>469</ele>
        <time>2024-05-26T02:32:36Z</time>
        <cmt>speed: 0.3</cmt>
      </trkpt>
      <trkpt lat="47.357936" lon="8.560745">
        <ele>461</ele>
        <time>2024-05-26T02:42:39Z</time>
        <cmt>speed: 1.3</cmt>
      </trkpt>
      <trkpt lat="47.357936" lon="8.560745">
        <ele>461</ele>
        <time>2024-05-26T02:52:37Z</time>
      </trkpt>
      <trkpt lat="47.358511" lon="8.560923">
        <ele>473</ele>
        <time>2024-05-26T02:52:41Z</time>
        <cmt>speed: 0.1</cmt>
      </trkpt>
      <trkpt lat="47.358796" lon="8.560656">
        <ele>427</ele>
        <time>2024-05-26T03:02:36Z</time>
        <cmt>speed: 0.2</cmt>
      </trkpt>
      <trkpt lat="47.358557" lon="8.562338">
        <ele>431</ele>
        <time>2024-05-26T03:12:36Z</time>
        <cmt>speed: 1.4</cmt>
      </trkpt>
      <trkpt lat="47.358848" lon="8.562392">
        <ele>456</ele>
        <time>2024-05-26T03:22:37Z</time>
        <cmt>speed: 0.9</cmt>
      </trkpt>
      <trkpt lat="47.358848" lon="8.562392">
        <ele>456</ele>
        <time>2024-05-26T03:32:32Z</time>
      </trkpt>
      <trkpt lat="47.358919" lon="8.562313">
        <ele>460</ele>
        <time>2024-05-26T03:32:36Z</time>
        <cmt>speed: 0.4</cmt>
      </trkpt>
      <trkpt lat="47.35885" lon="8.562282">
        <ele>429</ele>
        <time>2024-05-26T03:42:35Z</time>
        <cmt>speed: 0.0</cmt>
      </trkpt>
      <trkpt lat="47.35885" lon="8.562282">
        <ele>429</ele>
        <time>2024-05-26T03:52:31Z</time>
      </trkpt>
      <trkpt lat="47.358752" lon="8.562556">
        <ele>452</ele>
        <time>2024-05-26T03:52:35Z</time>
        <cmt>speed: 4.8</cmt>
      </trkpt>
      <trkpt lat="47.359" lon="8.562304">
        <ele>471</ele>
        <time>2024-05-26T04:02:34Z</time>
        <cmt>speed: 0.1</cmt>
      </trkpt>
      <trkpt lat="47.359" lon="8.562304">
        <ele>471</ele>
        <time>2024-05-26T04:12:32Z</time>
      </trkpt>
      <trkpt lat="47.358769" lon="8.562319">
        <ele>451</ele>
        <time>2024-05-26T04:12:36Z</time>
        <cmt>speed: 0.4</cmt>
      </trkpt>
      <trkpt lat="47.358653" lon="8.562283">
        <ele>457</ele>
        <time>2024-05-26T04:22:36Z</time>
        <cmt>speed: 0.8</cmt>
      </trkpt>
      <trkpt lat="47.358653" lon="8.562283">
        <ele>457</ele>
        <time>2024-05-26T04:28:39Z</time>
      </trkpt>
      <trkpt lat="47.358867" lon="8.562437">
        <ele>434</ele>
        <time>2024-05-26T04:32:37Z</time>
        <cmt>speed: 0.4</cmt>
      </trkpt>
      <trkpt lat="47.358737" lon="8.562339">
        <ele>440</ele>
        <time>2024-05-26T04:42:37Z</time>
        <cmt>speed: 0.4</cmt>
      </trkpt>
      <trkpt lat="47.358737" lon="8.562339">
        <ele>440</ele>
        <time>2024-05-26T04:52:32Z</time>
      </trkpt>
      <trkpt lat="47.358806" lon="8.56234">
        <ele>454</ele>
        <time>2024-05-26T04:52:37Z</time>
        <cmt>speed: 0.3</cmt>
      </trkpt>
      <trkpt lat="47.360138" lon="8.561812">
        <ele>412</ele>
        <time>2024-05-26T05:02:40Z</time>
        <cmt>speed: 1.4</cmt>
      </trkpt>
      <trkpt lat="47.359718" lon="8.563346">
        <ele>473</ele>
        <time>2024-05-26T05:12:36Z</time>
        <cmt>speed: 0.1</cmt>
      </trkpt>
      <trkpt lat="47.360194" lon="8.561123">
        <ele>422</ele>
        <time>2024-05-26T05:32:40Z</time>
        <cmt>speed: 0.3</cmt>
      </trkpt>
      <trkpt lat="47.36028" lon="8.563131">
        <ele>460</ele>
        <time>2024-05-26T05:42:38Z</time>
        <cmt>speed: 0.0</cmt>
      </trkpt>
      <trkpt lat="47.360195" lon="8.563189">
        <ele>440</ele>
        <time>2024-05-26T05:43:12Z</time>
        <cmt>speed: 0.3</cmt>
      </trkpt>
      <trkpt lat="47.360137" lon="8.563216">
        <ele>463</ele>
        <time>2024-05-26T05:43:16Z</time>
        <cmt>speed: 0.0</cmt>
      </trkpt>
      <trkpt lat="47.360137" lon="8.563216">
        <ele>463</ele>
        <time>2024-05-26T05:43:20Z</time>
        <cmt>speed: 0.0</cmt>
      </trkpt>
      <trkpt lat="47.360137" lon="8.563216">
        <ele>463</ele>
        <time>2024-05-26T05:43:24Z</time>
        <cmt>speed: 0.0</cmt>
      </trkpt>
      <trkpt lat="47.360137" lon="8.563216">
        <ele>463</ele>
        <time>2024-05-26T05:43:28Z</time>
        <cmt>speed: 0.0</cmt>
      </trkpt>
      <trkpt lat="47.360137" lon="8.563216">
        <ele>463</ele>
        <time>2024-05-26T05:43:32Z</time>
        <cmt>speed: 0.0</cmt>
      </trkpt>
      <trkpt lat="47.360137" lon="8.563216">
        <ele>463</ele>
        <time>2024-05-26T05:43:36Z</time>
        <cmt>speed: 0.0</cmt>
      </trkpt>
      <trkpt lat="47.359974" lon="8.56367">
        <ele>434</ele>
        <time>2024-05-26T05:43:37Z</time>
      </trkpt>
      <trkpt lat="47.359974" lon="8.56367">
        <ele>434</ele>
        <time>2024-05-26T05:58:17Z</time>
      </trkpt>
      <trkpt lat="47.359784" lon="8.56342">
        <ele>433</ele>
        <time>2024-05-26T05:58:27Z</time>
        <cmt>speed: 0.6</cmt>
      </trkpt>
      <trkpt lat="47.359959" lon="8.563643">
        <ele>434</ele>
        <time>2024-05-26T06:05:47Z</time>
      </trkpt>
      <trkpt lat="47.360186" lon="8.56356">
        <ele>440</ele>
        <time>2024-05-26T06:10:11Z</time>
        <cmt>speed: 0.2</cmt>
      </trkpt>
      <trkpt lat="47.359959" lon="8.563643">
        <ele>434</ele>
        <time>2024-05-26T06:15:02Z</time>
      </trkpt>
      <trkpt lat="47.360154" lon="8.563245">
        <ele>466</ele>
        <time>2024-05-26T06:20:09Z</time>
        <cmt>speed: 3.0</cmt>
      </trkpt>
      <trkpt lat="47.359974" lon="8.56367">
        <ele>434</ele>
        <time>2024-05-26T06:28:15Z</time>
      </trkpt>
      <trkpt lat="47.359704" lon="8.563708">
        <ele>460</ele>
        <time>2024-05-26T06:31:37Z</time>
        <cmt>speed: 0.3</cmt>
      </trkpt>
      <trkpt lat="47.359993" lon="8.563109">
        <ele>440</ele>
        <time>2024-05-26T06:41:39Z</time>
        <cmt>speed: 3.8</cmt>
      </trkpt>
      <trkpt lat="47.359974" lon="8.56367">
        <ele>434</ele>
        <time>2024-05-26T06:43:59Z</time>
      </trkpt>
      <trkpt lat="47.359974" lon="8.56367">
        <ele>434</ele>
        <time>2024-05-26T06:48:14Z</time>
      </trkpt>
      <trkpt lat="47.360299" lon="8.563438">
        <ele>448</ele>
        <time>2024-05-26T06:53:14Z</time>
        <cmt>speed: 1.1</cmt>
      </trkpt>
      <trkpt lat="47.358953" lon="8.561274">
        <ele>461</ele>
        <time>2024-05-26T07:03:07Z</time>
        <cmt>speed: 1.7</cmt>
      </trkpt>
      <trkpt lat="47.359054" lon="8.560453">
        <ele>493</ele>
        <time>2024-05-26T07:13:07Z</time>
        <cmt>speed: 2.5</cmt>
      </trkpt>
      <trkpt lat="47.358832" lon="8.561025">
        <ele>432</ele>
        <time>2024-05-26T08:18:47Z</time>
        <cmt>speed: 0.0</cmt>
      </trkpt>
      <trkpt lat="47.359111" lon="8.56047">
        <ele>438</ele>
        <time>2024-05-26T08:28:45Z</time>
        <cmt>speed: 0.2</cmt>
      </trkpt>
      <trkpt lat="47.359111" lon="8.56047">
        <ele>438</ele>
        <time>2024-05-26T08:33:02Z</time>
      </trkpt>
      <trkpt lat="47.358838" lon="8.560757">
        <ele>444</ele>
        <time>2024-05-26T09:29:11Z</time>
        <cmt>speed: 0.3</cmt>
      </trkpt>
      <trkpt lat="47.358838" lon="8.560757">
        <ele>444</ele>
        <time>2024-05-26T09:33:02Z</time>
      </trkpt>
      <trkpt lat="47.358864" lon="8.560905">
        <ele>446</ele>
        <time>2024-05-26T09:39:01Z</time>
        <cmt>speed: 0.4</cmt>
      </trkpt>
      <trkpt lat="47.358862" lon="8.560806">
        <ele>388</ele>
        <time>2024-05-26T09:49:20Z</time>
        <cmt>speed: 0.2</cmt>
      </trkpt>
      <trkpt lat="47.35899" lon="8.560979">
        <ele>424</ele>
        <time>2024-05-26T10:19:05Z</time>
        <cmt>speed: 0.1</cmt>
      </trkpt>
      <trkpt lat="47.358832" lon="8.560948">
        <ele>477</ele>
        <time>2024-05-26T10:29:11Z</time>
        <cmt>speed: 0.3</cmt>
      </trkpt>
      <trkpt lat="47.358832" lon="8.560948">
        <ele>477</ele>
        <time>2024-05-26T10:33:02Z</time>
      </trkpt>
      <trkpt lat="47.358967" lon="8.561219">
        <ele>444</ele>
        <time>2024-05-26T10:39:18Z</time>
        <cmt>speed: 0.0</cmt>
      </trkpt>
      <trkpt lat="47.358833" lon="8.561">
        <ele>453</ele>
        <time>2024-05-26T10:48:51Z</time>
        <cmt>speed: 0.5</cmt>
      </trkpt>
      <trkpt lat="47.358833" lon="8.561">
        <ele>453</ele>
        <time>2024-05-26T10:58:39Z</time>
      </trkpt>
      <trkpt lat="47.358876" lon="8.560863">
        <ele>446</ele>
        <time>2024-05-26T10:58:45Z</time>
        <cmt>speed: 0.0</cmt>
      </trkpt>
      <trkpt lat="47.358829" lon="8.560973">
        <ele>396</ele>
        <time>2024-05-26T11:08:37Z</time>
        <cmt>speed: 0.1</cmt>
      </trkpt>
      <trkpt lat="47.358829" lon="8.560973">
        <ele>396</ele>
        <time>2024-05-26T11:18:34Z</time>
      </trkpt>
      <trkpt lat="47.358906" lon="8.56094">
        <ele>436</ele>
        <time>2024-05-26T11:18:40Z</time>
        <cmt>speed: 0.2</cmt>
      </trkpt>
      <trkpt lat="47.35903" lon="8.561093">
        <ele>478</ele>
        <time>2024-05-26T11:38:36Z</time>
        <cmt>speed: 0.3</cmt>
      </trkpt>
      <trkpt lat="47.359287" lon="8.561266">
        <ele>431</ele>
        <time>2024-05-26T11:48:35Z</time>
        <cmt>speed: 0.1</cmt>
      </trkpt>
      <trkpt lat="47.359318" lon="8.559756">
        <ele>441</ele>
        <time>2024-05-26T11:58:41Z</time>
        <cmt>speed: 0.4</cmt>
      </trkpt>
      <trkpt lat="47.359173" lon="8.560091">
        <ele>427</ele>
        <time>2024-05-26T12:08:38Z</time>
        <cmt>speed: 0.5</cmt>
      </trkpt>
      <trkpt lat="47.358333" lon="8.562176">
        <ele>434</ele>
        <time>2024-05-26T12:18:39Z</time>
        <cmt>speed: 1.5</cmt>
      </trkpt>
      <trkpt lat="47.35835" lon="8.562798">
        <ele>409</ele>
        <time>2024-05-26T12:28:39Z</time>
        <cmt>speed: 0.2</cmt>
      </trkpt>
      <trkpt lat="47.35835" lon="8.562798">
        <ele>409</ele>
        <time>2024-05-26T12:38:33Z</time>
      </trkpt>
      <trkpt lat="47.35797" lon="8.562682">
        <ele>448</ele>
        <time>2024-05-26T12:38:39Z</time>
        <cmt>speed: 0.0</cmt>
      </trkpt>
      <trkpt lat="47.358094" lon="8.562849">
        <ele>419</ele>
        <time>2024-05-26T12:48:40Z</time>
        <cmt>speed: 0.3</cmt>
      </trkpt>
      <trkpt lat="47.358094" lon="8.562849">
        <ele>419</ele>
        <time>2024-05-26T12:58:39Z</time>
      </trkpt>
      <trkpt lat="47.358238" lon="8.562757">
        <ele>453</ele>
        <time>2024-05-26T12:58:45Z</time>
        <cmt>speed: 0.0</cmt>
      </trkpt>
      <trkpt lat="47.358256" lon="8.563008">
        <ele>434</ele>
        <time>2024-05-26T13:08:38Z</time>
        <cmt>speed: 0.1</cmt>
      </trkpt>
      <trkpt lat="47.358256" lon="8.563008">
        <ele>434</ele>
        <time>2024-05-26T13:13:02Z</time>
      </trkpt>
      <trkpt lat="47.358223" lon="8.562728">
        <ele>424</ele>
        <time>2024-05-26T13:18:38Z</time>
        <cmt>speed: 0.1</cmt>
      </trkpt>
      <trkpt lat="47.358319" lon="8.562738">
        <ele>440</ele>
        <time>2024-05-26T13:28:38Z</time>
        <cmt>speed: 0.1</cmt>
      </trkpt>
      <trkpt lat="47.358319" lon="8.562738">
        <ele>440</ele>
        <time>2024-05-26T13:38:30Z</time>
      </trkpt>
      <trkpt lat="47.358399" lon="8.562672">
        <ele>453</ele>
        <time>2024-05-26T13:38:36Z</time>
        <cmt>speed: 1.2</cmt>
      </trkpt>
      <trkpt lat="47.358377" lon="8.562705">
        <ele>425</ele>
        <time>2024-05-26T13:48:38Z</time>
        <cmt>speed: 0.0</cmt>
      </trkpt>
      <trkpt lat="47.358377" lon="8.562705">
        <ele>425</ele>
        <time>2024-05-26T13:53:02Z</time>
      </trkpt>
      <trkpt lat="47.358215" lon="8.562484">
        <ele>423</ele>
        <time>2024-05-26T13:59:04Z</time>
        <cmt>speed: 0.2</cmt>
      </trkpt>
      <trkpt lat="47.358305" lon="8.562586">
        <ele>416</ele>
        <time>2024-05-26T14:09:26Z</time>
        <cmt>speed: 1.0</cmt>
      </trkpt>
      <trkpt lat="47.358305" lon="8.562586">
        <ele>416</ele>
        <time>2024-05-26T14:13:02Z</time>
      </trkpt>
      <trkpt lat="47.358352" lon="8.562765">
        <ele>451</ele>
        <time>2024-05-26T14:19:10Z</time>
        <cmt>speed: 0.3</cmt>
      </trkpt>
      <trkpt lat="47.35833" lon="8.562837">
        <ele>443</ele>
        <time>2024-05-26T14:28:52Z</time>
        <cmt>speed: 1.0</cmt>
      </trkpt>
      <trkpt lat="47.358281" lon="8.562499">
        <ele>461</ele>
        <time>2024-05-26T14:49:06Z</time>
        <cmt>speed: 0.6</cmt>
      </trkpt>
      <trkpt lat="47.358458" lon="8.562635">
        <ele>465</ele>
        <time>2024-05-26T15:19:35Z</time>
        <cmt>speed: 0.8</cmt>
      </trkpt>
      <trkpt lat="47.358115" lon="8.562478">
        <ele>467</ele>
        <time>2024-05-26T15:28:56Z</time>
        <cmt>speed: 3.7</cmt>
      </trkpt>
      <trkpt lat="47.358115" lon="8.562478">
        <ele>467</ele>
        <time>2024-05-26T15:33:02Z</time>
      </trkpt>
      <trkpt lat="47.358211" lon="8.562414">
        <ele>451</ele>
        <time>2024-05-26T15:38:50Z</time>
        <cmt>speed: 1.9</cmt>
      </trkpt>
      <trkpt lat="47.358346" lon="8.562705">
        <ele>428</ele>
        <time>2024-05-26T16:08:50Z</time>
        <cmt>speed: 1.2</cmt>
      </trkpt>
      <trkpt lat="47.358247" lon="8.562381">
        <ele>485</ele>
        <time>2024-05-26T16:18:50Z</time>
        <cmt>speed: 0.1</cmt>
      </trkpt>
      <trkpt lat="47.358382" lon="8.560802">
        <ele>468</ele>
        <time>2024-05-26T16:28:50Z</time>
        <cmt>speed: 0.0</cmt>
      </trkpt>
      <trkpt lat="47.358893" lon="8.561291">
        <ele>425</ele>
        <time>2024-05-26T16:38:50Z</time>
        <cmt>speed: 0.7</cmt>
      </trkpt>
      <trkpt lat="47.35869" lon="8.560946">
        <ele>421</ele>
        <time>2024-05-26T16:48:51Z</time>
        <cmt>speed: 0.4</cmt>
      </trkpt>
      <trkpt lat="47.357893" lon="8.561287">
        <ele>455</ele>
        <time>2024-05-26T16:58:51Z</time>
        <cmt>speed: 0.2</cmt>
      </trkpt>
      <trkpt lat="47.358747" lon="8.56211">
        <ele>435</ele>
        <time>2024-05-26T17:08:51Z</time>
        <cmt>speed: 0.5</cmt>
      </trkpt>
      <trkpt lat="47.358747" lon="8.56211">
        <ele>435</ele>
        <time>2024-05-26T17:18:44Z</time>
      </trkpt>
      <trkpt lat="47.358899" lon="8.562368">
        <ele>434</ele>
        <time>2024-05-26T17:18:51Z</time>
        <cmt>speed: 0.5</cmt>
      </trkpt>
      <trkpt lat="47.35877" lon="8.562487">
        <ele>443</ele>
        <time>2024-05-26T17:28:52Z</time>
        <cmt>speed: 0.1</cmt>
      </trkpt>
      <trkpt lat="47.358509" lon="8.562635">
        <ele>415</ele>
        <time>2024-05-26T17:38:49Z</time>
        <cmt>speed: 2.2</cmt>
      </trkpt>
      <trkpt lat="47.35778" lon="8.562989">
        <ele>431</ele>
        <time>2024-05-26T17:48:53Z</time>
        <cmt>speed: 0.0</cmt>
      </trkpt>
      <trkpt lat="47.357421" lon="8.563363">
        <ele>465</ele>
        <time>2024-05-26T17:58:55Z</time>
        <cmt>speed: 0.3</cmt>
      </trkpt>
      <trkpt lat="47.356892" lon="8.563449">
        <ele>444</ele>
        <time>2024-05-26T18:08:51Z</time>
        <cmt>speed: 0.1</cmt>
      </trkpt>
      <trkpt lat="47.356892" lon="8.563449">
        <ele>444</ele>
        <time>2024-05-26T18:18:45Z</time>
      </trkpt>
      <trkpt lat="47.356996" lon="8.563311">
        <ele>410</ele>
        <time>2024-05-26T18:18:52Z</time>
        <cmt>speed: 0.4</cmt>
      </trkpt>
      <trkpt lat="47.356622" lon="8.563362">
        <ele>439</ele>
        <time>2024-05-26T18:28:50Z</time>
        <cmt>speed: 1.3</cmt>
      </trkpt>
      <trkpt lat="47.356622" lon="8.563362">
        <ele>439</ele>
        <time>2024-05-26T18:33:02Z</time>
      </trkpt>
      <trkpt lat="47.356794" lon="8.563484">
        <ele>443</ele>
        <time>2024-05-26T18:38:51Z</time>
        <cmt>speed: 0.4</cmt>
      </trkpt>
      <trkpt lat="47.356897" lon="8.563344">
        <ele>444</ele>
        <time>2024-05-26T18:48:53Z</time>
        <cmt>speed: 0.0</cmt>
      </trkpt>
      <trkpt lat="47.356897" lon="8.563344">
        <ele>444</ele>
        <time>2024-05-26T18:53:02Z</time>
      </trkpt>
      <trkpt lat="47.356946" lon="8.563356">
        <ele>439</ele>
        <time>2024-05-26T19:06:10Z</time>
        <cmt>speed: 0.4</cmt>
      </trkpt>
      <trkpt lat="47.356946" lon="8.563356">
        <ele>439</ele>
        <time>2024-05-26T19:16:05Z</time>
      </trkpt>
      <trkpt lat="47.35704" lon="8.563262">
        <ele>435</ele>
        <time>2024-05-26T19:16:12Z</time>
        <cmt>speed: 0.0</cmt>
      </trkpt>
      <trkpt lat="47.356982" lon="8.563377">
        <ele>429</ele>
        <time>2024-05-26T19:26:12Z</time>
        <cmt>speed: 0.2</cmt>
      </trkpt>
      <trkpt lat="47.356982" lon="8.563377">
        <ele>429</ele>
        <time>2024-05-26T19:36:04Z</time>
      </trkpt>
      <trkpt lat="47.357425" lon="8.562897">
        <ele>404</ele>
        <time>2024-05-26T19:36:11Z</time>
        <cmt>speed: 1.9</cmt>
      </trkpt>
      <trkpt lat="47.356817" lon="8.563295">
        <ele>442</ele>
        <time>2024-05-26T19:47:53Z</time>
        <cmt>speed: 0.0</cmt>
      </trkpt>
      <trkpt lat="47.357253" lon="8.56302">
        <ele>455</ele>
        <time>2024-05-26T19:57:43Z</time>
        <cmt>speed: 0.0</cmt>
      </trkpt>
      <trkpt lat="47.358121" lon="8.562103">
        <ele>386</ele>
        <time>2024-05-26T20:07:44Z</time>
        <cmt>speed: 0.3</cmt>
      </trkpt>
      <trkpt lat="47.358773" lon="8.560681">
        <ele>498</ele>
        <time>2024-05-26T20:17:46Z</time>
        <cmt>speed: 0.1</cmt>
      </trkpt>
      <trkpt lat="47.357907" lon="8.560651">
        <ele>448</ele>
        <time>2024-05-26T20:27:43Z</time>
        <cmt>speed: 0.0</cmt>
      </trkpt>
      <trkpt lat="47.358428" lon="8.560626">
        <ele>419</ele>
        <time>2024-05-26T20:37:43Z</time>
        <cmt>speed: 0.0</cmt>
      </trkpt>
      <trkpt lat="47.358848" lon="8.561624">
        <ele>423</ele>
        <time>2024-05-26T20:47:44Z</time>
        <cmt>speed: 1.3</cmt>
      </trkpt>
      <trkpt lat="47.358983" lon="8.563323">
        <ele>455</ele>
        <time>2024-05-26T20:57:44Z</time>
        <cmt>speed: 0.0</cmt>
      </trkpt>
      <trkpt lat="47.358437" lon="8.56458">
        <ele>446</ele>
        <time>2024-05-26T21:07:43Z</time>
        <cmt>speed: 0.3</cmt>
      </trkpt>
      <trkpt lat="47.358437" lon="8.56458">
        <ele>446</ele>
        <time>2024-05-26T21:17:36Z</time>
      </trkpt>
      <trkpt lat="47.358428" lon="8.564553">
        <ele>447</ele>
        <time>2024-05-26T21:17:43Z</time>
        <cmt>speed: 0.8</cmt>
      </trkpt>
      <trkpt lat="47.358452" lon="8.564565">
        <ele>460</ele>
        <time>2024-05-26T21:28:39Z</time>
        <cmt>speed: 0.2</cmt>
      </trkpt>
      <trkpt lat="47.358692" lon="8.565194">
        <ele>445</ele>
        <time>2024-05-26T21:38:38Z</time>
        <cmt>speed: 0.7</cmt>
      </trkpt>
      <trkpt lat="47.359398" lon="8.562211">
        <ele>440</ele>
        <time>2024-05-26T21:48:37Z</time>
        <cmt>speed: 0.3</cmt>
      </trkpt>
      <trkpt lat="47.358787" lon="8.562075">
        <ele>445</ele>
        <time>2024-05-26T21:58:37Z</time>
        <cmt>speed: 2.6</cmt>
      </trkpt>
      <trkpt lat="47.35724" lon="8.563216">
        <ele>448</ele>
        <time>2024-05-26T22:08:38Z</time>
        <cmt>speed: 0.6</cmt>
      </trkpt>
      <trkpt lat="47.35724" lon="8.563216">
        <ele>448</ele>
        <time>2024-05-26T22:18:30Z</time>
      </trkpt>
      <trkpt lat="47.357287" lon="8.563715">
        <ele>442</ele>
        <time>2024-05-26T22:18:38Z</time>
        <cmt>speed: 0.4</cmt>
      </trkpt>
      <trkpt lat="47.357213" lon="8.563719">
        <ele>448</ele>
        <time>2024-05-26T22:28:37Z</time>
        <cmt>speed: 0.7</cmt>
      </trkpt>
      <trkpt lat="47.357213" lon="8.563719">
        <ele>448</ele>
        <time>2024-05-26T22:38:30Z</time>
      </trkpt>
      <trkpt lat="47.357238" lon="8.563871">
        <ele>486</ele>
        <time>2024-05-26T22:38:38Z</time>
        <cmt>speed: 0.1</cmt>
      </trkpt>
      <trkpt lat="47.357289" lon="8.563815">
        <ele>477</ele>
        <time>2024-05-26T22:48:38Z</time>
        <cmt>speed: 0.2</cmt>
      </trkpt>
      <trkpt lat="47.357289" lon="8.563815">
        <ele>477</ele>
        <time>2024-05-26T22:58:31Z</time>
      </trkpt>
      <trkpt lat="47.357202" lon="8.563859">
        <ele>493</ele>
        <time>2024-05-26T22:58:39Z</time>
        <cmt>speed: 0.0</cmt>
      </trkpt>
      <trkpt lat="47.357283" lon="8.563671">
        <ele>436</ele>
        <time>2024-05-26T23:10:47Z</time>
        <cmt>speed: 0.9</cmt>
      </trkpt>
      <trkpt lat="47.357346" lon="8.563453">
        <ele>440</ele>
        <time>2024-05-26T23:20:46Z</time>
        <cmt>speed: 0.5</cmt>
      </trkpt>
      <trkpt lat="47.357327" lon="8.563701">
        <ele>444</ele>
        <time>2024-05-26T23:30:44Z</time>
        <cmt>speed: 1.2</cmt>
      </trkpt>
      <trkpt lat="47.357313" lon="8.563669">
        <ele>447</ele>
        <time>2024-05-26T23:40:47Z</time>
        <cmt>speed: 0.3</cmt>
      </trkpt>
      <trkpt lat="47.357282" lon="8.563702">
        <ele>441</ele>
        <time>2024-05-26T23:50:45Z</time>
        <cmt>speed: 0.8</cmt>
      </trkpt>
      <trkpt lat="47.357282" lon="8.563702">
        <ele>441</ele>
        <time>2024-05-26T23:53:02Z</time>
      </trkpt>
      <trkpt lat="47.357348" lon="8.563791">
        <ele>431</ele>
        <time>2024-05-27T00:00:46Z</time>
        <cmt>speed: 0.1</cmt>
      </trkpt>
      <trkpt lat="47.357334" lon="8.563776">
        <ele>449</ele>
        <time>2024-05-27T00:10:45Z</time>
        <cmt>speed: 0.7</cmt>
      </trkpt>
      <trkpt lat="47.357334" lon="8.563776">
        <ele>449</ele>
        <time>2024-05-27T00:13:02Z</time>
      </trkpt>
      <trkpt lat="47.357419" lon="8.563797">
        <ele>460</ele>
        <time>2024-05-27T00:20:46Z</time>
        <cmt>speed: 0.0</cmt>
      </trkpt>
      <trkpt lat="47.357545" lon="8.563745">
        <ele>476</ele>
        <time>2024-05-27T00:30:46Z</time>
        <cmt>speed: 0.7</cmt>
      </trkpt>
      <trkpt lat="47.357545" lon="8.563745">
        <ele>476</ele>
        <time>2024-05-27T00:33:02Z</time>
      </trkpt>
      <trkpt lat="47.357436" lon="8.563712">
        <ele>460</ele>
        <time>2024-05-27T00:40:46Z</time>
        <cmt>speed: 0.2</cmt>
      </trkpt>
      <trkpt lat="47.357386" lon="8.563753">
        <ele>457</ele>
        <time>2024-05-27T00:50:44Z</time>
        <cmt>speed: 0.6</cmt>
      </trkpt>
      <trkpt lat="47.357386" lon="8.563753">
        <ele>457</ele>
        <time>2024-05-27T00:53:02Z</time>
      </trkpt>
      <trkpt lat="47.357514" lon="8.56395">
        <ele>455</ele>
        <time>2024-05-27T01:00:45Z</time>
        <cmt>speed: 0.1</cmt>
      </trkpt>
      <trkpt lat="47.357423" lon="8.563708">
        <ele>446</ele>
        <time>2024-05-27T01:10:50Z</time>
        <cmt>speed: 0.0</cmt>
      </trkpt>
      <trkpt lat="47.357423" lon="8.563708">
        <ele>446</ele>
        <time>2024-05-27T01:13:02Z</time>
      </trkpt>
      <trkpt lat="47.357377" lon="8.563683">
        <ele>444</ele>
        <time>2024-05-27T01:20:47Z</time>
        <cmt>speed: 0.0</cmt>
      </trkpt>
      <trkpt lat="47.357559" lon="8.563879">
        <ele>486</ele>
        <time>2024-05-27T01:30:46Z</time>
        <cmt>speed: 0.5</cmt>
      </trkpt>
      <trkpt lat="47.3582" lon="8.564469">
        <ele>459</ele>
        <time>2024-05-27T01:40:46Z</time>
        <cmt>speed: 0.0</cmt>
      </trkpt>
      <trkpt lat="47.358295" lon="8.564576">
        <ele>468</ele>
        <time>2024-05-27T01:50:45Z</time>
        <cmt>speed: 1.6</cmt>
      </trkpt>
      <trkpt lat="47.35935" lon="8.562615">
        <ele>463</ele>
        <time>2024-05-27T02:00:45Z</time>
        <cmt>speed: 0.4</cmt>
      </trkpt>
      <trkpt lat="47.359233" lon="8.561415">
        <ele>438</ele>
        <time>2024-05-27T02:10:46Z</time>
        <cmt>speed: 0.9</cmt>
      </trkpt>
      <trkpt lat="47.35935" lon="8.562615">
        <ele>463</ele>
        <time>2024-05-27T02:20:38Z</time>
      </trkpt>
      <trkpt lat="47.357747" lon="8.560265">
        <ele>488</ele>
        <time>2024-05-27T02:20:46Z</time>
        <cmt>speed: 0.2</cmt>
      </trkpt>
      <trkpt lat="47.357541" lon="8.560326">
        <ele>469</ele>
        <time>2024-05-27T02:30:50Z</time>
        <cmt>speed: 1.3</cmt>
      </trkpt>
      <trkpt lat="47.358368" lon="8.560367">
        <ele>444</ele>
        <time>2024-05-27T02:40:46Z</time>
        <cmt>speed: 0.3</cmt>
      </trkpt>
      <trkpt lat="47.35919" lon="8.560588">
        <ele>454</ele>
        <time>2024-05-27T02:50:47Z</time>
        <cmt>speed: 1.5</cmt>
      </trkpt>
      <trkpt lat="47.359972" lon="8.561533">
        <ele>443</ele>
        <time>2024-05-27T03:00:49Z</time>
        <cmt>speed: 0.7</cmt>
      </trkpt>
      <trkpt lat="47.359974" lon="8.56367">
        <ele>434</ele>
        <time>2024-05-27T03:12:15Z</time>
      </trkpt>
      <trkpt lat="47.359974" lon="8.56367">
        <ele>434</ele>
        <time>2024-05-27T03:27:15Z</time>
      </trkpt>
      <trkpt lat="47.360014" lon="8.563468">
        <ele>439</ele>
        <time>2024-05-27T10:43:43Z</time>
        <cmt>speed: 0.6</cmt>
      </trkpt>
      <trkpt lat="47.359931" lon="8.561054">
        <ele>446</ele>
        <time>2024-05-27T10:53:36Z</time>
        <cmt>speed: 0.6</cmt>
      </trkpt>
      <trkpt lat="47.358832" lon="8.561236">
        <ele>440</ele>
        <time>2024-05-27T11:03:24Z</time>
        <cmt>speed: 0.6</cmt>
      </trkpt>
      <trkpt lat="47.359088" lon="8.56107">
        <ele>375</ele>
        <time>2024-05-27T11:13:22Z</time>
        <cmt>speed: 2.2</cmt>
      </trkpt>
      <trkpt lat="47.359088" lon="8.56107">
        <ele>375</ele>
        <time>2024-05-27T11:23:15Z</time>
      </trkpt>
      <trkpt lat="47.35891" lon="8.561319">
        <ele>423</ele>
        <time>2024-05-27T11:23:25Z</time>
        <cmt>speed: 0.3</cmt>
      </trkpt>
      <trkpt lat="47.358714" lon="8.560978">
        <ele>420</ele>
        <time>2024-05-27T11:49:14Z</time>
        <cmt>speed: 1.1</cmt>
      </trkpt>
      <trkpt lat="47.358891" lon="8.561106">
        <ele>367</ele>
        <time>2024-05-27T11:59:29Z</time>
        <cmt>speed: 0.3</cmt>
      </trkpt>
      <trkpt lat="47.358891" lon="8.561106">
        <ele>367</ele>
        <time>2024-05-27T12:09:06Z</time>
      </trkpt>
      <trkpt lat="47.358635" lon="8.560679">
        <ele>446</ele>
        <time>2024-05-27T12:09:16Z</time>
        <cmt>speed: 0.2</cmt>
      </trkpt>
      <trkpt lat="47.358851" lon="8.561007">
        <ele>430</ele>
        <time>2024-05-27T12:19:13Z</time>
        <cmt>speed: 0.4</cmt>
      </trkpt>
      <trkpt lat="47.358851" lon="8.561007">
        <ele>430</ele>
        <time>2024-05-27T12:29:05Z</time>
      </trkpt>
      <trkpt lat="47.358921" lon="8.561004">
        <ele>408</ele>
        <time>2024-05-27T12:29:15Z</time>
        <cmt>speed: 0.1</cmt>
      </trkpt>
      <trkpt lat="47.358871" lon="8.56127">
        <ele>429</ele>
        <time>2024-05-27T12:39:12Z</time>
        <cmt>speed: 0.1</cmt>
      </trkpt>
      <trkpt lat="47.358871" lon="8.56127">
        <ele>429</ele>
        <time>2024-05-27T12:49:01Z</time>
      </trkpt>
      <trkpt lat="47.358806" lon="8.561206">
        <ele>444</ele>
        <time>2024-05-27T12:49:11Z</time>
        <cmt>speed: 0.0</cmt>
      </trkpt>
      <trkpt lat="47.358821" lon="8.561088">
        <ele>405</ele>
        <time>2024-05-27T12:59:11Z</time>
        <cmt>speed: 0.4</cmt>
      </trkpt>
      <trkpt lat="47.358821" lon="8.561088">
        <ele>405</ele>
        <time>2024-05-27T13:09:04Z</time>
      </trkpt>
      <trkpt lat="47.359133" lon="8.561498">
        <ele>392</ele>
        <time>2024-05-27T13:09:14Z</time>
        <cmt>speed: 0.0</cmt>
      </trkpt>
      <trkpt lat="47.35876" lon="8.561288">
        <ele>415</ele>
        <time>2024-05-27T13:19:11Z</time>
        <cmt>speed: 0.0</cmt>
      </trkpt>
      <trkpt lat="47.358955" lon="8.561752">
        <ele>419</ele>
        <time>2024-05-27T13:29:12Z</time>
        <cmt>speed: 6.1</cmt>
      </trkpt>
      <trkpt lat="47.358796" lon="8.561279">
        <ele>418</ele>
        <time>2024-05-27T13:39:12Z</time>
        <cmt>speed: 0.0</cmt>
      </trkpt>
      <trkpt lat="47.358982" lon="8.561366">
        <ele>399</ele>
        <time>2024-05-27T13:49:11Z</time>
        <cmt>speed: 0.3</cmt>
      </trkpt>
      <trkpt lat="47.359058" lon="8.561212">
        <ele>403</ele>
        <time>2024-05-27T15:03:30Z</time>
        <cmt>speed: 0.2</cmt>
      </trkpt>
      <trkpt lat="47.359058" lon="8.561212">
        <ele>403</ele>
        <time>2024-05-27T15:33:32Z</time>
      </trkpt>
      <trkpt lat="47.35868" lon="8.561089">
        <ele>480</ele>
        <time>2024-05-27T15:33:42Z</time>
        <cmt>speed: 0.6</cmt>
      </trkpt>
      <trkpt lat="47.358973" lon="8.561162">
        <ele>408</ele>
        <time>2024-05-27T15:43:22Z</time>
        <cmt>speed: 0.8</cmt>
      </trkpt>
      <trkpt lat="47.358945" lon="8.561178">
        <ele>427</ele>
        <time>2024-05-27T16:03:19Z</time>
        <cmt>speed: 0.2</cmt>
      </trkpt>
      <trkpt lat="47.358917" lon="8.561147">
        <ele>444</ele>
        <time>2024-05-27T16:23:21Z</time>
        <cmt>speed: 0.2</cmt>
      </trkpt>
      <trkpt lat="47.358911" lon="8.561185">
        <ele>446</ele>
        <time>2024-05-27T16:33:17Z</time>
        <cmt>speed: 0.3</cmt>
      </trkpt>
      <trkpt lat="47.358911" lon="8.561185">
        <ele>446</ele>
        <time>2024-05-27T16:33:18Z</time>
      </trkpt>
      <trkpt lat="47.358831" lon="8.561155">
        <ele>447</ele>
        <time>2024-05-27T16:53:15Z</time>
        <cmt>speed: 1.1</cmt>
      </trkpt>
      <trkpt lat="47.358831" lon="8.561155">
        <ele>447</ele>
        <time>2024-05-27T16:53:15Z</time>
      </trkpt>
      <trkpt lat="47.358889" lon="8.561252">
        <ele>444</ele>
        <time>2024-05-27T17:04:47Z</time>
        <cmt>speed: 0.4</cmt>
      </trkpt>
      <trkpt lat="47.358825" lon="8.561152">
        <ele>448</ele>
        <time>2024-05-27T17:14:45Z</time>
        <cmt>speed: 0.0</cmt>
      </trkpt>
      <trkpt lat="47.358825" lon="8.561152">
        <ele>448</ele>
        <time>2024-05-27T17:14:45Z</time>
      </trkpt>
      <trkpt lat="47.358941" lon="8.561043">
        <ele>430</ele>
        <time>2024-05-27T17:24:44Z</time>
        <cmt>speed: 0.0</cmt>
      </trkpt>
      <trkpt lat="47.358941" lon="8.561043">
        <ele>430</ele>
        <time>2024-05-27T17:29:10Z</time>
      </trkpt>
      <trkpt lat="47.357821" lon="8.560155">
        <ele>440</ele>
        <time>2024-05-27T17:44:45Z</time>
        <cmt>speed: 2.4</cmt>
      </trkpt>
      <trkpt lat="47.357771" lon="8.560513">
        <ele>437</ele>
        <time>2024-05-27T17:54:49Z</time>
        <cmt>speed: 0.0</cmt>
      </trkpt>
      <trkpt lat="47.35791" lon="8.560893">
        <ele>485</ele>
        <time>2024-05-27T18:04:48Z</time>
        <cmt>speed: 0.3</cmt>
      </trkpt>
      <trkpt lat="47.357554" lon="8.560817">
        <ele>389</ele>
        <time>2024-05-27T18:14:46Z</time>
        <cmt>speed: 0.1</cmt>
      </trkpt>
      <trkpt lat="47.357474" lon="8.561503">
        <ele>479</ele>
        <time>2024-05-27T18:24:44Z</time>
        <cmt>speed: 0.0</cmt>
      </trkpt>
      <trkpt lat="47.358022" lon="8.562888">
        <ele>461</ele>
        <time>2024-05-27T18:34:48Z</time>
        <cmt>speed: 1.5</cmt>
      </trkpt>
      <trkpt lat="47.357956" lon="8.562816">
        <ele>445</ele>
        <time>2024-05-27T18:44:56Z</time>
        <cmt>speed: 2.3</cmt>
      </trkpt>
      <trkpt lat="47.358853" lon="8.561444">
        <ele>439</ele>
        <time>2024-05-27T18:54:43Z</time>
        <cmt>speed: 0.9</cmt>
      </trkpt>
      <trkpt lat="47.359021" lon="8.561765">
        <ele>416</ele>
        <time>2024-05-27T19:04:51Z</time>
        <cmt>speed: 0.3</cmt>
      </trkpt>
      <trkpt lat="47.359116" lon="8.561384">
        <ele>457</ele>
        <time>2024-05-27T19:24:43Z</time>
        <cmt>speed: 0.2</cmt>
      </trkpt>
      <trkpt lat="47.358944" lon="8.56074">
        <ele>454</ele>
        <time>2024-05-27T19:34:45Z</time>
        <cmt>speed: 0.7</cmt>
      </trkpt>
      <trkpt lat="47.358944" lon="8.56074">
        <ele>454</ele>
        <time>2024-05-27T19:34:45Z</time>
      </trkpt>
      <trkpt lat="47.35895" lon="8.561575">
        <ele>458</ele>
        <time>2024-05-27T19:44:45Z</time>
        <cmt>speed: 0.5</cmt>
      </trkpt>
      <trkpt lat="47.359114" lon="8.561769">
        <ele>465</ele>
        <time>2024-05-27T19:54:47Z</time>
        <cmt>speed: 0.2</cmt>
      </trkpt>
      <trkpt lat="47.359114" lon="8.561769">
        <ele>465</ele>
        <time>2024-05-27T19:54:47Z</time>
      </trkpt>
      <trkpt lat="47.358755" lon="8.560224">
        <ele>394</ele>
        <time>2024-05-27T20:04:44Z</time>
        <cmt>speed: 0.5</cmt>
      </trkpt>
      <trkpt lat="47.358755" lon="8.560224">
        <ele>394</ele>
        <time>2024-05-27T20:09:10Z</time>
      </trkpt>
      <trkpt lat="47.358711" lon="8.560321">
        <ele>433</ele>
        <time>2024-05-27T20:15:40Z</time>
        <cmt>speed: 0.1</cmt>
      </trkpt>
      <trkpt lat="47.358786" lon="8.56104">
        <ele>441</ele>
        <time>2024-05-27T20:25:37Z</time>
        <cmt>speed: 0.7</cmt>
      </trkpt>
      <trkpt lat="47.358733" lon="8.560744">
        <ele>439</ele>
        <time>2024-05-27T20:35:38Z</time>
        <cmt>speed: 0.9</cmt>
      </trkpt>
      <trkpt lat="47.358733" lon="8.560744">
        <ele>439</ele>
        <time>2024-05-27T20:35:38Z</time>
      </trkpt>
      <trkpt lat="47.359155" lon="8.560282">
        <ele>504</ele>
        <time>2024-05-27T20:45:38Z</time>
        <cmt>speed: 0.5</cmt>
      </trkpt>
      <trkpt lat="47.358902" lon="8.560777">
        <ele>430</ele>
        <time>2024-05-27T20:55:39Z</time>
        <cmt>speed: 0.3</cmt>
      </trkpt>
      <trkpt lat="47.358902" lon="8.560777">
        <ele>430</ele>
        <time>2024-05-27T20:55:39Z</time>
      </trkpt>
      <trkpt lat="47.359534" lon="8.561692">
        <ele>382</ele>
        <time>2024-05-27T21:06:07Z</time>
        <cmt>speed: 0.8</cmt>
      </trkpt>
      <trkpt lat="47.359534" lon="8.561692">
        <ele>382</ele>
        <time>2024-05-27T21:09:10Z</time>
      </trkpt>
      <trkpt lat="47.359058" lon="8.561213">
        <ele>424</ele>
        <time>2024-05-27T21:15:46Z</time>
        <cmt>speed: 0.6</cmt>
      </trkpt>
      <trkpt lat="47.359058" lon="8.561305">
        <ele>421</ele>
        <time>2024-05-27T21:25:41Z</time>
        <cmt>speed: 0.3</cmt>
      </trkpt>
      <trkpt lat="47.358829" lon="8.561043">
        <ele>404</ele>
        <time>2024-05-27T21:35:38Z</time>
        <cmt>speed: 0.4</cmt>
      </trkpt>
      <trkpt lat="47.358792" lon="8.561522">
        <ele>434</ele>
        <time>2024-05-27T21:45:37Z</time>
        <cmt>speed: 0.3</cmt>
      </trkpt>
      <trkpt lat="47.358566" lon="8.561259">
        <ele>464</ele>
        <time>2024-05-27T21:55:38Z</time>
        <cmt>speed: 0.4</cmt>
      </trkpt>
      <trkpt lat="47.359712" lon="8.559666">
        <ele>429</ele>
        <time>2024-05-27T22:05:39Z</time>
        <cmt>speed: 1.7</cmt>
      </trkpt>
      <trkpt lat="47.36003" lon="8.561433">
        <ele>444</ele>
        <time>2024-05-27T22:15:41Z</time>
        <cmt>speed: 0.7</cmt>
      </trkpt>
      <trkpt lat="47.359956" lon="8.561433">
        <ele>439</ele>
        <time>2024-05-27T22:26:13Z</time>
        <cmt>speed: 1.4</cmt>
      </trkpt>
      <trkpt lat="47.359723" lon="8.561981">
        <ele>449</ele>
        <time>2024-05-27T22:35:38Z</time>
        <cmt>speed: 0.6</cmt>
      </trkpt>
      <trkpt lat="47.358719" lon="8.562289">
        <ele>446</ele>
        <time>2024-05-27T22:45:35Z</time>
        <cmt>speed: 0.8</cmt>
      </trkpt>
      <trkpt lat="47.358348" lon="8.562515">
        <ele>437</ele>
        <time>2024-05-27T22:55:36Z</time>
        <cmt>speed: 0.3</cmt>
      </trkpt>
      <trkpt lat="47.358348" lon="8.562515">
        <ele>437</ele>
        <time>2024-05-27T22:55:36Z</time>
      </trkpt>
      <trkpt lat="47.358345" lon="8.562692">
        <ele>485</ele>
        <time>2024-05-27T23:05:35Z</time>
        <cmt>speed: 0.3</cmt>
      </trkpt>
      <trkpt lat="47.358345" lon="8.562692">
        <ele>485</ele>
        <time>2024-05-27T23:15:37Z</time>
      </trkpt>
      <trkpt lat="47.358438" lon="8.562742">
        <ele>434</ele>
        <time>2024-05-27T23:15:38Z</time>
        <cmt>speed: 0.0</cmt>
      </trkpt>
      <trkpt lat="47.358397" lon="8.562729">
        <ele>441</ele>
        <time>2024-05-27T23:25:37Z</time>
        <cmt>speed: 0.3</cmt>
      </trkpt>
      <trkpt lat="47.358417" lon="8.562774">
        <ele>451</ele>
        <time>2024-05-27T23:35:37Z</time>
        <cmt>speed: 0.0</cmt>
      </trkpt>
      <trkpt lat="47.358479" lon="8.562801">
        <ele>455</ele>
        <time>2024-05-27T23:45:37Z</time>
        <cmt>speed: 0.5</cmt>
      </trkpt>
      <trkpt lat="47.358566" lon="8.562722">
        <ele>431</ele>
        <time>2024-05-27T23:55:37Z</time>
        <cmt>speed: 1.0</cmt>
      </trkpt>
      <trkpt lat="47.358566" lon="8.562722">
        <ele>431</ele>
        <time>2024-05-27T23:55:37Z</time>
      </trkpt>
      <trkpt lat="47.358401" lon="8.562736">
        <ele>467</ele>
        <time>2024-05-28T00:05:36Z</time>
        <cmt>speed: 0.2</cmt>
      </trkpt>
      <trkpt lat="47.358401" lon="8.562736">
        <ele>467</ele>
        <time>2024-05-28T00:15:35Z</time>
      </trkpt>
      <trkpt lat="47.358401" lon="8.562832">
        <ele>449</ele>
        <time>2024-05-28T00:15:36Z</time>
        <cmt>speed: 0.8</cmt>
      </trkpt>
      <trkpt lat="47.358383" lon="8.562888">
        <ele>463</ele>
        <time>2024-05-28T00:25:37Z</time>
        <cmt>speed: 0.9</cmt>
      </trkpt>
      <trkpt lat="47.358726" lon="8.562383">
        <ele>417</ele>
        <time>2024-05-28T00:35:37Z</time>
        <cmt>speed: 0.6</cmt>
      </trkpt>
      <trkpt lat="47.36013" lon="8.560949">
        <ele>433</ele>
        <time>2024-05-28T00:45:38Z</time>
        <cmt>speed: 0.2</cmt>
      </trkpt>
      <trkpt lat="47.359994" lon="8.560226">
        <ele>426</ele>
        <time>2024-05-28T00:55:38Z</time>
        <cmt>speed: 1.7</cmt>
      </trkpt>
      <trkpt lat="47.359475" lon="8.561509">
        <ele>444</ele>
        <time>2024-05-28T01:05:37Z</time>
        <cmt>speed: 1.3</cmt>
      </trkpt>
      <trkpt lat="47.358504" lon="8.560378">
        <ele>438</ele>
        <time>2024-05-28T01:15:37Z</time>
        <cmt>speed: 0.5</cmt>
      </trkpt>
      <trkpt lat="47.357479" lon="8.561397">
        <ele>415</ele>
        <time>2024-05-28T01:25:41Z</time>
        <cmt>speed: 0.1</cmt>
      </trkpt>
      <trkpt lat="47.357899" lon="8.560748">
        <ele>456</ele>
        <time>2024-05-28T01:35:40Z</time>
        <cmt>speed: 0.4</cmt>
      </trkpt>
      <trkpt lat="47.357688" lon="8.56012">
        <ele>437</ele>
        <time>2024-05-28T01:45:39Z</time>
        <cmt>speed: 0.0</cmt>
      </trkpt>
      <trkpt lat="47.3585" lon="8.558783">
        <ele>460</ele>
        <time>2024-05-28T01:55:37Z</time>
        <cmt>speed: 1.6</cmt>
      </trkpt>
      <trkpt lat="47.359248" lon="8.561262">
        <ele>471</ele>
        <time>2024-05-28T02:05:40Z</time>
        <cmt>speed: 0.9</cmt>
      </trkpt>
      <trkpt lat="47.35854" lon="8.562295">
        <ele>448</ele>
        <time>2024-05-28T02:15:36Z</time>
        <cmt>speed: 0.2</cmt>
      </trkpt>
      <trkpt lat="47.359441" lon="8.562534">
        <ele>479</ele>
        <time>2024-05-28T02:25:37Z</time>
        <cmt>speed: 1.7</cmt>
      </trkpt>
      <trkpt lat="47.358772" lon="8.563688">
        <ele>459</ele>
        <time>2024-05-28T02:35:37Z</time>
        <cmt>speed: 0.1</cmt>
      </trkpt>
      <trkpt lat="47.358685" lon="8.563941">
        <ele>448</ele>
        <time>2024-05-28T02:45:36Z</time>
        <cmt>speed: 0.3</cmt>
      </trkpt>
      <trkpt lat="47.358685" lon="8.563941">
        <ele>448</ele>
        <time>2024-05-28T02:55:37Z</time>
      </trkpt>
      <trkpt lat="47.358418" lon="8.564585">
        <ele>458</ele>
        <time>2024-05-28T02:55:38Z</time>
        <cmt>speed: 0.1</cmt>
      </trkpt>
      <trkpt lat="47.358283" lon="8.563994">
        <ele>450</ele>
        <time>2024-05-28T03:05:37Z</time>
        <cmt>speed: 0.6</cmt>
      </trkpt>
      <trkpt lat="47.358678" lon="8.564037">
        <ele>449</ele>
        <time>2024-05-28T03:15:37Z</time>
        <cmt>speed: 1.7</cmt>
      </trkpt>
      <trkpt lat="47.358641" lon="8.563872">
        <ele>452</ele>
        <time>2024-05-28T03:25:36Z</time>
        <cmt>speed: 1.7</cmt>
      </trkpt>
      <trkpt lat="47.358983" lon="8.563755">
        <ele>438</ele>
        <time>2024-05-28T03:35:42Z</time>
        <cmt>speed: 0.9</cmt>
      </trkpt>
      <trkpt lat="47.359974" lon="8.56367">
        <ele>434</ele>
        <time>2024-05-28T03:44:45Z</time>
      </trkpt>
      <trkpt lat="47.359974" lon="8.56367">
        <ele>434</ele>
        <time>2024-05-28T03:59:44Z</time>
      </trkpt>
      <trkpt lat="47.360061" lon="8.562815">
        <ele>437</ele>
        <time>2024-05-28T08:51:32Z</time>
        <cmt>speed: 0.1</cmt>
      </trkpt>
      <trkpt lat="47.358708" lon="8.559524">
        <ele>433</ele>
        <time>2024-05-28T09:11:27Z</time>
        <cmt>speed: 0.0</cmt>
      </trkpt>
      <trkpt lat="47.35818" lon="8.559579">
        <ele>441</ele>
        <time>2024-05-28T09:21:34Z</time>
        <cmt>speed: 0.0</cmt>
      </trkpt>
      <trkpt lat="47.357732" lon="8.56058">
        <ele>454</ele>
        <time>2024-05-28T09:31:28Z</time>
        <cmt>speed: 0.5</cmt>
      </trkpt>
      <trkpt lat="47.357515" lon="8.561318">
        <ele>468</ele>
        <time>2024-05-28T09:41:38Z</time>
        <cmt>speed: 0.3</cmt>
      </trkpt>
      <trkpt lat="47.357567" lon="8.561188">
        <ele>455</ele>
        <time>2024-05-28T09:51:26Z</time>
        <cmt>speed: 0.2</cmt>
      </trkpt>
      <trkpt lat="47.358047" lon="8.56227">
        <ele>445</ele>
        <time>2024-05-28T10:01:26Z</time>
        <cmt>speed: 0.9</cmt>
      </trkpt>
      <trkpt lat="47.359463" lon="8.560609">
        <ele>473</ele>
        <time>2024-05-28T10:11:32Z</time>
        <cmt>speed: 0.0</cmt>
      </trkpt>
      <trkpt lat="47.359132" lon="8.559472">
        <ele>414</ele>
        <time>2024-05-28T10:21:31Z</time>
        <cmt>speed: 0.4</cmt>
      </trkpt>
      <trkpt lat="47.358927" lon="8.560714">
        <ele>467</ele>
        <time>2024-05-28T10:31:29Z</time>
        <cmt>speed: 0.1</cmt>
      </trkpt>
      <trkpt lat="47.358788" lon="8.56091">
        <ele>424</ele>
        <time>2024-05-28T10:41:26Z</time>
        <cmt>speed: 0.6</cmt>
      </trkpt>
      <trkpt lat="47.359189" lon="8.56179">
        <ele>460</ele>
        <time>2024-05-28T10:51:25Z</time>
        <cmt>speed: 0.5</cmt>
      </trkpt>
      <trkpt lat="47.359006" lon="8.562334">
        <ele>455</ele>
        <time>2024-05-28T11:01:27Z</time>
        <cmt>speed: 0.5</cmt>
      </trkpt>
      <trkpt lat="47.359006" lon="8.562334">
        <ele>455</ele>
        <time>2024-05-28T11:11:24Z</time>
      </trkpt>
      <trkpt lat="47.358684" lon="8.56196">
        <ele>413</ele>
        <time>2024-05-28T11:11:26Z</time>
        <cmt>speed: 0.6</cmt>
      </trkpt>
      <trkpt lat="47.35918" lon="8.561752">
        <ele>469</ele>
        <time>2024-05-28T11:21:36Z</time>
        <cmt>speed: 1.1</cmt>
      </trkpt>
      <trkpt lat="47.357947" lon="8.562263">
        <ele>446</ele>
        <time>2024-05-28T11:31:26Z</time>
        <cmt>speed: 0.5</cmt>
      </trkpt>
      <trkpt lat="47.357546" lon="8.563068">
        <ele>413</ele>
        <time>2024-05-28T11:41:28Z</time>
        <cmt>speed: 0.2</cmt>
      </trkpt>
      <trkpt lat="47.356852" lon="8.563532">
        <ele>424</ele>
        <time>2024-05-28T11:51:27Z</time>
        <cmt>speed: 0.2</cmt>
      </trkpt>
      <trkpt lat="47.357306" lon="8.563475">
        <ele>436</ele>
        <time>2024-05-28T12:01:27Z</time>
        <cmt>speed: 0.6</cmt>
      </trkpt>
      <trkpt lat="47.357306" lon="8.563475">
        <ele>436</ele>
        <time>2024-05-28T12:11:29Z</time>
      </trkpt>
      <trkpt lat="47.357694" lon="8.563554">
        <ele>454</ele>
        <time>2024-05-28T12:11:31Z</time>
        <cmt>speed: 0.0</cmt>
      </trkpt>
      <trkpt lat="47.357614" lon="8.563592">
        <ele>450</ele>
        <time>2024-05-28T12:21:31Z</time>
        <cmt>speed: 0.0</cmt>
      </trkpt>
      <trkpt lat="47.357614" lon="8.563592">
        <ele>450</ele>
        <time>2024-05-28T12:31:35Z</time>
      </trkpt>
      <trkpt lat="47.357625" lon="8.563675">
        <ele>442</ele>
        <time>2024-05-28T12:31:38Z</time>
        <cmt>speed: 0.4</cmt>
      </trkpt>
      <trkpt lat="47.357546" lon="8.563384">
        <ele>400</ele>
        <time>2024-05-28T12:41:38Z</time>
        <cmt>speed: 2.7</cmt>
      </trkpt>
      <trkpt lat="47.357546" lon="8.563384">
        <ele>400</ele>
        <time>2024-05-28T12:51:33Z</time>
      </trkpt>
      <trkpt lat="47.357594" lon="8.563553">
        <ele>447</ele>
        <time>2024-05-28T12:51:36Z</time>
        <cmt>speed: 0.1</cmt>
      </trkpt>
      <trkpt lat="47.357527" lon="8.563526">
        <ele>426</ele>
        <time>2024-05-28T13:01:36Z</time>
        <cmt>speed: 1.3</cmt>
      </trkpt>
      <trkpt lat="47.35761" lon="8.563595">
        <ele>447</ele>
        <time>2024-05-28T13:21:39Z</time>
        <cmt>speed: 1.2</cmt>
      </trkpt>
      <trkpt lat="47.357474" lon="8.563413">
        <ele>473</ele>
        <time>2024-05-28T13:41:43Z</time>
        <cmt>speed: 0.2</cmt>
      </trkpt>
      <trkpt lat="47.357474" lon="8.563413">
        <ele>473</ele>
        <time>2024-05-28T14:12:06Z</time>
      </trkpt>
      <trkpt lat="47.357314" lon="8.563567">
        <ele>443</ele>
        <time>2024-05-28T14:12:09Z</time>
        <cmt>speed: 0.7</cmt>
      </trkpt>
      <trkpt lat="47.357625" lon="8.563533">
        <ele>458</ele>
        <time>2024-05-28T14:22:00Z</time>
        <cmt>speed: 0.6</cmt>
      </trkpt>
      <trkpt lat="47.357625" lon="8.563533">
        <ele>458</ele>
        <time>2024-05-28T14:31:23Z</time>
      </trkpt>
      <trkpt lat="47.357338" lon="8.5638">
        <ele>430</ele>
        <time>2024-05-28T14:41:00Z</time>
        <cmt>speed: 0.3</cmt>
      </trkpt>
      <trkpt lat="47.357537" lon="8.563588">
        <ele>449</ele>
        <time>2024-05-28T14:51:09Z</time>
        <cmt>speed: 0.3</cmt>
      </trkpt>
      <trkpt lat="47.357537" lon="8.563588">
        <ele>449</ele>
        <time>2024-05-28T14:51:23Z</time>
      </trkpt>
      <trkpt lat="47.357623" lon="8.563605">
        <ele>444</ele>
        <time>2024-05-28T15:01:07Z</time>
        <cmt>speed: 0.3</cmt>
      </trkpt>
      <trkpt lat="47.357623" lon="8.563605">
        <ele>444</ele>
        <time>2024-05-28T15:11:23Z</time>
      </trkpt>
      <trkpt lat="47.357663" lon="8.563701">
        <ele>447</ele>
        <time>2024-05-28T15:11:25Z</time>
        <cmt>speed: 0.5</cmt>
      </trkpt>
      <trkpt lat="47.357453" lon="8.563568">
        <ele>441</ele>
        <time>2024-05-28T15:21:58Z</time>
        <cmt>speed: 0.9</cmt>
      </trkpt>
      <trkpt lat="47.357453" lon="8.563568">
        <ele>441</ele>
        <time>2024-05-28T15:32:11Z</time>
      </trkpt>
      <trkpt lat="47.357682" lon="8.563535">
        <ele>450</ele>
        <time>2024-05-28T15:32:14Z</time>
        <cmt>speed: 0.4</cmt>
      </trkpt>
      <trkpt lat="47.357602" lon="8.563516">
        <ele>431</ele>
        <time>2024-05-28T16:01:47Z</time>
        <cmt>speed: 0.1</cmt>
      </trkpt>
      <trkpt lat="47.357602" lon="8.563516">
        <ele>431</ele>
        <time>2024-05-28T16:11:43Z</time>
      </trkpt>
      <trkpt lat="47.357499" lon="8.563322">
        <ele>469</ele>
        <time>2024-05-28T16:11:46Z</time>
        <cmt>speed: 2.0</cmt>
      </trkpt>
      <trkpt lat="47.357499" lon="8.563322">
        <ele>469</ele>
        <time>2024-05-28T16:31:44Z</time>
      </trkpt>
      <trkpt lat="47.357651" lon="8.563561">
        <ele>495</ele>
        <time>2024-05-28T16:31:47Z</time>
        <cmt>speed: 0.1</cmt>
      </trkpt>
      <trkpt lat="47.357587" lon="8.563555">
        <ele>441</ele>
        <time>2024-05-28T16:41:47Z</time>
        <cmt>speed: 0.0</cmt>
      </trkpt>
      <trkpt lat="47.357589" lon="8.563531">
        <ele>456</ele>
        <time>2024-05-28T16:51:44Z</time>
        <cmt>speed: 0.0</cmt>
      </trkpt>
      <trkpt lat="47.357596" lon="8.563494">
        <ele>444</ele>
        <time>2024-05-28T17:01:46Z</time>
        <cmt>speed: 0.8</cmt>
      </trkpt>
      <trkpt lat="47.358005" lon="8.56294">
        <ele>463</ele>
        <time>2024-05-28T17:11:47Z</time>
        <cmt>speed: 0.2</cmt>
      </trkpt>
      <trkpt lat="47.35816" lon="8.560412">
        <ele>476</ele>
        <time>2024-05-28T17:21:50Z</time>
        <cmt>speed: 0.2</cmt>
      </trkpt>
      <trkpt lat="47.358753" lon="8.559195">
        <ele>434</ele>
        <time>2024-05-28T17:31:46Z</time>
        <cmt>speed: 0.9</cmt>
      </trkpt>
      <trkpt lat="47.359197" lon="8.560068">
        <ele>433</ele>
        <time>2024-05-28T17:41:47Z</time>
        <cmt>speed: 0.6</cmt>
      </trkpt>
      <trkpt lat="47.360074" lon="8.561782">
        <ele>437</ele>
        <time>2024-05-28T17:51:48Z</time>
        <cmt>speed: 1.7</cmt>
      </trkpt>
      <trkpt lat="47.360216" lon="8.562877">
        <ele>454</ele>
        <time>2024-05-28T17:56:03Z</time>
        <cmt>speed: 0.1</cmt>
      </trkpt>
      <trkpt lat="47.360175" lon="8.562827">
        <ele>454</ele>
        <time>2024-05-28T17:56:08Z</time>
        <cmt>speed: 0.0</cmt>
      </trkpt>
      <trkpt lat="47.360149" lon="8.562742">
        <ele>455</ele>
        <time>2024-05-28T17:56:12Z</time>
        <cmt>speed: 0.2</cmt>
      </trkpt>
      <trkpt lat="47.360166" lon="8.562728">
        <ele>453</ele>
        <time>2024-05-28T17:56:16Z</time>
        <cmt>speed: 0.8</cmt>
      </trkpt>
      <trkpt lat="47.360151" lon="8.562715">
        <ele>454</ele>
        <time>2024-05-28T17:56:20Z</time>
        <cmt>speed: 0.5</cmt>
      </trkpt>
      <trkpt lat="47.360159" lon="8.56271">
        <ele>453</ele>
        <time>2024-05-28T17:56:23Z</time>
        <cmt>speed: 0.1</cmt>
      </trkpt>
      <trkpt lat="47.360155" lon="8.562688">
        <ele>453</ele>
        <time>2024-05-28T17:56:28Z</time>
        <cmt>speed: 0.0</cmt>
      </trkpt>
      <trkpt lat="47.360155" lon="8.562688">
        <ele>453</ele>
        <time>2024-05-28T17:56:31Z</time>
        <cmt>speed: 0.0</cmt>
      </trkpt>
      <trkpt lat="47.360155" lon="8.562688">
        <ele>453</ele>
        <time>2024-05-28T17:56:36Z</time>
        <cmt>speed: 0.0</cmt>
      </trkpt>
      <trkpt lat="47.360155" lon="8.562688">
        <ele>453</ele>
        <time>2024-05-28T17:56:40Z</time>
        <cmt>speed: 0.0</cmt>
      </trkpt>
      <trkpt lat="47.360155" lon="8.562688">
        <ele>453</ele>
        <time>2024-05-28T17:56:45Z</time>
        <cmt>speed: 0.0</cmt>
      </trkpt>
      <trkpt lat="47.360155" lon="8.562688">
        <ele>453</ele>
        <time>2024-05-28T17:56:49Z</time>
        <cmt>speed: 0.0</cmt>
      </trkpt>
      <trkpt lat="47.360155" lon="8.562688">
        <ele>453</ele>
        <time>2024-05-28T17:56:54Z</time>
        <cmt>speed: 0.0</cmt>
      </trkpt>
      <trkpt lat="47.360155" lon="8.562688">
        <ele>453</ele>
        <time>2024-05-28T17:56:58Z</time>
        <cmt>speed: 0.0</cmt>
      </trkpt>
      <trkpt lat="47.360155" lon="8.562688">
        <ele>453</ele>
        <time>2024-05-28T17:57:02Z</time>
        <cmt>speed: 0.0</cmt>
      </trkpt>
      <trkpt lat="47.360155" lon="8.562688">
        <ele>453</ele>
        <time>2024-05-28T17:57:06Z</time>
        <cmt>speed: 0.0</cmt>
      </trkpt>
      <trkpt lat="47.360155" lon="8.562688">
        <ele>453</ele>
        <time>2024-05-28T17:57:09Z</time>
        <cmt>speed: 0.0</cmt>
      </trkpt>
      <trkpt lat="47.360155" lon="8.562688">
        <ele>453</ele>
        <time>2024-05-28T17:57:14Z</time>
        <cmt>speed: 0.0</cmt>
      </trkpt>
      <trkpt lat="47.360155" lon="8.562688">
        <ele>453</ele>
        <time>2024-05-28T17:57:17Z</time>
        <cmt>speed: 0.0</cmt>
      </trkpt>
      <trkpt lat="47.360155" lon="8.562688">
        <ele>453</ele>
        <time>2024-05-28T17:57:22Z</time>
        <cmt>speed: 0.0</cmt>
      </trkpt>
      <trkpt lat="47.360207" lon="8.562828">
        <ele>453</ele>
        <time>2024-05-28T17:57:26Z</time>
        <cmt>speed: 0.6</cmt>
      </trkpt>
      <trkpt lat="47.360211" lon="8.562852">
        <ele>453</ele>
        <time>2024-05-28T17:57:30Z</time>
        <cmt>speed: 0.0</cmt>
      </trkpt>
      <trkpt lat="47.360211" lon="8.562852">
        <ele>453</ele>
        <time>2024-05-28T17:57:34Z</time>
        <cmt>speed: 0.0</cmt>
      </trkpt>
      <trkpt lat="47.360211" lon="8.562852">
        <ele>453</ele>
        <time>2024-05-28T17:57:37Z</time>
        <cmt>speed: 0.0</cmt>
      </trkpt>
      <trkpt lat="47.360211" lon="8.562852">
        <ele>453</ele>
        <time>2024-05-28T17:57:42Z</time>
        <cmt>speed: 0.0</cmt>
      </trkpt>
      <trkpt lat="47.360211" lon="8.562852">
        <ele>453</ele>
        <time>2024-05-28T17:57:45Z</time>
        <cmt>speed: 0.0</cmt>
      </trkpt>
      <trkpt lat="47.360384" lon="8.563181">
        <ele>453</ele>
        <time>2024-05-28T17:57:58Z</time>
        <cmt>speed: 1.2</cmt>
      </trkpt>
      <trkpt lat="47.360362" lon="8.563216">
        <ele>451</ele>
        <time>2024-05-28T17:58:03Z</time>
        <cmt>speed: 1.7</cmt>
      </trkpt>
      <trkpt lat="47.360355" lon="8.56322">
        <ele>453</ele>
        <time>2024-05-28T17:58:06Z</time>
        <cmt>speed: 0.8</cmt>
      </trkpt>
      <trkpt lat="47.360343" lon="8.563243">
        <ele>458</ele>
        <time>2024-05-28T17:58:11Z</time>
        <cmt>speed: 0.0</cmt>
      </trkpt>
      <trkpt lat="47.360343" lon="8.563243">
        <ele>458</ele>
        <time>2024-05-28T17:58:15Z</time>
        <cmt>speed: 0.0</cmt>
      </trkpt>
      <trkpt lat="47.360343" lon="8.563243">
        <ele>458</ele>
        <time>2024-05-28T17:58:20Z</time>
        <cmt>speed: 0.0</cmt>
      </trkpt>
      <trkpt lat="47.36026" lon="8.563432">
        <ele>443</ele>
        <time>2024-05-28T17:58:24Z</time>
        <cmt>speed: 3.8</cmt>
      </trkpt>
      <trkpt lat="47.360222" lon="8.563566">
        <ele>435</ele>
        <time>2024-05-28T17:58:29Z</time>
        <cmt>speed: 0.5</cmt>
      </trkpt>
      <trkpt lat="47.360222" lon="8.56355">
        <ele>432</ele>
        <time>2024-05-28T17:58:33Z</time>
        <cmt>speed: 1.0</cmt>
      </trkpt>
      <trkpt lat="47.359974" lon="8.56367">
        <ele>434</ele>
        <time>2024-05-28T17:58:34Z</time>
      </trkpt>
      <trkpt lat="47.359974" lon="8.56367">
        <ele>434</ele>
        <time>2024-05-28T18:13:34Z</time>
      </trkpt>
      <trkpt lat="47.360017" lon="8.563214">
        <ele>456</ele>
        <time>2024-05-28T18:13:57Z</time>
        <cmt>speed: 0.4</cmt>
      </trkpt>
      <trkpt lat="47.359975" lon="8.562447">
        <ele>458</ele>
        <time>2024-05-28T18:23:59Z</time>
        <cmt>speed: 0.6</cmt>
      </trkpt>
      <trkpt lat="47.360426" lon="8.561559">
        <ele>446</ele>
        <time>2024-05-28T18:34:01Z</time>
        <cmt>speed: 0.8</cmt>
      </trkpt>
      <trkpt lat="47.359076" lon="8.56157">
        <ele>410</ele>
        <time>2024-05-28T18:43:59Z</time>
        <cmt>speed: 1.2</cmt>
      </trkpt>
      <trkpt lat="47.358561" lon="8.562248">
        <ele>429</ele>
        <time>2024-05-28T18:53:57Z</time>
        <cmt>speed: 0.7</cmt>
      </trkpt>
      <trkpt lat="47.358632" lon="8.562089">
        <ele>434</ele>
        <time>2024-05-28T19:03:57Z</time>
        <cmt>speed: 0.5</cmt>
      </trkpt>
      <trkpt lat="47.358504" lon="8.562322">
        <ele>445</ele>
        <time>2024-05-28T19:13:57Z</time>
        <cmt>speed: 0.7</cmt>
      </trkpt>
      <trkpt lat="47.359413" lon="8.561783">
        <ele>425</ele>
        <time>2024-05-28T19:23:57Z</time>
        <cmt>speed: 1.7</cmt>
      </trkpt>
      <trkpt lat="47.358912" lon="8.562974">
        <ele>446</ele>
        <time>2024-05-28T19:33:58Z</time>
        <cmt>speed: 0.6</cmt>
      </trkpt>
      <trkpt lat="47.358709" lon="8.563645">
        <ele>453</ele>
        <time>2024-05-28T19:43:58Z</time>
        <cmt>speed: 0.2</cmt>
      </trkpt>
      <trkpt lat="47.359061" lon="8.562622">
        <ele>449</ele>
        <time>2024-05-28T19:54:00Z</time>
        <cmt>speed: 0.1</cmt>
      </trkpt>
      <trkpt lat="47.35893" lon="8.562514">
        <ele>406</ele>
        <time>2024-05-28T20:04:02Z</time>
        <cmt>speed: 0.3</cmt>
      </trkpt>
      <trkpt lat="47.35893" lon="8.562514">
        <ele>406</ele>
        <time>2024-05-28T20:13:56Z</time>
      </trkpt>
      <trkpt lat="47.358903" lon="8.56264">
        <ele>466</ele>
        <time>2024-05-28T20:13:59Z</time>
        <cmt>speed: 0.3</cmt>
      </trkpt>
      <trkpt lat="47.359058" lon="8.562674">
        <ele>447</ele>
        <time>2024-05-28T20:23:59Z</time>
        <cmt>speed: 0.1</cmt>
      </trkpt>
      <trkpt lat="47.358935" lon="8.561893">
        <ele>448</ele>
        <time>2024-05-28T20:33:59Z</time>
        <cmt>speed: 0.8</cmt>
      </trkpt>
      <trkpt lat="47.358607" lon="8.562293">
        <ele>426</ele>
        <time>2024-05-28T20:43:59Z</time>
        <cmt>speed: 0.1</cmt>
      </trkpt>
      <trkpt lat="47.358607" lon="8.562293">
        <ele>426</ele>
        <time>2024-05-28T20:53:54Z</time>
      </trkpt>
      <trkpt lat="47.358561" lon="8.561982">
        <ele>412</ele>
        <time>2024-05-28T20:53:58Z</time>
        <cmt>speed: 0.8</cmt>
      </trkpt>
      <trkpt lat="47.3588" lon="8.562164">
        <ele>428</ele>
        <time>2024-05-28T21:03:57Z</time>
        <cmt>speed: 0.2</cmt>
      </trkpt>
      <trkpt lat="47.3588" lon="8.562164">
        <ele>428</ele>
        <time>2024-05-28T21:13:53Z</time>
      </trkpt>
      <trkpt lat="47.358387" lon="8.562142">
        <ele>436</ele>
        <time>2024-05-28T21:13:57Z</time>
        <cmt>speed: 0.1</cmt>
      </trkpt>
      <trkpt lat="47.358258" lon="8.56049">
        <ele>441</ele>
        <time>2024-05-28T21:23:59Z</time>
        <cmt>speed: 1.4</cmt>
      </trkpt>
      <trkpt lat="47.35903" lon="8.559457">
        <ele>431</ele>
        <time>2024-05-28T21:34:07Z</time>
        <cmt>speed: 0.7</cmt>
      </trkpt>
      <trkpt lat="47.358816" lon="8.562002">
        <ele>430</ele>
        <time>2024-05-28T21:43:57Z</time>
        <cmt>speed: 0.2</cmt>
      </trkpt>
      <trkpt lat="47.358816" lon="8.562002">
        <ele>430</ele>
        <time>2024-05-28T21:53:53Z</time>
      </trkpt>
      <trkpt lat="47.358423" lon="8.562244">
        <ele>450</ele>
        <time>2024-05-28T21:53:57Z</time>
        <cmt>speed: 0.9</cmt>
      </trkpt>
      <trkpt lat="47.358548" lon="8.562128">
        <ele>439</ele>
        <time>2024-05-28T22:03:57Z</time>
        <cmt>speed: 0.1</cmt>
      </trkpt>
      <trkpt lat="47.358548" lon="8.562128">
        <ele>439</ele>
        <time>2024-05-28T22:13:53Z</time>
      </trkpt>
      <trkpt lat="47.35864" lon="8.562219">
        <ele>440</ele>
        <time>2024-05-28T22:15:31Z</time>
        <cmt>speed: 0.0</cmt>
      </trkpt>
      <trkpt lat="47.358714" lon="8.562134">
        <ele>450</ele>
        <time>2024-05-28T22:25:30Z</time>
        <cmt>speed: 0.1</cmt>
      </trkpt>
      <trkpt lat="47.358714" lon="8.562134">
        <ele>450</ele>
        <time>2024-05-28T22:35:25Z</time>
      </trkpt>
      <trkpt lat="47.358573" lon="8.562133">
        <ele>435</ele>
        <time>2024-05-28T22:35:29Z</time>
        <cmt>speed: 1.0</cmt>
      </trkpt>
      <trkpt lat="47.358666" lon="8.562195">
        <ele>445</ele>
        <time>2024-05-28T22:45:29Z</time>
        <cmt>speed: 0.6</cmt>
      </trkpt>
      <trkpt lat="47.358666" lon="8.562195">
        <ele>445</ele>
        <time>2024-05-28T22:53:53Z</time>
      </trkpt>
      <trkpt lat="47.358647" lon="8.56214">
        <ele>419</ele>
        <time>2024-05-28T22:55:28Z</time>
        <cmt>speed: 0.2</cmt>
      </trkpt>
      <trkpt lat="47.358936" lon="8.561533">
        <ele>421</ele>
        <time>2024-05-28T23:05:30Z</time>
        <cmt>speed: 0.0</cmt>
      </trkpt>
      <trkpt lat="47.359157" lon="8.561578">
        <ele>405</ele>
        <time>2024-05-28T23:15:33Z</time>
        <cmt>speed: 0.2</cmt>
      </trkpt>
      <trkpt lat="47.360222" lon="8.561014">
        <ele>431</ele>
        <time>2024-05-28T23:25:37Z</time>
        <cmt>speed: 1.3</cmt>
      </trkpt>
      <trkpt lat="47.359174" lon="8.56219">
        <ele>481</ele>
        <time>2024-05-28T23:35:31Z</time>
        <cmt>speed: 0.8</cmt>
      </trkpt>
      <trkpt lat="47.358672" lon="8.564436">
        <ele>467</ele>
        <time>2024-05-28T23:45:30Z</time>
        <cmt>speed: 0.4</cmt>
      </trkpt>
      <trkpt lat="47.358672" lon="8.564436">
        <ele>467</ele>
        <time>2024-05-28T23:55:26Z</time>
      </trkpt>
      <trkpt lat="47.358175" lon="8.564628">
        <ele>434</ele>
        <time>2024-05-28T23:55:30Z</time>
        <cmt>speed: 0.4</cmt>
      </trkpt>
      <trkpt lat="47.358365" lon="8.563965">
        <ele>491</ele>
        <time>2024-05-29T00:05:29Z</time>
        <cmt>speed: 2.2</cmt>
      </trkpt>
      <trkpt lat="47.358213" lon="8.563988">
        <ele>446</ele>
        <time>2024-05-29T00:15:32Z</time>
        <cmt>speed: 0.2</cmt>
      </trkpt>
      <trkpt lat="47.358295" lon="8.563945">
        <ele>456</ele>
        <time>2024-05-29T00:25:31Z</time>
        <cmt>speed: 0.6</cmt>
      </trkpt>
      <trkpt lat="47.358295" lon="8.563945">
        <ele>456</ele>
        <time>2024-05-29T00:35:27Z</time>
      </trkpt>
      <trkpt lat="47.358189" lon="8.56384">
        <ele>468</ele>
        <time>2024-05-29T00:35:32Z</time>
        <cmt>speed: 0.2</cmt>
      </trkpt>
      <trkpt lat="47.358249" lon="8.563915">
        <ele>458</ele>
        <time>2024-05-29T00:45:32Z</time>
        <cmt>speed: 0.2</cmt>
      </trkpt>
      <trkpt lat="47.358249" lon="8.563915">
        <ele>458</ele>
        <time>2024-05-29T00:55:27Z</time>
      </trkpt>
      <trkpt lat="47.3582" lon="8.563888">
        <ele>470</ele>
        <time>2024-05-29T00:55:32Z</time>
        <cmt>speed: 0.3</cmt>
      </trkpt>
      <trkpt lat="47.358381" lon="8.56388">
        <ele>442</ele>
        <time>2024-05-29T01:39:35Z</time>
        <cmt>speed: 0.5</cmt>
      </trkpt>
      <trkpt lat="47.35824" lon="8.563999">
        <ele>445</ele>
        <time>2024-05-29T01:49:35Z</time>
        <cmt>speed: 0.1</cmt>
      </trkpt>
      <trkpt lat="47.358288" lon="8.565068">
        <ele>463</ele>
        <time>2024-05-29T01:59:35Z</time>
        <cmt>speed: 1.5</cmt>
      </trkpt>
      <trkpt lat="47.358544" lon="8.562017">
        <ele>452</ele>
        <time>2024-05-29T02:09:36Z</time>
        <cmt>speed: 0.0</cmt>
      </trkpt>
      <trkpt lat="47.358544" lon="8.562017">
        <ele>452</ele>
        <time>2024-05-29T02:19:31Z</time>
      </trkpt>
      <trkpt lat="47.358593" lon="8.562239">
        <ele>438</ele>
        <time>2024-05-29T02:19:35Z</time>
        <cmt>speed: 0.2</cmt>
      </trkpt>
      <trkpt lat="47.3586" lon="8.562146">
        <ele>450</ele>
        <time>2024-05-29T02:29:36Z</time>
        <cmt>speed: 0.2</cmt>
      </trkpt>
      <trkpt lat="47.3586" lon="8.562146">
        <ele>450</ele>
        <time>2024-05-29T02:39:30Z</time>
      </trkpt>
      <trkpt lat="47.35852" lon="8.562277">
        <ele>430</ele>
        <time>2024-05-29T02:39:34Z</time>
        <cmt>speed: 0.0</cmt>
      </trkpt>
      <trkpt lat="47.358508" lon="8.562117">
        <ele>428</ele>
        <time>2024-05-29T02:49:38Z</time>
        <cmt>speed: 0.5</cmt>
      </trkpt>
      <trkpt lat="47.358508" lon="8.562117">
        <ele>428</ele>
        <time>2024-05-29T02:59:31Z</time>
      </trkpt>
      <trkpt lat="47.358629" lon="8.56233">
        <ele>437</ele>
        <time>2024-05-29T02:59:35Z</time>
        <cmt>speed: 0.2</cmt>
      </trkpt>
      <trkpt lat="47.358588" lon="8.562277">
        <ele>432</ele>
        <time>2024-05-29T03:09:34Z</time>
        <cmt>speed: 0.2</cmt>
      </trkpt>
      <trkpt lat="47.358588" lon="8.562277">
        <ele>432</ele>
        <time>2024-05-29T03:19:29Z</time>
      </trkpt>
      <trkpt lat="47.358412" lon="8.562279">
        <ele>401</ele>
        <time>2024-05-29T03:19:34Z</time>
        <cmt>speed: 1.1</cmt>
      </trkpt>
      <trkpt lat="47.358488" lon="8.561922">
        <ele>427</ele>
        <time>2024-05-29T03:29:36Z</time>
        <cmt>speed: 0.7</cmt>
      </trkpt>
      <trkpt lat="47.359659" lon="8.56263">
        <ele>427</ele>
        <time>2024-05-29T03:39:42Z</time>
        <cmt>speed: 0.7</cmt>
      </trkpt>
      <trkpt lat="47.359682" lon="8.561557">
        <ele>474</ele>
        <time>2024-05-29T03:49:37Z</time>
        <cmt>speed: 2.0</cmt>
      </trkpt>
      <trkpt lat="47.359682" lon="8.561557">
        <ele>474</ele>
        <time>2024-05-29T03:59:30Z</time>
      </trkpt>
      <trkpt lat="47.358627" lon="8.562459">
        <ele>471</ele>
        <time>2024-05-29T03:59:35Z</time>
        <cmt>speed: 0.7</cmt>
      </trkpt>
      <trkpt lat="47.358634" lon="8.562204">
        <ele>460</ele>
        <time>2024-05-29T04:09:35Z</time>
        <cmt>speed: 0.0</cmt>
      </trkpt>
      <trkpt lat="47.358634" lon="8.562204">
        <ele>460</ele>
        <time>2024-05-29T04:19:28Z</time>
      </trkpt>
      <trkpt lat="47.358596" lon="8.562139">
        <ele>433</ele>
        <time>2024-05-29T04:26:30Z</time>
        <cmt>speed: 0.1</cmt>
      </trkpt>
      <trkpt lat="47.358396" lon="8.562225">
        <ele>492</ele>
        <time>2024-05-29T04:36:29Z</time>
        <cmt>speed: 0.3</cmt>
      </trkpt>
      <trkpt lat="47.358615" lon="8.562108">
        <ele>442</ele>
        <time>2024-05-29T04:46:30Z</time>
        <cmt>speed: 0.3</cmt>
      </trkpt>
      <trkpt lat="47.358743" lon="8.5612">
        <ele>460</ele>
        <time>2024-05-29T04:56:30Z</time>
        <cmt>speed: 0.3</cmt>
      </trkpt>
      <trkpt lat="47.359208" lon="8.560516">
        <ele>422</ele>
        <time>2024-05-29T05:06:29Z</time>
        <cmt>speed: 0.4</cmt>
      </trkpt>
      <trkpt lat="47.358811" lon="8.561252">
        <ele>420</ele>
        <time>2024-05-29T05:16:30Z</time>
        <cmt>speed: 0.2</cmt>
      </trkpt>
      <trkpt lat="47.358911" lon="8.561077">
        <ele>450</ele>
        <time>2024-05-29T05:26:34Z</time>
        <cmt>speed: 0.2</cmt>
      </trkpt>
      <trkpt lat="47.358592" lon="8.560951">
        <ele>433</ele>
        <time>2024-05-29T05:36:38Z</time>
        <cmt>speed: 0.5</cmt>
      </trkpt>
      <trkpt lat="47.358592" lon="8.560951">
        <ele>433</ele>
        <time>2024-05-29T05:39:28Z</time>
      </trkpt>
      <trkpt lat="47.359026" lon="8.561093">
        <ele>446</ele>
        <time>2024-05-29T05:46:30Z</time>
        <cmt>speed: 2.2</cmt>
      </trkpt>
      <trkpt lat="47.358776" lon="8.561363">
        <ele>402</ele>
        <time>2024-05-29T05:56:51Z</time>
        <cmt>speed: 0.4</cmt>
      </trkpt>
      <trkpt lat="47.358776" lon="8.561363">
        <ele>402</ele>
        <time>2024-05-29T06:06:33Z</time>
      </trkpt>
      <trkpt lat="47.35903" lon="8.561501">
        <ele>397</ele>
        <time>2024-05-29T06:06:38Z</time>
        <cmt>speed: 2.2</cmt>
      </trkpt>
      <trkpt lat="47.358961" lon="8.561213">
        <ele>418</ele>
        <time>2024-05-29T06:16:30Z</time>
        <cmt>speed: 3.4</cmt>
      </trkpt>
      <trkpt lat="47.358961" lon="8.561213">
        <ele>418</ele>
        <time>2024-05-29T06:39:43Z</time>
      </trkpt>
      <trkpt lat="47.358888" lon="8.561114">
        <ele>439</ele>
        <time>2024-05-29T06:39:48Z</time>
        <cmt>speed: 1.0</cmt>
      </trkpt>
      <trkpt lat="47.358836" lon="8.561019">
        <ele>441</ele>
        <time>2024-05-29T06:49:46Z</time>
        <cmt>speed: 0.0</cmt>
      </trkpt>
      <trkpt lat="47.358836" lon="8.561019">
        <ele>441</ele>
        <time>2024-05-29T06:59:50Z</time>
      </trkpt>
      <trkpt lat="47.358855" lon="8.561143">
        <ele>486</ele>
        <time>2024-05-29T06:59:55Z</time>
        <cmt>speed: 0.6</cmt>
      </trkpt>
      <trkpt lat="47.359114" lon="8.561274">
        <ele>432</ele>
        <time>2024-05-29T07:09:23Z</time>
        <cmt>speed: 0.4</cmt>
      </trkpt>
      <trkpt lat="47.358786" lon="8.561205">
        <ele>465</ele>
        <time>2024-05-29T07:19:23Z</time>
        <cmt>speed: 0.1</cmt>
      </trkpt>
      <trkpt lat="47.358786" lon="8.561205">
        <ele>465</ele>
        <time>2024-05-29T07:19:28Z</time>
      </trkpt>
      <trkpt lat="47.35891" lon="8.561127">
        <ele>433</ele>
        <time>2024-05-29T07:29:23Z</time>
        <cmt>speed: 0.5</cmt>
      </trkpt>
      <trkpt lat="47.359084" lon="8.561101">
        <ele>430</ele>
        <time>2024-05-29T07:39:23Z</time>
        <cmt>speed: 0.4</cmt>
      </trkpt>
      <trkpt lat="47.359084" lon="8.561101">
        <ele>430</ele>
        <time>2024-05-29T07:39:28Z</time>
      </trkpt>
      <trkpt lat="47.358928" lon="8.561118">
        <ele>434</ele>
        <time>2024-05-29T07:49:23Z</time>
        <cmt>speed: 1.2</cmt>
      </trkpt>
      <trkpt lat="47.358928" lon="8.561118">
        <ele>434</ele>
        <time>2024-05-29T07:59:28Z</time>
      </trkpt>
      <trkpt lat="47.358864" lon="8.56118">
        <ele>443</ele>
        <time>2024-05-29T07:59:34Z</time>
        <cmt>speed: 0.4</cmt>
      </trkpt>
      <trkpt lat="47.358763" lon="8.561071">
        <ele>425</ele>
        <time>2024-05-29T08:11:57Z</time>
        <cmt>speed: 0.9</cmt>
      </trkpt>
      <trkpt lat="47.358763" lon="8.561071">
        <ele>425</ele>
        <time>2024-05-29T08:19:28Z</time>
      </trkpt>
      <trkpt lat="47.358743" lon="8.56109">
        <ele>411</ele>
        <time>2024-05-29T08:32:25Z</time>
        <cmt>speed: 0.1</cmt>
      </trkpt>
      <trkpt lat="47.358743" lon="8.56109">
        <ele>411</ele>
        <time>2024-05-29T08:41:44Z</time>
      </trkpt>
      <trkpt lat="47.358816" lon="8.561038">
        <ele>420</ele>
        <time>2024-05-29T08:41:50Z</time>
        <cmt>speed: 0.0</cmt>
      </trkpt>
      <trkpt lat="47.3589" lon="8.56093">
        <ele>437</ele>
        <time>2024-05-29T09:11:49Z</time>
        <cmt>speed: 0.2</cmt>
      </trkpt>
      <trkpt lat="47.3589" lon="8.56093">
        <ele>437</ele>
        <time>2024-05-29T09:21:47Z</time>
      </trkpt>
      <trkpt lat="47.358801" lon="8.560752">
        <ele>456</ele>
        <time>2024-05-29T09:21:53Z</time>
        <cmt>speed: 0.0</cmt>
      </trkpt>
      <trkpt lat="47.358687" lon="8.560787">
        <ele>463</ele>
        <time>2024-05-29T09:31:47Z</time>
        <cmt>speed: 0.0</cmt>
      </trkpt>
      <trkpt lat="47.358687" lon="8.560787">
        <ele>463</ele>
        <time>2024-05-29T09:41:52Z</time>
      </trkpt>
      <trkpt lat="47.358849" lon="8.560985">
        <ele>454</ele>
        <time>2024-05-29T09:41:58Z</time>
        <cmt>speed: 0.0</cmt>
      </trkpt>
      <trkpt lat="47.358815" lon="8.561102">
        <ele>468</ele>
        <time>2024-05-29T09:51:56Z</time>
        <cmt>speed: 0.0</cmt>
      </trkpt>
      <trkpt lat="47.358815" lon="8.561102">
        <ele>468</ele>
        <time>2024-05-29T10:01:40Z</time>
      </trkpt>
      <trkpt lat="47.358908" lon="8.561153">
        <ele>431</ele>
        <time>2024-05-29T10:01:46Z</time>
        <cmt>speed: 0.0</cmt>
      </trkpt>
      <trkpt lat="47.358918" lon="8.561104">
        <ele>427</ele>
        <time>2024-05-29T10:11:48Z</time>
        <cmt>speed: 1.2</cmt>
      </trkpt>
      <trkpt lat="47.358936" lon="8.561136">
        <ele>425</ele>
        <time>2024-05-29T10:21:48Z</time>
        <cmt>speed: 0.3</cmt>
      </trkpt>
      <trkpt lat="47.358924" lon="8.561122">
        <ele>409</ele>
        <time>2024-05-29T10:31:44Z</time>
        <cmt>speed: 0.0</cmt>
      </trkpt>
      <trkpt lat="47.358924" lon="8.561122">
        <ele>409</ele>
        <time>2024-05-29T10:39:28Z</time>
      </trkpt>
      <trkpt lat="47.358853" lon="8.56115">
        <ele>424</ele>
        <time>2024-05-29T10:43:36Z</time>
        <cmt>speed: 0.0</cmt>
      </trkpt>
      <trkpt lat="47.358905" lon="8.56098">
        <ele>453</ele>
        <time>2024-05-29T10:53:37Z</time>
        <cmt>speed: 0.1</cmt>
      </trkpt>
      <trkpt lat="47.358905" lon="8.56098">
        <ele>453</ele>
        <time>2024-05-29T11:03:32Z</time>
      </trkpt>
      <trkpt lat="47.358919" lon="8.561037">
        <ele>417</ele>
        <time>2024-05-29T11:03:38Z</time>
        <cmt>speed: 0.2</cmt>
      </trkpt>
      <trkpt lat="47.358829" lon="8.561413">
        <ele>422</ele>
        <time>2024-05-29T11:13:39Z</time>
        <cmt>speed: 0.0</cmt>
      </trkpt>
      <trkpt lat="47.358829" lon="8.561413">
        <ele>422</ele>
        <time>2024-05-29T11:23:45Z</time>
      </trkpt>
      <trkpt lat="47.358931" lon="8.561057">
        <ele>443</ele>
        <time>2024-05-29T11:23:51Z</time>
        <cmt>speed: 0.7</cmt>
      </trkpt>
      <trkpt lat="47.358898" lon="8.561075">
        <ele>459</ele>
        <time>2024-05-29T11:33:45Z</time>
        <cmt>speed: 0.1</cmt>
      </trkpt>
      <trkpt lat="47.358898" lon="8.561075">
        <ele>459</ele>
        <time>2024-05-29T11:43:32Z</time>
      </trkpt>
      <trkpt lat="47.359016" lon="8.561237">
        <ele>416</ele>
        <time>2024-05-29T11:43:38Z</time>
        <cmt>speed: 0.5</cmt>
      </trkpt>
      <trkpt lat="47.35869" lon="8.560992">
        <ele>394</ele>
        <time>2024-05-29T11:53:36Z</time>
        <cmt>speed: 0.5</cmt>
      </trkpt>
      <trkpt lat="47.358867" lon="8.56082">
        <ele>435</ele>
        <time>2024-05-29T12:03:41Z</time>
        <cmt>speed: 0.1</cmt>
      </trkpt>
      <trkpt lat="47.359862" lon="8.561371">
        <ele>451</ele>
        <time>2024-05-29T12:13:39Z</time>
        <cmt>speed: 2.1</cmt>
      </trkpt>
      <trkpt lat="47.360191" lon="8.563115">
        <ele>404</ele>
        <time>2024-05-29T12:23:39Z</time>
        <cmt>speed: 0.1</cmt>
      </trkpt>
      <trkpt lat="47.359974" lon="8.56367">
        <ele>434</ele>
        <time>2024-05-29T12:29:18Z</time>
      </trkpt>
      <trkpt lat="47.359974" lon="8.56367">
        <ele>434</ele>
        <time>2024-05-29T12:44:18Z</time>
      </trkpt>
      <trkpt lat="47.359974" lon="8.56367">
        <ele>434</ele>
        <time>2024-05-29T16:04:54Z</time>
      </trkpt>
      <trkpt lat="47.359974" lon="8.56367">
        <ele>434</ele>
        <time>2024-05-29T16:15:13Z</time>
      </trkpt>
      <trkpt lat="47.359974" lon="8.56367">
        <ele>434</ele>
        <time>2024-05-29T16:25:13Z</time>
      </trkpt>
      <trkpt lat="47.359974" lon="8.56367">
        <ele>434</ele>
        <time>2024-05-29T16:35:13Z</time>
      </trkpt>
      <trkpt lat="47.359974" lon="8.56367">
        <ele>434</ele>
        <time>2024-05-29T16:45:13Z</time>
      </trkpt>
      <trkpt lat="47.359974" lon="8.56367">
        <ele>434</ele>
        <time>2024-05-29T16:55:13Z</time>
      </trkpt>
      <trkpt lat="47.359974" lon="8.56367">
        <ele>434</ele>
        <time>2024-05-29T17:05:13Z</time>
      </trkpt>
      <trkpt lat="47.359974" lon="8.56367">
        <ele>434</ele>
        <time>2024-05-29T17:15:13Z</time>
      </trkpt>
      <trkpt lat="47.359974" lon="8.56367">
        <ele>434</ele>
        <time>2024-05-29T17:25:13Z</time>
      </trkpt>
      <trkpt lat="47.359974" lon="8.56367">
        <ele>434</ele>
        <time>2024-05-29T17:35:13Z</time>
      </trkpt>
      <trkpt lat="47.359974" lon="8.56367">
        <ele>434</ele>
        <time>2024-05-29T17:45:13Z</time>
      </trkpt>
      <trkpt lat="47.359974" lon="8.56367">
        <ele>434</ele>
        <time>2024-05-29T17:55:13Z</time>
      </trkpt>
      <trkpt lat="47.359974" lon="8.56367">
        <ele>434</ele>
        <time>2024-05-29T18:05:13Z</time>
      </trkpt>
      <trkpt lat="47.359974" lon="8.56367">
        <ele>434</ele>
        <time>2024-05-29T18:07:52Z</time>
      </trkpt>
      <trkpt lat="47.359974" lon="8.56367">
        <ele>434</ele>
        <time>2024-05-29T18:17:52Z</time>
      </trkpt>
      <trkpt lat="47.359974" lon="8.56367">
        <ele>434</ele>
        <time>2024-05-29T18:27:52Z</time>
      </trkpt>
      <trkpt lat="47.359974" lon="8.56367">
        <ele>434</ele>
        <time>2024-05-29T18:35:36Z</time>
      </trkpt>
      <trkpt lat="47.360873" lon="8.56271">
        <ele>421</ele>
        <time>2024-05-29T18:39:36Z</time>
        <cmt>speed: 0.7</cmt>
      </trkpt>
      <trkpt lat="47.359638" lon="8.563457">
        <ele>439</ele>
        <time>2024-05-29T18:49:12Z</time>
        <cmt>speed: 0.0</cmt>
      </trkpt>
      <trkpt lat="47.3589" lon="8.562319">
        <ele>437</ele>
        <time>2024-05-29T18:59:08Z</time>
        <cmt>speed: 0.6</cmt>
      </trkpt>
      <trkpt lat="47.357432" lon="8.562389">
        <ele>466</ele>
        <time>2024-05-29T19:09:15Z</time>
        <cmt>speed: 0.5</cmt>
      </trkpt>
      <trkpt lat="47.357728" lon="8.560601">
        <ele>429</ele>
        <time>2024-05-29T19:19:13Z</time>
        <cmt>speed: 0.1</cmt>
      </trkpt>
      <trkpt lat="47.358151" lon="8.560663">
        <ele>435</ele>
        <time>2024-05-29T19:29:10Z</time>
        <cmt>speed: 0.8</cmt>
      </trkpt>
      <trkpt lat="47.358835" lon="8.560807">
        <ele>457</ele>
        <time>2024-05-29T19:39:10Z</time>
        <cmt>speed: 0.2</cmt>
      </trkpt>
      <trkpt lat="47.358762" lon="8.561556">
        <ele>445</ele>
        <time>2024-05-29T19:49:11Z</time>
        <cmt>speed: 0.0</cmt>
      </trkpt>
      <trkpt lat="47.358623" lon="8.562026">
        <ele>442</ele>
        <time>2024-05-29T19:59:10Z</time>
        <cmt>speed: 0.6</cmt>
      </trkpt>
      <trkpt lat="47.357941" lon="8.562649">
        <ele>463</ele>
        <time>2024-05-29T20:09:09Z</time>
        <cmt>speed: 0.6</cmt>
      </trkpt>
      <trkpt lat="47.359432" lon="8.562601">
        <ele>455</ele>
        <time>2024-05-29T20:19:11Z</time>
        <cmt>speed: 1.4</cmt>
      </trkpt>
      <trkpt lat="47.359974" lon="8.56367">
        <ele>434</ele>
        <time>2024-05-29T20:26:44Z</time>
      </trkpt>
      <trkpt lat="47.359974" lon="8.56367">
        <ele>434</ele>
        <time>2024-05-29T20:41:42Z</time>
      </trkpt>
      <trkpt lat="47.359974" lon="8.56367">
        <ele>434</ele>
        <time>2024-05-29T20:41:44Z</time>
      </trkpt>
    </trkseg>
  </trk>
</gpx>
