<?xml version="1.0"?>
<gpx creator="Tractive GeoData Util" version="1.1" xmlns="http://www.topografix.com/GPX/1/1" xmlns:xsi="http://www.w3.org/2001/XMLSchema-instance" xsi:schemaLocation="http://www.topografix.com/GPX/1/1 http://www.topografix.com/GPX/1/1/gpx.xsd">
  <metadata>
    <link href="https://tractive.com">
      <text>Generated by Tractive Platform Service</text>
    </link>
  </metadata>
  <trk>
    <name>Tracker UDQAWWIU, 2025-05-01T05:56:07+00:00 2025-06-02T18:51:20+00:00</name>
    <trkseg>
      <trkpt lat="47.359974" lon="8.56367">
        <ele>434</ele>
        <time>2025-05-01T05:56:07Z</time>
      </trkpt>
      <trkpt lat="47.360454" lon="8.562081">
        <ele>437</ele>
        <time>2025-05-01T06:06:12Z</time>
        <cmt>speed: 0.5</cmt>
      </trkpt>
      <trkpt lat="47.359442" lon="8.560308">
        <ele>404</ele>
        <time>2025-05-01T06:16:16Z</time>
        <cmt>speed: 0.3</cmt>
      </trkpt>
      <trkpt lat="47.358526" lon="8.55921">
        <ele>435</ele>
        <time>2025-05-01T06:26:13Z</time>
        <cmt>speed: 0.5</cmt>
      </trkpt>
      <trkpt lat="47.358775" lon="8.561203">
        <ele>452</ele>
        <time>2025-05-01T06:36:10Z</time>
        <cmt>speed: 2.7</cmt>
      </trkpt>
      <trkpt lat="47.359232" lon="8.562428">
        <ele>428</ele>
        <time>2025-05-01T06:46:12Z</time>
        <cmt>speed: 0.5</cmt>
      </trkpt>
      <trkpt lat="47.358689" lon="8.563888">
        <ele>456</ele>
        <time>2025-05-01T06:56:30Z</time>
        <cmt>speed: 1.2</cmt>
      </trkpt>
      <trkpt lat="47.358618" lon="8.564416">
        <ele>444</ele>
        <time>2025-05-01T07:06:11Z</time>
        <cmt>speed: 0.0</cmt>
      </trkpt>
      <trkpt lat="47.358618" lon="8.564416">
        <ele>444</ele>
        <time>2025-05-01T07:16:10Z</time>
      </trkpt>
      <trkpt lat="47.358625" lon="8.564291">
        <ele>441</ele>
        <time>2025-05-01T07:16:13Z</time>
        <cmt>speed: 0.5</cmt>
      </trkpt>
      <trkpt lat="47.358298" lon="8.564833">
        <ele>462</ele>
        <time>2025-05-01T07:26:16Z</time>
        <cmt>speed: 0.0</cmt>
      </trkpt>
      <trkpt lat="47.358259" lon="8.564704">
        <ele>452</ele>
        <time>2025-05-01T07:36:26Z</time>
        <cmt>speed: 0.7</cmt>
      </trkpt>
      <trkpt lat="47.358065" lon="8.564395">
        <ele>468</ele>
        <time>2025-05-01T07:46:10Z</time>
        <cmt>speed: 5.3</cmt>
      </trkpt>
      <trkpt lat="47.358329" lon="8.565129">
        <ele>436</ele>
        <time>2025-05-01T07:56:15Z</time>
        <cmt>speed: 0.6</cmt>
      </trkpt>
      <trkpt lat="47.35852" lon="8.565427">
        <ele>484</ele>
        <time>2025-05-01T08:06:34Z</time>
        <cmt>speed: 5.8</cmt>
      </trkpt>
      <trkpt lat="47.35852" lon="8.565427">
        <ele>484</ele>
        <time>2025-05-01T08:16:12Z</time>
      </trkpt>
      <trkpt lat="47.358616" lon="8.565117">
        <ele>491</ele>
        <time>2025-05-01T08:16:15Z</time>
        <cmt>speed: 0.2</cmt>
      </trkpt>
      <trkpt lat="47.358559" lon="8.56502">
        <ele>482</ele>
        <time>2025-05-01T08:26:20Z</time>
        <cmt>speed: 0.0</cmt>
      </trkpt>
      <trkpt lat="47.358559" lon="8.56502">
        <ele>482</ele>
        <time>2025-05-01T08:36:18Z</time>
      </trkpt>
      <trkpt lat="47.35863" lon="8.564805">
        <ele>464</ele>
        <time>2025-05-01T08:36:21Z</time>
        <cmt>speed: 0.0</cmt>
      </trkpt>
      <trkpt lat="47.358836" lon="8.564634">
        <ele>477</ele>
        <time>2025-05-01T08:46:32Z</time>
        <cmt>speed: 0.8</cmt>
      </trkpt>
      <trkpt lat="47.358746" lon="8.564886">
        <ele>479</ele>
        <time>2025-05-01T09:06:35Z</time>
        <cmt>speed: 0.6</cmt>
      </trkpt>
      <trkpt lat="47.358704" lon="8.564765">
        <ele>464</ele>
        <time>2025-05-01T09:26:15Z</time>
        <cmt>speed: 0.2</cmt>
      </trkpt>
      <trkpt lat="47.358704" lon="8.564765">
        <ele>464</ele>
        <time>2025-05-01T09:36:16Z</time>
      </trkpt>
      <trkpt lat="47.358752" lon="8.56499">
        <ele>491</ele>
        <time>2025-05-01T09:36:19Z</time>
        <cmt>speed: 0.4</cmt>
      </trkpt>
      <trkpt lat="47.358752" lon="8.56499">
        <ele>491</ele>
        <time>2025-05-01T10:16:31Z</time>
      </trkpt>
      <trkpt lat="47.358652" lon="8.565058">
        <ele>467</ele>
        <time>2025-05-01T10:16:34Z</time>
        <cmt>speed: 0.7</cmt>
      </trkpt>
      <trkpt lat="47.358673" lon="8.564729">
        <ele>446</ele>
        <time>2025-05-01T10:26:47Z</time>
        <cmt>speed: 0.1</cmt>
      </trkpt>
      <trkpt lat="47.358614" lon="8.564948">
        <ele>441</ele>
        <time>2025-05-01T10:36:22Z</time>
        <cmt>speed: 0.5</cmt>
      </trkpt>
      <trkpt lat="47.358708" lon="8.564658">
        <ele>413</ele>
        <time>2025-05-01T10:56:13Z</time>
        <cmt>speed: 0.0</cmt>
      </trkpt>
      <trkpt lat="47.358005" lon="8.565021">
        <ele>463</ele>
        <time>2025-05-01T11:06:13Z</time>
        <cmt>speed: 1.0</cmt>
      </trkpt>
      <trkpt lat="47.358289" lon="8.566617">
        <ele>451</ele>
        <time>2025-05-01T11:16:13Z</time>
        <cmt>speed: 0.2</cmt>
      </trkpt>
      <trkpt lat="47.358383" lon="8.566502">
        <ele>447</ele>
        <time>2025-05-01T11:26:14Z</time>
        <cmt>speed: 0.2</cmt>
      </trkpt>
      <trkpt lat="47.358383" lon="8.566502">
        <ele>447</ele>
        <time>2025-05-01T11:36:10Z</time>
      </trkpt>
      <trkpt lat="47.358841" lon="8.566288">
        <ele>459</ele>
        <time>2025-05-01T11:36:13Z</time>
        <cmt>speed: 0.4</cmt>
      </trkpt>
      <trkpt lat="47.358674" lon="8.5663">
        <ele>441</ele>
        <time>2025-05-01T11:46:15Z</time>
        <cmt>speed: 0.4</cmt>
      </trkpt>
      <trkpt lat="47.358674" lon="8.5663">
        <ele>441</ele>
        <time>2025-05-01T11:56:12Z</time>
      </trkpt>
      <trkpt lat="47.358778" lon="8.566329">
        <ele>461</ele>
        <time>2025-05-01T11:56:15Z</time>
        <cmt>speed: 0.2</cmt>
      </trkpt>
      <trkpt lat="47.359518" lon="8.563969">
        <ele>424</ele>
        <time>2025-05-01T12:06:17Z</time>
        <cmt>speed: 0.0</cmt>
      </trkpt>
      <trkpt lat="47.359427" lon="8.563013">
        <ele>434</ele>
        <time>2025-05-01T12:16:25Z</time>
        <cmt>speed: 0.5</cmt>
      </trkpt>
      <trkpt lat="47.35998" lon="8.561792">
        <ele>428</ele>
        <time>2025-05-01T12:26:13Z</time>
        <cmt>speed: 0.8</cmt>
      </trkpt>
      <trkpt lat="47.35998" lon="8.561792">
        <ele>428</ele>
        <time>2025-05-01T12:36:35Z</time>
      </trkpt>
      <trkpt lat="47.360091" lon="8.563754">
        <ele>487</ele>
        <time>2025-05-01T12:36:38Z</time>
        <cmt>speed: 0.3</cmt>
      </trkpt>
      <trkpt lat="47.359959" lon="8.563643">
        <ele>434</ele>
        <time>2025-05-01T12:42:08Z</time>
      </trkpt>
      <trkpt lat="47.359974" lon="8.56367">
        <ele>434</ele>
        <time>2025-05-01T12:56:34Z</time>
      </trkpt>
      <trkpt lat="47.359491" lon="8.56353">
        <ele>412</ele>
        <time>2025-05-01T12:56:43Z</time>
        <cmt>speed: 3.9</cmt>
      </trkpt>
      <trkpt lat="47.359094" lon="8.563702">
        <ele>471</ele>
        <time>2025-05-01T13:06:41Z</time>
        <cmt>speed: 0.1</cmt>
      </trkpt>
      <trkpt lat="47.359094" lon="8.563702">
        <ele>471</ele>
        <time>2025-05-01T13:16:40Z</time>
      </trkpt>
      <trkpt lat="47.358565" lon="8.56429">
        <ele>465</ele>
        <time>2025-05-01T13:16:41Z</time>
        <cmt>speed: 0.2</cmt>
      </trkpt>
      <trkpt lat="47.358444" lon="8.564603">
        <ele>474</ele>
        <time>2025-05-01T13:27:00Z</time>
        <cmt>speed: 0.8</cmt>
      </trkpt>
      <trkpt lat="47.358444" lon="8.564603">
        <ele>474</ele>
        <time>2025-05-01T13:36:40Z</time>
      </trkpt>
      <trkpt lat="47.358555" lon="8.564314">
        <ele>428</ele>
        <time>2025-05-01T13:36:41Z</time>
        <cmt>speed: 0.3</cmt>
      </trkpt>
      <trkpt lat="47.358578" lon="8.564396">
        <ele>443</ele>
        <time>2025-05-01T13:46:46Z</time>
        <cmt>speed: 0.6</cmt>
      </trkpt>
      <trkpt lat="47.358578" lon="8.564396">
        <ele>443</ele>
        <time>2025-05-01T13:56:40Z</time>
      </trkpt>
      <trkpt lat="47.358621" lon="8.564335">
        <ele>474</ele>
        <time>2025-05-01T13:56:42Z</time>
        <cmt>speed: 0.4</cmt>
      </trkpt>
      <trkpt lat="47.358411" lon="8.564396">
        <ele>442</ele>
        <time>2025-05-01T14:17:06Z</time>
        <cmt>speed: 0.3</cmt>
      </trkpt>
      <trkpt lat="47.358575" lon="8.564449">
        <ele>455</ele>
        <time>2025-05-01T14:27:08Z</time>
        <cmt>speed: 0.2</cmt>
      </trkpt>
      <trkpt lat="47.358575" lon="8.564449">
        <ele>455</ele>
        <time>2025-05-01T14:36:41Z</time>
      </trkpt>
      <trkpt lat="47.358473" lon="8.56439">
        <ele>475</ele>
        <time>2025-05-01T14:36:44Z</time>
        <cmt>speed: 0.1</cmt>
      </trkpt>
      <trkpt lat="47.358528" lon="8.564307">
        <ele>454</ele>
        <time>2025-05-01T14:47:10Z</time>
        <cmt>speed: 1.1</cmt>
      </trkpt>
      <trkpt lat="47.358528" lon="8.564307">
        <ele>454</ele>
        <time>2025-05-01T14:57:17Z</time>
      </trkpt>
      <trkpt lat="47.358543" lon="8.564343">
        <ele>453</ele>
        <time>2025-05-01T14:57:21Z</time>
        <cmt>speed: 1.7</cmt>
      </trkpt>
      <trkpt lat="47.358543" lon="8.564343">
        <ele>453</ele>
        <time>2025-05-01T15:16:40Z</time>
      </trkpt>
      <trkpt lat="47.358523" lon="8.564622">
        <ele>458</ele>
        <time>2025-05-01T15:16:44Z</time>
        <cmt>speed: 0.3</cmt>
      </trkpt>
      <trkpt lat="47.358226" lon="8.564463">
        <ele>428</ele>
        <time>2025-05-01T15:39:21Z</time>
        <cmt>speed: 1.5</cmt>
      </trkpt>
      <trkpt lat="47.358575" lon="8.564387">
        <ele>458</ele>
        <time>2025-05-01T16:09:23Z</time>
        <cmt>speed: 0.3</cmt>
      </trkpt>
      <trkpt lat="47.358174" lon="8.564615">
        <ele>455</ele>
        <time>2025-05-01T16:19:21Z</time>
        <cmt>speed: 0.2</cmt>
      </trkpt>
      <trkpt lat="47.358005" lon="8.564227">
        <ele>456</ele>
        <time>2025-05-01T16:29:20Z</time>
        <cmt>speed: 0.2</cmt>
      </trkpt>
      <trkpt lat="47.357879" lon="8.563974">
        <ele>469</ele>
        <time>2025-05-01T16:39:19Z</time>
        <cmt>speed: 2.4</cmt>
      </trkpt>
      <trkpt lat="47.357823" lon="8.564232">
        <ele>488</ele>
        <time>2025-05-01T16:49:27Z</time>
        <cmt>speed: 0.1</cmt>
      </trkpt>
      <trkpt lat="47.357823" lon="8.564232">
        <ele>488</ele>
        <time>2025-05-01T16:59:17Z</time>
      </trkpt>
      <trkpt lat="47.357804" lon="8.564407">
        <ele>467</ele>
        <time>2025-05-01T16:59:21Z</time>
        <cmt>speed: 0.2</cmt>
      </trkpt>
      <trkpt lat="47.357696" lon="8.56429">
        <ele>497</ele>
        <time>2025-05-01T17:09:22Z</time>
        <cmt>speed: 0.4</cmt>
      </trkpt>
      <trkpt lat="47.357696" lon="8.56429">
        <ele>497</ele>
        <time>2025-05-01T17:19:17Z</time>
      </trkpt>
      <trkpt lat="47.357762" lon="8.564384">
        <ele>460</ele>
        <time>2025-05-01T17:19:21Z</time>
        <cmt>speed: 0.7</cmt>
      </trkpt>
      <trkpt lat="47.35773" lon="8.564413">
        <ele>473</ele>
        <time>2025-05-01T17:29:20Z</time>
        <cmt>speed: 0.0</cmt>
      </trkpt>
      <trkpt lat="47.357623" lon="8.564559">
        <ele>462</ele>
        <time>2025-05-01T17:39:21Z</time>
        <cmt>speed: 0.0</cmt>
      </trkpt>
      <trkpt lat="47.357552" lon="8.564275">
        <ele>436</ele>
        <time>2025-05-01T17:49:23Z</time>
        <cmt>speed: 0.1</cmt>
      </trkpt>
      <trkpt lat="47.357555" lon="8.564044">
        <ele>472</ele>
        <time>2025-05-01T17:59:20Z</time>
        <cmt>speed: 0.0</cmt>
      </trkpt>
      <trkpt lat="47.357794" lon="8.564031">
        <ele>422</ele>
        <time>2025-05-01T18:09:21Z</time>
        <cmt>speed: 1.6</cmt>
      </trkpt>
      <trkpt lat="47.357794" lon="8.564031">
        <ele>422</ele>
        <time>2025-05-01T18:19:16Z</time>
      </trkpt>
      <trkpt lat="47.357601" lon="8.563919">
        <ele>476</ele>
        <time>2025-05-01T18:19:20Z</time>
        <cmt>speed: 0.0</cmt>
      </trkpt>
      <trkpt lat="47.357911" lon="8.563873">
        <ele>444</ele>
        <time>2025-05-01T18:29:21Z</time>
        <cmt>speed: 0.3</cmt>
      </trkpt>
      <trkpt lat="47.358772" lon="8.564287">
        <ele>399</ele>
        <time>2025-05-01T18:39:20Z</time>
        <cmt>speed: 0.5</cmt>
      </trkpt>
      <trkpt lat="47.358712" lon="8.564431">
        <ele>465</ele>
        <time>2025-05-01T18:49:21Z</time>
        <cmt>speed: 0.5</cmt>
      </trkpt>
      <trkpt lat="47.358712" lon="8.564431">
        <ele>465</ele>
        <time>2025-05-01T18:59:16Z</time>
      </trkpt>
      <trkpt lat="47.35917" lon="8.561184">
        <ele>443</ele>
        <time>2025-05-01T18:59:20Z</time>
        <cmt>speed: 0.4</cmt>
      </trkpt>
      <trkpt lat="47.35956" lon="8.563289">
        <ele>455</ele>
        <time>2025-05-01T19:09:24Z</time>
        <cmt>speed: 1.1</cmt>
      </trkpt>
      <trkpt lat="47.359959" lon="8.563643">
        <ele>434</ele>
        <time>2025-05-01T19:09:35Z</time>
      </trkpt>
      <trkpt lat="47.359959" lon="8.563643">
        <ele>434</ele>
        <time>2025-05-01T19:24:35Z</time>
      </trkpt>
      <trkpt lat="47.359959" lon="8.563643">
        <ele>434</ele>
        <time>2025-05-02T05:41:21Z</time>
      </trkpt>
      <trkpt lat="47.359547" lon="8.561535">
        <ele>430</ele>
        <time>2025-05-02T05:51:34Z</time>
        <cmt>speed: 0.3</cmt>
      </trkpt>
      <trkpt lat="47.359223" lon="8.560965">
        <ele>374</ele>
        <time>2025-05-02T06:01:29Z</time>
        <cmt>speed: 0.1</cmt>
      </trkpt>
      <trkpt lat="47.358318" lon="8.561036">
        <ele>415</ele>
        <time>2025-05-02T06:11:29Z</time>
        <cmt>speed: 0.0</cmt>
      </trkpt>
      <trkpt lat="47.358435" lon="8.560669">
        <ele>438</ele>
        <time>2025-05-02T06:21:31Z</time>
        <cmt>speed: 0.2</cmt>
      </trkpt>
      <trkpt lat="47.358006" lon="8.561266">
        <ele>429</ele>
        <time>2025-05-02T06:31:31Z</time>
        <cmt>speed: 2.1</cmt>
      </trkpt>
      <trkpt lat="47.358374" lon="8.561954">
        <ele>421</ele>
        <time>2025-05-02T06:41:31Z</time>
        <cmt>speed: 0.6</cmt>
      </trkpt>
      <trkpt lat="47.357673" lon="8.563193">
        <ele>410</ele>
        <time>2025-05-02T06:51:31Z</time>
        <cmt>speed: 0.0</cmt>
      </trkpt>
      <trkpt lat="47.357873" lon="8.563749">
        <ele>437</ele>
        <time>2025-05-02T07:01:34Z</time>
        <cmt>speed: 0.3</cmt>
      </trkpt>
      <trkpt lat="47.357507" lon="8.563995">
        <ele>458</ele>
        <time>2025-05-02T07:11:29Z</time>
        <cmt>speed: 0.6</cmt>
      </trkpt>
      <trkpt lat="47.357507" lon="8.563995">
        <ele>458</ele>
        <time>2025-05-02T07:21:26Z</time>
      </trkpt>
      <trkpt lat="47.357656" lon="8.563944">
        <ele>451</ele>
        <time>2025-05-02T07:21:32Z</time>
        <cmt>speed: 0.4</cmt>
      </trkpt>
      <trkpt lat="47.35758" lon="8.563947">
        <ele>458</ele>
        <time>2025-05-02T07:31:32Z</time>
        <cmt>speed: 0.2</cmt>
      </trkpt>
      <trkpt lat="47.35758" lon="8.563947">
        <ele>458</ele>
        <time>2025-05-02T07:41:24Z</time>
      </trkpt>
      <trkpt lat="47.357742" lon="8.563882">
        <ele>436</ele>
        <time>2025-05-02T07:41:30Z</time>
        <cmt>speed: 0.4</cmt>
      </trkpt>
      <trkpt lat="47.357569" lon="8.5639">
        <ele>453</ele>
        <time>2025-05-02T07:51:31Z</time>
        <cmt>speed: 0.2</cmt>
      </trkpt>
      <trkpt lat="47.358953" lon="8.564832">
        <ele>444</ele>
        <time>2025-05-02T08:01:28Z</time>
        <cmt>speed: 1.4</cmt>
      </trkpt>
      <trkpt lat="47.359959" lon="8.563643">
        <ele>434</ele>
        <time>2025-05-02T08:09:54Z</time>
      </trkpt>
      <trkpt lat="47.359959" lon="8.563643">
        <ele>434</ele>
        <time>2025-05-02T08:24:54Z</time>
      </trkpt>
      <trkpt lat="47.359812" lon="8.563908">
        <ele>456</ele>
        <time>2025-05-02T09:26:36Z</time>
        <cmt>speed: 0.2</cmt>
      </trkpt>
      <trkpt lat="47.358954" lon="8.563315">
        <ele>467</ele>
        <time>2025-05-02T09:36:31Z</time>
        <cmt>speed: 0.2</cmt>
      </trkpt>
      <trkpt lat="47.358167" lon="8.563449">
        <ele>432</ele>
        <time>2025-05-02T09:46:36Z</time>
        <cmt>speed: 2.5</cmt>
      </trkpt>
      <trkpt lat="47.358234" lon="8.564307">
        <ele>467</ele>
        <time>2025-05-02T09:56:35Z</time>
        <cmt>speed: 0.0</cmt>
      </trkpt>
      <trkpt lat="47.358483" lon="8.564402">
        <ele>454</ele>
        <time>2025-05-02T10:06:41Z</time>
        <cmt>speed: 0.2</cmt>
      </trkpt>
      <trkpt lat="47.358332" lon="8.564338">
        <ele>459</ele>
        <time>2025-05-02T10:16:57Z</time>
        <cmt>speed: 0.2</cmt>
      </trkpt>
      <trkpt lat="47.358332" lon="8.564338">
        <ele>459</ele>
        <time>2025-05-02T10:26:31Z</time>
      </trkpt>
      <trkpt lat="47.358365" lon="8.564329">
        <ele>473</ele>
        <time>2025-05-02T10:31:08Z</time>
        <cmt>speed: 0.5</cmt>
      </trkpt>
      <trkpt lat="47.358365" lon="8.564329">
        <ele>473</ele>
        <time>2025-05-02T10:50:56Z</time>
      </trkpt>
      <trkpt lat="47.358504" lon="8.564337">
        <ele>456</ele>
        <time>2025-05-02T10:51:03Z</time>
        <cmt>speed: 0.0</cmt>
      </trkpt>
      <trkpt lat="47.358191" lon="8.564833">
        <ele>446</ele>
        <time>2025-05-02T11:01:01Z</time>
        <cmt>speed: 1.6</cmt>
      </trkpt>
      <trkpt lat="47.358031" lon="8.564458">
        <ele>439</ele>
        <time>2025-05-02T11:11:01Z</time>
        <cmt>speed: 0.3</cmt>
      </trkpt>
      <trkpt lat="47.358054" lon="8.564446">
        <ele>422</ele>
        <time>2025-05-02T11:21:01Z</time>
        <cmt>speed: 0.2</cmt>
      </trkpt>
      <trkpt lat="47.358054" lon="8.564446">
        <ele>422</ele>
        <time>2025-05-02T11:30:55Z</time>
      </trkpt>
      <trkpt lat="47.358" lon="8.564255">
        <ele>443</ele>
        <time>2025-05-02T11:31:02Z</time>
        <cmt>speed: 0.2</cmt>
      </trkpt>
      <trkpt lat="47.357991" lon="8.564195">
        <ele>473</ele>
        <time>2025-05-02T11:41:10Z</time>
        <cmt>speed: 0.2</cmt>
      </trkpt>
      <trkpt lat="47.357991" lon="8.564195">
        <ele>473</ele>
        <time>2025-05-02T11:50:57Z</time>
      </trkpt>
      <trkpt lat="47.358021" lon="8.564333">
        <ele>474</ele>
        <time>2025-05-02T11:51:04Z</time>
        <cmt>speed: 0.1</cmt>
      </trkpt>
      <trkpt lat="47.358063" lon="8.564293">
        <ele>477</ele>
        <time>2025-05-02T12:01:04Z</time>
        <cmt>speed: 0.7</cmt>
      </trkpt>
      <trkpt lat="47.358063" lon="8.564293">
        <ele>477</ele>
        <time>2025-05-02T12:10:59Z</time>
      </trkpt>
      <trkpt lat="47.357982" lon="8.564364">
        <ele>453</ele>
        <time>2025-05-02T12:11:06Z</time>
        <cmt>speed: 0.2</cmt>
      </trkpt>
      <trkpt lat="47.35785" lon="8.564366">
        <ele>461</ele>
        <time>2025-05-02T12:21:02Z</time>
        <cmt>speed: 0.1</cmt>
      </trkpt>
      <trkpt lat="47.35785" lon="8.564366">
        <ele>461</ele>
        <time>2025-05-02T12:30:55Z</time>
      </trkpt>
      <trkpt lat="47.357963" lon="8.565399">
        <ele>502</ele>
        <time>2025-05-02T12:31:02Z</time>
        <cmt>speed: 0.8</cmt>
      </trkpt>
      <trkpt lat="47.358759" lon="8.56604">
        <ele>492</ele>
        <time>2025-05-02T12:41:01Z</time>
        <cmt>speed: 2.4</cmt>
      </trkpt>
      <trkpt lat="47.358759" lon="8.56604">
        <ele>492</ele>
        <time>2025-05-02T12:50:55Z</time>
      </trkpt>
      <trkpt lat="47.358693" lon="8.566062">
        <ele>479</ele>
        <time>2025-05-02T12:51:02Z</time>
        <cmt>speed: 0.0</cmt>
      </trkpt>
      <trkpt lat="47.35883" lon="8.566237">
        <ele>467</ele>
        <time>2025-05-02T13:01:03Z</time>
        <cmt>speed: 0.5</cmt>
      </trkpt>
      <trkpt lat="47.35883" lon="8.566237">
        <ele>467</ele>
        <time>2025-05-02T13:10:56Z</time>
      </trkpt>
      <trkpt lat="47.359011" lon="8.566088">
        <ele>473</ele>
        <time>2025-05-02T13:11:03Z</time>
        <cmt>speed: 0.4</cmt>
      </trkpt>
      <trkpt lat="47.358638" lon="8.566267">
        <ele>453</ele>
        <time>2025-05-02T13:21:03Z</time>
        <cmt>speed: 1.4</cmt>
      </trkpt>
      <trkpt lat="47.358638" lon="8.566267">
        <ele>453</ele>
        <time>2025-05-02T13:30:56Z</time>
      </trkpt>
      <trkpt lat="47.358678" lon="8.566255">
        <ele>458</ele>
        <time>2025-05-02T13:31:03Z</time>
        <cmt>speed: 1.3</cmt>
      </trkpt>
      <trkpt lat="47.358634" lon="8.566245">
        <ele>443</ele>
        <time>2025-05-02T13:41:03Z</time>
        <cmt>speed: 0.2</cmt>
      </trkpt>
      <trkpt lat="47.358625" lon="8.566054">
        <ele>458</ele>
        <time>2025-05-02T13:51:02Z</time>
        <cmt>speed: 0.1</cmt>
      </trkpt>
      <trkpt lat="47.358699" lon="8.566095">
        <ele>469</ele>
        <time>2025-05-02T14:01:02Z</time>
        <cmt>speed: 0.2</cmt>
      </trkpt>
      <trkpt lat="47.358661" lon="8.566148">
        <ele>448</ele>
        <time>2025-05-02T14:11:02Z</time>
        <cmt>speed: 0.2</cmt>
      </trkpt>
      <trkpt lat="47.358975" lon="8.565308">
        <ele>437</ele>
        <time>2025-05-02T14:21:02Z</time>
        <cmt>speed: 0.2</cmt>
      </trkpt>
      <trkpt lat="47.360329" lon="8.56403">
        <ele>426</ele>
        <time>2025-05-02T14:31:03Z</time>
        <cmt>speed: 0.8</cmt>
      </trkpt>
      <trkpt lat="47.359974" lon="8.56367">
        <ele>434</ele>
        <time>2025-05-02T14:36:20Z</time>
      </trkpt>
      <trkpt lat="47.359974" lon="8.56367">
        <ele>434</ele>
        <time>2025-05-02T14:51:20Z</time>
      </trkpt>
      <trkpt lat="47.359959" lon="8.563643">
        <ele>434</ele>
        <time>2025-05-02T16:13:12Z</time>
      </trkpt>
      <trkpt lat="47.359959" lon="8.563643">
        <ele>434</ele>
        <time>2025-05-02T16:37:50Z</time>
      </trkpt>
      <trkpt lat="47.359959" lon="8.563643">
        <ele>434</ele>
        <time>2025-05-02T16:52:49Z</time>
      </trkpt>
      <trkpt lat="47.359864" lon="8.563796">
        <ele>488</ele>
        <time>2025-05-02T17:51:05Z</time>
        <cmt>speed: 0.2</cmt>
      </trkpt>
      <trkpt lat="47.35914" lon="8.56505">
        <ele>476</ele>
        <time>2025-05-02T18:01:01Z</time>
        <cmt>speed: 0.2</cmt>
      </trkpt>
      <trkpt lat="47.35914" lon="8.56505">
        <ele>476</ele>
        <time>2025-05-02T18:10:58Z</time>
      </trkpt>
      <trkpt lat="47.359024" lon="8.565177">
        <ele>502</ele>
        <time>2025-05-02T18:11:06Z</time>
        <cmt>speed: 0.0</cmt>
      </trkpt>
      <trkpt lat="47.359107" lon="8.565256">
        <ele>420</ele>
        <time>2025-05-02T18:21:02Z</time>
        <cmt>speed: 0.2</cmt>
      </trkpt>
      <trkpt lat="47.359959" lon="8.563643">
        <ele>434</ele>
        <time>2025-05-02T18:31:34Z</time>
      </trkpt>
      <trkpt lat="47.359959" lon="8.563643">
        <ele>434</ele>
        <time>2025-05-02T18:46:34Z</time>
      </trkpt>
      <trkpt lat="47.359959" lon="8.563643">
        <ele>434</ele>
        <time>2025-05-03T06:46:32Z</time>
      </trkpt>
      <trkpt lat="47.360141" lon="8.563267">
        <ele>486</ele>
        <time>2025-05-03T06:53:36Z</time>
        <cmt>speed: 0.0</cmt>
      </trkpt>
      <trkpt lat="47.359609" lon="8.561532">
        <ele>412</ele>
        <time>2025-05-03T07:03:12Z</time>
        <cmt>speed: 0.7</cmt>
      </trkpt>
      <trkpt lat="47.358776" lon="8.560859">
        <ele>422</ele>
        <time>2025-05-03T07:13:14Z</time>
        <cmt>speed: 0.3</cmt>
      </trkpt>
      <trkpt lat="47.358181" lon="8.561564">
        <ele>427</ele>
        <time>2025-05-03T07:23:05Z</time>
        <cmt>speed: 0.8</cmt>
      </trkpt>
      <trkpt lat="47.3578" lon="8.562838">
        <ele>458</ele>
        <time>2025-05-03T07:33:07Z</time>
        <cmt>speed: 0.4</cmt>
      </trkpt>
      <trkpt lat="47.357594" lon="8.563886">
        <ele>444</ele>
        <time>2025-05-03T07:43:04Z</time>
        <cmt>speed: 0.1</cmt>
      </trkpt>
      <trkpt lat="47.357594" lon="8.563886">
        <ele>444</ele>
        <time>2025-05-03T07:52:57Z</time>
      </trkpt>
      <trkpt lat="47.357618" lon="8.563808">
        <ele>439</ele>
        <time>2025-05-03T07:53:07Z</time>
        <cmt>speed: 0.0</cmt>
      </trkpt>
      <trkpt lat="47.357666" lon="8.563743">
        <ele>436</ele>
        <time>2025-05-03T08:03:14Z</time>
        <cmt>speed: 0.0</cmt>
      </trkpt>
      <trkpt lat="47.357666" lon="8.563743">
        <ele>436</ele>
        <time>2025-05-03T08:12:57Z</time>
      </trkpt>
      <trkpt lat="47.357581" lon="8.563879">
        <ele>435</ele>
        <time>2025-05-03T08:13:05Z</time>
        <cmt>speed: 0.2</cmt>
      </trkpt>
      <trkpt lat="47.357534" lon="8.563701">
        <ele>448</ele>
        <time>2025-05-03T08:23:06Z</time>
        <cmt>speed: 0.2</cmt>
      </trkpt>
      <trkpt lat="47.357786" lon="8.56387">
        <ele>470</ele>
        <time>2025-05-03T08:43:07Z</time>
        <cmt>speed: 0.2</cmt>
      </trkpt>
      <trkpt lat="47.35757" lon="8.564229">
        <ele>444</ele>
        <time>2025-05-03T08:53:05Z</time>
        <cmt>speed: 0.9</cmt>
      </trkpt>
      <trkpt lat="47.357606" lon="8.564197">
        <ele>453</ele>
        <time>2025-05-03T09:03:06Z</time>
        <cmt>speed: 0.1</cmt>
      </trkpt>
      <trkpt lat="47.357608" lon="8.564289">
        <ele>434</ele>
        <time>2025-05-03T09:13:05Z</time>
        <cmt>speed: 0.7</cmt>
      </trkpt>
      <trkpt lat="47.357447" lon="8.564608">
        <ele>456</ele>
        <time>2025-05-03T09:23:07Z</time>
        <cmt>speed: 1.2</cmt>
      </trkpt>
      <trkpt lat="47.357447" lon="8.564608">
        <ele>456</ele>
        <time>2025-05-03T09:32:55Z</time>
      </trkpt>
      <trkpt lat="47.357284" lon="8.565009">
        <ele>445</ele>
        <time>2025-05-03T09:33:04Z</time>
        <cmt>speed: 0.2</cmt>
      </trkpt>
      <trkpt lat="47.357629" lon="8.565205">
        <ele>483</ele>
        <time>2025-05-03T09:43:06Z</time>
        <cmt>speed: 0.4</cmt>
      </trkpt>
      <trkpt lat="47.357589" lon="8.56552">
        <ele>450</ele>
        <time>2025-05-03T09:53:05Z</time>
        <cmt>speed: 1.0</cmt>
      </trkpt>
      <trkpt lat="47.357447" lon="8.565301">
        <ele>461</ele>
        <time>2025-05-03T10:03:06Z</time>
        <cmt>speed: 1.3</cmt>
      </trkpt>
      <trkpt lat="47.357551" lon="8.564199">
        <ele>434</ele>
        <time>2025-05-03T10:13:06Z</time>
        <cmt>speed: 1.0</cmt>
      </trkpt>
      <trkpt lat="47.357911" lon="8.564334">
        <ele>415</ele>
        <time>2025-05-03T10:23:26Z</time>
        <cmt>speed: 0.7</cmt>
      </trkpt>
      <trkpt lat="47.357911" lon="8.564334">
        <ele>415</ele>
        <time>2025-05-03T10:33:06Z</time>
      </trkpt>
      <trkpt lat="47.357946" lon="8.564204">
        <ele>463</ele>
        <time>2025-05-03T10:33:07Z</time>
        <cmt>speed: 0.1</cmt>
      </trkpt>
      <trkpt lat="47.357703" lon="8.564227">
        <ele>441</ele>
        <time>2025-05-03T10:43:10Z</time>
        <cmt>speed: 0.0</cmt>
      </trkpt>
      <trkpt lat="47.357703" lon="8.564227">
        <ele>441</ele>
        <time>2025-05-03T10:53:07Z</time>
      </trkpt>
      <trkpt lat="47.357803" lon="8.564239">
        <ele>450</ele>
        <time>2025-05-03T10:53:08Z</time>
        <cmt>speed: 0.4</cmt>
      </trkpt>
      <trkpt lat="47.357549" lon="8.564209">
        <ele>443</ele>
        <time>2025-05-03T11:03:07Z</time>
        <cmt>speed: 0.0</cmt>
      </trkpt>
      <trkpt lat="47.357686" lon="8.564168">
        <ele>448</ele>
        <time>2025-05-03T11:13:06Z</time>
        <cmt>speed: 0.8</cmt>
      </trkpt>
      <trkpt lat="47.357498" lon="8.564584">
        <ele>442</ele>
        <time>2025-05-03T11:23:06Z</time>
        <cmt>speed: 0.1</cmt>
      </trkpt>
      <trkpt lat="47.357866" lon="8.564938">
        <ele>470</ele>
        <time>2025-05-03T11:33:07Z</time>
        <cmt>speed: 0.4</cmt>
      </trkpt>
      <trkpt lat="47.358373" lon="8.565612">
        <ele>459</ele>
        <time>2025-05-03T11:43:08Z</time>
        <cmt>speed: 0.4</cmt>
      </trkpt>
      <trkpt lat="47.358373" lon="8.565612">
        <ele>459</ele>
        <time>2025-05-03T11:53:05Z</time>
      </trkpt>
      <trkpt lat="47.358142" lon="8.565597">
        <ele>446</ele>
        <time>2025-05-03T11:53:06Z</time>
        <cmt>speed: 0.4</cmt>
      </trkpt>
      <trkpt lat="47.358284" lon="8.565553">
        <ele>442</ele>
        <time>2025-05-03T12:03:06Z</time>
        <cmt>speed: 0.0</cmt>
      </trkpt>
      <trkpt lat="47.3579" lon="8.564189">
        <ele>457</ele>
        <time>2025-05-03T12:13:07Z</time>
        <cmt>speed: 0.1</cmt>
      </trkpt>
      <trkpt lat="47.357536" lon="8.564171">
        <ele>495</ele>
        <time>2025-05-03T12:23:06Z</time>
        <cmt>speed: 0.6</cmt>
      </trkpt>
      <trkpt lat="47.357633" lon="8.56401">
        <ele>429</ele>
        <time>2025-05-03T12:33:06Z</time>
        <cmt>speed: 0.5</cmt>
      </trkpt>
      <trkpt lat="47.357633" lon="8.56401">
        <ele>429</ele>
        <time>2025-05-03T12:33:06Z</time>
      </trkpt>
      <trkpt lat="47.357723" lon="8.564083">
        <ele>450</ele>
        <time>2025-05-03T12:43:06Z</time>
        <cmt>speed: 0.1</cmt>
      </trkpt>
      <trkpt lat="47.357723" lon="8.564083">
        <ele>450</ele>
        <time>2025-05-03T12:53:09Z</time>
      </trkpt>
      <trkpt lat="47.357533" lon="8.564232">
        <ele>454</ele>
        <time>2025-05-03T12:53:10Z</time>
        <cmt>speed: 0.4</cmt>
      </trkpt>
      <trkpt lat="47.357562" lon="8.564153">
        <ele>453</ele>
        <time>2025-05-03T13:03:06Z</time>
        <cmt>speed: 0.4</cmt>
      </trkpt>
      <trkpt lat="47.357586" lon="8.56442">
        <ele>463</ele>
        <time>2025-05-03T13:23:06Z</time>
        <cmt>speed: 0.2</cmt>
      </trkpt>
      <trkpt lat="47.357572" lon="8.564462">
        <ele>450</ele>
        <time>2025-05-03T13:33:06Z</time>
        <cmt>speed: 0.0</cmt>
      </trkpt>
      <trkpt lat="47.357239" lon="8.564701">
        <ele>430</ele>
        <time>2025-05-03T13:43:06Z</time>
        <cmt>speed: 0.5</cmt>
      </trkpt>
      <trkpt lat="47.357333" lon="8.564923">
        <ele>461</ele>
        <time>2025-05-03T13:53:05Z</time>
        <cmt>speed: 0.5</cmt>
      </trkpt>
      <trkpt lat="47.35689" lon="8.565211">
        <ele>489</ele>
        <time>2025-05-03T14:03:06Z</time>
        <cmt>speed: 0.0</cmt>
      </trkpt>
      <trkpt lat="47.357111" lon="8.563881">
        <ele>515</ele>
        <time>2025-05-03T14:13:08Z</time>
        <cmt>speed: 0.5</cmt>
      </trkpt>
      <trkpt lat="47.357745" lon="8.562648">
        <ele>376</ele>
        <time>2025-05-03T14:23:07Z</time>
        <cmt>speed: 1.1</cmt>
      </trkpt>
      <trkpt lat="47.359959" lon="8.561858">
        <ele>482</ele>
        <time>2025-05-03T14:33:12Z</time>
        <cmt>speed: 1.9</cmt>
      </trkpt>
      <trkpt lat="47.359748" lon="8.563474">
        <ele>441</ele>
        <time>2025-05-03T14:43:11Z</time>
        <cmt>speed: 0.0</cmt>
      </trkpt>
      <trkpt lat="47.359974" lon="8.56367">
        <ele>434</ele>
        <time>2025-05-03T14:44:37Z</time>
      </trkpt>
      <trkpt lat="47.359974" lon="8.56367">
        <ele>434</ele>
        <time>2025-05-03T14:59:37Z</time>
      </trkpt>
      <trkpt lat="47.359646" lon="8.564392">
        <ele>421</ele>
        <time>2025-05-03T15:19:47Z</time>
        <cmt>speed: 0.8</cmt>
      </trkpt>
      <trkpt lat="47.359817" lon="8.563425">
        <ele>434</ele>
        <time>2025-05-03T15:29:42Z</time>
        <cmt>speed: 0.0</cmt>
      </trkpt>
      <trkpt lat="47.359168" lon="8.564477">
        <ele>425</ele>
        <time>2025-05-03T15:39:41Z</time>
        <cmt>speed: 0.6</cmt>
      </trkpt>
      <trkpt lat="47.358744" lon="8.566356">
        <ele>442</ele>
        <time>2025-05-03T15:49:42Z</time>
        <cmt>speed: 0.5</cmt>
      </trkpt>
      <trkpt lat="47.358744" lon="8.566356">
        <ele>442</ele>
        <time>2025-05-03T15:59:40Z</time>
      </trkpt>
      <trkpt lat="47.358614" lon="8.566278">
        <ele>425</ele>
        <time>2025-05-03T15:59:41Z</time>
        <cmt>speed: 2.0</cmt>
      </trkpt>
      <trkpt lat="47.358708" lon="8.566225">
        <ele>418</ele>
        <time>2025-05-03T16:09:43Z</time>
        <cmt>speed: 0.1</cmt>
      </trkpt>
      <trkpt lat="47.359974" lon="8.56367">
        <ele>434</ele>
        <time>2025-05-03T16:17:08Z</time>
      </trkpt>
      <trkpt lat="47.359974" lon="8.56367">
        <ele>434</ele>
        <time>2025-05-03T16:32:08Z</time>
      </trkpt>
      <trkpt lat="47.359876" lon="8.563627">
        <ele>423</ele>
        <time>2025-05-03T17:02:22Z</time>
        <cmt>speed: 0.2</cmt>
      </trkpt>
      <trkpt lat="47.359053" lon="8.563195">
        <ele>461</ele>
        <time>2025-05-03T17:12:22Z</time>
        <cmt>speed: 0.2</cmt>
      </trkpt>
      <trkpt lat="47.358591" lon="8.563444">
        <ele>464</ele>
        <time>2025-05-03T17:22:21Z</time>
        <cmt>speed: 0.0</cmt>
      </trkpt>
      <trkpt lat="47.358402" lon="8.563722">
        <ele>445</ele>
        <time>2025-05-03T17:32:23Z</time>
        <cmt>speed: 0.4</cmt>
      </trkpt>
      <trkpt lat="47.358402" lon="8.563722">
        <ele>445</ele>
        <time>2025-05-03T17:42:20Z</time>
      </trkpt>
      <trkpt lat="47.35817" lon="8.563683">
        <ele>466</ele>
        <time>2025-05-03T17:42:22Z</time>
        <cmt>speed: 0.5</cmt>
      </trkpt>
      <trkpt lat="47.35851" lon="8.56367">
        <ele>423</ele>
        <time>2025-05-03T17:52:23Z</time>
        <cmt>speed: 0.2</cmt>
      </trkpt>
      <trkpt lat="47.35851" lon="8.56367">
        <ele>423</ele>
        <time>2025-05-03T18:02:20Z</time>
      </trkpt>
      <trkpt lat="47.358367" lon="8.563996">
        <ele>478</ele>
        <time>2025-05-03T18:02:21Z</time>
        <cmt>speed: 0.8</cmt>
      </trkpt>
      <trkpt lat="47.358506" lon="8.563633">
        <ele>428</ele>
        <time>2025-05-03T18:12:23Z</time>
        <cmt>speed: 0.0</cmt>
      </trkpt>
      <trkpt lat="47.358506" lon="8.563633">
        <ele>428</ele>
        <time>2025-05-03T18:22:19Z</time>
      </trkpt>
      <trkpt lat="47.358461" lon="8.563736">
        <ele>450</ele>
        <time>2025-05-03T18:23:13Z</time>
        <cmt>speed: 0.3</cmt>
      </trkpt>
      <trkpt lat="47.35839" lon="8.563848">
        <ele>442</ele>
        <time>2025-05-03T18:36:41Z</time>
        <cmt>speed: 0.1</cmt>
      </trkpt>
      <trkpt lat="47.35839" lon="8.563848">
        <ele>442</ele>
        <time>2025-05-03T18:46:41Z</time>
      </trkpt>
      <trkpt lat="47.358433" lon="8.56378">
        <ele>455</ele>
        <time>2025-05-03T18:46:42Z</time>
        <cmt>speed: 0.2</cmt>
      </trkpt>
      <trkpt lat="47.358396" lon="8.563853">
        <ele>446</ele>
        <time>2025-05-03T18:56:41Z</time>
        <cmt>speed: 0.2</cmt>
      </trkpt>
      <trkpt lat="47.358424" lon="8.563716">
        <ele>437</ele>
        <time>2025-05-03T19:06:42Z</time>
        <cmt>speed: 0.3</cmt>
      </trkpt>
      <trkpt lat="47.358529" lon="8.563691">
        <ele>447</ele>
        <time>2025-05-03T19:16:43Z</time>
        <cmt>speed: 0.0</cmt>
      </trkpt>
      <trkpt lat="47.358898" lon="8.564345">
        <ele>434</ele>
        <time>2025-05-03T19:26:44Z</time>
        <cmt>speed: 0.2</cmt>
      </trkpt>
      <trkpt lat="47.358524" lon="8.564792">
        <ele>454</ele>
        <time>2025-05-03T19:36:42Z</time>
        <cmt>speed: 1.0</cmt>
      </trkpt>
      <trkpt lat="47.358524" lon="8.564792">
        <ele>454</ele>
        <time>2025-05-03T19:46:40Z</time>
      </trkpt>
      <trkpt lat="47.358558" lon="8.564905">
        <ele>462</ele>
        <time>2025-05-03T19:46:42Z</time>
        <cmt>speed: 0.0</cmt>
      </trkpt>
      <trkpt lat="47.358583" lon="8.564914">
        <ele>438</ele>
        <time>2025-05-03T19:56:43Z</time>
        <cmt>speed: 0.0</cmt>
      </trkpt>
      <trkpt lat="47.358583" lon="8.564914">
        <ele>438</ele>
        <time>2025-05-03T20:06:40Z</time>
      </trkpt>
      <trkpt lat="47.358553" lon="8.564924">
        <ele>417</ele>
        <time>2025-05-03T20:06:42Z</time>
        <cmt>speed: 1.3</cmt>
      </trkpt>
      <trkpt lat="47.358534" lon="8.56476">
        <ele>444</ele>
        <time>2025-05-03T20:16:43Z</time>
        <cmt>speed: 0.3</cmt>
      </trkpt>
      <trkpt lat="47.358534" lon="8.56476">
        <ele>444</ele>
        <time>2025-05-03T20:26:39Z</time>
      </trkpt>
      <trkpt lat="47.358633" lon="8.564844">
        <ele>453</ele>
        <time>2025-05-03T20:26:41Z</time>
        <cmt>speed: 0.9</cmt>
      </trkpt>
      <trkpt lat="47.358812" lon="8.565035">
        <ele>453</ele>
        <time>2025-05-03T20:36:42Z</time>
        <cmt>speed: 0.0</cmt>
      </trkpt>
      <trkpt lat="47.358812" lon="8.565035">
        <ele>453</ele>
        <time>2025-05-03T20:46:43Z</time>
      </trkpt>
      <trkpt lat="47.359014" lon="8.565206">
        <ele>434</ele>
        <time>2025-05-03T20:46:45Z</time>
        <cmt>speed: 0.0</cmt>
      </trkpt>
      <trkpt lat="47.359337" lon="8.562877">
        <ele>438</ele>
        <time>2025-05-03T20:56:45Z</time>
        <cmt>speed: 0.4</cmt>
      </trkpt>
      <trkpt lat="47.359337" lon="8.562877">
        <ele>438</ele>
        <time>2025-05-03T21:06:41Z</time>
      </trkpt>
      <trkpt lat="47.359256" lon="8.562366">
        <ele>418</ele>
        <time>2025-05-03T21:06:43Z</time>
        <cmt>speed: 0.4</cmt>
      </trkpt>
      <trkpt lat="47.359049" lon="8.562878">
        <ele>477</ele>
        <time>2025-05-03T21:17:03Z</time>
        <cmt>speed: 0.5</cmt>
      </trkpt>
      <trkpt lat="47.359049" lon="8.562878">
        <ele>477</ele>
        <time>2025-05-03T21:26:41Z</time>
      </trkpt>
      <trkpt lat="47.359108" lon="8.563042">
        <ele>459</ele>
        <time>2025-05-03T21:26:43Z</time>
        <cmt>speed: 0.3</cmt>
      </trkpt>
      <trkpt lat="47.359692" lon="8.564059">
        <ele>439</ele>
        <time>2025-05-03T21:36:44Z</time>
        <cmt>speed: 0.5</cmt>
      </trkpt>
      <trkpt lat="47.359974" lon="8.56367">
        <ele>434</ele>
        <time>2025-05-03T21:38:20Z</time>
      </trkpt>
      <trkpt lat="47.359974" lon="8.56367">
        <ele>434</ele>
        <time>2025-05-03T21:53:20Z</time>
      </trkpt>
      <trkpt lat="47.359974" lon="8.56367">
        <ele>434</ele>
        <time>2025-05-04T08:06:44Z</time>
      </trkpt>
      <trkpt lat="47.360013" lon="8.563516">
        <ele>393</ele>
        <time>2025-05-04T08:07:18Z</time>
        <cmt>speed: 0.1</cmt>
      </trkpt>
      <trkpt lat="47.359959" lon="8.563643">
        <ele>434</ele>
        <time>2025-05-04T08:11:43Z</time>
      </trkpt>
      <trkpt lat="47.359744" lon="8.563633">
        <ele>408</ele>
        <time>2025-05-04T08:13:37Z</time>
        <cmt>speed: 0.0</cmt>
      </trkpt>
      <trkpt lat="47.359873" lon="8.563573">
        <ele>446</ele>
        <time>2025-05-04T08:23:37Z</time>
        <cmt>speed: 0.0</cmt>
      </trkpt>
      <trkpt lat="47.359959" lon="8.563643">
        <ele>434</ele>
        <time>2025-05-04T08:27:41Z</time>
      </trkpt>
      <trkpt lat="47.359974" lon="8.56367">
        <ele>434</ele>
        <time>2025-05-04T08:31:57Z</time>
      </trkpt>
      <trkpt lat="47.359916" lon="8.56327">
        <ele>440</ele>
        <time>2025-05-04T08:35:30Z</time>
        <cmt>speed: 1.0</cmt>
      </trkpt>
      <trkpt lat="47.359195" lon="8.56047">
        <ele>437</ele>
        <time>2025-05-04T08:45:28Z</time>
        <cmt>speed: 1.2</cmt>
      </trkpt>
      <trkpt lat="47.358175" lon="8.560044">
        <ele>453</ele>
        <time>2025-05-04T08:55:28Z</time>
        <cmt>speed: 0.9</cmt>
      </trkpt>
      <trkpt lat="47.357766" lon="8.560201">
        <ele>409</ele>
        <time>2025-05-04T09:05:28Z</time>
        <cmt>speed: 0.2</cmt>
      </trkpt>
      <trkpt lat="47.358054" lon="8.561842">
        <ele>440</ele>
        <time>2025-05-04T09:15:26Z</time>
        <cmt>speed: 3.4</cmt>
      </trkpt>
      <trkpt lat="47.358398" lon="8.562503">
        <ele>425</ele>
        <time>2025-05-04T09:25:27Z</time>
        <cmt>speed: 1.7</cmt>
      </trkpt>
      <trkpt lat="47.358398" lon="8.562503">
        <ele>425</ele>
        <time>2025-05-04T09:35:23Z</time>
      </trkpt>
      <trkpt lat="47.358504" lon="8.562403">
        <ele>430</ele>
        <time>2025-05-04T09:35:27Z</time>
        <cmt>speed: 0.0</cmt>
      </trkpt>
      <trkpt lat="47.358859" lon="8.562233">
        <ele>454</ele>
        <time>2025-05-04T09:45:30Z</time>
        <cmt>speed: 0.1</cmt>
      </trkpt>
      <trkpt lat="47.358857" lon="8.562184">
        <ele>464</ele>
        <time>2025-05-04T09:55:27Z</time>
        <cmt>speed: 0.3</cmt>
      </trkpt>
      <trkpt lat="47.358893" lon="8.562943">
        <ele>475</ele>
        <time>2025-05-04T10:05:39Z</time>
        <cmt>speed: 0.0</cmt>
      </trkpt>
      <trkpt lat="47.359315" lon="8.562887">
        <ele>436</ele>
        <time>2025-05-04T10:15:28Z</time>
        <cmt>speed: 1.6</cmt>
      </trkpt>
      <trkpt lat="47.359974" lon="8.56367">
        <ele>434</ele>
        <time>2025-05-04T10:25:20Z</time>
      </trkpt>
      <trkpt lat="47.359974" lon="8.56367">
        <ele>434</ele>
        <time>2025-05-04T10:35:20Z</time>
      </trkpt>
      <trkpt lat="47.359974" lon="8.56367">
        <ele>434</ele>
        <time>2025-05-04T10:45:20Z</time>
      </trkpt>
      <trkpt lat="47.359974" lon="8.56367">
        <ele>434</ele>
        <time>2025-05-04T10:55:20Z</time>
      </trkpt>
      <trkpt lat="47.359974" lon="8.56367">
        <ele>434</ele>
        <time>2025-05-04T11:05:20Z</time>
      </trkpt>
      <trkpt lat="47.359974" lon="8.56367">
        <ele>434</ele>
        <time>2025-05-04T11:15:20Z</time>
      </trkpt>
      <trkpt lat="47.359974" lon="8.56367">
        <ele>434</ele>
        <time>2025-05-04T11:25:20Z</time>
      </trkpt>
      <trkpt lat="47.359974" lon="8.56367">
        <ele>434</ele>
        <time>2025-05-04T11:35:20Z</time>
      </trkpt>
      <trkpt lat="47.359974" lon="8.56367">
        <ele>434</ele>
        <time>2025-05-04T11:45:20Z</time>
      </trkpt>
      <trkpt lat="47.359974" lon="8.56367">
        <ele>434</ele>
        <time>2025-05-04T11:55:20Z</time>
      </trkpt>
      <trkpt lat="47.359974" lon="8.56367">
        <ele>434</ele>
        <time>2025-05-04T12:05:20Z</time>
      </trkpt>
      <trkpt lat="47.359974" lon="8.56367">
        <ele>434</ele>
        <time>2025-05-04T12:15:20Z</time>
      </trkpt>
      <trkpt lat="47.359974" lon="8.56367">
        <ele>434</ele>
        <time>2025-05-04T12:25:20Z</time>
      </trkpt>
      <trkpt lat="47.359974" lon="8.56367">
        <ele>434</ele>
        <time>2025-05-04T12:30:57Z</time>
      </trkpt>
      <trkpt lat="47.359974" lon="8.56367">
        <ele>434</ele>
        <time>2025-05-04T12:40:57Z</time>
      </trkpt>
      <trkpt lat="47.359974" lon="8.56367">
        <ele>434</ele>
        <time>2025-05-04T12:50:57Z</time>
      </trkpt>
      <trkpt lat="47.359974" lon="8.56367">
        <ele>434</ele>
        <time>2025-05-04T13:00:57Z</time>
      </trkpt>
      <trkpt lat="47.359974" lon="8.56367">
        <ele>434</ele>
        <time>2025-05-04T13:10:57Z</time>
      </trkpt>
      <trkpt lat="47.359974" lon="8.56367">
        <ele>434</ele>
        <time>2025-05-04T13:20:57Z</time>
      </trkpt>
      <trkpt lat="47.359974" lon="8.56367">
        <ele>434</ele>
        <time>2025-05-04T13:30:57Z</time>
      </trkpt>
      <trkpt lat="47.359974" lon="8.56367">
        <ele>434</ele>
        <time>2025-05-04T13:40:57Z</time>
      </trkpt>
      <trkpt lat="47.359974" lon="8.56367">
        <ele>434</ele>
        <time>2025-05-04T13:50:57Z</time>
      </trkpt>
      <trkpt lat="47.359974" lon="8.56367">
        <ele>434</ele>
        <time>2025-05-04T14:00:57Z</time>
      </trkpt>
      <trkpt lat="47.359974" lon="8.56367">
        <ele>434</ele>
        <time>2025-05-04T14:10:57Z</time>
      </trkpt>
      <trkpt lat="47.359974" lon="8.56367">
        <ele>434</ele>
        <time>2025-05-04T14:20:57Z</time>
      </trkpt>
      <trkpt lat="47.359974" lon="8.56367">
        <ele>434</ele>
        <time>2025-05-04T14:30:57Z</time>
      </trkpt>
      <trkpt lat="47.359974" lon="8.56367">
        <ele>434</ele>
        <time>2025-05-04T14:40:57Z</time>
      </trkpt>
      <trkpt lat="47.359974" lon="8.56367">
        <ele>434</ele>
        <time>2025-05-04T14:50:57Z</time>
      </trkpt>
      <trkpt lat="47.359974" lon="8.56367">
        <ele>434</ele>
        <time>2025-05-04T15:00:57Z</time>
      </trkpt>
      <trkpt lat="47.359974" lon="8.56367">
        <ele>434</ele>
        <time>2025-05-04T15:10:57Z</time>
      </trkpt>
      <trkpt lat="47.359974" lon="8.56367">
        <ele>434</ele>
        <time>2025-05-04T15:20:57Z</time>
      </trkpt>
      <trkpt lat="47.359974" lon="8.56367">
        <ele>434</ele>
        <time>2025-05-04T15:29:47Z</time>
      </trkpt>
      <trkpt lat="47.359974" lon="8.56367">
        <ele>434</ele>
        <time>2025-05-04T15:44:44Z</time>
      </trkpt>
      <trkpt lat="47.359974" lon="8.56367">
        <ele>434</ele>
        <time>2025-05-05T03:44:44Z</time>
      </trkpt>
      <trkpt lat="47.359974" lon="8.56367">
        <ele>434</ele>
        <time>2025-05-05T15:45:00Z</time>
      </trkpt>
      <trkpt lat="47.359974" lon="8.56367">
        <ele>434</ele>
        <time>2025-05-06T03:45:22Z</time>
      </trkpt>
      <trkpt lat="47.359974" lon="8.56367">
        <ele>434</ele>
        <time>2025-05-06T15:45:38Z</time>
      </trkpt>
      <trkpt lat="47.359974" lon="8.56367">
        <ele>434</ele>
        <time>2025-05-07T03:46:08Z</time>
      </trkpt>
      <trkpt lat="47.359974" lon="8.56367">
        <ele>434</ele>
        <time>2025-05-07T15:46:24Z</time>
      </trkpt>
      <trkpt lat="47.359974" lon="8.56367">
        <ele>434</ele>
        <time>2025-05-08T03:46:40Z</time>
      </trkpt>
      <trkpt lat="47.360291" lon="8.562322">
        <ele>410</ele>
        <time>2025-05-08T05:09:12Z</time>
        <cmt>speed: 0.7</cmt>
      </trkpt>
      <trkpt lat="47.359937" lon="8.561548">
        <ele>432</ele>
        <time>2025-05-08T05:19:09Z</time>
        <cmt>speed: 1.3</cmt>
      </trkpt>
      <trkpt lat="47.359368" lon="8.561214">
        <ele>425</ele>
        <time>2025-05-08T05:29:01Z</time>
        <cmt>speed: 0.3</cmt>
      </trkpt>
      <trkpt lat="47.35933" lon="8.559357">
        <ele>429</ele>
        <time>2025-05-08T05:39:07Z</time>
        <cmt>speed: 0.5</cmt>
      </trkpt>
      <trkpt lat="47.35933" lon="8.559357">
        <ele>429</ele>
        <time>2025-05-08T05:49:02Z</time>
      </trkpt>
      <trkpt lat="47.35942" lon="8.559887">
        <ele>453</ele>
        <time>2025-05-08T05:49:05Z</time>
        <cmt>speed: 0.2</cmt>
      </trkpt>
      <trkpt lat="47.358965" lon="8.560991">
        <ele>457</ele>
        <time>2025-05-08T05:59:03Z</time>
        <cmt>speed: 0.1</cmt>
      </trkpt>
      <trkpt lat="47.35914" lon="8.561835">
        <ele>437</ele>
        <time>2025-05-08T06:09:03Z</time>
        <cmt>speed: 1.9</cmt>
      </trkpt>
      <trkpt lat="47.358633" lon="8.563808">
        <ele>463</ele>
        <time>2025-05-08T06:19:00Z</time>
        <cmt>speed: 0.5</cmt>
      </trkpt>
      <trkpt lat="47.358765" lon="8.564774">
        <ele>446</ele>
        <time>2025-05-08T06:29:00Z</time>
        <cmt>speed: 0.4</cmt>
      </trkpt>
      <trkpt lat="47.358664" lon="8.564181">
        <ele>454</ele>
        <time>2025-05-08T06:39:00Z</time>
        <cmt>speed: 0.1</cmt>
      </trkpt>
      <trkpt lat="47.358552" lon="8.56497">
        <ele>463</ele>
        <time>2025-05-08T06:49:05Z</time>
        <cmt>speed: 0.9</cmt>
      </trkpt>
      <trkpt lat="47.358493" lon="8.564605">
        <ele>456</ele>
        <time>2025-05-08T06:58:59Z</time>
        <cmt>speed: 0.7</cmt>
      </trkpt>
      <trkpt lat="47.358493" lon="8.564605">
        <ele>456</ele>
        <time>2025-05-08T07:08:57Z</time>
      </trkpt>
      <trkpt lat="47.358579" lon="8.564609">
        <ele>466</ele>
        <time>2025-05-08T07:08:59Z</time>
        <cmt>speed: 4.4</cmt>
      </trkpt>
      <trkpt lat="47.358536" lon="8.564656">
        <ele>442</ele>
        <time>2025-05-08T07:19:45Z</time>
        <cmt>speed: 0.0</cmt>
      </trkpt>
      <trkpt lat="47.358536" lon="8.564656">
        <ele>442</ele>
        <time>2025-05-08T07:29:41Z</time>
      </trkpt>
      <trkpt lat="47.358549" lon="8.56467">
        <ele>450</ele>
        <time>2025-05-08T07:29:45Z</time>
        <cmt>speed: 0.1</cmt>
      </trkpt>
      <trkpt lat="47.358464" lon="8.564651">
        <ele>439</ele>
        <time>2025-05-08T07:39:47Z</time>
        <cmt>speed: 0.0</cmt>
      </trkpt>
      <trkpt lat="47.358469" lon="8.564743">
        <ele>456</ele>
        <time>2025-05-08T07:49:45Z</time>
        <cmt>speed: 0.9</cmt>
      </trkpt>
      <trkpt lat="47.358361" lon="8.565091">
        <ele>475</ele>
        <time>2025-05-08T07:59:43Z</time>
        <cmt>speed: 1.0</cmt>
      </trkpt>
      <trkpt lat="47.358361" lon="8.565091">
        <ele>475</ele>
        <time>2025-05-08T08:09:40Z</time>
      </trkpt>
      <trkpt lat="47.358268" lon="8.5646">
        <ele>458</ele>
        <time>2025-05-08T08:09:44Z</time>
        <cmt>speed: 2.0</cmt>
      </trkpt>
      <trkpt lat="47.3583" lon="8.564478">
        <ele>470</ele>
        <time>2025-05-08T08:19:45Z</time>
        <cmt>speed: 0.0</cmt>
      </trkpt>
      <trkpt lat="47.3583" lon="8.564478">
        <ele>470</ele>
        <time>2025-05-08T08:29:40Z</time>
      </trkpt>
      <trkpt lat="47.358262" lon="8.564579">
        <ele>470</ele>
        <time>2025-05-08T08:29:44Z</time>
        <cmt>speed: 0.8</cmt>
      </trkpt>
      <trkpt lat="47.358109" lon="8.564581">
        <ele>454</ele>
        <time>2025-05-08T08:39:44Z</time>
        <cmt>speed: 0.6</cmt>
      </trkpt>
      <trkpt lat="47.358109" lon="8.564581">
        <ele>454</ele>
        <time>2025-05-08T08:49:39Z</time>
      </trkpt>
      <trkpt lat="47.358045" lon="8.56451">
        <ele>446</ele>
        <time>2025-05-08T08:49:44Z</time>
        <cmt>speed: 0.6</cmt>
      </trkpt>
      <trkpt lat="47.35826" lon="8.564877">
        <ele>460</ele>
        <time>2025-05-08T08:59:44Z</time>
        <cmt>speed: 0.6</cmt>
      </trkpt>
      <trkpt lat="47.358709" lon="8.564465">
        <ele>447</ele>
        <time>2025-05-08T09:09:46Z</time>
        <cmt>speed: 1.0</cmt>
      </trkpt>
      <trkpt lat="47.358344" lon="8.564883">
        <ele>462</ele>
        <time>2025-05-08T09:19:43Z</time>
        <cmt>speed: 0.1</cmt>
      </trkpt>
      <trkpt lat="47.358344" lon="8.564883">
        <ele>462</ele>
        <time>2025-05-08T09:29:38Z</time>
      </trkpt>
      <trkpt lat="47.358333" lon="8.565654">
        <ele>442</ele>
        <time>2025-05-08T09:29:43Z</time>
        <cmt>speed: 0.6</cmt>
      </trkpt>
      <trkpt lat="47.358352" lon="8.565426">
        <ele>451</ele>
        <time>2025-05-08T09:39:45Z</time>
        <cmt>speed: 0.1</cmt>
      </trkpt>
      <trkpt lat="47.358352" lon="8.565426">
        <ele>451</ele>
        <time>2025-05-08T09:49:41Z</time>
      </trkpt>
      <trkpt lat="47.358495" lon="8.564931">
        <ele>460</ele>
        <time>2025-05-08T09:49:46Z</time>
        <cmt>speed: 0.2</cmt>
      </trkpt>
      <trkpt lat="47.358423" lon="8.564944">
        <ele>471</ele>
        <time>2025-05-08T09:59:48Z</time>
        <cmt>speed: 0.0</cmt>
      </trkpt>
      <trkpt lat="47.358259" lon="8.56471">
        <ele>449</ele>
        <time>2025-05-08T10:09:45Z</time>
        <cmt>speed: 0.3</cmt>
      </trkpt>
      <trkpt lat="47.358424" lon="8.564544">
        <ele>465</ele>
        <time>2025-05-08T10:19:44Z</time>
        <cmt>speed: 0.7</cmt>
      </trkpt>
      <trkpt lat="47.358476" lon="8.564061">
        <ele>495</ele>
        <time>2025-05-08T10:29:45Z</time>
        <cmt>speed: 0.3</cmt>
      </trkpt>
      <trkpt lat="47.358654" lon="8.56415">
        <ele>437</ele>
        <time>2025-05-08T10:39:47Z</time>
        <cmt>speed: 0.1</cmt>
      </trkpt>
      <trkpt lat="47.358654" lon="8.56415">
        <ele>437</ele>
        <time>2025-05-08T10:49:43Z</time>
      </trkpt>
      <trkpt lat="47.358709" lon="8.564126">
        <ele>420</ele>
        <time>2025-05-08T10:49:48Z</time>
        <cmt>speed: 0.0</cmt>
      </trkpt>
      <trkpt lat="47.358531" lon="8.56382">
        <ele>486</ele>
        <time>2025-05-08T11:00:25Z</time>
        <cmt>speed: 0.1</cmt>
      </trkpt>
      <trkpt lat="47.358531" lon="8.56382">
        <ele>486</ele>
        <time>2025-05-08T11:10:14Z</time>
      </trkpt>
      <trkpt lat="47.358556" lon="8.563976">
        <ele>453</ele>
        <time>2025-05-08T11:10:19Z</time>
        <cmt>speed: 1.6</cmt>
      </trkpt>
      <trkpt lat="47.35869" lon="8.564127">
        <ele>451</ele>
        <time>2025-05-08T11:19:46Z</time>
        <cmt>speed: 0.1</cmt>
      </trkpt>
      <trkpt lat="47.35869" lon="8.564127">
        <ele>451</ele>
        <time>2025-05-08T11:52:30Z</time>
      </trkpt>
      <trkpt lat="47.358566" lon="8.564093">
        <ele>472</ele>
        <time>2025-05-08T11:52:35Z</time>
        <cmt>speed: 0.5</cmt>
      </trkpt>
      <trkpt lat="47.35862" lon="8.564137">
        <ele>447</ele>
        <time>2025-05-08T12:02:37Z</time>
        <cmt>speed: 0.3</cmt>
      </trkpt>
      <trkpt lat="47.35862" lon="8.564137">
        <ele>447</ele>
        <time>2025-05-08T12:12:32Z</time>
      </trkpt>
      <trkpt lat="47.358673" lon="8.564147">
        <ele>455</ele>
        <time>2025-05-08T12:12:37Z</time>
        <cmt>speed: 0.1</cmt>
      </trkpt>
      <trkpt lat="47.358784" lon="8.564006">
        <ele>436</ele>
        <time>2025-05-08T12:22:29Z</time>
        <cmt>speed: 0.7</cmt>
      </trkpt>
      <trkpt lat="47.358784" lon="8.564006">
        <ele>436</ele>
        <time>2025-05-08T12:32:26Z</time>
      </trkpt>
      <trkpt lat="47.358746" lon="8.56411">
        <ele>420</ele>
        <time>2025-05-08T12:32:31Z</time>
        <cmt>speed: 0.0</cmt>
      </trkpt>
      <trkpt lat="47.358229" lon="8.564215">
        <ele>485</ele>
        <time>2025-05-08T12:42:36Z</time>
        <cmt>speed: 0.3</cmt>
      </trkpt>
      <trkpt lat="47.358602" lon="8.564034">
        <ele>436</ele>
        <time>2025-05-08T13:06:31Z</time>
        <cmt>speed: 0.7</cmt>
      </trkpt>
      <trkpt lat="47.358602" lon="8.564034">
        <ele>436</ele>
        <time>2025-05-08T13:15:56Z</time>
      </trkpt>
      <trkpt lat="47.358675" lon="8.564144">
        <ele>453</ele>
        <time>2025-05-08T13:16:02Z</time>
        <cmt>speed: 0.4</cmt>
      </trkpt>
      <trkpt lat="47.358653" lon="8.564063">
        <ele>453</ele>
        <time>2025-05-08T13:26:03Z</time>
        <cmt>speed: 0.0</cmt>
      </trkpt>
      <trkpt lat="47.358653" lon="8.564063">
        <ele>453</ele>
        <time>2025-05-08T13:28:57Z</time>
      </trkpt>
      <trkpt lat="47.358594" lon="8.56419">
        <ele>456</ele>
        <time>2025-05-08T13:36:04Z</time>
        <cmt>speed: 0.1</cmt>
      </trkpt>
      <trkpt lat="47.35855" lon="8.564201">
        <ele>430</ele>
        <time>2025-05-08T13:46:02Z</time>
        <cmt>speed: 0.2</cmt>
      </trkpt>
      <trkpt lat="47.358751" lon="8.563842">
        <ele>447</ele>
        <time>2025-05-08T13:56:02Z</time>
        <cmt>speed: 0.2</cmt>
      </trkpt>
      <trkpt lat="47.358759" lon="8.563149">
        <ele>429</ele>
        <time>2025-05-08T14:06:01Z</time>
        <cmt>speed: 0.3</cmt>
      </trkpt>
      <trkpt lat="47.358983" lon="8.562069">
        <ele>449</ele>
        <time>2025-05-08T14:16:04Z</time>
        <cmt>speed: 1.1</cmt>
      </trkpt>
      <trkpt lat="47.360233" lon="8.562017">
        <ele>417</ele>
        <time>2025-05-08T14:26:01Z</time>
        <cmt>speed: 0.2</cmt>
      </trkpt>
      <trkpt lat="47.359557" lon="8.564026">
        <ele>444</ele>
        <time>2025-05-08T14:36:02Z</time>
        <cmt>speed: 0.4</cmt>
      </trkpt>
      <trkpt lat="47.358694" lon="8.564789">
        <ele>459</ele>
        <time>2025-05-08T14:46:03Z</time>
        <cmt>speed: 0.7</cmt>
      </trkpt>
      <trkpt lat="47.357534" lon="8.564974">
        <ele>391</ele>
        <time>2025-05-08T14:56:00Z</time>
        <cmt>speed: 2.4</cmt>
      </trkpt>
      <trkpt lat="47.357695" lon="8.565105">
        <ele>453</ele>
        <time>2025-05-08T15:06:00Z</time>
        <cmt>speed: 0.5</cmt>
      </trkpt>
      <trkpt lat="47.357484" lon="8.565134">
        <ele>467</ele>
        <time>2025-05-08T15:16:02Z</time>
        <cmt>speed: 0.2</cmt>
      </trkpt>
      <trkpt lat="47.357606" lon="8.565201">
        <ele>446</ele>
        <time>2025-05-08T15:26:02Z</time>
        <cmt>speed: 0.5</cmt>
      </trkpt>
      <trkpt lat="47.357606" lon="8.565201">
        <ele>446</ele>
        <time>2025-05-08T15:35:56Z</time>
      </trkpt>
      <trkpt lat="47.357578" lon="8.565234">
        <ele>463</ele>
        <time>2025-05-08T15:36:02Z</time>
        <cmt>speed: 0.2</cmt>
      </trkpt>
      <trkpt lat="47.358033" lon="8.564751">
        <ele>420</ele>
        <time>2025-05-08T15:46:00Z</time>
        <cmt>speed: 0.7</cmt>
      </trkpt>
      <trkpt lat="47.357652" lon="8.565814">
        <ele>461</ele>
        <time>2025-05-08T15:56:01Z</time>
        <cmt>speed: 0.2</cmt>
      </trkpt>
      <trkpt lat="47.357715" lon="8.56543">
        <ele>453</ele>
        <time>2025-05-08T16:06:00Z</time>
        <cmt>speed: 0.5</cmt>
      </trkpt>
      <trkpt lat="47.357724" lon="8.565258">
        <ele>448</ele>
        <time>2025-05-08T16:16:00Z</time>
        <cmt>speed: 0.5</cmt>
      </trkpt>
      <trkpt lat="47.357456" lon="8.564977">
        <ele>453</ele>
        <time>2025-05-08T16:26:00Z</time>
        <cmt>speed: 0.4</cmt>
      </trkpt>
      <trkpt lat="47.357585" lon="8.565269">
        <ele>462</ele>
        <time>2025-05-08T16:36:00Z</time>
        <cmt>speed: 1.4</cmt>
      </trkpt>
      <trkpt lat="47.357958" lon="8.563501">
        <ele>480</ele>
        <time>2025-05-08T16:46:01Z</time>
        <cmt>speed: 0.6</cmt>
      </trkpt>
      <trkpt lat="47.35827" lon="8.561308">
        <ele>418</ele>
        <time>2025-05-08T16:56:01Z</time>
        <cmt>speed: 0.7</cmt>
      </trkpt>
      <trkpt lat="47.358353" lon="8.561077">
        <ele>434</ele>
        <time>2025-05-08T17:06:01Z</time>
        <cmt>speed: 0.5</cmt>
      </trkpt>
      <trkpt lat="47.3586" lon="8.561017">
        <ele>428</ele>
        <time>2025-05-08T17:16:01Z</time>
        <cmt>speed: 0.6</cmt>
      </trkpt>
      <trkpt lat="47.358542" lon="8.561195">
        <ele>424</ele>
        <time>2025-05-08T17:26:01Z</time>
        <cmt>speed: 0.9</cmt>
      </trkpt>
      <trkpt lat="47.359137" lon="8.560059">
        <ele>432</ele>
        <time>2025-05-08T17:36:02Z</time>
        <cmt>speed: 1.2</cmt>
      </trkpt>
      <trkpt lat="47.360226" lon="8.56332">
        <ele>419</ele>
        <time>2025-05-08T17:46:01Z</time>
        <cmt>speed: 0.9</cmt>
      </trkpt>
      <trkpt lat="47.359974" lon="8.56367">
        <ele>434</ele>
        <time>2025-05-08T17:47:48Z</time>
      </trkpt>
      <trkpt lat="47.359974" lon="8.56367">
        <ele>434</ele>
        <time>2025-05-08T18:02:48Z</time>
      </trkpt>
      <trkpt lat="47.359647" lon="8.563994">
        <ele>419</ele>
        <time>2025-05-08T18:21:59Z</time>
        <cmt>speed: 0.2</cmt>
      </trkpt>
      <trkpt lat="47.359013" lon="8.562153">
        <ele>446</ele>
        <time>2025-05-08T18:31:57Z</time>
        <cmt>speed: 1.6</cmt>
      </trkpt>
      <trkpt lat="47.358013" lon="8.563371">
        <ele>499</ele>
        <time>2025-05-08T18:41:59Z</time>
        <cmt>speed: 1.3</cmt>
      </trkpt>
      <trkpt lat="47.358491" lon="8.563564">
        <ele>455</ele>
        <time>2025-05-08T18:51:59Z</time>
        <cmt>speed: 1.5</cmt>
      </trkpt>
      <trkpt lat="47.358631" lon="8.563154">
        <ele>449</ele>
        <time>2025-05-08T19:01:56Z</time>
        <cmt>speed: 0.3</cmt>
      </trkpt>
      <trkpt lat="47.358527" lon="8.563152">
        <ele>446</ele>
        <time>2025-05-08T19:11:57Z</time>
        <cmt>speed: 0.8</cmt>
      </trkpt>
      <trkpt lat="47.358527" lon="8.563152">
        <ele>446</ele>
        <time>2025-05-08T19:21:53Z</time>
      </trkpt>
      <trkpt lat="47.358769" lon="8.563081">
        <ele>433</ele>
        <time>2025-05-08T19:21:57Z</time>
        <cmt>speed: 0.0</cmt>
      </trkpt>
      <trkpt lat="47.358813" lon="8.563037">
        <ele>430</ele>
        <time>2025-05-08T19:31:58Z</time>
        <cmt>speed: 3.3</cmt>
      </trkpt>
      <trkpt lat="47.358813" lon="8.563037">
        <ele>430</ele>
        <time>2025-05-08T19:41:53Z</time>
      </trkpt>
      <trkpt lat="47.358708" lon="8.563013">
        <ele>444</ele>
        <time>2025-05-08T19:41:59Z</time>
        <cmt>speed: 0.2</cmt>
      </trkpt>
      <trkpt lat="47.358694" lon="8.562937">
        <ele>435</ele>
        <time>2025-05-08T19:51:57Z</time>
        <cmt>speed: 0.5</cmt>
      </trkpt>
      <trkpt lat="47.358694" lon="8.562937">
        <ele>435</ele>
        <time>2025-05-08T20:01:53Z</time>
      </trkpt>
      <trkpt lat="47.358674" lon="8.56271">
        <ele>447</ele>
        <time>2025-05-08T20:01:56Z</time>
        <cmt>speed: 1.3</cmt>
      </trkpt>
      <trkpt lat="47.358748" lon="8.562923">
        <ele>449</ele>
        <time>2025-05-08T20:11:59Z</time>
        <cmt>speed: 0.0</cmt>
      </trkpt>
      <trkpt lat="47.359297" lon="8.562545">
        <ele>457</ele>
        <time>2025-05-08T20:21:59Z</time>
        <cmt>speed: 0.0</cmt>
      </trkpt>
      <trkpt lat="47.36009" lon="8.56153">
        <ele>452</ele>
        <time>2025-05-08T20:31:59Z</time>
        <cmt>speed: 0.7</cmt>
      </trkpt>
      <trkpt lat="47.359765" lon="8.559654">
        <ele>461</ele>
        <time>2025-05-08T20:41:59Z</time>
        <cmt>speed: 1.2</cmt>
      </trkpt>
      <trkpt lat="47.360015" lon="8.559027">
        <ele>411</ele>
        <time>2025-05-08T20:52:46Z</time>
        <cmt>speed: 0.6</cmt>
      </trkpt>
      <trkpt lat="47.360293" lon="8.559647">
        <ele>475</ele>
        <time>2025-05-08T21:02:01Z</time>
        <cmt>speed: 1.1</cmt>
      </trkpt>
      <trkpt lat="47.359721" lon="8.561068">
        <ele>453</ele>
        <time>2025-05-08T21:11:59Z</time>
        <cmt>speed: 3.0</cmt>
      </trkpt>
      <trkpt lat="47.359458" lon="8.563358">
        <ele>428</ele>
        <time>2025-05-08T21:22:00Z</time>
        <cmt>speed: 0.6</cmt>
      </trkpt>
      <trkpt lat="47.359368" lon="8.563762">
        <ele>407</ele>
        <time>2025-05-08T21:32:07Z</time>
        <cmt>speed: 0.2</cmt>
      </trkpt>
      <trkpt lat="47.359368" lon="8.563762">
        <ele>407</ele>
        <time>2025-05-08T21:41:59Z</time>
      </trkpt>
      <trkpt lat="47.359275" lon="8.563825">
        <ele>442</ele>
        <time>2025-05-08T21:42:06Z</time>
        <cmt>speed: 0.0</cmt>
      </trkpt>
      <trkpt lat="47.359717" lon="8.564033">
        <ele>474</ele>
        <time>2025-05-08T21:52:07Z</time>
        <cmt>speed: 3.3</cmt>
      </trkpt>
      <trkpt lat="47.359456" lon="8.563833">
        <ele>440</ele>
        <time>2025-05-08T22:02:10Z</time>
        <cmt>speed: 0.1</cmt>
      </trkpt>
      <trkpt lat="47.35949" lon="8.563795">
        <ele>438</ele>
        <time>2025-05-08T22:12:19Z</time>
        <cmt>speed: 1.0</cmt>
      </trkpt>
      <trkpt lat="47.35949" lon="8.563795">
        <ele>438</ele>
        <time>2025-05-08T22:21:58Z</time>
      </trkpt>
      <trkpt lat="47.359487" lon="8.563886">
        <ele>439</ele>
        <time>2025-05-08T22:22:05Z</time>
        <cmt>speed: 0.2</cmt>
      </trkpt>
      <trkpt lat="47.359491" lon="8.563841">
        <ele>418</ele>
        <time>2025-05-08T22:32:06Z</time>
        <cmt>speed: 0.2</cmt>
      </trkpt>
      <trkpt lat="47.359491" lon="8.563841">
        <ele>418</ele>
        <time>2025-05-08T22:42:00Z</time>
      </trkpt>
      <trkpt lat="47.359537" lon="8.563652">
        <ele>379</ele>
        <time>2025-05-08T22:42:07Z</time>
        <cmt>speed: 0.2</cmt>
      </trkpt>
      <trkpt lat="47.359783" lon="8.56412">
        <ele>432</ele>
        <time>2025-05-08T22:51:57Z</time>
        <cmt>speed: 0.4</cmt>
      </trkpt>
      <trkpt lat="47.359818" lon="8.563201">
        <ele>400</ele>
        <time>2025-05-08T23:02:02Z</time>
        <cmt>speed: 0.4</cmt>
      </trkpt>
      <trkpt lat="47.358922" lon="8.564638">
        <ele>503</ele>
        <time>2025-05-08T23:11:58Z</time>
        <cmt>speed: 0.2</cmt>
      </trkpt>
      <trkpt lat="47.358922" lon="8.564638">
        <ele>503</ele>
        <time>2025-05-08T23:21:52Z</time>
      </trkpt>
      <trkpt lat="47.359745" lon="8.564553">
        <ele>456</ele>
        <time>2025-05-08T23:21:58Z</time>
        <cmt>speed: 0.4</cmt>
      </trkpt>
      <trkpt lat="47.35847" lon="8.565265">
        <ele>473</ele>
        <time>2025-05-08T23:31:58Z</time>
        <cmt>speed: 0.1</cmt>
      </trkpt>
      <trkpt lat="47.358499" lon="8.564924">
        <ele>438</ele>
        <time>2025-05-08T23:41:59Z</time>
        <cmt>speed: 0.3</cmt>
      </trkpt>
      <trkpt lat="47.358689" lon="8.565326">
        <ele>429</ele>
        <time>2025-05-08T23:51:59Z</time>
        <cmt>speed: 0.8</cmt>
      </trkpt>
      <trkpt lat="47.358785" lon="8.564733">
        <ele>448</ele>
        <time>2025-05-09T00:01:58Z</time>
        <cmt>speed: 0.7</cmt>
      </trkpt>
      <trkpt lat="47.359833" lon="8.561975">
        <ele>451</ele>
        <time>2025-05-09T00:11:57Z</time>
        <cmt>speed: 1.5</cmt>
      </trkpt>
      <trkpt lat="47.359171" lon="8.56146">
        <ele>367</ele>
        <time>2025-05-09T00:21:59Z</time>
        <cmt>speed: 0.8</cmt>
      </trkpt>
      <trkpt lat="47.359865" lon="8.561774">
        <ele>447</ele>
        <time>2025-05-09T00:31:58Z</time>
        <cmt>speed: 0.7</cmt>
      </trkpt>
      <trkpt lat="47.360047" lon="8.562986">
        <ele>434</ele>
        <time>2025-05-09T00:41:57Z</time>
        <cmt>speed: 1.9</cmt>
      </trkpt>
      <trkpt lat="47.359959" lon="8.563643">
        <ele>434</ele>
        <time>2025-05-09T00:45:03Z</time>
      </trkpt>
      <trkpt lat="47.359959" lon="8.563643">
        <ele>434</ele>
        <time>2025-05-09T01:00:01Z</time>
      </trkpt>
      <trkpt lat="47.359959" lon="8.563643">
        <ele>434</ele>
        <time>2025-05-09T01:00:03Z</time>
      </trkpt>
      <trkpt lat="47.359959" lon="8.563643">
        <ele>434</ele>
        <time>2025-05-09T10:34:23Z</time>
      </trkpt>
      <trkpt lat="47.359353" lon="8.560837">
        <ele>405</ele>
        <time>2025-05-09T10:44:43Z</time>
        <cmt>speed: 0.7</cmt>
      </trkpt>
      <trkpt lat="47.35844" lon="8.561095">
        <ele>423</ele>
        <time>2025-05-09T10:54:40Z</time>
        <cmt>speed: 0.9</cmt>
      </trkpt>
      <trkpt lat="47.358538" lon="8.561233">
        <ele>425</ele>
        <time>2025-05-09T11:04:34Z</time>
        <cmt>speed: 0.2</cmt>
      </trkpt>
      <trkpt lat="47.358538" lon="8.561233">
        <ele>425</ele>
        <time>2025-05-09T11:14:32Z</time>
      </trkpt>
      <trkpt lat="47.358241" lon="8.560976">
        <ele>431</ele>
        <time>2025-05-09T11:14:41Z</time>
        <cmt>speed: 0.0</cmt>
      </trkpt>
      <trkpt lat="47.357473" lon="8.562175">
        <ele>502</ele>
        <time>2025-05-09T11:24:45Z</time>
        <cmt>speed: 0.2</cmt>
      </trkpt>
      <trkpt lat="47.357413" lon="8.562427">
        <ele>433</ele>
        <time>2025-05-09T11:34:38Z</time>
        <cmt>speed: 1.1</cmt>
      </trkpt>
      <trkpt lat="47.357471" lon="8.562492">
        <ele>441</ele>
        <time>2025-05-09T11:44:36Z</time>
        <cmt>speed: 0.0</cmt>
      </trkpt>
      <trkpt lat="47.35733" lon="8.563503">
        <ele>446</ele>
        <time>2025-05-09T12:04:42Z</time>
        <cmt>speed: 0.2</cmt>
      </trkpt>
      <trkpt lat="47.35733" lon="8.563503">
        <ele>446</ele>
        <time>2025-05-09T12:14:31Z</time>
      </trkpt>
      <trkpt lat="47.357396" lon="8.563366">
        <ele>451</ele>
        <time>2025-05-09T12:14:40Z</time>
        <cmt>speed: 0.3</cmt>
      </trkpt>
      <trkpt lat="47.357317" lon="8.563563">
        <ele>444</ele>
        <time>2025-05-09T12:24:38Z</time>
        <cmt>speed: 0.1</cmt>
      </trkpt>
      <trkpt lat="47.357312" lon="8.563617">
        <ele>441</ele>
        <time>2025-05-09T12:34:34Z</time>
        <cmt>speed: 0.0</cmt>
      </trkpt>
      <trkpt lat="47.357166" lon="8.563632">
        <ele>439</ele>
        <time>2025-05-09T12:44:37Z</time>
        <cmt>speed: 0.2</cmt>
      </trkpt>
      <trkpt lat="47.357166" lon="8.563632">
        <ele>439</ele>
        <time>2025-05-09T12:54:31Z</time>
      </trkpt>
      <trkpt lat="47.357374" lon="8.56361">
        <ele>442</ele>
        <time>2025-05-09T12:55:11Z</time>
        <cmt>speed: 0.2</cmt>
      </trkpt>
      <trkpt lat="47.357396" lon="8.563586">
        <ele>433</ele>
        <time>2025-05-09T13:05:10Z</time>
        <cmt>speed: 0.1</cmt>
      </trkpt>
      <trkpt lat="47.357396" lon="8.563586">
        <ele>433</ele>
        <time>2025-05-09T13:15:01Z</time>
      </trkpt>
      <trkpt lat="47.357452" lon="8.563511">
        <ele>426</ele>
        <time>2025-05-09T13:15:10Z</time>
        <cmt>speed: 0.2</cmt>
      </trkpt>
      <trkpt lat="47.357254" lon="8.563626">
        <ele>426</ele>
        <time>2025-05-09T13:25:10Z</time>
        <cmt>speed: 0.6</cmt>
      </trkpt>
      <trkpt lat="47.357254" lon="8.563626">
        <ele>426</ele>
        <time>2025-05-09T13:35:00Z</time>
      </trkpt>
      <trkpt lat="47.35731" lon="8.563653">
        <ele>460</ele>
        <time>2025-05-09T13:35:09Z</time>
        <cmt>speed: 0.5</cmt>
      </trkpt>
      <trkpt lat="47.35733" lon="8.563588">
        <ele>474</ele>
        <time>2025-05-09T13:45:09Z</time>
        <cmt>speed: 0.0</cmt>
      </trkpt>
      <trkpt lat="47.35733" lon="8.563588">
        <ele>474</ele>
        <time>2025-05-09T13:55:02Z</time>
      </trkpt>
      <trkpt lat="47.357474" lon="8.563782">
        <ele>457</ele>
        <time>2025-05-09T13:55:11Z</time>
        <cmt>speed: 0.2</cmt>
      </trkpt>
      <trkpt lat="47.35737" lon="8.5636">
        <ele>454</ele>
        <time>2025-05-09T14:05:10Z</time>
        <cmt>speed: 0.1</cmt>
      </trkpt>
      <trkpt lat="47.35737" lon="8.5636">
        <ele>454</ele>
        <time>2025-05-09T14:15:01Z</time>
      </trkpt>
      <trkpt lat="47.35736" lon="8.563756">
        <ele>449</ele>
        <time>2025-05-09T14:15:10Z</time>
        <cmt>speed: 0.3</cmt>
      </trkpt>
      <trkpt lat="47.357328" lon="8.56367">
        <ele>463</ele>
        <time>2025-05-09T14:25:10Z</time>
        <cmt>speed: 0.5</cmt>
      </trkpt>
      <trkpt lat="47.357168" lon="8.563788">
        <ele>419</ele>
        <time>2025-05-09T14:35:09Z</time>
        <cmt>speed: 0.0</cmt>
      </trkpt>
      <trkpt lat="47.357372" lon="8.563663">
        <ele>431</ele>
        <time>2025-05-09T14:45:10Z</time>
        <cmt>speed: 0.6</cmt>
      </trkpt>
      <trkpt lat="47.358048" lon="8.561964">
        <ele>423</ele>
        <time>2025-05-09T14:55:12Z</time>
        <cmt>speed: 0.2</cmt>
      </trkpt>
      <trkpt lat="47.358015" lon="8.561891">
        <ele>418</ele>
        <time>2025-05-09T15:05:13Z</time>
        <cmt>speed: 2.8</cmt>
      </trkpt>
      <trkpt lat="47.358066" lon="8.561699">
        <ele>458</ele>
        <time>2025-05-09T15:15:11Z</time>
        <cmt>speed: 0.3</cmt>
      </trkpt>
      <trkpt lat="47.357377" lon="8.562947">
        <ele>430</ele>
        <time>2025-05-09T15:25:12Z</time>
        <cmt>speed: 0.0</cmt>
      </trkpt>
      <trkpt lat="47.357379" lon="8.563733">
        <ele>454</ele>
        <time>2025-05-09T15:35:11Z</time>
        <cmt>speed: 0.1</cmt>
      </trkpt>
      <trkpt lat="47.357451" lon="8.56379">
        <ele>461</ele>
        <time>2025-05-09T15:45:11Z</time>
        <cmt>speed: 0.3</cmt>
      </trkpt>
      <trkpt lat="47.357451" lon="8.56379">
        <ele>461</ele>
        <time>2025-05-09T15:54:31Z</time>
      </trkpt>
      <trkpt lat="47.357457" lon="8.563647">
        <ele>451</ele>
        <time>2025-05-09T16:07:20Z</time>
        <cmt>speed: 0.5</cmt>
      </trkpt>
      <trkpt lat="47.357647" lon="8.564269">
        <ele>471</ele>
        <time>2025-05-09T16:17:17Z</time>
        <cmt>speed: 0.2</cmt>
      </trkpt>
      <trkpt lat="47.357616" lon="8.564447">
        <ele>479</ele>
        <time>2025-05-09T16:27:16Z</time>
        <cmt>speed: 0.4</cmt>
      </trkpt>
      <trkpt lat="47.357614" lon="8.565063">
        <ele>472</ele>
        <time>2025-05-09T16:37:16Z</time>
        <cmt>speed: 0.5</cmt>
      </trkpt>
      <trkpt lat="47.357643" lon="8.564944">
        <ele>442</ele>
        <time>2025-05-09T16:47:15Z</time>
        <cmt>speed: 0.1</cmt>
      </trkpt>
      <trkpt lat="47.357643" lon="8.564944">
        <ele>442</ele>
        <time>2025-05-09T16:57:05Z</time>
      </trkpt>
      <trkpt lat="47.357671" lon="8.564967">
        <ele>475</ele>
        <time>2025-05-09T16:57:15Z</time>
        <cmt>speed: 0.5</cmt>
      </trkpt>
      <trkpt lat="47.357808" lon="8.56478">
        <ele>461</ele>
        <time>2025-05-09T17:07:15Z</time>
        <cmt>speed: 0.5</cmt>
      </trkpt>
      <trkpt lat="47.358327" lon="8.564653">
        <ele>449</ele>
        <time>2025-05-09T17:17:16Z</time>
        <cmt>speed: 0.6</cmt>
      </trkpt>
      <trkpt lat="47.35857" lon="8.563977">
        <ele>453</ele>
        <time>2025-05-09T17:27:15Z</time>
        <cmt>speed: 0.2</cmt>
      </trkpt>
      <trkpt lat="47.35857" lon="8.563977">
        <ele>453</ele>
        <time>2025-05-09T17:37:07Z</time>
      </trkpt>
      <trkpt lat="47.358517" lon="8.564805">
        <ele>453</ele>
        <time>2025-05-09T17:37:17Z</time>
        <cmt>speed: 0.6</cmt>
      </trkpt>
      <trkpt lat="47.358556" lon="8.564854">
        <ele>455</ele>
        <time>2025-05-09T17:47:16Z</time>
        <cmt>speed: 1.4</cmt>
      </trkpt>
      <trkpt lat="47.358029" lon="8.564768">
        <ele>465</ele>
        <time>2025-05-09T17:57:17Z</time>
        <cmt>speed: 0.4</cmt>
      </trkpt>
      <trkpt lat="47.357697" lon="8.565487">
        <ele>450</ele>
        <time>2025-05-09T18:07:16Z</time>
        <cmt>speed: 0.5</cmt>
      </trkpt>
      <trkpt lat="47.357712" lon="8.564758">
        <ele>452</ele>
        <time>2025-05-09T18:17:18Z</time>
        <cmt>speed: 0.2</cmt>
      </trkpt>
      <trkpt lat="47.358471" lon="8.564399">
        <ele>442</ele>
        <time>2025-05-09T18:27:17Z</time>
        <cmt>speed: 0.0</cmt>
      </trkpt>
      <trkpt lat="47.358917" lon="8.564207">
        <ele>434</ele>
        <time>2025-05-09T18:37:16Z</time>
        <cmt>speed: 1.8</cmt>
      </trkpt>
      <trkpt lat="47.359983" lon="8.563858">
        <ele>479</ele>
        <time>2025-05-09T18:47:22Z</time>
        <cmt>speed: 0.0</cmt>
      </trkpt>
      <trkpt lat="47.359974" lon="8.56367">
        <ele>434</ele>
        <time>2025-05-09T18:50:14Z</time>
      </trkpt>
      <trkpt lat="47.359974" lon="8.56367">
        <ele>434</ele>
        <time>2025-05-09T19:05:14Z</time>
      </trkpt>
      <trkpt lat="47.359974" lon="8.56367">
        <ele>434</ele>
        <time>2025-05-09T19:11:08Z</time>
      </trkpt>
      <trkpt lat="47.359974" lon="8.56367">
        <ele>434</ele>
        <time>2025-05-09T19:21:25Z</time>
      </trkpt>
      <trkpt lat="47.359974" lon="8.56367">
        <ele>434</ele>
        <time>2025-05-09T19:31:25Z</time>
      </trkpt>
      <trkpt lat="47.359974" lon="8.56367">
        <ele>434</ele>
        <time>2025-05-09T19:41:25Z</time>
      </trkpt>
      <trkpt lat="47.359974" lon="8.56367">
        <ele>434</ele>
        <time>2025-05-09T19:51:25Z</time>
      </trkpt>
      <trkpt lat="47.359974" lon="8.56367">
        <ele>434</ele>
        <time>2025-05-09T20:01:25Z</time>
      </trkpt>
      <trkpt lat="47.359974" lon="8.56367">
        <ele>434</ele>
        <time>2025-05-09T20:11:25Z</time>
      </trkpt>
      <trkpt lat="47.359974" lon="8.56367">
        <ele>434</ele>
        <time>2025-05-09T20:21:25Z</time>
      </trkpt>
      <trkpt lat="47.359974" lon="8.56367">
        <ele>434</ele>
        <time>2025-05-09T20:23:45Z</time>
      </trkpt>
      <trkpt lat="47.359974" lon="8.56367">
        <ele>434</ele>
        <time>2025-05-09T20:33:45Z</time>
      </trkpt>
      <trkpt lat="47.359974" lon="8.56367">
        <ele>434</ele>
        <time>2025-05-09T20:43:45Z</time>
      </trkpt>
      <trkpt lat="47.359974" lon="8.56367">
        <ele>434</ele>
        <time>2025-05-09T20:53:45Z</time>
      </trkpt>
      <trkpt lat="47.359974" lon="8.56367">
        <ele>434</ele>
        <time>2025-05-09T21:03:45Z</time>
      </trkpt>
      <trkpt lat="47.359974" lon="8.56367">
        <ele>434</ele>
        <time>2025-05-09T21:13:45Z</time>
      </trkpt>
      <trkpt lat="47.359974" lon="8.56367">
        <ele>434</ele>
        <time>2025-05-09T21:23:45Z</time>
      </trkpt>
      <trkpt lat="47.359974" lon="8.56367">
        <ele>434</ele>
        <time>2025-05-09T21:33:45Z</time>
      </trkpt>
      <trkpt lat="47.359974" lon="8.56367">
        <ele>434</ele>
        <time>2025-05-09T21:43:45Z</time>
      </trkpt>
      <trkpt lat="47.359974" lon="8.56367">
        <ele>434</ele>
        <time>2025-05-09T21:53:45Z</time>
      </trkpt>
      <trkpt lat="47.359974" lon="8.56367">
        <ele>434</ele>
        <time>2025-05-09T22:03:45Z</time>
      </trkpt>
      <trkpt lat="47.359974" lon="8.56367">
        <ele>434</ele>
        <time>2025-05-09T22:13:45Z</time>
      </trkpt>
      <trkpt lat="47.359974" lon="8.56367">
        <ele>434</ele>
        <time>2025-05-09T22:23:45Z</time>
      </trkpt>
      <trkpt lat="47.359974" lon="8.56367">
        <ele>434</ele>
        <time>2025-05-09T22:33:45Z</time>
      </trkpt>
      <trkpt lat="47.359974" lon="8.56367">
        <ele>434</ele>
        <time>2025-05-09T22:43:45Z</time>
      </trkpt>
      <trkpt lat="47.359974" lon="8.56367">
        <ele>434</ele>
        <time>2025-05-09T22:53:45Z</time>
      </trkpt>
      <trkpt lat="47.359974" lon="8.56367">
        <ele>434</ele>
        <time>2025-05-09T23:03:45Z</time>
      </trkpt>
      <trkpt lat="47.359974" lon="8.56367">
        <ele>434</ele>
        <time>2025-05-09T23:13:45Z</time>
      </trkpt>
      <trkpt lat="47.359974" lon="8.56367">
        <ele>434</ele>
        <time>2025-05-09T23:23:45Z</time>
      </trkpt>
      <trkpt lat="47.359974" lon="8.56367">
        <ele>434</ele>
        <time>2025-05-09T23:33:45Z</time>
      </trkpt>
      <trkpt lat="47.359974" lon="8.56367">
        <ele>434</ele>
        <time>2025-05-09T23:43:45Z</time>
      </trkpt>
      <trkpt lat="47.359974" lon="8.56367">
        <ele>434</ele>
        <time>2025-05-09T23:53:45Z</time>
      </trkpt>
      <trkpt lat="47.359974" lon="8.56367">
        <ele>434</ele>
        <time>2025-05-10T00:03:45Z</time>
      </trkpt>
      <trkpt lat="47.359974" lon="8.56367">
        <ele>434</ele>
        <time>2025-05-10T00:13:45Z</time>
      </trkpt>
      <trkpt lat="47.359974" lon="8.56367">
        <ele>434</ele>
        <time>2025-05-10T00:23:45Z</time>
      </trkpt>
      <trkpt lat="47.359974" lon="8.56367">
        <ele>434</ele>
        <time>2025-05-10T00:33:45Z</time>
      </trkpt>
      <trkpt lat="47.359974" lon="8.56367">
        <ele>434</ele>
        <time>2025-05-10T00:43:45Z</time>
      </trkpt>
      <trkpt lat="47.359974" lon="8.56367">
        <ele>434</ele>
        <time>2025-05-10T00:53:45Z</time>
      </trkpt>
      <trkpt lat="47.359974" lon="8.56367">
        <ele>434</ele>
        <time>2025-05-10T01:03:56Z</time>
      </trkpt>
      <trkpt lat="47.359974" lon="8.56367">
        <ele>434</ele>
        <time>2025-05-10T01:13:56Z</time>
      </trkpt>
      <trkpt lat="47.359974" lon="8.56367">
        <ele>434</ele>
        <time>2025-05-10T01:23:56Z</time>
      </trkpt>
      <trkpt lat="47.359974" lon="8.56367">
        <ele>434</ele>
        <time>2025-05-10T01:33:56Z</time>
      </trkpt>
      <trkpt lat="47.359974" lon="8.56367">
        <ele>434</ele>
        <time>2025-05-10T01:43:56Z</time>
      </trkpt>
      <trkpt lat="47.359974" lon="8.56367">
        <ele>434</ele>
        <time>2025-05-10T01:53:56Z</time>
      </trkpt>
      <trkpt lat="47.359974" lon="8.56367">
        <ele>434</ele>
        <time>2025-05-10T02:03:56Z</time>
      </trkpt>
      <trkpt lat="47.359974" lon="8.56367">
        <ele>434</ele>
        <time>2025-05-10T02:13:56Z</time>
      </trkpt>
      <trkpt lat="47.359974" lon="8.56367">
        <ele>434</ele>
        <time>2025-05-10T02:23:56Z</time>
      </trkpt>
      <trkpt lat="47.359974" lon="8.56367">
        <ele>434</ele>
        <time>2025-05-10T02:33:56Z</time>
      </trkpt>
      <trkpt lat="47.359974" lon="8.56367">
        <ele>434</ele>
        <time>2025-05-10T02:43:56Z</time>
      </trkpt>
      <trkpt lat="47.359974" lon="8.56367">
        <ele>434</ele>
        <time>2025-05-10T02:53:56Z</time>
      </trkpt>
      <trkpt lat="47.359974" lon="8.56367">
        <ele>434</ele>
        <time>2025-05-10T03:03:56Z</time>
      </trkpt>
      <trkpt lat="47.359974" lon="8.56367">
        <ele>434</ele>
        <time>2025-05-10T03:13:56Z</time>
      </trkpt>
      <trkpt lat="47.359974" lon="8.56367">
        <ele>434</ele>
        <time>2025-05-10T03:23:56Z</time>
      </trkpt>
      <trkpt lat="47.359974" lon="8.56367">
        <ele>434</ele>
        <time>2025-05-10T03:33:56Z</time>
      </trkpt>
      <trkpt lat="47.359974" lon="8.56367">
        <ele>434</ele>
        <time>2025-05-10T03:43:56Z</time>
      </trkpt>
      <trkpt lat="47.359974" lon="8.56367">
        <ele>434</ele>
        <time>2025-05-10T03:53:56Z</time>
      </trkpt>
      <trkpt lat="47.359974" lon="8.56367">
        <ele>434</ele>
        <time>2025-05-10T04:03:56Z</time>
      </trkpt>
      <trkpt lat="47.359974" lon="8.56367">
        <ele>434</ele>
        <time>2025-05-10T04:13:56Z</time>
      </trkpt>
      <trkpt lat="47.359974" lon="8.56367">
        <ele>434</ele>
        <time>2025-05-10T04:23:56Z</time>
      </trkpt>
      <trkpt lat="47.359974" lon="8.56367">
        <ele>434</ele>
        <time>2025-05-10T04:33:56Z</time>
      </trkpt>
      <trkpt lat="47.359974" lon="8.56367">
        <ele>434</ele>
        <time>2025-05-10T04:43:56Z</time>
      </trkpt>
      <trkpt lat="47.359974" lon="8.56367">
        <ele>434</ele>
        <time>2025-05-10T04:45:08Z</time>
      </trkpt>
      <trkpt lat="47.359974" lon="8.56367">
        <ele>434</ele>
        <time>2025-05-10T04:58:59Z</time>
      </trkpt>
      <trkpt lat="47.359889" lon="8.563273">
        <ele>438</ele>
        <time>2025-05-10T04:59:09Z</time>
        <cmt>speed: 2.0</cmt>
      </trkpt>
      <trkpt lat="47.35981" lon="8.561146">
        <ele>466</ele>
        <time>2025-05-10T05:09:20Z</time>
        <cmt>speed: 2.0</cmt>
      </trkpt>
      <trkpt lat="47.35945" lon="8.559737">
        <ele>412</ele>
        <time>2025-05-10T05:19:04Z</time>
        <cmt>speed: 0.9</cmt>
      </trkpt>
      <trkpt lat="47.358535" lon="8.560048">
        <ele>439</ele>
        <time>2025-05-10T05:29:01Z</time>
        <cmt>speed: 0.6</cmt>
      </trkpt>
      <trkpt lat="47.358373" lon="8.56178">
        <ele>421</ele>
        <time>2025-05-10T05:39:03Z</time>
        <cmt>speed: 0.4</cmt>
      </trkpt>
      <trkpt lat="47.358948" lon="8.561899">
        <ele>452</ele>
        <time>2025-05-10T05:49:03Z</time>
        <cmt>speed: 1.2</cmt>
      </trkpt>
      <trkpt lat="47.358751" lon="8.560782">
        <ele>398</ele>
        <time>2025-05-10T05:59:02Z</time>
        <cmt>speed: 1.1</cmt>
      </trkpt>
      <trkpt lat="47.358751" lon="8.560782">
        <ele>398</ele>
        <time>2025-05-10T05:59:02Z</time>
      </trkpt>
      <trkpt lat="47.35898" lon="8.560764">
        <ele>451</ele>
        <time>2025-05-10T06:09:02Z</time>
        <cmt>speed: 0.9</cmt>
      </trkpt>
      <trkpt lat="47.358988" lon="8.561007">
        <ele>454</ele>
        <time>2025-05-10T06:29:09Z</time>
        <cmt>speed: 0.0</cmt>
      </trkpt>
      <trkpt lat="47.358988" lon="8.561007">
        <ele>454</ele>
        <time>2025-05-10T06:39:20Z</time>
      </trkpt>
      <trkpt lat="47.359507" lon="8.561033">
        <ele>391</ele>
        <time>2025-05-10T06:39:21Z</time>
        <cmt>speed: 1.4</cmt>
      </trkpt>
      <trkpt lat="47.359013" lon="8.561038">
        <ele>426</ele>
        <time>2025-05-10T06:49:05Z</time>
        <cmt>speed: 0.1</cmt>
      </trkpt>
      <trkpt lat="47.358828" lon="8.56119">
        <ele>438</ele>
        <time>2025-05-10T06:59:03Z</time>
        <cmt>speed: 1.0</cmt>
      </trkpt>
      <trkpt lat="47.358828" lon="8.56119">
        <ele>438</ele>
        <time>2025-05-10T06:59:05Z</time>
      </trkpt>
      <trkpt lat="47.358803" lon="8.561231">
        <ele>433</ele>
        <time>2025-05-10T07:09:04Z</time>
        <cmt>speed: 0.0</cmt>
      </trkpt>
      <trkpt lat="47.3589" lon="8.560942">
        <ele>454</ele>
        <time>2025-05-10T07:19:04Z</time>
        <cmt>speed: 0.6</cmt>
      </trkpt>
      <trkpt lat="47.3589" lon="8.560942">
        <ele>454</ele>
        <time>2025-05-10T07:19:05Z</time>
      </trkpt>
      <trkpt lat="47.358826" lon="8.5611">
        <ele>460</ele>
        <time>2025-05-10T07:29:02Z</time>
        <cmt>speed: 0.1</cmt>
      </trkpt>
      <trkpt lat="47.358832" lon="8.561135">
        <ele>452</ele>
        <time>2025-05-10T07:39:04Z</time>
        <cmt>speed: 0.5</cmt>
      </trkpt>
      <trkpt lat="47.358832" lon="8.561135">
        <ele>452</ele>
        <time>2025-05-10T07:39:05Z</time>
      </trkpt>
      <trkpt lat="47.358598" lon="8.561311">
        <ele>464</ele>
        <time>2025-05-10T07:49:02Z</time>
        <cmt>speed: 1.4</cmt>
      </trkpt>
      <trkpt lat="47.358479" lon="8.560861">
        <ele>397</ele>
        <time>2025-05-10T07:59:03Z</time>
        <cmt>speed: 0.1</cmt>
      </trkpt>
      <trkpt lat="47.358231" lon="8.561082">
        <ele>457</ele>
        <time>2025-05-10T08:09:04Z</time>
        <cmt>speed: 0.5</cmt>
      </trkpt>
      <trkpt lat="47.358282" lon="8.56129">
        <ele>442</ele>
        <time>2025-05-10T08:19:05Z</time>
        <cmt>speed: 1.1</cmt>
      </trkpt>
      <trkpt lat="47.358157" lon="8.560989">
        <ele>453</ele>
        <time>2025-05-10T08:29:03Z</time>
        <cmt>speed: 0.5</cmt>
      </trkpt>
      <trkpt lat="47.358157" lon="8.560989">
        <ele>453</ele>
        <time>2025-05-10T08:39:23Z</time>
      </trkpt>
      <trkpt lat="47.358323" lon="8.561182">
        <ele>437</ele>
        <time>2025-05-10T08:39:24Z</time>
        <cmt>speed: 0.3</cmt>
      </trkpt>
      <trkpt lat="47.358168" lon="8.560725">
        <ele>451</ele>
        <time>2025-05-10T08:49:03Z</time>
        <cmt>speed: 1.0</cmt>
      </trkpt>
      <trkpt lat="47.357772" lon="8.560205">
        <ele>442</ele>
        <time>2025-05-10T09:09:05Z</time>
        <cmt>speed: 0.0</cmt>
      </trkpt>
      <trkpt lat="47.358487" lon="8.560216">
        <ele>454</ele>
        <time>2025-05-10T09:19:03Z</time>
        <cmt>speed: 0.3</cmt>
      </trkpt>
      <trkpt lat="47.358778" lon="8.560411">
        <ele>454</ele>
        <time>2025-05-10T09:29:05Z</time>
        <cmt>speed: 0.1</cmt>
      </trkpt>
      <trkpt lat="47.35913" lon="8.560468">
        <ele>453</ele>
        <time>2025-05-10T09:39:02Z</time>
        <cmt>speed: 0.1</cmt>
      </trkpt>
      <trkpt lat="47.35913" lon="8.560468">
        <ele>453</ele>
        <time>2025-05-10T09:39:02Z</time>
      </trkpt>
      <trkpt lat="47.358922" lon="8.561281">
        <ele>447</ele>
        <time>2025-05-10T09:49:04Z</time>
        <cmt>speed: 0.7</cmt>
      </trkpt>
      <trkpt lat="47.358053" lon="8.561874">
        <ele>445</ele>
        <time>2025-05-10T09:59:03Z</time>
        <cmt>speed: 0.7</cmt>
      </trkpt>
      <trkpt lat="47.357795" lon="8.56312">
        <ele>453</ele>
        <time>2025-05-10T10:09:05Z</time>
        <cmt>speed: 0.5</cmt>
      </trkpt>
      <trkpt lat="47.357717" lon="8.562862">
        <ele>459</ele>
        <time>2025-05-10T10:19:09Z</time>
        <cmt>speed: 0.2</cmt>
      </trkpt>
      <trkpt lat="47.357833" lon="8.562859">
        <ele>433</ele>
        <time>2025-05-10T10:29:10Z</time>
        <cmt>speed: 0.1</cmt>
      </trkpt>
      <trkpt lat="47.357692" lon="8.562325">
        <ele>400</ele>
        <time>2025-05-10T10:39:14Z</time>
        <cmt>speed: 0.1</cmt>
      </trkpt>
      <trkpt lat="47.357779" lon="8.560545">
        <ele>466</ele>
        <time>2025-05-10T10:49:10Z</time>
        <cmt>speed: 0.0</cmt>
      </trkpt>
      <trkpt lat="47.357881" lon="8.56073">
        <ele>457</ele>
        <time>2025-05-10T10:59:04Z</time>
        <cmt>speed: 0.3</cmt>
      </trkpt>
      <trkpt lat="47.35952" lon="8.560001">
        <ele>421</ele>
        <time>2025-05-10T11:09:03Z</time>
        <cmt>speed: 2.1</cmt>
      </trkpt>
      <trkpt lat="47.35883" lon="8.561052">
        <ele>459</ele>
        <time>2025-05-10T11:19:03Z</time>
        <cmt>speed: 1.1</cmt>
      </trkpt>
      <trkpt lat="47.358913" lon="8.560959">
        <ele>415</ele>
        <time>2025-05-10T11:29:08Z</time>
        <cmt>speed: 0.3</cmt>
      </trkpt>
      <trkpt lat="47.358913" lon="8.560959">
        <ele>415</ele>
        <time>2025-05-10T11:39:01Z</time>
      </trkpt>
      <trkpt lat="47.358632" lon="8.561518">
        <ele>454</ele>
        <time>2025-05-10T11:42:29Z</time>
        <cmt>speed: 1.2</cmt>
      </trkpt>
      <trkpt lat="47.359044" lon="8.560978">
        <ele>435</ele>
        <time>2025-05-10T11:52:28Z</time>
        <cmt>speed: 0.1</cmt>
      </trkpt>
      <trkpt lat="47.359044" lon="8.560978">
        <ele>435</ele>
        <time>2025-05-10T11:59:01Z</time>
      </trkpt>
      <trkpt lat="47.358685" lon="8.560866">
        <ele>482</ele>
        <time>2025-05-10T12:02:52Z</time>
        <cmt>speed: 0.0</cmt>
      </trkpt>
      <trkpt lat="47.358767" lon="8.561088">
        <ele>452</ele>
        <time>2025-05-10T12:12:20Z</time>
        <cmt>speed: 0.2</cmt>
      </trkpt>
      <trkpt lat="47.358767" lon="8.561088">
        <ele>452</ele>
        <time>2025-05-10T12:22:19Z</time>
      </trkpt>
      <trkpt lat="47.358902" lon="8.561232">
        <ele>421</ele>
        <time>2025-05-10T12:22:21Z</time>
        <cmt>speed: 0.0</cmt>
      </trkpt>
      <trkpt lat="47.358672" lon="8.561197">
        <ele>413</ele>
        <time>2025-05-10T12:32:19Z</time>
        <cmt>speed: 0.1</cmt>
      </trkpt>
      <trkpt lat="47.358175" lon="8.56029">
        <ele>426</ele>
        <time>2025-05-10T12:42:28Z</time>
        <cmt>speed: 0.1</cmt>
      </trkpt>
      <trkpt lat="47.358606" lon="8.560613">
        <ele>400</ele>
        <time>2025-05-10T12:52:17Z</time>
        <cmt>speed: 0.7</cmt>
      </trkpt>
      <trkpt lat="47.35874" lon="8.560223">
        <ele>412</ele>
        <time>2025-05-10T13:02:16Z</time>
        <cmt>speed: 0.2</cmt>
      </trkpt>
      <trkpt lat="47.35916" lon="8.55878">
        <ele>429</ele>
        <time>2025-05-10T13:12:29Z</time>
        <cmt>speed: 0.3</cmt>
      </trkpt>
      <trkpt lat="47.35916" lon="8.55878">
        <ele>429</ele>
        <time>2025-05-10T13:22:15Z</time>
      </trkpt>
      <trkpt lat="47.359304" lon="8.560032">
        <ele>428</ele>
        <time>2025-05-10T13:22:17Z</time>
        <cmt>speed: 0.3</cmt>
      </trkpt>
      <trkpt lat="47.359165" lon="8.561261">
        <ele>419</ele>
        <time>2025-05-10T13:32:20Z</time>
        <cmt>speed: 0.0</cmt>
      </trkpt>
      <trkpt lat="47.359165" lon="8.561261">
        <ele>419</ele>
        <time>2025-05-10T13:42:17Z</time>
      </trkpt>
      <trkpt lat="47.359221" lon="8.561786">
        <ele>458</ele>
        <time>2025-05-10T13:42:19Z</time>
        <cmt>speed: 0.3</cmt>
      </trkpt>
      <trkpt lat="47.359221" lon="8.561822">
        <ele>442</ele>
        <time>2025-05-10T13:52:27Z</time>
        <cmt>speed: 0.1</cmt>
      </trkpt>
      <trkpt lat="47.359221" lon="8.561822">
        <ele>442</ele>
        <time>2025-05-10T14:02:23Z</time>
      </trkpt>
      <trkpt lat="47.359197" lon="8.561868">
        <ele>463</ele>
        <time>2025-05-10T14:02:25Z</time>
        <cmt>speed: 0.9</cmt>
      </trkpt>
      <trkpt lat="47.359178" lon="8.561792">
        <ele>460</ele>
        <time>2025-05-10T14:32:18Z</time>
        <cmt>speed: 0.4</cmt>
      </trkpt>
      <trkpt lat="47.359178" lon="8.561792">
        <ele>460</ele>
        <time>2025-05-10T14:39:01Z</time>
      </trkpt>
      <trkpt lat="47.359209" lon="8.56169">
        <ele>415</ele>
        <time>2025-05-10T14:43:16Z</time>
        <cmt>speed: 0.2</cmt>
      </trkpt>
      <trkpt lat="47.359175" lon="8.561792">
        <ele>435</ele>
        <time>2025-05-10T14:53:17Z</time>
        <cmt>speed: 0.7</cmt>
      </trkpt>
      <trkpt lat="47.358987" lon="8.563918">
        <ele>457</ele>
        <time>2025-05-10T15:03:18Z</time>
        <cmt>speed: 0.4</cmt>
      </trkpt>
      <trkpt lat="47.358879" lon="8.564491">
        <ele>444</ele>
        <time>2025-05-10T15:13:16Z</time>
        <cmt>speed: 6.1</cmt>
      </trkpt>
      <trkpt lat="47.358681" lon="8.564945">
        <ele>453</ele>
        <time>2025-05-10T15:23:18Z</time>
        <cmt>speed: 0.0</cmt>
      </trkpt>
      <trkpt lat="47.358389" lon="8.564913">
        <ele>457</ele>
        <time>2025-05-10T15:33:19Z</time>
        <cmt>speed: 0.8</cmt>
      </trkpt>
      <trkpt lat="47.358541" lon="8.564874">
        <ele>491</ele>
        <time>2025-05-10T15:43:19Z</time>
        <cmt>speed: 0.5</cmt>
      </trkpt>
      <trkpt lat="47.358059" lon="8.564516">
        <ele>449</ele>
        <time>2025-05-10T15:53:17Z</time>
        <cmt>speed: 0.1</cmt>
      </trkpt>
      <trkpt lat="47.358059" lon="8.564516">
        <ele>449</ele>
        <time>2025-05-10T16:03:14Z</time>
      </trkpt>
      <trkpt lat="47.358056" lon="8.564491">
        <ele>471</ele>
        <time>2025-05-10T16:03:16Z</time>
        <cmt>speed: 0.2</cmt>
      </trkpt>
      <trkpt lat="47.358186" lon="8.564492">
        <ele>444</ele>
        <time>2025-05-10T16:13:18Z</time>
        <cmt>speed: 0.3</cmt>
      </trkpt>
      <trkpt lat="47.357535" lon="8.564863">
        <ele>432</ele>
        <time>2025-05-10T16:23:18Z</time>
        <cmt>speed: 0.3</cmt>
      </trkpt>
      <trkpt lat="47.357753" lon="8.564263">
        <ele>455</ele>
        <time>2025-05-10T16:33:18Z</time>
        <cmt>speed: 0.2</cmt>
      </trkpt>
      <trkpt lat="47.357753" lon="8.564263">
        <ele>455</ele>
        <time>2025-05-10T16:43:13Z</time>
      </trkpt>
      <trkpt lat="47.357704" lon="8.564263">
        <ele>490</ele>
        <time>2025-05-10T16:43:15Z</time>
        <cmt>speed: 0.1</cmt>
      </trkpt>
      <trkpt lat="47.358135" lon="8.563966">
        <ele>451</ele>
        <time>2025-05-10T16:53:18Z</time>
        <cmt>speed: 0.1</cmt>
      </trkpt>
      <trkpt lat="47.358439" lon="8.563923">
        <ele>456</ele>
        <time>2025-05-10T17:03:17Z</time>
        <cmt>speed: 0.6</cmt>
      </trkpt>
      <trkpt lat="47.359828" lon="8.562019">
        <ele>439</ele>
        <time>2025-05-10T17:13:17Z</time>
        <cmt>speed: 0.9</cmt>
      </trkpt>
      <trkpt lat="47.359828" lon="8.562019">
        <ele>439</ele>
        <time>2025-05-10T17:23:16Z</time>
      </trkpt>
      <trkpt lat="47.359965" lon="8.563781">
        <ele>451</ele>
        <time>2025-05-10T17:23:19Z</time>
        <cmt>speed: 0.1</cmt>
      </trkpt>
      <trkpt lat="47.359974" lon="8.56367">
        <ele>434</ele>
        <time>2025-05-10T17:29:05Z</time>
      </trkpt>
      <trkpt lat="47.359843" lon="8.564061">
        <ele>434</ele>
        <time>2025-05-10T17:35:34Z</time>
        <cmt>speed: 0.8</cmt>
      </trkpt>
      <trkpt lat="47.35857" lon="8.562066">
        <ele>439</ele>
        <time>2025-05-10T17:45:34Z</time>
        <cmt>speed: 1.2</cmt>
      </trkpt>
      <trkpt lat="47.35875" lon="8.561003">
        <ele>428</ele>
        <time>2025-05-10T17:55:34Z</time>
        <cmt>speed: 1.0</cmt>
      </trkpt>
      <trkpt lat="47.358634" lon="8.562226">
        <ele>450</ele>
        <time>2025-05-10T18:05:35Z</time>
        <cmt>speed: 1.1</cmt>
      </trkpt>
      <trkpt lat="47.358634" lon="8.562226">
        <ele>450</ele>
        <time>2025-05-10T18:15:32Z</time>
      </trkpt>
      <trkpt lat="47.358803" lon="8.56228">
        <ele>432</ele>
        <time>2025-05-10T18:15:35Z</time>
        <cmt>speed: 0.2</cmt>
      </trkpt>
      <trkpt lat="47.358894" lon="8.562379">
        <ele>436</ele>
        <time>2025-05-10T18:25:34Z</time>
        <cmt>speed: 0.4</cmt>
      </trkpt>
      <trkpt lat="47.358795" lon="8.56255">
        <ele>452</ele>
        <time>2025-05-10T18:35:35Z</time>
        <cmt>speed: 0.7</cmt>
      </trkpt>
      <trkpt lat="47.358787" lon="8.56263">
        <ele>450</ele>
        <time>2025-05-10T18:45:34Z</time>
        <cmt>speed: 0.1</cmt>
      </trkpt>
      <trkpt lat="47.358699" lon="8.562594">
        <ele>450</ele>
        <time>2025-05-10T18:55:35Z</time>
        <cmt>speed: 0.3</cmt>
      </trkpt>
      <trkpt lat="47.358614" lon="8.562777">
        <ele>428</ele>
        <time>2025-05-10T19:05:36Z</time>
        <cmt>speed: 0.0</cmt>
      </trkpt>
      <trkpt lat="47.358639" lon="8.562702">
        <ele>429</ele>
        <time>2025-05-10T19:15:37Z</time>
        <cmt>speed: 0.5</cmt>
      </trkpt>
      <trkpt lat="47.358618" lon="8.562747">
        <ele>441</ele>
        <time>2025-05-10T19:25:36Z</time>
        <cmt>speed: 0.2</cmt>
      </trkpt>
      <trkpt lat="47.358618" lon="8.562747">
        <ele>441</ele>
        <time>2025-05-10T19:35:31Z</time>
      </trkpt>
      <trkpt lat="47.35854" lon="8.562726">
        <ele>450</ele>
        <time>2025-05-10T19:35:34Z</time>
        <cmt>speed: 0.8</cmt>
      </trkpt>
      <trkpt lat="47.358524" lon="8.562754">
        <ele>464</ele>
        <time>2025-05-10T19:45:34Z</time>
        <cmt>speed: 0.7</cmt>
      </trkpt>
      <trkpt lat="47.358524" lon="8.562754">
        <ele>464</ele>
        <time>2025-05-10T19:55:32Z</time>
      </trkpt>
      <trkpt lat="47.358826" lon="8.56291">
        <ele>432</ele>
        <time>2025-05-10T19:55:35Z</time>
        <cmt>speed: 0.1</cmt>
      </trkpt>
      <trkpt lat="47.358721" lon="8.562947">
        <ele>457</ele>
        <time>2025-05-10T20:05:34Z</time>
        <cmt>speed: 0.8</cmt>
      </trkpt>
      <trkpt lat="47.35873" lon="8.56295">
        <ele>448</ele>
        <time>2025-05-10T20:15:34Z</time>
        <cmt>speed: 0.4</cmt>
      </trkpt>
      <trkpt lat="47.358812" lon="8.563561">
        <ele>447</ele>
        <time>2025-05-10T20:25:34Z</time>
        <cmt>speed: 0.8</cmt>
      </trkpt>
      <trkpt lat="47.358786" lon="8.564723">
        <ele>459</ele>
        <time>2025-05-10T20:35:36Z</time>
        <cmt>speed: 0.5</cmt>
      </trkpt>
      <trkpt lat="47.359142" lon="8.564519">
        <ele>470</ele>
        <time>2025-05-10T20:45:34Z</time>
        <cmt>speed: 0.2</cmt>
      </trkpt>
      <trkpt lat="47.360013" lon="8.562009">
        <ele>450</ele>
        <time>2025-05-10T20:55:35Z</time>
        <cmt>speed: 0.8</cmt>
      </trkpt>
      <trkpt lat="47.359599" lon="8.560739">
        <ele>403</ele>
        <time>2025-05-10T21:05:35Z</time>
        <cmt>speed: 0.1</cmt>
      </trkpt>
      <trkpt lat="47.359599" lon="8.560739">
        <ele>403</ele>
        <time>2025-05-10T21:15:34Z</time>
      </trkpt>
      <trkpt lat="47.359439" lon="8.560258">
        <ele>451</ele>
        <time>2025-05-10T21:15:37Z</time>
        <cmt>speed: 0.0</cmt>
      </trkpt>
      <trkpt lat="47.358772" lon="8.560712">
        <ele>420</ele>
        <time>2025-05-10T21:25:34Z</time>
        <cmt>speed: 2.6</cmt>
      </trkpt>
      <trkpt lat="47.359925" lon="8.561824">
        <ele>441</ele>
        <time>2025-05-10T21:35:35Z</time>
        <cmt>speed: 0.9</cmt>
      </trkpt>
      <trkpt lat="47.359998" lon="8.562005">
        <ele>449</ele>
        <time>2025-05-10T21:45:33Z</time>
        <cmt>speed: 0.0</cmt>
      </trkpt>
      <trkpt lat="47.359998" lon="8.562005">
        <ele>449</ele>
        <time>2025-05-10T21:55:31Z</time>
      </trkpt>
      <trkpt lat="47.359964" lon="8.561843">
        <ele>455</ele>
        <time>2025-05-10T21:55:34Z</time>
        <cmt>speed: 0.8</cmt>
      </trkpt>
      <trkpt lat="47.359271" lon="8.562966">
        <ele>440</ele>
        <time>2025-05-10T22:05:35Z</time>
        <cmt>speed: 1.0</cmt>
      </trkpt>
      <trkpt lat="47.359271" lon="8.562966">
        <ele>440</ele>
        <time>2025-05-10T22:15:34Z</time>
      </trkpt>
      <trkpt lat="47.359406" lon="8.564107">
        <ele>427</ele>
        <time>2025-05-10T22:15:37Z</time>
        <cmt>speed: 0.3</cmt>
      </trkpt>
      <trkpt lat="47.359457" lon="8.563924">
        <ele>436</ele>
        <time>2025-05-10T22:25:37Z</time>
        <cmt>speed: 0.1</cmt>
      </trkpt>
      <trkpt lat="47.359457" lon="8.563924">
        <ele>436</ele>
        <time>2025-05-10T22:35:48Z</time>
      </trkpt>
      <trkpt lat="47.359439" lon="8.563904">
        <ele>406</ele>
        <time>2025-05-10T22:35:51Z</time>
        <cmt>speed: 0.0</cmt>
      </trkpt>
      <trkpt lat="47.359366" lon="8.563724">
        <ele>461</ele>
        <time>2025-05-10T22:45:46Z</time>
        <cmt>speed: 0.0</cmt>
      </trkpt>
      <trkpt lat="47.35943" lon="8.563972">
        <ele>437</ele>
        <time>2025-05-10T22:55:34Z</time>
        <cmt>speed: 0.1</cmt>
      </trkpt>
      <trkpt lat="47.359527" lon="8.563849">
        <ele>413</ele>
        <time>2025-05-10T23:05:40Z</time>
        <cmt>speed: 0.1</cmt>
      </trkpt>
      <trkpt lat="47.359527" lon="8.563849">
        <ele>413</ele>
        <time>2025-05-10T23:15:51Z</time>
      </trkpt>
      <trkpt lat="47.359414" lon="8.563814">
        <ele>415</ele>
        <time>2025-05-10T23:15:55Z</time>
        <cmt>speed: 0.0</cmt>
      </trkpt>
      <trkpt lat="47.359588" lon="8.564055">
        <ele>465</ele>
        <time>2025-05-10T23:25:47Z</time>
        <cmt>speed: 1.1</cmt>
      </trkpt>
      <trkpt lat="47.359588" lon="8.564055">
        <ele>465</ele>
        <time>2025-05-10T23:35:39Z</time>
      </trkpt>
      <trkpt lat="47.359566" lon="8.563827">
        <ele>449</ele>
        <time>2025-05-10T23:35:42Z</time>
        <cmt>speed: 0.6</cmt>
      </trkpt>
      <trkpt lat="47.35897" lon="8.565289">
        <ele>429</ele>
        <time>2025-05-10T23:45:35Z</time>
        <cmt>speed: 0.7</cmt>
      </trkpt>
      <trkpt lat="47.358502" lon="8.566101">
        <ele>465</ele>
        <time>2025-05-10T23:55:36Z</time>
        <cmt>speed: 0.8</cmt>
      </trkpt>
      <trkpt lat="47.358445" lon="8.566237">
        <ele>443</ele>
        <time>2025-05-11T00:05:37Z</time>
        <cmt>speed: 0.3</cmt>
      </trkpt>
      <trkpt lat="47.358479" lon="8.566142">
        <ele>455</ele>
        <time>2025-05-11T00:15:37Z</time>
        <cmt>speed: 1.2</cmt>
      </trkpt>
      <trkpt lat="47.358703" lon="8.564822">
        <ele>461</ele>
        <time>2025-05-11T00:25:35Z</time>
        <cmt>speed: 0.9</cmt>
      </trkpt>
      <trkpt lat="47.35979" lon="8.562498">
        <ele>427</ele>
        <time>2025-05-11T00:35:38Z</time>
        <cmt>speed: 1.0</cmt>
      </trkpt>
      <trkpt lat="47.36039" lon="8.562836">
        <ele>422</ele>
        <time>2025-05-11T00:45:36Z</time>
        <cmt>speed: 0.6</cmt>
      </trkpt>
      <trkpt lat="47.359762" lon="8.561624">
        <ele>465</ele>
        <time>2025-05-11T00:55:37Z</time>
        <cmt>speed: 0.1</cmt>
      </trkpt>
      <trkpt lat="47.359746" lon="8.561496">
        <ele>436</ele>
        <time>2025-05-11T01:05:35Z</time>
        <cmt>speed: 1.6</cmt>
      </trkpt>
      <trkpt lat="47.359974" lon="8.56367">
        <ele>434</ele>
        <time>2025-05-11T01:15:35Z</time>
      </trkpt>
      <trkpt lat="47.359974" lon="8.56367">
        <ele>434</ele>
        <time>2025-05-11T01:30:35Z</time>
      </trkpt>
      <trkpt lat="47.360409" lon="8.562576">
        <ele>404</ele>
        <time>2025-05-11T05:42:06Z</time>
        <cmt>speed: 0.4</cmt>
      </trkpt>
      <trkpt lat="47.358768" lon="8.560516">
        <ele>455</ele>
        <time>2025-05-11T05:51:57Z</time>
        <cmt>speed: 0.5</cmt>
      </trkpt>
      <trkpt lat="47.358685" lon="8.561463">
        <ele>393</ele>
        <time>2025-05-11T06:02:01Z</time>
        <cmt>speed: 0.2</cmt>
      </trkpt>
      <trkpt lat="47.358685" lon="8.561463">
        <ele>393</ele>
        <time>2025-05-11T06:02:01Z</time>
      </trkpt>
      <trkpt lat="47.358629" lon="8.5611">
        <ele>444</ele>
        <time>2025-05-11T06:11:58Z</time>
        <cmt>speed: 1.1</cmt>
      </trkpt>
      <trkpt lat="47.358709" lon="8.561232">
        <ele>417</ele>
        <time>2025-05-11T06:21:58Z</time>
        <cmt>speed: 0.1</cmt>
      </trkpt>
      <trkpt lat="47.358709" lon="8.561232">
        <ele>417</ele>
        <time>2025-05-11T06:22:02Z</time>
      </trkpt>
      <trkpt lat="47.358836" lon="8.560969">
        <ele>426</ele>
        <time>2025-05-11T06:32:13Z</time>
        <cmt>speed: 0.0</cmt>
      </trkpt>
      <trkpt lat="47.35872" lon="8.561088">
        <ele>420</ele>
        <time>2025-05-11T06:41:59Z</time>
        <cmt>speed: 0.9</cmt>
      </trkpt>
      <trkpt lat="47.35872" lon="8.561088">
        <ele>420</ele>
        <time>2025-05-11T06:42:01Z</time>
      </trkpt>
      <trkpt lat="47.358956" lon="8.561052">
        <ele>458</ele>
        <time>2025-05-11T06:51:59Z</time>
        <cmt>speed: 0.2</cmt>
      </trkpt>
      <trkpt lat="47.358888" lon="8.561009">
        <ele>437</ele>
        <time>2025-05-11T07:01:58Z</time>
        <cmt>speed: 0.4</cmt>
      </trkpt>
      <trkpt lat="47.358888" lon="8.561009">
        <ele>437</ele>
        <time>2025-05-11T07:02:01Z</time>
      </trkpt>
      <trkpt lat="47.358878" lon="8.560986">
        <ele>424</ele>
        <time>2025-05-11T07:11:58Z</time>
        <cmt>speed: 0.1</cmt>
      </trkpt>
      <trkpt lat="47.358878" lon="8.560986">
        <ele>424</ele>
        <time>2025-05-11T07:22:01Z</time>
      </trkpt>
      <trkpt lat="47.358727" lon="8.561066">
        <ele>429</ele>
        <time>2025-05-11T07:25:22Z</time>
        <cmt>speed: 4.6</cmt>
      </trkpt>
      <trkpt lat="47.358879" lon="8.560984">
        <ele>414</ele>
        <time>2025-05-11T07:35:28Z</time>
        <cmt>speed: 0.0</cmt>
      </trkpt>
      <trkpt lat="47.358879" lon="8.560984">
        <ele>414</ele>
        <time>2025-05-11T07:42:01Z</time>
      </trkpt>
      <trkpt lat="47.35889" lon="8.561162">
        <ele>476</ele>
        <time>2025-05-11T07:45:24Z</time>
        <cmt>speed: 0.0</cmt>
      </trkpt>
      <trkpt lat="47.358727" lon="8.561023">
        <ele>469</ele>
        <time>2025-05-11T07:55:29Z</time>
        <cmt>speed: 0.9</cmt>
      </trkpt>
      <trkpt lat="47.358791" lon="8.561097">
        <ele>415</ele>
        <time>2025-05-11T08:05:27Z</time>
        <cmt>speed: 1.0</cmt>
      </trkpt>
      <trkpt lat="47.35882" lon="8.561167">
        <ele>435</ele>
        <time>2025-05-11T08:15:33Z</time>
        <cmt>speed: 0.1</cmt>
      </trkpt>
      <trkpt lat="47.35882" lon="8.561167">
        <ele>435</ele>
        <time>2025-05-11T08:25:33Z</time>
      </trkpt>
      <trkpt lat="47.35873" lon="8.560966">
        <ele>433</ele>
        <time>2025-05-11T08:25:38Z</time>
        <cmt>speed: 0.3</cmt>
      </trkpt>
      <trkpt lat="47.358726" lon="8.560991">
        <ele>433</ele>
        <time>2025-05-11T08:35:50Z</time>
        <cmt>speed: 0.2</cmt>
      </trkpt>
      <trkpt lat="47.358822" lon="8.561119">
        <ele>433</ele>
        <time>2025-05-11T08:45:53Z</time>
        <cmt>speed: 0.3</cmt>
      </trkpt>
      <trkpt lat="47.358609" lon="8.560519">
        <ele>481</ele>
        <time>2025-05-11T08:55:54Z</time>
        <cmt>speed: 0.2</cmt>
      </trkpt>
      <trkpt lat="47.358609" lon="8.560519">
        <ele>481</ele>
        <time>2025-05-11T09:02:01Z</time>
      </trkpt>
      <trkpt lat="47.358618" lon="8.560811">
        <ele>414</ele>
        <time>2025-05-11T09:15:23Z</time>
        <cmt>speed: 0.2</cmt>
      </trkpt>
      <trkpt lat="47.358801" lon="8.561168">
        <ele>453</ele>
        <time>2025-05-11T09:35:52Z</time>
        <cmt>speed: 0.0</cmt>
      </trkpt>
      <trkpt lat="47.358801" lon="8.561168">
        <ele>453</ele>
        <time>2025-05-11T09:42:01Z</time>
      </trkpt>
      <trkpt lat="47.358717" lon="8.561091">
        <ele>432</ele>
        <time>2025-05-11T09:49:05Z</time>
        <cmt>speed: 0.9</cmt>
      </trkpt>
      <trkpt lat="47.358705" lon="8.561048">
        <ele>419</ele>
        <time>2025-05-11T09:58:59Z</time>
        <cmt>speed: 0.7</cmt>
      </trkpt>
      <trkpt lat="47.358705" lon="8.561048">
        <ele>419</ele>
        <time>2025-05-11T10:09:02Z</time>
      </trkpt>
      <trkpt lat="47.358642" lon="8.560951">
        <ele>453</ele>
        <time>2025-05-11T10:09:07Z</time>
        <cmt>speed: 2.0</cmt>
      </trkpt>
      <trkpt lat="47.358846" lon="8.561201">
        <ele>463</ele>
        <time>2025-05-11T10:19:02Z</time>
        <cmt>speed: 0.2</cmt>
      </trkpt>
      <trkpt lat="47.358846" lon="8.561201">
        <ele>463</ele>
        <time>2025-05-11T10:28:54Z</time>
      </trkpt>
      <trkpt lat="47.358895" lon="8.560836">
        <ele>394</ele>
        <time>2025-05-11T10:28:59Z</time>
        <cmt>speed: 0.2</cmt>
      </trkpt>
      <trkpt lat="47.358886" lon="8.561127">
        <ele>426</ele>
        <time>2025-05-11T10:38:58Z</time>
        <cmt>speed: 0.2</cmt>
      </trkpt>
      <trkpt lat="47.358861" lon="8.562116">
        <ele>439</ele>
        <time>2025-05-11T10:58:58Z</time>
        <cmt>speed: 0.1</cmt>
      </trkpt>
      <trkpt lat="47.358861" lon="8.562116">
        <ele>439</ele>
        <time>2025-05-11T11:09:01Z</time>
      </trkpt>
      <trkpt lat="47.358868" lon="8.562228">
        <ele>432</ele>
        <time>2025-05-11T11:09:06Z</time>
        <cmt>speed: 0.1</cmt>
      </trkpt>
      <trkpt lat="47.35902" lon="8.562371">
        <ele>475</ele>
        <time>2025-05-11T11:19:04Z</time>
        <cmt>speed: 0.5</cmt>
      </trkpt>
      <trkpt lat="47.358732" lon="8.562312">
        <ele>417</ele>
        <time>2025-05-11T11:48:59Z</time>
        <cmt>speed: 0.7</cmt>
      </trkpt>
      <trkpt lat="47.35904" lon="8.562272">
        <ele>454</ele>
        <time>2025-05-11T12:08:58Z</time>
        <cmt>speed: 0.3</cmt>
      </trkpt>
      <trkpt lat="47.358713" lon="8.562239">
        <ele>452</ele>
        <time>2025-05-11T12:18:58Z</time>
        <cmt>speed: 0.2</cmt>
      </trkpt>
      <trkpt lat="47.358713" lon="8.562239">
        <ele>452</ele>
        <time>2025-05-11T12:22:01Z</time>
      </trkpt>
      <trkpt lat="47.358236" lon="8.562646">
        <ele>427</ele>
        <time>2025-05-11T12:28:58Z</time>
        <cmt>speed: 0.0</cmt>
      </trkpt>
      <trkpt lat="47.358223" lon="8.562605">
        <ele>457</ele>
        <time>2025-05-11T12:38:58Z</time>
        <cmt>speed: 0.0</cmt>
      </trkpt>
      <trkpt lat="47.358428" lon="8.562718">
        <ele>448</ele>
        <time>2025-05-11T12:59:01Z</time>
        <cmt>speed: 0.2</cmt>
      </trkpt>
      <trkpt lat="47.358428" lon="8.562718">
        <ele>448</ele>
        <time>2025-05-11T13:09:02Z</time>
      </trkpt>
      <trkpt lat="47.358416" lon="8.562726">
        <ele>456</ele>
        <time>2025-05-11T13:09:08Z</time>
        <cmt>speed: 1.6</cmt>
      </trkpt>
      <trkpt lat="47.358259" lon="8.562444">
        <ele>419</ele>
        <time>2025-05-11T13:38:59Z</time>
        <cmt>speed: 0.1</cmt>
      </trkpt>
      <trkpt lat="47.358303" lon="8.562624">
        <ele>440</ele>
        <time>2025-05-11T13:48:58Z</time>
        <cmt>speed: 2.6</cmt>
      </trkpt>
      <trkpt lat="47.358196" lon="8.562524">
        <ele>447</ele>
        <time>2025-05-11T13:58:58Z</time>
        <cmt>speed: 1.4</cmt>
      </trkpt>
      <trkpt lat="47.357736" lon="8.563167">
        <ele>434</ele>
        <time>2025-05-11T14:08:58Z</time>
        <cmt>speed: 3.2</cmt>
      </trkpt>
      <trkpt lat="47.357765" lon="8.564007">
        <ele>461</ele>
        <time>2025-05-11T14:19:00Z</time>
        <cmt>speed: 0.4</cmt>
      </trkpt>
      <trkpt lat="47.357914" lon="8.564386">
        <ele>467</ele>
        <time>2025-05-11T14:28:58Z</time>
        <cmt>speed: 0.4</cmt>
      </trkpt>
      <trkpt lat="47.358154" lon="8.564697">
        <ele>424</ele>
        <time>2025-05-11T14:38:58Z</time>
        <cmt>speed: 0.6</cmt>
      </trkpt>
      <trkpt lat="47.358255" lon="8.564906">
        <ele>455</ele>
        <time>2025-05-11T14:48:58Z</time>
        <cmt>speed: 0.4</cmt>
      </trkpt>
      <trkpt lat="47.35837" lon="8.564464">
        <ele>476</ele>
        <time>2025-05-11T14:58:58Z</time>
        <cmt>speed: 0.4</cmt>
      </trkpt>
      <trkpt lat="47.35837" lon="8.564464">
        <ele>476</ele>
        <time>2025-05-11T15:08:53Z</time>
      </trkpt>
      <trkpt lat="47.358114" lon="8.5647">
        <ele>432</ele>
        <time>2025-05-11T15:08:59Z</time>
        <cmt>speed: 0.0</cmt>
      </trkpt>
      <trkpt lat="47.358114" lon="8.5647">
        <ele>432</ele>
        <time>2025-05-11T15:22:01Z</time>
      </trkpt>
      <trkpt lat="47.358172" lon="8.564589">
        <ele>432</ele>
        <time>2025-05-11T15:24:26Z</time>
        <cmt>speed: 0.3</cmt>
      </trkpt>
      <trkpt lat="47.357945" lon="8.564623">
        <ele>468</ele>
        <time>2025-05-11T15:34:27Z</time>
        <cmt>speed: 0.1</cmt>
      </trkpt>
      <trkpt lat="47.357715" lon="8.565178">
        <ele>456</ele>
        <time>2025-05-11T15:44:27Z</time>
        <cmt>speed: 0.0</cmt>
      </trkpt>
      <trkpt lat="47.357674" lon="8.565101">
        <ele>458</ele>
        <time>2025-05-11T15:54:26Z</time>
        <cmt>speed: 1.4</cmt>
      </trkpt>
      <trkpt lat="47.357674" lon="8.565101">
        <ele>458</ele>
        <time>2025-05-11T16:04:21Z</time>
      </trkpt>
      <trkpt lat="47.357634" lon="8.564963">
        <ele>452</ele>
        <time>2025-05-11T16:04:27Z</time>
        <cmt>speed: 0.2</cmt>
      </trkpt>
      <trkpt lat="47.357653" lon="8.565213">
        <ele>450</ele>
        <time>2025-05-11T16:14:27Z</time>
        <cmt>speed: 0.2</cmt>
      </trkpt>
      <trkpt lat="47.357653" lon="8.565213">
        <ele>450</ele>
        <time>2025-05-11T16:24:21Z</time>
      </trkpt>
      <trkpt lat="47.357624" lon="8.565172">
        <ele>439</ele>
        <time>2025-05-11T16:24:27Z</time>
        <cmt>speed: 0.3</cmt>
      </trkpt>
      <trkpt lat="47.357556" lon="8.565064">
        <ele>458</ele>
        <time>2025-05-11T16:34:27Z</time>
        <cmt>speed: 0.1</cmt>
      </trkpt>
      <trkpt lat="47.357556" lon="8.565064">
        <ele>458</ele>
        <time>2025-05-11T16:44:23Z</time>
      </trkpt>
      <trkpt lat="47.357621" lon="8.56509">
        <ele>478</ele>
        <time>2025-05-11T16:44:30Z</time>
        <cmt>speed: 0.0</cmt>
      </trkpt>
      <trkpt lat="47.357376" lon="8.564968">
        <ele>438</ele>
        <time>2025-05-11T16:54:27Z</time>
        <cmt>speed: 0.4</cmt>
      </trkpt>
      <trkpt lat="47.357376" lon="8.564968">
        <ele>438</ele>
        <time>2025-05-11T17:04:19Z</time>
      </trkpt>
      <trkpt lat="47.357621" lon="8.565137">
        <ele>472</ele>
        <time>2025-05-11T17:04:25Z</time>
        <cmt>speed: 1.9</cmt>
      </trkpt>
      <trkpt lat="47.357545" lon="8.565122">
        <ele>474</ele>
        <time>2025-05-11T17:14:27Z</time>
        <cmt>speed: 0.0</cmt>
      </trkpt>
      <trkpt lat="47.357641" lon="8.565341">
        <ele>461</ele>
        <time>2025-05-11T17:24:26Z</time>
        <cmt>speed: 0.3</cmt>
      </trkpt>
      <trkpt lat="47.35694" lon="8.565616">
        <ele>464</ele>
        <time>2025-05-11T17:34:26Z</time>
        <cmt>speed: 0.3</cmt>
      </trkpt>
      <trkpt lat="47.357269" lon="8.564504">
        <ele>454</ele>
        <time>2025-05-11T17:44:27Z</time>
        <cmt>speed: 0.0</cmt>
      </trkpt>
      <trkpt lat="47.357755" lon="8.564101">
        <ele>441</ele>
        <time>2025-05-11T17:54:27Z</time>
        <cmt>speed: 0.7</cmt>
      </trkpt>
      <trkpt lat="47.357694" lon="8.563837">
        <ele>447</ele>
        <time>2025-05-11T18:04:27Z</time>
        <cmt>speed: 0.4</cmt>
      </trkpt>
      <trkpt lat="47.357636" lon="8.563887">
        <ele>433</ele>
        <time>2025-05-11T18:14:28Z</time>
        <cmt>speed: 0.7</cmt>
      </trkpt>
      <trkpt lat="47.357636" lon="8.563887">
        <ele>433</ele>
        <time>2025-05-11T18:24:21Z</time>
      </trkpt>
      <trkpt lat="47.357582" lon="8.563847">
        <ele>454</ele>
        <time>2025-05-11T18:24:28Z</time>
        <cmt>speed: 1.1</cmt>
      </trkpt>
      <trkpt lat="47.357666" lon="8.563899">
        <ele>447</ele>
        <time>2025-05-11T18:34:29Z</time>
        <cmt>speed: 1.0</cmt>
      </trkpt>
      <trkpt lat="47.357666" lon="8.563899">
        <ele>447</ele>
        <time>2025-05-11T18:44:21Z</time>
      </trkpt>
      <trkpt lat="47.357626" lon="8.563892">
        <ele>454</ele>
        <time>2025-05-11T18:44:28Z</time>
        <cmt>speed: 0.0</cmt>
      </trkpt>
      <trkpt lat="47.357646" lon="8.56399">
        <ele>454</ele>
        <time>2025-05-11T18:54:29Z</time>
        <cmt>speed: 0.1</cmt>
      </trkpt>
      <trkpt lat="47.357646" lon="8.56399">
        <ele>454</ele>
        <time>2025-05-11T19:04:21Z</time>
      </trkpt>
      <trkpt lat="47.357502" lon="8.563991">
        <ele>453</ele>
        <time>2025-05-11T19:04:27Z</time>
        <cmt>speed: 1.0</cmt>
      </trkpt>
      <trkpt lat="47.357866" lon="8.563779">
        <ele>454</ele>
        <time>2025-05-11T19:14:27Z</time>
        <cmt>speed: 1.4</cmt>
      </trkpt>
      <trkpt lat="47.357866" lon="8.563779">
        <ele>454</ele>
        <time>2025-05-11T19:24:21Z</time>
      </trkpt>
      <trkpt lat="47.35763" lon="8.563955">
        <ele>445</ele>
        <time>2025-05-11T19:24:28Z</time>
        <cmt>speed: 0.1</cmt>
      </trkpt>
      <trkpt lat="47.357494" lon="8.564">
        <ele>511</ele>
        <time>2025-05-11T19:34:27Z</time>
        <cmt>speed: 0.2</cmt>
      </trkpt>
      <trkpt lat="47.357451" lon="8.563921">
        <ele>469</ele>
        <time>2025-05-11T19:44:27Z</time>
        <cmt>speed: 0.5</cmt>
      </trkpt>
      <trkpt lat="47.357313" lon="8.5642">
        <ele>452</ele>
        <time>2025-05-11T19:54:27Z</time>
        <cmt>speed: 0.8</cmt>
      </trkpt>
      <trkpt lat="47.357128" lon="8.563837">
        <ele>482</ele>
        <time>2025-05-11T20:04:26Z</time>
        <cmt>speed: 0.5</cmt>
      </trkpt>
      <trkpt lat="47.358791" lon="8.564507">
        <ele>462</ele>
        <time>2025-05-11T20:14:27Z</time>
        <cmt>speed: 0.9</cmt>
      </trkpt>
      <trkpt lat="47.35904" lon="8.563992">
        <ele>446</ele>
        <time>2025-05-11T20:24:28Z</time>
        <cmt>speed: 0.3</cmt>
      </trkpt>
      <trkpt lat="47.358732" lon="8.563705">
        <ele>465</ele>
        <time>2025-05-11T20:34:28Z</time>
        <cmt>speed: 0.1</cmt>
      </trkpt>
      <trkpt lat="47.358537" lon="8.564392">
        <ele>490</ele>
        <time>2025-05-11T20:44:27Z</time>
        <cmt>speed: 0.9</cmt>
      </trkpt>
      <trkpt lat="47.359047" lon="8.562543">
        <ele>452</ele>
        <time>2025-05-11T20:54:28Z</time>
        <cmt>speed: 0.7</cmt>
      </trkpt>
      <trkpt lat="47.359282" lon="8.561923">
        <ele>428</ele>
        <time>2025-05-11T21:04:28Z</time>
        <cmt>speed: 0.2</cmt>
      </trkpt>
      <trkpt lat="47.358644" lon="8.560382">
        <ele>462</ele>
        <time>2025-05-11T21:14:28Z</time>
        <cmt>speed: 1.0</cmt>
      </trkpt>
      <trkpt lat="47.358831" lon="8.559977">
        <ele>443</ele>
        <time>2025-05-11T21:24:26Z</time>
        <cmt>speed: 3.2</cmt>
      </trkpt>
      <trkpt lat="47.35903" lon="8.559539">
        <ele>481</ele>
        <time>2025-05-11T21:34:32Z</time>
        <cmt>speed: 0.3</cmt>
      </trkpt>
      <trkpt lat="47.35901" lon="8.558758">
        <ele>449</ele>
        <time>2025-05-11T21:44:27Z</time>
        <cmt>speed: 0.0</cmt>
      </trkpt>
      <trkpt lat="47.359403" lon="8.560211">
        <ele>436</ele>
        <time>2025-05-11T21:54:29Z</time>
        <cmt>speed: 0.8</cmt>
      </trkpt>
      <trkpt lat="47.360276" lon="8.559984">
        <ele>482</ele>
        <time>2025-05-11T22:04:28Z</time>
        <cmt>speed: 1.3</cmt>
      </trkpt>
      <trkpt lat="47.359554" lon="8.561005">
        <ele>447</ele>
        <time>2025-05-11T22:14:39Z</time>
        <cmt>speed: 0.3</cmt>
      </trkpt>
      <trkpt lat="47.359554" lon="8.561005">
        <ele>447</ele>
        <time>2025-05-11T22:24:36Z</time>
      </trkpt>
      <trkpt lat="47.359435" lon="8.561009">
        <ele>434</ele>
        <time>2025-05-11T22:24:43Z</time>
        <cmt>speed: 0.0</cmt>
      </trkpt>
      <trkpt lat="47.359577" lon="8.560789">
        <ele>413</ele>
        <time>2025-05-11T22:34:30Z</time>
        <cmt>speed: 0.4</cmt>
      </trkpt>
      <trkpt lat="47.359262" lon="8.561434">
        <ele>431</ele>
        <time>2025-05-11T22:44:29Z</time>
        <cmt>speed: 0.5</cmt>
      </trkpt>
      <trkpt lat="47.35884" lon="8.562869">
        <ele>475</ele>
        <time>2025-05-11T22:54:27Z</time>
        <cmt>speed: 0.3</cmt>
      </trkpt>
      <trkpt lat="47.358993" lon="8.563901">
        <ele>429</ele>
        <time>2025-05-11T23:04:31Z</time>
        <cmt>speed: 0.1</cmt>
      </trkpt>
      <trkpt lat="47.358963" lon="8.564516">
        <ele>451</ele>
        <time>2025-05-11T23:14:28Z</time>
        <cmt>speed: 1.2</cmt>
      </trkpt>
      <trkpt lat="47.3585" lon="8.565931">
        <ele>469</ele>
        <time>2025-05-11T23:24:26Z</time>
        <cmt>speed: 0.2</cmt>
      </trkpt>
      <trkpt lat="47.358652" lon="8.565789">
        <ele>426</ele>
        <time>2025-05-11T23:34:26Z</time>
        <cmt>speed: 1.0</cmt>
      </trkpt>
      <trkpt lat="47.35851" lon="8.565544">
        <ele>447</ele>
        <time>2025-05-11T23:44:28Z</time>
        <cmt>speed: 0.0</cmt>
      </trkpt>
      <trkpt lat="47.3593" lon="8.563977">
        <ele>446</ele>
        <time>2025-05-11T23:54:27Z</time>
        <cmt>speed: 0.2</cmt>
      </trkpt>
      <trkpt lat="47.3593" lon="8.563977">
        <ele>446</ele>
        <time>2025-05-12T00:04:21Z</time>
      </trkpt>
      <trkpt lat="47.35928" lon="8.563883">
        <ele>420</ele>
        <time>2025-05-12T00:04:28Z</time>
        <cmt>speed: 0.5</cmt>
      </trkpt>
      <trkpt lat="47.359102" lon="8.564109">
        <ele>456</ele>
        <time>2025-05-12T00:14:26Z</time>
        <cmt>speed: 2.9</cmt>
      </trkpt>
      <trkpt lat="47.358983" lon="8.563838">
        <ele>400</ele>
        <time>2025-05-12T00:34:39Z</time>
        <cmt>speed: 0.4</cmt>
      </trkpt>
      <trkpt lat="47.359016" lon="8.56412">
        <ele>476</ele>
        <time>2025-05-12T01:21:22Z</time>
        <cmt>speed: 0.1</cmt>
      </trkpt>
      <trkpt lat="47.359016" lon="8.56412">
        <ele>476</ele>
        <time>2025-05-12T01:41:17Z</time>
      </trkpt>
      <trkpt lat="47.358923" lon="8.564289">
        <ele>467</ele>
        <time>2025-05-12T01:41:25Z</time>
        <cmt>speed: 0.0</cmt>
      </trkpt>
      <trkpt lat="47.358923" lon="8.564289">
        <ele>467</ele>
        <time>2025-05-12T02:41:20Z</time>
      </trkpt>
      <trkpt lat="47.359113" lon="8.564332">
        <ele>486</ele>
        <time>2025-05-12T02:41:28Z</time>
        <cmt>speed: 0.5</cmt>
      </trkpt>
      <trkpt lat="47.3591" lon="8.564324">
        <ele>434</ele>
        <time>2025-05-12T03:21:07Z</time>
        <cmt>speed: 0.2</cmt>
      </trkpt>
      <trkpt lat="47.358947" lon="8.564615">
        <ele>458</ele>
        <time>2025-05-12T03:30:49Z</time>
        <cmt>speed: 0.2</cmt>
      </trkpt>
      <trkpt lat="47.358997" lon="8.564134">
        <ele>422</ele>
        <time>2025-05-12T03:40:51Z</time>
        <cmt>speed: 0.3</cmt>
      </trkpt>
      <trkpt lat="47.358171" lon="8.564434">
        <ele>446</ele>
        <time>2025-05-12T03:50:47Z</time>
        <cmt>speed: 0.9</cmt>
      </trkpt>
      <trkpt lat="47.358103" lon="8.564336">
        <ele>454</ele>
        <time>2025-05-12T04:00:47Z</time>
        <cmt>speed: 0.0</cmt>
      </trkpt>
      <trkpt lat="47.358083" lon="8.56498">
        <ele>457</ele>
        <time>2025-05-12T04:10:59Z</time>
        <cmt>speed: 0.1</cmt>
      </trkpt>
      <trkpt lat="47.35796" lon="8.564857">
        <ele>443</ele>
        <time>2025-05-12T04:20:47Z</time>
        <cmt>speed: 0.4</cmt>
      </trkpt>
      <trkpt lat="47.357693" lon="8.565498">
        <ele>472</ele>
        <time>2025-05-12T04:30:50Z</time>
        <cmt>speed: 2.0</cmt>
      </trkpt>
      <trkpt lat="47.357981" lon="8.56442">
        <ele>464</ele>
        <time>2025-05-12T04:40:46Z</time>
        <cmt>speed: 0.0</cmt>
      </trkpt>
      <trkpt lat="47.358221" lon="8.564373">
        <ele>437</ele>
        <time>2025-05-12T04:50:47Z</time>
        <cmt>speed: 0.3</cmt>
      </trkpt>
      <trkpt lat="47.358033" lon="8.564558">
        <ele>469</ele>
        <time>2025-05-12T05:00:45Z</time>
        <cmt>speed: 0.3</cmt>
      </trkpt>
      <trkpt lat="47.358791" lon="8.564031">
        <ele>405</ele>
        <time>2025-05-12T05:10:47Z</time>
        <cmt>speed: 0.3</cmt>
      </trkpt>
      <trkpt lat="47.360543" lon="8.56394">
        <ele>456</ele>
        <time>2025-05-12T05:20:48Z</time>
        <cmt>speed: 0.7</cmt>
      </trkpt>
      <trkpt lat="47.359959" lon="8.563643">
        <ele>434</ele>
        <time>2025-05-12T05:24:37Z</time>
      </trkpt>
      <trkpt lat="47.359959" lon="8.563643">
        <ele>434</ele>
        <time>2025-05-12T05:39:37Z</time>
      </trkpt>
      <trkpt lat="47.359905" lon="8.562895">
        <ele>428</ele>
        <time>2025-05-12T05:46:21Z</time>
        <cmt>speed: 0.6</cmt>
      </trkpt>
      <trkpt lat="47.358795" lon="8.561002">
        <ele>429</ele>
        <time>2025-05-12T05:56:17Z</time>
        <cmt>speed: 1.8</cmt>
      </trkpt>
      <trkpt lat="47.358492" lon="8.561262">
        <ele>432</ele>
        <time>2025-05-12T06:06:19Z</time>
        <cmt>speed: 0.2</cmt>
      </trkpt>
      <trkpt lat="47.358784" lon="8.561222">
        <ele>440</ele>
        <time>2025-05-12T06:16:19Z</time>
        <cmt>speed: 0.4</cmt>
      </trkpt>
      <trkpt lat="47.358784" lon="8.561222">
        <ele>440</ele>
        <time>2025-05-12T06:26:15Z</time>
      </trkpt>
      <trkpt lat="47.358635" lon="8.561282">
        <ele>448</ele>
        <time>2025-05-12T06:26:23Z</time>
        <cmt>speed: 0.3</cmt>
      </trkpt>
      <trkpt lat="47.358593" lon="8.561294">
        <ele>434</ele>
        <time>2025-05-12T06:36:21Z</time>
        <cmt>speed: 0.1</cmt>
      </trkpt>
      <trkpt lat="47.358622" lon="8.562027">
        <ele>428</ele>
        <time>2025-05-12T06:46:19Z</time>
        <cmt>speed: 0.1</cmt>
      </trkpt>
      <trkpt lat="47.358621" lon="8.562224">
        <ele>434</ele>
        <time>2025-05-12T06:56:20Z</time>
        <cmt>speed: 0.1</cmt>
      </trkpt>
      <trkpt lat="47.35865" lon="8.562307">
        <ele>444</ele>
        <time>2025-05-12T07:16:21Z</time>
        <cmt>speed: 0.0</cmt>
      </trkpt>
      <trkpt lat="47.35865" lon="8.562307">
        <ele>444</ele>
        <time>2025-05-12T07:26:21Z</time>
      </trkpt>
      <trkpt lat="47.358672" lon="8.562306">
        <ele>448</ele>
        <time>2025-05-12T07:26:30Z</time>
        <cmt>speed: 0.0</cmt>
      </trkpt>
      <trkpt lat="47.358672" lon="8.562306">
        <ele>448</ele>
        <time>2025-05-12T08:46:38Z</time>
      </trkpt>
      <trkpt lat="47.358581" lon="8.562377">
        <ele>455</ele>
        <time>2025-05-12T08:46:47Z</time>
        <cmt>speed: 0.1</cmt>
      </trkpt>
      <trkpt lat="47.358581" lon="8.562377">
        <ele>455</ele>
        <time>2025-05-12T09:06:22Z</time>
      </trkpt>
      <trkpt lat="47.358696" lon="8.562268">
        <ele>428</ele>
        <time>2025-05-12T09:06:31Z</time>
        <cmt>speed: 0.5</cmt>
      </trkpt>
      <trkpt lat="47.35866" lon="8.562243">
        <ele>435</ele>
        <time>2025-05-12T09:16:20Z</time>
        <cmt>speed: 0.2</cmt>
      </trkpt>
      <trkpt lat="47.358608" lon="8.562112">
        <ele>466</ele>
        <time>2025-05-12T09:36:26Z</time>
        <cmt>speed: 0.1</cmt>
      </trkpt>
      <trkpt lat="47.358608" lon="8.562112">
        <ele>466</ele>
        <time>2025-05-12T09:46:14Z</time>
      </trkpt>
      <trkpt lat="47.358644" lon="8.562253">
        <ele>431</ele>
        <time>2025-05-12T09:46:23Z</time>
        <cmt>speed: 0.0</cmt>
      </trkpt>
      <trkpt lat="47.358709" lon="8.562268">
        <ele>438</ele>
        <time>2025-05-12T10:16:21Z</time>
        <cmt>speed: 0.1</cmt>
      </trkpt>
      <trkpt lat="47.358709" lon="8.562268">
        <ele>438</ele>
        <time>2025-05-12T10:26:28Z</time>
      </trkpt>
      <trkpt lat="47.35868" lon="8.562217">
        <ele>429</ele>
        <time>2025-05-12T10:26:37Z</time>
        <cmt>speed: 0.5</cmt>
      </trkpt>
      <trkpt lat="47.358706" lon="8.562174">
        <ele>434</ele>
        <time>2025-05-12T10:36:27Z</time>
        <cmt>speed: 0.1</cmt>
      </trkpt>
      <trkpt lat="47.358808" lon="8.562282">
        <ele>448</ele>
        <time>2025-05-12T10:56:20Z</time>
        <cmt>speed: 0.4</cmt>
      </trkpt>
      <trkpt lat="47.358808" lon="8.562282">
        <ele>448</ele>
        <time>2025-05-12T11:06:13Z</time>
      </trkpt>
      <trkpt lat="47.358639" lon="8.562184">
        <ele>446</ele>
        <time>2025-05-12T11:06:19Z</time>
        <cmt>speed: 0.1</cmt>
      </trkpt>
      <trkpt lat="47.358761" lon="8.562144">
        <ele>434</ele>
        <time>2025-05-12T11:16:35Z</time>
        <cmt>speed: 0.4</cmt>
      </trkpt>
      <trkpt lat="47.358761" lon="8.562144">
        <ele>434</ele>
        <time>2025-05-12T11:26:20Z</time>
      </trkpt>
      <trkpt lat="47.358623" lon="8.562221">
        <ele>449</ele>
        <time>2025-05-12T11:26:30Z</time>
        <cmt>speed: 0.1</cmt>
      </trkpt>
      <trkpt lat="47.358615" lon="8.562255">
        <ele>429</ele>
        <time>2025-05-12T11:36:23Z</time>
        <cmt>speed: 0.5</cmt>
      </trkpt>
      <trkpt lat="47.358373" lon="8.562409">
        <ele>426</ele>
        <time>2025-05-12T12:16:20Z</time>
        <cmt>speed: 0.3</cmt>
      </trkpt>
      <trkpt lat="47.358344" lon="8.562495">
        <ele>426</ele>
        <time>2025-05-12T12:26:19Z</time>
        <cmt>speed: 0.8</cmt>
      </trkpt>
      <trkpt lat="47.358301" lon="8.562532">
        <ele>431</ele>
        <time>2025-05-12T12:36:22Z</time>
        <cmt>speed: 0.4</cmt>
      </trkpt>
      <trkpt lat="47.358301" lon="8.562532">
        <ele>431</ele>
        <time>2025-05-12T12:46:24Z</time>
      </trkpt>
      <trkpt lat="47.358308" lon="8.562599">
        <ele>453</ele>
        <time>2025-05-12T12:46:33Z</time>
        <cmt>speed: 0.0</cmt>
      </trkpt>
      <trkpt lat="47.358183" lon="8.562772">
        <ele>470</ele>
        <time>2025-05-12T12:56:27Z</time>
        <cmt>speed: 0.4</cmt>
      </trkpt>
      <trkpt lat="47.358183" lon="8.562772">
        <ele>470</ele>
        <time>2025-05-12T13:06:18Z</time>
      </trkpt>
      <trkpt lat="47.358254" lon="8.562664">
        <ele>435</ele>
        <time>2025-05-12T13:06:28Z</time>
        <cmt>speed: 0.4</cmt>
      </trkpt>
      <trkpt lat="47.358344" lon="8.56265">
        <ele>459</ele>
        <time>2025-05-12T13:16:26Z</time>
        <cmt>speed: 0.1</cmt>
      </trkpt>
      <trkpt lat="47.358344" lon="8.56265">
        <ele>459</ele>
        <time>2025-05-12T13:26:10Z</time>
      </trkpt>
      <trkpt lat="47.358255" lon="8.56264">
        <ele>419</ele>
        <time>2025-05-12T13:26:20Z</time>
        <cmt>speed: 0.6</cmt>
      </trkpt>
      <trkpt lat="47.358338" lon="8.562816">
        <ele>435</ele>
        <time>2025-05-12T13:36:20Z</time>
        <cmt>speed: 0.3</cmt>
      </trkpt>
      <trkpt lat="47.35861" lon="8.563169">
        <ele>476</ele>
        <time>2025-05-12T13:46:20Z</time>
        <cmt>speed: 0.1</cmt>
      </trkpt>
      <trkpt lat="47.358629" lon="8.563019">
        <ele>457</ele>
        <time>2025-05-12T13:56:20Z</time>
        <cmt>speed: 0.5</cmt>
      </trkpt>
      <trkpt lat="47.358629" lon="8.563019">
        <ele>457</ele>
        <time>2025-05-12T14:06:10Z</time>
      </trkpt>
      <trkpt lat="47.358558" lon="8.5632">
        <ele>442</ele>
        <time>2025-05-12T14:06:20Z</time>
        <cmt>speed: 0.2</cmt>
      </trkpt>
      <trkpt lat="47.358448" lon="8.562999">
        <ele>471</ele>
        <time>2025-05-12T14:16:27Z</time>
        <cmt>speed: 0.0</cmt>
      </trkpt>
      <trkpt lat="47.358448" lon="8.562999">
        <ele>471</ele>
        <time>2025-05-12T14:26:10Z</time>
      </trkpt>
      <trkpt lat="47.358553" lon="8.56301">
        <ele>426</ele>
        <time>2025-05-12T14:29:39Z</time>
        <cmt>speed: 1.7</cmt>
      </trkpt>
      <trkpt lat="47.358528" lon="8.563356">
        <ele>447</ele>
        <time>2025-05-12T14:39:46Z</time>
        <cmt>speed: 0.4</cmt>
      </trkpt>
      <trkpt lat="47.358505" lon="8.563449">
        <ele>433</ele>
        <time>2025-05-12T14:49:40Z</time>
        <cmt>speed: 0.0</cmt>
      </trkpt>
      <trkpt lat="47.358106" lon="8.56401">
        <ele>452</ele>
        <time>2025-05-12T14:59:39Z</time>
        <cmt>speed: 0.8</cmt>
      </trkpt>
      <trkpt lat="47.358106" lon="8.56401">
        <ele>452</ele>
        <time>2025-05-12T15:09:31Z</time>
      </trkpt>
      <trkpt lat="47.358193" lon="8.564528">
        <ele>449</ele>
        <time>2025-05-12T15:09:41Z</time>
        <cmt>speed: 0.2</cmt>
      </trkpt>
      <trkpt lat="47.358131" lon="8.56416">
        <ele>469</ele>
        <time>2025-05-12T15:19:39Z</time>
        <cmt>speed: 0.2</cmt>
      </trkpt>
      <trkpt lat="47.358351" lon="8.564852">
        <ele>454</ele>
        <time>2025-05-12T15:29:39Z</time>
        <cmt>speed: 0.2</cmt>
      </trkpt>
      <trkpt lat="47.358322" lon="8.564929">
        <ele>447</ele>
        <time>2025-05-12T15:39:39Z</time>
        <cmt>speed: 1.0</cmt>
      </trkpt>
      <trkpt lat="47.358322" lon="8.564929">
        <ele>447</ele>
        <time>2025-05-12T15:49:30Z</time>
      </trkpt>
      <trkpt lat="47.358381" lon="8.564956">
        <ele>446</ele>
        <time>2025-05-12T15:49:40Z</time>
        <cmt>speed: 0.2</cmt>
      </trkpt>
      <trkpt lat="47.358377" lon="8.564829">
        <ele>447</ele>
        <time>2025-05-12T15:59:39Z</time>
        <cmt>speed: 0.1</cmt>
      </trkpt>
      <trkpt lat="47.358637" lon="8.56459">
        <ele>466</ele>
        <time>2025-05-12T16:09:39Z</time>
        <cmt>speed: 0.6</cmt>
      </trkpt>
      <trkpt lat="47.358624" lon="8.563867">
        <ele>432</ele>
        <time>2025-05-12T16:19:40Z</time>
        <cmt>speed: 2.3</cmt>
      </trkpt>
      <trkpt lat="47.359064" lon="8.562417">
        <ele>463</ele>
        <time>2025-05-12T16:29:48Z</time>
        <cmt>speed: 0.2</cmt>
      </trkpt>
      <trkpt lat="47.360091" lon="8.562457">
        <ele>448</ele>
        <time>2025-05-12T16:39:47Z</time>
        <cmt>speed: 0.4</cmt>
      </trkpt>
      <trkpt lat="47.359974" lon="8.56367">
        <ele>434</ele>
        <time>2025-05-12T16:42:53Z</time>
      </trkpt>
      <trkpt lat="47.359974" lon="8.56367">
        <ele>434</ele>
        <time>2025-05-12T16:57:53Z</time>
      </trkpt>
      <trkpt lat="47.360277" lon="8.562734">
        <ele>451</ele>
        <time>2025-05-12T17:06:01Z</time>
        <cmt>speed: 0.3</cmt>
      </trkpt>
      <trkpt lat="47.360029" lon="8.561832">
        <ele>421</ele>
        <time>2025-05-12T17:15:58Z</time>
        <cmt>speed: 1.1</cmt>
      </trkpt>
      <trkpt lat="47.360029" lon="8.561832">
        <ele>421</ele>
        <time>2025-05-12T17:25:51Z</time>
      </trkpt>
      <trkpt lat="47.35922" lon="8.561114">
        <ele>390</ele>
        <time>2025-05-12T17:25:55Z</time>
        <cmt>speed: 0.5</cmt>
      </trkpt>
      <trkpt lat="47.359501" lon="8.560551">
        <ele>442</ele>
        <time>2025-05-12T17:35:58Z</time>
        <cmt>speed: 0.0</cmt>
      </trkpt>
      <trkpt lat="47.359501" lon="8.560551">
        <ele>442</ele>
        <time>2025-05-12T17:46:04Z</time>
      </trkpt>
      <trkpt lat="47.359017" lon="8.560851">
        <ele>408</ele>
        <time>2025-05-12T17:46:14Z</time>
        <cmt>speed: 0.6</cmt>
      </trkpt>
      <trkpt lat="47.359583" lon="8.560388">
        <ele>385</ele>
        <time>2025-05-12T17:55:58Z</time>
        <cmt>speed: 0.2</cmt>
      </trkpt>
      <trkpt lat="47.358682" lon="8.560743">
        <ele>496</ele>
        <time>2025-05-12T18:05:54Z</time>
        <cmt>speed: 0.7</cmt>
      </trkpt>
      <trkpt lat="47.358808" lon="8.560575">
        <ele>367</ele>
        <time>2025-05-12T18:16:20Z</time>
        <cmt>speed: 2.0</cmt>
      </trkpt>
      <trkpt lat="47.359632" lon="8.560456">
        <ele>439</ele>
        <time>2025-05-12T18:26:15Z</time>
        <cmt>speed: 1.1</cmt>
      </trkpt>
      <trkpt lat="47.359632" lon="8.560456">
        <ele>439</ele>
        <time>2025-05-12T18:26:15Z</time>
      </trkpt>
      <trkpt lat="47.35962" lon="8.560399">
        <ele>418</ele>
        <time>2025-05-12T18:36:06Z</time>
        <cmt>speed: 0.7</cmt>
      </trkpt>
      <trkpt lat="47.360013" lon="8.561657">
        <ele>406</ele>
        <time>2025-05-12T18:45:56Z</time>
        <cmt>speed: 0.6</cmt>
      </trkpt>
      <trkpt lat="47.359974" lon="8.56367">
        <ele>434</ele>
        <time>2025-05-12T18:50:51Z</time>
      </trkpt>
      <trkpt lat="47.359974" lon="8.56367">
        <ele>434</ele>
        <time>2025-05-12T19:05:51Z</time>
      </trkpt>
      <trkpt lat="47.360557" lon="8.562656">
        <ele>425</ele>
        <time>2025-05-13T04:11:50Z</time>
        <cmt>speed: 1.8</cmt>
      </trkpt>
      <trkpt lat="47.359711" lon="8.560159">
        <ele>418</ele>
        <time>2025-05-13T04:21:41Z</time>
        <cmt>speed: 1.3</cmt>
      </trkpt>
      <trkpt lat="47.358543" lon="8.560028">
        <ele>433</ele>
        <time>2025-05-13T04:31:41Z</time>
        <cmt>speed: 0.9</cmt>
      </trkpt>
      <trkpt lat="47.357877" lon="8.560835">
        <ele>468</ele>
        <time>2025-05-13T04:41:47Z</time>
        <cmt>speed: 2.2</cmt>
      </trkpt>
      <trkpt lat="47.358149" lon="8.562088">
        <ele>448</ele>
        <time>2025-05-13T04:51:41Z</time>
        <cmt>speed: 0.8</cmt>
      </trkpt>
      <trkpt lat="47.358905" lon="8.561069">
        <ele>424</ele>
        <time>2025-05-13T05:01:41Z</time>
        <cmt>speed: 0.1</cmt>
      </trkpt>
      <trkpt lat="47.35866" lon="8.561264">
        <ele>399</ele>
        <time>2025-05-13T05:11:42Z</time>
        <cmt>speed: 0.0</cmt>
      </trkpt>
      <trkpt lat="47.35866" lon="8.561264">
        <ele>399</ele>
        <time>2025-05-13T05:11:42Z</time>
      </trkpt>
      <trkpt lat="47.358753" lon="8.561166">
        <ele>434</ele>
        <time>2025-05-13T05:23:55Z</time>
        <cmt>speed: 0.3</cmt>
      </trkpt>
      <trkpt lat="47.359066" lon="8.561195">
        <ele>492</ele>
        <time>2025-05-13T05:44:34Z</time>
        <cmt>speed: 0.4</cmt>
      </trkpt>
      <trkpt lat="47.359066" lon="8.561195">
        <ele>492</ele>
        <time>2025-05-13T05:54:05Z</time>
      </trkpt>
      <trkpt lat="47.35848" lon="8.561061">
        <ele>421</ele>
        <time>2025-05-13T05:54:06Z</time>
        <cmt>speed: 1.1</cmt>
      </trkpt>
      <trkpt lat="47.358556" lon="8.56116">
        <ele>428</ele>
        <time>2025-05-13T06:03:56Z</time>
        <cmt>speed: 0.1</cmt>
      </trkpt>
      <trkpt lat="47.358556" lon="8.56116">
        <ele>428</ele>
        <time>2025-05-13T06:11:40Z</time>
      </trkpt>
      <trkpt lat="47.358836" lon="8.561384">
        <ele>452</ele>
        <time>2025-05-13T06:15:30Z</time>
        <cmt>speed: 0.6</cmt>
      </trkpt>
      <trkpt lat="47.358802" lon="8.561164">
        <ele>453</ele>
        <time>2025-05-13T06:25:40Z</time>
        <cmt>speed: 0.1</cmt>
      </trkpt>
      <trkpt lat="47.358802" lon="8.561164">
        <ele>453</ele>
        <time>2025-05-13T06:35:44Z</time>
      </trkpt>
      <trkpt lat="47.358519" lon="8.560783">
        <ele>470</ele>
        <time>2025-05-13T06:35:45Z</time>
        <cmt>speed: 0.7</cmt>
      </trkpt>
      <trkpt lat="47.358619" lon="8.561224">
        <ele>445</ele>
        <time>2025-05-13T06:45:44Z</time>
        <cmt>speed: 0.5</cmt>
      </trkpt>
      <trkpt lat="47.358619" lon="8.561224">
        <ele>445</ele>
        <time>2025-05-13T06:55:28Z</time>
      </trkpt>
      <trkpt lat="47.358497" lon="8.561098">
        <ele>460</ele>
        <time>2025-05-13T06:55:29Z</time>
        <cmt>speed: 2.7</cmt>
      </trkpt>
      <trkpt lat="47.35862" lon="8.56201">
        <ele>453</ele>
        <time>2025-05-13T07:05:32Z</time>
        <cmt>speed: 1.1</cmt>
      </trkpt>
      <trkpt lat="47.357641" lon="8.562373">
        <ele>429</ele>
        <time>2025-05-13T07:15:55Z</time>
        <cmt>speed: 0.2</cmt>
      </trkpt>
      <trkpt lat="47.359182" lon="8.56199">
        <ele>451</ele>
        <time>2025-05-13T07:25:33Z</time>
        <cmt>speed: 0.9</cmt>
      </trkpt>
      <trkpt lat="47.358595" lon="8.564133">
        <ele>449</ele>
        <time>2025-05-13T07:35:32Z</time>
        <cmt>speed: 0.8</cmt>
      </trkpt>
      <trkpt lat="47.358479" lon="8.565019">
        <ele>443</ele>
        <time>2025-05-13T07:45:29Z</time>
        <cmt>speed: 0.6</cmt>
      </trkpt>
      <trkpt lat="47.358449" lon="8.565043">
        <ele>449</ele>
        <time>2025-05-13T07:55:36Z</time>
        <cmt>speed: 0.5</cmt>
      </trkpt>
      <trkpt lat="47.358398" lon="8.565115">
        <ele>417</ele>
        <time>2025-05-13T08:05:44Z</time>
        <cmt>speed: 0.1</cmt>
      </trkpt>
      <trkpt lat="47.358398" lon="8.565115">
        <ele>417</ele>
        <time>2025-05-13T08:11:40Z</time>
      </trkpt>
      <trkpt lat="47.358472" lon="8.564874">
        <ele>487</ele>
        <time>2025-05-13T08:16:11Z</time>
        <cmt>speed: 0.6</cmt>
      </trkpt>
      <trkpt lat="47.358472" lon="8.564874">
        <ele>487</ele>
        <time>2025-05-13T08:36:15Z</time>
      </trkpt>
      <trkpt lat="47.358649" lon="8.564706">
        <ele>484</ele>
        <time>2025-05-13T08:36:17Z</time>
        <cmt>speed: 0.0</cmt>
      </trkpt>
      <trkpt lat="47.358655" lon="8.564272">
        <ele>398</ele>
        <time>2025-05-13T08:46:48Z</time>
        <cmt>speed: 1.2</cmt>
      </trkpt>
      <trkpt lat="47.358651" lon="8.564943">
        <ele>466</ele>
        <time>2025-05-13T09:21:21Z</time>
        <cmt>speed: 0.2</cmt>
      </trkpt>
      <trkpt lat="47.358615" lon="8.564961">
        <ele>458</ele>
        <time>2025-05-13T09:31:14Z</time>
        <cmt>speed: 0.0</cmt>
      </trkpt>
      <trkpt lat="47.358673" lon="8.564797">
        <ele>425</ele>
        <time>2025-05-13T09:41:27Z</time>
        <cmt>speed: 0.1</cmt>
      </trkpt>
      <trkpt lat="47.358664" lon="8.564827">
        <ele>471</ele>
        <time>2025-05-13T10:11:52Z</time>
        <cmt>speed: 0.3</cmt>
      </trkpt>
      <trkpt lat="47.358482" lon="8.56508">
        <ele>460</ele>
        <time>2025-05-13T10:21:21Z</time>
        <cmt>speed: 0.1</cmt>
      </trkpt>
      <trkpt lat="47.358482" lon="8.56508">
        <ele>460</ele>
        <time>2025-05-13T10:51:47Z</time>
      </trkpt>
      <trkpt lat="47.358657" lon="8.564829">
        <ele>436</ele>
        <time>2025-05-13T10:51:49Z</time>
        <cmt>speed: 2.3</cmt>
      </trkpt>
      <trkpt lat="47.358619" lon="8.564962">
        <ele>449</ele>
        <time>2025-05-13T11:01:15Z</time>
        <cmt>speed: 0.2</cmt>
      </trkpt>
      <trkpt lat="47.358619" lon="8.564962">
        <ele>449</ele>
        <time>2025-05-13T11:11:12Z</time>
      </trkpt>
      <trkpt lat="47.358847" lon="8.564473">
        <ele>438</ele>
        <time>2025-05-13T11:21:33Z</time>
        <cmt>speed: 0.0</cmt>
      </trkpt>
      <trkpt lat="47.358576" lon="8.565184">
        <ele>470</ele>
        <time>2025-05-13T12:02:02Z</time>
        <cmt>speed: 0.2</cmt>
      </trkpt>
      <trkpt lat="47.358554" lon="8.565107">
        <ele>443</ele>
        <time>2025-05-13T12:21:26Z</time>
        <cmt>speed: 0.1</cmt>
      </trkpt>
      <trkpt lat="47.358522" lon="8.564673">
        <ele>487</ele>
        <time>2025-05-13T12:31:23Z</time>
        <cmt>speed: 0.1</cmt>
      </trkpt>
      <trkpt lat="47.358227" lon="8.565196">
        <ele>466</ele>
        <time>2025-05-13T12:41:22Z</time>
        <cmt>speed: 0.2</cmt>
      </trkpt>
      <trkpt lat="47.358062" lon="8.565372">
        <ele>446</ele>
        <time>2025-05-13T12:51:23Z</time>
        <cmt>speed: 0.3</cmt>
      </trkpt>
      <trkpt lat="47.358229" lon="8.56451">
        <ele>447</ele>
        <time>2025-05-13T13:01:24Z</time>
        <cmt>speed: 0.1</cmt>
      </trkpt>
      <trkpt lat="47.358263" lon="8.564347">
        <ele>487</ele>
        <time>2025-05-13T13:11:21Z</time>
        <cmt>speed: 0.3</cmt>
      </trkpt>
      <trkpt lat="47.358145" lon="8.563649">
        <ele>449</ele>
        <time>2025-05-13T13:21:22Z</time>
        <cmt>speed: 0.1</cmt>
      </trkpt>
      <trkpt lat="47.358599" lon="8.563211">
        <ele>443</ele>
        <time>2025-05-13T13:31:22Z</time>
        <cmt>speed: 0.8</cmt>
      </trkpt>
      <trkpt lat="47.358925" lon="8.563353">
        <ele>457</ele>
        <time>2025-05-13T13:41:21Z</time>
        <cmt>speed: 0.4</cmt>
      </trkpt>
      <trkpt lat="47.358457" lon="8.564333">
        <ele>442</ele>
        <time>2025-05-13T13:51:22Z</time>
        <cmt>speed: 0.0</cmt>
      </trkpt>
      <trkpt lat="47.358247" lon="8.565201">
        <ele>471</ele>
        <time>2025-05-13T14:01:21Z</time>
        <cmt>speed: 0.2</cmt>
      </trkpt>
      <trkpt lat="47.358005" lon="8.564438">
        <ele>442</ele>
        <time>2025-05-13T14:11:21Z</time>
        <cmt>speed: 0.8</cmt>
      </trkpt>
      <trkpt lat="47.358109" lon="8.564434">
        <ele>455</ele>
        <time>2025-05-13T14:21:22Z</time>
        <cmt>speed: 0.0</cmt>
      </trkpt>
      <trkpt lat="47.358128" lon="8.56438">
        <ele>470</ele>
        <time>2025-05-13T14:31:23Z</time>
        <cmt>speed: 0.3</cmt>
      </trkpt>
      <trkpt lat="47.358139" lon="8.564498">
        <ele>439</ele>
        <time>2025-05-13T14:41:22Z</time>
        <cmt>speed: 0.1</cmt>
      </trkpt>
      <trkpt lat="47.357707" lon="8.564707">
        <ele>454</ele>
        <time>2025-05-13T14:51:21Z</time>
        <cmt>speed: 0.5</cmt>
      </trkpt>
      <trkpt lat="47.357859" lon="8.565074">
        <ele>438</ele>
        <time>2025-05-13T15:01:22Z</time>
        <cmt>speed: 0.9</cmt>
      </trkpt>
      <trkpt lat="47.357682" lon="8.565223">
        <ele>476</ele>
        <time>2025-05-13T15:11:23Z</time>
        <cmt>speed: 0.4</cmt>
      </trkpt>
      <trkpt lat="47.35757" lon="8.56487">
        <ele>462</ele>
        <time>2025-05-13T15:21:22Z</time>
        <cmt>speed: 0.0</cmt>
      </trkpt>
      <trkpt lat="47.357733" lon="8.564418">
        <ele>480</ele>
        <time>2025-05-13T15:31:22Z</time>
        <cmt>speed: 0.1</cmt>
      </trkpt>
      <trkpt lat="47.357735" lon="8.564281">
        <ele>458</ele>
        <time>2025-05-13T15:41:24Z</time>
        <cmt>speed: 1.3</cmt>
      </trkpt>
      <trkpt lat="47.357735" lon="8.564281">
        <ele>458</ele>
        <time>2025-05-13T15:51:21Z</time>
      </trkpt>
      <trkpt lat="47.358232" lon="8.564466">
        <ele>498</ele>
        <time>2025-05-13T15:51:24Z</time>
        <cmt>speed: 0.2</cmt>
      </trkpt>
      <trkpt lat="47.358612" lon="8.564246">
        <ele>496</ele>
        <time>2025-05-13T16:01:22Z</time>
        <cmt>speed: 0.2</cmt>
      </trkpt>
      <trkpt lat="47.358692" lon="8.563313">
        <ele>454</ele>
        <time>2025-05-13T16:11:22Z</time>
        <cmt>speed: 0.0</cmt>
      </trkpt>
      <trkpt lat="47.358496" lon="8.562799">
        <ele>433</ele>
        <time>2025-05-13T16:21:21Z</time>
        <cmt>speed: 0.5</cmt>
      </trkpt>
      <trkpt lat="47.35854" lon="8.563046">
        <ele>476</ele>
        <time>2025-05-13T16:41:27Z</time>
        <cmt>speed: 0.8</cmt>
      </trkpt>
      <trkpt lat="47.35854" lon="8.563046">
        <ele>476</ele>
        <time>2025-05-13T16:51:24Z</time>
      </trkpt>
      <trkpt lat="47.358387" lon="8.562718">
        <ele>448</ele>
        <time>2025-05-13T16:51:27Z</time>
        <cmt>speed: 0.0</cmt>
      </trkpt>
      <trkpt lat="47.358467" lon="8.562746">
        <ele>437</ele>
        <time>2025-05-13T17:01:23Z</time>
        <cmt>speed: 0.4</cmt>
      </trkpt>
      <trkpt lat="47.358467" lon="8.562746">
        <ele>437</ele>
        <time>2025-05-13T17:11:22Z</time>
      </trkpt>
      <trkpt lat="47.35853" lon="8.562849">
        <ele>419</ele>
        <time>2025-05-13T17:11:25Z</time>
        <cmt>speed: 0.5</cmt>
      </trkpt>
      <trkpt lat="47.358535" lon="8.562762">
        <ele>423</ele>
        <time>2025-05-13T17:21:28Z</time>
        <cmt>speed: 0.0</cmt>
      </trkpt>
      <trkpt lat="47.358535" lon="8.562762">
        <ele>423</ele>
        <time>2025-05-13T17:31:21Z</time>
      </trkpt>
      <trkpt lat="47.358561" lon="8.562752">
        <ele>430</ele>
        <time>2025-05-13T17:31:24Z</time>
        <cmt>speed: 0.0</cmt>
      </trkpt>
      <trkpt lat="47.358598" lon="8.562466">
        <ele>412</ele>
        <time>2025-05-13T17:41:24Z</time>
        <cmt>speed: 0.2</cmt>
      </trkpt>
      <trkpt lat="47.358421" lon="8.562379">
        <ele>444</ele>
        <time>2025-05-13T17:51:22Z</time>
        <cmt>speed: 0.7</cmt>
      </trkpt>
      <trkpt lat="47.359979" lon="8.561704">
        <ele>436</ele>
        <time>2025-05-13T18:01:28Z</time>
        <cmt>speed: 0.2</cmt>
      </trkpt>
      <trkpt lat="47.359979" lon="8.561704">
        <ele>436</ele>
        <time>2025-05-13T18:11:21Z</time>
      </trkpt>
      <trkpt lat="47.360108" lon="8.561961">
        <ele>462</ele>
        <time>2025-05-13T18:11:24Z</time>
        <cmt>speed: 0.4</cmt>
      </trkpt>
      <trkpt lat="47.359336" lon="8.56037">
        <ele>435</ele>
        <time>2025-05-13T18:21:28Z</time>
        <cmt>speed: 0.0</cmt>
      </trkpt>
      <trkpt lat="47.359308" lon="8.560439">
        <ele>442</ele>
        <time>2025-05-13T18:31:27Z</time>
        <cmt>speed: 0.2</cmt>
      </trkpt>
      <trkpt lat="47.359321" lon="8.560526">
        <ele>423</ele>
        <time>2025-05-13T18:41:28Z</time>
        <cmt>speed: 0.5</cmt>
      </trkpt>
      <trkpt lat="47.358667" lon="8.561409">
        <ele>442</ele>
        <time>2025-05-13T18:51:24Z</time>
        <cmt>speed: 0.1</cmt>
      </trkpt>
      <trkpt lat="47.358656" lon="8.561013">
        <ele>399</ele>
        <time>2025-05-13T19:01:22Z</time>
        <cmt>speed: 0.4</cmt>
      </trkpt>
      <trkpt lat="47.358554" lon="8.562507">
        <ele>495</ele>
        <time>2025-05-13T19:11:23Z</time>
        <cmt>speed: 1.0</cmt>
      </trkpt>
      <trkpt lat="47.358765" lon="8.562472">
        <ele>456</ele>
        <time>2025-05-13T19:21:24Z</time>
        <cmt>speed: 0.1</cmt>
      </trkpt>
      <trkpt lat="47.358765" lon="8.562472">
        <ele>456</ele>
        <time>2025-05-13T19:31:18Z</time>
      </trkpt>
      <trkpt lat="47.358822" lon="8.562513">
        <ele>441</ele>
        <time>2025-05-13T19:31:21Z</time>
        <cmt>speed: 0.5</cmt>
      </trkpt>
      <trkpt lat="47.358831" lon="8.562644">
        <ele>442</ele>
        <time>2025-05-13T19:41:24Z</time>
        <cmt>speed: 0.5</cmt>
      </trkpt>
      <trkpt lat="47.358831" lon="8.562644">
        <ele>442</ele>
        <time>2025-05-13T19:51:25Z</time>
      </trkpt>
      <trkpt lat="47.358923" lon="8.562375">
        <ele>403</ele>
        <time>2025-05-13T19:51:28Z</time>
        <cmt>speed: 0.3</cmt>
      </trkpt>
      <trkpt lat="47.358838" lon="8.5625">
        <ele>443</ele>
        <time>2025-05-13T20:01:27Z</time>
        <cmt>speed: 0.0</cmt>
      </trkpt>
      <trkpt lat="47.358838" lon="8.5625">
        <ele>443</ele>
        <time>2025-05-13T20:11:25Z</time>
      </trkpt>
      <trkpt lat="47.358948" lon="8.56258">
        <ele>425</ele>
        <time>2025-05-13T20:11:28Z</time>
        <cmt>speed: 0.5</cmt>
      </trkpt>
      <trkpt lat="47.358828" lon="8.562653">
        <ele>429</ele>
        <time>2025-05-13T20:21:25Z</time>
        <cmt>speed: 0.0</cmt>
      </trkpt>
      <trkpt lat="47.35888" lon="8.562507">
        <ele>445</ele>
        <time>2025-05-13T20:31:26Z</time>
        <cmt>speed: 0.0</cmt>
      </trkpt>
      <trkpt lat="47.35878" lon="8.56264">
        <ele>434</ele>
        <time>2025-05-13T20:44:25Z</time>
        <cmt>speed: 0.2</cmt>
      </trkpt>
      <trkpt lat="47.35878" lon="8.56264">
        <ele>434</ele>
        <time>2025-05-13T20:54:23Z</time>
      </trkpt>
      <trkpt lat="47.358734" lon="8.562417">
        <ele>442</ele>
        <time>2025-05-13T20:54:26Z</time>
        <cmt>speed: 3.6</cmt>
      </trkpt>
      <trkpt lat="47.358641" lon="8.562518">
        <ele>451</ele>
        <time>2025-05-13T21:04:26Z</time>
        <cmt>speed: 0.4</cmt>
      </trkpt>
      <trkpt lat="47.358641" lon="8.562518">
        <ele>451</ele>
        <time>2025-05-13T21:14:25Z</time>
      </trkpt>
      <trkpt lat="47.358654" lon="8.562639">
        <ele>447</ele>
        <time>2025-05-13T21:14:29Z</time>
        <cmt>speed: 0.3</cmt>
      </trkpt>
      <trkpt lat="47.35874" lon="8.562531">
        <ele>456</ele>
        <time>2025-05-13T21:24:22Z</time>
        <cmt>speed: 0.3</cmt>
      </trkpt>
      <trkpt lat="47.35874" lon="8.562531">
        <ele>456</ele>
        <time>2025-05-13T21:34:19Z</time>
      </trkpt>
      <trkpt lat="47.358961" lon="8.5626">
        <ele>411</ele>
        <time>2025-05-13T21:34:23Z</time>
        <cmt>speed: 1.8</cmt>
      </trkpt>
      <trkpt lat="47.358609" lon="8.562617">
        <ele>473</ele>
        <time>2025-05-13T21:44:22Z</time>
        <cmt>speed: 0.1</cmt>
      </trkpt>
      <trkpt lat="47.358609" lon="8.562617">
        <ele>473</ele>
        <time>2025-05-13T21:54:19Z</time>
      </trkpt>
      <trkpt lat="47.358702" lon="8.562476">
        <ele>428</ele>
        <time>2025-05-13T21:54:22Z</time>
        <cmt>speed: 0.6</cmt>
      </trkpt>
      <trkpt lat="47.358852" lon="8.562635">
        <ele>441</ele>
        <time>2025-05-13T22:04:23Z</time>
        <cmt>speed: 0.3</cmt>
      </trkpt>
      <trkpt lat="47.358852" lon="8.562635">
        <ele>441</ele>
        <time>2025-05-13T22:14:18Z</time>
      </trkpt>
      <trkpt lat="47.358848" lon="8.562638">
        <ele>422</ele>
        <time>2025-05-13T22:14:22Z</time>
        <cmt>speed: 0.5</cmt>
      </trkpt>
      <trkpt lat="47.358856" lon="8.562524">
        <ele>437</ele>
        <time>2025-05-13T22:24:24Z</time>
        <cmt>speed: 0.0</cmt>
      </trkpt>
      <trkpt lat="47.358856" lon="8.562524">
        <ele>437</ele>
        <time>2025-05-13T22:34:19Z</time>
      </trkpt>
      <trkpt lat="47.358844" lon="8.562461">
        <ele>402</ele>
        <time>2025-05-13T22:34:22Z</time>
        <cmt>speed: 0.4</cmt>
      </trkpt>
      <trkpt lat="47.358828" lon="8.562516">
        <ele>447</ele>
        <time>2025-05-13T22:44:22Z</time>
        <cmt>speed: 0.0</cmt>
      </trkpt>
      <trkpt lat="47.359831" lon="8.561967">
        <ele>431</ele>
        <time>2025-05-13T22:54:22Z</time>
        <cmt>speed: 0.0</cmt>
      </trkpt>
      <trkpt lat="47.359738" lon="8.560981">
        <ele>469</ele>
        <time>2025-05-13T23:04:23Z</time>
        <cmt>speed: 0.8</cmt>
      </trkpt>
      <trkpt lat="47.359726" lon="8.558447">
        <ele>474</ele>
        <time>2025-05-13T23:14:57Z</time>
        <cmt>speed: 0.2</cmt>
      </trkpt>
      <trkpt lat="47.36008" lon="8.55835">
        <ele>449</ele>
        <time>2025-05-13T23:24:23Z</time>
        <cmt>speed: 0.3</cmt>
      </trkpt>
      <trkpt lat="47.360025" lon="8.558853">
        <ele>445</ele>
        <time>2025-05-13T23:34:31Z</time>
        <cmt>speed: 2.5</cmt>
      </trkpt>
      <trkpt lat="47.359867" lon="8.559485">
        <ele>401</ele>
        <time>2025-05-13T23:44:23Z</time>
        <cmt>speed: 0.4</cmt>
      </trkpt>
      <trkpt lat="47.359445" lon="8.560554">
        <ele>447</ele>
        <time>2025-05-13T23:54:22Z</time>
        <cmt>speed: 0.7</cmt>
      </trkpt>
      <trkpt lat="47.359238" lon="8.561368">
        <ele>424</ele>
        <time>2025-05-14T00:04:22Z</time>
        <cmt>speed: 1.2</cmt>
      </trkpt>
      <trkpt lat="47.358854" lon="8.564732">
        <ele>439</ele>
        <time>2025-05-14T00:14:22Z</time>
        <cmt>speed: 0.1</cmt>
      </trkpt>
      <trkpt lat="47.358892" lon="8.564186">
        <ele>432</ele>
        <time>2025-05-14T00:24:28Z</time>
        <cmt>speed: 1.6</cmt>
      </trkpt>
      <trkpt lat="47.358892" lon="8.564186">
        <ele>432</ele>
        <time>2025-05-14T00:34:32Z</time>
      </trkpt>
      <trkpt lat="47.359048" lon="8.564522">
        <ele>466</ele>
        <time>2025-05-14T00:34:36Z</time>
        <cmt>speed: 0.4</cmt>
      </trkpt>
      <trkpt lat="47.358974" lon="8.564172">
        <ele>441</ele>
        <time>2025-05-14T00:44:43Z</time>
        <cmt>speed: 0.2</cmt>
      </trkpt>
      <trkpt lat="47.358915" lon="8.564288">
        <ele>444</ele>
        <time>2025-05-14T00:54:23Z</time>
        <cmt>speed: 0.2</cmt>
      </trkpt>
      <trkpt lat="47.35929" lon="8.563819">
        <ele>475</ele>
        <time>2025-05-14T01:04:22Z</time>
        <cmt>speed: 0.5</cmt>
      </trkpt>
      <trkpt lat="47.359188" lon="8.563908">
        <ele>450</ele>
        <time>2025-05-14T01:14:23Z</time>
        <cmt>speed: 0.0</cmt>
      </trkpt>
      <trkpt lat="47.35894" lon="8.563871">
        <ele>461</ele>
        <time>2025-05-14T01:24:23Z</time>
        <cmt>speed: 1.0</cmt>
      </trkpt>
      <trkpt lat="47.35894" lon="8.563871">
        <ele>461</ele>
        <time>2025-05-14T01:34:20Z</time>
      </trkpt>
      <trkpt lat="47.35883" lon="8.563788">
        <ele>474</ele>
        <time>2025-05-14T01:34:25Z</time>
        <cmt>speed: 0.0</cmt>
      </trkpt>
      <trkpt lat="47.358777" lon="8.563751">
        <ele>472</ele>
        <time>2025-05-14T01:44:27Z</time>
        <cmt>speed: 0.0</cmt>
      </trkpt>
      <trkpt lat="47.358777" lon="8.563751">
        <ele>472</ele>
        <time>2025-05-14T01:54:21Z</time>
      </trkpt>
      <trkpt lat="47.359011" lon="8.563895">
        <ele>444</ele>
        <time>2025-05-14T01:54:25Z</time>
        <cmt>speed: 0.5</cmt>
      </trkpt>
      <trkpt lat="47.358922" lon="8.564061">
        <ele>441</ele>
        <time>2025-05-14T02:04:28Z</time>
        <cmt>speed: 0.3</cmt>
      </trkpt>
      <trkpt lat="47.358706" lon="8.565017">
        <ele>441</ele>
        <time>2025-05-14T02:14:23Z</time>
        <cmt>speed: 0.5</cmt>
      </trkpt>
      <trkpt lat="47.358936" lon="8.56495">
        <ele>451</ele>
        <time>2025-05-14T02:24:33Z</time>
        <cmt>speed: 4.6</cmt>
      </trkpt>
      <trkpt lat="47.359279" lon="8.563934">
        <ele>478</ele>
        <time>2025-05-14T02:34:23Z</time>
        <cmt>speed: 0.7</cmt>
      </trkpt>
      <trkpt lat="47.359112" lon="8.56001">
        <ele>456</ele>
        <time>2025-05-14T02:44:23Z</time>
        <cmt>speed: 0.7</cmt>
      </trkpt>
      <trkpt lat="47.358822" lon="8.55863">
        <ele>429</ele>
        <time>2025-05-14T02:54:21Z</time>
        <cmt>speed: 1.3</cmt>
      </trkpt>
      <trkpt lat="47.359042" lon="8.558669">
        <ele>419</ele>
        <time>2025-05-14T03:04:29Z</time>
        <cmt>speed: 0.5</cmt>
      </trkpt>
      <trkpt lat="47.358584" lon="8.560208">
        <ele>453</ele>
        <time>2025-05-14T03:14:23Z</time>
        <cmt>speed: 0.1</cmt>
      </trkpt>
      <trkpt lat="47.358911" lon="8.560897">
        <ele>445</ele>
        <time>2025-05-14T03:24:22Z</time>
        <cmt>speed: 0.1</cmt>
      </trkpt>
      <trkpt lat="47.358914" lon="8.561066">
        <ele>422</ele>
        <time>2025-05-14T03:34:22Z</time>
        <cmt>speed: 0.4</cmt>
      </trkpt>
      <trkpt lat="47.358986" lon="8.561197">
        <ele>465</ele>
        <time>2025-05-14T03:44:26Z</time>
        <cmt>speed: 0.0</cmt>
      </trkpt>
      <trkpt lat="47.358909" lon="8.561738">
        <ele>437</ele>
        <time>2025-05-14T03:54:24Z</time>
        <cmt>speed: 0.6</cmt>
      </trkpt>
      <trkpt lat="47.360245" lon="8.561541">
        <ele>480</ele>
        <time>2025-05-14T04:04:42Z</time>
        <cmt>speed: 0.4</cmt>
      </trkpt>
      <trkpt lat="47.360245" lon="8.561541">
        <ele>480</ele>
        <time>2025-05-14T04:14:25Z</time>
      </trkpt>
      <trkpt lat="47.359955" lon="8.561371">
        <ele>450</ele>
        <time>2025-05-14T04:14:30Z</time>
        <cmt>speed: 0.9</cmt>
      </trkpt>
      <trkpt lat="47.359948" lon="8.561313">
        <ele>451</ele>
        <time>2025-05-14T04:24:38Z</time>
        <cmt>speed: 0.2</cmt>
      </trkpt>
      <trkpt lat="47.359948" lon="8.561313">
        <ele>451</ele>
        <time>2025-05-14T04:34:36Z</time>
      </trkpt>
      <trkpt lat="47.359907" lon="8.561425">
        <ele>439</ele>
        <time>2025-05-14T04:34:41Z</time>
        <cmt>speed: 0.4</cmt>
      </trkpt>
      <trkpt lat="47.359877" lon="8.561747">
        <ele>358</ele>
        <time>2025-05-14T04:55:11Z</time>
        <cmt>speed: 0.9</cmt>
      </trkpt>
      <trkpt lat="47.359895" lon="8.561449">
        <ele>433</ele>
        <time>2025-05-14T05:04:26Z</time>
        <cmt>speed: 0.1</cmt>
      </trkpt>
      <trkpt lat="47.359959" lon="8.563643">
        <ele>434</ele>
        <time>2025-05-14T05:14:06Z</time>
      </trkpt>
      <trkpt lat="47.359608" lon="8.563202">
        <ele>472</ele>
        <time>2025-05-14T05:16:00Z</time>
        <cmt>speed: 1.0</cmt>
      </trkpt>
      <trkpt lat="47.360001" lon="8.563564">
        <ele>468</ele>
        <time>2025-05-14T05:26:00Z</time>
        <cmt>speed: 1.1</cmt>
      </trkpt>
      <trkpt lat="47.360001" lon="8.563564">
        <ele>468</ele>
        <time>2025-05-14T05:35:55Z</time>
      </trkpt>
      <trkpt lat="47.358931" lon="8.561309">
        <ele>441</ele>
        <time>2025-05-14T05:35:59Z</time>
        <cmt>speed: 0.2</cmt>
      </trkpt>
      <trkpt lat="47.359098" lon="8.56135">
        <ele>460</ele>
        <time>2025-05-14T05:45:58Z</time>
        <cmt>speed: 0.2</cmt>
      </trkpt>
      <trkpt lat="47.357724" lon="8.561135">
        <ele>422</ele>
        <time>2025-05-14T05:56:03Z</time>
        <cmt>speed: 0.7</cmt>
      </trkpt>
      <trkpt lat="47.358275" lon="8.562458">
        <ele>426</ele>
        <time>2025-05-14T06:05:58Z</time>
        <cmt>speed: 0.5</cmt>
      </trkpt>
      <trkpt lat="47.358667" lon="8.562253">
        <ele>450</ele>
        <time>2025-05-14T06:15:59Z</time>
        <cmt>speed: 0.0</cmt>
      </trkpt>
      <trkpt lat="47.359227" lon="8.56305">
        <ele>456</ele>
        <time>2025-05-14T06:26:00Z</time>
        <cmt>speed: 0.7</cmt>
      </trkpt>
      <trkpt lat="47.358286" lon="8.564687">
        <ele>443</ele>
        <time>2025-05-14T06:36:00Z</time>
        <cmt>speed: 0.3</cmt>
      </trkpt>
      <trkpt lat="47.357871" lon="8.564528">
        <ele>459</ele>
        <time>2025-05-14T06:46:00Z</time>
        <cmt>speed: 0.5</cmt>
      </trkpt>
      <trkpt lat="47.357996" lon="8.565039">
        <ele>463</ele>
        <time>2025-05-14T06:56:00Z</time>
        <cmt>speed: 1.3</cmt>
      </trkpt>
      <trkpt lat="47.358366" lon="8.564922">
        <ele>461</ele>
        <time>2025-05-14T07:06:02Z</time>
        <cmt>speed: 0.5</cmt>
      </trkpt>
      <trkpt lat="47.35835" lon="8.564969">
        <ele>463</ele>
        <time>2025-05-14T07:16:01Z</time>
        <cmt>speed: 3.8</cmt>
      </trkpt>
      <trkpt lat="47.358353" lon="8.564838">
        <ele>448</ele>
        <time>2025-05-14T07:26:00Z</time>
        <cmt>speed: 0.5</cmt>
      </trkpt>
      <trkpt lat="47.358569" lon="8.56496">
        <ele>472</ele>
        <time>2025-05-14T07:36:21Z</time>
        <cmt>speed: 0.1</cmt>
      </trkpt>
      <trkpt lat="47.358585" lon="8.564827">
        <ele>425</ele>
        <time>2025-05-14T07:46:34Z</time>
        <cmt>speed: 2.3</cmt>
      </trkpt>
      <trkpt lat="47.358585" lon="8.564827">
        <ele>425</ele>
        <time>2025-05-14T07:55:54Z</time>
      </trkpt>
      <trkpt lat="47.358534" lon="8.564983">
        <ele>449</ele>
        <time>2025-05-14T08:00:20Z</time>
        <cmt>speed: 0.9</cmt>
      </trkpt>
      <trkpt lat="47.358439" lon="8.565161">
        <ele>439</ele>
        <time>2025-05-14T08:12:54Z</time>
        <cmt>speed: 0.4</cmt>
      </trkpt>
      <trkpt lat="47.358542" lon="8.564984">
        <ele>455</ele>
        <time>2025-05-14T08:22:54Z</time>
        <cmt>speed: 0.4</cmt>
      </trkpt>
      <trkpt lat="47.358608" lon="8.564999">
        <ele>425</ele>
        <time>2025-05-14T09:43:09Z</time>
        <cmt>speed: 0.2</cmt>
      </trkpt>
      <trkpt lat="47.358556" lon="8.565221">
        <ele>450</ele>
        <time>2025-05-14T10:13:08Z</time>
        <cmt>speed: 0.0</cmt>
      </trkpt>
      <trkpt lat="47.359974" lon="8.56367">
        <ele>434</ele>
        <time>2025-05-14T19:00:35Z</time>
      </trkpt>
      <trkpt lat="47.359974" lon="8.56367">
        <ele>434</ele>
        <time>2025-05-14T19:10:35Z</time>
      </trkpt>
      <trkpt lat="47.359974" lon="8.56367">
        <ele>434</ele>
        <time>2025-05-14T19:18:48Z</time>
      </trkpt>
      <trkpt lat="47.359974" lon="8.56367">
        <ele>434</ele>
        <time>2025-05-14T19:19:08Z</time>
      </trkpt>
      <trkpt lat="47.359974" lon="8.56367">
        <ele>434</ele>
        <time>2025-05-14T19:29:08Z</time>
      </trkpt>
      <trkpt lat="47.359974" lon="8.56367">
        <ele>434</ele>
        <time>2025-05-14T19:39:08Z</time>
      </trkpt>
      <trkpt lat="47.359974" lon="8.56367">
        <ele>434</ele>
        <time>2025-05-14T19:49:08Z</time>
      </trkpt>
      <trkpt lat="47.359974" lon="8.56367">
        <ele>434</ele>
        <time>2025-05-14T19:59:08Z</time>
      </trkpt>
      <trkpt lat="47.359974" lon="8.56367">
        <ele>434</ele>
        <time>2025-05-14T20:09:08Z</time>
      </trkpt>
      <trkpt lat="47.359974" lon="8.56367">
        <ele>434</ele>
        <time>2025-05-14T20:19:08Z</time>
      </trkpt>
      <trkpt lat="47.359974" lon="8.56367">
        <ele>434</ele>
        <time>2025-05-14T20:20:23Z</time>
      </trkpt>
      <trkpt lat="47.359692" lon="8.56352">
        <ele>474</ele>
        <time>2025-05-14T20:25:34Z</time>
        <cmt>speed: 0.7</cmt>
      </trkpt>
      <trkpt lat="47.359974" lon="8.56367">
        <ele>434</ele>
        <time>2025-05-14T20:32:44Z</time>
      </trkpt>
      <trkpt lat="47.359844" lon="8.563968">
        <ele>447</ele>
        <time>2025-05-14T20:39:21Z</time>
        <cmt>speed: 1.3</cmt>
      </trkpt>
      <trkpt lat="47.359386" lon="8.563924">
        <ele>445</ele>
        <time>2025-05-14T20:49:31Z</time>
        <cmt>speed: 0.2</cmt>
      </trkpt>
      <trkpt lat="47.359386" lon="8.563924">
        <ele>445</ele>
        <time>2025-05-14T20:59:17Z</time>
      </trkpt>
      <trkpt lat="47.359476" lon="8.563739">
        <ele>464</ele>
        <time>2025-05-14T20:59:24Z</time>
        <cmt>speed: 1.1</cmt>
      </trkpt>
      <trkpt lat="47.359001" lon="8.563398">
        <ele>461</ele>
        <time>2025-05-14T21:09:19Z</time>
        <cmt>speed: 0.3</cmt>
      </trkpt>
      <trkpt lat="47.358939" lon="8.563432">
        <ele>441</ele>
        <time>2025-05-14T21:19:19Z</time>
        <cmt>speed: 0.7</cmt>
      </trkpt>
      <trkpt lat="47.358965" lon="8.564295">
        <ele>441</ele>
        <time>2025-05-14T21:29:18Z</time>
        <cmt>speed: 0.9</cmt>
      </trkpt>
      <trkpt lat="47.359617" lon="8.562355">
        <ele>429</ele>
        <time>2025-05-14T21:39:18Z</time>
        <cmt>speed: 0.8</cmt>
      </trkpt>
      <trkpt lat="47.359809" lon="8.559971">
        <ele>435</ele>
        <time>2025-05-14T21:49:20Z</time>
        <cmt>speed: 0.1</cmt>
      </trkpt>
      <trkpt lat="47.359894" lon="8.561399">
        <ele>406</ele>
        <time>2025-05-14T21:59:18Z</time>
        <cmt>speed: 0.7</cmt>
      </trkpt>
      <trkpt lat="47.359079" lon="8.561438">
        <ele>456</ele>
        <time>2025-05-14T22:09:20Z</time>
        <cmt>speed: 0.2</cmt>
      </trkpt>
      <trkpt lat="47.357918" lon="8.561263">
        <ele>440</ele>
        <time>2025-05-14T22:19:19Z</time>
        <cmt>speed: 0.8</cmt>
      </trkpt>
      <trkpt lat="47.357675" lon="8.56169">
        <ele>415</ele>
        <time>2025-05-14T22:29:18Z</time>
        <cmt>speed: 0.2</cmt>
      </trkpt>
      <trkpt lat="47.357675" lon="8.56169">
        <ele>415</ele>
        <time>2025-05-14T22:39:10Z</time>
      </trkpt>
      <trkpt lat="47.35736" lon="8.561929">
        <ele>468</ele>
        <time>2025-05-14T22:39:18Z</time>
        <cmt>speed: 1.5</cmt>
      </trkpt>
      <trkpt lat="47.357462" lon="8.561827">
        <ele>452</ele>
        <time>2025-05-14T22:49:21Z</time>
        <cmt>speed: 0.7</cmt>
      </trkpt>
      <trkpt lat="47.357523" lon="8.562434">
        <ele>452</ele>
        <time>2025-05-14T22:59:19Z</time>
        <cmt>speed: 0.2</cmt>
      </trkpt>
      <trkpt lat="47.357727" lon="8.562148">
        <ele>466</ele>
        <time>2025-05-14T23:09:21Z</time>
        <cmt>speed: 0.9</cmt>
      </trkpt>
      <trkpt lat="47.357741" lon="8.561976">
        <ele>453</ele>
        <time>2025-05-14T23:19:18Z</time>
        <cmt>speed: 1.8</cmt>
      </trkpt>
      <trkpt lat="47.357909" lon="8.560515">
        <ele>450</ele>
        <time>2025-05-14T23:29:18Z</time>
        <cmt>speed: 2.1</cmt>
      </trkpt>
      <trkpt lat="47.358981" lon="8.559795">
        <ele>442</ele>
        <time>2025-05-14T23:39:18Z</time>
        <cmt>speed: 1.0</cmt>
      </trkpt>
      <trkpt lat="47.359413" lon="8.561931">
        <ele>477</ele>
        <time>2025-05-14T23:49:19Z</time>
        <cmt>speed: 0.1</cmt>
      </trkpt>
      <trkpt lat="47.35913" lon="8.563836">
        <ele>435</ele>
        <time>2025-05-14T23:59:18Z</time>
        <cmt>speed: 1.1</cmt>
      </trkpt>
      <trkpt lat="47.358789" lon="8.564832">
        <ele>433</ele>
        <time>2025-05-15T00:09:17Z</time>
        <cmt>speed: 0.0</cmt>
      </trkpt>
      <trkpt lat="47.359176" lon="8.564409">
        <ele>470</ele>
        <time>2025-05-15T00:52:22Z</time>
        <cmt>speed: 0.7</cmt>
      </trkpt>
      <trkpt lat="47.359176" lon="8.564409">
        <ele>470</ele>
        <time>2025-05-15T00:59:10Z</time>
      </trkpt>
      <trkpt lat="47.359126" lon="8.56423">
        <ele>442</ele>
        <time>2025-05-15T01:10:14Z</time>
        <cmt>speed: 2.0</cmt>
      </trkpt>
      <trkpt lat="47.358774" lon="8.564448">
        <ele>455</ele>
        <time>2025-05-15T02:01:38Z</time>
        <cmt>speed: 0.2</cmt>
      </trkpt>
      <trkpt lat="47.358891" lon="8.564227">
        <ele>449</ele>
        <time>2025-05-15T02:11:46Z</time>
        <cmt>speed: 0.0</cmt>
      </trkpt>
      <trkpt lat="47.35893" lon="8.564439">
        <ele>451</ele>
        <time>2025-05-15T03:06:00Z</time>
        <cmt>speed: 0.1</cmt>
      </trkpt>
      <trkpt lat="47.358868" lon="8.564097">
        <ele>439</ele>
        <time>2025-05-15T03:25:29Z</time>
        <cmt>speed: 0.1</cmt>
      </trkpt>
      <trkpt lat="47.358868" lon="8.564097">
        <ele>439</ele>
        <time>2025-05-15T03:27:13Z</time>
      </trkpt>
      <trkpt lat="47.358868" lon="8.564097">
        <ele>439</ele>
        <time>2025-05-15T03:35:16Z</time>
      </trkpt>
      <trkpt lat="47.358897" lon="8.564243">
        <ele>442</ele>
        <time>2025-05-15T03:35:25Z</time>
        <cmt>speed: 0.0</cmt>
      </trkpt>
      <trkpt lat="47.358878" lon="8.56455">
        <ele>451</ele>
        <time>2025-05-15T03:45:17Z</time>
        <cmt>speed: 0.2</cmt>
      </trkpt>
      <trkpt lat="47.358878" lon="8.56455">
        <ele>451</ele>
        <time>2025-05-15T03:55:13Z</time>
      </trkpt>
      <trkpt lat="47.358497" lon="8.564858">
        <ele>438</ele>
        <time>2025-05-15T03:55:21Z</time>
        <cmt>speed: 0.4</cmt>
      </trkpt>
      <trkpt lat="47.358556" lon="8.564775">
        <ele>454</ele>
        <time>2025-05-15T04:05:18Z</time>
        <cmt>speed: 0.3</cmt>
      </trkpt>
      <trkpt lat="47.358556" lon="8.564775">
        <ele>454</ele>
        <time>2025-05-15T04:15:11Z</time>
      </trkpt>
      <trkpt lat="47.358345" lon="8.5648">
        <ele>460</ele>
        <time>2025-05-15T04:15:19Z</time>
        <cmt>speed: 0.2</cmt>
      </trkpt>
      <trkpt lat="47.35862" lon="8.564927">
        <ele>434</ele>
        <time>2025-05-15T04:25:18Z</time>
        <cmt>speed: 0.0</cmt>
      </trkpt>
      <trkpt lat="47.35862" lon="8.564927">
        <ele>434</ele>
        <time>2025-05-15T04:35:08Z</time>
      </trkpt>
      <trkpt lat="47.358447" lon="8.564787">
        <ele>465</ele>
        <time>2025-05-15T04:35:17Z</time>
        <cmt>speed: 0.4</cmt>
      </trkpt>
      <trkpt lat="47.358428" lon="8.564893">
        <ele>459</ele>
        <time>2025-05-15T04:45:19Z</time>
        <cmt>speed: 0.1</cmt>
      </trkpt>
      <trkpt lat="47.358585" lon="8.564989">
        <ele>441</ele>
        <time>2025-05-15T04:55:18Z</time>
        <cmt>speed: 0.7</cmt>
      </trkpt>
      <trkpt lat="47.35824" lon="8.564934">
        <ele>456</ele>
        <time>2025-05-15T05:05:17Z</time>
        <cmt>speed: 0.1</cmt>
      </trkpt>
      <trkpt lat="47.358353" lon="8.564864">
        <ele>448</ele>
        <time>2025-05-15T05:15:16Z</time>
        <cmt>speed: 0.3</cmt>
      </trkpt>
      <trkpt lat="47.358301" lon="8.564784">
        <ele>457</ele>
        <time>2025-05-15T05:25:17Z</time>
        <cmt>speed: 0.6</cmt>
      </trkpt>
      <trkpt lat="47.35829" lon="8.56496">
        <ele>453</ele>
        <time>2025-05-15T05:35:17Z</time>
        <cmt>speed: 0.0</cmt>
      </trkpt>
      <trkpt lat="47.357644" lon="8.565023">
        <ele>446</ele>
        <time>2025-05-15T05:45:17Z</time>
        <cmt>speed: 0.4</cmt>
      </trkpt>
      <trkpt lat="47.357644" lon="8.565023">
        <ele>446</ele>
        <time>2025-05-15T05:55:08Z</time>
      </trkpt>
      <trkpt lat="47.357648" lon="8.564977">
        <ele>458</ele>
        <time>2025-05-15T05:55:17Z</time>
        <cmt>speed: 0.2</cmt>
      </trkpt>
      <trkpt lat="47.357825" lon="8.564872">
        <ele>464</ele>
        <time>2025-05-15T06:05:18Z</time>
        <cmt>speed: 0.5</cmt>
      </trkpt>
      <trkpt lat="47.358137" lon="8.564344">
        <ele>461</ele>
        <time>2025-05-15T06:15:17Z</time>
        <cmt>speed: 0.5</cmt>
      </trkpt>
      <trkpt lat="47.358406" lon="8.56454">
        <ele>464</ele>
        <time>2025-05-15T06:25:21Z</time>
        <cmt>speed: 1.4</cmt>
      </trkpt>
      <trkpt lat="47.358415" lon="8.564472">
        <ele>458</ele>
        <time>2025-05-15T06:35:17Z</time>
        <cmt>speed: 0.7</cmt>
      </trkpt>
      <trkpt lat="47.358551" lon="8.56477">
        <ele>450</ele>
        <time>2025-05-15T06:45:18Z</time>
        <cmt>speed: 0.1</cmt>
      </trkpt>
      <trkpt lat="47.358551" lon="8.56477">
        <ele>450</ele>
        <time>2025-05-15T06:55:09Z</time>
      </trkpt>
      <trkpt lat="47.358604" lon="8.564974">
        <ele>459</ele>
        <time>2025-05-15T06:55:18Z</time>
        <cmt>speed: 0.2</cmt>
      </trkpt>
      <trkpt lat="47.358702" lon="8.565312">
        <ele>470</ele>
        <time>2025-05-15T07:12:14Z</time>
        <cmt>speed: 0.2</cmt>
      </trkpt>
      <trkpt lat="47.358702" lon="8.565312">
        <ele>470</ele>
        <time>2025-05-15T07:13:14Z</time>
      </trkpt>
      <trkpt lat="47.358702" lon="8.565312">
        <ele>470</ele>
        <time>2025-05-15T09:56:02Z</time>
      </trkpt>
      <trkpt lat="47.358736" lon="8.564726">
        <ele>447</ele>
        <time>2025-05-15T09:56:12Z</time>
        <cmt>speed: 0.0</cmt>
      </trkpt>
      <trkpt lat="47.358612" lon="8.565031">
        <ele>441</ele>
        <time>2025-05-15T11:38:44Z</time>
        <cmt>speed: 0.9</cmt>
      </trkpt>
      <trkpt lat="47.358848" lon="8.56463">
        <ele>434</ele>
        <time>2025-05-15T11:48:12Z</time>
        <cmt>speed: 0.4</cmt>
      </trkpt>
      <trkpt lat="47.358848" lon="8.56463">
        <ele>434</ele>
        <time>2025-05-15T11:53:14Z</time>
      </trkpt>
      <trkpt lat="47.358657" lon="8.564648">
        <ele>443</ele>
        <time>2025-05-15T11:58:14Z</time>
        <cmt>speed: 0.1</cmt>
      </trkpt>
      <trkpt lat="47.358624" lon="8.564985">
        <ele>474</ele>
        <time>2025-05-15T12:12:09Z</time>
        <cmt>speed: 2.4</cmt>
      </trkpt>
      <trkpt lat="47.358624" lon="8.564985">
        <ele>474</ele>
        <time>2025-05-15T12:22:25Z</time>
      </trkpt>
      <trkpt lat="47.358664" lon="8.564999">
        <ele>436</ele>
        <time>2025-05-15T12:22:35Z</time>
        <cmt>speed: 0.5</cmt>
      </trkpt>
      <trkpt lat="47.358612" lon="8.565006">
        <ele>465</ele>
        <time>2025-05-15T13:12:13Z</time>
        <cmt>speed: 0.9</cmt>
      </trkpt>
      <trkpt lat="47.358609" lon="8.565059">
        <ele>450</ele>
        <time>2025-05-15T13:33:39Z</time>
        <cmt>speed: 0.9</cmt>
      </trkpt>
      <trkpt lat="47.358439" lon="8.564694">
        <ele>455</ele>
        <time>2025-05-15T13:43:37Z</time>
        <cmt>speed: 0.1</cmt>
      </trkpt>
      <trkpt lat="47.358722" lon="8.562947">
        <ele>442</ele>
        <time>2025-05-15T13:53:39Z</time>
        <cmt>speed: 0.2</cmt>
      </trkpt>
      <trkpt lat="47.358916" lon="8.562187">
        <ele>443</ele>
        <time>2025-05-15T14:03:37Z</time>
        <cmt>speed: 0.7</cmt>
      </trkpt>
      <trkpt lat="47.358916" lon="8.562187">
        <ele>443</ele>
        <time>2025-05-15T14:13:27Z</time>
      </trkpt>
      <trkpt lat="47.35881" lon="8.5615">
        <ele>428</ele>
        <time>2025-05-15T14:13:37Z</time>
        <cmt>speed: 0.9</cmt>
      </trkpt>
      <trkpt lat="47.358924" lon="8.561087">
        <ele>415</ele>
        <time>2025-05-15T14:23:38Z</time>
        <cmt>speed: 0.0</cmt>
      </trkpt>
      <trkpt lat="47.358953" lon="8.561199">
        <ele>448</ele>
        <time>2025-05-15T14:34:20Z</time>
        <cmt>speed: 1.5</cmt>
      </trkpt>
      <trkpt lat="47.358953" lon="8.561199">
        <ele>448</ele>
        <time>2025-05-15T14:34:21Z</time>
      </trkpt>
      <trkpt lat="47.358948" lon="8.561242">
        <ele>428</ele>
        <time>2025-05-15T14:43:42Z</time>
        <cmt>speed: 0.2</cmt>
      </trkpt>
      <trkpt lat="47.358883" lon="8.561065">
        <ele>430</ele>
        <time>2025-05-15T15:03:58Z</time>
        <cmt>speed: 0.1</cmt>
      </trkpt>
      <trkpt lat="47.358759" lon="8.56102">
        <ele>422</ele>
        <time>2025-05-15T15:13:39Z</time>
        <cmt>speed: 0.0</cmt>
      </trkpt>
      <trkpt lat="47.358837" lon="8.560985">
        <ele>449</ele>
        <time>2025-05-15T15:23:39Z</time>
        <cmt>speed: 0.2</cmt>
      </trkpt>
      <trkpt lat="47.358659" lon="8.561248">
        <ele>458</ele>
        <time>2025-05-15T15:33:39Z</time>
        <cmt>speed: 0.0</cmt>
      </trkpt>
      <trkpt lat="47.358659" lon="8.561248">
        <ele>458</ele>
        <time>2025-05-15T15:33:39Z</time>
      </trkpt>
      <trkpt lat="47.358712" lon="8.561114">
        <ele>419</ele>
        <time>2025-05-15T15:43:50Z</time>
        <cmt>speed: 0.1</cmt>
      </trkpt>
      <trkpt lat="47.359003" lon="8.56079">
        <ele>458</ele>
        <time>2025-05-15T15:53:39Z</time>
        <cmt>speed: 0.0</cmt>
      </trkpt>
      <trkpt lat="47.358948" lon="8.56088">
        <ele>453</ele>
        <time>2025-05-15T16:03:41Z</time>
        <cmt>speed: 1.6</cmt>
      </trkpt>
      <trkpt lat="47.359553" lon="8.561465">
        <ele>442</ele>
        <time>2025-05-15T16:13:40Z</time>
        <cmt>speed: 0.8</cmt>
      </trkpt>
      <trkpt lat="47.360435" lon="8.562017">
        <ele>471</ele>
        <time>2025-05-15T16:23:39Z</time>
        <cmt>speed: 0.5</cmt>
      </trkpt>
      <trkpt lat="47.359403" lon="8.560155">
        <ele>439</ele>
        <time>2025-05-15T16:33:41Z</time>
        <cmt>speed: 0.0</cmt>
      </trkpt>
      <trkpt lat="47.359403" lon="8.560155">
        <ele>439</ele>
        <time>2025-05-15T16:33:41Z</time>
      </trkpt>
      <trkpt lat="47.358018" lon="8.561756">
        <ele>413</ele>
        <time>2025-05-15T16:43:38Z</time>
        <cmt>speed: 1.2</cmt>
      </trkpt>
      <trkpt lat="47.358078" lon="8.562784">
        <ele>436</ele>
        <time>2025-05-15T16:53:40Z</time>
        <cmt>speed: 0.1</cmt>
      </trkpt>
      <trkpt lat="47.358134" lon="8.563311">
        <ele>438</ele>
        <time>2025-05-15T17:03:38Z</time>
        <cmt>speed: 0.2</cmt>
      </trkpt>
      <trkpt lat="47.358168" lon="8.563328">
        <ele>447</ele>
        <time>2025-05-15T17:13:40Z</time>
        <cmt>speed: 0.4</cmt>
      </trkpt>
      <trkpt lat="47.358168" lon="8.563328">
        <ele>447</ele>
        <time>2025-05-15T17:13:40Z</time>
      </trkpt>
      <trkpt lat="47.358136" lon="8.563218">
        <ele>432</ele>
        <time>2025-05-15T17:23:38Z</time>
        <cmt>speed: 0.1</cmt>
      </trkpt>
      <trkpt lat="47.358171" lon="8.563267">
        <ele>439</ele>
        <time>2025-05-15T17:33:40Z</time>
        <cmt>speed: 0.9</cmt>
      </trkpt>
      <trkpt lat="47.358171" lon="8.563267">
        <ele>439</ele>
        <time>2025-05-15T17:33:41Z</time>
      </trkpt>
      <trkpt lat="47.358029" lon="8.56317">
        <ele>460</ele>
        <time>2025-05-15T17:43:38Z</time>
        <cmt>speed: 0.2</cmt>
      </trkpt>
      <trkpt lat="47.358346" lon="8.563746">
        <ele>445</ele>
        <time>2025-05-15T17:53:38Z</time>
        <cmt>speed: 0.1</cmt>
      </trkpt>
      <trkpt lat="47.358274" lon="8.563999">
        <ele>441</ele>
        <time>2025-05-15T18:03:38Z</time>
        <cmt>speed: 0.8</cmt>
      </trkpt>
      <trkpt lat="47.358344" lon="8.563979">
        <ele>439</ele>
        <time>2025-05-15T18:13:38Z</time>
        <cmt>speed: 0.1</cmt>
      </trkpt>
      <trkpt lat="47.358344" lon="8.563979">
        <ele>439</ele>
        <time>2025-05-15T18:13:38Z</time>
      </trkpt>
      <trkpt lat="47.358276" lon="8.56406">
        <ele>449</ele>
        <time>2025-05-15T18:23:39Z</time>
        <cmt>speed: 0.7</cmt>
      </trkpt>
      <trkpt lat="47.358276" lon="8.56406">
        <ele>449</ele>
        <time>2025-05-15T18:33:25Z</time>
      </trkpt>
      <trkpt lat="47.35807" lon="8.564209">
        <ele>490</ele>
        <time>2025-05-15T18:36:12Z</time>
        <cmt>speed: 1.0</cmt>
      </trkpt>
      <trkpt lat="47.358205" lon="8.563918">
        <ele>438</ele>
        <time>2025-05-15T18:46:12Z</time>
        <cmt>speed: 1.2</cmt>
      </trkpt>
      <trkpt lat="47.358205" lon="8.563918">
        <ele>438</ele>
        <time>2025-05-15T18:53:25Z</time>
      </trkpt>
      <trkpt lat="47.3585" lon="8.563924">
        <ele>437</ele>
        <time>2025-05-15T19:02:25Z</time>
        <cmt>speed: 1.7</cmt>
      </trkpt>
      <trkpt lat="47.358249" lon="8.563959">
        <ele>454</ele>
        <time>2025-05-15T19:12:28Z</time>
        <cmt>speed: 0.3</cmt>
      </trkpt>
      <trkpt lat="47.358249" lon="8.563959">
        <ele>454</ele>
        <time>2025-05-15T19:13:25Z</time>
      </trkpt>
      <trkpt lat="47.358342" lon="8.564076">
        <ele>453</ele>
        <time>2025-05-15T19:22:25Z</time>
        <cmt>speed: 0.5</cmt>
      </trkpt>
      <trkpt lat="47.358354" lon="8.56378">
        <ele>453</ele>
        <time>2025-05-15T19:32:27Z</time>
        <cmt>speed: 0.1</cmt>
      </trkpt>
      <trkpt lat="47.359139" lon="8.563554">
        <ele>463</ele>
        <time>2025-05-15T19:42:26Z</time>
        <cmt>speed: 1.0</cmt>
      </trkpt>
      <trkpt lat="47.358801" lon="8.560961">
        <ele>441</ele>
        <time>2025-05-15T19:52:26Z</time>
        <cmt>speed: 0.8</cmt>
      </trkpt>
      <trkpt lat="47.358432" lon="8.560761">
        <ele>482</ele>
        <time>2025-05-15T20:02:27Z</time>
        <cmt>speed: 0.9</cmt>
      </trkpt>
      <trkpt lat="47.35744" lon="8.562168">
        <ele>434</ele>
        <time>2025-05-15T20:12:26Z</time>
        <cmt>speed: 1.1</cmt>
      </trkpt>
      <trkpt lat="47.356908" lon="8.561479">
        <ele>459</ele>
        <time>2025-05-15T20:22:26Z</time>
        <cmt>speed: 0.1</cmt>
      </trkpt>
      <trkpt lat="47.356779" lon="8.560976">
        <ele>469</ele>
        <time>2025-05-15T20:32:30Z</time>
        <cmt>speed: 0.1</cmt>
      </trkpt>
      <trkpt lat="47.357558" lon="8.561083">
        <ele>448</ele>
        <time>2025-05-15T20:42:25Z</time>
        <cmt>speed: 0.2</cmt>
      </trkpt>
      <trkpt lat="47.35934" lon="8.561557">
        <ele>423</ele>
        <time>2025-05-15T20:52:26Z</time>
        <cmt>speed: 0.3</cmt>
      </trkpt>
      <trkpt lat="47.358851" lon="8.564597">
        <ele>469</ele>
        <time>2025-05-15T21:02:24Z</time>
        <cmt>speed: 0.8</cmt>
      </trkpt>
      <trkpt lat="47.358851" lon="8.564597">
        <ele>469</ele>
        <time>2025-05-15T21:02:24Z</time>
      </trkpt>
      <trkpt lat="47.358399" lon="8.566419">
        <ele>458</ele>
        <time>2025-05-15T21:12:31Z</time>
        <cmt>speed: 0.6</cmt>
      </trkpt>
      <trkpt lat="47.358432" lon="8.565879">
        <ele>436</ele>
        <time>2025-05-15T21:32:25Z</time>
        <cmt>speed: 0.0</cmt>
      </trkpt>
      <trkpt lat="47.358432" lon="8.565879">
        <ele>436</ele>
        <time>2025-05-15T21:33:25Z</time>
      </trkpt>
      <trkpt lat="47.358571" lon="8.565973">
        <ele>451</ele>
        <time>2025-05-15T21:42:24Z</time>
        <cmt>speed: 1.2</cmt>
      </trkpt>
      <trkpt lat="47.358592" lon="8.565755">
        <ele>441</ele>
        <time>2025-05-15T21:52:25Z</time>
        <cmt>speed: 0.6</cmt>
      </trkpt>
      <trkpt lat="47.358851" lon="8.565511">
        <ele>445</ele>
        <time>2025-05-15T22:02:26Z</time>
        <cmt>speed: 0.5</cmt>
      </trkpt>
      <trkpt lat="47.358851" lon="8.565511">
        <ele>445</ele>
        <time>2025-05-15T22:02:26Z</time>
      </trkpt>
      <trkpt lat="47.358637" lon="8.565841">
        <ele>470</ele>
        <time>2025-05-15T22:12:26Z</time>
        <cmt>speed: 0.1</cmt>
      </trkpt>
      <trkpt lat="47.35904" lon="8.564299">
        <ele>444</ele>
        <time>2025-05-15T22:22:25Z</time>
        <cmt>speed: 0.7</cmt>
      </trkpt>
      <trkpt lat="47.359012" lon="8.563764">
        <ele>454</ele>
        <time>2025-05-15T22:32:25Z</time>
        <cmt>speed: 0.7</cmt>
      </trkpt>
      <trkpt lat="47.359992" lon="8.561456">
        <ele>418</ele>
        <time>2025-05-15T22:42:26Z</time>
        <cmt>speed: 2.4</cmt>
      </trkpt>
      <trkpt lat="47.359537" lon="8.55989">
        <ele>400</ele>
        <time>2025-05-15T22:52:26Z</time>
        <cmt>speed: 0.5</cmt>
      </trkpt>
      <trkpt lat="47.359221" lon="8.561731">
        <ele>438</ele>
        <time>2025-05-15T23:02:26Z</time>
        <cmt>speed: 0.4</cmt>
      </trkpt>
      <trkpt lat="47.359001" lon="8.564544">
        <ele>444</ele>
        <time>2025-05-15T23:12:25Z</time>
        <cmt>speed: 0.1</cmt>
      </trkpt>
      <trkpt lat="47.358837" lon="8.564469">
        <ele>450</ele>
        <time>2025-05-15T23:22:25Z</time>
        <cmt>speed: 0.5</cmt>
      </trkpt>
      <trkpt lat="47.358737" lon="8.564034">
        <ele>393</ele>
        <time>2025-05-15T23:32:26Z</time>
        <cmt>speed: 0.9</cmt>
      </trkpt>
      <trkpt lat="47.358996" lon="8.56444">
        <ele>457</ele>
        <time>2025-05-15T23:42:25Z</time>
        <cmt>speed: 0.9</cmt>
      </trkpt>
      <trkpt lat="47.359128" lon="8.564322">
        <ele>478</ele>
        <time>2025-05-15T23:52:31Z</time>
        <cmt>speed: 0.8</cmt>
      </trkpt>
      <trkpt lat="47.358908" lon="8.565656">
        <ele>451</ele>
        <time>2025-05-16T00:02:25Z</time>
        <cmt>speed: 1.9</cmt>
      </trkpt>
      <trkpt lat="47.358199" lon="8.565359">
        <ele>506</ele>
        <time>2025-05-16T00:12:25Z</time>
        <cmt>speed: 1.5</cmt>
      </trkpt>
      <trkpt lat="47.358613" lon="8.565832">
        <ele>446</ele>
        <time>2025-05-16T00:22:26Z</time>
        <cmt>speed: 0.6</cmt>
      </trkpt>
      <trkpt lat="47.358804" lon="8.565471">
        <ele>427</ele>
        <time>2025-05-16T00:32:25Z</time>
        <cmt>speed: 0.0</cmt>
      </trkpt>
      <trkpt lat="47.358883" lon="8.565606">
        <ele>480</ele>
        <time>2025-05-16T00:42:25Z</time>
        <cmt>speed: 0.8</cmt>
      </trkpt>
      <trkpt lat="47.358287" lon="8.564932">
        <ele>457</ele>
        <time>2025-05-16T00:52:26Z</time>
        <cmt>speed: 0.3</cmt>
      </trkpt>
      <trkpt lat="47.359173" lon="8.56371">
        <ele>456</ele>
        <time>2025-05-16T01:02:25Z</time>
        <cmt>speed: 0.3</cmt>
      </trkpt>
      <trkpt lat="47.359345" lon="8.562313">
        <ele>448</ele>
        <time>2025-05-16T01:12:25Z</time>
        <cmt>speed: 0.0</cmt>
      </trkpt>
      <trkpt lat="47.359339" lon="8.562495">
        <ele>435</ele>
        <time>2025-05-16T01:22:27Z</time>
        <cmt>speed: 0.2</cmt>
      </trkpt>
      <trkpt lat="47.357962" lon="8.562904">
        <ele>464</ele>
        <time>2025-05-16T01:32:28Z</time>
        <cmt>speed: 0.1</cmt>
      </trkpt>
      <trkpt lat="47.357635" lon="8.563458">
        <ele>442</ele>
        <time>2025-05-16T01:42:26Z</time>
        <cmt>speed: 0.0</cmt>
      </trkpt>
      <trkpt lat="47.357603" lon="8.563539">
        <ele>453</ele>
        <time>2025-05-16T01:52:27Z</time>
        <cmt>speed: 1.1</cmt>
      </trkpt>
      <trkpt lat="47.357603" lon="8.563539">
        <ele>453</ele>
        <time>2025-05-16T02:02:25Z</time>
      </trkpt>
      <trkpt lat="47.357638" lon="8.563423">
        <ele>442</ele>
        <time>2025-05-16T02:02:26Z</time>
        <cmt>speed: 0.3</cmt>
      </trkpt>
      <trkpt lat="47.357735" lon="8.563373">
        <ele>439</ele>
        <time>2025-05-16T02:12:29Z</time>
        <cmt>speed: 0.4</cmt>
      </trkpt>
      <trkpt lat="47.357735" lon="8.563373">
        <ele>439</ele>
        <time>2025-05-16T02:13:25Z</time>
      </trkpt>
      <trkpt lat="47.357535" lon="8.563659">
        <ele>487</ele>
        <time>2025-05-16T02:22:27Z</time>
        <cmt>speed: 0.8</cmt>
      </trkpt>
      <trkpt lat="47.357569" lon="8.563474">
        <ele>452</ele>
        <time>2025-05-16T02:32:30Z</time>
        <cmt>speed: 1.2</cmt>
      </trkpt>
      <trkpt lat="47.357569" lon="8.563474">
        <ele>452</ele>
        <time>2025-05-16T02:33:25Z</time>
      </trkpt>
      <trkpt lat="47.357602" lon="8.563388">
        <ele>454</ele>
        <time>2025-05-16T02:42:30Z</time>
        <cmt>speed: 0.1</cmt>
      </trkpt>
      <trkpt lat="47.357641" lon="8.563414">
        <ele>442</ele>
        <time>2025-05-16T02:52:29Z</time>
        <cmt>speed: 0.0</cmt>
      </trkpt>
      <trkpt lat="47.357641" lon="8.563414">
        <ele>442</ele>
        <time>2025-05-16T02:53:25Z</time>
      </trkpt>
      <trkpt lat="47.357728" lon="8.563091">
        <ele>434</ele>
        <time>2025-05-16T03:02:26Z</time>
        <cmt>speed: 1.1</cmt>
      </trkpt>
      <trkpt lat="47.357751" lon="8.563442">
        <ele>450</ele>
        <time>2025-05-16T03:12:28Z</time>
        <cmt>speed: 0.0</cmt>
      </trkpt>
      <trkpt lat="47.357751" lon="8.563442">
        <ele>450</ele>
        <time>2025-05-16T03:13:25Z</time>
      </trkpt>
      <trkpt lat="47.357704" lon="8.563479">
        <ele>454</ele>
        <time>2025-05-16T03:22:27Z</time>
        <cmt>speed: 0.0</cmt>
      </trkpt>
      <trkpt lat="47.358145" lon="8.562425">
        <ele>421</ele>
        <time>2025-05-16T03:32:32Z</time>
        <cmt>speed: 0.3</cmt>
      </trkpt>
      <trkpt lat="47.358145" lon="8.562425">
        <ele>421</ele>
        <time>2025-05-16T03:42:27Z</time>
      </trkpt>
      <trkpt lat="47.358944" lon="8.561219">
        <ele>457</ele>
        <time>2025-05-16T03:42:28Z</time>
        <cmt>speed: 0.9</cmt>
      </trkpt>
      <trkpt lat="47.359025" lon="8.562575">
        <ele>474</ele>
        <time>2025-05-16T03:52:27Z</time>
        <cmt>speed: 0.8</cmt>
      </trkpt>
      <trkpt lat="47.35927" lon="8.564469">
        <ele>459</ele>
        <time>2025-05-16T04:02:34Z</time>
        <cmt>speed: 0.0</cmt>
      </trkpt>
      <trkpt lat="47.358716" lon="8.565636">
        <ele>440</ele>
        <time>2025-05-16T04:12:26Z</time>
        <cmt>speed: 0.1</cmt>
      </trkpt>
      <trkpt lat="47.358716" lon="8.565636">
        <ele>440</ele>
        <time>2025-05-16T04:22:25Z</time>
      </trkpt>
      <trkpt lat="47.358621" lon="8.565666">
        <ele>425</ele>
        <time>2025-05-16T04:22:26Z</time>
        <cmt>speed: 0.1</cmt>
      </trkpt>
      <trkpt lat="47.358582" lon="8.565474">
        <ele>462</ele>
        <time>2025-05-16T04:32:25Z</time>
        <cmt>speed: 0.5</cmt>
      </trkpt>
      <trkpt lat="47.358977" lon="8.565478">
        <ele>421</ele>
        <time>2025-05-16T04:42:26Z</time>
        <cmt>speed: 0.3</cmt>
      </trkpt>
      <trkpt lat="47.358906" lon="8.565478">
        <ele>407</ele>
        <time>2025-05-16T04:52:26Z</time>
        <cmt>speed: 1.0</cmt>
      </trkpt>
      <trkpt lat="47.358731" lon="8.565438">
        <ele>435</ele>
        <time>2025-05-16T05:02:26Z</time>
        <cmt>speed: 0.2</cmt>
      </trkpt>
      <trkpt lat="47.358719" lon="8.565612">
        <ele>443</ele>
        <time>2025-05-16T05:12:26Z</time>
        <cmt>speed: 0.1</cmt>
      </trkpt>
      <trkpt lat="47.358607" lon="8.565507">
        <ele>450</ele>
        <time>2025-05-16T05:22:27Z</time>
        <cmt>speed: 0.1</cmt>
      </trkpt>
      <trkpt lat="47.358988" lon="8.565346">
        <ele>463</ele>
        <time>2025-05-16T05:32:26Z</time>
        <cmt>speed: 0.3</cmt>
      </trkpt>
      <trkpt lat="47.358988" lon="8.565346">
        <ele>463</ele>
        <time>2025-05-16T05:33:25Z</time>
      </trkpt>
      <trkpt lat="47.358838" lon="8.565447">
        <ele>442</ele>
        <time>2025-05-16T05:42:27Z</time>
        <cmt>speed: 1.2</cmt>
      </trkpt>
      <trkpt lat="47.358605" lon="8.56632">
        <ele>442</ele>
        <time>2025-05-16T05:52:27Z</time>
        <cmt>speed: 0.5</cmt>
      </trkpt>
      <trkpt lat="47.358763" lon="8.566193">
        <ele>448</ele>
        <time>2025-05-16T06:02:28Z</time>
        <cmt>speed: 0.0</cmt>
      </trkpt>
      <trkpt lat="47.359014" lon="8.56541">
        <ele>431</ele>
        <time>2025-05-16T06:12:28Z</time>
        <cmt>speed: 0.0</cmt>
      </trkpt>
      <trkpt lat="47.359014" lon="8.56541">
        <ele>431</ele>
        <time>2025-05-16T06:13:25Z</time>
      </trkpt>
      <trkpt lat="47.358789" lon="8.565446">
        <ele>419</ele>
        <time>2025-05-16T06:22:26Z</time>
        <cmt>speed: 0.5</cmt>
      </trkpt>
      <trkpt lat="47.358765" lon="8.56564">
        <ele>449</ele>
        <time>2025-05-16T06:32:26Z</time>
        <cmt>speed: 0.2</cmt>
      </trkpt>
      <trkpt lat="47.358765" lon="8.56564">
        <ele>449</ele>
        <time>2025-05-16T06:42:24Z</time>
      </trkpt>
      <trkpt lat="47.358852" lon="8.5658">
        <ele>462</ele>
        <time>2025-05-16T06:42:26Z</time>
        <cmt>speed: 0.7</cmt>
      </trkpt>
      <trkpt lat="47.358529" lon="8.565598">
        <ele>427</ele>
        <time>2025-05-16T06:52:27Z</time>
        <cmt>speed: 0.3</cmt>
      </trkpt>
      <trkpt lat="47.358559" lon="8.565004">
        <ele>451</ele>
        <time>2025-05-16T07:02:29Z</time>
        <cmt>speed: 1.1</cmt>
      </trkpt>
      <trkpt lat="47.358613" lon="8.565039">
        <ele>461</ele>
        <time>2025-05-16T07:13:09Z</time>
        <cmt>speed: 0.9</cmt>
      </trkpt>
      <trkpt lat="47.358613" lon="8.565039">
        <ele>461</ele>
        <time>2025-05-16T07:13:25Z</time>
      </trkpt>
      <trkpt lat="47.358675" lon="8.564804">
        <ele>436</ele>
        <time>2025-05-16T10:14:35Z</time>
        <cmt>speed: 0.1</cmt>
      </trkpt>
      <trkpt lat="47.358593" lon="8.564852">
        <ele>438</ele>
        <time>2025-05-16T10:23:59Z</time>
        <cmt>speed: 0.0</cmt>
      </trkpt>
      <trkpt lat="47.358655" lon="8.56484">
        <ele>430</ele>
        <time>2025-05-16T10:44:21Z</time>
        <cmt>speed: 0.0</cmt>
      </trkpt>
      <trkpt lat="47.358655" lon="8.56484">
        <ele>430</ele>
        <time>2025-05-16T10:53:57Z</time>
      </trkpt>
      <trkpt lat="47.358582" lon="8.564928">
        <ele>447</ele>
        <time>2025-05-16T10:54:00Z</time>
        <cmt>speed: 0.9</cmt>
      </trkpt>
      <trkpt lat="47.358895" lon="8.564285">
        <ele>414</ele>
        <time>2025-05-16T11:04:35Z</time>
        <cmt>speed: 0.5</cmt>
      </trkpt>
      <trkpt lat="47.358895" lon="8.564285">
        <ele>414</ele>
        <time>2025-05-16T11:14:32Z</time>
      </trkpt>
      <trkpt lat="47.358656" lon="8.564898">
        <ele>451</ele>
        <time>2025-05-16T11:14:34Z</time>
        <cmt>speed: 1.5</cmt>
      </trkpt>
      <trkpt lat="47.358668" lon="8.564836">
        <ele>442</ele>
        <time>2025-05-16T11:23:57Z</time>
        <cmt>speed: 0.1</cmt>
      </trkpt>
      <trkpt lat="47.358668" lon="8.564836">
        <ele>442</ele>
        <time>2025-05-16T11:33:55Z</time>
      </trkpt>
      <trkpt lat="47.358639" lon="8.564928">
        <ele>443</ele>
        <time>2025-05-16T11:33:58Z</time>
        <cmt>speed: 0.1</cmt>
      </trkpt>
      <trkpt lat="47.35846" lon="8.565407">
        <ele>459</ele>
        <time>2025-05-16T11:44:23Z</time>
        <cmt>speed: 0.5</cmt>
      </trkpt>
      <trkpt lat="47.35846" lon="8.565407">
        <ele>459</ele>
        <time>2025-05-16T11:54:18Z</time>
      </trkpt>
      <trkpt lat="47.358636" lon="8.564846">
        <ele>449</ele>
        <time>2025-05-16T11:54:21Z</time>
        <cmt>speed: 0.9</cmt>
      </trkpt>
      <trkpt lat="47.358631" lon="8.565153">
        <ele>442</ele>
        <time>2025-05-16T12:24:10Z</time>
        <cmt>speed: 0.6</cmt>
      </trkpt>
      <trkpt lat="47.358679" lon="8.564982">
        <ele>436</ele>
        <time>2025-05-16T12:33:53Z</time>
        <cmt>speed: 0.0</cmt>
      </trkpt>
      <trkpt lat="47.358581" lon="8.564779">
        <ele>445</ele>
        <time>2025-05-16T13:44:08Z</time>
        <cmt>speed: 0.3</cmt>
      </trkpt>
      <trkpt lat="47.358672" lon="8.564934">
        <ele>445</ele>
        <time>2025-05-16T14:03:53Z</time>
        <cmt>speed: 0.0</cmt>
      </trkpt>
      <trkpt lat="47.358672" lon="8.564934">
        <ele>445</ele>
        <time>2025-05-16T14:13:25Z</time>
      </trkpt>
      <trkpt lat="47.358556" lon="8.564838">
        <ele>454</ele>
        <time>2025-05-16T14:13:52Z</time>
        <cmt>speed: 0.6</cmt>
      </trkpt>
      <trkpt lat="47.358902" lon="8.565636">
        <ele>437</ele>
        <time>2025-05-16T14:23:52Z</time>
        <cmt>speed: 0.1</cmt>
      </trkpt>
      <trkpt lat="47.359" lon="8.565535">
        <ele>462</ele>
        <time>2025-05-16T14:33:53Z</time>
        <cmt>speed: 0.4</cmt>
      </trkpt>
      <trkpt lat="47.358721" lon="8.565743">
        <ele>446</ele>
        <time>2025-05-16T14:43:52Z</time>
        <cmt>speed: 0.9</cmt>
      </trkpt>
      <trkpt lat="47.358607" lon="8.565727">
        <ele>427</ele>
        <time>2025-05-16T14:53:53Z</time>
        <cmt>speed: 0.3</cmt>
      </trkpt>
      <trkpt lat="47.358985" lon="8.565418">
        <ele>432</ele>
        <time>2025-05-16T15:03:52Z</time>
        <cmt>speed: 0.1</cmt>
      </trkpt>
      <trkpt lat="47.358546" lon="8.56616">
        <ele>440</ele>
        <time>2025-05-16T15:13:54Z</time>
        <cmt>speed: 0.3</cmt>
      </trkpt>
      <trkpt lat="47.358782" lon="8.565277">
        <ele>438</ele>
        <time>2025-05-16T15:23:51Z</time>
        <cmt>speed: 1.6</cmt>
      </trkpt>
      <trkpt lat="47.358782" lon="8.565277">
        <ele>438</ele>
        <time>2025-05-16T15:33:49Z</time>
      </trkpt>
      <trkpt lat="47.358526" lon="8.565687">
        <ele>425</ele>
        <time>2025-05-16T15:33:52Z</time>
        <cmt>speed: 0.7</cmt>
      </trkpt>
      <trkpt lat="47.358719" lon="8.564784">
        <ele>465</ele>
        <time>2025-05-16T15:43:55Z</time>
        <cmt>speed: 0.0</cmt>
      </trkpt>
      <trkpt lat="47.358544" lon="8.565024">
        <ele>465</ele>
        <time>2025-05-16T15:53:58Z</time>
        <cmt>speed: 0.5</cmt>
      </trkpt>
      <trkpt lat="47.357995" lon="8.564611">
        <ele>483</ele>
        <time>2025-05-16T16:03:52Z</time>
        <cmt>speed: 0.2</cmt>
      </trkpt>
      <trkpt lat="47.357995" lon="8.564611">
        <ele>483</ele>
        <time>2025-05-16T16:13:49Z</time>
      </trkpt>
      <trkpt lat="47.358222" lon="8.564022">
        <ele>488</ele>
        <time>2025-05-16T16:13:52Z</time>
        <cmt>speed: 1.0</cmt>
      </trkpt>
      <trkpt lat="47.358218" lon="8.564123">
        <ele>477</ele>
        <time>2025-05-16T16:23:52Z</time>
        <cmt>speed: 0.2</cmt>
      </trkpt>
      <trkpt lat="47.358218" lon="8.564123">
        <ele>477</ele>
        <time>2025-05-16T16:33:55Z</time>
      </trkpt>
      <trkpt lat="47.358174" lon="8.564244">
        <ele>451</ele>
        <time>2025-05-16T16:33:58Z</time>
        <cmt>speed: 0.3</cmt>
      </trkpt>
      <trkpt lat="47.358122" lon="8.564123">
        <ele>442</ele>
        <time>2025-05-16T16:43:54Z</time>
        <cmt>speed: 0.2</cmt>
      </trkpt>
      <trkpt lat="47.358108" lon="8.564178">
        <ele>468</ele>
        <time>2025-05-16T16:53:53Z</time>
        <cmt>speed: 0.9</cmt>
      </trkpt>
      <trkpt lat="47.358036" lon="8.5642">
        <ele>446</ele>
        <time>2025-05-16T17:03:53Z</time>
        <cmt>speed: 0.0</cmt>
      </trkpt>
      <trkpt lat="47.358036" lon="8.5642">
        <ele>446</ele>
        <time>2025-05-16T17:13:50Z</time>
      </trkpt>
      <trkpt lat="47.358073" lon="8.564279">
        <ele>447</ele>
        <time>2025-05-16T17:13:53Z</time>
        <cmt>speed: 0.3</cmt>
      </trkpt>
      <trkpt lat="47.358567" lon="8.565624">
        <ele>446</ele>
        <time>2025-05-16T17:23:52Z</time>
        <cmt>speed: 0.3</cmt>
      </trkpt>
      <trkpt lat="47.358858" lon="8.565523">
        <ele>470</ele>
        <time>2025-05-16T17:33:52Z</time>
        <cmt>speed: 0.4</cmt>
      </trkpt>
      <trkpt lat="47.358846" lon="8.565738">
        <ele>428</ele>
        <time>2025-05-16T17:43:52Z</time>
        <cmt>speed: 0.4</cmt>
      </trkpt>
      <trkpt lat="47.358682" lon="8.566317">
        <ele>448</ele>
        <time>2025-05-16T17:53:53Z</time>
        <cmt>speed: 2.0</cmt>
      </trkpt>
      <trkpt lat="47.358768" lon="8.566316">
        <ele>452</ele>
        <time>2025-05-16T18:03:54Z</time>
        <cmt>speed: 0.0</cmt>
      </trkpt>
      <trkpt lat="47.358768" lon="8.566316">
        <ele>452</ele>
        <time>2025-05-16T18:13:50Z</time>
      </trkpt>
      <trkpt lat="47.358492" lon="8.566155">
        <ele>449</ele>
        <time>2025-05-16T18:13:53Z</time>
        <cmt>speed: 0.3</cmt>
      </trkpt>
      <trkpt lat="47.358675" lon="8.565859">
        <ele>438</ele>
        <time>2025-05-16T18:23:52Z</time>
        <cmt>speed: 1.5</cmt>
      </trkpt>
      <trkpt lat="47.358585" lon="8.564513">
        <ele>447</ele>
        <time>2025-05-16T18:33:53Z</time>
        <cmt>speed: 1.0</cmt>
      </trkpt>
      <trkpt lat="47.358521" lon="8.563193">
        <ele>458</ele>
        <time>2025-05-16T18:43:52Z</time>
        <cmt>speed: 0.2</cmt>
      </trkpt>
      <trkpt lat="47.358521" lon="8.563193">
        <ele>458</ele>
        <time>2025-05-16T18:53:50Z</time>
      </trkpt>
      <trkpt lat="47.358691" lon="8.563097">
        <ele>457</ele>
        <time>2025-05-16T18:53:54Z</time>
        <cmt>speed: 0.6</cmt>
      </trkpt>
      <trkpt lat="47.358632" lon="8.563188">
        <ele>463</ele>
        <time>2025-05-16T19:03:54Z</time>
        <cmt>speed: 0.0</cmt>
      </trkpt>
      <trkpt lat="47.35863" lon="8.563087">
        <ele>448</ele>
        <time>2025-05-16T19:13:54Z</time>
        <cmt>speed: 0.6</cmt>
      </trkpt>
      <trkpt lat="47.358679" lon="8.563238">
        <ele>432</ele>
        <time>2025-05-16T19:23:56Z</time>
        <cmt>speed: 0.3</cmt>
      </trkpt>
      <trkpt lat="47.358915" lon="8.560652">
        <ele>479</ele>
        <time>2025-05-16T19:33:54Z</time>
        <cmt>speed: 0.0</cmt>
      </trkpt>
      <trkpt lat="47.359959" lon="8.563643">
        <ele>434</ele>
        <time>2025-05-17T05:09:21Z</time>
      </trkpt>
      <trkpt lat="47.359959" lon="8.563643">
        <ele>434</ele>
        <time>2025-05-17T05:19:21Z</time>
      </trkpt>
      <trkpt lat="47.359959" lon="8.563643">
        <ele>434</ele>
        <time>2025-05-17T05:29:21Z</time>
      </trkpt>
      <trkpt lat="47.359959" lon="8.563643">
        <ele>434</ele>
        <time>2025-05-17T05:39:21Z</time>
      </trkpt>
      <trkpt lat="47.359959" lon="8.563643">
        <ele>434</ele>
        <time>2025-05-17T05:49:21Z</time>
      </trkpt>
      <trkpt lat="47.359959" lon="8.563643">
        <ele>434</ele>
        <time>2025-05-17T05:59:21Z</time>
      </trkpt>
      <trkpt lat="47.359959" lon="8.563643">
        <ele>434</ele>
        <time>2025-05-17T06:09:21Z</time>
      </trkpt>
      <trkpt lat="47.359959" lon="8.563643">
        <ele>434</ele>
        <time>2025-05-17T06:19:21Z</time>
      </trkpt>
      <trkpt lat="47.359959" lon="8.563643">
        <ele>434</ele>
        <time>2025-05-17T06:29:21Z</time>
      </trkpt>
      <trkpt lat="47.359959" lon="8.563643">
        <ele>434</ele>
        <time>2025-05-17T06:39:21Z</time>
      </trkpt>
      <trkpt lat="47.359959" lon="8.563643">
        <ele>434</ele>
        <time>2025-05-17T06:49:21Z</time>
      </trkpt>
      <trkpt lat="47.359959" lon="8.563643">
        <ele>434</ele>
        <time>2025-05-17T06:59:21Z</time>
      </trkpt>
      <trkpt lat="47.359959" lon="8.563643">
        <ele>434</ele>
        <time>2025-05-17T07:09:21Z</time>
      </trkpt>
      <trkpt lat="47.359959" lon="8.563643">
        <ele>434</ele>
        <time>2025-05-17T07:19:21Z</time>
      </trkpt>
      <trkpt lat="47.359959" lon="8.563643">
        <ele>434</ele>
        <time>2025-05-17T07:29:21Z</time>
      </trkpt>
      <trkpt lat="47.359959" lon="8.563643">
        <ele>434</ele>
        <time>2025-05-17T07:33:46Z</time>
      </trkpt>
      <trkpt lat="47.359959" lon="8.563643">
        <ele>434</ele>
        <time>2025-05-17T07:43:46Z</time>
      </trkpt>
      <trkpt lat="47.359959" lon="8.563643">
        <ele>434</ele>
        <time>2025-05-17T07:53:46Z</time>
      </trkpt>
      <trkpt lat="47.359959" lon="8.563643">
        <ele>434</ele>
        <time>2025-05-17T08:03:46Z</time>
      </trkpt>
      <trkpt lat="47.359959" lon="8.563643">
        <ele>434</ele>
        <time>2025-05-17T08:13:46Z</time>
      </trkpt>
      <trkpt lat="47.359959" lon="8.563643">
        <ele>434</ele>
        <time>2025-05-17T08:16:29Z</time>
      </trkpt>
      <trkpt lat="47.360009" lon="8.563147">
        <ele>442</ele>
        <time>2025-05-17T08:20:10Z</time>
        <cmt>speed: 1.0</cmt>
      </trkpt>
      <trkpt lat="47.359887" lon="8.561754">
        <ele>449</ele>
        <time>2025-05-17T08:29:23Z</time>
        <cmt>speed: 0.1</cmt>
      </trkpt>
      <trkpt lat="47.359896" lon="8.561734">
        <ele>438</ele>
        <time>2025-05-17T08:29:27Z</time>
        <cmt>speed: 0.2</cmt>
      </trkpt>
      <trkpt lat="47.359906" lon="8.561728">
        <ele>435</ele>
        <time>2025-05-17T08:29:31Z</time>
        <cmt>speed: 0.0</cmt>
      </trkpt>
      <trkpt lat="47.359902" lon="8.561735">
        <ele>433</ele>
        <time>2025-05-17T08:29:35Z</time>
        <cmt>speed: 0.0</cmt>
      </trkpt>
      <trkpt lat="47.359902" lon="8.561735">
        <ele>433</ele>
        <time>2025-05-17T08:29:39Z</time>
        <cmt>speed: 0.0</cmt>
      </trkpt>
      <trkpt lat="47.359902" lon="8.561735">
        <ele>433</ele>
        <time>2025-05-17T08:29:43Z</time>
        <cmt>speed: 0.0</cmt>
      </trkpt>
      <trkpt lat="47.360055" lon="8.561684">
        <ele>427</ele>
        <time>2025-05-17T08:30:09Z</time>
        <cmt>speed: 0.0</cmt>
      </trkpt>
      <trkpt lat="47.359959" lon="8.563643">
        <ele>434</ele>
        <time>2025-05-17T08:32:20Z</time>
      </trkpt>
      <trkpt lat="47.359824" lon="8.563592">
        <ele>452</ele>
        <time>2025-05-17T08:40:09Z</time>
        <cmt>speed: 0.0</cmt>
      </trkpt>
      <trkpt lat="47.359714" lon="8.56336">
        <ele>458</ele>
        <time>2025-05-17T08:50:09Z</time>
        <cmt>speed: 0.5</cmt>
      </trkpt>
      <trkpt lat="47.359714" lon="8.56336">
        <ele>458</ele>
        <time>2025-05-17T09:00:27Z</time>
      </trkpt>
      <trkpt lat="47.359448" lon="8.563248">
        <ele>408</ele>
        <time>2025-05-17T09:00:32Z</time>
        <cmt>speed: 0.2</cmt>
      </trkpt>
      <trkpt lat="47.359602" lon="8.563398">
        <ele>439</ele>
        <time>2025-05-17T09:10:50Z</time>
        <cmt>speed: 1.3</cmt>
      </trkpt>
      <trkpt lat="47.359974" lon="8.56367">
        <ele>434</ele>
        <time>2025-05-17T09:19:12Z</time>
      </trkpt>
      <trkpt lat="47.36027" lon="8.563728">
        <ele>429</ele>
        <time>2025-05-17T09:27:10Z</time>
        <cmt>speed: 0.6</cmt>
      </trkpt>
      <trkpt lat="47.358831" lon="8.565426">
        <ele>441</ele>
        <time>2025-05-17T09:37:07Z</time>
        <cmt>speed: 0.6</cmt>
      </trkpt>
      <trkpt lat="47.358831" lon="8.565426">
        <ele>441</ele>
        <time>2025-05-17T09:47:04Z</time>
      </trkpt>
      <trkpt lat="47.358626" lon="8.565886">
        <ele>446</ele>
        <time>2025-05-17T09:47:06Z</time>
        <cmt>speed: 0.6</cmt>
      </trkpt>
      <trkpt lat="47.358488" lon="8.565059">
        <ele>449</ele>
        <time>2025-05-17T09:57:07Z</time>
        <cmt>speed: 0.2</cmt>
      </trkpt>
      <trkpt lat="47.358488" lon="8.565059">
        <ele>449</ele>
        <time>2025-05-17T10:07:04Z</time>
      </trkpt>
      <trkpt lat="47.358571" lon="8.564663">
        <ele>451</ele>
        <time>2025-05-17T10:07:09Z</time>
        <cmt>speed: 0.2</cmt>
      </trkpt>
      <trkpt lat="47.358508" lon="8.564689">
        <ele>457</ele>
        <time>2025-05-17T10:17:33Z</time>
        <cmt>speed: 0.4</cmt>
      </trkpt>
      <trkpt lat="47.358508" lon="8.564689">
        <ele>457</ele>
        <time>2025-05-17T10:27:10Z</time>
      </trkpt>
      <trkpt lat="47.358603" lon="8.564633">
        <ele>440</ele>
        <time>2025-05-17T10:27:16Z</time>
        <cmt>speed: 0.0</cmt>
      </trkpt>
      <trkpt lat="47.358545" lon="8.564734">
        <ele>481</ele>
        <time>2025-05-17T10:37:23Z</time>
        <cmt>speed: 0.4</cmt>
      </trkpt>
      <trkpt lat="47.358545" lon="8.564734">
        <ele>481</ele>
        <time>2025-05-17T10:47:07Z</time>
      </trkpt>
      <trkpt lat="47.358467" lon="8.564549">
        <ele>430</ele>
        <time>2025-05-17T10:47:13Z</time>
        <cmt>speed: 1.3</cmt>
      </trkpt>
      <trkpt lat="47.358582" lon="8.564642">
        <ele>433</ele>
        <time>2025-05-17T10:57:17Z</time>
        <cmt>speed: 0.4</cmt>
      </trkpt>
      <trkpt lat="47.358582" lon="8.564642">
        <ele>433</ele>
        <time>2025-05-17T11:07:14Z</time>
      </trkpt>
      <trkpt lat="47.358537" lon="8.564519">
        <ele>480</ele>
        <time>2025-05-17T11:07:20Z</time>
        <cmt>speed: 0.6</cmt>
      </trkpt>
      <trkpt lat="47.358654" lon="8.564663">
        <ele>443</ele>
        <time>2025-05-17T11:17:36Z</time>
        <cmt>speed: 1.0</cmt>
      </trkpt>
      <trkpt lat="47.358617" lon="8.564507">
        <ele>451</ele>
        <time>2025-05-17T11:37:29Z</time>
        <cmt>speed: 0.7</cmt>
      </trkpt>
      <trkpt lat="47.358563" lon="8.564634">
        <ele>478</ele>
        <time>2025-05-17T11:58:27Z</time>
        <cmt>speed: 0.3</cmt>
      </trkpt>
      <trkpt lat="47.358561" lon="8.56466">
        <ele>452</ele>
        <time>2025-05-17T12:18:50Z</time>
        <cmt>speed: 0.0</cmt>
      </trkpt>
      <trkpt lat="47.358561" lon="8.56466">
        <ele>452</ele>
        <time>2025-05-17T12:27:04Z</time>
      </trkpt>
      <trkpt lat="47.358675" lon="8.564518">
        <ele>497</ele>
        <time>2025-05-17T12:30:41Z</time>
        <cmt>speed: 0.9</cmt>
      </trkpt>
      <trkpt lat="47.358564" lon="8.564631">
        <ele>479</ele>
        <time>2025-05-17T12:50:48Z</time>
        <cmt>speed: 0.2</cmt>
      </trkpt>
      <trkpt lat="47.358604" lon="8.564627">
        <ele>432</ele>
        <time>2025-05-17T13:00:47Z</time>
        <cmt>speed: 0.1</cmt>
      </trkpt>
      <trkpt lat="47.358604" lon="8.564627">
        <ele>432</ele>
        <time>2025-05-17T13:10:36Z</time>
      </trkpt>
      <trkpt lat="47.35862" lon="8.564665">
        <ele>463</ele>
        <time>2025-05-17T13:10:43Z</time>
        <cmt>speed: 0.1</cmt>
      </trkpt>
      <trkpt lat="47.358602" lon="8.564629">
        <ele>434</ele>
        <time>2025-05-17T13:20:50Z</time>
        <cmt>speed: 0.8</cmt>
      </trkpt>
      <trkpt lat="47.358602" lon="8.564629">
        <ele>434</ele>
        <time>2025-05-17T13:30:34Z</time>
      </trkpt>
      <trkpt lat="47.358459" lon="8.564626">
        <ele>455</ele>
        <time>2025-05-17T13:30:41Z</time>
        <cmt>speed: 0.2</cmt>
      </trkpt>
      <trkpt lat="47.358696" lon="8.564679">
        <ele>447</ele>
        <time>2025-05-17T13:40:46Z</time>
        <cmt>speed: 0.1</cmt>
      </trkpt>
      <trkpt lat="47.358696" lon="8.564679">
        <ele>447</ele>
        <time>2025-05-17T13:47:04Z</time>
      </trkpt>
      <trkpt lat="47.358683" lon="8.564634">
        <ele>445</ele>
        <time>2025-05-17T13:53:56Z</time>
        <cmt>speed: 0.3</cmt>
      </trkpt>
      <trkpt lat="47.358653" lon="8.564588">
        <ele>432</ele>
        <time>2025-05-17T14:03:58Z</time>
        <cmt>speed: 0.0</cmt>
      </trkpt>
      <trkpt lat="47.358653" lon="8.564588">
        <ele>432</ele>
        <time>2025-05-17T14:14:23Z</time>
      </trkpt>
      <trkpt lat="47.35858" lon="8.564814">
        <ele>463</ele>
        <time>2025-05-17T14:14:30Z</time>
        <cmt>speed: 5.0</cmt>
      </trkpt>
      <trkpt lat="47.35859" lon="8.564649">
        <ele>446</ele>
        <time>2025-05-17T14:23:56Z</time>
        <cmt>speed: 0.5</cmt>
      </trkpt>
      <trkpt lat="47.35859" lon="8.564649">
        <ele>446</ele>
        <time>2025-05-17T14:27:04Z</time>
      </trkpt>
      <trkpt lat="47.358644" lon="8.564704">
        <ele>452</ele>
        <time>2025-05-17T14:34:16Z</time>
        <cmt>speed: 0.4</cmt>
      </trkpt>
      <trkpt lat="47.358605" lon="8.564706">
        <ele>450</ele>
        <time>2025-05-17T14:43:53Z</time>
        <cmt>speed: 0.0</cmt>
      </trkpt>
      <trkpt lat="47.358605" lon="8.564706">
        <ele>450</ele>
        <time>2025-05-17T14:53:47Z</time>
      </trkpt>
      <trkpt lat="47.358501" lon="8.564611">
        <ele>457</ele>
        <time>2025-05-17T14:53:54Z</time>
        <cmt>speed: 0.8</cmt>
      </trkpt>
      <trkpt lat="47.358587" lon="8.564726">
        <ele>446</ele>
        <time>2025-05-17T15:04:01Z</time>
        <cmt>speed: 0.2</cmt>
      </trkpt>
      <trkpt lat="47.358587" lon="8.564726">
        <ele>446</ele>
        <time>2025-05-17T15:07:04Z</time>
      </trkpt>
      <trkpt lat="47.358583" lon="8.564593">
        <ele>441</ele>
        <time>2025-05-17T15:23:58Z</time>
        <cmt>speed: 0.3</cmt>
      </trkpt>
      <trkpt lat="47.358583" lon="8.564593">
        <ele>441</ele>
        <time>2025-05-17T15:33:46Z</time>
      </trkpt>
      <trkpt lat="47.358441" lon="8.56459">
        <ele>448</ele>
        <time>2025-05-17T15:33:53Z</time>
        <cmt>speed: 0.0</cmt>
      </trkpt>
      <trkpt lat="47.358533" lon="8.564693">
        <ele>477</ele>
        <time>2025-05-17T15:44:22Z</time>
        <cmt>speed: 0.3</cmt>
      </trkpt>
      <trkpt lat="47.358627" lon="8.564578">
        <ele>446</ele>
        <time>2025-05-17T15:53:55Z</time>
        <cmt>speed: 0.4</cmt>
      </trkpt>
      <trkpt lat="47.358565" lon="8.564677">
        <ele>494</ele>
        <time>2025-05-17T16:03:53Z</time>
        <cmt>speed: 0.5</cmt>
      </trkpt>
      <trkpt lat="47.358327" lon="8.564591">
        <ele>492</ele>
        <time>2025-05-17T16:13:54Z</time>
        <cmt>speed: 0.8</cmt>
      </trkpt>
      <trkpt lat="47.358213" lon="8.564637">
        <ele>480</ele>
        <time>2025-05-17T16:23:53Z</time>
        <cmt>speed: 0.2</cmt>
      </trkpt>
      <trkpt lat="47.358312" lon="8.563529">
        <ele>479</ele>
        <time>2025-05-17T16:33:55Z</time>
        <cmt>speed: 0.2</cmt>
      </trkpt>
      <trkpt lat="47.358222" lon="8.565477">
        <ele>450</ele>
        <time>2025-05-17T16:43:54Z</time>
        <cmt>speed: 0.2</cmt>
      </trkpt>
      <trkpt lat="47.358689" lon="8.565536">
        <ele>450</ele>
        <time>2025-05-17T16:53:53Z</time>
        <cmt>speed: 0.2</cmt>
      </trkpt>
      <trkpt lat="47.358705" lon="8.565425">
        <ele>421</ele>
        <time>2025-05-17T17:03:54Z</time>
        <cmt>speed: 0.0</cmt>
      </trkpt>
      <trkpt lat="47.358703" lon="8.565598">
        <ele>458</ele>
        <time>2025-05-17T17:13:54Z</time>
        <cmt>speed: 1.0</cmt>
      </trkpt>
      <trkpt lat="47.358765" lon="8.565542">
        <ele>443</ele>
        <time>2025-05-17T17:23:53Z</time>
        <cmt>speed: 0.6</cmt>
      </trkpt>
      <trkpt lat="47.358531" lon="8.565631">
        <ele>446</ele>
        <time>2025-05-17T17:33:55Z</time>
        <cmt>speed: 0.2</cmt>
      </trkpt>
      <trkpt lat="47.358703" lon="8.56561">
        <ele>453</ele>
        <time>2025-05-17T17:43:53Z</time>
        <cmt>speed: 0.4</cmt>
      </trkpt>
      <trkpt lat="47.358841" lon="8.565712">
        <ele>443</ele>
        <time>2025-05-17T17:53:54Z</time>
        <cmt>speed: 1.4</cmt>
      </trkpt>
      <trkpt lat="47.358911" lon="8.565671">
        <ele>446</ele>
        <time>2025-05-17T18:03:54Z</time>
        <cmt>speed: 0.8</cmt>
      </trkpt>
      <trkpt lat="47.358541" lon="8.56611">
        <ele>445</ele>
        <time>2025-05-17T18:13:54Z</time>
        <cmt>speed: 0.6</cmt>
      </trkpt>
      <trkpt lat="47.358662" lon="8.565481">
        <ele>442</ele>
        <time>2025-05-17T18:33:53Z</time>
        <cmt>speed: 0.9</cmt>
      </trkpt>
      <trkpt lat="47.358772" lon="8.565679">
        <ele>421</ele>
        <time>2025-05-17T18:43:53Z</time>
        <cmt>speed: 0.5</cmt>
      </trkpt>
      <trkpt lat="47.358772" lon="8.565679">
        <ele>421</ele>
        <time>2025-05-17T18:53:47Z</time>
      </trkpt>
      <trkpt lat="47.359119" lon="8.565517">
        <ele>462</ele>
        <time>2025-05-17T18:53:54Z</time>
        <cmt>speed: 3.1</cmt>
      </trkpt>
      <trkpt lat="47.359101" lon="8.562121">
        <ele>436</ele>
        <time>2025-05-17T19:03:53Z</time>
        <cmt>speed: 0.6</cmt>
      </trkpt>
      <trkpt lat="47.359007" lon="8.561534">
        <ele>425</ele>
        <time>2025-05-17T19:13:54Z</time>
        <cmt>speed: 0.4</cmt>
      </trkpt>
      <trkpt lat="47.359347" lon="8.561332">
        <ele>440</ele>
        <time>2025-05-17T19:23:57Z</time>
        <cmt>speed: 1.0</cmt>
      </trkpt>
      <trkpt lat="47.359533" lon="8.560877">
        <ele>424</ele>
        <time>2025-05-17T19:33:54Z</time>
        <cmt>speed: 0.4</cmt>
      </trkpt>
      <trkpt lat="47.35939" lon="8.559875">
        <ele>422</ele>
        <time>2025-05-17T19:43:56Z</time>
        <cmt>speed: 0.1</cmt>
      </trkpt>
      <trkpt lat="47.358857" lon="8.560852">
        <ele>451</ele>
        <time>2025-05-17T19:53:55Z</time>
        <cmt>speed: 0.1</cmt>
      </trkpt>
      <trkpt lat="47.359137" lon="8.560903">
        <ele>473</ele>
        <time>2025-05-17T20:03:54Z</time>
        <cmt>speed: 1.1</cmt>
      </trkpt>
      <trkpt lat="47.357773" lon="8.561553">
        <ele>466</ele>
        <time>2025-05-17T20:13:54Z</time>
        <cmt>speed: 4.5</cmt>
      </trkpt>
      <trkpt lat="47.357479" lon="8.56185">
        <ele>437</ele>
        <time>2025-05-17T20:23:55Z</time>
        <cmt>speed: 1.2</cmt>
      </trkpt>
      <trkpt lat="47.35784" lon="8.562868">
        <ele>429</ele>
        <time>2025-05-17T20:33:55Z</time>
        <cmt>speed: 0.4</cmt>
      </trkpt>
      <trkpt lat="47.358186" lon="8.56325">
        <ele>447</ele>
        <time>2025-05-17T20:43:53Z</time>
        <cmt>speed: 0.3</cmt>
      </trkpt>
      <trkpt lat="47.358186" lon="8.56325">
        <ele>447</ele>
        <time>2025-05-17T20:53:45Z</time>
      </trkpt>
      <trkpt lat="47.358095" lon="8.563244">
        <ele>446</ele>
        <time>2025-05-17T20:53:53Z</time>
        <cmt>speed: 0.2</cmt>
      </trkpt>
      <trkpt lat="47.358145" lon="8.563208">
        <ele>451</ele>
        <time>2025-05-17T21:03:54Z</time>
        <cmt>speed: 0.0</cmt>
      </trkpt>
      <trkpt lat="47.358319" lon="8.563406">
        <ele>472</ele>
        <time>2025-05-17T21:13:55Z</time>
        <cmt>speed: 3.1</cmt>
      </trkpt>
      <trkpt lat="47.358395" lon="8.563157">
        <ele>442</ele>
        <time>2025-05-17T21:23:54Z</time>
        <cmt>speed: 0.5</cmt>
      </trkpt>
      <trkpt lat="47.358395" lon="8.563157">
        <ele>442</ele>
        <time>2025-05-17T21:27:56Z</time>
      </trkpt>
      <trkpt lat="47.358324" lon="8.563208">
        <ele>442</ele>
        <time>2025-05-17T21:38:43Z</time>
        <cmt>speed: 1.2</cmt>
      </trkpt>
      <trkpt lat="47.3583" lon="8.563363">
        <ele>422</ele>
        <time>2025-05-17T21:48:42Z</time>
        <cmt>speed: 0.4</cmt>
      </trkpt>
      <trkpt lat="47.358321" lon="8.563174">
        <ele>443</ele>
        <time>2025-05-17T21:58:44Z</time>
        <cmt>speed: 0.5</cmt>
      </trkpt>
      <trkpt lat="47.358321" lon="8.563174">
        <ele>443</ele>
        <time>2025-05-17T22:08:35Z</time>
      </trkpt>
      <trkpt lat="47.358253" lon="8.563234">
        <ele>447</ele>
        <time>2025-05-17T22:08:43Z</time>
        <cmt>speed: 0.1</cmt>
      </trkpt>
      <trkpt lat="47.358317" lon="8.563212">
        <ele>446</ele>
        <time>2025-05-17T22:18:44Z</time>
        <cmt>speed: 1.2</cmt>
      </trkpt>
      <trkpt lat="47.358317" lon="8.563212">
        <ele>446</ele>
        <time>2025-05-17T22:28:35Z</time>
      </trkpt>
      <trkpt lat="47.358304" lon="8.563153">
        <ele>447</ele>
        <time>2025-05-17T22:28:43Z</time>
        <cmt>speed: 0.4</cmt>
      </trkpt>
      <trkpt lat="47.358238" lon="8.5633">
        <ele>449</ele>
        <time>2025-05-17T22:38:44Z</time>
        <cmt>speed: 0.2</cmt>
      </trkpt>
      <trkpt lat="47.358238" lon="8.5633">
        <ele>449</ele>
        <time>2025-05-17T22:48:35Z</time>
      </trkpt>
      <trkpt lat="47.35838" lon="8.563311">
        <ele>452</ele>
        <time>2025-05-17T22:48:43Z</time>
        <cmt>speed: 0.1</cmt>
      </trkpt>
      <trkpt lat="47.35837" lon="8.563187">
        <ele>451</ele>
        <time>2025-05-17T22:58:46Z</time>
        <cmt>speed: 0.1</cmt>
      </trkpt>
      <trkpt lat="47.35837" lon="8.563187">
        <ele>451</ele>
        <time>2025-05-17T23:08:37Z</time>
      </trkpt>
      <trkpt lat="47.358288" lon="8.563179">
        <ele>443</ele>
        <time>2025-05-17T23:08:45Z</time>
        <cmt>speed: 0.4</cmt>
      </trkpt>
      <trkpt lat="47.358506" lon="8.563231">
        <ele>421</ele>
        <time>2025-05-17T23:18:44Z</time>
        <cmt>speed: 0.7</cmt>
      </trkpt>
      <trkpt lat="47.36008" lon="8.560445">
        <ele>453</ele>
        <time>2025-05-17T23:38:47Z</time>
        <cmt>speed: 0.1</cmt>
      </trkpt>
      <trkpt lat="47.359955" lon="8.558875">
        <ele>417</ele>
        <time>2025-05-17T23:48:47Z</time>
        <cmt>speed: 0.4</cmt>
      </trkpt>
      <trkpt lat="47.36012" lon="8.560006">
        <ele>397</ele>
        <time>2025-05-17T23:58:43Z</time>
        <cmt>speed: 1.4</cmt>
      </trkpt>
      <trkpt lat="47.36012" lon="8.560006">
        <ele>397</ele>
        <time>2025-05-18T00:08:37Z</time>
      </trkpt>
      <trkpt lat="47.359414" lon="8.561395">
        <ele>430</ele>
        <time>2025-05-18T00:08:45Z</time>
        <cmt>speed: 0.1</cmt>
      </trkpt>
      <trkpt lat="47.359063" lon="8.564151">
        <ele>436</ele>
        <time>2025-05-18T00:18:44Z</time>
        <cmt>speed: 1.5</cmt>
      </trkpt>
      <trkpt lat="47.358763" lon="8.564075">
        <ele>434</ele>
        <time>2025-05-18T00:29:08Z</time>
        <cmt>speed: 0.0</cmt>
      </trkpt>
      <trkpt lat="47.358985" lon="8.56423">
        <ele>450</ele>
        <time>2025-05-18T00:48:59Z</time>
        <cmt>speed: 0.0</cmt>
      </trkpt>
      <trkpt lat="47.358894" lon="8.564329">
        <ele>453</ele>
        <time>2025-05-18T00:58:52Z</time>
        <cmt>speed: 0.6</cmt>
      </trkpt>
      <trkpt lat="47.359027" lon="8.564345">
        <ele>463</ele>
        <time>2025-05-18T02:21:51Z</time>
        <cmt>speed: 0.2</cmt>
      </trkpt>
      <trkpt lat="47.358821" lon="8.564384">
        <ele>470</ele>
        <time>2025-05-18T03:15:16Z</time>
        <cmt>speed: 0.1</cmt>
      </trkpt>
      <trkpt lat="47.358631" lon="8.564383">
        <ele>469</ele>
        <time>2025-05-18T03:25:04Z</time>
        <cmt>speed: 4.8</cmt>
      </trkpt>
      <trkpt lat="47.358269" lon="8.565023">
        <ele>480</ele>
        <time>2025-05-18T03:45:10Z</time>
        <cmt>speed: 0.0</cmt>
      </trkpt>
      <trkpt lat="47.358269" lon="8.565023">
        <ele>480</ele>
        <time>2025-05-18T03:45:10Z</time>
      </trkpt>
      <trkpt lat="47.358393" lon="8.565048">
        <ele>440</ele>
        <time>2025-05-18T04:05:23Z</time>
        <cmt>speed: 0.3</cmt>
      </trkpt>
      <trkpt lat="47.358393" lon="8.565048">
        <ele>440</ele>
        <time>2025-05-18T04:05:23Z</time>
      </trkpt>
      <trkpt lat="47.358276" lon="8.564908">
        <ele>466</ele>
        <time>2025-05-18T04:45:03Z</time>
        <cmt>speed: 0.9</cmt>
      </trkpt>
      <trkpt lat="47.358298" lon="8.564303">
        <ele>455</ele>
        <time>2025-05-18T04:54:55Z</time>
        <cmt>speed: 0.3</cmt>
      </trkpt>
      <trkpt lat="47.358391" lon="8.564413">
        <ele>447</ele>
        <time>2025-05-18T05:04:51Z</time>
        <cmt>speed: 0.5</cmt>
      </trkpt>
      <trkpt lat="47.358391" lon="8.564413">
        <ele>447</ele>
        <time>2025-05-18T05:04:51Z</time>
      </trkpt>
      <trkpt lat="47.358536" lon="8.564272">
        <ele>430</ele>
        <time>2025-05-18T05:14:50Z</time>
        <cmt>speed: 0.4</cmt>
      </trkpt>
      <trkpt lat="47.358536" lon="8.564272">
        <ele>430</ele>
        <time>2025-05-18T05:17:47Z</time>
      </trkpt>
      <trkpt lat="47.358247" lon="8.564375">
        <ele>452</ele>
        <time>2025-05-18T05:24:51Z</time>
        <cmt>speed: 0.2</cmt>
      </trkpt>
      <trkpt lat="47.358293" lon="8.564393">
        <ele>448</ele>
        <time>2025-05-18T05:34:52Z</time>
        <cmt>speed: 0.1</cmt>
      </trkpt>
      <trkpt lat="47.358293" lon="8.564393">
        <ele>448</ele>
        <time>2025-05-18T05:37:47Z</time>
      </trkpt>
      <trkpt lat="47.358377" lon="8.564369">
        <ele>451</ele>
        <time>2025-05-18T05:44:52Z</time>
        <cmt>speed: 0.0</cmt>
      </trkpt>
      <trkpt lat="47.358235" lon="8.564252">
        <ele>463</ele>
        <time>2025-05-18T05:54:51Z</time>
        <cmt>speed: 0.8</cmt>
      </trkpt>
      <trkpt lat="47.358235" lon="8.564252">
        <ele>463</ele>
        <time>2025-05-18T05:57:47Z</time>
      </trkpt>
      <trkpt lat="47.358308" lon="8.564338">
        <ele>454</ele>
        <time>2025-05-18T06:04:50Z</time>
        <cmt>speed: 0.1</cmt>
      </trkpt>
      <trkpt lat="47.358225" lon="8.564269">
        <ele>443</ele>
        <time>2025-05-18T06:14:51Z</time>
        <cmt>speed: 0.8</cmt>
      </trkpt>
      <trkpt lat="47.358557" lon="8.564244">
        <ele>447</ele>
        <time>2025-05-18T06:24:50Z</time>
        <cmt>speed: 0.3</cmt>
      </trkpt>
      <trkpt lat="47.358557" lon="8.564244">
        <ele>447</ele>
        <time>2025-05-18T06:24:50Z</time>
      </trkpt>
      <trkpt lat="47.357812" lon="8.563799">
        <ele>447</ele>
        <time>2025-05-18T06:34:51Z</time>
        <cmt>speed: 0.0</cmt>
      </trkpt>
      <trkpt lat="47.356989" lon="8.563706">
        <ele>432</ele>
        <time>2025-05-18T06:44:54Z</time>
        <cmt>speed: 1.5</cmt>
      </trkpt>
      <trkpt lat="47.357625" lon="8.563171">
        <ele>450</ele>
        <time>2025-05-18T06:54:55Z</time>
        <cmt>speed: 0.1</cmt>
      </trkpt>
      <trkpt lat="47.358338" lon="8.561887">
        <ele>431</ele>
        <time>2025-05-18T07:04:51Z</time>
        <cmt>speed: 0.8</cmt>
      </trkpt>
      <trkpt lat="47.358689" lon="8.560423">
        <ele>442</ele>
        <time>2025-05-18T07:14:56Z</time>
        <cmt>speed: 0.0</cmt>
      </trkpt>
      <trkpt lat="47.357739" lon="8.56084">
        <ele>453</ele>
        <time>2025-05-18T07:24:55Z</time>
        <cmt>speed: 1.7</cmt>
      </trkpt>
      <trkpt lat="47.357734" lon="8.560855">
        <ele>460</ele>
        <time>2025-05-18T07:35:00Z</time>
        <cmt>speed: 0.0</cmt>
      </trkpt>
      <trkpt lat="47.357734" lon="8.560855">
        <ele>460</ele>
        <time>2025-05-18T07:45:13Z</time>
      </trkpt>
      <trkpt lat="47.357572" lon="8.560781">
        <ele>393</ele>
        <time>2025-05-18T07:45:14Z</time>
        <cmt>speed: 0.5</cmt>
      </trkpt>
      <trkpt lat="47.357792" lon="8.560833">
        <ele>448</ele>
        <time>2025-05-18T08:05:15Z</time>
        <cmt>speed: 0.2</cmt>
      </trkpt>
      <trkpt lat="47.357392" lon="8.561633">
        <ele>492</ele>
        <time>2025-05-18T09:10:57Z</time>
        <cmt>speed: 1.9</cmt>
      </trkpt>
      <trkpt lat="47.357392" lon="8.561633">
        <ele>492</ele>
        <time>2025-05-18T09:21:16Z</time>
      </trkpt>
      <trkpt lat="47.35767" lon="8.560814">
        <ele>416</ele>
        <time>2025-05-18T09:21:17Z</time>
        <cmt>speed: 0.9</cmt>
      </trkpt>
      <trkpt lat="47.357916" lon="8.560636">
        <ele>426</ele>
        <time>2025-05-18T09:51:29Z</time>
        <cmt>speed: 1.8</cmt>
      </trkpt>
      <trkpt lat="47.357916" lon="8.560636">
        <ele>426</ele>
        <time>2025-05-18T09:57:47Z</time>
      </trkpt>
      <trkpt lat="47.357748" lon="8.560927">
        <ele>461</ele>
        <time>2025-05-18T11:01:13Z</time>
        <cmt>speed: 0.2</cmt>
      </trkpt>
      <trkpt lat="47.357925" lon="8.560794">
        <ele>472</ele>
        <time>2025-05-18T11:11:10Z</time>
        <cmt>speed: 1.1</cmt>
      </trkpt>
      <trkpt lat="47.3578" lon="8.560845">
        <ele>436</ele>
        <time>2025-05-18T11:20:50Z</time>
        <cmt>speed: 0.0</cmt>
      </trkpt>
      <trkpt lat="47.357569" lon="8.560431">
        <ele>455</ele>
        <time>2025-05-18T11:30:50Z</time>
        <cmt>speed: 0.1</cmt>
      </trkpt>
      <trkpt lat="47.358344" lon="8.559089">
        <ele>450</ele>
        <time>2025-05-18T11:40:51Z</time>
        <cmt>speed: 0.2</cmt>
      </trkpt>
      <trkpt lat="47.358714" lon="8.558878">
        <ele>423</ele>
        <time>2025-05-18T11:50:52Z</time>
        <cmt>speed: 0.0</cmt>
      </trkpt>
      <trkpt lat="47.358999" lon="8.559046">
        <ele>451</ele>
        <time>2025-05-18T12:00:51Z</time>
        <cmt>speed: 0.0</cmt>
      </trkpt>
      <trkpt lat="47.358944" lon="8.561132">
        <ele>420</ele>
        <time>2025-05-18T12:10:48Z</time>
        <cmt>speed: 0.4</cmt>
      </trkpt>
      <trkpt lat="47.358944" lon="8.561132">
        <ele>420</ele>
        <time>2025-05-18T12:20:47Z</time>
      </trkpt>
      <trkpt lat="47.358795" lon="8.561192">
        <ele>446</ele>
        <time>2025-05-18T12:20:49Z</time>
        <cmt>speed: 0.2</cmt>
      </trkpt>
      <trkpt lat="47.358395" lon="8.562694">
        <ele>443</ele>
        <time>2025-05-18T12:30:49Z</time>
        <cmt>speed: 1.3</cmt>
      </trkpt>
      <trkpt lat="47.358395" lon="8.562694">
        <ele>443</ele>
        <time>2025-05-18T12:40:55Z</time>
      </trkpt>
      <trkpt lat="47.358317" lon="8.562504">
        <ele>430</ele>
        <time>2025-05-18T12:40:57Z</time>
        <cmt>speed: 0.0</cmt>
      </trkpt>
      <trkpt lat="47.358343" lon="8.562679">
        <ele>455</ele>
        <time>2025-05-18T12:50:55Z</time>
        <cmt>speed: 0.2</cmt>
      </trkpt>
      <trkpt lat="47.358496" lon="8.562749">
        <ele>511</ele>
        <time>2025-05-18T13:12:28Z</time>
        <cmt>speed: 0.8</cmt>
      </trkpt>
      <trkpt lat="47.35838" lon="8.562585">
        <ele>457</ele>
        <time>2025-05-18T13:22:06Z</time>
        <cmt>speed: 0.2</cmt>
      </trkpt>
      <trkpt lat="47.358137" lon="8.56261">
        <ele>435</ele>
        <time>2025-05-18T13:32:04Z</time>
        <cmt>speed: 0.7</cmt>
      </trkpt>
      <trkpt lat="47.358371" lon="8.562398">
        <ele>436</ele>
        <time>2025-05-18T13:42:05Z</time>
        <cmt>speed: 0.1</cmt>
      </trkpt>
      <trkpt lat="47.358108" lon="8.56249">
        <ele>409</ele>
        <time>2025-05-18T13:52:14Z</time>
        <cmt>speed: 0.5</cmt>
      </trkpt>
      <trkpt lat="47.358108" lon="8.56249">
        <ele>409</ele>
        <time>2025-05-18T14:02:02Z</time>
      </trkpt>
      <trkpt lat="47.358411" lon="8.562452">
        <ele>426</ele>
        <time>2025-05-18T14:02:04Z</time>
        <cmt>speed: 1.7</cmt>
      </trkpt>
      <trkpt lat="47.358428" lon="8.562577">
        <ele>501</ele>
        <time>2025-05-18T14:12:05Z</time>
        <cmt>speed: 0.1</cmt>
      </trkpt>
      <trkpt lat="47.358415" lon="8.562296">
        <ele>420</ele>
        <time>2025-05-18T14:22:04Z</time>
        <cmt>speed: 0.1</cmt>
      </trkpt>
      <trkpt lat="47.35875" lon="8.562116">
        <ele>427</ele>
        <time>2025-05-18T14:32:04Z</time>
        <cmt>speed: 0.5</cmt>
      </trkpt>
      <trkpt lat="47.359214" lon="8.562401">
        <ele>479</ele>
        <time>2025-05-18T14:42:06Z</time>
        <cmt>speed: 0.2</cmt>
      </trkpt>
      <trkpt lat="47.360079" lon="8.562064">
        <ele>456</ele>
        <time>2025-05-18T14:52:13Z</time>
        <cmt>speed: 0.2</cmt>
      </trkpt>
      <trkpt lat="47.360079" lon="8.562064">
        <ele>456</ele>
        <time>2025-05-18T15:02:04Z</time>
      </trkpt>
      <trkpt lat="47.360157" lon="8.561668">
        <ele>444</ele>
        <time>2025-05-18T15:02:06Z</time>
        <cmt>speed: 0.0</cmt>
      </trkpt>
      <trkpt lat="47.359793" lon="8.561525">
        <ele>412</ele>
        <time>2025-05-18T15:12:22Z</time>
        <cmt>speed: 0.9</cmt>
      </trkpt>
      <trkpt lat="47.359793" lon="8.561525">
        <ele>412</ele>
        <time>2025-05-18T15:17:47Z</time>
      </trkpt>
      <trkpt lat="47.35975" lon="8.561608">
        <ele>445</ele>
        <time>2025-05-18T15:22:39Z</time>
        <cmt>speed: 0.1</cmt>
      </trkpt>
      <trkpt lat="47.359899" lon="8.561521">
        <ele>410</ele>
        <time>2025-05-18T15:32:24Z</time>
        <cmt>speed: 0.1</cmt>
      </trkpt>
      <trkpt lat="47.359659" lon="8.561623">
        <ele>440</ele>
        <time>2025-05-18T15:42:29Z</time>
        <cmt>speed: 0.3</cmt>
      </trkpt>
      <trkpt lat="47.358929" lon="8.561178">
        <ele>421</ele>
        <time>2025-05-18T15:52:24Z</time>
        <cmt>speed: 0.2</cmt>
      </trkpt>
      <trkpt lat="47.35904" lon="8.561163">
        <ele>405</ele>
        <time>2025-05-18T16:02:23Z</time>
        <cmt>speed: 0.5</cmt>
      </trkpt>
      <trkpt lat="47.358443" lon="8.561118">
        <ele>430</ele>
        <time>2025-05-18T16:12:23Z</time>
        <cmt>speed: 0.0</cmt>
      </trkpt>
      <trkpt lat="47.357915" lon="8.562439">
        <ele>438</ele>
        <time>2025-05-18T16:22:26Z</time>
        <cmt>speed: 0.5</cmt>
      </trkpt>
      <trkpt lat="47.357598" lon="8.563396">
        <ele>465</ele>
        <time>2025-05-18T16:32:23Z</time>
        <cmt>speed: 0.4</cmt>
      </trkpt>
      <trkpt lat="47.357598" lon="8.563396">
        <ele>465</ele>
        <time>2025-05-18T16:42:22Z</time>
      </trkpt>
      <trkpt lat="47.357678" lon="8.563512">
        <ele>450</ele>
        <time>2025-05-18T16:42:24Z</time>
        <cmt>speed: 0.1</cmt>
      </trkpt>
      <trkpt lat="47.357643" lon="8.563825">
        <ele>418</ele>
        <time>2025-05-18T16:52:23Z</time>
        <cmt>speed: 0.5</cmt>
      </trkpt>
      <trkpt lat="47.357643" lon="8.563825">
        <ele>418</ele>
        <time>2025-05-18T16:57:47Z</time>
      </trkpt>
      <trkpt lat="47.357674" lon="8.563611">
        <ele>452</ele>
        <time>2025-05-18T17:13:42Z</time>
        <cmt>speed: 0.4</cmt>
      </trkpt>
      <trkpt lat="47.357719" lon="8.56351">
        <ele>454</ele>
        <time>2025-05-18T17:24:33Z</time>
        <cmt>speed: 0.1</cmt>
      </trkpt>
      <trkpt lat="47.357628" lon="8.563627">
        <ele>429</ele>
        <time>2025-05-18T17:34:35Z</time>
        <cmt>speed: 0.2</cmt>
      </trkpt>
      <trkpt lat="47.357628" lon="8.563627">
        <ele>429</ele>
        <time>2025-05-18T17:44:29Z</time>
      </trkpt>
      <trkpt lat="47.357858" lon="8.564022">
        <ele>446</ele>
        <time>2025-05-18T17:44:32Z</time>
        <cmt>speed: 0.3</cmt>
      </trkpt>
      <trkpt lat="47.358303" lon="8.564416">
        <ele>459</ele>
        <time>2025-05-18T17:54:33Z</time>
        <cmt>speed: 0.3</cmt>
      </trkpt>
      <trkpt lat="47.358855" lon="8.565716">
        <ele>454</ele>
        <time>2025-05-18T18:04:32Z</time>
        <cmt>speed: 1.4</cmt>
      </trkpt>
      <trkpt lat="47.35878" lon="8.565488">
        <ele>440</ele>
        <time>2025-05-18T18:14:33Z</time>
        <cmt>speed: 0.7</cmt>
      </trkpt>
      <trkpt lat="47.358825" lon="8.565461">
        <ele>438</ele>
        <time>2025-05-18T18:24:33Z</time>
        <cmt>speed: 0.4</cmt>
      </trkpt>
      <trkpt lat="47.358704" lon="8.56564">
        <ele>479</ele>
        <time>2025-05-18T18:34:33Z</time>
        <cmt>speed: 0.1</cmt>
      </trkpt>
      <trkpt lat="47.358857" lon="8.565411">
        <ele>445</ele>
        <time>2025-05-18T18:44:33Z</time>
        <cmt>speed: 0.0</cmt>
      </trkpt>
      <trkpt lat="47.3587" lon="8.565492">
        <ele>475</ele>
        <time>2025-05-18T18:54:33Z</time>
        <cmt>speed: 0.2</cmt>
      </trkpt>
      <trkpt lat="47.360212" lon="8.561973">
        <ele>458</ele>
        <time>2025-05-18T19:04:34Z</time>
        <cmt>speed: 0.7</cmt>
      </trkpt>
      <trkpt lat="47.360045" lon="8.561998">
        <ele>443</ele>
        <time>2025-05-18T19:14:35Z</time>
        <cmt>speed: 0.2</cmt>
      </trkpt>
      <trkpt lat="47.359061" lon="8.559196">
        <ele>450</ele>
        <time>2025-05-18T19:24:34Z</time>
        <cmt>speed: 0.4</cmt>
      </trkpt>
      <trkpt lat="47.358968" lon="8.559078">
        <ele>440</ele>
        <time>2025-05-18T19:34:34Z</time>
        <cmt>speed: 1.0</cmt>
      </trkpt>
      <trkpt lat="47.358968" lon="8.559078">
        <ele>440</ele>
        <time>2025-05-18T19:44:31Z</time>
      </trkpt>
      <trkpt lat="47.358548" lon="8.558823">
        <ele>441</ele>
        <time>2025-05-18T19:44:33Z</time>
        <cmt>speed: 0.4</cmt>
      </trkpt>
      <trkpt lat="47.359014" lon="8.558794">
        <ele>438</ele>
        <time>2025-05-18T19:54:34Z</time>
        <cmt>speed: 0.4</cmt>
      </trkpt>
      <trkpt lat="47.359411" lon="8.56222">
        <ele>448</ele>
        <time>2025-05-18T20:14:36Z</time>
        <cmt>speed: 1.1</cmt>
      </trkpt>
      <trkpt lat="47.359011" lon="8.564411">
        <ele>449</ele>
        <time>2025-05-18T20:24:34Z</time>
        <cmt>speed: 0.1</cmt>
      </trkpt>
      <trkpt lat="47.358908" lon="8.564688">
        <ele>461</ele>
        <time>2025-05-18T20:34:33Z</time>
        <cmt>speed: 0.8</cmt>
      </trkpt>
      <trkpt lat="47.358633" lon="8.565407">
        <ele>465</ele>
        <time>2025-05-18T20:44:32Z</time>
        <cmt>speed: 1.3</cmt>
      </trkpt>
      <trkpt lat="47.358542" lon="8.567371">
        <ele>503</ele>
        <time>2025-05-18T20:54:33Z</time>
        <cmt>speed: 1.1</cmt>
      </trkpt>
      <trkpt lat="47.358542" lon="8.567371">
        <ele>503</ele>
        <time>2025-05-18T21:04:33Z</time>
      </trkpt>
      <trkpt lat="47.35863" lon="8.566724">
        <ele>437</ele>
        <time>2025-05-18T21:04:36Z</time>
        <cmt>speed: 0.0</cmt>
      </trkpt>
      <trkpt lat="47.358523" lon="8.566797">
        <ele>434</ele>
        <time>2025-05-18T21:14:33Z</time>
        <cmt>speed: 0.2</cmt>
      </trkpt>
      <trkpt lat="47.358823" lon="8.566761">
        <ele>455</ele>
        <time>2025-05-18T21:24:34Z</time>
        <cmt>speed: 1.7</cmt>
      </trkpt>
      <trkpt lat="47.358512" lon="8.566999">
        <ele>452</ele>
        <time>2025-05-18T21:34:35Z</time>
        <cmt>speed: 0.4</cmt>
      </trkpt>
      <trkpt lat="47.358575" lon="8.566815">
        <ele>478</ele>
        <time>2025-05-18T21:44:36Z</time>
        <cmt>speed: 0.5</cmt>
      </trkpt>
      <trkpt lat="47.358384" lon="8.566953">
        <ele>396</ele>
        <time>2025-05-18T21:54:33Z</time>
        <cmt>speed: 3.5</cmt>
      </trkpt>
      <trkpt lat="47.358657" lon="8.566829">
        <ele>422</ele>
        <time>2025-05-18T22:04:35Z</time>
        <cmt>speed: 0.0</cmt>
      </trkpt>
      <trkpt lat="47.358395" lon="8.566899">
        <ele>450</ele>
        <time>2025-05-18T22:14:32Z</time>
        <cmt>speed: 0.6</cmt>
      </trkpt>
      <trkpt lat="47.35876" lon="8.565204">
        <ele>471</ele>
        <time>2025-05-18T22:24:32Z</time>
        <cmt>speed: 5.5</cmt>
      </trkpt>
      <trkpt lat="47.359228" lon="8.564061">
        <ele>472</ele>
        <time>2025-05-18T22:34:33Z</time>
        <cmt>speed: 0.6</cmt>
      </trkpt>
      <trkpt lat="47.358893" lon="8.563673">
        <ele>460</ele>
        <time>2025-05-18T22:44:35Z</time>
        <cmt>speed: 0.1</cmt>
      </trkpt>
      <trkpt lat="47.358854" lon="8.564339">
        <ele>424</ele>
        <time>2025-05-18T22:54:33Z</time>
        <cmt>speed: 0.1</cmt>
      </trkpt>
      <trkpt lat="47.358812" lon="8.565427">
        <ele>435</ele>
        <time>2025-05-18T23:04:33Z</time>
        <cmt>speed: 1.4</cmt>
      </trkpt>
      <trkpt lat="47.358591" lon="8.565756">
        <ele>454</ele>
        <time>2025-05-18T23:14:33Z</time>
        <cmt>speed: 0.4</cmt>
      </trkpt>
      <trkpt lat="47.35856" lon="8.565592">
        <ele>444</ele>
        <time>2025-05-18T23:24:33Z</time>
        <cmt>speed: 0.5</cmt>
      </trkpt>
      <trkpt lat="47.359164" lon="8.561781">
        <ele>466</ele>
        <time>2025-05-18T23:34:34Z</time>
        <cmt>speed: 0.2</cmt>
      </trkpt>
      <trkpt lat="47.357589" lon="8.561141">
        <ele>425</ele>
        <time>2025-05-18T23:44:34Z</time>
        <cmt>speed: 0.3</cmt>
      </trkpt>
      <trkpt lat="47.356452" lon="8.562">
        <ele>492</ele>
        <time>2025-05-18T23:54:37Z</time>
        <cmt>speed: 0.0</cmt>
      </trkpt>
      <trkpt lat="47.355626" lon="8.561726">
        <ele>457</ele>
        <time>2025-05-19T00:04:38Z</time>
        <cmt>speed: 0.7</cmt>
      </trkpt>
      <trkpt lat="47.357924" lon="8.562353">
        <ele>430</ele>
        <time>2025-05-19T00:14:33Z</time>
        <cmt>speed: 1.4</cmt>
      </trkpt>
      <trkpt lat="47.357924" lon="8.562353">
        <ele>430</ele>
        <time>2025-05-19T00:24:30Z</time>
      </trkpt>
      <trkpt lat="47.357622" lon="8.563697">
        <ele>472</ele>
        <time>2025-05-19T00:24:33Z</time>
        <cmt>speed: 0.0</cmt>
      </trkpt>
      <trkpt lat="47.357389" lon="8.563712">
        <ele>442</ele>
        <time>2025-05-19T00:34:33Z</time>
        <cmt>speed: 0.3</cmt>
      </trkpt>
      <trkpt lat="47.357389" lon="8.563712">
        <ele>442</ele>
        <time>2025-05-19T00:44:29Z</time>
      </trkpt>
      <trkpt lat="47.357465" lon="8.563726">
        <ele>451</ele>
        <time>2025-05-19T00:44:33Z</time>
        <cmt>speed: 2.1</cmt>
      </trkpt>
      <trkpt lat="47.357464" lon="8.563595">
        <ele>427</ele>
        <time>2025-05-19T01:01:40Z</time>
        <cmt>speed: 0.0</cmt>
      </trkpt>
      <trkpt lat="47.357529" lon="8.563669">
        <ele>444</ele>
        <time>2025-05-19T01:11:40Z</time>
        <cmt>speed: 0.0</cmt>
      </trkpt>
      <trkpt lat="47.357529" lon="8.563669">
        <ele>444</ele>
        <time>2025-05-19T01:21:33Z</time>
      </trkpt>
      <trkpt lat="47.357424" lon="8.563504">
        <ele>425</ele>
        <time>2025-05-19T01:31:48Z</time>
        <cmt>speed: 0.6</cmt>
      </trkpt>
      <trkpt lat="47.357424" lon="8.563504">
        <ele>425</ele>
        <time>2025-05-19T01:41:42Z</time>
      </trkpt>
      <trkpt lat="47.35755" lon="8.563662">
        <ele>435</ele>
        <time>2025-05-19T01:41:46Z</time>
        <cmt>speed: 0.2</cmt>
      </trkpt>
      <trkpt lat="47.35754" lon="8.563652">
        <ele>430</ele>
        <time>2025-05-19T01:51:46Z</time>
        <cmt>speed: 0.4</cmt>
      </trkpt>
      <trkpt lat="47.35754" lon="8.563652">
        <ele>430</ele>
        <time>2025-05-19T02:01:45Z</time>
      </trkpt>
      <trkpt lat="47.357559" lon="8.563645">
        <ele>457</ele>
        <time>2025-05-19T02:01:49Z</time>
        <cmt>speed: 0.0</cmt>
      </trkpt>
      <trkpt lat="47.357571" lon="8.563649">
        <ele>444</ele>
        <time>2025-05-19T02:11:46Z</time>
        <cmt>speed: 0.1</cmt>
      </trkpt>
      <trkpt lat="47.357571" lon="8.563649">
        <ele>444</ele>
        <time>2025-05-19T02:21:42Z</time>
      </trkpt>
      <trkpt lat="47.357512" lon="8.56365">
        <ele>447</ele>
        <time>2025-05-19T02:21:46Z</time>
        <cmt>speed: 0.4</cmt>
      </trkpt>
      <trkpt lat="47.357506" lon="8.563729">
        <ele>448</ele>
        <time>2025-05-19T02:31:49Z</time>
        <cmt>speed: 0.0</cmt>
      </trkpt>
      <trkpt lat="47.357506" lon="8.563729">
        <ele>448</ele>
        <time>2025-05-19T02:41:43Z</time>
      </trkpt>
      <trkpt lat="47.357542" lon="8.563608">
        <ele>438</ele>
        <time>2025-05-19T02:41:47Z</time>
        <cmt>speed: 0.2</cmt>
      </trkpt>
      <trkpt lat="47.357582" lon="8.563756">
        <ele>482</ele>
        <time>2025-05-19T02:51:45Z</time>
        <cmt>speed: 1.2</cmt>
      </trkpt>
      <trkpt lat="47.357582" lon="8.563756">
        <ele>482</ele>
        <time>2025-05-19T03:01:42Z</time>
      </trkpt>
      <trkpt lat="47.357564" lon="8.563598">
        <ele>443</ele>
        <time>2025-05-19T03:01:46Z</time>
        <cmt>speed: 2.0</cmt>
      </trkpt>
      <trkpt lat="47.357336" lon="8.563675">
        <ele>433</ele>
        <time>2025-05-19T03:11:46Z</time>
        <cmt>speed: 1.6</cmt>
      </trkpt>
      <trkpt lat="47.357336" lon="8.563675">
        <ele>433</ele>
        <time>2025-05-19T03:21:42Z</time>
      </trkpt>
      <trkpt lat="47.357526" lon="8.563638">
        <ele>446</ele>
        <time>2025-05-19T03:21:45Z</time>
        <cmt>speed: 0.2</cmt>
      </trkpt>
      <trkpt lat="47.357491" lon="8.563662">
        <ele>459</ele>
        <time>2025-05-19T03:31:44Z</time>
        <cmt>speed: 0.2</cmt>
      </trkpt>
      <trkpt lat="47.357544" lon="8.563669">
        <ele>443</ele>
        <time>2025-05-19T03:41:46Z</time>
        <cmt>speed: 0.2</cmt>
      </trkpt>
      <trkpt lat="47.357596" lon="8.56367">
        <ele>455</ele>
        <time>2025-05-19T03:51:44Z</time>
        <cmt>speed: 0.3</cmt>
      </trkpt>
      <trkpt lat="47.357596" lon="8.56367">
        <ele>455</ele>
        <time>2025-05-19T04:01:41Z</time>
      </trkpt>
      <trkpt lat="47.357482" lon="8.563629">
        <ele>435</ele>
        <time>2025-05-19T04:01:45Z</time>
        <cmt>speed: 0.3</cmt>
      </trkpt>
      <trkpt lat="47.357483" lon="8.563827">
        <ele>462</ele>
        <time>2025-05-19T04:11:45Z</time>
        <cmt>speed: 0.8</cmt>
      </trkpt>
      <trkpt lat="47.357483" lon="8.563827">
        <ele>462</ele>
        <time>2025-05-19T04:21:42Z</time>
      </trkpt>
      <trkpt lat="47.35753" lon="8.563719">
        <ele>450</ele>
        <time>2025-05-19T04:21:46Z</time>
        <cmt>speed: 0.0</cmt>
      </trkpt>
      <trkpt lat="47.357335" lon="8.563703">
        <ele>440</ele>
        <time>2025-05-19T04:31:44Z</time>
        <cmt>speed: 0.5</cmt>
      </trkpt>
      <trkpt lat="47.357528" lon="8.563644">
        <ele>446</ele>
        <time>2025-05-19T04:41:45Z</time>
        <cmt>speed: 0.4</cmt>
      </trkpt>
      <trkpt lat="47.357486" lon="8.563714">
        <ele>466</ele>
        <time>2025-05-19T04:51:45Z</time>
        <cmt>speed: 0.3</cmt>
      </trkpt>
      <trkpt lat="47.357486" lon="8.563714">
        <ele>466</ele>
        <time>2025-05-19T05:01:33Z</time>
      </trkpt>
      <trkpt lat="47.357546" lon="8.56369">
        <ele>456</ele>
        <time>2025-05-19T05:01:56Z</time>
        <cmt>speed: 0.0</cmt>
      </trkpt>
      <trkpt lat="47.35723" lon="8.563875">
        <ele>481</ele>
        <time>2025-05-19T05:11:55Z</time>
        <cmt>speed: 1.3</cmt>
      </trkpt>
      <trkpt lat="47.35723" lon="8.563875">
        <ele>481</ele>
        <time>2025-05-19T05:21:51Z</time>
      </trkpt>
      <trkpt lat="47.357802" lon="8.563545">
        <ele>443</ele>
        <time>2025-05-19T05:21:55Z</time>
        <cmt>speed: 1.8</cmt>
      </trkpt>
      <trkpt lat="47.357658" lon="8.563729">
        <ele>436</ele>
        <time>2025-05-19T05:31:55Z</time>
        <cmt>speed: 2.3</cmt>
      </trkpt>
      <trkpt lat="47.357658" lon="8.563729">
        <ele>436</ele>
        <time>2025-05-19T05:41:33Z</time>
      </trkpt>
      <trkpt lat="47.357508" lon="8.563755">
        <ele>461</ele>
        <time>2025-05-19T05:45:36Z</time>
        <cmt>speed: 0.1</cmt>
      </trkpt>
      <trkpt lat="47.357602" lon="8.563747">
        <ele>461</ele>
        <time>2025-05-19T05:55:36Z</time>
        <cmt>speed: 0.1</cmt>
      </trkpt>
      <trkpt lat="47.357602" lon="8.563747">
        <ele>461</ele>
        <time>2025-05-19T06:05:31Z</time>
      </trkpt>
      <trkpt lat="47.357451" lon="8.563613">
        <ele>459</ele>
        <time>2025-05-19T06:05:35Z</time>
        <cmt>speed: 0.9</cmt>
      </trkpt>
      <trkpt lat="47.35754" lon="8.563749">
        <ele>466</ele>
        <time>2025-05-19T06:15:35Z</time>
        <cmt>speed: 0.1</cmt>
      </trkpt>
      <trkpt lat="47.35754" lon="8.563749">
        <ele>466</ele>
        <time>2025-05-19T06:25:33Z</time>
      </trkpt>
      <trkpt lat="47.357456" lon="8.56362">
        <ele>454</ele>
        <time>2025-05-19T06:25:37Z</time>
        <cmt>speed: 0.3</cmt>
      </trkpt>
      <trkpt lat="47.357484" lon="8.563666">
        <ele>460</ele>
        <time>2025-05-19T06:35:36Z</time>
        <cmt>speed: 0.8</cmt>
      </trkpt>
      <trkpt lat="47.357484" lon="8.563666">
        <ele>460</ele>
        <time>2025-05-19T06:45:32Z</time>
      </trkpt>
      <trkpt lat="47.357588" lon="8.563729">
        <ele>459</ele>
        <time>2025-05-19T06:45:36Z</time>
        <cmt>speed: 0.2</cmt>
      </trkpt>
      <trkpt lat="47.357609" lon="8.563734">
        <ele>452</ele>
        <time>2025-05-19T06:55:37Z</time>
        <cmt>speed: 0.1</cmt>
      </trkpt>
      <trkpt lat="47.357567" lon="8.563666">
        <ele>452</ele>
        <time>2025-05-19T07:05:36Z</time>
        <cmt>speed: 0.6</cmt>
      </trkpt>
      <trkpt lat="47.357597" lon="8.563247">
        <ele>448</ele>
        <time>2025-05-19T07:15:41Z</time>
        <cmt>speed: 0.2</cmt>
      </trkpt>
      <trkpt lat="47.35859" lon="8.56192">
        <ele>456</ele>
        <time>2025-05-19T07:25:35Z</time>
        <cmt>speed: 1.0</cmt>
      </trkpt>
      <trkpt lat="47.359163" lon="8.560807">
        <ele>441</ele>
        <time>2025-05-19T07:35:38Z</time>
        <cmt>speed: 0.1</cmt>
      </trkpt>
      <trkpt lat="47.358769" lon="8.561157">
        <ele>440</ele>
        <time>2025-05-19T07:45:36Z</time>
        <cmt>speed: 0.8</cmt>
      </trkpt>
      <trkpt lat="47.358297" lon="8.560748">
        <ele>434</ele>
        <time>2025-05-19T07:55:38Z</time>
        <cmt>speed: 0.8</cmt>
      </trkpt>
      <trkpt lat="47.358297" lon="8.560748">
        <ele>434</ele>
        <time>2025-05-19T08:05:57Z</time>
      </trkpt>
      <trkpt lat="47.357642" lon="8.560701">
        <ele>458</ele>
        <time>2025-05-19T08:06:01Z</time>
        <cmt>speed: 0.9</cmt>
      </trkpt>
      <trkpt lat="47.357858" lon="8.560829">
        <ele>455</ele>
        <time>2025-05-19T08:15:51Z</time>
        <cmt>speed: 0.4</cmt>
      </trkpt>
      <trkpt lat="47.357858" lon="8.560829">
        <ele>455</ele>
        <time>2025-05-19T08:25:47Z</time>
      </trkpt>
      <trkpt lat="47.3578" lon="8.560819">
        <ele>462</ele>
        <time>2025-05-19T08:25:52Z</time>
        <cmt>speed: 0.1</cmt>
      </trkpt>
      <trkpt lat="47.357912" lon="8.560758">
        <ele>440</ele>
        <time>2025-05-19T08:45:40Z</time>
        <cmt>speed: 0.1</cmt>
      </trkpt>
      <trkpt lat="47.357998" lon="8.560928">
        <ele>486</ele>
        <time>2025-05-19T08:55:58Z</time>
        <cmt>speed: 0.2</cmt>
      </trkpt>
      <trkpt lat="47.357998" lon="8.560928">
        <ele>486</ele>
        <time>2025-05-19T09:01:33Z</time>
      </trkpt>
      <trkpt lat="47.357831" lon="8.560687">
        <ele>456</ele>
        <time>2025-05-19T10:22:33Z</time>
        <cmt>speed: 0.2</cmt>
      </trkpt>
      <trkpt lat="47.357989" lon="8.560737">
        <ele>437</ele>
        <time>2025-05-19T10:26:11Z</time>
        <cmt>speed: 0.2</cmt>
      </trkpt>
      <trkpt lat="47.357917" lon="8.560797">
        <ele>446</ele>
        <time>2025-05-19T10:31:57Z</time>
        <cmt>speed: 0.4</cmt>
      </trkpt>
      <trkpt lat="47.359959" lon="8.563643">
        <ele>434</ele>
        <time>2025-05-19T10:41:31Z</time>
      </trkpt>
      <trkpt lat="47.359959" lon="8.563643">
        <ele>434</ele>
        <time>2025-05-19T10:56:31Z</time>
      </trkpt>
      <trkpt lat="47.359959" lon="8.563643">
        <ele>434</ele>
        <time>2025-05-19T10:57:28Z</time>
      </trkpt>
      <trkpt lat="47.359611" lon="8.563077">
        <ele>442</ele>
        <time>2025-05-19T10:57:33Z</time>
        <cmt>speed: 1.5</cmt>
      </trkpt>
      <trkpt lat="47.359553" lon="8.563927">
        <ele>418</ele>
        <time>2025-05-19T11:07:03Z</time>
        <cmt>speed: 0.9</cmt>
      </trkpt>
      <trkpt lat="47.359334" lon="8.563746">
        <ele>449</ele>
        <time>2025-05-19T11:17:04Z</time>
        <cmt>speed: 0.1</cmt>
      </trkpt>
      <trkpt lat="47.358905" lon="8.565569">
        <ele>451</ele>
        <time>2025-05-19T11:27:00Z</time>
        <cmt>speed: 0.5</cmt>
      </trkpt>
      <trkpt lat="47.359974" lon="8.56367">
        <ele>434</ele>
        <time>2025-05-19T11:34:22Z</time>
      </trkpt>
      <trkpt lat="47.359974" lon="8.56367">
        <ele>434</ele>
        <time>2025-05-19T11:49:22Z</time>
      </trkpt>
      <trkpt lat="47.359974" lon="8.56367">
        <ele>434</ele>
        <time>2025-05-19T12:52:19Z</time>
      </trkpt>
      <trkpt lat="47.359974" lon="8.56367">
        <ele>434</ele>
        <time>2025-05-19T13:02:35Z</time>
      </trkpt>
      <trkpt lat="47.359974" lon="8.56367">
        <ele>434</ele>
        <time>2025-05-19T13:12:35Z</time>
      </trkpt>
      <trkpt lat="47.359974" lon="8.56367">
        <ele>434</ele>
        <time>2025-05-19T13:22:35Z</time>
      </trkpt>
      <trkpt lat="47.359974" lon="8.56367">
        <ele>434</ele>
        <time>2025-05-19T13:32:35Z</time>
      </trkpt>
      <trkpt lat="47.359974" lon="8.56367">
        <ele>434</ele>
        <time>2025-05-19T13:42:35Z</time>
      </trkpt>
      <trkpt lat="47.359974" lon="8.56367">
        <ele>434</ele>
        <time>2025-05-19T13:52:35Z</time>
      </trkpt>
      <trkpt lat="47.359974" lon="8.56367">
        <ele>434</ele>
        <time>2025-05-19T14:02:35Z</time>
      </trkpt>
      <trkpt lat="47.359974" lon="8.56367">
        <ele>434</ele>
        <time>2025-05-19T14:12:35Z</time>
      </trkpt>
      <trkpt lat="47.359974" lon="8.56367">
        <ele>434</ele>
        <time>2025-05-19T14:22:35Z</time>
      </trkpt>
      <trkpt lat="47.359974" lon="8.56367">
        <ele>434</ele>
        <time>2025-05-19T14:32:35Z</time>
      </trkpt>
      <trkpt lat="47.359974" lon="8.56367">
        <ele>434</ele>
        <time>2025-05-19T14:38:12Z</time>
      </trkpt>
      <trkpt lat="47.359974" lon="8.56367">
        <ele>434</ele>
        <time>2025-05-19T14:48:12Z</time>
      </trkpt>
      <trkpt lat="47.359974" lon="8.56367">
        <ele>434</ele>
        <time>2025-05-19T14:58:12Z</time>
      </trkpt>
      <trkpt lat="47.359974" lon="8.56367">
        <ele>434</ele>
        <time>2025-05-19T15:08:12Z</time>
      </trkpt>
      <trkpt lat="47.359974" lon="8.56367">
        <ele>434</ele>
        <time>2025-05-19T15:18:12Z</time>
      </trkpt>
      <trkpt lat="47.359974" lon="8.56367">
        <ele>434</ele>
        <time>2025-05-19T15:28:12Z</time>
      </trkpt>
      <trkpt lat="47.359974" lon="8.56367">
        <ele>434</ele>
        <time>2025-05-19T15:32:13Z</time>
      </trkpt>
      <trkpt lat="47.359974" lon="8.56367">
        <ele>434</ele>
        <time>2025-05-19T15:47:11Z</time>
      </trkpt>
      <trkpt lat="47.359861" lon="8.563584">
        <ele>411</ele>
        <time>2025-05-19T17:16:37Z</time>
        <cmt>speed: 0.1</cmt>
      </trkpt>
      <trkpt lat="47.359266" lon="8.564152">
        <ele>450</ele>
        <time>2025-05-19T17:26:30Z</time>
        <cmt>speed: 0.0</cmt>
      </trkpt>
      <trkpt lat="47.358429" lon="8.564359">
        <ele>444</ele>
        <time>2025-05-19T17:36:27Z</time>
        <cmt>speed: 1.0</cmt>
      </trkpt>
      <trkpt lat="47.358293" lon="8.564494">
        <ele>432</ele>
        <time>2025-05-19T17:46:27Z</time>
        <cmt>speed: 0.8</cmt>
      </trkpt>
      <trkpt lat="47.358326" lon="8.564332">
        <ele>443</ele>
        <time>2025-05-19T17:56:26Z</time>
        <cmt>speed: 0.1</cmt>
      </trkpt>
      <trkpt lat="47.358326" lon="8.564332">
        <ele>443</ele>
        <time>2025-05-19T17:56:31Z</time>
      </trkpt>
      <trkpt lat="47.358248" lon="8.564947">
        <ele>452</ele>
        <time>2025-05-19T18:06:30Z</time>
        <cmt>speed: 0.3</cmt>
      </trkpt>
      <trkpt lat="47.358344" lon="8.564428">
        <ele>448</ele>
        <time>2025-05-19T18:16:27Z</time>
        <cmt>speed: 0.1</cmt>
      </trkpt>
      <trkpt lat="47.358344" lon="8.564428">
        <ele>448</ele>
        <time>2025-05-19T18:16:31Z</time>
      </trkpt>
      <trkpt lat="47.358303" lon="8.564585">
        <ele>429</ele>
        <time>2025-05-19T18:26:28Z</time>
        <cmt>speed: 0.3</cmt>
      </trkpt>
      <trkpt lat="47.358236" lon="8.564462">
        <ele>447</ele>
        <time>2025-05-19T18:36:28Z</time>
        <cmt>speed: 0.3</cmt>
      </trkpt>
      <trkpt lat="47.358236" lon="8.564462">
        <ele>447</ele>
        <time>2025-05-19T18:36:31Z</time>
      </trkpt>
      <trkpt lat="47.358214" lon="8.564338">
        <ele>474</ele>
        <time>2025-05-19T18:46:28Z</time>
        <cmt>speed: 0.6</cmt>
      </trkpt>
      <trkpt lat="47.358273" lon="8.564488">
        <ele>475</ele>
        <time>2025-05-19T18:56:28Z</time>
        <cmt>speed: 0.0</cmt>
      </trkpt>
      <trkpt lat="47.358292" lon="8.56392">
        <ele>482</ele>
        <time>2025-05-19T19:06:28Z</time>
        <cmt>speed: 1.1</cmt>
      </trkpt>
      <trkpt lat="47.358292" lon="8.56392">
        <ele>482</ele>
        <time>2025-05-19T19:16:22Z</time>
      </trkpt>
      <trkpt lat="47.358283" lon="8.564108">
        <ele>458</ele>
        <time>2025-05-19T19:16:29Z</time>
        <cmt>speed: 0.0</cmt>
      </trkpt>
      <trkpt lat="47.358365" lon="8.564484">
        <ele>451</ele>
        <time>2025-05-19T19:33:35Z</time>
        <cmt>speed: 0.7</cmt>
      </trkpt>
      <trkpt lat="47.358344" lon="8.564374">
        <ele>460</ele>
        <time>2025-05-19T19:43:36Z</time>
        <cmt>speed: 0.1</cmt>
      </trkpt>
      <trkpt lat="47.358392" lon="8.56372">
        <ele>445</ele>
        <time>2025-05-19T19:53:52Z</time>
        <cmt>speed: 0.2</cmt>
      </trkpt>
      <trkpt lat="47.35864" lon="8.564088">
        <ele>451</ele>
        <time>2025-05-19T20:03:35Z</time>
        <cmt>speed: 0.5</cmt>
      </trkpt>
      <trkpt lat="47.358995" lon="8.564651">
        <ele>483</ele>
        <time>2025-05-19T20:13:38Z</time>
        <cmt>speed: 0.5</cmt>
      </trkpt>
      <trkpt lat="47.359974" lon="8.56367">
        <ele>434</ele>
        <time>2025-05-19T20:21:06Z</time>
      </trkpt>
      <trkpt lat="47.359974" lon="8.56367">
        <ele>434</ele>
        <time>2025-05-19T20:25:13Z</time>
      </trkpt>
      <trkpt lat="47.359974" lon="8.56367">
        <ele>434</ele>
        <time>2025-05-19T20:36:06Z</time>
      </trkpt>
      <trkpt lat="47.359601" lon="8.563332">
        <ele>492</ele>
        <time>2025-05-20T05:57:58Z</time>
        <cmt>speed: 0.1</cmt>
      </trkpt>
      <trkpt lat="47.360468" lon="8.562088">
        <ele>445</ele>
        <time>2025-05-20T06:07:49Z</time>
        <cmt>speed: 1.7</cmt>
      </trkpt>
      <trkpt lat="47.359926" lon="8.561771">
        <ele>435</ele>
        <time>2025-05-20T06:17:51Z</time>
        <cmt>speed: 0.1</cmt>
      </trkpt>
      <trkpt lat="47.358032" lon="8.560694">
        <ele>463</ele>
        <time>2025-05-20T06:27:49Z</time>
        <cmt>speed: 0.2</cmt>
      </trkpt>
      <trkpt lat="47.358032" lon="8.560694">
        <ele>463</ele>
        <time>2025-05-20T06:37:43Z</time>
      </trkpt>
      <trkpt lat="47.358859" lon="8.56102">
        <ele>423</ele>
        <time>2025-05-20T06:37:46Z</time>
        <cmt>speed: 0.2</cmt>
      </trkpt>
      <trkpt lat="47.35881" lon="8.561135">
        <ele>443</ele>
        <time>2025-05-20T06:47:48Z</time>
        <cmt>speed: 0.1</cmt>
      </trkpt>
      <trkpt lat="47.35881" lon="8.561135">
        <ele>443</ele>
        <time>2025-05-20T06:57:43Z</time>
      </trkpt>
      <trkpt lat="47.358792" lon="8.561365">
        <ele>434</ele>
        <time>2025-05-20T06:57:49Z</time>
        <cmt>speed: 0.1</cmt>
      </trkpt>
      <trkpt lat="47.358801" lon="8.561036">
        <ele>449</ele>
        <time>2025-05-20T07:07:46Z</time>
        <cmt>speed: 0.7</cmt>
      </trkpt>
      <trkpt lat="47.35831" lon="8.561091">
        <ele>429</ele>
        <time>2025-05-20T07:17:53Z</time>
        <cmt>speed: 0.6</cmt>
      </trkpt>
      <trkpt lat="47.358679" lon="8.561283">
        <ele>431</ele>
        <time>2025-05-20T07:27:48Z</time>
        <cmt>speed: 0.7</cmt>
      </trkpt>
      <trkpt lat="47.358693" lon="8.560904">
        <ele>400</ele>
        <time>2025-05-20T07:37:49Z</time>
        <cmt>speed: 0.8</cmt>
      </trkpt>
      <trkpt lat="47.358413" lon="8.560859">
        <ele>451</ele>
        <time>2025-05-20T07:47:49Z</time>
        <cmt>speed: 0.2</cmt>
      </trkpt>
      <trkpt lat="47.358413" lon="8.560859">
        <ele>451</ele>
        <time>2025-05-20T07:57:43Z</time>
      </trkpt>
      <trkpt lat="47.358361" lon="8.560963">
        <ele>430</ele>
        <time>2025-05-20T07:57:48Z</time>
        <cmt>speed: 0.1</cmt>
      </trkpt>
      <trkpt lat="47.358907" lon="8.561184">
        <ele>439</ele>
        <time>2025-05-20T08:07:49Z</time>
        <cmt>speed: 0.6</cmt>
      </trkpt>
      <trkpt lat="47.358907" lon="8.561184">
        <ele>439</ele>
        <time>2025-05-20T08:17:43Z</time>
      </trkpt>
      <trkpt lat="47.358983" lon="8.561159">
        <ele>436</ele>
        <time>2025-05-20T08:17:50Z</time>
        <cmt>speed: 0.2</cmt>
      </trkpt>
      <trkpt lat="47.358743" lon="8.560995">
        <ele>427</ele>
        <time>2025-05-20T08:28:40Z</time>
        <cmt>speed: 0.0</cmt>
      </trkpt>
      <trkpt lat="47.358824" lon="8.561062">
        <ele>433</ele>
        <time>2025-05-20T08:54:10Z</time>
        <cmt>speed: 1.3</cmt>
      </trkpt>
      <trkpt lat="47.358824" lon="8.561062">
        <ele>433</ele>
        <time>2025-05-20T08:57:43Z</time>
      </trkpt>
      <trkpt lat="47.359012" lon="8.560874">
        <ele>396</ele>
        <time>2025-05-20T09:13:43Z</time>
        <cmt>speed: 0.0</cmt>
      </trkpt>
      <trkpt lat="47.359012" lon="8.560874">
        <ele>396</ele>
        <time>2025-05-20T09:24:07Z</time>
      </trkpt>
      <trkpt lat="47.358872" lon="8.561097">
        <ele>442</ele>
        <time>2025-05-20T09:24:16Z</time>
        <cmt>speed: 0.2</cmt>
      </trkpt>
      <trkpt lat="47.358813" lon="8.561031">
        <ele>421</ele>
        <time>2025-05-20T09:43:42Z</time>
        <cmt>speed: 0.1</cmt>
      </trkpt>
      <trkpt lat="47.358846" lon="8.561113">
        <ele>437</ele>
        <time>2025-05-20T09:53:45Z</time>
        <cmt>speed: 0.0</cmt>
      </trkpt>
      <trkpt lat="47.358846" lon="8.561113">
        <ele>437</ele>
        <time>2025-05-20T10:03:48Z</time>
      </trkpt>
      <trkpt lat="47.358927" lon="8.561115">
        <ele>424</ele>
        <time>2025-05-20T10:03:57Z</time>
        <cmt>speed: 0.6</cmt>
      </trkpt>
      <trkpt lat="47.358895" lon="8.561238">
        <ele>441</ele>
        <time>2025-05-20T10:14:16Z</time>
        <cmt>speed: 0.5</cmt>
      </trkpt>
      <trkpt lat="47.358934" lon="8.56116">
        <ele>434</ele>
        <time>2025-05-20T11:14:21Z</time>
        <cmt>speed: 0.2</cmt>
      </trkpt>
      <trkpt lat="47.358934" lon="8.56116">
        <ele>434</ele>
        <time>2025-05-20T11:17:43Z</time>
      </trkpt>
      <trkpt lat="47.358891" lon="8.561203">
        <ele>424</ele>
        <time>2025-05-20T11:24:13Z</time>
        <cmt>speed: 0.1</cmt>
      </trkpt>
      <trkpt lat="47.358709" lon="8.561026">
        <ele>442</ele>
        <time>2025-05-20T11:34:08Z</time>
        <cmt>speed: 0.2</cmt>
      </trkpt>
      <trkpt lat="47.359065" lon="8.560825">
        <ele>441</ele>
        <time>2025-05-20T11:43:42Z</time>
        <cmt>speed: 0.7</cmt>
      </trkpt>
      <trkpt lat="47.359251" lon="8.559477">
        <ele>442</ele>
        <time>2025-05-20T12:03:44Z</time>
        <cmt>speed: 0.9</cmt>
      </trkpt>
      <trkpt lat="47.358363" lon="8.559005">
        <ele>433</ele>
        <time>2025-05-20T12:13:43Z</time>
        <cmt>speed: 1.4</cmt>
      </trkpt>
      <trkpt lat="47.358594" lon="8.56004">
        <ele>443</ele>
        <time>2025-05-20T12:23:42Z</time>
        <cmt>speed: 0.1</cmt>
      </trkpt>
      <trkpt lat="47.359132" lon="8.561172">
        <ele>442</ele>
        <time>2025-05-20T12:33:43Z</time>
        <cmt>speed: 0.5</cmt>
      </trkpt>
      <trkpt lat="47.359116" lon="8.56192">
        <ele>447</ele>
        <time>2025-05-20T12:43:42Z</time>
        <cmt>speed: 0.6</cmt>
      </trkpt>
      <trkpt lat="47.359404" lon="8.562762">
        <ele>398</ele>
        <time>2025-05-20T12:53:45Z</time>
        <cmt>speed: 0.1</cmt>
      </trkpt>
      <trkpt lat="47.358811" lon="8.563072">
        <ele>442</ele>
        <time>2025-05-20T13:03:42Z</time>
        <cmt>speed: 0.2</cmt>
      </trkpt>
      <trkpt lat="47.358363" lon="8.564548">
        <ele>469</ele>
        <time>2025-05-20T13:13:40Z</time>
        <cmt>speed: 0.3</cmt>
      </trkpt>
      <trkpt lat="47.358363" lon="8.564548">
        <ele>469</ele>
        <time>2025-05-20T13:23:33Z</time>
      </trkpt>
      <trkpt lat="47.358385" lon="8.564102">
        <ele>462</ele>
        <time>2025-05-20T13:23:42Z</time>
        <cmt>speed: 0.2</cmt>
      </trkpt>
      <trkpt lat="47.358272" lon="8.56454">
        <ele>441</ele>
        <time>2025-05-20T13:33:41Z</time>
        <cmt>speed: 0.2</cmt>
      </trkpt>
      <trkpt lat="47.358426" lon="8.564335">
        <ele>452</ele>
        <time>2025-05-20T13:43:42Z</time>
        <cmt>speed: 0.3</cmt>
      </trkpt>
      <trkpt lat="47.358324" lon="8.564486">
        <ele>446</ele>
        <time>2025-05-20T13:53:41Z</time>
        <cmt>speed: 0.0</cmt>
      </trkpt>
      <trkpt lat="47.358324" lon="8.564486">
        <ele>446</ele>
        <time>2025-05-20T14:03:31Z</time>
      </trkpt>
      <trkpt lat="47.358353" lon="8.564341">
        <ele>440</ele>
        <time>2025-05-20T14:03:40Z</time>
        <cmt>speed: 0.2</cmt>
      </trkpt>
      <trkpt lat="47.35828" lon="8.564367">
        <ele>453</ele>
        <time>2025-05-20T14:13:43Z</time>
        <cmt>speed: 0.1</cmt>
      </trkpt>
      <trkpt lat="47.35828" lon="8.564367">
        <ele>453</ele>
        <time>2025-05-20T14:17:43Z</time>
      </trkpt>
      <trkpt lat="47.358388" lon="8.564392">
        <ele>448</ele>
        <time>2025-05-20T14:23:42Z</time>
        <cmt>speed: 0.2</cmt>
      </trkpt>
      <trkpt lat="47.358225" lon="8.564343">
        <ele>452</ele>
        <time>2025-05-20T14:33:42Z</time>
        <cmt>speed: 0.0</cmt>
      </trkpt>
      <trkpt lat="47.358225" lon="8.564343">
        <ele>452</ele>
        <time>2025-05-20T14:43:33Z</time>
      </trkpt>
      <trkpt lat="47.358367" lon="8.564458">
        <ele>441</ele>
        <time>2025-05-20T14:43:42Z</time>
        <cmt>speed: 0.4</cmt>
      </trkpt>
      <trkpt lat="47.358204" lon="8.564369">
        <ele>450</ele>
        <time>2025-05-20T14:53:42Z</time>
        <cmt>speed: 0.3</cmt>
      </trkpt>
      <trkpt lat="47.358323" lon="8.564415">
        <ele>460</ele>
        <time>2025-05-20T15:03:42Z</time>
        <cmt>speed: 0.2</cmt>
      </trkpt>
      <trkpt lat="47.358308" lon="8.56443">
        <ele>472</ele>
        <time>2025-05-20T15:13:42Z</time>
        <cmt>speed: 0.3</cmt>
      </trkpt>
      <trkpt lat="47.358133" lon="8.564414">
        <ele>438</ele>
        <time>2025-05-20T15:23:41Z</time>
        <cmt>speed: 0.3</cmt>
      </trkpt>
      <trkpt lat="47.357893" lon="8.563732">
        <ele>451</ele>
        <time>2025-05-20T15:33:44Z</time>
        <cmt>speed: 0.1</cmt>
      </trkpt>
      <trkpt lat="47.358099" lon="8.563932">
        <ele>448</ele>
        <time>2025-05-20T15:43:42Z</time>
        <cmt>speed: 0.1</cmt>
      </trkpt>
      <trkpt lat="47.357851" lon="8.565017">
        <ele>434</ele>
        <time>2025-05-20T15:53:41Z</time>
        <cmt>speed: 0.9</cmt>
      </trkpt>
      <trkpt lat="47.358385" lon="8.564849">
        <ele>457</ele>
        <time>2025-05-20T16:03:43Z</time>
        <cmt>speed: 1.3</cmt>
      </trkpt>
      <trkpt lat="47.357918" lon="8.56454">
        <ele>449</ele>
        <time>2025-05-20T16:13:42Z</time>
        <cmt>speed: 0.5</cmt>
      </trkpt>
      <trkpt lat="47.3583" lon="8.564355">
        <ele>441</ele>
        <time>2025-05-20T16:23:42Z</time>
        <cmt>speed: 0.0</cmt>
      </trkpt>
      <trkpt lat="47.358627" lon="8.564717">
        <ele>450</ele>
        <time>2025-05-20T16:33:43Z</time>
        <cmt>speed: 0.0</cmt>
      </trkpt>
      <trkpt lat="47.358765" lon="8.563123">
        <ele>495</ele>
        <time>2025-05-20T16:43:42Z</time>
        <cmt>speed: 1.7</cmt>
      </trkpt>
      <trkpt lat="47.36046" lon="8.563062">
        <ele>475</ele>
        <time>2025-05-20T16:53:45Z</time>
        <cmt>speed: 0.0</cmt>
      </trkpt>
      <trkpt lat="47.359959" lon="8.563643">
        <ele>434</ele>
        <time>2025-05-20T16:54:04Z</time>
      </trkpt>
      <trkpt lat="47.359959" lon="8.563643">
        <ele>434</ele>
        <time>2025-05-20T17:08:33Z</time>
      </trkpt>
      <trkpt lat="47.359959" lon="8.563643">
        <ele>434</ele>
        <time>2025-05-20T17:09:04Z</time>
      </trkpt>
      <trkpt lat="47.360374" lon="8.562945">
        <ele>488</ele>
        <time>2025-05-20T19:55:05Z</time>
        <cmt>speed: 0.2</cmt>
      </trkpt>
      <trkpt lat="47.359974" lon="8.56367">
        <ele>434</ele>
        <time>2025-05-20T19:59:42Z</time>
      </trkpt>
      <trkpt lat="47.359974" lon="8.56367">
        <ele>434</ele>
        <time>2025-05-20T20:14:42Z</time>
      </trkpt>
      <trkpt lat="47.359902" lon="8.563922">
        <ele>427</ele>
        <time>2025-05-20T20:32:01Z</time>
        <cmt>speed: 0.1</cmt>
      </trkpt>
      <trkpt lat="47.358914" lon="8.564149">
        <ele>411</ele>
        <time>2025-05-20T20:41:56Z</time>
        <cmt>speed: 0.8</cmt>
      </trkpt>
      <trkpt lat="47.359213" lon="8.564066">
        <ele>434</ele>
        <time>2025-05-20T20:51:54Z</time>
        <cmt>speed: 1.3</cmt>
      </trkpt>
      <trkpt lat="47.358284" lon="8.564206">
        <ele>453</ele>
        <time>2025-05-20T21:01:54Z</time>
        <cmt>speed: 0.6</cmt>
      </trkpt>
      <trkpt lat="47.358284" lon="8.564206">
        <ele>453</ele>
        <time>2025-05-20T21:11:45Z</time>
      </trkpt>
      <trkpt lat="47.358366" lon="8.564432">
        <ele>464</ele>
        <time>2025-05-20T21:11:55Z</time>
        <cmt>speed: 0.6</cmt>
      </trkpt>
      <trkpt lat="47.358444" lon="8.56432">
        <ele>449</ele>
        <time>2025-05-20T21:21:55Z</time>
        <cmt>speed: 0.6</cmt>
      </trkpt>
      <trkpt lat="47.358444" lon="8.56432">
        <ele>449</ele>
        <time>2025-05-20T21:31:45Z</time>
      </trkpt>
      <trkpt lat="47.358512" lon="8.563608">
        <ele>470</ele>
        <time>2025-05-20T21:31:55Z</time>
        <cmt>speed: 0.8</cmt>
      </trkpt>
      <trkpt lat="47.35862" lon="8.563949">
        <ele>488</ele>
        <time>2025-05-20T21:41:55Z</time>
        <cmt>speed: 1.2</cmt>
      </trkpt>
      <trkpt lat="47.35862" lon="8.563949">
        <ele>488</ele>
        <time>2025-05-20T21:51:45Z</time>
      </trkpt>
      <trkpt lat="47.358747" lon="8.56374">
        <ele>443</ele>
        <time>2025-05-20T21:51:55Z</time>
        <cmt>speed: 0.1</cmt>
      </trkpt>
      <trkpt lat="47.358705" lon="8.563627">
        <ele>452</ele>
        <time>2025-05-20T22:01:56Z</time>
        <cmt>speed: 0.0</cmt>
      </trkpt>
      <trkpt lat="47.358544" lon="8.563261">
        <ele>430</ele>
        <time>2025-05-20T22:11:55Z</time>
        <cmt>speed: 0.3</cmt>
      </trkpt>
      <trkpt lat="47.359584" lon="8.562018">
        <ele>414</ele>
        <time>2025-05-20T22:21:55Z</time>
        <cmt>speed: 0.4</cmt>
      </trkpt>
      <trkpt lat="47.359868" lon="8.561735">
        <ele>415</ele>
        <time>2025-05-20T22:31:55Z</time>
        <cmt>speed: 0.4</cmt>
      </trkpt>
      <trkpt lat="47.359868" lon="8.561735">
        <ele>415</ele>
        <time>2025-05-20T22:31:56Z</time>
      </trkpt>
      <trkpt lat="47.359127" lon="8.564158">
        <ele>494</ele>
        <time>2025-05-20T22:41:56Z</time>
        <cmt>speed: 1.4</cmt>
      </trkpt>
      <trkpt lat="47.358761" lon="8.565641">
        <ele>459</ele>
        <time>2025-05-20T22:51:55Z</time>
        <cmt>speed: 0.0</cmt>
      </trkpt>
      <trkpt lat="47.358827" lon="8.564488">
        <ele>434</ele>
        <time>2025-05-20T23:01:56Z</time>
        <cmt>speed: 0.1</cmt>
      </trkpt>
      <trkpt lat="47.359496" lon="8.564306">
        <ele>491</ele>
        <time>2025-05-20T23:12:01Z</time>
        <cmt>speed: 0.3</cmt>
      </trkpt>
      <trkpt lat="47.35896" lon="8.563584">
        <ele>441</ele>
        <time>2025-05-20T23:32:06Z</time>
        <cmt>speed: 0.6</cmt>
      </trkpt>
      <trkpt lat="47.35896" lon="8.563584">
        <ele>441</ele>
        <time>2025-05-20T23:32:06Z</time>
      </trkpt>
      <trkpt lat="47.358943" lon="8.563594">
        <ele>457</ele>
        <time>2025-05-20T23:42:30Z</time>
        <cmt>speed: 0.3</cmt>
      </trkpt>
      <trkpt lat="47.35896" lon="8.563444">
        <ele>460</ele>
        <time>2025-05-20T23:52:44Z</time>
        <cmt>speed: 0.7</cmt>
      </trkpt>
      <trkpt lat="47.35896" lon="8.563444">
        <ele>460</ele>
        <time>2025-05-20T23:52:44Z</time>
      </trkpt>
      <trkpt lat="47.358875" lon="8.563577">
        <ele>472</ele>
        <time>2025-05-21T00:02:30Z</time>
        <cmt>speed: 0.4</cmt>
      </trkpt>
      <trkpt lat="47.358875" lon="8.563577">
        <ele>472</ele>
        <time>2025-05-21T00:11:56Z</time>
      </trkpt>
      <trkpt lat="47.358889" lon="8.563621">
        <ele>463</ele>
        <time>2025-05-21T00:12:57Z</time>
        <cmt>speed: 0.2</cmt>
      </trkpt>
      <trkpt lat="47.35891" lon="8.563826">
        <ele>458</ele>
        <time>2025-05-21T00:23:01Z</time>
        <cmt>speed: 0.3</cmt>
      </trkpt>
      <trkpt lat="47.35897" lon="8.56382">
        <ele>448</ele>
        <time>2025-05-21T00:33:04Z</time>
        <cmt>speed: 0.5</cmt>
      </trkpt>
      <trkpt lat="47.35897" lon="8.56382">
        <ele>448</ele>
        <time>2025-05-21T00:33:04Z</time>
      </trkpt>
      <trkpt lat="47.358988" lon="8.563823">
        <ele>449</ele>
        <time>2025-05-21T00:42:55Z</time>
        <cmt>speed: 0.0</cmt>
      </trkpt>
      <trkpt lat="47.35882" lon="8.563881">
        <ele>435</ele>
        <time>2025-05-21T00:52:54Z</time>
        <cmt>speed: 0.2</cmt>
      </trkpt>
      <trkpt lat="47.358268" lon="8.564308">
        <ele>463</ele>
        <time>2025-05-21T01:02:53Z</time>
        <cmt>speed: 0.1</cmt>
      </trkpt>
      <trkpt lat="47.358318" lon="8.565699">
        <ele>464</ele>
        <time>2025-05-21T01:12:53Z</time>
        <cmt>speed: 0.6</cmt>
      </trkpt>
      <trkpt lat="47.359143" lon="8.563068">
        <ele>454</ele>
        <time>2025-05-21T01:22:53Z</time>
        <cmt>speed: 0.0</cmt>
      </trkpt>
      <trkpt lat="47.359621" lon="8.56098">
        <ele>428</ele>
        <time>2025-05-21T01:32:58Z</time>
        <cmt>speed: 0.9</cmt>
      </trkpt>
      <trkpt lat="47.360156" lon="8.560628">
        <ele>367</ele>
        <time>2025-05-21T01:42:53Z</time>
        <cmt>speed: 1.3</cmt>
      </trkpt>
      <trkpt lat="47.359939" lon="8.560776">
        <ele>438</ele>
        <time>2025-05-21T01:52:54Z</time>
        <cmt>speed: 0.0</cmt>
      </trkpt>
      <trkpt lat="47.359939" lon="8.560776">
        <ele>438</ele>
        <time>2025-05-21T01:52:54Z</time>
      </trkpt>
      <trkpt lat="47.359978" lon="8.560689">
        <ele>439</ele>
        <time>2025-05-21T02:02:55Z</time>
        <cmt>speed: 0.0</cmt>
      </trkpt>
      <trkpt lat="47.359978" lon="8.560689">
        <ele>439</ele>
        <time>2025-05-21T02:11:56Z</time>
      </trkpt>
      <trkpt lat="47.359962" lon="8.560794">
        <ele>416</ele>
        <time>2025-05-21T02:14:35Z</time>
        <cmt>speed: 0.1</cmt>
      </trkpt>
      <trkpt lat="47.359837" lon="8.560804">
        <ele>469</ele>
        <time>2025-05-21T02:24:38Z</time>
        <cmt>speed: 0.0</cmt>
      </trkpt>
      <trkpt lat="47.359253" lon="8.560936">
        <ele>407</ele>
        <time>2025-05-21T02:34:34Z</time>
        <cmt>speed: 0.5</cmt>
      </trkpt>
      <trkpt lat="47.359253" lon="8.560936">
        <ele>407</ele>
        <time>2025-05-21T02:34:34Z</time>
      </trkpt>
      <trkpt lat="47.359875" lon="8.560462">
        <ele>443</ele>
        <time>2025-05-21T02:44:38Z</time>
        <cmt>speed: 1.0</cmt>
      </trkpt>
      <trkpt lat="47.360018" lon="8.560708">
        <ele>429</ele>
        <time>2025-05-21T02:54:35Z</time>
        <cmt>speed: 0.3</cmt>
      </trkpt>
      <trkpt lat="47.360018" lon="8.560708">
        <ele>429</ele>
        <time>2025-05-21T02:54:35Z</time>
      </trkpt>
      <trkpt lat="47.360163" lon="8.56036">
        <ele>427</ele>
        <time>2025-05-21T03:09:50Z</time>
        <cmt>speed: 0.3</cmt>
      </trkpt>
      <trkpt lat="47.359922" lon="8.56083">
        <ele>422</ele>
        <time>2025-05-21T03:29:44Z</time>
        <cmt>speed: 0.0</cmt>
      </trkpt>
      <trkpt lat="47.360218" lon="8.561197">
        <ele>407</ele>
        <time>2025-05-21T03:39:40Z</time>
        <cmt>speed: 0.2</cmt>
      </trkpt>
      <trkpt lat="47.360396" lon="8.56244">
        <ele>402</ele>
        <time>2025-05-21T03:49:43Z</time>
        <cmt>speed: 1.4</cmt>
      </trkpt>
      <trkpt lat="47.359974" lon="8.56367">
        <ele>434</ele>
        <time>2025-05-21T03:52:09Z</time>
      </trkpt>
      <trkpt lat="47.359974" lon="8.56367">
        <ele>434</ele>
        <time>2025-05-21T03:56:25Z</time>
      </trkpt>
      <trkpt lat="47.359974" lon="8.56367">
        <ele>434</ele>
        <time>2025-05-21T04:11:25Z</time>
      </trkpt>
      <trkpt lat="47.360046" lon="8.563095">
        <ele>472</ele>
        <time>2025-05-21T10:36:17Z</time>
        <cmt>speed: 0.4</cmt>
      </trkpt>
      <trkpt lat="47.359663" lon="8.561493">
        <ele>430</ele>
        <time>2025-05-21T10:46:11Z</time>
        <cmt>speed: 0.0</cmt>
      </trkpt>
      <trkpt lat="47.35842" lon="8.560832">
        <ele>464</ele>
        <time>2025-05-21T10:55:58Z</time>
        <cmt>speed: 0.2</cmt>
      </trkpt>
      <trkpt lat="47.359041" lon="8.561085">
        <ele>473</ele>
        <time>2025-05-21T11:06:00Z</time>
        <cmt>speed: 0.3</cmt>
      </trkpt>
      <trkpt lat="47.358709" lon="8.560986">
        <ele>452</ele>
        <time>2025-05-21T11:16:30Z</time>
        <cmt>speed: 1.7</cmt>
      </trkpt>
      <trkpt lat="47.359295" lon="8.561446">
        <ele>420</ele>
        <time>2025-05-21T11:26:16Z</time>
        <cmt>speed: 0.7</cmt>
      </trkpt>
      <trkpt lat="47.359096" lon="8.563242">
        <ele>456</ele>
        <time>2025-05-21T11:35:57Z</time>
        <cmt>speed: 0.3</cmt>
      </trkpt>
      <trkpt lat="47.358544" lon="8.564111">
        <ele>424</ele>
        <time>2025-05-21T12:16:24Z</time>
        <cmt>speed: 0.5</cmt>
      </trkpt>
      <trkpt lat="47.358708" lon="8.563865">
        <ele>439</ele>
        <time>2025-05-21T12:35:57Z</time>
        <cmt>speed: 0.1</cmt>
      </trkpt>
      <trkpt lat="47.358226" lon="8.564623">
        <ele>448</ele>
        <time>2025-05-21T12:45:57Z</time>
        <cmt>speed: 0.6</cmt>
      </trkpt>
      <trkpt lat="47.358434" lon="8.564455">
        <ele>473</ele>
        <time>2025-05-21T12:55:57Z</time>
        <cmt>speed: 0.8</cmt>
      </trkpt>
      <trkpt lat="47.358228" lon="8.564601">
        <ele>445</ele>
        <time>2025-05-21T13:05:57Z</time>
        <cmt>speed: 0.2</cmt>
      </trkpt>
      <trkpt lat="47.358382" lon="8.564441">
        <ele>455</ele>
        <time>2025-05-21T13:15:58Z</time>
        <cmt>speed: 0.2</cmt>
      </trkpt>
      <trkpt lat="47.358297" lon="8.564529">
        <ele>452</ele>
        <time>2025-05-21T13:25:58Z</time>
        <cmt>speed: 0.2</cmt>
      </trkpt>
      <trkpt lat="47.357593" lon="8.564107">
        <ele>458</ele>
        <time>2025-05-21T13:35:57Z</time>
        <cmt>speed: 0.6</cmt>
      </trkpt>
      <trkpt lat="47.357617" lon="8.564101">
        <ele>441</ele>
        <time>2025-05-21T13:45:59Z</time>
        <cmt>speed: 0.0</cmt>
      </trkpt>
      <trkpt lat="47.357617" lon="8.564101">
        <ele>441</ele>
        <time>2025-05-21T13:55:56Z</time>
      </trkpt>
      <trkpt lat="47.357616" lon="8.564119">
        <ele>472</ele>
        <time>2025-05-21T13:55:58Z</time>
        <cmt>speed: 1.2</cmt>
      </trkpt>
      <trkpt lat="47.357568" lon="8.563956">
        <ele>458</ele>
        <time>2025-05-21T14:05:59Z</time>
        <cmt>speed: 0.1</cmt>
      </trkpt>
      <trkpt lat="47.357568" lon="8.563956">
        <ele>458</ele>
        <time>2025-05-21T14:15:57Z</time>
      </trkpt>
      <trkpt lat="47.357538" lon="8.563955">
        <ele>452</ele>
        <time>2025-05-21T14:15:59Z</time>
        <cmt>speed: 0.2</cmt>
      </trkpt>
      <trkpt lat="47.357537" lon="8.564161">
        <ele>460</ele>
        <time>2025-05-21T14:26:48Z</time>
        <cmt>speed: 0.3</cmt>
      </trkpt>
      <trkpt lat="47.357537" lon="8.564161">
        <ele>460</ele>
        <time>2025-05-21T14:36:45Z</time>
      </trkpt>
      <trkpt lat="47.357664" lon="8.5641">
        <ele>451</ele>
        <time>2025-05-21T14:36:47Z</time>
        <cmt>speed: 0.5</cmt>
      </trkpt>
      <trkpt lat="47.357675" lon="8.56408">
        <ele>432</ele>
        <time>2025-05-21T14:46:47Z</time>
        <cmt>speed: 0.1</cmt>
      </trkpt>
      <trkpt lat="47.357665" lon="8.563921">
        <ele>452</ele>
        <time>2025-05-21T14:56:46Z</time>
        <cmt>speed: 0.1</cmt>
      </trkpt>
      <trkpt lat="47.357291" lon="8.563405">
        <ele>445</ele>
        <time>2025-05-21T15:06:47Z</time>
        <cmt>speed: 0.3</cmt>
      </trkpt>
      <trkpt lat="47.358383" lon="8.562207">
        <ele>441</ele>
        <time>2025-05-21T15:16:46Z</time>
        <cmt>speed: 1.6</cmt>
      </trkpt>
      <trkpt lat="47.358214" lon="8.561089">
        <ele>425</ele>
        <time>2025-05-21T15:26:45Z</time>
        <cmt>speed: 0.9</cmt>
      </trkpt>
      <trkpt lat="47.358798" lon="8.561209">
        <ele>454</ele>
        <time>2025-05-21T15:36:45Z</time>
        <cmt>speed: 0.4</cmt>
      </trkpt>
      <trkpt lat="47.35908" lon="8.561356">
        <ele>405</ele>
        <time>2025-05-21T15:46:46Z</time>
        <cmt>speed: 0.4</cmt>
      </trkpt>
      <trkpt lat="47.358635" lon="8.5622">
        <ele>442</ele>
        <time>2025-05-21T15:56:46Z</time>
        <cmt>speed: 0.4</cmt>
      </trkpt>
      <trkpt lat="47.358094" lon="8.563035">
        <ele>463</ele>
        <time>2025-05-21T16:07:00Z</time>
        <cmt>speed: 0.8</cmt>
      </trkpt>
      <trkpt lat="47.35804" lon="8.563654">
        <ele>461</ele>
        <time>2025-05-21T16:16:47Z</time>
        <cmt>speed: 0.0</cmt>
      </trkpt>
      <trkpt lat="47.358149" lon="8.56485">
        <ele>424</ele>
        <time>2025-05-21T16:26:45Z</time>
        <cmt>speed: 1.2</cmt>
      </trkpt>
      <trkpt lat="47.358036" lon="8.564882">
        <ele>416</ele>
        <time>2025-05-21T16:36:46Z</time>
        <cmt>speed: 0.6</cmt>
      </trkpt>
      <trkpt lat="47.357791" lon="8.565166">
        <ele>443</ele>
        <time>2025-05-21T16:46:45Z</time>
        <cmt>speed: 0.7</cmt>
      </trkpt>
      <trkpt lat="47.358796" lon="8.563859">
        <ele>441</ele>
        <time>2025-05-21T16:56:46Z</time>
        <cmt>speed: 0.6</cmt>
      </trkpt>
      <trkpt lat="47.359895" lon="8.563934">
        <ele>489</ele>
        <time>2025-05-21T17:06:52Z</time>
        <cmt>speed: 0.6</cmt>
      </trkpt>
      <trkpt lat="47.359974" lon="8.56367">
        <ele>434</ele>
        <time>2025-05-21T17:07:17Z</time>
      </trkpt>
      <trkpt lat="47.359974" lon="8.56367">
        <ele>434</ele>
        <time>2025-05-21T17:22:17Z</time>
      </trkpt>
      <trkpt lat="47.3599" lon="8.563351">
        <ele>422</ele>
        <time>2025-05-22T03:13:39Z</time>
        <cmt>speed: 0.5</cmt>
      </trkpt>
      <trkpt lat="47.359421" lon="8.560297">
        <ele>437</ele>
        <time>2025-05-22T03:23:30Z</time>
        <cmt>speed: 1.3</cmt>
      </trkpt>
      <trkpt lat="47.3587" lon="8.560949">
        <ele>438</ele>
        <time>2025-05-22T03:33:28Z</time>
        <cmt>speed: 0.2</cmt>
      </trkpt>
      <trkpt lat="47.358865" lon="8.560979">
        <ele>451</ele>
        <time>2025-05-22T03:43:30Z</time>
        <cmt>speed: 0.1</cmt>
      </trkpt>
      <trkpt lat="47.358865" lon="8.560979">
        <ele>451</ele>
        <time>2025-05-22T03:53:25Z</time>
      </trkpt>
      <trkpt lat="47.358793" lon="8.561282">
        <ele>461</ele>
        <time>2025-05-22T03:53:29Z</time>
        <cmt>speed: 0.9</cmt>
      </trkpt>
      <trkpt lat="47.358692" lon="8.561235">
        <ele>409</ele>
        <time>2025-05-22T04:03:29Z</time>
        <cmt>speed: 0.2</cmt>
      </trkpt>
      <trkpt lat="47.358668" lon="8.561252">
        <ele>425</ele>
        <time>2025-05-22T04:13:30Z</time>
        <cmt>speed: 1.1</cmt>
      </trkpt>
      <trkpt lat="47.358668" lon="8.561252">
        <ele>425</ele>
        <time>2025-05-22T04:33:26Z</time>
      </trkpt>
      <trkpt lat="47.358619" lon="8.56107">
        <ele>422</ele>
        <time>2025-05-22T04:33:30Z</time>
        <cmt>speed: 0.7</cmt>
      </trkpt>
      <trkpt lat="47.358612" lon="8.561338">
        <ele>417</ele>
        <time>2025-05-22T04:43:31Z</time>
        <cmt>speed: 0.2</cmt>
      </trkpt>
      <trkpt lat="47.358612" lon="8.561338">
        <ele>417</ele>
        <time>2025-05-22T04:53:24Z</time>
      </trkpt>
      <trkpt lat="47.358589" lon="8.56131">
        <ele>376</ele>
        <time>2025-05-22T05:01:54Z</time>
        <cmt>speed: 0.5</cmt>
      </trkpt>
      <trkpt lat="47.358615" lon="8.561275">
        <ele>427</ele>
        <time>2025-05-22T05:11:54Z</time>
        <cmt>speed: 0.0</cmt>
      </trkpt>
      <trkpt lat="47.358615" lon="8.561275">
        <ele>427</ele>
        <time>2025-05-22T05:21:48Z</time>
      </trkpt>
      <trkpt lat="47.358616" lon="8.561095">
        <ele>451</ele>
        <time>2025-05-22T05:21:52Z</time>
        <cmt>speed: 0.1</cmt>
      </trkpt>
      <trkpt lat="47.360346" lon="8.563298">
        <ele>421</ele>
        <time>2025-05-22T05:31:55Z</time>
        <cmt>speed: 0.4</cmt>
      </trkpt>
      <trkpt lat="47.359959" lon="8.563643">
        <ele>434</ele>
        <time>2025-05-22T05:32:53Z</time>
      </trkpt>
      <trkpt lat="47.359959" lon="8.563643">
        <ele>434</ele>
        <time>2025-05-22T05:47:53Z</time>
      </trkpt>
      <trkpt lat="47.359974" lon="8.56367">
        <ele>434</ele>
        <time>2025-05-22T10:49:04Z</time>
      </trkpt>
      <trkpt lat="47.359974" lon="8.56367">
        <ele>434</ele>
        <time>2025-05-22T10:51:34Z</time>
      </trkpt>
      <trkpt lat="47.359974" lon="8.56367">
        <ele>434</ele>
        <time>2025-05-22T11:06:33Z</time>
      </trkpt>
      <trkpt lat="47.360271" lon="8.562788">
        <ele>429</ele>
        <time>2025-05-22T11:36:12Z</time>
        <cmt>speed: 1.3</cmt>
      </trkpt>
      <trkpt lat="47.360082" lon="8.561959">
        <ele>430</ele>
        <time>2025-05-22T11:46:10Z</time>
        <cmt>speed: 1.5</cmt>
      </trkpt>
      <trkpt lat="47.360082" lon="8.561959">
        <ele>430</ele>
        <time>2025-05-22T11:56:06Z</time>
      </trkpt>
      <trkpt lat="47.358903" lon="8.561039">
        <ele>434</ele>
        <time>2025-05-22T11:56:10Z</time>
        <cmt>speed: 0.7</cmt>
      </trkpt>
      <trkpt lat="47.358473" lon="8.561374">
        <ele>446</ele>
        <time>2025-05-22T12:06:08Z</time>
        <cmt>speed: 0.1</cmt>
      </trkpt>
      <trkpt lat="47.358473" lon="8.561374">
        <ele>446</ele>
        <time>2025-05-22T12:16:06Z</time>
      </trkpt>
      <trkpt lat="47.358858" lon="8.560895">
        <ele>386</ele>
        <time>2025-05-22T12:16:10Z</time>
        <cmt>speed: 0.4</cmt>
      </trkpt>
      <trkpt lat="47.358908" lon="8.561203">
        <ele>427</ele>
        <time>2025-05-22T12:26:08Z</time>
        <cmt>speed: 0.4</cmt>
      </trkpt>
      <trkpt lat="47.358908" lon="8.561203">
        <ele>427</ele>
        <time>2025-05-22T12:36:06Z</time>
      </trkpt>
      <trkpt lat="47.358902" lon="8.561198">
        <ele>424</ele>
        <time>2025-05-22T12:36:10Z</time>
        <cmt>speed: 0.9</cmt>
      </trkpt>
      <trkpt lat="47.358818" lon="8.561231">
        <ele>461</ele>
        <time>2025-05-22T12:46:11Z</time>
        <cmt>speed: 0.6</cmt>
      </trkpt>
      <trkpt lat="47.358818" lon="8.561231">
        <ele>461</ele>
        <time>2025-05-22T12:56:06Z</time>
      </trkpt>
      <trkpt lat="47.358944" lon="8.561268">
        <ele>422</ele>
        <time>2025-05-22T12:56:11Z</time>
        <cmt>speed: 0.3</cmt>
      </trkpt>
      <trkpt lat="47.359073" lon="8.561529">
        <ele>418</ele>
        <time>2025-05-22T13:06:18Z</time>
        <cmt>speed: 0.5</cmt>
      </trkpt>
      <trkpt lat="47.359073" lon="8.561529">
        <ele>418</ele>
        <time>2025-05-22T13:16:09Z</time>
      </trkpt>
      <trkpt lat="47.358644" lon="8.560652">
        <ele>463</ele>
        <time>2025-05-22T13:16:15Z</time>
        <cmt>speed: 0.1</cmt>
      </trkpt>
      <trkpt lat="47.3591" lon="8.561445">
        <ele>452</ele>
        <time>2025-05-22T13:46:13Z</time>
        <cmt>speed: 0.8</cmt>
      </trkpt>
      <trkpt lat="47.358975" lon="8.560994">
        <ele>424</ele>
        <time>2025-05-22T13:56:10Z</time>
        <cmt>speed: 0.2</cmt>
      </trkpt>
      <trkpt lat="47.360123" lon="8.562201">
        <ele>430</ele>
        <time>2025-05-22T14:06:12Z</time>
        <cmt>speed: 1.1</cmt>
      </trkpt>
      <trkpt lat="47.359959" lon="8.563643">
        <ele>434</ele>
        <time>2025-05-22T14:10:01Z</time>
      </trkpt>
      <trkpt lat="47.359959" lon="8.563643">
        <ele>434</ele>
        <time>2025-05-22T14:25:00Z</time>
      </trkpt>
      <trkpt lat="47.359974" lon="8.56367">
        <ele>434</ele>
        <time>2025-05-22T16:54:04Z</time>
      </trkpt>
      <trkpt lat="47.360008" lon="8.560769">
        <ele>447</ele>
        <time>2025-05-22T17:04:15Z</time>
        <cmt>speed: 0.0</cmt>
      </trkpt>
      <trkpt lat="47.35944" lon="8.561445">
        <ele>419</ele>
        <time>2025-05-22T17:14:21Z</time>
        <cmt>speed: 0.0</cmt>
      </trkpt>
      <trkpt lat="47.358777" lon="8.560969">
        <ele>458</ele>
        <time>2025-05-22T17:24:13Z</time>
        <cmt>speed: 0.9</cmt>
      </trkpt>
      <trkpt lat="47.35887" lon="8.56142">
        <ele>453</ele>
        <time>2025-05-22T17:34:13Z</time>
        <cmt>speed: 0.5</cmt>
      </trkpt>
      <trkpt lat="47.35887" lon="8.56142">
        <ele>453</ele>
        <time>2025-05-22T17:34:15Z</time>
      </trkpt>
      <trkpt lat="47.358262" lon="8.560868">
        <ele>437</ele>
        <time>2025-05-22T17:44:15Z</time>
        <cmt>speed: 1.7</cmt>
      </trkpt>
      <trkpt lat="47.357372" lon="8.561548">
        <ele>471</ele>
        <time>2025-05-22T17:54:30Z</time>
        <cmt>speed: 1.2</cmt>
      </trkpt>
      <trkpt lat="47.357891" lon="8.562788">
        <ele>443</ele>
        <time>2025-05-22T18:04:18Z</time>
        <cmt>speed: 1.0</cmt>
      </trkpt>
      <trkpt lat="47.358689" lon="8.562181">
        <ele>428</ele>
        <time>2025-05-22T18:14:13Z</time>
        <cmt>speed: 0.3</cmt>
      </trkpt>
      <trkpt lat="47.358689" lon="8.562181">
        <ele>428</ele>
        <time>2025-05-22T18:14:15Z</time>
      </trkpt>
      <trkpt lat="47.359136" lon="8.560834">
        <ele>401</ele>
        <time>2025-05-22T18:24:14Z</time>
        <cmt>speed: 0.1</cmt>
      </trkpt>
      <trkpt lat="47.358869" lon="8.56121">
        <ele>446</ele>
        <time>2025-05-22T18:34:12Z</time>
        <cmt>speed: 0.8</cmt>
      </trkpt>
      <trkpt lat="47.358869" lon="8.56121">
        <ele>446</ele>
        <time>2025-05-22T18:34:15Z</time>
      </trkpt>
      <trkpt lat="47.359097" lon="8.562238">
        <ele>477</ele>
        <time>2025-05-22T18:44:13Z</time>
        <cmt>speed: 1.2</cmt>
      </trkpt>
      <trkpt lat="47.358916" lon="8.563083">
        <ele>462</ele>
        <time>2025-05-22T18:54:13Z</time>
        <cmt>speed: 1.3</cmt>
      </trkpt>
      <trkpt lat="47.358887" lon="8.563527">
        <ele>450</ele>
        <time>2025-05-22T19:04:12Z</time>
        <cmt>speed: 0.3</cmt>
      </trkpt>
      <trkpt lat="47.358887" lon="8.563527">
        <ele>450</ele>
        <time>2025-05-22T19:14:07Z</time>
      </trkpt>
      <trkpt lat="47.358288" lon="8.564558">
        <ele>448</ele>
        <time>2025-05-22T19:14:13Z</time>
        <cmt>speed: 0.1</cmt>
      </trkpt>
      <trkpt lat="47.357763" lon="8.56485">
        <ele>463</ele>
        <time>2025-05-22T19:24:13Z</time>
        <cmt>speed: 0.5</cmt>
      </trkpt>
      <trkpt lat="47.357763" lon="8.56485">
        <ele>463</ele>
        <time>2025-05-22T19:34:07Z</time>
      </trkpt>
      <trkpt lat="47.357652" lon="8.565211">
        <ele>476</ele>
        <time>2025-05-22T19:34:13Z</time>
        <cmt>speed: 1.3</cmt>
      </trkpt>
      <trkpt lat="47.357591" lon="8.56504">
        <ele>443</ele>
        <time>2025-05-22T19:44:13Z</time>
        <cmt>speed: 0.0</cmt>
      </trkpt>
      <trkpt lat="47.357591" lon="8.56504">
        <ele>443</ele>
        <time>2025-05-22T19:54:08Z</time>
      </trkpt>
      <trkpt lat="47.357578" lon="8.564971">
        <ele>459</ele>
        <time>2025-05-22T19:54:15Z</time>
        <cmt>speed: 0.0</cmt>
      </trkpt>
      <trkpt lat="47.357583" lon="8.56499">
        <ele>458</ele>
        <time>2025-05-22T20:04:14Z</time>
        <cmt>speed: 0.2</cmt>
      </trkpt>
      <trkpt lat="47.357583" lon="8.56499">
        <ele>458</ele>
        <time>2025-05-22T20:14:08Z</time>
      </trkpt>
      <trkpt lat="47.357615" lon="8.564993">
        <ele>453</ele>
        <time>2025-05-22T20:14:15Z</time>
        <cmt>speed: 0.5</cmt>
      </trkpt>
      <trkpt lat="47.357669" lon="8.565127">
        <ele>478</ele>
        <time>2025-05-22T20:24:13Z</time>
        <cmt>speed: 1.5</cmt>
      </trkpt>
      <trkpt lat="47.357669" lon="8.565127">
        <ele>478</ele>
        <time>2025-05-22T20:34:08Z</time>
      </trkpt>
      <trkpt lat="47.357624" lon="8.565107">
        <ele>450</ele>
        <time>2025-05-22T20:34:15Z</time>
        <cmt>speed: 0.9</cmt>
      </trkpt>
      <trkpt lat="47.357759" lon="8.56504">
        <ele>433</ele>
        <time>2025-05-22T20:44:15Z</time>
        <cmt>speed: 2.2</cmt>
      </trkpt>
      <trkpt lat="47.357759" lon="8.56504">
        <ele>433</ele>
        <time>2025-05-22T20:54:08Z</time>
      </trkpt>
      <trkpt lat="47.357637" lon="8.565041">
        <ele>440</ele>
        <time>2025-05-22T20:54:15Z</time>
        <cmt>speed: 0.2</cmt>
      </trkpt>
      <trkpt lat="47.357597" lon="8.565113">
        <ele>460</ele>
        <time>2025-05-22T21:04:14Z</time>
        <cmt>speed: 0.1</cmt>
      </trkpt>
      <trkpt lat="47.357514" lon="8.565249">
        <ele>457</ele>
        <time>2025-05-22T21:14:12Z</time>
        <cmt>speed: 2.1</cmt>
      </trkpt>
      <trkpt lat="47.358769" lon="8.564768">
        <ele>432</ele>
        <time>2025-05-22T21:24:13Z</time>
        <cmt>speed: 0.7</cmt>
      </trkpt>
      <trkpt lat="47.359505" lon="8.562213">
        <ele>449</ele>
        <time>2025-05-22T21:34:14Z</time>
        <cmt>speed: 0.3</cmt>
      </trkpt>
      <trkpt lat="47.359507" lon="8.56229">
        <ele>450</ele>
        <time>2025-05-22T21:44:13Z</time>
        <cmt>speed: 0.0</cmt>
      </trkpt>
      <trkpt lat="47.359441" lon="8.562129">
        <ele>449</ele>
        <time>2025-05-22T21:54:13Z</time>
        <cmt>speed: 0.4</cmt>
      </trkpt>
      <trkpt lat="47.359464" lon="8.562296">
        <ele>458</ele>
        <time>2025-05-22T22:04:13Z</time>
        <cmt>speed: 0.4</cmt>
      </trkpt>
      <trkpt lat="47.359464" lon="8.562296">
        <ele>458</ele>
        <time>2025-05-22T22:14:07Z</time>
      </trkpt>
      <trkpt lat="47.359501" lon="8.562198">
        <ele>447</ele>
        <time>2025-05-22T22:14:14Z</time>
        <cmt>speed: 0.6</cmt>
      </trkpt>
      <trkpt lat="47.359466" lon="8.562259">
        <ele>464</ele>
        <time>2025-05-22T22:24:13Z</time>
        <cmt>speed: 0.1</cmt>
      </trkpt>
      <trkpt lat="47.359466" lon="8.562259">
        <ele>464</ele>
        <time>2025-05-22T22:34:07Z</time>
      </trkpt>
      <trkpt lat="47.35945" lon="8.562109">
        <ele>424</ele>
        <time>2025-05-22T22:34:14Z</time>
        <cmt>speed: 0.2</cmt>
      </trkpt>
      <trkpt lat="47.359014" lon="8.560695">
        <ele>437</ele>
        <time>2025-05-22T22:44:14Z</time>
        <cmt>speed: 1.4</cmt>
      </trkpt>
      <trkpt lat="47.359083" lon="8.559041">
        <ele>473</ele>
        <time>2025-05-22T22:54:12Z</time>
        <cmt>speed: 0.7</cmt>
      </trkpt>
      <trkpt lat="47.359509" lon="8.562138">
        <ele>432</ele>
        <time>2025-05-22T23:04:14Z</time>
        <cmt>speed: 0.1</cmt>
      </trkpt>
      <trkpt lat="47.359509" lon="8.562138">
        <ele>432</ele>
        <time>2025-05-22T23:14:07Z</time>
      </trkpt>
      <trkpt lat="47.359538" lon="8.562232">
        <ele>423</ele>
        <time>2025-05-22T23:14:14Z</time>
        <cmt>speed: 0.1</cmt>
      </trkpt>
      <trkpt lat="47.359798" lon="8.561436">
        <ele>414</ele>
        <time>2025-05-22T23:24:15Z</time>
        <cmt>speed: 2.2</cmt>
      </trkpt>
      <trkpt lat="47.360207" lon="8.562102">
        <ele>427</ele>
        <time>2025-05-22T23:34:29Z</time>
        <cmt>speed: 0.2</cmt>
      </trkpt>
      <trkpt lat="47.359464" lon="8.562197">
        <ele>431</ele>
        <time>2025-05-22T23:44:14Z</time>
        <cmt>speed: 0.7</cmt>
      </trkpt>
      <trkpt lat="47.359197" lon="8.563441">
        <ele>460</ele>
        <time>2025-05-22T23:54:14Z</time>
        <cmt>speed: 1.9</cmt>
      </trkpt>
      <trkpt lat="47.358898" lon="8.563826">
        <ele>459</ele>
        <time>2025-05-23T00:04:14Z</time>
        <cmt>speed: 0.4</cmt>
      </trkpt>
      <trkpt lat="47.359449" lon="8.563952">
        <ele>452</ele>
        <time>2025-05-23T00:14:25Z</time>
        <cmt>speed: 0.0</cmt>
      </trkpt>
      <trkpt lat="47.359488" lon="8.563575">
        <ele>397</ele>
        <time>2025-05-23T00:24:19Z</time>
        <cmt>speed: 0.3</cmt>
      </trkpt>
      <trkpt lat="47.359488" lon="8.563575">
        <ele>397</ele>
        <time>2025-05-23T00:34:17Z</time>
      </trkpt>
      <trkpt lat="47.359483" lon="8.563857">
        <ele>450</ele>
        <time>2025-05-23T00:34:24Z</time>
        <cmt>speed: 1.0</cmt>
      </trkpt>
      <trkpt lat="47.35925" lon="8.563108">
        <ele>433</ele>
        <time>2025-05-23T00:44:17Z</time>
        <cmt>speed: 0.7</cmt>
      </trkpt>
      <trkpt lat="47.35925" lon="8.563108">
        <ele>433</ele>
        <time>2025-05-23T00:54:07Z</time>
      </trkpt>
      <trkpt lat="47.359531" lon="8.562301">
        <ele>447</ele>
        <time>2025-05-23T00:54:14Z</time>
        <cmt>speed: 0.2</cmt>
      </trkpt>
      <trkpt lat="47.359443" lon="8.562148">
        <ele>387</ele>
        <time>2025-05-23T01:04:13Z</time>
        <cmt>speed: 0.7</cmt>
      </trkpt>
      <trkpt lat="47.359443" lon="8.562148">
        <ele>387</ele>
        <time>2025-05-23T01:14:07Z</time>
      </trkpt>
      <trkpt lat="47.359514" lon="8.562082">
        <ele>441</ele>
        <time>2025-05-23T01:14:14Z</time>
        <cmt>speed: 0.5</cmt>
      </trkpt>
      <trkpt lat="47.358718" lon="8.562178">
        <ele>413</ele>
        <time>2025-05-23T01:24:14Z</time>
        <cmt>speed: 1.1</cmt>
      </trkpt>
      <trkpt lat="47.358868" lon="8.562246">
        <ele>395</ele>
        <time>2025-05-23T01:34:16Z</time>
        <cmt>speed: 0.2</cmt>
      </trkpt>
      <trkpt lat="47.358828" lon="8.561909">
        <ele>431</ele>
        <time>2025-05-23T01:44:15Z</time>
        <cmt>speed: 0.4</cmt>
      </trkpt>
      <trkpt lat="47.359561" lon="8.56211">
        <ele>429</ele>
        <time>2025-05-23T01:54:14Z</time>
        <cmt>speed: 0.9</cmt>
      </trkpt>
      <trkpt lat="47.359379" lon="8.562237">
        <ele>457</ele>
        <time>2025-05-23T02:04:14Z</time>
        <cmt>speed: 0.8</cmt>
      </trkpt>
      <trkpt lat="47.359156" lon="8.563048">
        <ele>468</ele>
        <time>2025-05-23T02:14:17Z</time>
        <cmt>speed: 0.5</cmt>
      </trkpt>
      <trkpt lat="47.358706" lon="8.565643">
        <ele>446</ele>
        <time>2025-05-23T02:24:14Z</time>
        <cmt>speed: 0.1</cmt>
      </trkpt>
      <trkpt lat="47.358722" lon="8.56557">
        <ele>438</ele>
        <time>2025-05-23T02:34:14Z</time>
        <cmt>speed: 0.0</cmt>
      </trkpt>
      <trkpt lat="47.358758" lon="8.565404">
        <ele>429</ele>
        <time>2025-05-23T02:44:15Z</time>
        <cmt>speed: 0.1</cmt>
      </trkpt>
      <trkpt lat="47.358654" lon="8.565456">
        <ele>433</ele>
        <time>2025-05-23T02:54:14Z</time>
        <cmt>speed: 0.2</cmt>
      </trkpt>
      <trkpt lat="47.359527" lon="8.561491">
        <ele>434</ele>
        <time>2025-05-23T03:04:15Z</time>
        <cmt>speed: 3.2</cmt>
      </trkpt>
      <trkpt lat="47.358907" lon="8.561275">
        <ele>438</ele>
        <time>2025-05-23T03:14:14Z</time>
        <cmt>speed: 1.6</cmt>
      </trkpt>
      <trkpt lat="47.358421" lon="8.561387">
        <ele>461</ele>
        <time>2025-05-23T03:24:23Z</time>
        <cmt>speed: 0.1</cmt>
      </trkpt>
      <trkpt lat="47.358421" lon="8.561387">
        <ele>461</ele>
        <time>2025-05-23T03:34:17Z</time>
      </trkpt>
      <trkpt lat="47.358561" lon="8.561343">
        <ele>435</ele>
        <time>2025-05-23T03:34:25Z</time>
        <cmt>speed: 0.1</cmt>
      </trkpt>
      <trkpt lat="47.358481" lon="8.561277">
        <ele>466</ele>
        <time>2025-05-23T03:44:19Z</time>
        <cmt>speed: 0.0</cmt>
      </trkpt>
      <trkpt lat="47.358481" lon="8.561277">
        <ele>466</ele>
        <time>2025-05-23T03:54:13Z</time>
      </trkpt>
      <trkpt lat="47.358647" lon="8.561409">
        <ele>404</ele>
        <time>2025-05-23T03:54:21Z</time>
        <cmt>speed: 0.0</cmt>
      </trkpt>
      <trkpt lat="47.358509" lon="8.561268">
        <ele>443</ele>
        <time>2025-05-23T04:04:19Z</time>
        <cmt>speed: 0.0</cmt>
      </trkpt>
      <trkpt lat="47.358509" lon="8.561268">
        <ele>443</ele>
        <time>2025-05-23T04:14:14Z</time>
      </trkpt>
      <trkpt lat="47.358518" lon="8.561207">
        <ele>443</ele>
        <time>2025-05-23T04:14:22Z</time>
        <cmt>speed: 0.0</cmt>
      </trkpt>
      <trkpt lat="47.358591" lon="8.561288">
        <ele>397</ele>
        <time>2025-05-23T04:24:16Z</time>
        <cmt>speed: 0.0</cmt>
      </trkpt>
      <trkpt lat="47.358429" lon="8.561471">
        <ele>394</ele>
        <time>2025-05-23T04:34:17Z</time>
        <cmt>speed: 0.3</cmt>
      </trkpt>
      <trkpt lat="47.358544" lon="8.561111">
        <ele>460</ele>
        <time>2025-05-23T04:44:17Z</time>
        <cmt>speed: 0.4</cmt>
      </trkpt>
      <trkpt lat="47.358544" lon="8.561111">
        <ele>460</ele>
        <time>2025-05-23T04:54:08Z</time>
      </trkpt>
      <trkpt lat="47.358427" lon="8.561229">
        <ele>458</ele>
        <time>2025-05-23T04:54:16Z</time>
        <cmt>speed: 0.1</cmt>
      </trkpt>
      <trkpt lat="47.358713" lon="8.561254">
        <ele>462</ele>
        <time>2025-05-23T05:04:57Z</time>
        <cmt>speed: 0.2</cmt>
      </trkpt>
      <trkpt lat="47.359152" lon="8.561123">
        <ele>451</ele>
        <time>2025-05-23T05:15:01Z</time>
        <cmt>speed: 1.6</cmt>
      </trkpt>
      <trkpt lat="47.359974" lon="8.56367">
        <ele>434</ele>
        <time>2025-05-23T05:24:51Z</time>
      </trkpt>
      <trkpt lat="47.359959" lon="8.563643">
        <ele>434</ele>
        <time>2025-05-23T05:39:51Z</time>
      </trkpt>
      <trkpt lat="47.359959" lon="8.563643">
        <ele>434</ele>
        <time>2025-05-23T05:59:40Z</time>
      </trkpt>
      <trkpt lat="47.359959" lon="8.563643">
        <ele>434</ele>
        <time>2025-05-23T06:09:52Z</time>
      </trkpt>
      <trkpt lat="47.359959" lon="8.563643">
        <ele>434</ele>
        <time>2025-05-23T06:19:52Z</time>
      </trkpt>
      <trkpt lat="47.359959" lon="8.563643">
        <ele>434</ele>
        <time>2025-05-23T06:29:52Z</time>
      </trkpt>
      <trkpt lat="47.359959" lon="8.563643">
        <ele>434</ele>
        <time>2025-05-23T06:39:52Z</time>
      </trkpt>
      <trkpt lat="47.359959" lon="8.563643">
        <ele>434</ele>
        <time>2025-05-23T06:49:52Z</time>
      </trkpt>
      <trkpt lat="47.359959" lon="8.563643">
        <ele>434</ele>
        <time>2025-05-23T06:59:52Z</time>
      </trkpt>
      <trkpt lat="47.359959" lon="8.563643">
        <ele>434</ele>
        <time>2025-05-23T07:09:52Z</time>
      </trkpt>
      <trkpt lat="47.359959" lon="8.563643">
        <ele>434</ele>
        <time>2025-05-23T07:19:52Z</time>
      </trkpt>
      <trkpt lat="47.359959" lon="8.563643">
        <ele>434</ele>
        <time>2025-05-23T07:24:46Z</time>
      </trkpt>
      <trkpt lat="47.359959" lon="8.563643">
        <ele>434</ele>
        <time>2025-05-23T07:34:46Z</time>
      </trkpt>
      <trkpt lat="47.359959" lon="8.563643">
        <ele>434</ele>
        <time>2025-05-23T07:44:46Z</time>
      </trkpt>
      <trkpt lat="47.359959" lon="8.563643">
        <ele>434</ele>
        <time>2025-05-23T07:54:46Z</time>
      </trkpt>
      <trkpt lat="47.359959" lon="8.563643">
        <ele>434</ele>
        <time>2025-05-23T08:04:46Z</time>
      </trkpt>
      <trkpt lat="47.359959" lon="8.563643">
        <ele>434</ele>
        <time>2025-05-23T08:14:46Z</time>
      </trkpt>
      <trkpt lat="47.359959" lon="8.563643">
        <ele>434</ele>
        <time>2025-05-23T08:24:46Z</time>
      </trkpt>
      <trkpt lat="47.359959" lon="8.563643">
        <ele>434</ele>
        <time>2025-05-23T08:34:46Z</time>
      </trkpt>
      <trkpt lat="47.359959" lon="8.563643">
        <ele>434</ele>
        <time>2025-05-23T08:44:46Z</time>
      </trkpt>
      <trkpt lat="47.359959" lon="8.563643">
        <ele>434</ele>
        <time>2025-05-23T08:54:46Z</time>
      </trkpt>
      <trkpt lat="47.359959" lon="8.563643">
        <ele>434</ele>
        <time>2025-05-23T09:04:46Z</time>
      </trkpt>
      <trkpt lat="47.359959" lon="8.563643">
        <ele>434</ele>
        <time>2025-05-23T09:14:46Z</time>
      </trkpt>
      <trkpt lat="47.359959" lon="8.563643">
        <ele>434</ele>
        <time>2025-05-23T09:24:46Z</time>
      </trkpt>
      <trkpt lat="47.359959" lon="8.563643">
        <ele>434</ele>
        <time>2025-05-23T09:34:46Z</time>
      </trkpt>
      <trkpt lat="47.359959" lon="8.563643">
        <ele>434</ele>
        <time>2025-05-23T09:38:57Z</time>
      </trkpt>
      <trkpt lat="47.359959" lon="8.563643">
        <ele>434</ele>
        <time>2025-05-23T09:53:55Z</time>
      </trkpt>
      <trkpt lat="47.359959" lon="8.563643">
        <ele>434</ele>
        <time>2025-05-23T13:09:46Z</time>
      </trkpt>
      <trkpt lat="47.359959" lon="8.563643">
        <ele>434</ele>
        <time>2025-05-23T13:12:16Z</time>
      </trkpt>
      <trkpt lat="47.359974" lon="8.56367">
        <ele>434</ele>
        <time>2025-05-23T13:22:59Z</time>
      </trkpt>
      <trkpt lat="47.359858" lon="8.563373">
        <ele>426</ele>
        <time>2025-05-23T13:23:13Z</time>
        <cmt>speed: 0.9</cmt>
      </trkpt>
      <trkpt lat="47.359809" lon="8.561717">
        <ele>414</ele>
        <time>2025-05-23T13:33:16Z</time>
        <cmt>speed: 0.0</cmt>
      </trkpt>
      <trkpt lat="47.359809" lon="8.561717">
        <ele>414</ele>
        <time>2025-05-23T13:43:03Z</time>
      </trkpt>
      <trkpt lat="47.35878" lon="8.560929">
        <ele>452</ele>
        <time>2025-05-23T13:43:12Z</time>
        <cmt>speed: 0.1</cmt>
      </trkpt>
      <trkpt lat="47.358443" lon="8.560565">
        <ele>447</ele>
        <time>2025-05-23T13:53:12Z</time>
        <cmt>speed: 4.8</cmt>
      </trkpt>
      <trkpt lat="47.35823" lon="8.559741">
        <ele>445</ele>
        <time>2025-05-23T14:03:15Z</time>
        <cmt>speed: 0.8</cmt>
      </trkpt>
      <trkpt lat="47.358488" lon="8.55964">
        <ele>475</ele>
        <time>2025-05-23T14:13:14Z</time>
        <cmt>speed: 0.4</cmt>
      </trkpt>
      <trkpt lat="47.359432" lon="8.560807">
        <ele>456</ele>
        <time>2025-05-23T14:23:13Z</time>
        <cmt>speed: 1.6</cmt>
      </trkpt>
      <trkpt lat="47.358831" lon="8.561238">
        <ele>446</ele>
        <time>2025-05-23T14:33:10Z</time>
        <cmt>speed: 2.2</cmt>
      </trkpt>
      <trkpt lat="47.358048" lon="8.562225">
        <ele>439</ele>
        <time>2025-05-23T14:43:12Z</time>
        <cmt>speed: 1.9</cmt>
      </trkpt>
      <trkpt lat="47.35866" lon="8.562384">
        <ele>453</ele>
        <time>2025-05-23T14:53:12Z</time>
        <cmt>speed: 1.0</cmt>
      </trkpt>
      <trkpt lat="47.358863" lon="8.563717">
        <ele>454</ele>
        <time>2025-05-23T15:03:12Z</time>
        <cmt>speed: 1.3</cmt>
      </trkpt>
      <trkpt lat="47.358891" lon="8.563939">
        <ele>466</ele>
        <time>2025-05-23T15:13:13Z</time>
        <cmt>speed: 0.6</cmt>
      </trkpt>
      <trkpt lat="47.35906" lon="8.563862">
        <ele>469</ele>
        <time>2025-05-23T15:23:13Z</time>
        <cmt>speed: 0.0</cmt>
      </trkpt>
      <trkpt lat="47.358339" lon="8.564737">
        <ele>468</ele>
        <time>2025-05-23T15:33:12Z</time>
        <cmt>speed: 0.2</cmt>
      </trkpt>
      <trkpt lat="47.358339" lon="8.564737">
        <ele>468</ele>
        <time>2025-05-23T15:43:03Z</time>
      </trkpt>
      <trkpt lat="47.358346" lon="8.565529">
        <ele>439</ele>
        <time>2025-05-23T15:43:12Z</time>
        <cmt>speed: 0.6</cmt>
      </trkpt>
      <trkpt lat="47.358274" lon="8.565289">
        <ele>445</ele>
        <time>2025-05-23T15:53:11Z</time>
        <cmt>speed: 0.2</cmt>
      </trkpt>
      <trkpt lat="47.358706" lon="8.565458">
        <ele>428</ele>
        <time>2025-05-23T16:03:10Z</time>
        <cmt>speed: 0.2</cmt>
      </trkpt>
      <trkpt lat="47.358925" lon="8.565509">
        <ele>433</ele>
        <time>2025-05-23T16:13:12Z</time>
        <cmt>speed: 0.2</cmt>
      </trkpt>
      <trkpt lat="47.358914" lon="8.565511">
        <ele>441</ele>
        <time>2025-05-23T16:23:11Z</time>
        <cmt>speed: 0.3</cmt>
      </trkpt>
      <trkpt lat="47.358849" lon="8.565698">
        <ele>441</ele>
        <time>2025-05-23T16:33:10Z</time>
        <cmt>speed: 0.1</cmt>
      </trkpt>
      <trkpt lat="47.358867" lon="8.566451">
        <ele>446</ele>
        <time>2025-05-23T16:43:11Z</time>
        <cmt>speed: 0.1</cmt>
      </trkpt>
      <trkpt lat="47.358371" lon="8.566045">
        <ele>454</ele>
        <time>2025-05-23T16:53:12Z</time>
        <cmt>speed: 0.1</cmt>
      </trkpt>
      <trkpt lat="47.358579" lon="8.566083">
        <ele>436</ele>
        <time>2025-05-23T17:03:13Z</time>
        <cmt>speed: 0.4</cmt>
      </trkpt>
      <trkpt lat="47.358364" lon="8.566056">
        <ele>432</ele>
        <time>2025-05-23T17:13:11Z</time>
        <cmt>speed: 1.2</cmt>
      </trkpt>
      <trkpt lat="47.358539" lon="8.565917">
        <ele>438</ele>
        <time>2025-05-23T17:23:14Z</time>
        <cmt>speed: 0.2</cmt>
      </trkpt>
      <trkpt lat="47.359959" lon="8.563643">
        <ele>434</ele>
        <time>2025-05-23T17:31:41Z</time>
      </trkpt>
      <trkpt lat="47.359959" lon="8.563643">
        <ele>434</ele>
        <time>2025-05-23T17:46:40Z</time>
      </trkpt>
      <trkpt lat="47.359959" lon="8.563643">
        <ele>434</ele>
        <time>2025-05-24T05:46:50Z</time>
      </trkpt>
      <trkpt lat="47.359959" lon="8.563643">
        <ele>434</ele>
        <time>2025-05-24T17:47:06Z</time>
      </trkpt>
      <trkpt lat="47.360043" lon="8.562943">
        <ele>479</ele>
        <time>2025-05-24T18:48:36Z</time>
        <cmt>speed: 0.3</cmt>
      </trkpt>
      <trkpt lat="47.36016" lon="8.561784">
        <ele>431</ele>
        <time>2025-05-24T18:58:19Z</time>
        <cmt>speed: 1.4</cmt>
      </trkpt>
      <trkpt lat="47.35889" lon="8.560937">
        <ele>452</ele>
        <time>2025-05-24T19:08:14Z</time>
        <cmt>speed: 1.3</cmt>
      </trkpt>
      <trkpt lat="47.359018" lon="8.561206">
        <ele>449</ele>
        <time>2025-05-24T19:18:14Z</time>
        <cmt>speed: 0.2</cmt>
      </trkpt>
      <trkpt lat="47.359018" lon="8.561206">
        <ele>449</ele>
        <time>2025-05-24T19:28:16Z</time>
      </trkpt>
      <trkpt lat="47.358711" lon="8.562142">
        <ele>432</ele>
        <time>2025-05-24T19:28:19Z</time>
        <cmt>speed: 0.4</cmt>
      </trkpt>
      <trkpt lat="47.358894" lon="8.562234">
        <ele>435</ele>
        <time>2025-05-24T19:38:15Z</time>
        <cmt>speed: 0.1</cmt>
      </trkpt>
      <trkpt lat="47.358819" lon="8.561563">
        <ele>448</ele>
        <time>2025-05-24T19:48:13Z</time>
        <cmt>speed: 1.8</cmt>
      </trkpt>
      <trkpt lat="47.358819" lon="8.561563">
        <ele>448</ele>
        <time>2025-05-24T20:08:13Z</time>
      </trkpt>
      <trkpt lat="47.359063" lon="8.561496">
        <ele>436</ele>
        <time>2025-05-24T20:08:16Z</time>
        <cmt>speed: 0.0</cmt>
      </trkpt>
      <trkpt lat="47.359157" lon="8.560654">
        <ele>448</ele>
        <time>2025-05-24T20:18:16Z</time>
        <cmt>speed: 0.9</cmt>
      </trkpt>
      <trkpt lat="47.359638" lon="8.562452">
        <ele>456</ele>
        <time>2025-05-24T20:28:15Z</time>
        <cmt>speed: 1.3</cmt>
      </trkpt>
      <trkpt lat="47.359255" lon="8.563898">
        <ele>450</ele>
        <time>2025-05-24T20:38:27Z</time>
        <cmt>speed: 0.5</cmt>
      </trkpt>
      <trkpt lat="47.359271" lon="8.563756">
        <ele>397</ele>
        <time>2025-05-24T20:58:28Z</time>
        <cmt>speed: 0.1</cmt>
      </trkpt>
      <trkpt lat="47.359437" lon="8.563998">
        <ele>426</ele>
        <time>2025-05-24T21:08:36Z</time>
        <cmt>speed: 1.6</cmt>
      </trkpt>
      <trkpt lat="47.359491" lon="8.563979">
        <ele>440</ele>
        <time>2025-05-24T21:18:21Z</time>
        <cmt>speed: 0.9</cmt>
      </trkpt>
      <trkpt lat="47.359491" lon="8.563979">
        <ele>440</ele>
        <time>2025-05-24T21:28:19Z</time>
      </trkpt>
      <trkpt lat="47.359352" lon="8.564">
        <ele>427</ele>
        <time>2025-05-24T21:28:23Z</time>
        <cmt>speed: 0.0</cmt>
      </trkpt>
      <trkpt lat="47.359462" lon="8.563839">
        <ele>446</ele>
        <time>2025-05-24T21:38:17Z</time>
        <cmt>speed: 0.1</cmt>
      </trkpt>
      <trkpt lat="47.359462" lon="8.563839">
        <ele>446</ele>
        <time>2025-05-24T21:48:26Z</time>
      </trkpt>
      <trkpt lat="47.359475" lon="8.563812">
        <ele>406</ele>
        <time>2025-05-24T21:48:30Z</time>
        <cmt>speed: 0.2</cmt>
      </trkpt>
      <trkpt lat="47.3594" lon="8.563852">
        <ele>459</ele>
        <time>2025-05-24T21:58:19Z</time>
        <cmt>speed: 0.1</cmt>
      </trkpt>
      <trkpt lat="47.3594" lon="8.563852">
        <ele>459</ele>
        <time>2025-05-24T22:08:18Z</time>
      </trkpt>
      <trkpt lat="47.359583" lon="8.563922">
        <ele>475</ele>
        <time>2025-05-24T22:08:21Z</time>
        <cmt>speed: 0.4</cmt>
      </trkpt>
      <trkpt lat="47.359567" lon="8.563928">
        <ele>488</ele>
        <time>2025-05-24T22:18:17Z</time>
        <cmt>speed: 0.7</cmt>
      </trkpt>
      <trkpt lat="47.359332" lon="8.564927">
        <ele>402</ele>
        <time>2025-05-24T22:28:19Z</time>
        <cmt>speed: 0.2</cmt>
      </trkpt>
      <trkpt lat="47.359375" lon="8.562173">
        <ele>449</ele>
        <time>2025-05-24T22:38:14Z</time>
        <cmt>speed: 0.0</cmt>
      </trkpt>
      <trkpt lat="47.359425" lon="8.560907">
        <ele>407</ele>
        <time>2025-05-24T22:48:20Z</time>
        <cmt>speed: 0.4</cmt>
      </trkpt>
      <trkpt lat="47.360019" lon="8.560733">
        <ele>398</ele>
        <time>2025-05-24T22:58:16Z</time>
        <cmt>speed: 0.1</cmt>
      </trkpt>
      <trkpt lat="47.360019" lon="8.560733">
        <ele>398</ele>
        <time>2025-05-24T23:08:15Z</time>
      </trkpt>
      <trkpt lat="47.360077" lon="8.560942">
        <ele>446</ele>
        <time>2025-05-24T23:08:19Z</time>
        <cmt>speed: 1.1</cmt>
      </trkpt>
      <trkpt lat="47.360048" lon="8.560944">
        <ele>438</ele>
        <time>2025-05-24T23:18:17Z</time>
        <cmt>speed: 0.9</cmt>
      </trkpt>
      <trkpt lat="47.360183" lon="8.560617">
        <ele>424</ele>
        <time>2025-05-24T23:28:14Z</time>
        <cmt>speed: 1.2</cmt>
      </trkpt>
      <trkpt lat="47.359875" lon="8.56091">
        <ele>422</ele>
        <time>2025-05-24T23:38:16Z</time>
        <cmt>speed: 0.6</cmt>
      </trkpt>
      <trkpt lat="47.359875" lon="8.56091">
        <ele>422</ele>
        <time>2025-05-24T23:48:15Z</time>
      </trkpt>
      <trkpt lat="47.360121" lon="8.561018">
        <ele>420</ele>
        <time>2025-05-24T23:48:19Z</time>
        <cmt>speed: 0.6</cmt>
      </trkpt>
      <trkpt lat="47.359849" lon="8.560703">
        <ele>426</ele>
        <time>2025-05-25T00:01:23Z</time>
        <cmt>speed: 0.3</cmt>
      </trkpt>
      <trkpt lat="47.359849" lon="8.560703">
        <ele>426</ele>
        <time>2025-05-25T00:12:00Z</time>
      </trkpt>
      <trkpt lat="47.359844" lon="8.560977">
        <ele>423</ele>
        <time>2025-05-25T00:12:04Z</time>
        <cmt>speed: 0.6</cmt>
      </trkpt>
      <trkpt lat="47.359801" lon="8.56145">
        <ele>482</ele>
        <time>2025-05-25T00:21:45Z</time>
        <cmt>speed: 0.1</cmt>
      </trkpt>
      <trkpt lat="47.359801" lon="8.56145">
        <ele>482</ele>
        <time>2025-05-25T00:31:28Z</time>
      </trkpt>
      <trkpt lat="47.359912" lon="8.560878">
        <ele>418</ele>
        <time>2025-05-25T00:31:32Z</time>
        <cmt>speed: 0.2</cmt>
      </trkpt>
      <trkpt lat="47.359965" lon="8.560761">
        <ele>422</ele>
        <time>2025-05-25T00:41:22Z</time>
        <cmt>speed: 0.2</cmt>
      </trkpt>
      <trkpt lat="47.359965" lon="8.560761">
        <ele>422</ele>
        <time>2025-05-25T00:51:18Z</time>
      </trkpt>
      <trkpt lat="47.360313" lon="8.560862">
        <ele>488</ele>
        <time>2025-05-25T00:51:22Z</time>
        <cmt>speed: 0.1</cmt>
      </trkpt>
      <trkpt lat="47.359928" lon="8.560779">
        <ele>425</ele>
        <time>2025-05-25T01:01:22Z</time>
        <cmt>speed: 0.0</cmt>
      </trkpt>
      <trkpt lat="47.359928" lon="8.560779">
        <ele>425</ele>
        <time>2025-05-25T01:11:23Z</time>
      </trkpt>
      <trkpt lat="47.36003" lon="8.560333">
        <ele>371</ele>
        <time>2025-05-25T01:11:26Z</time>
        <cmt>speed: 0.4</cmt>
      </trkpt>
      <trkpt lat="47.359721" lon="8.560771">
        <ele>464</ele>
        <time>2025-05-25T01:21:24Z</time>
        <cmt>speed: 0.0</cmt>
      </trkpt>
      <trkpt lat="47.359721" lon="8.560771">
        <ele>464</ele>
        <time>2025-05-25T01:28:10Z</time>
      </trkpt>
      <trkpt lat="47.359936" lon="8.560648">
        <ele>448</ele>
        <time>2025-05-25T01:31:26Z</time>
        <cmt>speed: 0.5</cmt>
      </trkpt>
      <trkpt lat="47.359703" lon="8.561036">
        <ele>486</ele>
        <time>2025-05-25T01:41:45Z</time>
        <cmt>speed: 0.2</cmt>
      </trkpt>
      <trkpt lat="47.359632" lon="8.560239">
        <ele>375</ele>
        <time>2025-05-25T02:01:26Z</time>
        <cmt>speed: 1.4</cmt>
      </trkpt>
      <trkpt lat="47.359632" lon="8.560239">
        <ele>375</ele>
        <time>2025-05-25T02:11:24Z</time>
      </trkpt>
      <trkpt lat="47.359851" lon="8.56076">
        <ele>449</ele>
        <time>2025-05-25T02:11:28Z</time>
        <cmt>speed: 1.3</cmt>
      </trkpt>
      <trkpt lat="47.360252" lon="8.560234">
        <ele>486</ele>
        <time>2025-05-25T02:21:24Z</time>
        <cmt>speed: 0.0</cmt>
      </trkpt>
      <trkpt lat="47.360252" lon="8.560234">
        <ele>486</ele>
        <time>2025-05-25T02:31:18Z</time>
      </trkpt>
      <trkpt lat="47.35971" lon="8.560599">
        <ele>434</ele>
        <time>2025-05-25T02:31:22Z</time>
        <cmt>speed: 0.3</cmt>
      </trkpt>
      <trkpt lat="47.35938" lon="8.560315">
        <ele>458</ele>
        <time>2025-05-25T02:41:28Z</time>
        <cmt>speed: 0.5</cmt>
      </trkpt>
      <trkpt lat="47.35938" lon="8.560315">
        <ele>458</ele>
        <time>2025-05-25T02:51:26Z</time>
      </trkpt>
      <trkpt lat="47.359752" lon="8.560768">
        <ele>409</ele>
        <time>2025-05-25T02:51:30Z</time>
        <cmt>speed: 1.0</cmt>
      </trkpt>
      <trkpt lat="47.359912" lon="8.560601">
        <ele>447</ele>
        <time>2025-05-25T03:01:26Z</time>
        <cmt>speed: 0.0</cmt>
      </trkpt>
      <trkpt lat="47.35979" lon="8.560399">
        <ele>436</ele>
        <time>2025-05-25T03:11:23Z</time>
        <cmt>speed: 0.0</cmt>
      </trkpt>
      <trkpt lat="47.358898" lon="8.56118">
        <ele>436</ele>
        <time>2025-05-25T03:21:22Z</time>
        <cmt>speed: 0.5</cmt>
      </trkpt>
      <trkpt lat="47.358898" lon="8.56118">
        <ele>436</ele>
        <time>2025-05-25T03:31:18Z</time>
      </trkpt>
      <trkpt lat="47.358676" lon="8.560768">
        <ele>419</ele>
        <time>2025-05-25T03:31:22Z</time>
        <cmt>speed: 0.4</cmt>
      </trkpt>
      <trkpt lat="47.358828" lon="8.560868">
        <ele>410</ele>
        <time>2025-05-25T03:41:22Z</time>
        <cmt>speed: 3.0</cmt>
      </trkpt>
      <trkpt lat="47.360199" lon="8.56225">
        <ele>418</ele>
        <time>2025-05-25T03:51:26Z</time>
        <cmt>speed: 0.4</cmt>
      </trkpt>
      <trkpt lat="47.359959" lon="8.563643">
        <ele>434</ele>
        <time>2025-05-25T03:55:00Z</time>
      </trkpt>
      <trkpt lat="47.359959" lon="8.563643">
        <ele>434</ele>
        <time>2025-05-25T04:10:00Z</time>
      </trkpt>
      <trkpt lat="47.359959" lon="8.563643">
        <ele>434</ele>
        <time>2025-05-25T06:24:04Z</time>
      </trkpt>
      <trkpt lat="47.359736" lon="8.562933">
        <ele>429</ele>
        <time>2025-05-25T06:24:32Z</time>
        <cmt>speed: 0.7</cmt>
      </trkpt>
      <trkpt lat="47.358861" lon="8.56122">
        <ele>422</ele>
        <time>2025-05-25T06:34:12Z</time>
        <cmt>speed: 0.0</cmt>
      </trkpt>
      <trkpt lat="47.357926" lon="8.561169">
        <ele>480</ele>
        <time>2025-05-25T06:44:18Z</time>
        <cmt>speed: 0.7</cmt>
      </trkpt>
      <trkpt lat="47.357825" lon="8.563101">
        <ele>441</ele>
        <time>2025-05-25T06:54:13Z</time>
        <cmt>speed: 0.2</cmt>
      </trkpt>
      <trkpt lat="47.357685" lon="8.563483">
        <ele>451</ele>
        <time>2025-05-25T07:04:12Z</time>
        <cmt>speed: 0.2</cmt>
      </trkpt>
      <trkpt lat="47.357703" lon="8.563631">
        <ele>439</ele>
        <time>2025-05-25T07:14:12Z</time>
        <cmt>speed: 0.7</cmt>
      </trkpt>
      <trkpt lat="47.357703" lon="8.563631">
        <ele>439</ele>
        <time>2025-05-25T07:24:07Z</time>
      </trkpt>
      <trkpt lat="47.357595" lon="8.563733">
        <ele>497</ele>
        <time>2025-05-25T07:31:33Z</time>
        <cmt>speed: 0.6</cmt>
      </trkpt>
      <trkpt lat="47.357736" lon="8.563623">
        <ele>460</ele>
        <time>2025-05-25T07:41:27Z</time>
        <cmt>speed: 0.5</cmt>
      </trkpt>
      <trkpt lat="47.357736" lon="8.563623">
        <ele>460</ele>
        <time>2025-05-25T07:44:07Z</time>
      </trkpt>
      <trkpt lat="47.357669" lon="8.563664">
        <ele>460</ele>
        <time>2025-05-25T07:51:28Z</time>
        <cmt>speed: 0.6</cmt>
      </trkpt>
      <trkpt lat="47.357593" lon="8.56369">
        <ele>459</ele>
        <time>2025-05-25T08:01:26Z</time>
        <cmt>speed: 0.4</cmt>
      </trkpt>
      <trkpt lat="47.357593" lon="8.56369">
        <ele>459</ele>
        <time>2025-05-25T08:04:07Z</time>
      </trkpt>
      <trkpt lat="47.357608" lon="8.563554">
        <ele>444</ele>
        <time>2025-05-25T08:11:29Z</time>
        <cmt>speed: 0.2</cmt>
      </trkpt>
      <trkpt lat="47.357737" lon="8.563676">
        <ele>447</ele>
        <time>2025-05-25T08:21:28Z</time>
        <cmt>speed: 0.8</cmt>
      </trkpt>
      <trkpt lat="47.35763" lon="8.56369">
        <ele>451</ele>
        <time>2025-05-25T08:31:33Z</time>
        <cmt>speed: 0.8</cmt>
      </trkpt>
      <trkpt lat="47.357646" lon="8.563586">
        <ele>452</ele>
        <time>2025-05-25T08:41:28Z</time>
        <cmt>speed: 0.0</cmt>
      </trkpt>
      <trkpt lat="47.357646" lon="8.563586">
        <ele>452</ele>
        <time>2025-05-25T08:51:21Z</time>
      </trkpt>
      <trkpt lat="47.357646" lon="8.563523">
        <ele>449</ele>
        <time>2025-05-25T08:51:26Z</time>
        <cmt>speed: 0.2</cmt>
      </trkpt>
      <trkpt lat="47.357709" lon="8.563717">
        <ele>457</ele>
        <time>2025-05-25T09:01:26Z</time>
        <cmt>speed: 0.8</cmt>
      </trkpt>
      <trkpt lat="47.357709" lon="8.563717">
        <ele>457</ele>
        <time>2025-05-25T09:11:21Z</time>
      </trkpt>
      <trkpt lat="47.357632" lon="8.563634">
        <ele>448</ele>
        <time>2025-05-25T09:11:26Z</time>
        <cmt>speed: 0.5</cmt>
      </trkpt>
      <trkpt lat="47.357642" lon="8.563566">
        <ele>454</ele>
        <time>2025-05-25T09:21:27Z</time>
        <cmt>speed: 0.1</cmt>
      </trkpt>
      <trkpt lat="47.357642" lon="8.563566">
        <ele>454</ele>
        <time>2025-05-25T09:24:07Z</time>
      </trkpt>
      <trkpt lat="47.357649" lon="8.563646">
        <ele>447</ele>
        <time>2025-05-25T09:31:54Z</time>
        <cmt>speed: 0.0</cmt>
      </trkpt>
      <trkpt lat="47.357542" lon="8.563605">
        <ele>439</ele>
        <time>2025-05-25T09:41:54Z</time>
        <cmt>speed: 0.1</cmt>
      </trkpt>
      <trkpt lat="47.357542" lon="8.563605">
        <ele>439</ele>
        <time>2025-05-25T09:51:46Z</time>
      </trkpt>
      <trkpt lat="47.357667" lon="8.563693">
        <ele>457</ele>
        <time>2025-05-25T09:51:51Z</time>
        <cmt>speed: 0.0</cmt>
      </trkpt>
      <trkpt lat="47.35771" lon="8.563748">
        <ele>461</ele>
        <time>2025-05-25T10:01:50Z</time>
        <cmt>speed: 0.3</cmt>
      </trkpt>
      <trkpt lat="47.357694" lon="8.563592">
        <ele>449</ele>
        <time>2025-05-25T10:11:51Z</time>
        <cmt>speed: 0.1</cmt>
      </trkpt>
      <trkpt lat="47.357726" lon="8.563688">
        <ele>467</ele>
        <time>2025-05-25T10:21:51Z</time>
        <cmt>speed: 0.5</cmt>
      </trkpt>
      <trkpt lat="47.357728" lon="8.563921">
        <ele>455</ele>
        <time>2025-05-25T10:31:51Z</time>
        <cmt>speed: 1.4</cmt>
      </trkpt>
      <trkpt lat="47.357691" lon="8.563882">
        <ele>457</ele>
        <time>2025-05-25T10:41:52Z</time>
        <cmt>speed: 0.1</cmt>
      </trkpt>
      <trkpt lat="47.358139" lon="8.564679">
        <ele>454</ele>
        <time>2025-05-25T10:51:52Z</time>
        <cmt>speed: 0.2</cmt>
      </trkpt>
      <trkpt lat="47.35809" lon="8.564885">
        <ele>431</ele>
        <time>2025-05-25T11:01:52Z</time>
        <cmt>speed: 0.2</cmt>
      </trkpt>
      <trkpt lat="47.358308" lon="8.564889">
        <ele>466</ele>
        <time>2025-05-25T11:11:51Z</time>
        <cmt>speed: 0.8</cmt>
      </trkpt>
      <trkpt lat="47.358297" lon="8.565576">
        <ele>454</ele>
        <time>2025-05-25T11:21:51Z</time>
        <cmt>speed: 0.3</cmt>
      </trkpt>
      <trkpt lat="47.358297" lon="8.565576">
        <ele>454</ele>
        <time>2025-05-25T11:31:45Z</time>
      </trkpt>
      <trkpt lat="47.3584" lon="8.566211">
        <ele>438</ele>
        <time>2025-05-25T11:31:50Z</time>
        <cmt>speed: 0.7</cmt>
      </trkpt>
      <trkpt lat="47.358257" lon="8.56591">
        <ele>485</ele>
        <time>2025-05-25T11:41:55Z</time>
        <cmt>speed: 1.2</cmt>
      </trkpt>
      <trkpt lat="47.358257" lon="8.56591">
        <ele>485</ele>
        <time>2025-05-25T11:51:47Z</time>
      </trkpt>
      <trkpt lat="47.35842" lon="8.566197">
        <ele>446</ele>
        <time>2025-05-25T11:51:53Z</time>
        <cmt>speed: 0.2</cmt>
      </trkpt>
      <trkpt lat="47.358248" lon="8.566231">
        <ele>407</ele>
        <time>2025-05-25T12:01:52Z</time>
        <cmt>speed: 0.9</cmt>
      </trkpt>
      <trkpt lat="47.358248" lon="8.566231">
        <ele>407</ele>
        <time>2025-05-25T12:11:46Z</time>
      </trkpt>
      <trkpt lat="47.358395" lon="8.566279">
        <ele>432</ele>
        <time>2025-05-25T12:11:52Z</time>
        <cmt>speed: 0.9</cmt>
      </trkpt>
      <trkpt lat="47.358649" lon="8.566013">
        <ele>481</ele>
        <time>2025-05-25T12:21:50Z</time>
        <cmt>speed: 0.2</cmt>
      </trkpt>
      <trkpt lat="47.358649" lon="8.566013">
        <ele>481</ele>
        <time>2025-05-25T12:31:44Z</time>
      </trkpt>
      <trkpt lat="47.358576" lon="8.5656">
        <ele>453</ele>
        <time>2025-05-25T12:31:50Z</time>
        <cmt>speed: 1.2</cmt>
      </trkpt>
      <trkpt lat="47.358789" lon="8.565577">
        <ele>431</ele>
        <time>2025-05-25T12:41:50Z</time>
        <cmt>speed: 0.6</cmt>
      </trkpt>
      <trkpt lat="47.358617" lon="8.565655">
        <ele>417</ele>
        <time>2025-05-25T12:51:53Z</time>
        <cmt>speed: 0.6</cmt>
      </trkpt>
      <trkpt lat="47.35861" lon="8.565119">
        <ele>438</ele>
        <time>2025-05-25T13:01:54Z</time>
        <cmt>speed: 0.5</cmt>
      </trkpt>
      <trkpt lat="47.358859" lon="8.564254">
        <ele>441</ele>
        <time>2025-05-25T13:11:52Z</time>
        <cmt>speed: 0.6</cmt>
      </trkpt>
      <trkpt lat="47.358968" lon="8.564282">
        <ele>446</ele>
        <time>2025-05-25T13:22:00Z</time>
        <cmt>speed: 0.4</cmt>
      </trkpt>
      <trkpt lat="47.358968" lon="8.564282">
        <ele>446</ele>
        <time>2025-05-25T13:32:05Z</time>
      </trkpt>
      <trkpt lat="47.358776" lon="8.563955">
        <ele>451</ele>
        <time>2025-05-25T13:32:11Z</time>
        <cmt>speed: 0.2</cmt>
      </trkpt>
      <trkpt lat="47.358731" lon="8.5639">
        <ele>437</ele>
        <time>2025-05-25T14:02:04Z</time>
        <cmt>speed: 0.4</cmt>
      </trkpt>
      <trkpt lat="47.358591" lon="8.563702">
        <ele>461</ele>
        <time>2025-05-25T14:32:04Z</time>
        <cmt>speed: 0.7</cmt>
      </trkpt>
      <trkpt lat="47.358661" lon="8.563874">
        <ele>466</ele>
        <time>2025-05-25T14:42:26Z</time>
        <cmt>speed: 0.0</cmt>
      </trkpt>
      <trkpt lat="47.358973" lon="8.564119">
        <ele>427</ele>
        <time>2025-05-25T15:12:10Z</time>
        <cmt>speed: 0.9</cmt>
      </trkpt>
      <trkpt lat="47.35876" lon="8.564011">
        <ele>452</ele>
        <time>2025-05-25T15:21:51Z</time>
        <cmt>speed: 0.0</cmt>
      </trkpt>
      <trkpt lat="47.359518" lon="8.562683">
        <ele>413</ele>
        <time>2025-05-25T15:31:55Z</time>
        <cmt>speed: 0.9</cmt>
      </trkpt>
      <trkpt lat="47.359872" lon="8.563744">
        <ele>451</ele>
        <time>2025-05-25T15:41:52Z</time>
        <cmt>speed: 0.7</cmt>
      </trkpt>
      <trkpt lat="47.359974" lon="8.56367">
        <ele>434</ele>
        <time>2025-05-25T15:42:14Z</time>
      </trkpt>
      <trkpt lat="47.359974" lon="8.56367">
        <ele>434</ele>
        <time>2025-05-25T15:56:45Z</time>
      </trkpt>
      <trkpt lat="47.359974" lon="8.56367">
        <ele>434</ele>
        <time>2025-05-25T15:57:14Z</time>
      </trkpt>
      <trkpt lat="47.359974" lon="8.56367">
        <ele>434</ele>
        <time>2025-05-25T20:07:20Z</time>
      </trkpt>
      <trkpt lat="47.359974" lon="8.56367">
        <ele>434</ele>
        <time>2025-05-25T20:08:07Z</time>
      </trkpt>
      <trkpt lat="47.359974" lon="8.56367">
        <ele>434</ele>
        <time>2025-05-25T20:08:46Z</time>
      </trkpt>
      <trkpt lat="47.359974" lon="8.56367">
        <ele>434</ele>
        <time>2025-05-25T20:09:26Z</time>
      </trkpt>
      <trkpt lat="47.359974" lon="8.56367">
        <ele>434</ele>
        <time>2025-05-25T20:09:50Z</time>
      </trkpt>
      <trkpt lat="47.359974" lon="8.56367">
        <ele>434</ele>
        <time>2025-05-25T20:09:51Z</time>
      </trkpt>
      <trkpt lat="47.359974" lon="8.56367">
        <ele>434</ele>
        <time>2025-05-25T20:10:38Z</time>
      </trkpt>
      <trkpt lat="47.359974" lon="8.56367">
        <ele>434</ele>
        <time>2025-05-25T20:10:44Z</time>
      </trkpt>
      <trkpt lat="47.359974" lon="8.56367">
        <ele>434</ele>
        <time>2025-05-25T20:10:49Z</time>
      </trkpt>
      <trkpt lat="47.359901" lon="8.563501">
        <ele>453</ele>
        <time>2025-05-26T02:16:58Z</time>
        <cmt>speed: 0.2</cmt>
      </trkpt>
      <trkpt lat="47.35984" lon="8.560578">
        <ele>439</ele>
        <time>2025-05-26T02:26:51Z</time>
        <cmt>speed: 1.0</cmt>
      </trkpt>
      <trkpt lat="47.359083" lon="8.559267">
        <ele>399</ele>
        <time>2025-05-26T02:36:42Z</time>
        <cmt>speed: 1.0</cmt>
      </trkpt>
      <trkpt lat="47.359083" lon="8.559267">
        <ele>399</ele>
        <time>2025-05-26T02:36:50Z</time>
      </trkpt>
      <trkpt lat="47.358823" lon="8.558965">
        <ele>426</ele>
        <time>2025-05-26T02:46:42Z</time>
        <cmt>speed: 0.3</cmt>
      </trkpt>
      <trkpt lat="47.359261" lon="8.560304">
        <ele>468</ele>
        <time>2025-05-26T02:56:41Z</time>
        <cmt>speed: 0.9</cmt>
      </trkpt>
      <trkpt lat="47.358772" lon="8.561324">
        <ele>439</ele>
        <time>2025-05-26T03:06:41Z</time>
        <cmt>speed: 0.2</cmt>
      </trkpt>
      <trkpt lat="47.357897" lon="8.560797">
        <ele>450</ele>
        <time>2025-05-26T03:16:42Z</time>
        <cmt>speed: 1.2</cmt>
      </trkpt>
      <trkpt lat="47.357442" lon="8.561389">
        <ele>434</ele>
        <time>2025-05-26T03:26:46Z</time>
        <cmt>speed: 0.1</cmt>
      </trkpt>
      <trkpt lat="47.358157" lon="8.56197">
        <ele>439</ele>
        <time>2025-05-26T03:36:43Z</time>
        <cmt>speed: 0.2</cmt>
      </trkpt>
      <trkpt lat="47.359121" lon="8.561532">
        <ele>403</ele>
        <time>2025-05-26T03:46:52Z</time>
        <cmt>speed: 0.5</cmt>
      </trkpt>
      <trkpt lat="47.359121" lon="8.561532">
        <ele>403</ele>
        <time>2025-05-26T03:56:33Z</time>
      </trkpt>
      <trkpt lat="47.359402" lon="8.562168">
        <ele>455</ele>
        <time>2025-05-26T03:56:41Z</time>
        <cmt>speed: 0.0</cmt>
      </trkpt>
      <trkpt lat="47.358888" lon="8.562699">
        <ele>451</ele>
        <time>2025-05-26T04:06:41Z</time>
        <cmt>speed: 0.4</cmt>
      </trkpt>
      <trkpt lat="47.358591" lon="8.563125">
        <ele>431</ele>
        <time>2025-05-26T04:16:40Z</time>
        <cmt>speed: 1.0</cmt>
      </trkpt>
      <trkpt lat="47.358504" lon="8.56441">
        <ele>459</ele>
        <time>2025-05-26T04:26:41Z</time>
        <cmt>speed: 0.0</cmt>
      </trkpt>
      <trkpt lat="47.358504" lon="8.56441">
        <ele>459</ele>
        <time>2025-05-26T04:36:33Z</time>
      </trkpt>
      <trkpt lat="47.35831" lon="8.564529">
        <ele>451</ele>
        <time>2025-05-26T04:36:41Z</time>
        <cmt>speed: 0.1</cmt>
      </trkpt>
      <trkpt lat="47.358207" lon="8.564857">
        <ele>465</ele>
        <time>2025-05-26T04:46:41Z</time>
        <cmt>speed: 0.1</cmt>
      </trkpt>
      <trkpt lat="47.358329" lon="8.564182">
        <ele>441</ele>
        <time>2025-05-26T04:56:40Z</time>
        <cmt>speed: 0.0</cmt>
      </trkpt>
      <trkpt lat="47.358125" lon="8.564084">
        <ele>444</ele>
        <time>2025-05-26T05:06:42Z</time>
        <cmt>speed: 0.7</cmt>
      </trkpt>
      <trkpt lat="47.358253" lon="8.564772">
        <ele>453</ele>
        <time>2025-05-26T05:16:42Z</time>
        <cmt>speed: 1.0</cmt>
      </trkpt>
      <trkpt lat="47.357511" lon="8.563771">
        <ele>479</ele>
        <time>2025-05-26T05:26:42Z</time>
        <cmt>speed: 0.0</cmt>
      </trkpt>
      <trkpt lat="47.357862" lon="8.563978">
        <ele>452</ele>
        <time>2025-05-26T05:36:42Z</time>
        <cmt>speed: 0.3</cmt>
      </trkpt>
      <trkpt lat="47.358658" lon="8.564044">
        <ele>442</ele>
        <time>2025-05-26T05:46:41Z</time>
        <cmt>speed: 0.7</cmt>
      </trkpt>
      <trkpt lat="47.360012" lon="8.563593">
        <ele>437</ele>
        <time>2025-05-26T05:56:42Z</time>
        <cmt>speed: 0.9</cmt>
      </trkpt>
      <trkpt lat="47.359974" lon="8.56367">
        <ele>434</ele>
        <time>2025-05-26T05:56:52Z</time>
      </trkpt>
      <trkpt lat="47.359974" lon="8.56367">
        <ele>434</ele>
        <time>2025-05-26T06:11:52Z</time>
      </trkpt>
      <trkpt lat="47.359974" lon="8.56367">
        <ele>434</ele>
        <time>2025-05-26T13:46:17Z</time>
      </trkpt>
      <trkpt lat="47.360094" lon="8.563674">
        <ele>412</ele>
        <time>2025-05-26T13:46:27Z</time>
        <cmt>speed: 0.9</cmt>
      </trkpt>
      <trkpt lat="47.360221" lon="8.561556">
        <ele>427</ele>
        <time>2025-05-26T13:55:54Z</time>
        <cmt>speed: 0.6</cmt>
      </trkpt>
      <trkpt lat="47.359026" lon="8.56247">
        <ele>455</ele>
        <time>2025-05-26T14:05:52Z</time>
        <cmt>speed: 0.3</cmt>
      </trkpt>
      <trkpt lat="47.358648" lon="8.564029">
        <ele>450</ele>
        <time>2025-05-26T14:15:50Z</time>
        <cmt>speed: 1.7</cmt>
      </trkpt>
      <trkpt lat="47.358648" lon="8.564029">
        <ele>450</ele>
        <time>2025-05-26T14:25:42Z</time>
      </trkpt>
      <trkpt lat="47.358307" lon="8.564876">
        <ele>448</ele>
        <time>2025-05-26T14:25:49Z</time>
        <cmt>speed: 0.3</cmt>
      </trkpt>
      <trkpt lat="47.35826" lon="8.564902">
        <ele>457</ele>
        <time>2025-05-26T14:35:50Z</time>
        <cmt>speed: 0.3</cmt>
      </trkpt>
      <trkpt lat="47.35826" lon="8.564902">
        <ele>457</ele>
        <time>2025-05-26T14:45:42Z</time>
      </trkpt>
      <trkpt lat="47.358281" lon="8.564832">
        <ele>434</ele>
        <time>2025-05-26T14:45:49Z</time>
        <cmt>speed: 0.7</cmt>
      </trkpt>
      <trkpt lat="47.358239" lon="8.564863">
        <ele>435</ele>
        <time>2025-05-26T14:55:49Z</time>
        <cmt>speed: 0.5</cmt>
      </trkpt>
      <trkpt lat="47.359091" lon="8.563859">
        <ele>453</ele>
        <time>2025-05-26T15:05:57Z</time>
        <cmt>speed: 1.2</cmt>
      </trkpt>
      <trkpt lat="47.359974" lon="8.56367">
        <ele>434</ele>
        <time>2025-05-26T15:11:30Z</time>
      </trkpt>
      <trkpt lat="47.359974" lon="8.56367">
        <ele>434</ele>
        <time>2025-05-26T15:26:29Z</time>
      </trkpt>
      <trkpt lat="47.359895" lon="8.563637">
        <ele>431</ele>
        <time>2025-05-26T15:48:32Z</time>
        <cmt>speed: 1.0</cmt>
      </trkpt>
      <trkpt lat="47.359021" lon="8.563967">
        <ele>472</ele>
        <time>2025-05-26T15:58:38Z</time>
        <cmt>speed: 2.2</cmt>
      </trkpt>
      <trkpt lat="47.358572" lon="8.564626">
        <ele>461</ele>
        <time>2025-05-26T16:08:32Z</time>
        <cmt>speed: 0.2</cmt>
      </trkpt>
      <trkpt lat="47.358351" lon="8.564909">
        <ele>432</ele>
        <time>2025-05-26T16:18:33Z</time>
        <cmt>speed: 0.3</cmt>
      </trkpt>
      <trkpt lat="47.358351" lon="8.564909">
        <ele>432</ele>
        <time>2025-05-26T16:28:23Z</time>
      </trkpt>
      <trkpt lat="47.358349" lon="8.565534">
        <ele>474</ele>
        <time>2025-05-26T16:28:33Z</time>
        <cmt>speed: 0.3</cmt>
      </trkpt>
      <trkpt lat="47.358419" lon="8.565545">
        <ele>461</ele>
        <time>2025-05-26T16:38:33Z</time>
        <cmt>speed: 0.3</cmt>
      </trkpt>
      <trkpt lat="47.358419" lon="8.565545">
        <ele>461</ele>
        <time>2025-05-26T16:48:22Z</time>
      </trkpt>
      <trkpt lat="47.358241" lon="8.56563">
        <ele>434</ele>
        <time>2025-05-26T16:48:33Z</time>
        <cmt>speed: 0.6</cmt>
      </trkpt>
      <trkpt lat="47.35823" lon="8.565573">
        <ele>463</ele>
        <time>2025-05-26T16:58:32Z</time>
        <cmt>speed: 1.5</cmt>
      </trkpt>
      <trkpt lat="47.35823" lon="8.565573">
        <ele>463</ele>
        <time>2025-05-26T17:08:23Z</time>
      </trkpt>
      <trkpt lat="47.358487" lon="8.565384">
        <ele>456</ele>
        <time>2025-05-26T17:08:33Z</time>
        <cmt>speed: 0.5</cmt>
      </trkpt>
      <trkpt lat="47.358502" lon="8.565054">
        <ele>438</ele>
        <time>2025-05-26T17:18:35Z</time>
        <cmt>speed: 0.3</cmt>
      </trkpt>
      <trkpt lat="47.358687" lon="8.564814">
        <ele>432</ele>
        <time>2025-05-26T17:28:35Z</time>
        <cmt>speed: 2.1</cmt>
      </trkpt>
      <trkpt lat="47.358407" lon="8.56428">
        <ele>451</ele>
        <time>2025-05-26T17:38:32Z</time>
        <cmt>speed: 0.0</cmt>
      </trkpt>
      <trkpt lat="47.358161" lon="8.564366">
        <ele>439</ele>
        <time>2025-05-26T17:48:31Z</time>
        <cmt>speed: 1.3</cmt>
      </trkpt>
      <trkpt lat="47.358161" lon="8.564366">
        <ele>439</ele>
        <time>2025-05-26T17:48:33Z</time>
      </trkpt>
      <trkpt lat="47.357692" lon="8.565066">
        <ele>455</ele>
        <time>2025-05-26T17:58:32Z</time>
        <cmt>speed: 0.5</cmt>
      </trkpt>
      <trkpt lat="47.359475" lon="8.563726">
        <ele>437</ele>
        <time>2025-05-26T18:08:41Z</time>
        <cmt>speed: 0.1</cmt>
      </trkpt>
      <trkpt lat="47.359959" lon="8.563643">
        <ele>434</ele>
        <time>2025-05-26T18:11:01Z</time>
      </trkpt>
      <trkpt lat="47.359959" lon="8.563643">
        <ele>434</ele>
        <time>2025-05-26T18:26:00Z</time>
      </trkpt>
      <trkpt lat="47.360394" lon="8.562517">
        <ele>462</ele>
        <time>2025-05-27T02:37:18Z</time>
        <cmt>speed: 0.7</cmt>
      </trkpt>
      <trkpt lat="47.359197" lon="8.55913">
        <ele>439</ele>
        <time>2025-05-27T02:47:47Z</time>
        <cmt>speed: 4.3</cmt>
      </trkpt>
      <trkpt lat="47.359399" lon="8.560968">
        <ele>473</ele>
        <time>2025-05-27T02:57:07Z</time>
        <cmt>speed: 0.3</cmt>
      </trkpt>
      <trkpt lat="47.357723" lon="8.560972">
        <ele>405</ele>
        <time>2025-05-27T03:07:08Z</time>
        <cmt>speed: 0.0</cmt>
      </trkpt>
      <trkpt lat="47.358142" lon="8.562619">
        <ele>446</ele>
        <time>2025-05-27T03:17:08Z</time>
        <cmt>speed: 0.0</cmt>
      </trkpt>
      <trkpt lat="47.359594" lon="8.56218">
        <ele>444</ele>
        <time>2025-05-27T03:37:07Z</time>
        <cmt>speed: 4.5</cmt>
      </trkpt>
      <trkpt lat="47.358497" lon="8.564421">
        <ele>438</ele>
        <time>2025-05-27T03:47:06Z</time>
        <cmt>speed: 0.5</cmt>
      </trkpt>
      <trkpt lat="47.358482" lon="8.564985">
        <ele>508</ele>
        <time>2025-05-27T03:57:06Z</time>
        <cmt>speed: 0.2</cmt>
      </trkpt>
      <trkpt lat="47.358482" lon="8.564985">
        <ele>508</ele>
        <time>2025-05-27T03:57:06Z</time>
      </trkpt>
      <trkpt lat="47.358289" lon="8.565151">
        <ele>444</ele>
        <time>2025-05-27T04:07:05Z</time>
        <cmt>speed: 0.8</cmt>
      </trkpt>
      <trkpt lat="47.358189" lon="8.564938">
        <ele>416</ele>
        <time>2025-05-27T04:17:06Z</time>
        <cmt>speed: 1.6</cmt>
      </trkpt>
      <trkpt lat="47.358189" lon="8.564938">
        <ele>416</ele>
        <time>2025-05-27T04:17:06Z</time>
      </trkpt>
      <trkpt lat="47.358402" lon="8.564739">
        <ele>466</ele>
        <time>2025-05-27T04:28:45Z</time>
        <cmt>speed: 0.2</cmt>
      </trkpt>
      <trkpt lat="47.35826" lon="8.5648">
        <ele>476</ele>
        <time>2025-05-27T04:38:43Z</time>
        <cmt>speed: 0.5</cmt>
      </trkpt>
      <trkpt lat="47.358415" lon="8.564885">
        <ele>476</ele>
        <time>2025-05-27T04:48:44Z</time>
        <cmt>speed: 1.2</cmt>
      </trkpt>
      <trkpt lat="47.358415" lon="8.564885">
        <ele>476</ele>
        <time>2025-05-27T04:58:43Z</time>
      </trkpt>
      <trkpt lat="47.35832" lon="8.565606">
        <ele>462</ele>
        <time>2025-05-27T04:58:44Z</time>
        <cmt>speed: 0.7</cmt>
      </trkpt>
      <trkpt lat="47.35833" lon="8.565602">
        <ele>442</ele>
        <time>2025-05-27T05:08:45Z</time>
        <cmt>speed: 0.4</cmt>
      </trkpt>
      <trkpt lat="47.358349" lon="8.56569">
        <ele>454</ele>
        <time>2025-05-27T05:18:45Z</time>
        <cmt>speed: 0.7</cmt>
      </trkpt>
      <trkpt lat="47.358529" lon="8.564122">
        <ele>449</ele>
        <time>2025-05-27T05:28:45Z</time>
        <cmt>speed: 0.7</cmt>
      </trkpt>
      <trkpt lat="47.358806" lon="8.563935">
        <ele>455</ele>
        <time>2025-05-27T05:38:51Z</time>
        <cmt>speed: 0.2</cmt>
      </trkpt>
      <trkpt lat="47.359964" lon="8.563917">
        <ele>414</ele>
        <time>2025-05-27T05:48:47Z</time>
        <cmt>speed: 0.2</cmt>
      </trkpt>
      <trkpt lat="47.359974" lon="8.56367">
        <ele>434</ele>
        <time>2025-05-27T05:55:22Z</time>
      </trkpt>
      <trkpt lat="47.359883" lon="8.562406">
        <ele>465</ele>
        <time>2025-05-27T06:00:43Z</time>
        <cmt>speed: 1.5</cmt>
      </trkpt>
      <trkpt lat="47.35871" lon="8.560719">
        <ele>456</ele>
        <time>2025-05-27T06:10:44Z</time>
        <cmt>speed: 0.5</cmt>
      </trkpt>
      <trkpt lat="47.357922" lon="8.560904">
        <ele>467</ele>
        <time>2025-05-27T06:20:45Z</time>
        <cmt>speed: 1.3</cmt>
      </trkpt>
      <trkpt lat="47.358779" lon="8.562042">
        <ele>437</ele>
        <time>2025-05-27T06:30:44Z</time>
        <cmt>speed: 0.0</cmt>
      </trkpt>
      <trkpt lat="47.35873" lon="8.561977">
        <ele>438</ele>
        <time>2025-05-27T06:40:44Z</time>
        <cmt>speed: 1.0</cmt>
      </trkpt>
      <trkpt lat="47.360439" lon="8.562006">
        <ele>443</ele>
        <time>2025-05-27T06:50:44Z</time>
        <cmt>speed: 0.2</cmt>
      </trkpt>
      <trkpt lat="47.359899" lon="8.563181">
        <ele>439</ele>
        <time>2025-05-27T07:00:46Z</time>
        <cmt>speed: 0.5</cmt>
      </trkpt>
      <trkpt lat="47.359974" lon="8.56367">
        <ele>434</ele>
        <time>2025-05-27T07:05:52Z</time>
      </trkpt>
      <trkpt lat="47.359806" lon="8.563624">
        <ele>443</ele>
        <time>2025-05-27T07:09:32Z</time>
        <cmt>speed: 1.0</cmt>
      </trkpt>
      <trkpt lat="47.358977" lon="8.563997">
        <ele>462</ele>
        <time>2025-05-27T07:19:29Z</time>
        <cmt>speed: 0.3</cmt>
      </trkpt>
      <trkpt lat="47.358144" lon="8.564922">
        <ele>464</ele>
        <time>2025-05-27T07:29:28Z</time>
        <cmt>speed: 0.8</cmt>
      </trkpt>
      <trkpt lat="47.358144" lon="8.564922">
        <ele>464</ele>
        <time>2025-05-27T07:29:30Z</time>
      </trkpt>
      <trkpt lat="47.358348" lon="8.565044">
        <ele>466</ele>
        <time>2025-05-27T07:39:32Z</time>
        <cmt>speed: 0.3</cmt>
      </trkpt>
      <trkpt lat="47.358365" lon="8.565093">
        <ele>444</ele>
        <time>2025-05-27T07:49:30Z</time>
        <cmt>speed: 0.1</cmt>
      </trkpt>
      <trkpt lat="47.35828" lon="8.5649">
        <ele>456</ele>
        <time>2025-05-27T07:59:28Z</time>
        <cmt>speed: 0.2</cmt>
      </trkpt>
      <trkpt lat="47.35828" lon="8.5649">
        <ele>456</ele>
        <time>2025-05-27T08:09:28Z</time>
      </trkpt>
      <trkpt lat="47.358322" lon="8.565002">
        <ele>482</ele>
        <time>2025-05-27T08:09:29Z</time>
        <cmt>speed: 0.2</cmt>
      </trkpt>
      <trkpt lat="47.358276" lon="8.564882">
        <ele>477</ele>
        <time>2025-05-27T08:19:29Z</time>
        <cmt>speed: 0.0</cmt>
      </trkpt>
      <trkpt lat="47.358228" lon="8.564805">
        <ele>461</ele>
        <time>2025-05-27T08:29:34Z</time>
        <cmt>speed: 0.1</cmt>
      </trkpt>
      <trkpt lat="47.359974" lon="8.56367">
        <ele>434</ele>
        <time>2025-05-27T08:38:28Z</time>
      </trkpt>
      <trkpt lat="47.359974" lon="8.56367">
        <ele>434</ele>
        <time>2025-05-27T08:53:28Z</time>
      </trkpt>
      <trkpt lat="47.359974" lon="8.56367">
        <ele>434</ele>
        <time>2025-05-27T09:43:40Z</time>
      </trkpt>
      <trkpt lat="47.360118" lon="8.563262">
        <ele>434</ele>
        <time>2025-05-27T09:43:53Z</time>
        <cmt>speed: 0.2</cmt>
      </trkpt>
      <trkpt lat="47.360076" lon="8.561691">
        <ele>447</ele>
        <time>2025-05-27T09:53:49Z</time>
        <cmt>speed: 1.2</cmt>
      </trkpt>
      <trkpt lat="47.359776" lon="8.562329">
        <ele>470</ele>
        <time>2025-05-27T10:03:44Z</time>
        <cmt>speed: 5.3</cmt>
      </trkpt>
      <trkpt lat="47.359097" lon="8.563644">
        <ele>430</ele>
        <time>2025-05-27T10:13:44Z</time>
        <cmt>speed: 0.3</cmt>
      </trkpt>
      <trkpt lat="47.358537" lon="8.564024">
        <ele>444</ele>
        <time>2025-05-27T10:23:46Z</time>
        <cmt>speed: 0.2</cmt>
      </trkpt>
      <trkpt lat="47.358537" lon="8.564024">
        <ele>444</ele>
        <time>2025-05-27T10:23:51Z</time>
      </trkpt>
      <trkpt lat="47.358584" lon="8.563758">
        <ele>473</ele>
        <time>2025-05-27T10:33:44Z</time>
        <cmt>speed: 0.4</cmt>
      </trkpt>
      <trkpt lat="47.358468" lon="8.564532">
        <ele>483</ele>
        <time>2025-05-27T10:43:44Z</time>
        <cmt>speed: 1.6</cmt>
      </trkpt>
      <trkpt lat="47.358503" lon="8.564584">
        <ele>464</ele>
        <time>2025-05-27T10:53:45Z</time>
        <cmt>speed: 0.1</cmt>
      </trkpt>
      <trkpt lat="47.358631" lon="8.564733">
        <ele>424</ele>
        <time>2025-05-27T11:03:46Z</time>
        <cmt>speed: 1.0</cmt>
      </trkpt>
      <trkpt lat="47.358376" lon="8.564694">
        <ele>451</ele>
        <time>2025-05-27T11:13:46Z</time>
        <cmt>speed: 0.4</cmt>
      </trkpt>
      <trkpt lat="47.358571" lon="8.564804">
        <ele>431</ele>
        <time>2025-05-27T11:23:46Z</time>
        <cmt>speed: 0.5</cmt>
      </trkpt>
      <trkpt lat="47.358113" lon="8.565067">
        <ele>452</ele>
        <time>2025-05-27T11:33:44Z</time>
        <cmt>speed: 0.7</cmt>
      </trkpt>
      <trkpt lat="47.358113" lon="8.565067">
        <ele>452</ele>
        <time>2025-05-27T11:43:44Z</time>
      </trkpt>
      <trkpt lat="47.358213" lon="8.565118">
        <ele>396</ele>
        <time>2025-05-27T11:43:46Z</time>
        <cmt>speed: 0.2</cmt>
      </trkpt>
      <trkpt lat="47.358101" lon="8.565178">
        <ele>424</ele>
        <time>2025-05-27T11:53:48Z</time>
        <cmt>speed: 0.0</cmt>
      </trkpt>
      <trkpt lat="47.358101" lon="8.565178">
        <ele>424</ele>
        <time>2025-05-27T12:03:47Z</time>
      </trkpt>
      <trkpt lat="47.35816" lon="8.565178">
        <ele>413</ele>
        <time>2025-05-27T12:03:49Z</time>
        <cmt>speed: 13.3</cmt>
      </trkpt>
      <trkpt lat="47.358358" lon="8.565401">
        <ele>445</ele>
        <time>2025-05-27T12:13:50Z</time>
        <cmt>speed: 0.1</cmt>
      </trkpt>
      <trkpt lat="47.358358" lon="8.565401">
        <ele>445</ele>
        <time>2025-05-27T12:23:58Z</time>
      </trkpt>
      <trkpt lat="47.358262" lon="8.565237">
        <ele>455</ele>
        <time>2025-05-27T12:24:00Z</time>
        <cmt>speed: 0.4</cmt>
      </trkpt>
      <trkpt lat="47.358259" lon="8.565081">
        <ele>398</ele>
        <time>2025-05-27T12:33:49Z</time>
        <cmt>speed: 0.0</cmt>
      </trkpt>
      <trkpt lat="47.357996" lon="8.565682">
        <ele>430</ele>
        <time>2025-05-27T12:44:11Z</time>
        <cmt>speed: 0.9</cmt>
      </trkpt>
      <trkpt lat="47.358035" lon="8.565797">
        <ele>433</ele>
        <time>2025-05-27T12:53:52Z</time>
        <cmt>speed: 0.7</cmt>
      </trkpt>
      <trkpt lat="47.357759" lon="8.566182">
        <ele>427</ele>
        <time>2025-05-27T13:13:46Z</time>
        <cmt>speed: 0.2</cmt>
      </trkpt>
      <trkpt lat="47.357759" lon="8.566182">
        <ele>427</ele>
        <time>2025-05-27T13:23:42Z</time>
      </trkpt>
      <trkpt lat="47.358125" lon="8.56805">
        <ele>409</ele>
        <time>2025-05-27T13:23:44Z</time>
        <cmt>speed: 0.4</cmt>
      </trkpt>
      <trkpt lat="47.359959" lon="8.563643">
        <ele>434</ele>
        <time>2025-05-27T13:39:56Z</time>
      </trkpt>
      <trkpt lat="47.359959" lon="8.563643">
        <ele>434</ele>
        <time>2025-05-27T13:54:55Z</time>
      </trkpt>
      <trkpt lat="47.35742" lon="8.564188">
        <ele>450</ele>
        <time>2025-05-27T15:08:53Z</time>
        <cmt>speed: 0.6</cmt>
      </trkpt>
      <trkpt lat="47.359974" lon="8.56367">
        <ele>434</ele>
        <time>2025-05-27T15:20:18Z</time>
      </trkpt>
      <trkpt lat="47.359974" lon="8.56367">
        <ele>434</ele>
        <time>2025-05-27T15:32:35Z</time>
      </trkpt>
      <trkpt lat="47.357365" lon="8.565279">
        <ele>401</ele>
        <time>2025-05-27T16:54:55Z</time>
        <cmt>speed: 0.0</cmt>
      </trkpt>
      <trkpt lat="47.357365" lon="8.565279">
        <ele>401</ele>
        <time>2025-05-27T17:34:53Z</time>
      </trkpt>
      <trkpt lat="47.358267" lon="8.5679">
        <ele>490</ele>
        <time>2025-05-27T17:34:57Z</time>
        <cmt>speed: 0.2</cmt>
      </trkpt>
      <trkpt lat="47.356717" lon="8.566299">
        <ele>441</ele>
        <time>2025-05-27T17:44:57Z</time>
        <cmt>speed: 0.2</cmt>
      </trkpt>
      <trkpt lat="47.356717" lon="8.566299">
        <ele>441</ele>
        <time>2025-05-27T17:54:51Z</time>
      </trkpt>
      <trkpt lat="47.356471" lon="8.565594">
        <ele>515</ele>
        <time>2025-05-27T17:54:55Z</time>
        <cmt>speed: 0.8</cmt>
      </trkpt>
      <trkpt lat="47.355052" lon="8.565138">
        <ele>424</ele>
        <time>2025-05-27T19:04:58Z</time>
        <cmt>speed: 0.2</cmt>
      </trkpt>
      <trkpt lat="47.355052" lon="8.565138">
        <ele>424</ele>
        <time>2025-05-27T19:14:53Z</time>
      </trkpt>
      <trkpt lat="47.355093" lon="8.561965">
        <ele>500</ele>
        <time>2025-05-27T19:14:57Z</time>
        <cmt>speed: 1.5</cmt>
      </trkpt>
      <trkpt lat="47.359478" lon="8.56658">
        <ele>454</ele>
        <time>2025-05-27T20:24:59Z</time>
        <cmt>speed: 8.5</cmt>
      </trkpt>
      <trkpt lat="47.359431" lon="8.563801">
        <ele>425</ele>
        <time>2025-05-27T21:35:27Z</time>
        <cmt>speed: 0.2</cmt>
      </trkpt>
      <trkpt lat="47.35973" lon="8.562619">
        <ele>427</ele>
        <time>2025-05-27T22:15:32Z</time>
        <cmt>speed: 0.6</cmt>
      </trkpt>
      <trkpt lat="47.359571" lon="8.560609">
        <ele>491</ele>
        <time>2025-05-27T22:25:00Z</time>
        <cmt>speed: 0.8</cmt>
      </trkpt>
      <trkpt lat="47.360149" lon="8.561386">
        <ele>436</ele>
        <time>2025-05-27T22:34:56Z</time>
        <cmt>speed: 2.3</cmt>
      </trkpt>
      <trkpt lat="47.359505" lon="8.562465">
        <ele>379</ele>
        <time>2025-05-27T22:44:56Z</time>
        <cmt>speed: 4.1</cmt>
      </trkpt>
      <trkpt lat="47.359194" lon="8.563809">
        <ele>449</ele>
        <time>2025-05-27T22:54:55Z</time>
        <cmt>speed: 1.4</cmt>
      </trkpt>
      <trkpt lat="47.359137" lon="8.564113">
        <ele>445</ele>
        <time>2025-05-27T23:04:56Z</time>
        <cmt>speed: 0.8</cmt>
      </trkpt>
      <trkpt lat="47.358698" lon="8.564013">
        <ele>416</ele>
        <time>2025-05-28T00:26:57Z</time>
        <cmt>speed: 0.6</cmt>
      </trkpt>
      <trkpt lat="47.358423" lon="8.564474">
        <ele>404</ele>
        <time>2025-05-28T05:03:24Z</time>
        <cmt>speed: 0.2</cmt>
      </trkpt>
      <trkpt lat="47.358436" lon="8.564872">
        <ele>459</ele>
        <time>2025-05-28T05:13:23Z</time>
        <cmt>speed: 0.3</cmt>
      </trkpt>
      <trkpt lat="47.358641" lon="8.564843">
        <ele>451</ele>
        <time>2025-05-28T05:23:31Z</time>
        <cmt>speed: 0.5</cmt>
      </trkpt>
      <trkpt lat="47.358704" lon="8.564614">
        <ele>429</ele>
        <time>2025-05-28T06:23:48Z</time>
        <cmt>speed: 0.4</cmt>
      </trkpt>
      <trkpt lat="47.358664" lon="8.564879">
        <ele>442</ele>
        <time>2025-05-28T07:27:09Z</time>
        <cmt>speed: 0.1</cmt>
      </trkpt>
      <trkpt lat="47.358491" lon="8.565041">
        <ele>445</ele>
        <time>2025-05-28T07:56:45Z</time>
        <cmt>speed: 0.2</cmt>
      </trkpt>
      <trkpt lat="47.358644" lon="8.564901">
        <ele>454</ele>
        <time>2025-05-28T08:06:56Z</time>
        <cmt>speed: 0.8</cmt>
      </trkpt>
      <trkpt lat="47.358581" lon="8.564982">
        <ele>463</ele>
        <time>2025-05-28T08:16:40Z</time>
        <cmt>speed: 0.3</cmt>
      </trkpt>
      <trkpt lat="47.358581" lon="8.564982">
        <ele>463</ele>
        <time>2025-05-28T08:27:15Z</time>
      </trkpt>
      <trkpt lat="47.358588" lon="8.564631">
        <ele>426</ele>
        <time>2025-05-28T08:27:17Z</time>
        <cmt>speed: 2.1</cmt>
      </trkpt>
      <trkpt lat="47.358688" lon="8.564975">
        <ele>474</ele>
        <time>2025-05-28T08:37:33Z</time>
        <cmt>speed: 0.0</cmt>
      </trkpt>
      <trkpt lat="47.358688" lon="8.564975">
        <ele>474</ele>
        <time>2025-05-28T08:47:30Z</time>
      </trkpt>
      <trkpt lat="47.358618" lon="8.564904">
        <ele>456</ele>
        <time>2025-05-28T08:47:32Z</time>
        <cmt>speed: 0.2</cmt>
      </trkpt>
      <trkpt lat="47.358679" lon="8.564822">
        <ele>424</ele>
        <time>2025-05-28T08:57:51Z</time>
        <cmt>speed: 0.0</cmt>
      </trkpt>
      <trkpt lat="47.358592" lon="8.56511">
        <ele>449</ele>
        <time>2025-05-28T10:45:09Z</time>
        <cmt>speed: 0.3</cmt>
      </trkpt>
      <trkpt lat="47.358758" lon="8.564629">
        <ele>446</ele>
        <time>2025-05-28T10:55:08Z</time>
        <cmt>speed: 0.0</cmt>
      </trkpt>
      <trkpt lat="47.358758" lon="8.564629">
        <ele>446</ele>
        <time>2025-05-28T11:04:25Z</time>
      </trkpt>
      <trkpt lat="47.358795" lon="8.564609">
        <ele>441</ele>
        <time>2025-05-28T11:06:02Z</time>
        <cmt>speed: 0.6</cmt>
      </trkpt>
      <trkpt lat="47.358603" lon="8.56508">
        <ele>456</ele>
        <time>2025-05-28T12:50:09Z</time>
        <cmt>speed: 0.1</cmt>
      </trkpt>
      <trkpt lat="47.358613" lon="8.564827">
        <ele>447</ele>
        <time>2025-05-28T13:33:10Z</time>
        <cmt>speed: 0.4</cmt>
      </trkpt>
      <trkpt lat="47.358682" lon="8.564743">
        <ele>443</ele>
        <time>2025-05-28T13:43:07Z</time>
        <cmt>speed: 0.5</cmt>
      </trkpt>
      <trkpt lat="47.358682" lon="8.564743">
        <ele>443</ele>
        <time>2025-05-28T13:43:45Z</time>
      </trkpt>
      <trkpt lat="47.358689" lon="8.564994">
        <ele>464</ele>
        <time>2025-05-28T14:07:40Z</time>
        <cmt>speed: 1.1</cmt>
      </trkpt>
      <trkpt lat="47.359738" lon="8.564544">
        <ele>451</ele>
        <time>2025-05-28T14:17:13Z</time>
        <cmt>speed: 1.3</cmt>
      </trkpt>
      <trkpt lat="47.359959" lon="8.563643">
        <ele>434</ele>
        <time>2025-05-28T14:20:57Z</time>
      </trkpt>
      <trkpt lat="47.359959" lon="8.563643">
        <ele>434</ele>
        <time>2025-05-28T14:21:12Z</time>
      </trkpt>
      <trkpt lat="47.359959" lon="8.563643">
        <ele>434</ele>
        <time>2025-05-28T14:31:13Z</time>
      </trkpt>
      <trkpt lat="47.359959" lon="8.563643">
        <ele>434</ele>
        <time>2025-05-28T14:41:13Z</time>
      </trkpt>
      <trkpt lat="47.359959" lon="8.563643">
        <ele>434</ele>
        <time>2025-05-28T14:51:13Z</time>
      </trkpt>
      <trkpt lat="47.359959" lon="8.563643">
        <ele>434</ele>
        <time>2025-05-28T15:01:13Z</time>
      </trkpt>
      <trkpt lat="47.359959" lon="8.563643">
        <ele>434</ele>
        <time>2025-05-28T15:11:13Z</time>
      </trkpt>
      <trkpt lat="47.359959" lon="8.563643">
        <ele>434</ele>
        <time>2025-05-28T15:21:13Z</time>
      </trkpt>
      <trkpt lat="47.359959" lon="8.563643">
        <ele>434</ele>
        <time>2025-05-28T15:31:13Z</time>
      </trkpt>
      <trkpt lat="47.359959" lon="8.563643">
        <ele>434</ele>
        <time>2025-05-28T15:41:13Z</time>
      </trkpt>
      <trkpt lat="47.359959" lon="8.563643">
        <ele>434</ele>
        <time>2025-05-28T15:51:13Z</time>
      </trkpt>
      <trkpt lat="47.359959" lon="8.563643">
        <ele>434</ele>
        <time>2025-05-28T15:56:32Z</time>
      </trkpt>
      <trkpt lat="47.359959" lon="8.563643">
        <ele>434</ele>
        <time>2025-05-28T16:11:30Z</time>
      </trkpt>
      <trkpt lat="47.359959" lon="8.563643">
        <ele>434</ele>
        <time>2025-05-29T04:11:30Z</time>
      </trkpt>
      <trkpt lat="47.359959" lon="8.563643">
        <ele>434</ele>
        <time>2025-05-29T07:57:41Z</time>
      </trkpt>
      <trkpt lat="47.36002" lon="8.562996">
        <ele>436</ele>
        <time>2025-05-29T07:58:16Z</time>
        <cmt>speed: 0.5</cmt>
      </trkpt>
      <trkpt lat="47.359862" lon="8.561455">
        <ele>419</ele>
        <time>2025-05-29T08:07:52Z</time>
        <cmt>speed: 0.4</cmt>
      </trkpt>
      <trkpt lat="47.359175" lon="8.561315">
        <ele>435</ele>
        <time>2025-05-29T08:17:51Z</time>
        <cmt>speed: 1.0</cmt>
      </trkpt>
      <trkpt lat="47.358368" lon="8.561118">
        <ele>416</ele>
        <time>2025-05-29T08:27:49Z</time>
        <cmt>speed: 1.2</cmt>
      </trkpt>
      <trkpt lat="47.357924" lon="8.562617">
        <ele>453</ele>
        <time>2025-05-29T08:52:47Z</time>
        <cmt>speed: 0.1</cmt>
      </trkpt>
      <trkpt lat="47.357924" lon="8.562617">
        <ele>453</ele>
        <time>2025-05-29T08:57:45Z</time>
      </trkpt>
      <trkpt lat="47.358052" lon="8.562641">
        <ele>438</ele>
        <time>2025-05-29T09:02:25Z</time>
        <cmt>speed: 0.0</cmt>
      </trkpt>
      <trkpt lat="47.358022" lon="8.562967">
        <ele>447</ele>
        <time>2025-05-29T09:12:32Z</time>
        <cmt>speed: 0.1</cmt>
      </trkpt>
      <trkpt lat="47.358022" lon="8.562967">
        <ele>447</ele>
        <time>2025-05-29T09:22:42Z</time>
      </trkpt>
      <trkpt lat="47.357977" lon="8.563295">
        <ele>442</ele>
        <time>2025-05-29T09:22:48Z</time>
        <cmt>speed: 1.0</cmt>
      </trkpt>
      <trkpt lat="47.358141" lon="8.56313">
        <ele>475</ele>
        <time>2025-05-29T09:32:20Z</time>
        <cmt>speed: 0.1</cmt>
      </trkpt>
      <trkpt lat="47.357946" lon="8.563092">
        <ele>441</ele>
        <time>2025-05-29T09:42:18Z</time>
        <cmt>speed: 0.7</cmt>
      </trkpt>
      <trkpt lat="47.358807" lon="8.560987">
        <ele>484</ele>
        <time>2025-05-29T09:52:17Z</time>
        <cmt>speed: 0.1</cmt>
      </trkpt>
      <trkpt lat="47.359459" lon="8.5615">
        <ele>452</ele>
        <time>2025-05-29T10:02:18Z</time>
        <cmt>speed: 1.2</cmt>
      </trkpt>
      <trkpt lat="47.359342" lon="8.562625">
        <ele>459</ele>
        <time>2025-05-29T10:12:20Z</time>
        <cmt>speed: 0.7</cmt>
      </trkpt>
      <trkpt lat="47.358846" lon="8.564036">
        <ele>477</ele>
        <time>2025-05-29T10:22:23Z</time>
        <cmt>speed: 0.4</cmt>
      </trkpt>
      <trkpt lat="47.358846" lon="8.564036">
        <ele>477</ele>
        <time>2025-05-29T10:42:32Z</time>
      </trkpt>
      <trkpt lat="47.358841" lon="8.564183">
        <ele>433</ele>
        <time>2025-05-29T10:42:38Z</time>
        <cmt>speed: 0.3</cmt>
      </trkpt>
      <trkpt lat="47.358807" lon="8.563991">
        <ele>451</ele>
        <time>2025-05-29T10:52:28Z</time>
        <cmt>speed: 0.1</cmt>
      </trkpt>
      <trkpt lat="47.358807" lon="8.563991">
        <ele>451</ele>
        <time>2025-05-29T10:57:45Z</time>
      </trkpt>
      <trkpt lat="47.358806" lon="8.564144">
        <ele>474</ele>
        <time>2025-05-29T11:32:19Z</time>
        <cmt>speed: 0.7</cmt>
      </trkpt>
      <trkpt lat="47.358806" lon="8.564144">
        <ele>474</ele>
        <time>2025-05-29T11:42:21Z</time>
      </trkpt>
      <trkpt lat="47.358568" lon="8.564467">
        <ele>459</ele>
        <time>2025-05-29T11:42:27Z</time>
        <cmt>speed: 0.0</cmt>
      </trkpt>
      <trkpt lat="47.359446" lon="8.565092">
        <ele>404</ele>
        <time>2025-05-29T11:52:19Z</time>
        <cmt>speed: 0.4</cmt>
      </trkpt>
      <trkpt lat="47.359974" lon="8.56367">
        <ele>434</ele>
        <time>2025-05-29T11:59:25Z</time>
      </trkpt>
      <trkpt lat="47.359974" lon="8.56367">
        <ele>434</ele>
        <time>2025-05-29T12:10:17Z</time>
      </trkpt>
      <trkpt lat="47.359869" lon="8.563551">
        <ele>445</ele>
        <time>2025-05-29T12:10:28Z</time>
        <cmt>speed: 0.1</cmt>
      </trkpt>
      <trkpt lat="47.359772" lon="8.563581">
        <ele>466</ele>
        <time>2025-05-29T12:20:36Z</time>
        <cmt>speed: 1.3</cmt>
      </trkpt>
      <trkpt lat="47.359728" lon="8.563864">
        <ele>428</ele>
        <time>2025-05-29T12:30:27Z</time>
        <cmt>speed: 0.2</cmt>
      </trkpt>
      <trkpt lat="47.358979" lon="8.563746">
        <ele>467</ele>
        <time>2025-05-29T12:40:27Z</time>
        <cmt>speed: 1.5</cmt>
      </trkpt>
      <trkpt lat="47.358979" lon="8.563746">
        <ele>467</ele>
        <time>2025-05-29T12:50:21Z</time>
      </trkpt>
      <trkpt lat="47.358259" lon="8.564874">
        <ele>455</ele>
        <time>2025-05-29T12:50:25Z</time>
        <cmt>speed: 0.0</cmt>
      </trkpt>
      <trkpt lat="47.358555" lon="8.564933">
        <ele>439</ele>
        <time>2025-05-29T13:00:26Z</time>
        <cmt>speed: 0.2</cmt>
      </trkpt>
      <trkpt lat="47.358626" lon="8.564858">
        <ele>455</ele>
        <time>2025-05-29T13:10:26Z</time>
        <cmt>speed: 0.5</cmt>
      </trkpt>
      <trkpt lat="47.358501" lon="8.564835">
        <ele>457</ele>
        <time>2025-05-29T13:20:26Z</time>
        <cmt>speed: 1.0</cmt>
      </trkpt>
      <trkpt lat="47.358603" lon="8.564621">
        <ele>427</ele>
        <time>2025-05-29T13:30:26Z</time>
        <cmt>speed: 0.3</cmt>
      </trkpt>
      <trkpt lat="47.358597" lon="8.56467">
        <ele>439</ele>
        <time>2025-05-29T13:40:26Z</time>
        <cmt>speed: 0.2</cmt>
      </trkpt>
      <trkpt lat="47.358597" lon="8.56467">
        <ele>439</ele>
        <time>2025-05-29T13:50:22Z</time>
      </trkpt>
      <trkpt lat="47.358595" lon="8.564462">
        <ele>450</ele>
        <time>2025-05-29T13:50:29Z</time>
        <cmt>speed: 0.6</cmt>
      </trkpt>
      <trkpt lat="47.358605" lon="8.564538">
        <ele>437</ele>
        <time>2025-05-29T14:00:27Z</time>
        <cmt>speed: 0.0</cmt>
      </trkpt>
      <trkpt lat="47.3586" lon="8.564865">
        <ele>457</ele>
        <time>2025-05-29T14:10:46Z</time>
        <cmt>speed: 0.2</cmt>
      </trkpt>
      <trkpt lat="47.358653" lon="8.565015">
        <ele>454</ele>
        <time>2025-05-29T14:20:48Z</time>
        <cmt>speed: 0.3</cmt>
      </trkpt>
      <trkpt lat="47.358853" lon="8.565481">
        <ele>430</ele>
        <time>2025-05-29T14:30:25Z</time>
        <cmt>speed: 0.3</cmt>
      </trkpt>
      <trkpt lat="47.358617" lon="8.565321">
        <ele>403</ele>
        <time>2025-05-29T14:40:26Z</time>
        <cmt>speed: 0.5</cmt>
      </trkpt>
      <trkpt lat="47.359906" lon="8.563747">
        <ele>423</ele>
        <time>2025-05-29T14:50:29Z</time>
        <cmt>speed: 2.2</cmt>
      </trkpt>
      <trkpt lat="47.359959" lon="8.563643">
        <ele>434</ele>
        <time>2025-05-29T14:51:45Z</time>
      </trkpt>
      <trkpt lat="47.359959" lon="8.563643">
        <ele>434</ele>
        <time>2025-05-29T15:06:45Z</time>
      </trkpt>
      <trkpt lat="47.359959" lon="8.563643">
        <ele>434</ele>
        <time>2025-05-29T17:23:17Z</time>
      </trkpt>
      <trkpt lat="47.359746" lon="8.563506">
        <ele>454</ele>
        <time>2025-05-29T17:33:28Z</time>
        <cmt>speed: 0.1</cmt>
      </trkpt>
      <trkpt lat="47.359733" lon="8.563497">
        <ele>416</ele>
        <time>2025-05-29T17:43:27Z</time>
        <cmt>speed: 0.4</cmt>
      </trkpt>
      <trkpt lat="47.359974" lon="8.56367">
        <ele>434</ele>
        <time>2025-05-29T17:45:48Z</time>
      </trkpt>
      <trkpt lat="47.359974" lon="8.56367">
        <ele>434</ele>
        <time>2025-05-29T18:00:48Z</time>
      </trkpt>
      <trkpt lat="47.359638" lon="8.562157">
        <ele>417</ele>
        <time>2025-05-29T18:13:28Z</time>
        <cmt>speed: 0.6</cmt>
      </trkpt>
      <trkpt lat="47.358863" lon="8.562158">
        <ele>417</ele>
        <time>2025-05-29T18:23:30Z</time>
        <cmt>speed: 0.1</cmt>
      </trkpt>
      <trkpt lat="47.360595" lon="8.563489">
        <ele>396</ele>
        <time>2025-05-29T18:33:31Z</time>
        <cmt>speed: 0.0</cmt>
      </trkpt>
      <trkpt lat="47.358673" lon="8.562313">
        <ele>441</ele>
        <time>2025-05-29T18:43:28Z</time>
        <cmt>speed: 0.5</cmt>
      </trkpt>
      <trkpt lat="47.358463" lon="8.563262">
        <ele>483</ele>
        <time>2025-05-29T18:53:26Z</time>
        <cmt>speed: 2.0</cmt>
      </trkpt>
      <trkpt lat="47.358463" lon="8.563262">
        <ele>483</ele>
        <time>2025-05-29T19:03:22Z</time>
      </trkpt>
      <trkpt lat="47.358311" lon="8.563065">
        <ele>433</ele>
        <time>2025-05-29T19:03:29Z</time>
        <cmt>speed: 0.4</cmt>
      </trkpt>
      <trkpt lat="47.358554" lon="8.563143">
        <ele>459</ele>
        <time>2025-05-29T19:13:27Z</time>
        <cmt>speed: 0.0</cmt>
      </trkpt>
      <trkpt lat="47.358554" lon="8.563143">
        <ele>459</ele>
        <time>2025-05-29T19:23:22Z</time>
      </trkpt>
      <trkpt lat="47.358479" lon="8.563066">
        <ele>476</ele>
        <time>2025-05-29T19:23:26Z</time>
        <cmt>speed: 0.2</cmt>
      </trkpt>
      <trkpt lat="47.358487" lon="8.562902">
        <ele>446</ele>
        <time>2025-05-29T19:33:27Z</time>
        <cmt>speed: 3.3</cmt>
      </trkpt>
      <trkpt lat="47.358487" lon="8.562902">
        <ele>446</ele>
        <time>2025-05-29T19:43:22Z</time>
      </trkpt>
      <trkpt lat="47.358738" lon="8.563043">
        <ele>449</ele>
        <time>2025-05-29T19:43:28Z</time>
        <cmt>speed: 0.1</cmt>
      </trkpt>
      <trkpt lat="47.358805" lon="8.564046">
        <ele>436</ele>
        <time>2025-05-29T19:53:28Z</time>
        <cmt>speed: 3.3</cmt>
      </trkpt>
      <trkpt lat="47.35868" lon="8.565011">
        <ele>459</ele>
        <time>2025-05-29T20:03:28Z</time>
        <cmt>speed: 1.1</cmt>
      </trkpt>
      <trkpt lat="47.359037" lon="8.563709">
        <ele>443</ele>
        <time>2025-05-29T20:13:28Z</time>
        <cmt>speed: 1.6</cmt>
      </trkpt>
      <trkpt lat="47.359675" lon="8.564011">
        <ele>411</ele>
        <time>2025-05-29T20:23:37Z</time>
        <cmt>speed: 0.2</cmt>
      </trkpt>
      <trkpt lat="47.359687" lon="8.563863">
        <ele>384</ele>
        <time>2025-05-29T20:33:56Z</time>
        <cmt>speed: 0.0</cmt>
      </trkpt>
      <trkpt lat="47.359687" lon="8.563863">
        <ele>384</ele>
        <time>2025-05-29T20:43:47Z</time>
      </trkpt>
      <trkpt lat="47.359569" lon="8.564085">
        <ele>435</ele>
        <time>2025-05-29T20:43:54Z</time>
        <cmt>speed: 0.5</cmt>
      </trkpt>
      <trkpt lat="47.359569" lon="8.564085">
        <ele>435</ele>
        <time>2025-05-29T21:03:28Z</time>
      </trkpt>
      <trkpt lat="47.359526" lon="8.563944">
        <ele>437</ele>
        <time>2025-05-29T21:03:35Z</time>
        <cmt>speed: 0.3</cmt>
      </trkpt>
      <trkpt lat="47.359416" lon="8.563849">
        <ele>405</ele>
        <time>2025-05-29T21:13:30Z</time>
        <cmt>speed: 0.1</cmt>
      </trkpt>
      <trkpt lat="47.359416" lon="8.563849">
        <ele>405</ele>
        <time>2025-05-29T21:23:54Z</time>
      </trkpt>
      <trkpt lat="47.359516" lon="8.563457">
        <ele>396</ele>
        <time>2025-05-29T21:24:02Z</time>
        <cmt>speed: 0.1</cmt>
      </trkpt>
      <trkpt lat="47.359472" lon="8.56374">
        <ele>449</ele>
        <time>2025-05-29T21:33:47Z</time>
        <cmt>speed: 0.3</cmt>
      </trkpt>
      <trkpt lat="47.359373" lon="8.563817">
        <ele>478</ele>
        <time>2025-05-29T21:43:34Z</time>
        <cmt>speed: 0.0</cmt>
      </trkpt>
      <trkpt lat="47.359385" lon="8.563293">
        <ele>444</ele>
        <time>2025-05-29T21:53:29Z</time>
        <cmt>speed: 0.1</cmt>
      </trkpt>
      <trkpt lat="47.359942" lon="8.561894">
        <ele>412</ele>
        <time>2025-05-29T22:03:28Z</time>
        <cmt>speed: 0.6</cmt>
      </trkpt>
      <trkpt lat="47.358869" lon="8.561773">
        <ele>421</ele>
        <time>2025-05-29T22:13:29Z</time>
        <cmt>speed: 3.3</cmt>
      </trkpt>
      <trkpt lat="47.35956" lon="8.561936">
        <ele>456</ele>
        <time>2025-05-29T22:23:29Z</time>
        <cmt>speed: 0.5</cmt>
      </trkpt>
      <trkpt lat="47.358911" lon="8.564308">
        <ele>429</ele>
        <time>2025-05-29T22:33:27Z</time>
        <cmt>speed: 0.6</cmt>
      </trkpt>
      <trkpt lat="47.358911" lon="8.564308">
        <ele>429</ele>
        <time>2025-05-29T22:43:35Z</time>
      </trkpt>
      <trkpt lat="47.358941" lon="8.564344">
        <ele>459</ele>
        <time>2025-05-29T22:43:43Z</time>
        <cmt>speed: 0.1</cmt>
      </trkpt>
      <trkpt lat="47.358952" lon="8.564417">
        <ele>457</ele>
        <time>2025-05-30T03:46:53Z</time>
        <cmt>speed: 0.0</cmt>
      </trkpt>
      <trkpt lat="47.358952" lon="8.564417">
        <ele>457</ele>
        <time>2025-05-30T03:46:59Z</time>
      </trkpt>
      <trkpt lat="47.358948" lon="8.564564">
        <ele>457</ele>
        <time>2025-05-30T03:56:49Z</time>
        <cmt>speed: 0.0</cmt>
      </trkpt>
      <trkpt lat="47.358936" lon="8.563994">
        <ele>445</ele>
        <time>2025-05-30T04:55:09Z</time>
        <cmt>speed: 0.3</cmt>
      </trkpt>
      <trkpt lat="47.359946" lon="8.561815">
        <ele>431</ele>
        <time>2025-05-30T05:05:04Z</time>
        <cmt>speed: 0.9</cmt>
      </trkpt>
      <trkpt lat="47.359959" lon="8.563643">
        <ele>434</ele>
        <time>2025-05-30T05:14:56Z</time>
      </trkpt>
      <trkpt lat="47.359959" lon="8.563643">
        <ele>434</ele>
        <time>2025-05-30T05:29:56Z</time>
      </trkpt>
      <trkpt lat="47.359959" lon="8.563643">
        <ele>434</ele>
        <time>2025-05-30T08:35:18Z</time>
      </trkpt>
      <trkpt lat="47.359974" lon="8.56367">
        <ele>434</ele>
        <time>2025-05-30T10:28:04Z</time>
      </trkpt>
      <trkpt lat="47.359974" lon="8.56367">
        <ele>434</ele>
        <time>2025-05-30T10:33:59Z</time>
      </trkpt>
      <trkpt lat="47.359866" lon="8.563965">
        <ele>440</ele>
        <time>2025-05-30T10:39:07Z</time>
        <cmt>speed: 1.4</cmt>
      </trkpt>
      <trkpt lat="47.359959" lon="8.563643">
        <ele>434</ele>
        <time>2025-05-30T10:43:53Z</time>
      </trkpt>
      <trkpt lat="47.360384" lon="8.562756">
        <ele>447</ele>
        <time>2025-05-30T10:49:06Z</time>
        <cmt>speed: 0.5</cmt>
      </trkpt>
      <trkpt lat="47.359865" lon="8.561698">
        <ele>429</ele>
        <time>2025-05-30T10:59:12Z</time>
        <cmt>speed: 0.3</cmt>
      </trkpt>
      <trkpt lat="47.359959" lon="8.563643">
        <ele>434</ele>
        <time>2025-05-30T11:07:43Z</time>
      </trkpt>
      <trkpt lat="47.359959" lon="8.563643">
        <ele>434</ele>
        <time>2025-05-30T11:22:43Z</time>
      </trkpt>
      <trkpt lat="47.359974" lon="8.56367">
        <ele>434</ele>
        <time>2025-05-30T11:49:18Z</time>
      </trkpt>
      <trkpt lat="47.36006" lon="8.564222">
        <ele>448</ele>
        <time>2025-05-30T11:49:53Z</time>
        <cmt>speed: 0.3</cmt>
      </trkpt>
      <trkpt lat="47.359292" lon="8.564596">
        <ele>444</ele>
        <time>2025-05-30T11:59:31Z</time>
        <cmt>speed: 0.2</cmt>
      </trkpt>
      <trkpt lat="47.359154" lon="8.564617">
        <ele>448</ele>
        <time>2025-05-30T12:09:33Z</time>
        <cmt>speed: 0.6</cmt>
      </trkpt>
      <trkpt lat="47.359069" lon="8.56458">
        <ele>452</ele>
        <time>2025-05-30T12:19:34Z</time>
        <cmt>speed: 0.1</cmt>
      </trkpt>
      <trkpt lat="47.359069" lon="8.56458">
        <ele>452</ele>
        <time>2025-05-30T12:29:24Z</time>
      </trkpt>
      <trkpt lat="47.359259" lon="8.564466">
        <ele>444</ele>
        <time>2025-05-30T12:29:34Z</time>
        <cmt>speed: 0.2</cmt>
      </trkpt>
      <trkpt lat="47.358789" lon="8.563774">
        <ele>455</ele>
        <time>2025-05-30T12:39:36Z</time>
        <cmt>speed: 0.1</cmt>
      </trkpt>
      <trkpt lat="47.358514" lon="8.563761">
        <ele>446</ele>
        <time>2025-05-30T12:49:31Z</time>
        <cmt>speed: 0.2</cmt>
      </trkpt>
      <trkpt lat="47.358514" lon="8.563761">
        <ele>446</ele>
        <time>2025-05-30T13:09:23Z</time>
      </trkpt>
      <trkpt lat="47.358639" lon="8.563686">
        <ele>456</ele>
        <time>2025-05-30T13:09:31Z</time>
        <cmt>speed: 0.0</cmt>
      </trkpt>
      <trkpt lat="47.358639" lon="8.563686">
        <ele>456</ele>
        <time>2025-05-30T13:29:50Z</time>
      </trkpt>
      <trkpt lat="47.358475" lon="8.563918">
        <ele>429</ele>
        <time>2025-05-30T13:30:00Z</time>
        <cmt>speed: 0.1</cmt>
      </trkpt>
      <trkpt lat="47.358493" lon="8.563664">
        <ele>431</ele>
        <time>2025-05-30T13:39:48Z</time>
        <cmt>speed: 1.2</cmt>
      </trkpt>
      <trkpt lat="47.358639" lon="8.563562">
        <ele>456</ele>
        <time>2025-05-30T13:59:34Z</time>
        <cmt>speed: 0.1</cmt>
      </trkpt>
      <trkpt lat="47.358505" lon="8.563584">
        <ele>451</ele>
        <time>2025-05-30T14:19:31Z</time>
        <cmt>speed: 0.2</cmt>
      </trkpt>
      <trkpt lat="47.358565" lon="8.563623">
        <ele>457</ele>
        <time>2025-05-30T14:29:51Z</time>
        <cmt>speed: 0.9</cmt>
      </trkpt>
      <trkpt lat="47.358565" lon="8.563623">
        <ele>457</ele>
        <time>2025-05-30T14:29:51Z</time>
      </trkpt>
      <trkpt lat="47.358422" lon="8.563618">
        <ele>478</ele>
        <time>2025-05-30T14:49:33Z</time>
        <cmt>speed: 0.4</cmt>
      </trkpt>
      <trkpt lat="47.358422" lon="8.563618">
        <ele>478</ele>
        <time>2025-05-30T14:49:34Z</time>
      </trkpt>
      <trkpt lat="47.358596" lon="8.563679">
        <ele>458</ele>
        <time>2025-05-30T14:59:31Z</time>
        <cmt>speed: 0.1</cmt>
      </trkpt>
      <trkpt lat="47.358331" lon="8.564378">
        <ele>440</ele>
        <time>2025-05-30T15:09:30Z</time>
        <cmt>speed: 0.9</cmt>
      </trkpt>
      <trkpt lat="47.358331" lon="8.564378">
        <ele>440</ele>
        <time>2025-05-30T15:09:34Z</time>
      </trkpt>
      <trkpt lat="47.358254" lon="8.564602">
        <ele>457</ele>
        <time>2025-05-30T15:19:32Z</time>
        <cmt>speed: 0.1</cmt>
      </trkpt>
      <trkpt lat="47.35802" lon="8.564837">
        <ele>455</ele>
        <time>2025-05-30T15:29:35Z</time>
        <cmt>speed: 0.9</cmt>
      </trkpt>
      <trkpt lat="47.357818" lon="8.564291">
        <ele>443</ele>
        <time>2025-05-30T15:39:32Z</time>
        <cmt>speed: 0.7</cmt>
      </trkpt>
      <trkpt lat="47.357755" lon="8.564286">
        <ele>446</ele>
        <time>2025-05-30T15:49:55Z</time>
        <cmt>speed: 0.1</cmt>
      </trkpt>
      <trkpt lat="47.357741" lon="8.564173">
        <ele>472</ele>
        <time>2025-05-30T15:59:33Z</time>
        <cmt>speed: 1.0</cmt>
      </trkpt>
      <trkpt lat="47.357601" lon="8.564265">
        <ele>468</ele>
        <time>2025-05-30T16:09:31Z</time>
        <cmt>speed: 0.9</cmt>
      </trkpt>
      <trkpt lat="47.357601" lon="8.564265">
        <ele>468</ele>
        <time>2025-05-30T16:09:34Z</time>
      </trkpt>
      <trkpt lat="47.357728" lon="8.564187">
        <ele>463</ele>
        <time>2025-05-30T16:19:31Z</time>
        <cmt>speed: 0.0</cmt>
      </trkpt>
      <trkpt lat="47.357966" lon="8.564581">
        <ele>455</ele>
        <time>2025-05-30T16:29:31Z</time>
        <cmt>speed: 0.1</cmt>
      </trkpt>
      <trkpt lat="47.358144" lon="8.564669">
        <ele>411</ele>
        <time>2025-05-30T16:39:32Z</time>
        <cmt>speed: 0.6</cmt>
      </trkpt>
      <trkpt lat="47.358136" lon="8.564293">
        <ele>441</ele>
        <time>2025-05-30T16:49:37Z</time>
        <cmt>speed: 0.2</cmt>
      </trkpt>
      <trkpt lat="47.358136" lon="8.564293">
        <ele>441</ele>
        <time>2025-05-30T16:49:37Z</time>
      </trkpt>
      <trkpt lat="47.358203" lon="8.564386">
        <ele>458</ele>
        <time>2025-05-30T17:00:22Z</time>
        <cmt>speed: 0.6</cmt>
      </trkpt>
      <trkpt lat="47.358234" lon="8.564168">
        <ele>453</ele>
        <time>2025-05-30T17:10:50Z</time>
        <cmt>speed: 0.3</cmt>
      </trkpt>
      <trkpt lat="47.358335" lon="8.564795">
        <ele>464</ele>
        <time>2025-05-30T17:20:52Z</time>
        <cmt>speed: 1.1</cmt>
      </trkpt>
      <trkpt lat="47.358397" lon="8.564864">
        <ele>447</ele>
        <time>2025-05-30T17:30:52Z</time>
        <cmt>speed: 0.1</cmt>
      </trkpt>
      <trkpt lat="47.358397" lon="8.564864">
        <ele>447</ele>
        <time>2025-05-30T17:30:52Z</time>
      </trkpt>
      <trkpt lat="47.357993" lon="8.564059">
        <ele>465</ele>
        <time>2025-05-30T17:40:51Z</time>
        <cmt>speed: 0.0</cmt>
      </trkpt>
      <trkpt lat="47.358293" lon="8.564606">
        <ele>465</ele>
        <time>2025-05-30T17:50:52Z</time>
        <cmt>speed: 0.5</cmt>
      </trkpt>
      <trkpt lat="47.35836" lon="8.564801">
        <ele>462</ele>
        <time>2025-05-30T18:00:52Z</time>
        <cmt>speed: 0.0</cmt>
      </trkpt>
      <trkpt lat="47.357704" lon="8.563889">
        <ele>477</ele>
        <time>2025-05-30T18:10:51Z</time>
        <cmt>speed: 2.1</cmt>
      </trkpt>
      <trkpt lat="47.357704" lon="8.563889">
        <ele>477</ele>
        <time>2025-05-30T18:10:52Z</time>
      </trkpt>
      <trkpt lat="47.357635" lon="8.563768">
        <ele>432</ele>
        <time>2025-05-30T18:20:52Z</time>
        <cmt>speed: 0.1</cmt>
      </trkpt>
      <trkpt lat="47.35772" lon="8.563737">
        <ele>459</ele>
        <time>2025-05-30T18:30:51Z</time>
        <cmt>speed: 0.0</cmt>
      </trkpt>
      <trkpt lat="47.357538" lon="8.563907">
        <ele>455</ele>
        <time>2025-05-30T18:40:53Z</time>
        <cmt>speed: 1.1</cmt>
      </trkpt>
      <trkpt lat="47.357598" lon="8.564137">
        <ele>436</ele>
        <time>2025-05-30T18:51:08Z</time>
        <cmt>speed: 0.0</cmt>
      </trkpt>
      <trkpt lat="47.357598" lon="8.564137">
        <ele>436</ele>
        <time>2025-05-30T18:51:08Z</time>
      </trkpt>
      <trkpt lat="47.357639" lon="8.564045">
        <ele>480</ele>
        <time>2025-05-30T19:00:51Z</time>
        <cmt>speed: 0.7</cmt>
      </trkpt>
      <trkpt lat="47.357528" lon="8.563866">
        <ele>448</ele>
        <time>2025-05-30T19:10:51Z</time>
        <cmt>speed: 0.1</cmt>
      </trkpt>
      <trkpt lat="47.357528" lon="8.563866">
        <ele>448</ele>
        <time>2025-05-30T19:10:51Z</time>
      </trkpt>
      <trkpt lat="47.357404" lon="8.563866">
        <ele>440</ele>
        <time>2025-05-30T19:20:54Z</time>
        <cmt>speed: 0.3</cmt>
      </trkpt>
      <trkpt lat="47.357655" lon="8.563637">
        <ele>450</ele>
        <time>2025-05-30T19:30:52Z</time>
        <cmt>speed: 1.9</cmt>
      </trkpt>
      <trkpt lat="47.357655" lon="8.563637">
        <ele>450</ele>
        <time>2025-05-30T19:30:52Z</time>
      </trkpt>
      <trkpt lat="47.357157" lon="8.563875">
        <ele>452</ele>
        <time>2025-05-30T19:40:51Z</time>
        <cmt>speed: 0.2</cmt>
      </trkpt>
      <trkpt lat="47.357078" lon="8.564003">
        <ele>452</ele>
        <time>2025-05-30T19:50:52Z</time>
        <cmt>speed: 0.2</cmt>
      </trkpt>
      <trkpt lat="47.357497" lon="8.563724">
        <ele>493</ele>
        <time>2025-05-30T20:00:54Z</time>
        <cmt>speed: 0.6</cmt>
      </trkpt>
      <trkpt lat="47.357327" lon="8.563935">
        <ele>454</ele>
        <time>2025-05-30T20:10:51Z</time>
        <cmt>speed: 1.1</cmt>
      </trkpt>
      <trkpt lat="47.357327" lon="8.563935">
        <ele>454</ele>
        <time>2025-05-30T20:10:51Z</time>
      </trkpt>
      <trkpt lat="47.357351" lon="8.563762">
        <ele>421</ele>
        <time>2025-05-30T20:20:51Z</time>
        <cmt>speed: 1.4</cmt>
      </trkpt>
      <trkpt lat="47.357374" lon="8.563791">
        <ele>431</ele>
        <time>2025-05-30T20:30:52Z</time>
        <cmt>speed: 0.2</cmt>
      </trkpt>
      <trkpt lat="47.357374" lon="8.563791">
        <ele>431</ele>
        <time>2025-05-30T20:30:52Z</time>
      </trkpt>
      <trkpt lat="47.357568" lon="8.563813">
        <ele>423</ele>
        <time>2025-05-30T20:40:52Z</time>
        <cmt>speed: 0.3</cmt>
      </trkpt>
      <trkpt lat="47.357568" lon="8.563813">
        <ele>423</ele>
        <time>2025-05-30T20:50:52Z</time>
      </trkpt>
      <trkpt lat="47.357322" lon="8.563951">
        <ele>443</ele>
        <time>2025-05-30T20:50:53Z</time>
        <cmt>speed: 0.3</cmt>
      </trkpt>
      <trkpt lat="47.357346" lon="8.563872">
        <ele>447</ele>
        <time>2025-05-30T21:00:51Z</time>
        <cmt>speed: 0.0</cmt>
      </trkpt>
      <trkpt lat="47.357377" lon="8.563902">
        <ele>426</ele>
        <time>2025-05-30T21:10:53Z</time>
        <cmt>speed: 0.0</cmt>
      </trkpt>
      <trkpt lat="47.357377" lon="8.563902">
        <ele>426</ele>
        <time>2025-05-30T21:10:53Z</time>
      </trkpt>
      <trkpt lat="47.357331" lon="8.563958">
        <ele>444</ele>
        <time>2025-05-30T21:20:52Z</time>
        <cmt>speed: 0.1</cmt>
      </trkpt>
      <trkpt lat="47.357331" lon="8.563958">
        <ele>444</ele>
        <time>2025-05-30T21:30:52Z</time>
      </trkpt>
      <trkpt lat="47.357112" lon="8.564061">
        <ele>482</ele>
        <time>2025-05-30T21:30:53Z</time>
        <cmt>speed: 2.2</cmt>
      </trkpt>
      <trkpt lat="47.357332" lon="8.563929">
        <ele>449</ele>
        <time>2025-05-30T21:40:53Z</time>
        <cmt>speed: 0.1</cmt>
      </trkpt>
      <trkpt lat="47.357321" lon="8.563916">
        <ele>441</ele>
        <time>2025-05-30T21:50:55Z</time>
        <cmt>speed: 0.0</cmt>
      </trkpt>
      <trkpt lat="47.357321" lon="8.563916">
        <ele>441</ele>
        <time>2025-05-30T21:50:55Z</time>
      </trkpt>
      <trkpt lat="47.357345" lon="8.564061">
        <ele>462</ele>
        <time>2025-05-30T22:00:52Z</time>
        <cmt>speed: 0.1</cmt>
      </trkpt>
      <trkpt lat="47.357345" lon="8.564061">
        <ele>462</ele>
        <time>2025-05-30T22:10:53Z</time>
      </trkpt>
      <trkpt lat="47.35739" lon="8.563894">
        <ele>431</ele>
        <time>2025-05-30T22:10:54Z</time>
        <cmt>speed: 0.1</cmt>
      </trkpt>
      <trkpt lat="47.357372" lon="8.56383">
        <ele>446</ele>
        <time>2025-05-30T22:20:51Z</time>
        <cmt>speed: 0.2</cmt>
      </trkpt>
      <trkpt lat="47.357372" lon="8.56383">
        <ele>446</ele>
        <time>2025-05-30T22:30:53Z</time>
      </trkpt>
      <trkpt lat="47.357315" lon="8.563873">
        <ele>453</ele>
        <time>2025-05-30T22:30:54Z</time>
        <cmt>speed: 0.1</cmt>
      </trkpt>
      <trkpt lat="47.357269" lon="8.563977">
        <ele>459</ele>
        <time>2025-05-30T22:40:52Z</time>
        <cmt>speed: 1.0</cmt>
      </trkpt>
      <trkpt lat="47.357269" lon="8.563977">
        <ele>459</ele>
        <time>2025-05-30T22:49:34Z</time>
      </trkpt>
      <trkpt lat="47.357153" lon="8.563654">
        <ele>426</ele>
        <time>2025-05-30T22:56:05Z</time>
        <cmt>speed: 0.0</cmt>
      </trkpt>
      <trkpt lat="47.35725" lon="8.563909">
        <ele>463</ele>
        <time>2025-05-30T23:06:05Z</time>
        <cmt>speed: 0.9</cmt>
      </trkpt>
      <trkpt lat="47.358352" lon="8.565014">
        <ele>459</ele>
        <time>2025-05-30T23:16:05Z</time>
        <cmt>speed: 4.1</cmt>
      </trkpt>
      <trkpt lat="47.358306" lon="8.564824">
        <ele>445</ele>
        <time>2025-05-30T23:26:07Z</time>
        <cmt>speed: 0.7</cmt>
      </trkpt>
      <trkpt lat="47.358936" lon="8.563327">
        <ele>437</ele>
        <time>2025-05-30T23:36:05Z</time>
        <cmt>speed: 0.0</cmt>
      </trkpt>
      <trkpt lat="47.359587" lon="8.560884">
        <ele>439</ele>
        <time>2025-05-30T23:46:12Z</time>
        <cmt>speed: 1.7</cmt>
      </trkpt>
      <trkpt lat="47.360171" lon="8.561306">
        <ele>418</ele>
        <time>2025-05-30T23:56:06Z</time>
        <cmt>speed: 0.6</cmt>
      </trkpt>
      <trkpt lat="47.358139" lon="8.562588">
        <ele>437</ele>
        <time>2025-05-31T00:06:06Z</time>
        <cmt>speed: 2.1</cmt>
      </trkpt>
      <trkpt lat="47.35795" lon="8.563026">
        <ele>443</ele>
        <time>2025-05-31T00:16:05Z</time>
        <cmt>speed: 0.8</cmt>
      </trkpt>
      <trkpt lat="47.357871" lon="8.563062">
        <ele>437</ele>
        <time>2025-05-31T00:26:05Z</time>
        <cmt>speed: 0.3</cmt>
      </trkpt>
      <trkpt lat="47.357871" lon="8.563062">
        <ele>437</ele>
        <time>2025-05-31T00:36:05Z</time>
      </trkpt>
      <trkpt lat="47.357723" lon="8.563118">
        <ele>430</ele>
        <time>2025-05-31T00:36:06Z</time>
        <cmt>speed: 0.1</cmt>
      </trkpt>
      <trkpt lat="47.358993" lon="8.561939">
        <ele>433</ele>
        <time>2025-05-31T00:56:04Z</time>
        <cmt>speed: 0.4</cmt>
      </trkpt>
      <trkpt lat="47.358982" lon="8.561867">
        <ele>478</ele>
        <time>2025-05-31T01:06:07Z</time>
        <cmt>speed: 0.0</cmt>
      </trkpt>
      <trkpt lat="47.359418" lon="8.563732">
        <ele>437</ele>
        <time>2025-05-31T01:16:07Z</time>
        <cmt>speed: 2.2</cmt>
      </trkpt>
      <trkpt lat="47.358877" lon="8.564403">
        <ele>436</ele>
        <time>2025-05-31T01:26:05Z</time>
        <cmt>speed: 1.0</cmt>
      </trkpt>
      <trkpt lat="47.358877" lon="8.564403">
        <ele>436</ele>
        <time>2025-05-31T01:36:05Z</time>
      </trkpt>
      <trkpt lat="47.358949" lon="8.564421">
        <ele>434</ele>
        <time>2025-05-31T01:36:06Z</time>
        <cmt>speed: 0.1</cmt>
      </trkpt>
      <trkpt lat="47.358864" lon="8.564367">
        <ele>435</ele>
        <time>2025-05-31T01:46:06Z</time>
        <cmt>speed: 1.7</cmt>
      </trkpt>
      <trkpt lat="47.358823" lon="8.564838">
        <ele>406</ele>
        <time>2025-05-31T01:56:11Z</time>
        <cmt>speed: 0.2</cmt>
      </trkpt>
      <trkpt lat="47.358228" lon="8.564642">
        <ele>422</ele>
        <time>2025-05-31T02:06:10Z</time>
        <cmt>speed: 0.5</cmt>
      </trkpt>
      <trkpt lat="47.35918" lon="8.563492">
        <ele>434</ele>
        <time>2025-05-31T02:16:08Z</time>
        <cmt>speed: 0.1</cmt>
      </trkpt>
      <trkpt lat="47.358296" lon="8.56222">
        <ele>451</ele>
        <time>2025-05-31T02:26:06Z</time>
        <cmt>speed: 1.3</cmt>
      </trkpt>
      <trkpt lat="47.357363" lon="8.56207">
        <ele>460</ele>
        <time>2025-05-31T03:36:17Z</time>
        <cmt>speed: 1.4</cmt>
      </trkpt>
      <trkpt lat="47.357355" lon="8.562118">
        <ele>452</ele>
        <time>2025-05-31T03:46:10Z</time>
        <cmt>speed: 0.1</cmt>
      </trkpt>
      <trkpt lat="47.357406" lon="8.5618">
        <ele>430</ele>
        <time>2025-05-31T03:56:09Z</time>
        <cmt>speed: 0.1</cmt>
      </trkpt>
      <trkpt lat="47.357448" lon="8.561823">
        <ele>445</ele>
        <time>2025-05-31T04:06:10Z</time>
        <cmt>speed: 0.0</cmt>
      </trkpt>
      <trkpt lat="47.3573" lon="8.562112">
        <ele>479</ele>
        <time>2025-05-31T04:16:09Z</time>
        <cmt>speed: 0.5</cmt>
      </trkpt>
      <trkpt lat="47.358518" lon="8.560357">
        <ele>463</ele>
        <time>2025-05-31T04:26:05Z</time>
        <cmt>speed: 1.1</cmt>
      </trkpt>
      <trkpt lat="47.358382" lon="8.562596">
        <ele>463</ele>
        <time>2025-05-31T04:36:09Z</time>
        <cmt>speed: 0.5</cmt>
      </trkpt>
      <trkpt lat="47.358379" lon="8.562515">
        <ele>414</ele>
        <time>2025-05-31T04:46:04Z</time>
        <cmt>speed: 1.6</cmt>
      </trkpt>
      <trkpt lat="47.358759" lon="8.563438">
        <ele>432</ele>
        <time>2025-05-31T04:56:06Z</time>
        <cmt>speed: 0.8</cmt>
      </trkpt>
      <trkpt lat="47.358575" lon="8.564635">
        <ele>447</ele>
        <time>2025-05-31T05:06:12Z</time>
        <cmt>speed: 0.0</cmt>
      </trkpt>
      <trkpt lat="47.358662" lon="8.564657">
        <ele>448</ele>
        <time>2025-05-31T05:16:06Z</time>
        <cmt>speed: 0.2</cmt>
      </trkpt>
      <trkpt lat="47.358557" lon="8.564655">
        <ele>453</ele>
        <time>2025-05-31T05:26:12Z</time>
        <cmt>speed: 0.6</cmt>
      </trkpt>
      <trkpt lat="47.358644" lon="8.564847">
        <ele>433</ele>
        <time>2025-05-31T07:06:51Z</time>
        <cmt>speed: 0.4</cmt>
      </trkpt>
      <trkpt lat="47.358644" lon="8.564847">
        <ele>433</ele>
        <time>2025-05-31T07:09:34Z</time>
      </trkpt>
      <trkpt lat="47.358415" lon="8.563839">
        <ele>461</ele>
        <time>2025-05-31T07:26:16Z</time>
        <cmt>speed: 0.9</cmt>
      </trkpt>
      <trkpt lat="47.358415" lon="8.563839">
        <ele>461</ele>
        <time>2025-05-31T07:29:34Z</time>
      </trkpt>
      <trkpt lat="47.358415" lon="8.563839">
        <ele>461</ele>
        <time>2025-05-31T07:56:22Z</time>
      </trkpt>
      <trkpt lat="47.358548" lon="8.564609">
        <ele>456</ele>
        <time>2025-05-31T07:56:24Z</time>
        <cmt>speed: 0.1</cmt>
      </trkpt>
      <trkpt lat="47.358257" lon="8.564398">
        <ele>453</ele>
        <time>2025-05-31T08:06:23Z</time>
        <cmt>speed: 0.0</cmt>
      </trkpt>
      <trkpt lat="47.358338" lon="8.564785">
        <ele>458</ele>
        <time>2025-05-31T08:16:39Z</time>
        <cmt>speed: 0.0</cmt>
      </trkpt>
      <trkpt lat="47.357972" lon="8.565259">
        <ele>443</ele>
        <time>2025-05-31T08:26:25Z</time>
        <cmt>speed: 0.0</cmt>
      </trkpt>
      <trkpt lat="47.358252" lon="8.564721">
        <ele>465</ele>
        <time>2025-05-31T08:36:07Z</time>
        <cmt>speed: 0.0</cmt>
      </trkpt>
      <trkpt lat="47.358307" lon="8.564679">
        <ele>490</ele>
        <time>2025-05-31T08:46:09Z</time>
        <cmt>speed: 0.4</cmt>
      </trkpt>
      <trkpt lat="47.358206" lon="8.564612">
        <ele>424</ele>
        <time>2025-05-31T08:56:04Z</time>
        <cmt>speed: 0.5</cmt>
      </trkpt>
      <trkpt lat="47.358206" lon="8.564612">
        <ele>424</ele>
        <time>2025-05-31T08:56:04Z</time>
      </trkpt>
      <trkpt lat="47.358204" lon="8.564574">
        <ele>446</ele>
        <time>2025-05-31T09:06:15Z</time>
        <cmt>speed: 0.2</cmt>
      </trkpt>
      <trkpt lat="47.358363" lon="8.564647">
        <ele>486</ele>
        <time>2025-05-31T09:16:31Z</time>
        <cmt>speed: 0.0</cmt>
      </trkpt>
      <trkpt lat="47.358363" lon="8.564647">
        <ele>486</ele>
        <time>2025-05-31T09:16:31Z</time>
      </trkpt>
      <trkpt lat="47.358219" lon="8.565566">
        <ele>439</ele>
        <time>2025-05-31T09:26:06Z</time>
        <cmt>speed: 1.3</cmt>
      </trkpt>
      <trkpt lat="47.359681" lon="8.56494">
        <ele>446</ele>
        <time>2025-05-31T09:36:06Z</time>
        <cmt>speed: 0.8</cmt>
      </trkpt>
      <trkpt lat="47.359974" lon="8.56367">
        <ele>434</ele>
        <time>2025-05-31T09:40:52Z</time>
      </trkpt>
      <trkpt lat="47.359974" lon="8.56367">
        <ele>434</ele>
        <time>2025-05-31T09:50:52Z</time>
      </trkpt>
      <trkpt lat="47.359974" lon="8.56367">
        <ele>434</ele>
        <time>2025-05-31T10:00:52Z</time>
      </trkpt>
      <trkpt lat="47.359974" lon="8.56367">
        <ele>434</ele>
        <time>2025-05-31T10:10:52Z</time>
      </trkpt>
      <trkpt lat="47.359974" lon="8.56367">
        <ele>434</ele>
        <time>2025-05-31T10:20:52Z</time>
      </trkpt>
      <trkpt lat="47.359974" lon="8.56367">
        <ele>434</ele>
        <time>2025-05-31T10:30:52Z</time>
      </trkpt>
      <trkpt lat="47.359974" lon="8.56367">
        <ele>434</ele>
        <time>2025-05-31T10:40:52Z</time>
      </trkpt>
      <trkpt lat="47.359974" lon="8.56367">
        <ele>434</ele>
        <time>2025-05-31T10:50:52Z</time>
      </trkpt>
      <trkpt lat="47.359974" lon="8.56367">
        <ele>434</ele>
        <time>2025-05-31T11:00:52Z</time>
      </trkpt>
      <trkpt lat="47.359974" lon="8.56367">
        <ele>434</ele>
        <time>2025-05-31T11:10:52Z</time>
      </trkpt>
      <trkpt lat="47.359974" lon="8.56367">
        <ele>434</ele>
        <time>2025-05-31T11:20:52Z</time>
      </trkpt>
      <trkpt lat="47.359974" lon="8.56367">
        <ele>434</ele>
        <time>2025-05-31T11:30:52Z</time>
      </trkpt>
      <trkpt lat="47.359974" lon="8.56367">
        <ele>434</ele>
        <time>2025-05-31T11:36:10Z</time>
      </trkpt>
      <trkpt lat="47.359974" lon="8.56367">
        <ele>434</ele>
        <time>2025-05-31T11:51:08Z</time>
      </trkpt>
      <trkpt lat="47.359974" lon="8.56367">
        <ele>434</ele>
        <time>2025-05-31T12:03:09Z</time>
      </trkpt>
      <trkpt lat="47.35978" lon="8.563472">
        <ele>451</ele>
        <time>2025-05-31T12:04:00Z</time>
        <cmt>speed: 1.2</cmt>
      </trkpt>
      <trkpt lat="47.359959" lon="8.563643">
        <ele>434</ele>
        <time>2025-05-31T12:05:39Z</time>
      </trkpt>
      <trkpt lat="47.359974" lon="8.56367">
        <ele>434</ele>
        <time>2025-05-31T12:18:32Z</time>
      </trkpt>
      <trkpt lat="47.359794" lon="8.563252">
        <ele>433</ele>
        <time>2025-05-31T12:18:37Z</time>
        <cmt>speed: 0.2</cmt>
      </trkpt>
      <trkpt lat="47.359867" lon="8.562606">
        <ele>441</ele>
        <time>2025-05-31T12:28:36Z</time>
        <cmt>speed: 1.9</cmt>
      </trkpt>
      <trkpt lat="47.359959" lon="8.563643">
        <ele>434</ele>
        <time>2025-05-31T12:38:37Z</time>
      </trkpt>
      <trkpt lat="47.359959" lon="8.563643">
        <ele>434</ele>
        <time>2025-05-31T12:51:28Z</time>
      </trkpt>
      <trkpt lat="47.360198" lon="8.563487">
        <ele>468</ele>
        <time>2025-05-31T12:51:38Z</time>
        <cmt>speed: 0.0</cmt>
      </trkpt>
      <trkpt lat="47.359974" lon="8.56367">
        <ele>434</ele>
        <time>2025-05-31T12:53:58Z</time>
      </trkpt>
      <trkpt lat="47.359343" lon="8.563802">
        <ele>416</ele>
        <time>2025-05-31T13:01:39Z</time>
        <cmt>speed: 0.0</cmt>
      </trkpt>
      <trkpt lat="47.358798" lon="8.564079">
        <ele>471</ele>
        <time>2025-05-31T13:11:32Z</time>
        <cmt>speed: 0.4</cmt>
      </trkpt>
      <trkpt lat="47.35888" lon="8.564182">
        <ele>458</ele>
        <time>2025-05-31T13:31:37Z</time>
        <cmt>speed: 0.7</cmt>
      </trkpt>
      <trkpt lat="47.35888" lon="8.564182">
        <ele>458</ele>
        <time>2025-05-31T14:21:41Z</time>
      </trkpt>
      <trkpt lat="47.359104" lon="8.564096">
        <ele>462</ele>
        <time>2025-05-31T14:21:42Z</time>
        <cmt>speed: 0.0</cmt>
      </trkpt>
      <trkpt lat="47.358765" lon="8.564294">
        <ele>471</ele>
        <time>2025-05-31T14:42:43Z</time>
        <cmt>speed: 0.3</cmt>
      </trkpt>
      <trkpt lat="47.358922" lon="8.564117">
        <ele>446</ele>
        <time>2025-05-31T14:52:49Z</time>
        <cmt>speed: 0.2</cmt>
      </trkpt>
      <trkpt lat="47.358922" lon="8.564117">
        <ele>446</ele>
        <time>2025-05-31T15:03:06Z</time>
      </trkpt>
      <trkpt lat="47.358727" lon="8.564098">
        <ele>502</ele>
        <time>2025-05-31T15:03:07Z</time>
        <cmt>speed: 0.3</cmt>
      </trkpt>
      <trkpt lat="47.358821" lon="8.564238">
        <ele>455</ele>
        <time>2025-05-31T15:34:13Z</time>
        <cmt>speed: 0.5</cmt>
      </trkpt>
      <trkpt lat="47.358821" lon="8.564238">
        <ele>455</ele>
        <time>2025-05-31T15:44:08Z</time>
      </trkpt>
      <trkpt lat="47.358935" lon="8.564004">
        <ele>487</ele>
        <time>2025-05-31T15:44:10Z</time>
        <cmt>speed: 0.4</cmt>
      </trkpt>
      <trkpt lat="47.358935" lon="8.564004">
        <ele>487</ele>
        <time>2025-05-31T16:04:12Z</time>
      </trkpt>
      <trkpt lat="47.359184" lon="8.56376">
        <ele>470</ele>
        <time>2025-05-31T16:04:14Z</time>
        <cmt>speed: 0.2</cmt>
      </trkpt>
      <trkpt lat="47.359015" lon="8.563898">
        <ele>446</ele>
        <time>2025-05-31T16:14:07Z</time>
        <cmt>speed: 0.5</cmt>
      </trkpt>
      <trkpt lat="47.359013" lon="8.564155">
        <ele>405</ele>
        <time>2025-05-31T16:24:08Z</time>
        <cmt>speed: 0.1</cmt>
      </trkpt>
      <trkpt lat="47.359124" lon="8.564051">
        <ele>473</ele>
        <time>2025-05-31T16:34:18Z</time>
        <cmt>speed: 0.4</cmt>
      </trkpt>
      <trkpt lat="47.359124" lon="8.564051">
        <ele>473</ele>
        <time>2025-05-31T16:44:05Z</time>
      </trkpt>
      <trkpt lat="47.358759" lon="8.563724">
        <ele>411</ele>
        <time>2025-05-31T16:44:06Z</time>
        <cmt>speed: 0.8</cmt>
      </trkpt>
      <trkpt lat="47.358592" lon="8.562757">
        <ele>438</ele>
        <time>2025-05-31T16:54:06Z</time>
        <cmt>speed: 1.0</cmt>
      </trkpt>
      <trkpt lat="47.358592" lon="8.562757">
        <ele>438</ele>
        <time>2025-05-31T17:04:04Z</time>
      </trkpt>
      <trkpt lat="47.35862" lon="8.562925">
        <ele>445</ele>
        <time>2025-05-31T17:04:06Z</time>
        <cmt>speed: 0.1</cmt>
      </trkpt>
      <trkpt lat="47.359956" lon="8.563945">
        <ele>443</ele>
        <time>2025-05-31T17:14:07Z</time>
        <cmt>speed: 0.0</cmt>
      </trkpt>
      <trkpt lat="47.359974" lon="8.56367">
        <ele>434</ele>
        <time>2025-05-31T17:17:27Z</time>
      </trkpt>
      <trkpt lat="47.359974" lon="8.56367">
        <ele>434</ele>
        <time>2025-05-31T17:32:26Z</time>
      </trkpt>
      <trkpt lat="47.360182" lon="8.563761">
        <ele>500</ele>
        <time>2025-05-31T17:43:17Z</time>
        <cmt>speed: 1.8</cmt>
      </trkpt>
      <trkpt lat="47.359974" lon="8.56367">
        <ele>434</ele>
        <time>2025-05-31T17:45:33Z</time>
      </trkpt>
      <trkpt lat="47.359793" lon="8.561309">
        <ele>479</ele>
        <time>2025-05-31T18:01:59Z</time>
        <cmt>speed: 0.1</cmt>
      </trkpt>
      <trkpt lat="47.359066" lon="8.561987">
        <ele>472</ele>
        <time>2025-05-31T18:11:57Z</time>
        <cmt>speed: 0.2</cmt>
      </trkpt>
      <trkpt lat="47.358735" lon="8.56231">
        <ele>439</ele>
        <time>2025-05-31T18:21:55Z</time>
        <cmt>speed: 0.4</cmt>
      </trkpt>
      <trkpt lat="47.358543" lon="8.562734">
        <ele>458</ele>
        <time>2025-05-31T18:31:56Z</time>
        <cmt>speed: 0.4</cmt>
      </trkpt>
      <trkpt lat="47.358193" lon="8.563296">
        <ele>434</ele>
        <time>2025-05-31T18:41:56Z</time>
        <cmt>speed: 0.8</cmt>
      </trkpt>
      <trkpt lat="47.358252" lon="8.563206">
        <ele>450</ele>
        <time>2025-05-31T18:51:57Z</time>
        <cmt>speed: 0.2</cmt>
      </trkpt>
      <trkpt lat="47.358238" lon="8.563276">
        <ele>455</ele>
        <time>2025-05-31T19:02:06Z</time>
        <cmt>speed: 0.1</cmt>
      </trkpt>
      <trkpt lat="47.358238" lon="8.563276">
        <ele>455</ele>
        <time>2025-05-31T19:11:54Z</time>
      </trkpt>
      <trkpt lat="47.358214" lon="8.563181">
        <ele>446</ele>
        <time>2025-05-31T19:11:55Z</time>
        <cmt>speed: 0.2</cmt>
      </trkpt>
      <trkpt lat="47.358255" lon="8.563305">
        <ele>445</ele>
        <time>2025-05-31T19:22:00Z</time>
        <cmt>speed: 0.2</cmt>
      </trkpt>
      <trkpt lat="47.360098" lon="8.563098">
        <ele>493</ele>
        <time>2025-05-31T19:31:59Z</time>
        <cmt>speed: 0.1</cmt>
      </trkpt>
      <trkpt lat="47.359974" lon="8.56367">
        <ele>434</ele>
        <time>2025-05-31T19:33:41Z</time>
      </trkpt>
      <trkpt lat="47.359942" lon="8.563446">
        <ele>448</ele>
        <time>2025-05-31T19:42:24Z</time>
        <cmt>speed: 0.3</cmt>
      </trkpt>
      <trkpt lat="47.359959" lon="8.563643">
        <ele>434</ele>
        <time>2025-05-31T19:44:48Z</time>
      </trkpt>
      <trkpt lat="47.359959" lon="8.563643">
        <ele>434</ele>
        <time>2025-05-31T19:59:48Z</time>
      </trkpt>
      <trkpt lat="47.359991" lon="8.56398">
        <ele>437</ele>
        <time>2025-06-01T01:33:51Z</time>
        <cmt>speed: 0.0</cmt>
      </trkpt>
      <trkpt lat="47.358972" lon="8.564044">
        <ele>462</ele>
        <time>2025-06-01T01:43:30Z</time>
        <cmt>speed: 0.4</cmt>
      </trkpt>
      <trkpt lat="47.358955" lon="8.564267">
        <ele>413</ele>
        <time>2025-06-01T01:53:30Z</time>
        <cmt>speed: 0.0</cmt>
      </trkpt>
      <trkpt lat="47.358834" lon="8.564304">
        <ele>454</ele>
        <time>2025-06-01T02:03:28Z</time>
        <cmt>speed: 2.0</cmt>
      </trkpt>
      <trkpt lat="47.358768" lon="8.564803">
        <ele>451</ele>
        <time>2025-06-01T02:13:29Z</time>
        <cmt>speed: 0.0</cmt>
      </trkpt>
      <trkpt lat="47.358524" lon="8.565915">
        <ele>465</ele>
        <time>2025-06-01T02:23:31Z</time>
        <cmt>speed: 0.0</cmt>
      </trkpt>
      <trkpt lat="47.35835" lon="8.565098">
        <ele>437</ele>
        <time>2025-06-01T02:33:30Z</time>
        <cmt>speed: 0.2</cmt>
      </trkpt>
      <trkpt lat="47.358391" lon="8.564851">
        <ele>462</ele>
        <time>2025-06-01T02:43:30Z</time>
        <cmt>speed: 0.4</cmt>
      </trkpt>
      <trkpt lat="47.358433" lon="8.564933">
        <ele>473</ele>
        <time>2025-06-01T02:53:31Z</time>
        <cmt>speed: 0.6</cmt>
      </trkpt>
      <trkpt lat="47.358309" lon="8.564916">
        <ele>466</ele>
        <time>2025-06-01T03:03:29Z</time>
        <cmt>speed: 0.5</cmt>
      </trkpt>
      <trkpt lat="47.358308" lon="8.564042">
        <ele>471</ele>
        <time>2025-06-01T03:13:28Z</time>
        <cmt>speed: 0.6</cmt>
      </trkpt>
      <trkpt lat="47.358117" lon="8.564697">
        <ele>472</ele>
        <time>2025-06-01T03:23:30Z</time>
        <cmt>speed: 0.6</cmt>
      </trkpt>
      <trkpt lat="47.357571" lon="8.564889">
        <ele>459</ele>
        <time>2025-06-01T03:33:28Z</time>
        <cmt>speed: 0.2</cmt>
      </trkpt>
      <trkpt lat="47.358187" lon="8.563959">
        <ele>434</ele>
        <time>2025-06-01T03:43:30Z</time>
        <cmt>speed: 0.3</cmt>
      </trkpt>
      <trkpt lat="47.358165" lon="8.563676">
        <ele>449</ele>
        <time>2025-06-01T03:53:40Z</time>
        <cmt>speed: 0.0</cmt>
      </trkpt>
      <trkpt lat="47.3582" lon="8.563945">
        <ele>455</ele>
        <time>2025-06-01T04:03:30Z</time>
        <cmt>speed: 0.2</cmt>
      </trkpt>
      <trkpt lat="47.358166" lon="8.563903">
        <ele>456</ele>
        <time>2025-06-01T04:13:30Z</time>
        <cmt>speed: 0.2</cmt>
      </trkpt>
      <trkpt lat="47.358073" lon="8.563965">
        <ele>455</ele>
        <time>2025-06-01T04:23:33Z</time>
        <cmt>speed: 0.7</cmt>
      </trkpt>
      <trkpt lat="47.358073" lon="8.563965">
        <ele>455</ele>
        <time>2025-06-01T04:33:25Z</time>
      </trkpt>
      <trkpt lat="47.358053" lon="8.564119">
        <ele>481</ele>
        <time>2025-06-01T04:36:03Z</time>
        <cmt>speed: 1.8</cmt>
      </trkpt>
      <trkpt lat="47.358285" lon="8.56402">
        <ele>471</ele>
        <time>2025-06-01T04:46:17Z</time>
        <cmt>speed: 0.3</cmt>
      </trkpt>
      <trkpt lat="47.358285" lon="8.56402">
        <ele>471</ele>
        <time>2025-06-01T04:56:26Z</time>
      </trkpt>
      <trkpt lat="47.358303" lon="8.563863">
        <ele>454</ele>
        <time>2025-06-01T04:56:30Z</time>
        <cmt>speed: 1.1</cmt>
      </trkpt>
      <trkpt lat="47.358124" lon="8.563911">
        <ele>452</ele>
        <time>2025-06-01T05:26:07Z</time>
        <cmt>speed: 0.4</cmt>
      </trkpt>
      <trkpt lat="47.358124" lon="8.563911">
        <ele>452</ele>
        <time>2025-06-01T05:36:20Z</time>
      </trkpt>
      <trkpt lat="47.35825" lon="8.563985">
        <ele>481</ele>
        <time>2025-06-01T05:36:23Z</time>
        <cmt>speed: 0.2</cmt>
      </trkpt>
      <trkpt lat="47.358094" lon="8.563952">
        <ele>466</ele>
        <time>2025-06-01T05:46:34Z</time>
        <cmt>speed: 0.6</cmt>
      </trkpt>
      <trkpt lat="47.358094" lon="8.563952">
        <ele>466</ele>
        <time>2025-06-01T06:16:05Z</time>
      </trkpt>
      <trkpt lat="47.358139" lon="8.563949">
        <ele>476</ele>
        <time>2025-06-01T06:16:09Z</time>
        <cmt>speed: 0.6</cmt>
      </trkpt>
      <trkpt lat="47.35803" lon="8.563995">
        <ele>431</ele>
        <time>2025-06-01T06:36:03Z</time>
        <cmt>speed: 0.9</cmt>
      </trkpt>
      <trkpt lat="47.358087" lon="8.563939">
        <ele>456</ele>
        <time>2025-06-01T07:16:58Z</time>
        <cmt>speed: 0.2</cmt>
      </trkpt>
      <trkpt lat="47.358093" lon="8.564021">
        <ele>450</ele>
        <time>2025-06-01T07:26:59Z</time>
        <cmt>speed: 0.1</cmt>
      </trkpt>
      <trkpt lat="47.358093" lon="8.564021">
        <ele>450</ele>
        <time>2025-06-01T07:37:08Z</time>
      </trkpt>
      <trkpt lat="47.358164" lon="8.563935">
        <ele>455</ele>
        <time>2025-06-01T07:37:12Z</time>
        <cmt>speed: 0.0</cmt>
      </trkpt>
      <trkpt lat="47.358164" lon="8.563935">
        <ele>455</ele>
        <time>2025-06-01T07:56:59Z</time>
      </trkpt>
      <trkpt lat="47.358091" lon="8.563934">
        <ele>452</ele>
        <time>2025-06-01T07:57:03Z</time>
        <cmt>speed: 0.5</cmt>
      </trkpt>
      <trkpt lat="47.358091" lon="8.563934">
        <ele>452</ele>
        <time>2025-06-01T08:17:01Z</time>
      </trkpt>
      <trkpt lat="47.358074" lon="8.563835">
        <ele>429</ele>
        <time>2025-06-01T08:17:05Z</time>
        <cmt>speed: 0.0</cmt>
      </trkpt>
      <trkpt lat="47.358042" lon="8.563894">
        <ele>452</ele>
        <time>2025-06-01T08:26:58Z</time>
        <cmt>speed: 0.7</cmt>
      </trkpt>
      <trkpt lat="47.358042" lon="8.563894">
        <ele>452</ele>
        <time>2025-06-01T08:36:56Z</time>
      </trkpt>
      <trkpt lat="47.358211" lon="8.564154">
        <ele>476</ele>
        <time>2025-06-01T08:37:00Z</time>
        <cmt>speed: 0.1</cmt>
      </trkpt>
      <trkpt lat="47.358819" lon="8.563445">
        <ele>444</ele>
        <time>2025-06-01T08:46:58Z</time>
        <cmt>speed: 0.2</cmt>
      </trkpt>
      <trkpt lat="47.358398" lon="8.562237">
        <ele>420</ele>
        <time>2025-06-01T08:56:59Z</time>
        <cmt>speed: 1.5</cmt>
      </trkpt>
      <trkpt lat="47.359026" lon="8.560399">
        <ele>424</ele>
        <time>2025-06-01T09:07:00Z</time>
        <cmt>speed: 0.2</cmt>
      </trkpt>
      <trkpt lat="47.359259" lon="8.559499">
        <ele>418</ele>
        <time>2025-06-01T09:17:01Z</time>
        <cmt>speed: 0.5</cmt>
      </trkpt>
      <trkpt lat="47.359222" lon="8.559656">
        <ele>443</ele>
        <time>2025-06-01T09:27:24Z</time>
        <cmt>speed: 0.3</cmt>
      </trkpt>
      <trkpt lat="47.359103" lon="8.559624">
        <ele>436</ele>
        <time>2025-06-01T09:47:01Z</time>
        <cmt>speed: 0.5</cmt>
      </trkpt>
      <trkpt lat="47.359103" lon="8.559624">
        <ele>436</ele>
        <time>2025-06-01T09:57:01Z</time>
      </trkpt>
      <trkpt lat="47.358942" lon="8.559631">
        <ele>490</ele>
        <time>2025-06-01T09:57:05Z</time>
        <cmt>speed: 1.3</cmt>
      </trkpt>
      <trkpt lat="47.359309" lon="8.559764">
        <ele>435</ele>
        <time>2025-06-01T10:07:04Z</time>
        <cmt>speed: 0.0</cmt>
      </trkpt>
      <trkpt lat="47.359309" lon="8.559764">
        <ele>435</ele>
        <time>2025-06-01T10:17:06Z</time>
      </trkpt>
      <trkpt lat="47.359283" lon="8.559633">
        <ele>435</ele>
        <time>2025-06-01T10:17:11Z</time>
        <cmt>speed: 0.3</cmt>
      </trkpt>
      <trkpt lat="47.359283" lon="8.559633">
        <ele>435</ele>
        <time>2025-06-01T10:37:05Z</time>
      </trkpt>
      <trkpt lat="47.359274" lon="8.559664">
        <ele>433</ele>
        <time>2025-06-01T10:37:10Z</time>
        <cmt>speed: 0.0</cmt>
      </trkpt>
      <trkpt lat="47.359427" lon="8.559699">
        <ele>407</ele>
        <time>2025-06-01T10:47:01Z</time>
        <cmt>speed: 0.0</cmt>
      </trkpt>
      <trkpt lat="47.359032" lon="8.558669">
        <ele>412</ele>
        <time>2025-06-01T10:57:02Z</time>
        <cmt>speed: 0.3</cmt>
      </trkpt>
      <trkpt lat="47.358601" lon="8.559539">
        <ele>417</ele>
        <time>2025-06-01T11:07:00Z</time>
        <cmt>speed: 0.1</cmt>
      </trkpt>
      <trkpt lat="47.358601" lon="8.559539">
        <ele>417</ele>
        <time>2025-06-01T11:17:04Z</time>
      </trkpt>
      <trkpt lat="47.357808" lon="8.560352">
        <ele>415</ele>
        <time>2025-06-01T11:17:08Z</time>
        <cmt>speed: 0.2</cmt>
      </trkpt>
      <trkpt lat="47.357747" lon="8.560887">
        <ele>432</ele>
        <time>2025-06-01T11:27:00Z</time>
        <cmt>speed: 0.2</cmt>
      </trkpt>
      <trkpt lat="47.357565" lon="8.56216">
        <ele>439</ele>
        <time>2025-06-01T11:37:01Z</time>
        <cmt>speed: 0.4</cmt>
      </trkpt>
      <trkpt lat="47.358162" lon="8.562513">
        <ele>434</ele>
        <time>2025-06-01T11:47:11Z</time>
        <cmt>speed: 0.1</cmt>
      </trkpt>
      <trkpt lat="47.357725" lon="8.562538">
        <ele>448</ele>
        <time>2025-06-01T12:27:11Z</time>
        <cmt>speed: 0.1</cmt>
      </trkpt>
      <trkpt lat="47.357725" lon="8.562538">
        <ele>448</ele>
        <time>2025-06-01T12:37:41Z</time>
      </trkpt>
      <trkpt lat="47.357918" lon="8.562718">
        <ele>460</ele>
        <time>2025-06-01T12:37:46Z</time>
        <cmt>speed: 1.0</cmt>
      </trkpt>
      <trkpt lat="47.357929" lon="8.562023">
        <ele>389</ele>
        <time>2025-06-01T13:17:22Z</time>
        <cmt>speed: 0.6</cmt>
      </trkpt>
      <trkpt lat="47.358338" lon="8.562483">
        <ele>394</ele>
        <time>2025-06-01T13:27:19Z</time>
        <cmt>speed: 0.3</cmt>
      </trkpt>
      <trkpt lat="47.358348" lon="8.56267">
        <ele>446</ele>
        <time>2025-06-01T13:37:18Z</time>
        <cmt>speed: 0.1</cmt>
      </trkpt>
      <trkpt lat="47.358244" lon="8.562632">
        <ele>430</ele>
        <time>2025-06-01T13:47:22Z</time>
        <cmt>speed: 0.0</cmt>
      </trkpt>
      <trkpt lat="47.358244" lon="8.562632">
        <ele>430</ele>
        <time>2025-06-01T13:57:14Z</time>
      </trkpt>
      <trkpt lat="47.358268" lon="8.562595">
        <ele>433</ele>
        <time>2025-06-01T13:57:19Z</time>
        <cmt>speed: 1.7</cmt>
      </trkpt>
      <trkpt lat="47.35824" lon="8.562555">
        <ele>429</ele>
        <time>2025-06-01T14:07:19Z</time>
        <cmt>speed: 0.1</cmt>
      </trkpt>
      <trkpt lat="47.35824" lon="8.562555">
        <ele>429</ele>
        <time>2025-06-01T14:17:19Z</time>
      </trkpt>
      <trkpt lat="47.358297" lon="8.562722">
        <ele>472</ele>
        <time>2025-06-01T14:17:24Z</time>
        <cmt>speed: 0.2</cmt>
      </trkpt>
      <trkpt lat="47.358332" lon="8.563055">
        <ele>465</ele>
        <time>2025-06-01T14:27:28Z</time>
        <cmt>speed: 0.1</cmt>
      </trkpt>
      <trkpt lat="47.358332" lon="8.563055">
        <ele>465</ele>
        <time>2025-06-01T14:37:19Z</time>
      </trkpt>
      <trkpt lat="47.35829" lon="8.562662">
        <ele>447</ele>
        <time>2025-06-01T14:37:24Z</time>
        <cmt>speed: 0.1</cmt>
      </trkpt>
      <trkpt lat="47.358103" lon="8.562431">
        <ele>435</ele>
        <time>2025-06-01T14:47:22Z</time>
        <cmt>speed: 0.0</cmt>
      </trkpt>
      <trkpt lat="47.358336" lon="8.562564">
        <ele>443</ele>
        <time>2025-06-01T14:57:21Z</time>
        <cmt>speed: 0.3</cmt>
      </trkpt>
      <trkpt lat="47.358257" lon="8.56277">
        <ele>441</ele>
        <time>2025-06-01T15:07:23Z</time>
        <cmt>speed: 0.1</cmt>
      </trkpt>
      <trkpt lat="47.358257" lon="8.56277">
        <ele>441</ele>
        <time>2025-06-01T15:13:25Z</time>
      </trkpt>
      <trkpt lat="47.358345" lon="8.562513">
        <ele>436</ele>
        <time>2025-06-01T15:17:25Z</time>
        <cmt>speed: 0.3</cmt>
      </trkpt>
      <trkpt lat="47.358227" lon="8.562603">
        <ele>388</ele>
        <time>2025-06-01T15:27:20Z</time>
        <cmt>speed: 0.9</cmt>
      </trkpt>
      <trkpt lat="47.358298" lon="8.562533">
        <ele>442</ele>
        <time>2025-06-01T15:37:20Z</time>
        <cmt>speed: 0.1</cmt>
      </trkpt>
      <trkpt lat="47.358688" lon="8.562927">
        <ele>454</ele>
        <time>2025-06-01T15:47:19Z</time>
        <cmt>speed: 0.1</cmt>
      </trkpt>
      <trkpt lat="47.358855" lon="8.563347">
        <ele>470</ele>
        <time>2025-06-01T15:57:19Z</time>
        <cmt>speed: 0.4</cmt>
      </trkpt>
      <trkpt lat="47.358248" lon="8.564442">
        <ele>436</ele>
        <time>2025-06-01T16:07:18Z</time>
        <cmt>speed: 0.1</cmt>
      </trkpt>
      <trkpt lat="47.358248" lon="8.564442">
        <ele>436</ele>
        <time>2025-06-01T16:17:14Z</time>
      </trkpt>
      <trkpt lat="47.358008" lon="8.564318">
        <ele>461</ele>
        <time>2025-06-01T16:17:19Z</time>
        <cmt>speed: 0.3</cmt>
      </trkpt>
      <trkpt lat="47.357846" lon="8.564134">
        <ele>465</ele>
        <time>2025-06-01T16:27:19Z</time>
        <cmt>speed: 0.5</cmt>
      </trkpt>
      <trkpt lat="47.357183" lon="8.563918">
        <ele>474</ele>
        <time>2025-06-01T16:37:20Z</time>
        <cmt>speed: 0.0</cmt>
      </trkpt>
      <trkpt lat="47.357328" lon="8.56398">
        <ele>464</ele>
        <time>2025-06-01T16:47:20Z</time>
        <cmt>speed: 0.1</cmt>
      </trkpt>
      <trkpt lat="47.357166" lon="8.563749">
        <ele>474</ele>
        <time>2025-06-01T16:57:19Z</time>
        <cmt>speed: 0.4</cmt>
      </trkpt>
      <trkpt lat="47.357263" lon="8.56443">
        <ele>463</ele>
        <time>2025-06-01T17:07:19Z</time>
        <cmt>speed: 0.3</cmt>
      </trkpt>
      <trkpt lat="47.357263" lon="8.56443">
        <ele>463</ele>
        <time>2025-06-01T17:17:13Z</time>
      </trkpt>
      <trkpt lat="47.357323" lon="8.564443">
        <ele>470</ele>
        <time>2025-06-01T17:17:19Z</time>
        <cmt>speed: 0.2</cmt>
      </trkpt>
      <trkpt lat="47.357618" lon="8.564004">
        <ele>445</ele>
        <time>2025-06-01T17:24:38Z</time>
        <cmt>speed: 0.1</cmt>
      </trkpt>
      <trkpt lat="47.357601" lon="8.564008">
        <ele>448</ele>
        <time>2025-06-01T17:24:42Z</time>
        <cmt>speed: 0.1</cmt>
      </trkpt>
      <trkpt lat="47.357603" lon="8.564009">
        <ele>449</ele>
        <time>2025-06-01T17:24:46Z</time>
        <cmt>speed: 0.0</cmt>
      </trkpt>
      <trkpt lat="47.357603" lon="8.564009">
        <ele>449</ele>
        <time>2025-06-01T17:24:50Z</time>
        <cmt>speed: 0.0</cmt>
      </trkpt>
      <trkpt lat="47.357606" lon="8.563928">
        <ele>444</ele>
        <time>2025-06-01T17:27:26Z</time>
        <cmt>speed: 0.3</cmt>
      </trkpt>
      <trkpt lat="47.357737" lon="8.564259">
        <ele>451</ele>
        <time>2025-06-01T17:37:23Z</time>
        <cmt>speed: 0.1</cmt>
      </trkpt>
      <trkpt lat="47.357737" lon="8.564259">
        <ele>451</ele>
        <time>2025-06-01T17:47:14Z</time>
      </trkpt>
      <trkpt lat="47.357565" lon="8.564101">
        <ele>449</ele>
        <time>2025-06-01T17:47:19Z</time>
        <cmt>speed: 0.0</cmt>
      </trkpt>
      <trkpt lat="47.357586" lon="8.563968">
        <ele>452</ele>
        <time>2025-06-01T17:57:20Z</time>
        <cmt>speed: 0.1</cmt>
      </trkpt>
      <trkpt lat="47.357382" lon="8.56401">
        <ele>450</ele>
        <time>2025-06-01T18:07:19Z</time>
        <cmt>speed: 0.2</cmt>
      </trkpt>
      <trkpt lat="47.357269" lon="8.563935">
        <ele>449</ele>
        <time>2025-06-01T18:17:20Z</time>
        <cmt>speed: 1.2</cmt>
      </trkpt>
      <trkpt lat="47.357863" lon="8.565513">
        <ele>454</ele>
        <time>2025-06-01T18:27:21Z</time>
        <cmt>speed: 0.3</cmt>
      </trkpt>
      <trkpt lat="47.357598" lon="8.565722">
        <ele>445</ele>
        <time>2025-06-01T18:37:20Z</time>
        <cmt>speed: 0.0</cmt>
      </trkpt>
      <trkpt lat="47.35787" lon="8.565525">
        <ele>463</ele>
        <time>2025-06-01T18:47:09Z</time>
        <cmt>speed: 0.3</cmt>
      </trkpt>
      <trkpt lat="47.357808" lon="8.565545">
        <ele>457</ele>
        <time>2025-06-01T18:47:13Z</time>
        <cmt>speed: 0.0</cmt>
      </trkpt>
      <trkpt lat="47.357812" lon="8.565548">
        <ele>457</ele>
        <time>2025-06-01T18:47:17Z</time>
        <cmt>speed: 0.0</cmt>
      </trkpt>
      <trkpt lat="47.357914" lon="8.565358">
        <ele>433</ele>
        <time>2025-06-01T18:47:58Z</time>
        <cmt>speed: 1.5</cmt>
      </trkpt>
      <trkpt lat="47.360017" lon="8.563584">
        <ele>446</ele>
        <time>2025-06-01T18:58:03Z</time>
        <cmt>speed: 0.4</cmt>
      </trkpt>
      <trkpt lat="47.359959" lon="8.563643">
        <ele>434</ele>
        <time>2025-06-01T19:04:54Z</time>
      </trkpt>
      <trkpt lat="47.359959" lon="8.563643">
        <ele>434</ele>
        <time>2025-06-01T19:19:54Z</time>
      </trkpt>
      <trkpt lat="47.359517" lon="8.564035">
        <ele>466</ele>
        <time>2025-06-02T03:02:43Z</time>
        <cmt>speed: 0.0</cmt>
      </trkpt>
      <trkpt lat="47.359075" lon="8.564088">
        <ele>435</ele>
        <time>2025-06-02T03:12:14Z</time>
        <cmt>speed: 0.3</cmt>
      </trkpt>
      <trkpt lat="47.358365" lon="8.564748">
        <ele>454</ele>
        <time>2025-06-02T03:22:14Z</time>
        <cmt>speed: 0.2</cmt>
      </trkpt>
      <trkpt lat="47.357796" lon="8.564664">
        <ele>455</ele>
        <time>2025-06-02T03:32:14Z</time>
        <cmt>speed: 0.6</cmt>
      </trkpt>
      <trkpt lat="47.357436" lon="8.564214">
        <ele>474</ele>
        <time>2025-06-02T03:42:13Z</time>
        <cmt>speed: 0.3</cmt>
      </trkpt>
      <trkpt lat="47.357428" lon="8.563955">
        <ele>457</ele>
        <time>2025-06-02T03:52:21Z</time>
        <cmt>speed: 0.7</cmt>
      </trkpt>
      <trkpt lat="47.357682" lon="8.563684">
        <ele>477</ele>
        <time>2025-06-02T04:02:14Z</time>
        <cmt>speed: 0.6</cmt>
      </trkpt>
      <trkpt lat="47.357791" lon="8.563727">
        <ele>442</ele>
        <time>2025-06-02T04:12:13Z</time>
        <cmt>speed: 2.5</cmt>
      </trkpt>
      <trkpt lat="47.357767" lon="8.563786">
        <ele>449</ele>
        <time>2025-06-02T04:22:14Z</time>
        <cmt>speed: 0.0</cmt>
      </trkpt>
      <trkpt lat="47.358277" lon="8.564287">
        <ele>455</ele>
        <time>2025-06-02T04:32:14Z</time>
        <cmt>speed: 0.1</cmt>
      </trkpt>
      <trkpt lat="47.359463" lon="8.56384">
        <ele>414</ele>
        <time>2025-06-02T04:42:15Z</time>
        <cmt>speed: 0.2</cmt>
      </trkpt>
      <trkpt lat="47.359959" lon="8.563643">
        <ele>434</ele>
        <time>2025-06-02T04:50:58Z</time>
      </trkpt>
      <trkpt lat="47.359959" lon="8.563643">
        <ele>434</ele>
        <time>2025-06-02T05:05:58Z</time>
      </trkpt>
      <trkpt lat="47.359959" lon="8.563643">
        <ele>434</ele>
        <time>2025-06-02T13:27:35Z</time>
      </trkpt>
      <trkpt lat="47.360044" lon="8.563456">
        <ele>391</ele>
        <time>2025-06-02T13:28:13Z</time>
        <cmt>speed: 0.1</cmt>
      </trkpt>
      <trkpt lat="47.360574" lon="8.561927">
        <ele>477</ele>
        <time>2025-06-02T13:37:55Z</time>
        <cmt>speed: 0.1</cmt>
      </trkpt>
      <trkpt lat="47.359138" lon="8.561814">
        <ele>453</ele>
        <time>2025-06-02T13:47:49Z</time>
        <cmt>speed: 0.5</cmt>
      </trkpt>
      <trkpt lat="47.359399" lon="8.561755">
        <ele>405</ele>
        <time>2025-06-02T13:57:48Z</time>
        <cmt>speed: 1.6</cmt>
      </trkpt>
      <trkpt lat="47.359399" lon="8.561755">
        <ele>405</ele>
        <time>2025-06-02T14:07:40Z</time>
      </trkpt>
      <trkpt lat="47.358829" lon="8.562444">
        <ele>430</ele>
        <time>2025-06-02T14:07:47Z</time>
        <cmt>speed: 0.0</cmt>
      </trkpt>
      <trkpt lat="47.358853" lon="8.562378">
        <ele>432</ele>
        <time>2025-06-02T14:17:48Z</time>
        <cmt>speed: 0.0</cmt>
      </trkpt>
      <trkpt lat="47.358861" lon="8.562221">
        <ele>446</ele>
        <time>2025-06-02T14:37:50Z</time>
        <cmt>speed: 0.1</cmt>
      </trkpt>
      <trkpt lat="47.358861" lon="8.562221">
        <ele>446</ele>
        <time>2025-06-02T14:47:40Z</time>
      </trkpt>
      <trkpt lat="47.358759" lon="8.562056">
        <ele>433</ele>
        <time>2025-06-02T14:48:04Z</time>
        <cmt>speed: 1.2</cmt>
      </trkpt>
      <trkpt lat="47.358759" lon="8.562056">
        <ele>433</ele>
        <time>2025-06-02T15:08:26Z</time>
      </trkpt>
      <trkpt lat="47.358998" lon="8.562488">
        <ele>434</ele>
        <time>2025-06-02T15:08:35Z</time>
        <cmt>speed: 0.5</cmt>
      </trkpt>
      <trkpt lat="47.358773" lon="8.562183">
        <ele>430</ele>
        <time>2025-06-02T15:18:06Z</time>
        <cmt>speed: 0.2</cmt>
      </trkpt>
      <trkpt lat="47.358805" lon="8.562192">
        <ele>461</ele>
        <time>2025-06-02T15:28:03Z</time>
        <cmt>speed: 0.1</cmt>
      </trkpt>
      <trkpt lat="47.359227" lon="8.563185">
        <ele>415</ele>
        <time>2025-06-02T15:38:03Z</time>
        <cmt>speed: 0.8</cmt>
      </trkpt>
      <trkpt lat="47.358807" lon="8.563489">
        <ele>440</ele>
        <time>2025-06-02T15:48:04Z</time>
        <cmt>speed: 0.5</cmt>
      </trkpt>
      <trkpt lat="47.358377" lon="8.564787">
        <ele>438</ele>
        <time>2025-06-02T15:58:04Z</time>
        <cmt>speed: 1.1</cmt>
      </trkpt>
      <trkpt lat="47.357789" lon="8.564777">
        <ele>448</ele>
        <time>2025-06-02T16:08:03Z</time>
        <cmt>speed: 0.0</cmt>
      </trkpt>
      <trkpt lat="47.357854" lon="8.564738">
        <ele>454</ele>
        <time>2025-06-02T16:18:04Z</time>
        <cmt>speed: 0.1</cmt>
      </trkpt>
      <trkpt lat="47.357878" lon="8.564805">
        <ele>457</ele>
        <time>2025-06-02T16:28:03Z</time>
        <cmt>speed: 0.0</cmt>
      </trkpt>
      <trkpt lat="47.357821" lon="8.564801">
        <ele>460</ele>
        <time>2025-06-02T16:38:04Z</time>
        <cmt>speed: 0.0</cmt>
      </trkpt>
      <trkpt lat="47.357655" lon="8.565206">
        <ele>485</ele>
        <time>2025-06-02T16:48:02Z</time>
        <cmt>speed: 0.6</cmt>
      </trkpt>
      <trkpt lat="47.357503" lon="8.564466">
        <ele>429</ele>
        <time>2025-06-02T16:58:05Z</time>
        <cmt>speed: 0.4</cmt>
      </trkpt>
      <trkpt lat="47.357503" lon="8.564466">
        <ele>429</ele>
        <time>2025-06-02T17:07:53Z</time>
      </trkpt>
      <trkpt lat="47.357466" lon="8.564472">
        <ele>454</ele>
        <time>2025-06-02T17:08:02Z</time>
        <cmt>speed: 0.1</cmt>
      </trkpt>
      <trkpt lat="47.357461" lon="8.564406">
        <ele>436</ele>
        <time>2025-06-02T17:18:04Z</time>
        <cmt>speed: 0.3</cmt>
      </trkpt>
      <trkpt lat="47.357567" lon="8.564053">
        <ele>450</ele>
        <time>2025-06-02T17:28:04Z</time>
        <cmt>speed: 0.9</cmt>
      </trkpt>
      <trkpt lat="47.357549" lon="8.564087">
        <ele>440</ele>
        <time>2025-06-02T17:38:04Z</time>
        <cmt>speed: 0.1</cmt>
      </trkpt>
      <trkpt lat="47.357513" lon="8.564114">
        <ele>468</ele>
        <time>2025-06-02T17:48:03Z</time>
        <cmt>speed: 1.7</cmt>
      </trkpt>
      <trkpt lat="47.357531" lon="8.563834">
        <ele>458</ele>
        <time>2025-06-02T17:58:02Z</time>
        <cmt>speed: 1.0</cmt>
      </trkpt>
      <trkpt lat="47.357531" lon="8.563834">
        <ele>458</ele>
        <time>2025-06-02T18:07:55Z</time>
      </trkpt>
      <trkpt lat="47.357624" lon="8.563893">
        <ele>476</ele>
        <time>2025-06-02T18:08:04Z</time>
        <cmt>speed: 0.1</cmt>
      </trkpt>
      <trkpt lat="47.357549" lon="8.564059">
        <ele>456</ele>
        <time>2025-06-02T18:18:05Z</time>
        <cmt>speed: 0.0</cmt>
      </trkpt>
      <trkpt lat="47.358766" lon="8.563974">
        <ele>460</ele>
        <time>2025-06-02T18:28:12Z</time>
        <cmt>speed: 1.0</cmt>
      </trkpt>
      <trkpt lat="47.359974" lon="8.56367">
        <ele>434</ele>
        <time>2025-06-02T18:36:21Z</time>
      </trkpt>
      <trkpt lat="47.359974" lon="8.56367">
        <ele>434</ele>
        <time>2025-06-02T18:51:20Z</time>
      </trkpt>
    </trkseg>
  </trk>
</gpx>
